block,start_index,end_index,start_sensor_timestamp_us,end_sensor_timestamp_us,fs_hz,fft_us,peak_hz,peak_magnitude,bin,freq_hz,magnitude
0,60,123,7020080,8549760,41.1850853,2954,1.28703392,0.000461153000,0,0.00000000,1.47124781e-05
0,60,123,7020080,8549760,41.1850853,2954,1.28703392,0.000461153000,1,0.643516958,0.000426119000
0,60,123,7020080,8549760,41.1850853,2954,1.28703392,0.000461153000,2,1.28703392,0.000461153000
0,60,123,7020080,8549760,41.1850853,2954,1.28703392,0.000461153000,3,1.93055081,0.000330598000
0,60,123,7020080,8549760,41.1850853,2954,1.28703392,0.000461153000,4,2.57406783,0.000216505000
0,60,123,7020080,8549760,41.1850853,2954,1.28703392,0.000461153000,5,3.21758485,0.000112239000
0,60,123,7020080,8549760,41.1850853,2954,1.28703392,0.000461153000,6,3.86110163,0.000180690000
0,60,123,7020080,8549760,41.1850853,2954,1.28703392,0.000461153000,7,4.50461864,9.77287841e-05
0,60,123,7020080,8549760,41.1850853,2954,1.28703392,0.000461153000,8,5.14813566,8.00113182e-05
0,60,123,7020080,8549760,41.1850853,2954,1.28703392,0.000461153000,9,5.79165268,0.000145928000
0,60,123,7020080,8549760,41.1850853,2954,1.28703392,0.000461153000,10,6.43516970,6.40063508e-05
0,60,123,7020080,8549760,41.1850853,2954,1.28703392,0.000461153000,11,7.07868671,0.000158077000
0,60,123,7020080,8549760,41.1850853,2954,1.28703392,0.000461153000,12,7.72220325,0.000167058000
0,60,123,7020080,8549760,41.1850853,2954,1.28703392,0.000461153000,13,8.36572075,0.000101427000
0,60,123,7020080,8549760,41.1850853,2954,1.28703392,0.000461153000,14,9.00923729,1.17216640e-05
0,60,123,7020080,8549760,41.1850853,2954,1.28703392,0.000461153000,15,9.65275478,2.87965027e-05
0,60,123,7020080,8549760,41.1850853,2954,1.28703392,0.000461153000,16,10.2962713,3.14027034e-06
0,60,123,7020080,8549760,41.1850853,2954,1.28703392,0.000461153000,17,10.9397879,2.53663726e-05
0,60,123,7020080,8549760,41.1850853,2954,1.28703392,0.000461153000,18,11.5833054,2.18741622e-05
0,60,123,7020080,8549760,41.1850853,2954,1.28703392,0.000461153000,19,12.2268219,7.26204515e-05
0,60,123,7020080,8549760,41.1850853,2954,1.28703392,0.000461153000,20,12.8703394,2.08030230e-05
0,60,123,7020080,8549760,41.1850853,2954,1.28703392,0.000461153000,21,13.5138559,8.11950292e-05
0,60,123,7020080,8549760,41.1850853,2954,1.28703392,0.000461153000,22,14.1573734,2.81710777e-05
0,60,123,7020080,8549760,41.1850853,2954,1.28703392,0.000461153000,23,14.8008900,4.40102624e-05
0,60,123,7020080,8549760,41.1850853,2954,1.28703392,0.000461153000,24,15.4444065,1.59053850e-05
0,60,123,7020080,8549760,41.1850853,2954,1.28703392,0.000461153000,25,16.0879230,3.48289745e-06
0,60,123,7020080,8549760,41.1850853,2954,1.28703392,0.000461153000,26,16.7314415,2.02978060e-05
0,60,123,7020080,8549760,41.1850853,2954,1.28703392,0.000461153000,27,17.3749580,4.21305188e-05
0,60,123,7020080,8549760,41.1850853,2954,1.28703392,0.000461153000,28,18.0184746,3.84167210e-05
0,60,123,7020080,8549760,41.1850853,2954,1.28703392,0.000461153000,29,18.6619911,5.91410817e-05
0,60,123,7020080,8549760,41.1850853,2954,1.28703392,0.000461153000,30,19.3055096,4.82860407e-05
0,60,123,7020080,8549760,41.1850853,2954,1.28703392,0.000461153000,31,19.9490261,3.87120666e-05
0,60,123,7020080,8549760,41.1850853,2954,1.28703392,0.000461153000,32,20.5925426,7.24347092e-06
1,124,187,8574070,10103113,41.2022438,2936,1.93135524,0.000184582000,0,0.00000000,3.23048475e-05
1,124,187,8574070,10103113,41.2022438,2936,1.93135524,0.000184582000,1,0.643785059,7.90627662e-05
1,124,187,8574070,10103113,41.2022438,2936,1.93135524,0.000184582000,2,1.28757012,3.54476173e-05
1,124,187,8574070,10103113,41.2022438,2936,1.93135524,0.000184582000,3,1.93135524,0.000184582000
1,124,187,8574070,10103113,41.2022438,2936,1.93135524,0.000184582000,4,2.57514024,0.000125810000
1,124,187,8574070,10103113,41.2022438,2936,1.93135524,0.000184582000,5,3.21892524,7.04719777e-05
1,124,187,8574070,10103113,41.2022438,2936,1.93135524,0.000184582000,6,3.86271048,1.03989276e-05
1,124,187,8574070,10103113,41.2022438,2936,1.93135524,0.000184582000,7,4.50649548,3.90578492e-05
1,124,187,8574070,10103113,41.2022438,2936,1.93135524,0.000184582000,8,5.15028048,2.72717203e-05
1,124,187,8574070,10103113,41.2022438,2936,1.93135524,0.000184582000,9,5.79406548,8.29601474e-05
1,124,187,8574070,10103113,41.2022438,2936,1.93135524,0.000184582000,10,6.43785048,7.26648567e-05
1,124,187,8574070,10103113,41.2022438,2936,1.93135524,0.000184582000,11,7.08163548,4.27936896e-05
1,124,187,8574070,10103113,41.2022438,2936,1.93135524,0.000184582000,12,7.72542095,1.35793605e-05
1,124,187,8574070,10103113,41.2022438,2936,1.93135524,0.000184582000,13,8.36920547,7.22109024e-05
1,124,187,8574070,10103113,41.2022438,2936,1.93135524,0.000184582000,14,9.01299095,7.01126618e-05
1,124,187,8574070,10103113,41.2022438,2936,1.93135524,0.000184582000,15,9.65677547,2.26682602e-05
1,124,187,8574070,10103113,41.2022438,2936,1.93135524,0.000184582000,16,10.3005610,2.64972073e-06
1,124,187,8574070,10103113,41.2022438,2936,1.93135524,0.000184582000,17,10.9443464,3.37892516e-06
1,124,187,8574070,10103113,41.2022438,2936,1.93135524,0.000184582000,18,11.5881310,2.18731181e-05
1,124,187,8574070,10103113,41.2022438,2936,1.93135524,0.000184582000,19,12.2319164,2.13501532e-05
1,124,187,8574070,10103113,41.2022438,2936,1.93135524,0.000184582000,20,12.8757010,6.78464721e-06
1,124,187,8574070,10103113,41.2022438,2936,1.93135524,0.000184582000,21,13.5194864,8.28426437e-06
1,124,187,8574070,10103113,41.2022438,2936,1.93135524,0.000184582000,22,14.1632710,7.39360303e-06
1,124,187,8574070,10103113,41.2022438,2936,1.93135524,0.000184582000,23,14.8070564,7.71347004e-06
1,124,187,8574070,10103113,41.2022438,2936,1.93135524,0.000184582000,24,15.4508419,1.90237733e-06
1,124,187,8574070,10103113,41.2022438,2936,1.93135524,0.000184582000,25,16.0946274,3.50782602e-06
1,124,187,8574070,10103113,41.2022438,2936,1.93135524,0.000184582000,26,16.7384109,7.92778974e-06
1,124,187,8574070,10103113,41.2022438,2936,1.93135524,0.000184582000,27,17.3821964,8.02960312e-06
1,124,187,8574070,10103113,41.2022438,2936,1.93135524,0.000184582000,28,18.0259819,1.26610446e-05
1,124,187,8574070,10103113,41.2022438,2936,1.93135524,0.000184582000,29,18.6697674,1.34194650e-05
1,124,187,8574070,10103113,41.2022438,2936,1.93135524,0.000184582000,30,19.3135509,1.06463284e-05
1,124,187,8574070,10103113,41.2022438,2936,1.93135524,0.000184582000,31,19.9573364,1.17085963e-05
1,124,187,8574070,10103113,41.2022438,2936,1.93135524,0.000184582000,32,20.6011219,2.03415630e-06
2,188,251,10127405,11657049,41.1860542,2953,3.21766043,0.000127757000,0,0.00000000,4.61175362e-05
2,188,251,10127405,11657049,41.1860542,2953,3.21766043,0.000127757000,1,0.643532097,8.87116026e-05
2,188,251,10127405,11657049,41.1860542,2953,3.21766043,0.000127757000,2,1.28706419,8.86551266e-05
2,188,251,10127405,11657049,41.1860542,2953,3.21766043,0.000127757000,3,1.93059635,0.000125338000
2,188,251,10127405,11657049,41.1860542,2953,3.21766043,0.000127757000,4,2.57412839,5.29496057e-05
2,188,251,10127405,11657049,41.1860542,2953,3.21766043,0.000127757000,5,3.21766043,0.000127757000
2,188,251,10127405,11657049,41.1860542,2953,3.21766043,0.000127757000,6,3.86119270,1.59244971e-05
2,188,251,10127405,11657049,41.1860542,2953,3.21766043,0.000127757000,7,4.50472450,5.61380321e-05
2,188,251,10127405,11657049,41.1860542,2953,3.21766043,0.000127757000,8,5.14825678,1.50407148e-05
2,188,251,10127405,11657049,41.1860542,2953,3.21766043,0.000127757000,9,5.79178905,3.77852079e-05
2,188,251,10127405,11657049,41.1860542,2953,3.21766043,0.000127757000,10,6.43532085,5.75283912e-05
2,188,251,10127405,11657049,41.1860542,2953,3.21766043,0.000127757000,11,7.07885313,7.11668389e-05
2,188,251,10127405,11657049,41.1860542,2953,3.21766043,0.000127757000,12,7.72238541,7.01153466e-05
2,188,251,10127405,11657049,41.1860542,2953,3.21766043,0.000127757000,13,8.36591721,5.97549470e-05
2,188,251,10127405,11657049,41.1860542,2953,3.21766043,0.000127757000,14,9.00944901,3.47003001e-05
2,188,251,10127405,11657049,41.1860542,2953,3.21766043,0.000127757000,15,9.65298176,1.54580446e-05
2,188,251,10127405,11657049,41.1860542,2953,3.21766043,0.000127757000,16,10.2965136,4.36145956e-06
2,188,251,10127405,11657049,41.1860542,2953,3.21766043,0.000127757000,17,10.9400454,1.79904489e-05
2,188,251,10127405,11657049,41.1860542,2953,3.21766043,0.000127757000,18,11.5835781,2.46214419e-05
2,188,251,10127405,11657049,41.1860542,2953,3.21766043,0.000127757000,19,12.2271099,3.43382630e-05
2,188,251,10127405,11657049,41.1860542,2953,3.21766043,0.000127757000,20,12.8706417,7.47342028e-06
2,188,251,10127405,11657049,41.1860542,2953,3.21766043,0.000127757000,21,13.5141745,2.38981444e-05
2,188,251,10127405,11657049,41.1860542,2953,3.21766043,0.000127757000,22,14.1577063,6.04404158e-06
2,188,251,10127405,11657049,41.1860542,2953,3.21766043,0.000127757000,23,14.8012381,7.37295386e-06
2,188,251,10127405,11657049,41.1860542,2953,3.21766043,0.000127757000,24,15.4447708,6.26198971e-06
2,188,251,10127405,11657049,41.1860542,2953,3.21766043,0.000127757000,25,16.0883026,7.64284232e-06
2,188,251,10127405,11657049,41.1860542,2953,3.21766043,0.000127757000,26,16.7318344,1.02722059e-05
2,188,251,10127405,11657049,41.1860542,2953,3.21766043,0.000127757000,27,17.3753662,1.36274510e-05
2,188,251,10127405,11657049,41.1860542,2953,3.21766043,0.000127757000,28,18.0188980,8.26481664e-06
2,188,251,10127405,11657049,41.1860542,2953,3.21766043,0.000127757000,29,18.6624317,6.80155108e-06
2,188,251,10127405,11657049,41.1860542,2953,3.21766043,0.000127757000,30,19.3059635,5.21664788e-06
2,188,251,10127405,11657049,41.1860542,2953,3.21766043,0.000127757000,31,19.9494953,7.76032994e-06
2,188,251,10127405,11657049,41.1860542,2953,3.21766043,0.000127757000,32,20.5930271,1.55457462e-06
3,252,315,11681353,13211023,41.1853523,2914,0.643521130,0.000834118000,0,0.00000000,0.000387402000
3,252,315,11681353,13211023,41.1853523,2914,0.643521130,0.000834118000,1,0.643521130,0.000834118000
3,252,315,11681353,13211023,41.1853523,2914,0.643521130,0.000834118000,2,1.28704226,0.000401687000
3,252,315,11681353,13211023,41.1853523,2914,0.643521130,0.000834118000,3,1.93056345,0.000206753000
3,252,315,11681353,13211023,41.1853523,2914,0.643521130,0.000834118000,4,2.57408452,0.000189457000
3,252,315,11681353,13211023,41.1853523,2914,0.643521130,0.000834118000,5,3.21760559,0.000483103000
3,252,315,11681353,13211023,41.1853523,2914,0.643521130,0.000834118000,6,3.86112690,0.000488083000
3,252,315,11681353,13211023,41.1853523,2914,0.643521130,0.000834118000,7,4.50464773,0.000244617000
3,252,315,11681353,13211023,41.1853523,2914,0.643521130,0.000834118000,8,5.14816904,7.22698740e-05
3,252,315,11681353,13211023,41.1853523,2914,0.643521130,0.000834118000,9,5.79169035,6.33587469e-05
3,252,315,11681353,13211023,41.1853523,2914,0.643521130,0.000834118000,10,6.43521118,7.34256090e-05
3,252,315,11681353,13211023,41.1853523,2914,0.643521130,0.000834118000,11,7.07873249,0.000242178000
3,252,315,11681353,13211023,41.1853523,2914,0.643521130,0.000834118000,12,7.72225380,0.000205581000
3,252,315,11681353,13211023,41.1853523,2914,0.643521130,0.000834118000,13,8.36577511,9.02886737e-05
3,252,315,11681353,13211023,41.1853523,2914,0.643521130,0.000834118000,14,9.00929546,5.98368488e-05
3,252,315,11681353,13211023,41.1853523,2914,0.643521130,0.000834118000,15,9.65281677,5.60358486e-05
3,252,315,11681353,13211023,41.1853523,2914,0.643521130,0.000834118000,16,10.2963381,3.25816650e-05
3,252,315,11681353,13211023,41.1853523,2914,0.643521130,0.000834118000,17,10.9398594,2.75526614e-05
3,252,315,11681353,13211023,41.1853523,2914,0.643521130,0.000834118000,18,11.5833807,4.17710865e-05
3,252,315,11681353,13211023,41.1853523,2914,0.643521130,0.000834118000,19,12.2269011,5.37114639e-05
3,252,315,11681353,13211023,41.1853523,2914,0.643521130,0.000834118000,20,12.8704224,4.21336766e-05
3,252,315,11681353,13211023,41.1853523,2914,0.643521130,0.000834118000,21,13.5139437,5.30577192e-05
3,252,315,11681353,13211023,41.1853523,2914,0.643521130,0.000834118000,22,14.1574650,1.61915138e-05
3,252,315,11681353,13211023,41.1853523,2914,0.643521130,0.000834118000,23,14.8009863,4.02849613e-05
3,252,315,11681353,13211023,41.1853523,2914,0.643521130,0.000834118000,24,15.4445076,5.64159109e-06
3,252,315,11681353,13211023,41.1853523,2914,0.643521130,0.000834118000,25,16.0880280,1.96483758e-05
3,252,315,11681353,13211023,41.1853523,2914,0.643521130,0.000834118000,26,16.7315502,4.22548977e-05
3,252,315,11681353,13211023,41.1853523,2914,0.643521130,0.000834118000,27,17.3750706,4.93957952e-05
3,252,315,11681353,13211023,41.1853523,2914,0.643521130,0.000834118000,28,18.0185909,8.28774925e-05
3,252,315,11681353,13211023,41.1853523,2914,0.643521130,0.000834118000,29,18.6621132,3.79712541e-05
3,252,315,11681353,13211023,41.1853523,2914,0.643521130,0.000834118000,30,19.3056335,2.48345637e-05
3,252,315,11681353,13211023,41.1853523,2914,0.643521130,0.000834118000,31,19.9491558,2.46219985e-05
3,252,315,11681353,13211023,41.1853523,2914,0.643521130,0.000834118000,32,20.5926762,1.55013311e-06
4,316,379,13235294,14764405,41.2004089,2934,0.643756390,0.0112662050,0,0.00000000,0.00143747800
4,316,379,13235294,14764405,41.2004089,2934,0.643756390,0.0112662050,1,0.643756390,0.0112662050
4,316,379,13235294,14764405,41.2004089,2934,0.643756390,0.0112662050,2,1.28751278,0.00098153300
4,316,379,13235294,14764405,41.2004089,2934,0.643756390,0.0112662050,3,1.93126917,0.00201071400
4,316,379,13235294,14764405,41.2004089,2934,0.643756390,0.0112662050,4,2.57502556,0.000807984000
4,316,379,13235294,14764405,41.2004089,2934,0.643756390,0.0112662050,5,3.21878195,0.00125366900
4,316,379,13235294,14764405,41.2004089,2934,0.643756390,0.0112662050,6,3.86253834,0.000768114000
4,316,379,13235294,14764405,41.2004089,2934,0.643756390,0.0112662050,7,4.50629473,0.000303411000
4,316,379,13235294,14764405,41.2004089,2934,0.643756390,0.0112662050,8,5.15005112,0.000331662000
4,316,379,13235294,14764405,41.2004089,2934,0.643756390,0.0112662050,9,5.79380751,0.000209704000
4,316,379,13235294,14764405,41.2004089,2934,0.643756390,0.0112662050,10,6.43756390,0.000137364000
4,316,379,13235294,14764405,41.2004089,2934,0.643756390,0.0112662050,11,7.08132029,0.000389022000
4,316,379,13235294,14764405,41.2004089,2934,0.643756390,0.0112662050,12,7.72507668,9.58964579e-05
4,316,379,13235294,14764405,41.2004089,2934,0.643756390,0.0112662050,13,8.36883354,0.000298674000
4,316,379,13235294,14764405,41.2004089,2934,0.643756390,0.0112662050,14,9.01258945,0.000182942000
4,316,379,13235294,14764405,41.2004089,2934,0.643756390,0.0112662050,15,9.65634537,0.000203990000
4,316,379,13235294,14764405,41.2004089,2934,0.643756390,0.0112662050,16,10.3001022,0.000132241000
4,316,379,13235294,14764405,41.2004089,2934,0.643756390,0.0112662050,17,10.9438591,0.000155498000
4,316,379,13235294,14764405,41.2004089,2934,0.643756390,0.0112662050,18,11.5876150,0.000135774000
4,316,379,13235294,14764405,41.2004089,2934,0.643756390,0.0112662050,19,12.2313709,0.000140910000
4,316,379,13235294,14764405,41.2004089,2934,0.643756390,0.0112662050,20,12.8751278,0.000154022000
4,316,379,13235294,14764405,41.2004089,2934,0.643756390,0.0112662050,21,13.5188847,0.000101063000
4,316,379,13235294,14764405,41.2004089,2934,0.643756390,0.0112662050,22,14.1626406,0.000133697000
4,316,379,13235294,14764405,41.2004089,2934,0.643756390,0.0112662050,23,14.8063965,0.000115904000
4,316,379,13235294,14764405,41.2004089,2934,0.643756390,0.0112662050,24,15.4501534,0.000115699000
4,316,379,13235294,14764405,41.2004089,2934,0.643756390,0.0112662050,25,16.0939102,0.000136421000
4,316,379,13235294,14764405,41.2004089,2934,0.643756390,0.0112662050,26,16.7376671,8.43119330e-05
4,316,379,13235294,14764405,41.2004089,2934,0.643756390,0.0112662050,27,17.3814220,0.000171192000
4,316,379,13235294,14764405,41.2004089,2934,0.643756390,0.0112662050,28,18.0251789,5.81274827e-05
4,316,379,13235294,14764405,41.2004089,2934,0.643756390,0.0112662050,29,18.6689358,0.000138378000
4,316,379,13235294,14764405,41.2004089,2934,0.643756390,0.0112662050,30,19.3126907,0.000103158000
4,316,379,13235294,14764405,41.2004089,2934,0.643756390,0.0112662050,31,19.9564476,0.000118784000
4,316,379,13235294,14764405,41.2004089,2934,0.643756390,0.0112662050,32,20.6002045,5.10402417e-05
5,380,443,14788725,16318264,41.1888809,2940,0.643576264,0.0332706790,0,0.00000000,0.00285067000
5,380,443,14788725,16318264,41.1888809,2940,0.643576264,0.0332706790,1,0.643576264,0.0332706790
5,380,443,14788725,16318264,41.1888809,2940,0.643576264,0.0332706790,2,1.28715253,0.00609146200
5,380,443,14788725,16318264,41.1888809,2940,0.643576264,0.0332706790,3,1.93072879,0.00197960300
5,380,443,14788725,16318264,41.1888809,2940,0.643576264,0.0332706790,4,2.57430506,0.00174213400
5,380,443,14788725,16318264,41.1888809,2940,0.643576264,0.0332706790,5,3.21788120,0.00301248700
5,380,443,14788725,16318264,41.1888809,2940,0.643576264,0.0332706790,6,3.86145759,0.000487132000
5,380,443,14788725,16318264,41.1888809,2940,0.643576264,0.0332706790,7,4.50503397,0.000680221000
5,380,443,14788725,16318264,41.1888809,2940,0.643576264,0.0332706790,8,5.14861012,0.000654503000
5,380,443,14788725,16318264,41.1888809,2940,0.643576264,0.0332706790,9,5.79218626,0.000436872000
5,380,443,14788725,16318264,41.1888809,2940,0.643576264,0.0332706790,10,6.43576241,0.000635400000
5,380,443,14788725,16318264,41.1888809,2940,0.643576264,0.0332706790,11,7.07933903,0.000478543000
5,380,443,14788725,16318264,41.1888809,2940,0.643576264,0.0332706790,12,7.72291517,0.000425747000
5,380,443,14788725,16318264,41.1888809,2940,0.643576264,0.0332706790,13,8.36649132,0.000444482000
5,380,443,14788725,16318264,41.1888809,2940,0.643576264,0.0332706790,14,9.01006794,0.000308353000
5,380,443,14788725,16318264,41.1888809,2940,0.643576264,0.0332706790,15,9.65364361,0.000357591000
5,380,443,14788725,16318264,41.1888809,2940,0.643576264,0.0332706790,16,10.2972202,0.000362848000
5,380,443,14788725,16318264,41.1888809,2940,0.643576264,0.0332706790,17,10.9407969,0.000337159000
5,380,443,14788725,16318264,41.1888809,2940,0.643576264,0.0332706790,18,11.5843725,0.000302699000
5,380,443,14788725,16318264,41.1888809,2940,0.643576264,0.0332706790,19,12.2279491,0.000303244000
5,380,443,14788725,16318264,41.1888809,2940,0.643576264,0.0332706790,20,12.8715248,0.000279161000
5,380,443,14788725,16318264,41.1888809,2940,0.643576264,0.0332706790,21,13.5151014,0.000330718000
5,380,443,14788725,16318264,41.1888809,2940,0.643576264,0.0332706790,22,14.1586781,0.000238490000
5,380,443,14788725,16318264,41.1888809,2940,0.643576264,0.0332706790,23,14.8022537,0.000295002000
5,380,443,14788725,16318264,41.1888809,2940,0.643576264,0.0332706790,24,15.4458303,0.000267992000
5,380,443,14788725,16318264,41.1888809,2940,0.643576264,0.0332706790,25,16.0894070,0.000255599000
5,380,443,14788725,16318264,41.1888809,2940,0.643576264,0.0332706790,26,16.7329826,0.000253664000
5,380,443,14788725,16318264,41.1888809,2940,0.643576264,0.0332706790,27,17.3765583,0.000273311000
5,380,443,14788725,16318264,41.1888809,2940,0.643576264,0.0332706790,28,18.0201359,0.000279664000
5,380,443,14788725,16318264,41.1888809,2940,0.643576264,0.0332706790,29,18.6637115,0.000247709000
5,380,443,14788725,16318264,41.1888809,2940,0.643576264,0.0332706790,30,19.3072872,0.000240624000
5,380,443,14788725,16318264,41.1888809,2940,0.643576264,0.0332706790,31,19.9508648,0.000258325000
5,380,443,14788725,16318264,41.1888809,2940,0.643576264,0.0332706790,32,20.5944405,0.000121466000
6,444,507,16342566,17872205,41.1861877,2937,0.643534184,0.0131595090,0,0.00000000,0.00536866300
6,444,507,16342566,17872205,41.1861877,2937,0.643534184,0.0131595090,1,0.643534184,0.0131595090
6,444,507,16342566,17872205,41.1861877,2937,0.643534184,0.0131595090,2,1.28706837,0.00454720400
6,444,507,16342566,17872205,41.1861877,2937,0.643534184,0.0131595090,3,1.93060255,0.00138440600
6,444,507,16342566,17872205,41.1861877,2937,0.643534184,0.0131595090,4,2.57413673,0.000275531000
6,444,507,16342566,17872205,41.1861877,2937,0.643534184,0.0131595090,5,3.21767092,0.00104913500
6,444,507,16342566,17872205,41.1861877,2937,0.643534184,0.0131595090,6,3.86120510,0.000889262000
6,444,507,16342566,17872205,41.1861877,2937,0.643534184,0.0131595090,7,4.50473928,0.000538794000
6,444,507,16342566,17872205,41.1861877,2937,0.643534184,0.0131595090,8,5.14827347,0.000244698000
6,444,507,16342566,17872205,41.1861877,2937,0.643534184,0.0131595090,9,5.79180765,0.000280772000
6,444,507,16342566,17872205,41.1861877,2937,0.643534184,0.0131595090,10,6.43534184,0.000283174000
6,444,507,16342566,17872205,41.1861877,2937,0.643534184,0.0131595090,11,7.07887602,0.000212677000
6,444,507,16342566,17872205,41.1861877,2937,0.643534184,0.0131595090,12,7.72241020,0.000275290000
6,444,507,16342566,17872205,41.1861877,2937,0.643534184,0.0131595090,13,8.36594391,0.000232891000
6,444,507,16342566,17872205,41.1861877,2937,0.643534184,0.0131595090,14,9.00947857,0.000204856000
6,444,507,16342566,17872205,41.1861877,2937,0.643534184,0.0131595090,15,9.65301323,0.000178893000
6,444,507,16342566,17872205,41.1861877,2937,0.643534184,0.0131595090,16,10.2965469,0.000180053000
6,444,507,16342566,17872205,41.1861877,2937,0.643534184,0.0131595090,17,10.9400806,0.000175434000
6,444,507,16342566,17872205,41.1861877,2937,0.643534184,0.0131595090,18,11.5836153,0.000204380000
6,444,507,16342566,17872205,41.1861877,2937,0.643534184,0.0131595090,19,12.2271500,7.18582295e-05
6,444,507,16342566,17872205,41.1861877,2937,0.643534184,0.0131595090,20,12.8706837,0.000210714000
6,444,507,16342566,17872205,41.1861877,2937,0.643534184,0.0131595090,21,13.5142174,0.000137662000
6,444,507,16342566,17872205,41.1861877,2937,0.643534184,0.0131595090,22,14.1577520,0.000143549000
6,444,507,16342566,17872205,41.1861877,2937,0.643534184,0.0131595090,23,14.8012867,0.000140134000
6,444,507,16342566,17872205,41.1861877,2937,0.643534184,0.0131595090,24,15.4448204,0.000126878000
6,444,507,16342566,17872205,41.1861877,2937,0.643534184,0.0131595090,25,16.0883541,0.000147243000
6,444,507,16342566,17872205,41.1861877,2937,0.643534184,0.0131595090,26,16.7318878,0.000101322000
6,444,507,16342566,17872205,41.1861877,2937,0.643534184,0.0131595090,27,17.3754234,0.000168433000
6,444,507,16342566,17872205,41.1861877,2937,0.643534184,0.0131595090,28,18.0189571,0.000102257000
6,444,507,16342566,17872205,41.1861877,2937,0.643534184,0.0131595090,29,18.6624908,0.000138636000
6,444,507,16342566,17872205,41.1861877,2937,0.643534184,0.0131595090,30,19.3060265,0.000140450000
6,444,507,16342566,17872205,41.1861877,2937,0.643534184,0.0131595090,31,19.9495602,0.000117013000
6,444,507,16342566,17872205,41.1861877,2937,0.643534184,0.0131595090,32,20.5930939,6.50641004e-05
7,508,571,17896500,19425652,41.1993065,2962,0.643739164,0.0280166620,0,0.00000000,0.00405914600
7,508,571,17896500,19425652,41.1993065,2962,0.643739164,0.0280166620,1,0.643739164,0.0280166620
7,508,571,17896500,19425652,41.1993065,2962,0.643739164,0.0280166620,2,1.28747833,0.00572055700
7,508,571,17896500,19425652,41.1993065,2962,0.643739164,0.0280166620,3,1.93121743,0.00163946800
7,508,571,17896500,19425652,41.1993065,2962,0.643739164,0.0280166620,4,2.57495666,0.00123620700
7,508,571,17896500,19425652,41.1993065,2962,0.643739164,0.0280166620,5,3.21869588,0.00098882100
7,508,571,17896500,19425652,41.1993065,2962,0.643739164,0.0280166620,6,3.86243486,0.00110381100
7,508,571,17896500,19425652,41.1993065,2962,0.643739164,0.0280166620,7,4.50617409,0.000906297000
7,508,571,17896500,19425652,41.1993065,2962,0.643739164,0.0280166620,8,5.14991331,0.000534683000
7,508,571,17896500,19425652,41.1993065,2962,0.643739164,0.0280166620,9,5.79365253,0.000350646000
7,508,571,17896500,19425652,41.1993065,2962,0.643739164,0.0280166620,10,6.43739176,0.000610234000
7,508,571,17896500,19425652,41.1993065,2962,0.643739164,0.0280166620,11,7.08113098,0.000480772000
7,508,571,17896500,19425652,41.1993065,2962,0.643739164,0.0280166620,12,7.72486973,0.000306830000
7,508,571,17896500,19425652,41.1993065,2962,0.643739164,0.0280166620,13,8.36860943,0.000588440000
7,508,571,17896500,19425652,41.1993065,2962,0.643739164,0.0280166620,14,9.01234818,0.000306713000
7,508,571,17896500,19425652,41.1993065,2962,0.643739164,0.0280166620,15,9.65608788,0.000314906000
7,508,571,17896500,19425652,41.1993065,2962,0.643739164,0.0280166620,16,10.2998266,0.000322557000
7,508,571,17896500,19425652,41.1993065,2962,0.643739164,0.0280166620,17,10.9435654,0.000304824000
7,508,571,17896500,19425652,41.1993065,2962,0.643739164,0.0280166620,18,11.5873051,0.000287994000
7,508,571,17896500,19425652,41.1993065,2962,0.643739164,0.0280166620,19,12.2310438,0.000309787000
7,508,571,17896500,19425652,41.1993065,2962,0.643739164,0.0280166620,20,12.8747835,0.000210966000
7,508,571,17896500,19425652,41.1993065,2962,0.643739164,0.0280166620,21,13.5185223,0.000303549000
7,508,571,17896500,19425652,41.1993065,2962,0.643739164,0.0280166620,22,14.1622620,0.000270440000
7,508,571,17896500,19425652,41.1993065,2962,0.643739164,0.0280166620,23,14.8060007,0.000239267000
7,508,571,17896500,19425652,41.1993065,2962,0.643739164,0.0280166620,24,15.4497395,0.000241276000
7,508,571,17896500,19425652,41.1993065,2962,0.643739164,0.0280166620,25,16.0934792,0.000258488000
7,508,571,17896500,19425652,41.1993065,2962,0.643739164,0.0280166620,26,16.7372189,0.000224438000
7,508,571,17896500,19425652,41.1993065,2962,0.643739164,0.0280166620,27,17.3809566,0.000247989000
7,508,571,17896500,19425652,41.1993065,2962,0.643739164,0.0280166620,28,18.0246964,0.000196189000
7,508,571,17896500,19425652,41.1993065,2962,0.643739164,0.0280166620,29,18.6684361,0.000246221000
7,508,571,17896500,19425652,41.1993065,2962,0.643739164,0.0280166620,30,19.3121758,0.000220634000
7,508,571,17896500,19425652,41.1993065,2962,0.643739164,0.0280166620,31,19.9559135,0.000241799000
7,508,571,17896500,19425652,41.1993065,2962,0.643739164,0.0280166620,32,20.5996532,0.000108938000
8,572,635,19449943,20979682,41.1834946,2931,0.643492103,0.0216374140,0,0.00000000,0.00109784400
8,572,635,19449943,20979682,41.1834946,2931,0.643492103,0.0216374140,1,0.643492103,0.0216374140
8,572,635,19449943,20979682,41.1834946,2931,0.643492103,0.0216374140,2,1.28698421,0.00514619900
8,572,635,19449943,20979682,41.1834946,2931,0.643492103,0.0216374140,3,1.93047631,0.00174278100
8,572,635,19449943,20979682,41.1834946,2931,0.643492103,0.0216374140,4,2.57396841,0.00119849900
8,572,635,19449943,20979682,41.1834946,2931,0.643492103,0.0216374140,5,3.21746063,0.000695784000
8,572,635,19449943,20979682,41.1834946,2931,0.643492103,0.0216374140,6,3.86095262,0.00153738000
8,572,635,19449943,20979682,41.1834946,2931,0.643492103,0.0216374140,7,4.50444460,0.000437876000
8,572,635,19449943,20979682,41.1834946,2931,0.643492103,0.0216374140,8,5.14793682,0.000324958000
8,572,635,19449943,20979682,41.1834946,2931,0.643492103,0.0216374140,9,5.79142904,0.000434842000
8,572,635,19449943,20979682,41.1834946,2931,0.643492103,0.0216374140,10,6.43492126,0.000340847000
8,572,635,19449943,20979682,41.1834946,2931,0.643492103,0.0216374140,11,7.07841301,0.000520549000
8,572,635,19449943,20979682,41.1834946,2931,0.643492103,0.0216374140,12,7.72190523,0.000250503000
8,572,635,19449943,20979682,41.1834946,2931,0.643492103,0.0216374140,13,8.36539745,0.000357045000
8,572,635,19449943,20979682,41.1834946,2931,0.643492103,0.0216374140,14,9.00888920,0.000259066000
8,572,635,19449943,20979682,41.1834946,2931,0.643492103,0.0216374140,15,9.65238190,0.000279699000
8,572,635,19449943,20979682,41.1834946,2931,0.643492103,0.0216374140,16,10.2958736,0.000236637000
8,572,635,19449943,20979682,41.1834946,2931,0.643492103,0.0216374140,17,10.9393654,0.000290376000
8,572,635,19449943,20979682,41.1834946,2931,0.643492103,0.0216374140,18,11.5828581,0.000204065000
8,572,635,19449943,20979682,41.1834946,2931,0.643492103,0.0216374140,19,12.2263498,0.000221374000
8,572,635,19449943,20979682,41.1834946,2931,0.643492103,0.0216374140,20,12.8698425,0.000283877000
8,572,635,19449943,20979682,41.1834946,2931,0.643492103,0.0216374140,21,13.5133343,0.000204857000
8,572,635,19449943,20979682,41.1834946,2931,0.643492103,0.0216374140,22,14.1568260,0.000220805000
8,572,635,19449943,20979682,41.1834946,2931,0.643492103,0.0216374140,23,14.8003187,0.000210927000
8,572,635,19449943,20979682,41.1834946,2931,0.643492103,0.0216374140,24,15.4438105,0.000193606000
8,572,635,19449943,20979682,41.1834946,2931,0.643492103,0.0216374140,25,16.0873032,0.000205922000
8,572,635,19449943,20979682,41.1834946,2931,0.643492103,0.0216374140,26,16.7307949,0.000159593000
8,572,635,19449943,20979682,41.1834946,2931,0.643492103,0.0216374140,27,17.3742867,0.000236048000
8,572,635,19449943,20979682,41.1834946,2931,0.643492103,0.0216374140,28,18.0177784,0.000183593000
8,572,635,19449943,20979682,41.1834946,2931,0.643492103,0.0216374140,29,18.6612701,0.000140350000
8,572,635,19449943,20979682,41.1834946,2931,0.643492103,0.0216374140,30,19.3047638,0.000226431000
8,572,635,19449943,20979682,41.1834946,2931,0.643492103,0.0216374140,31,19.9482555,0.000163448000
8,572,635,19449943,20979682,41.1834946,2931,0.643492103,0.0216374140,32,20.5917473,9.58239602e-05
9,636,699,21003953,22533456,41.1898499,2941,0.643591404,0.00907689400,0,0.00000000,0.00157177100
9,636,699,21003953,22533456,41.1898499,2941,0.643591404,0.00907689400,1,0.643591404,0.00907689400
9,636,699,21003953,22533456,41.1898499,2941,0.643591404,0.00907689400,2,1.28718281,0.00230116200
9,636,699,21003953,22533456,41.1898499,2941,0.643591404,0.00907689400,3,1.93077421,0.00184573600
9,636,699,21003953,22533456,41.1898499,2941,0.643591404,0.00907689400,4,2.57436562,0.00134508900
9,636,699,21003953,22533456,41.1898499,2941,0.643591404,0.00907689400,5,3.21795702,0.000547400000
9,636,699,21003953,22533456,41.1898499,2941,0.643591404,0.00907689400,6,3.86154842,0.000359751000
9,636,699,21003953,22533456,41.1898499,2941,0.643591404,0.00907689400,7,4.50513983,6.60356372e-05
9,636,699,21003953,22533456,41.1898499,2941,0.643591404,0.00907689400,8,5.14873123,0.000196994000
9,636,699,21003953,22533456,41.1898499,2941,0.643591404,0.00907689400,9,5.79232264,0.000327231000
9,636,699,21003953,22533456,41.1898499,2941,0.643591404,0.00907689400,10,6.43591404,8.10323315e-05
9,636,699,21003953,22533456,41.1898499,2941,0.643591404,0.00907689400,11,7.07950544,0.000142119000
9,636,699,21003953,22533456,41.1898499,2941,0.643591404,0.00907689400,12,7.72309685,0.000347871000
9,636,699,21003953,22533456,41.1898499,2941,0.643591404,0.00907689400,13,8.36668777,7.28516887e-05
9,636,699,21003953,22533456,41.1898499,2941,0.643591404,0.00907689400,14,9.01027966,0.000153310000
9,636,699,21003953,22533456,41.1898499,2941,0.643591404,0.00907689400,15,9.65387154,0.000118273000
9,636,699,21003953,22533456,41.1898499,2941,0.643591404,0.00907689400,16,10.2974625,0.000103846000
9,636,699,21003953,22533456,41.1898499,2941,0.643591404,0.00907689400,17,10.9410534,0.000105401000
9,636,699,21003953,22533456,41.1898499,2941,0.643591404,0.00907689400,18,11.5846453,5.83947140e-05
9,636,699,21003953,22533456,41.1898499,2941,0.643591404,0.00907689400,19,12.2282372,0.000176797000
9,636,699,21003953,22533456,41.1898499,2941,0.643591404,0.00907689400,20,12.8718281,2.58423730e-05
9,636,699,21003953,22533456,41.1898499,2941,0.643591404,0.00907689400,21,13.5154190,0.000118891000
9,636,699,21003953,22533456,41.1898499,2941,0.643591404,0.00907689400,22,14.1590109,7.10261291e-05
9,636,699,21003953,22533456,41.1898499,2941,0.643591404,0.00907689400,23,14.8026028,9.36640631e-05
9,636,699,21003953,22533456,41.1898499,2941,0.643591404,0.00907689400,24,15.4461937,7.92712660e-05
9,636,699,21003953,22533456,41.1898499,2941,0.643591404,0.00907689400,25,16.0897846,8.12061541e-05
9,636,699,21003953,22533456,41.1898499,2941,0.643591404,0.00907689400,26,16.7333755,6.81596638e-05
9,636,699,21003953,22533456,41.1898499,2941,0.643591404,0.00907689400,27,17.3769684,7.03152899e-05
9,636,699,21003953,22533456,41.1898499,2941,0.643591404,0.00907689400,28,18.0205593,8.03006685e-05
9,636,699,21003953,22533456,41.1898499,2941,0.643591404,0.00907689400,29,18.6641502,9.90992834e-05
9,636,699,21003953,22533456,41.1898499,2941,0.643591404,0.00907689400,30,19.3077431,6.90787628e-05
9,636,699,21003953,22533456,41.1898499,2941,0.643591404,0.00907689400,31,19.9513340,8.37737013e-05
9,636,699,21003953,22533456,41.1898499,2941,0.643591404,0.00907689400,32,20.5949249,3.28821293e-05
10,700,763,22557825,24086883,41.2018394,2909,0.643778741,0.000676809000,0,0.00000000,4.65658968e-06
10,700,763,22557825,24086883,41.2018394,2909,0.643778741,0.000676809000,1,0.643778741,0.000676809000
10,700,763,22557825,24086883,41.2018394,2909,0.643778741,0.000676809000,2,1.28755748,0.000506746000
10,700,763,22557825,24086883,41.2018394,2909,0.643778741,0.000676809000,3,1.93133616,0.000441916000
10,700,763,22557825,24086883,41.2018394,2909,0.643778741,0.000676809000,4,2.57511497,0.000276089000
10,700,763,22557825,24086883,41.2018394,2909,0.643778741,0.000676809000,5,3.21889377,0.000188977000
10,700,763,22557825,24086883,41.2018394,2909,0.643778741,0.000676809000,6,3.86267233,0.000141127000
10,700,763,22557825,24086883,41.2018394,2909,0.643778741,0.000676809000,7,4.50645113,0.000196197000
10,700,763,22557825,24086883,41.2018394,2909,0.643778741,0.000676809000,8,5.15022993,4.68474420e-05
10,700,763,22557825,24086883,41.2018394,2909,0.643778741,0.000676809000,9,5.79400873,0.000101471000
10,700,763,22557825,24086883,41.2018394,2909,0.643778741,0.000676809000,10,6.43778753,0.000159709000
10,700,763,22557825,24086883,41.2018394,2909,0.643778741,0.000676809000,11,7.08156633,0.000188544000
10,700,763,22557825,24086883,41.2018394,2909,0.643778741,0.000676809000,12,7.72534466,0.000101643000
10,700,763,22557825,24086883,41.2018394,2909,0.643778741,0.000676809000,13,8.36912346,8.75376560e-05
10,700,763,22557825,24086883,41.2018394,2909,0.643778741,0.000676809000,14,9.01290226,4.36655967e-05
10,700,763,22557825,24086883,41.2018394,2909,0.643778741,0.000676809000,15,9.65668106,3.15436587e-05
10,700,763,22557825,24086883,41.2018394,2909,0.643778741,0.000676809000,16,10.3004599,2.40010846e-05
10,700,763,22557825,24086883,41.2018394,2909,0.643778741,0.000676809000,17,10.9442387,5.28505654e-05
10,700,763,22557825,24086883,41.2018394,2909,0.643778741,0.000676809000,18,11.5880175,4.42586418e-05
10,700,763,22557825,24086883,41.2018394,2909,0.643778741,0.000676809000,19,12.2317963,2.77254399e-05
10,700,763,22557825,24086883,41.2018394,2909,0.643778741,0.000676809000,20,12.8755751,4.50629407e-05
10,700,763,22557825,24086883,41.2018394,2909,0.643778741,0.000676809000,21,13.5193539,2.27990273e-05
10,700,763,22557825,24086883,41.2018394,2909,0.643778741,0.000676809000,22,14.1631327,2.03609995e-05
10,700,763,22557825,24086883,41.2018394,2909,0.643778741,0.000676809000,23,14.8069115,2.56641884e-05
10,700,763,22557825,24086883,41.2018394,2909,0.643778741,0.000676809000,24,15.4506893,2.19178034e-05
10,700,763,22557825,24086883,41.2018394,2909,0.643778741,0.000676809000,25,16.0944691,3.15251341e-05
10,700,763,22557825,24086883,41.2018394,2909,0.643778741,0.000676809000,26,16.7382469,2.53723461e-05
10,700,763,22557825,24086883,41.2018394,2909,0.643778741,0.000676809000,27,17.3820267,4.15861899e-05
10,700,763,22557825,24086883,41.2018394,2909,0.643778741,0.000676809000,28,18.0258045,2.05884839e-06
10,700,763,22557825,24086883,41.2018394,2909,0.643778741,0.000676809000,29,18.6695843,2.15517117e-05
10,700,763,22557825,24086883,41.2018394,2909,0.643778741,0.000676809000,30,19.3133621,2.32733652e-05
10,700,763,22557825,24086883,41.2018394,2909,0.643778741,0.000676809000,31,19.9571419,2.05009089e-05
10,700,763,22557825,24086883,41.2018394,2909,0.643778741,0.000676809000,32,20.6009197,8.51983350e-06
11,764,827,24111162,25640735,41.1879654,2919,0.643561959,0.000157585000,0,0.00000000,9.84436974e-06
11,764,827,24111162,25640735,41.1879654,2919,0.643561959,0.000157585000,1,0.643561959,0.000157585000
11,764,827,24111162,25640735,41.1879654,2919,0.643561959,0.000157585000,2,1.28712392,9.51705574e-05
11,764,827,24111162,25640735,41.1879654,2919,0.643561959,0.000157585000,3,1.93068588,0.000120245000
11,764,827,24111162,25640735,41.1879654,2919,0.643561959,0.000157585000,4,2.57424784,6.66325604e-06
11,764,827,24111162,25640735,41.1879654,2919,0.643561959,0.000157585000,5,3.21780968,0.000150593000
11,764,827,24111162,25640735,41.1879654,2919,0.643561959,0.000157585000,6,3.86137176,0.000110255000
11,764,827,24111162,25640735,41.1879654,2919,0.643561959,0.000157585000,7,4.50493383,2.79357678e-05
11,764,827,24111162,25640735,41.1879654,2919,0.643561959,0.000157585000,8,5.14849567,2.72067514e-05
11,764,827,24111162,25640735,41.1879654,2919,0.643561959,0.000157585000,9,5.79205751,4.52488123e-05
11,764,827,24111162,25640735,41.1879654,2919,0.643561959,0.000157585000,10,6.43561935,6.48293198e-05
11,764,827,24111162,25640735,41.1879654,2919,0.643561959,0.000157585000,11,7.07918167,0.000103034000
11,764,827,24111162,25640735,41.1879654,2919,0.643561959,0.000157585000,12,7.72274351,8.69435449e-05
11,764,827,24111162,25640735,41.1879654,2919,0.643561959,0.000157585000,13,8.36630535,5.09332087e-05
11,764,827,24111162,25640735,41.1879654,2919,0.643561959,0.000157585000,14,9.00986767,4.72952154e-05
11,764,827,24111162,25640735,41.1879654,2919,0.643561959,0.000157585000,15,9.65342903,2.50756490e-05
11,764,827,24111162,25640735,41.1879654,2919,0.643561959,0.000157585000,16,10.2969913,1.29911512e-05
11,764,827,24111162,25640735,41.1879654,2919,0.643561959,0.000157585000,17,10.9405537,2.61771616e-05
11,764,827,24111162,25640735,41.1879654,2919,0.643561959,0.000157585000,18,11.5841150,4.28414235e-05
11,764,827,24111162,25640735,41.1879654,2919,0.643561959,0.000157585000,19,12.2276773,2.66494149e-05
11,764,827,24111162,25640735,41.1879654,2919,0.643561959,0.000157585000,20,12.8712387,1.83169920e-05
11,764,827,24111162,25640735,41.1879654,2919,0.643561959,0.000157585000,21,13.5148010,1.86728991e-05
11,764,827,24111162,25640735,41.1879654,2919,0.643561959,0.000157585000,22,14.1583633,3.18009734e-06
11,764,827,24111162,25640735,41.1879654,2919,0.643561959,0.000157585000,23,14.8019247,6.98114491e-06
11,764,827,24111162,25640735,41.1879654,2919,0.643561959,0.000157585000,24,15.4454870,4.54729206e-06
11,764,827,24111162,25640735,41.1879654,2919,0.643561959,0.000157585000,25,16.0890484,5.62122341e-06
11,764,827,24111162,25640735,41.1879654,2919,0.643561959,0.000157585000,26,16.7326107,1.08228922e-05
11,764,827,24111162,25640735,41.1879654,2919,0.643561959,0.000157585000,27,17.3761730,1.51043630e-05
11,764,827,24111162,25640735,41.1879654,2919,0.643561959,0.000157585000,28,18.0197353,2.45347361e-05
11,764,827,24111162,25640735,41.1879654,2919,0.643561959,0.000157585000,29,18.6632977,1.44062995e-05
11,764,827,24111162,25640735,41.1879654,2919,0.643561959,0.000157585000,30,19.3068581,9.68900440e-06
11,764,827,24111162,25640735,41.1879654,2919,0.643561959,0.000157585000,31,19.9504204,1.18086135e-05
11,764,827,24111162,25640735,41.1879654,2919,0.643561959,0.000157585000,32,20.5939827,1.31837351e-06
12,828,891,25665011,27194115,41.2005997,2899,1.28751874,0.00222620100,0,0.00000000,0.000632233000
12,828,891,25665011,27194115,41.2005997,2899,1.28751874,0.00222620100,1,0.643759370,0.00197678000
12,828,891,25665011,27194115,41.2005997,2899,1.28751874,0.00222620100,2,1.28751874,0.00222620100
12,828,891,25665011,27194115,41.2005997,2899,1.28751874,0.00222620100,3,1.93127811,0.00202664200
12,828,891,25665011,27194115,41.2005997,2899,1.28751874,0.00222620100,4,2.57503748,0.00150982100
12,828,891,25665011,27194115,41.2005997,2899,1.28751874,0.00222620100,5,3.21879673,0.000690861000
12,828,891,25665011,27194115,41.2005997,2899,1.28751874,0.00222620100,6,3.86255622,0.000576421000
12,828,891,25665011,27194115,41.2005997,2899,1.28751874,0.00222620100,7,4.50631571,0.000412091000
12,828,891,25665011,27194115,41.2005997,2899,1.28751874,0.00222620100,8,5.15007496,0.000160061000
12,828,891,25665011,27194115,41.2005997,2899,1.28751874,0.00222620100,9,5.79383421,0.000277510000
12,828,891,25665011,27194115,41.2005997,2899,1.28751874,0.00222620100,10,6.43759346,0.000366212000
12,828,891,25665011,27194115,41.2005997,2899,1.28751874,0.00222620100,11,7.08135319,0.000145798000
12,828,891,25665011,27194115,41.2005997,2899,1.28751874,0.00222620100,12,7.72511244,0.000199680000
12,828,891,25665011,27194115,41.2005997,2899,1.28751874,0.00222620100,13,8.36887169,0.000139365000
12,828,891,25665011,27194115,41.2005997,2899,1.28751874,0.00222620100,14,9.01263142,9.03996830e-05
12,828,891,25665011,27194115,41.2005997,2899,1.28751874,0.00222620100,15,9.65639019,4.50054097e-05
12,828,891,25665011,27194115,41.2005997,2899,1.28751874,0.00222620100,16,10.3001499,4.15946591e-05
12,828,891,25665011,27194115,41.2005997,2899,1.28751874,0.00222620100,17,10.9439096,7.80200269e-05
12,828,891,25665011,27194115,41.2005997,2899,1.28751874,0.00222620100,18,11.5876684,6.98926659e-05
12,828,891,25665011,27194115,41.2005997,2899,1.28751874,0.00222620100,19,12.2314281,4.48501990e-05
12,828,891,25665011,27194115,41.2005997,2899,1.28751874,0.00222620100,20,12.8751869,0.000103866000
12,828,891,25665011,27194115,41.2005997,2899,1.28751874,0.00222620100,21,13.5189466,8.02475977e-05
12,828,891,25665011,27194115,41.2005997,2899,1.28751874,0.00222620100,22,14.1627064,1.74150061e-05
12,828,891,25665011,27194115,41.2005997,2899,1.28751874,0.00222620100,23,14.8064651,1.22937325e-05
12,828,891,25665011,27194115,41.2005997,2899,1.28751874,0.00222620100,24,15.4502249,1.43908153e-05
12,828,891,25665011,27194115,41.2005997,2899,1.28751874,0.00222620100,25,16.0939846,3.81553576e-05
12,828,891,25665011,27194115,41.2005997,2899,1.28751874,0.00222620100,26,16.7377434,4.15064454e-05
12,828,891,25665011,27194115,41.2005997,2899,1.28751874,0.00222620100,27,17.3815022,4.91646162e-05
12,828,891,25665011,27194115,41.2005997,2899,1.28751874,0.00222620100,28,18.0252628,1.65197668e-05
12,828,891,25665011,27194115,41.2005997,2899,1.28751874,0.00222620100,29,18.6690216,6.64881945e-05
12,828,891,25665011,27194115,41.2005997,2899,1.28751874,0.00222620100,30,19.3127804,4.63236313e-05
12,828,891,25665011,27194115,41.2005997,2899,1.28751874,0.00222620100,31,19.9565411,2.79487772e-05
12,828,891,25665011,27194115,41.2005997,2899,1.28751874,0.00222620100,32,20.6002998,1.00548148e-05
13,892,955,27218382,28747949,41.1881256,2924,0.643564463,0.0128810580,0,0.00000000,0.000343156000
13,892,955,27218382,28747949,41.1881256,2924,0.643564463,0.0128810580,1,0.643564463,0.0128810580
13,892,955,27218382,28747949,41.1881256,2924,0.643564463,0.0128810580,2,1.28712893,0.00204309600
13,892,955,27218382,28747949,41.1881256,2924,0.643564463,0.0128810580,3,1.93069339,0.00177378300
13,892,955,27218382,28747949,41.1881256,2924,0.643564463,0.0128810580,4,2.57425785,0.00294512700
13,892,955,27218382,28747949,41.1881256,2924,0.643564463,0.0128810580,5,3.21782231,0.00121511600
13,892,955,27218382,28747949,41.1881256,2924,0.643564463,0.0128810580,6,3.86138678,0.00115686200
13,892,955,27218382,28747949,41.1881256,2924,0.643564463,0.0128810580,7,4.50495148,0.000265774000
13,892,955,27218382,28747949,41.1881256,2924,0.643564463,0.0128810580,8,5.14851570,0.000375534000
13,892,955,27218382,28747949,41.1881256,2924,0.643564463,0.0128810580,9,5.79207993,0.000213141000
13,892,955,27218382,28747949,41.1881256,2924,0.643564463,0.0128810580,10,6.43564463,0.000368080000
13,892,955,27218382,28747949,41.1881256,2924,0.643564463,0.0128810580,11,7.07920933,0.000326605000
13,892,955,27218382,28747949,41.1881256,2924,0.643564463,0.0128810580,12,7.72277355,0.000228257000
13,892,955,27218382,28747949,41.1881256,2924,0.643564463,0.0128810580,13,8.36633778,0.000295176000
13,892,955,27218382,28747949,41.1881256,2924,0.643564463,0.0128810580,14,9.00990295,0.000402791000
13,892,955,27218382,28747949,41.1881256,2924,0.643564463,0.0128810580,15,9.65346718,0.000141856000
13,892,955,27218382,28747949,41.1881256,2924,0.643564463,0.0128810580,16,10.2970314,0.000199138000
13,892,955,27218382,28747949,41.1881256,2924,0.643564463,0.0128810580,17,10.9405956,0.000222908000
13,892,955,27218382,28747949,41.1881256,2924,0.643564463,0.0128810580,18,11.5841599,0.000195610000
13,892,955,27218382,28747949,41.1881256,2924,0.643564463,0.0128810580,19,12.2277250,9.12834790e-05
13,892,955,27218382,28747949,41.1881256,2924,0.643564463,0.0128810580,20,12.8712893,0.000286592000
13,892,955,27218382,28747949,41.1881256,2924,0.643564463,0.0128810580,21,13.5148535,7.47106595e-05
13,892,955,27218382,28747949,41.1881256,2924,0.643564463,0.0128810580,22,14.1584187,0.000242624000
13,892,955,27218382,28747949,41.1881256,2924,0.643564463,0.0128810580,23,14.8019829,9.61188766e-05
13,892,955,27218382,28747949,41.1881256,2924,0.643564463,0.0128810580,24,15.4455471,0.000144930000
13,892,955,27218382,28747949,41.1881256,2924,0.643564463,0.0128810580,25,16.0891113,0.000172364000
13,892,955,27218382,28747949,41.1881256,2924,0.643564463,0.0128810580,26,16.7326756,9.02873931e-05
13,892,955,27218382,28747949,41.1881256,2924,0.643564463,0.0128810580,27,17.3762398,0.000170309000
13,892,955,27218382,28747949,41.1881256,2924,0.643564463,0.0128810580,28,18.0198059,9.37674472e-05
13,892,955,27218382,28747949,41.1881256,2924,0.643564463,0.0128810580,29,18.6633701,0.000157608000
13,892,955,27218382,28747949,41.1881256,2924,0.643564463,0.0128810580,30,19.3069344,0.000115456000
13,892,955,27218382,28747949,41.1881256,2924,0.643564463,0.0128810580,31,19.9504986,0.000140605000
13,892,955,27218382,28747949,41.1881256,2924,0.643564463,0.0128810580,32,20.5940628,6.23757360e-05
14,956,1019,28772223,30301739,41.1894989,2954,0.643585920,0.0134205640,0,0.00000000,0.00247313200
14,956,1019,28772223,30301739,41.1894989,2954,0.643585920,0.0134205640,1,0.643585920,0.0134205640
14,956,1019,28772223,30301739,41.1894989,2954,0.643585920,0.0134205640,2,1.28717184,0.00378134600
14,956,1019,28772223,30301739,41.1894989,2954,0.643585920,0.0134205640,3,1.93075776,0.00254320900
14,956,1019,28772223,30301739,41.1894989,2954,0.643585920,0.0134205640,4,2.57434368,0.00219957400
14,956,1019,28772223,30301739,41.1894989,2954,0.643585920,0.0134205640,5,3.21792960,0.00111255500
14,956,1019,28772223,30301739,41.1894989,2954,0.643585920,0.0134205640,6,3.86151552,0.00121001400
14,956,1019,28772223,30301739,41.1894989,2954,0.643585920,0.0134205640,7,4.50510120,0.000425403000
14,956,1019,28772223,30301739,41.1894989,2954,0.643585920,0.0134205640,8,5.14868736,0.000150868000
14,956,1019,28772223,30301739,41.1894989,2954,0.643585920,0.0134205640,9,5.79227352,0.000398152000
14,956,1019,28772223,30301739,41.1894989,2954,0.643585920,0.0134205640,10,6.43585920,0.000241368000
14,956,1019,28772223,30301739,41.1894989,2954,0.643585920,0.0134205640,11,7.07944489,0.000302714000
14,956,1019,28772223,30301739,41.1894989,2954,0.643585920,0.0134205640,12,7.72303104,0.000221015000
14,956,1019,28772223,30301739,41.1894989,2954,0.643585920,0.0134205640,13,8.36661720,0.000248087000
14,956,1019,28772223,30301739,41.1894989,2954,0.643585920,0.0134205640,14,9.01020241,0.000126835000
14,956,1019,28772223,30301739,41.1894989,2954,0.643585920,0.0134205640,15,9.65378857,0.000217761000
14,956,1019,28772223,30301739,41.1894989,2954,0.643585920,0.0134205640,16,10.2973747,0.000207025000
14,956,1019,28772223,30301739,41.1894989,2954,0.643585920,0.0134205640,17,10.9409609,0.000187305000
14,956,1019,28772223,30301739,41.1894989,2954,0.643585920,0.0134205640,18,11.5845470,0.000121643000
14,956,1019,28772223,30301739,41.1894989,2954,0.643585920,0.0134205640,19,12.2281322,0.000226050000
14,956,1019,28772223,30301739,41.1894989,2954,0.643585920,0.0134205640,20,12.8717184,0.000183561000
14,956,1019,28772223,30301739,41.1894989,2954,0.643585920,0.0134205640,21,13.5153046,8.88460405e-05
14,956,1019,28772223,30301739,41.1894989,2954,0.643585920,0.0134205640,22,14.1588898,0.000198499000
14,956,1019,28772223,30301739,41.1894989,2954,0.643585920,0.0134205640,23,14.8024759,0.000103596000
14,956,1019,28772223,30301739,41.1894989,2954,0.643585920,0.0134205640,24,15.4460621,0.000149984000
14,956,1019,28772223,30301739,41.1894989,2954,0.643585920,0.0134205640,25,16.0896473,0.000140226000
14,956,1019,28772223,30301739,41.1894989,2954,0.643585920,0.0134205640,26,16.7332344,0.000134513000
14,956,1019,28772223,30301739,41.1894989,2954,0.643585920,0.0134205640,27,17.3768196,0.000127558000
14,956,1019,28772223,30301739,41.1894989,2954,0.643585920,0.0134205640,28,18.0204048,0.000153276000
14,956,1019,28772223,30301739,41.1894989,2954,0.643585920,0.0134205640,29,18.6639919,0.000111469000
14,956,1019,28772223,30301739,41.1894989,2954,0.643585920,0.0134205640,30,19.3075771,0.000142294000
14,956,1019,28772223,30301739,41.1894989,2954,0.643585920,0.0134205640,31,19.9511642,0.000130788000
14,956,1019,28772223,30301739,41.1894989,2954,0.643585920,0.0134205640,32,20.5947495,6.02127030e-05
15,1020,1083,30326042,31855148,41.2005463,2915,0.643758535,0.0160339420,0,0.00000000,0.000268397000
15,1020,1083,30326042,31855148,41.2005463,2915,0.643758535,0.0160339420,1,0.643758535,0.0160339420
15,1020,1083,30326042,31855148,41.2005463,2915,0.643758535,0.0160339420,2,1.28751707,0.00282091300
15,1020,1083,30326042,31855148,41.2005463,2915,0.643758535,0.0160339420,3,1.93127561,0.00214567600
15,1020,1083,30326042,31855148,41.2005463,2915,0.643758535,0.0160339420,4,2.57503414,0.00195517900
15,1020,1083,30326042,31855148,41.2005463,2915,0.643758535,0.0160339420,5,3.21879268,0.00156153500
15,1020,1083,30326042,31855148,41.2005463,2915,0.643758535,0.0160339420,6,3.86255121,0.000538871000
15,1020,1083,30326042,31855148,41.2005463,2915,0.643758535,0.0160339420,7,4.50630951,0.000659294000
15,1020,1083,30326042,31855148,41.2005463,2915,0.643758535,0.0160339420,8,5.15006828,0.000209222000
15,1020,1083,30326042,31855148,41.2005463,2915,0.643758535,0.0160339420,9,5.79382706,0.000203464000
15,1020,1083,30326042,31855148,41.2005463,2915,0.643758535,0.0160339420,10,6.43758535,0.000316375000
15,1020,1083,30326042,31855148,41.2005463,2915,0.643758535,0.0160339420,11,7.08134365,0.000156892000
15,1020,1083,30326042,31855148,41.2005463,2915,0.643758535,0.0160339420,12,7.72510242,0.000401626000
15,1020,1083,30326042,31855148,41.2005463,2915,0.643758535,0.0160339420,13,8.36886120,5.23960254e-05
15,1020,1083,30326042,31855148,41.2005463,2915,0.643758535,0.0160339420,14,9.01261902,0.000350567000
15,1020,1083,30326042,31855148,41.2005463,2915,0.643758535,0.0160339420,15,9.65637779,0.000173846000
15,1020,1083,30326042,31855148,41.2005463,2915,0.643758535,0.0160339420,16,10.3001366,0.000136446000
15,1020,1083,30326042,31855148,41.2005463,2915,0.643758535,0.0160339420,17,10.9438953,0.000153369000
15,1020,1083,30326042,31855148,41.2005463,2915,0.643758535,0.0160339420,18,11.5876541,0.000181016000
15,1020,1083,30326042,31855148,41.2005463,2915,0.643758535,0.0160339420,19,12.2314119,0.000222857000
15,1020,1083,30326042,31855148,41.2005463,2915,0.643758535,0.0160339420,20,12.8751707,7.58289378e-05
15,1020,1083,30326042,31855148,41.2005463,2915,0.643758535,0.0160339420,21,13.5189295,0.000228483000
15,1020,1083,30326042,31855148,41.2005463,2915,0.643758535,0.0160339420,22,14.1626873,0.000115744000
15,1020,1083,30326042,31855148,41.2005463,2915,0.643758535,0.0160339420,23,14.8064461,0.000136485000
15,1020,1083,30326042,31855148,41.2005463,2915,0.643758535,0.0160339420,24,15.4502048,0.000130463000
15,1020,1083,30326042,31855148,41.2005463,2915,0.643758535,0.0160339420,25,16.0939636,0.000144204000
15,1020,1083,30326042,31855148,41.2005463,2915,0.643758535,0.0160339420,26,16.7377224,0.000130493000
15,1020,1083,30326042,31855148,41.2005463,2915,0.643758535,0.0160339420,27,17.3814812,0.000133945000
15,1020,1083,30326042,31855148,41.2005463,2915,0.643758535,0.0160339420,28,18.0252380,0.000132427000
15,1020,1083,30326042,31855148,41.2005463,2915,0.643758535,0.0160339420,29,18.6689968,0.000114889000
15,1020,1083,30326042,31855148,41.2005463,2915,0.643758535,0.0160339420,30,19.3127556,0.000135206000
15,1020,1083,30326042,31855148,41.2005463,2915,0.643758535,0.0160339420,31,19.9565144,0.000128222000
15,1020,1083,30326042,31855148,41.2005463,2915,0.643758535,0.0160339420,32,20.6002731,5.59289539e-05
16,1084,1147,31879423,33409056,41.1863518,2979,0.643536747,0.00246758500,0,0.00000000,0.000678805000
16,1084,1147,31879423,33409056,41.1863518,2979,0.643536747,0.00246758500,1,0.643536747,0.00246758500
16,1084,1147,31879423,33409056,41.1863518,2979,0.643536747,0.00246758500,2,1.28707349,0.00125915800
16,1084,1147,31879423,33409056,41.1863518,2979,0.643536747,0.00246758500,3,1.93061018,0.00125300600
16,1084,1147,31879423,33409056,41.1863518,2979,0.643536747,0.00246758500,4,2.57414699,0.00129857300
16,1084,1147,31879423,33409056,41.1863518,2979,0.643536747,0.00246758500,5,3.21768379,0.000749933000
16,1084,1147,31879423,33409056,41.1863518,2979,0.643536747,0.00246758500,6,3.86122036,0.000694989000
16,1084,1147,31879423,33409056,41.1863518,2979,0.643536747,0.00246758500,7,4.50475740,9.93221460e-05
16,1084,1147,31879423,33409056,41.1863518,2979,0.643536747,0.00246758500,8,5.14829397,0.000190828000
16,1084,1147,31879423,33409056,41.1863518,2979,0.643536747,0.00246758500,9,5.79183054,0.000121834000
16,1084,1147,31879423,33409056,41.1863518,2979,0.643536747,0.00246758500,10,6.43536758,6.49634739e-05
16,1084,1147,31879423,33409056,41.1863518,2979,0.643536747,0.00246758500,11,7.07890415,3.04289311e-05
16,1084,1147,31879423,33409056,41.1863518,2979,0.643536747,0.00246758500,12,7.72244072,6.17233809e-05
16,1084,1147,31879423,33409056,41.1863518,2979,0.643536747,0.00246758500,13,8.36597729,0.000111540000
16,1084,1147,31879423,33409056,41.1863518,2979,0.643536747,0.00246758500,14,9.00951481,1.60254019e-05
16,1084,1147,31879423,33409056,41.1863518,2979,0.643536747,0.00246758500,15,9.65305138,1.86973009e-05
16,1084,1147,31879423,33409056,41.1863518,2979,0.643536747,0.00246758500,16,10.2965879,1.99814310e-05
16,1084,1147,31879423,33409056,41.1863518,2979,0.643536747,0.00246758500,17,10.9401245,3.70773554e-05
16,1084,1147,31879423,33409056,41.1863518,2979,0.643536747,0.00246758500,18,11.5836611,2.13246418e-05
16,1084,1147,31879423,33409056,41.1863518,2979,0.643536747,0.00246758500,19,12.2271986,1.27627680e-05
16,1084,1147,31879423,33409056,41.1863518,2979,0.643536747,0.00246758500,20,12.8707352,6.20192213e-05
16,1084,1147,31879423,33409056,41.1863518,2979,0.643536747,0.00246758500,21,13.5142717,4.63553836e-05
16,1084,1147,31879423,33409056,41.1863518,2979,0.643536747,0.00246758500,22,14.1578083,3.98965816e-05
16,1084,1147,31879423,33409056,41.1863518,2979,0.643536747,0.00246758500,23,14.8013449,1.92728564e-05
16,1084,1147,31879423,33409056,41.1863518,2979,0.643536747,0.00246758500,24,15.4448814,1.46111950e-05
16,1084,1147,31879423,33409056,41.1863518,2979,0.643536747,0.00246758500,25,16.0884190,4.25279904e-06
16,1084,1147,31879423,33409056,41.1863518,2979,0.643536747,0.00246758500,26,16.7319546,3.73125689e-05
16,1084,1147,31879423,33409056,41.1863518,2979,0.643536747,0.00246758500,27,17.3754921,2.37391083e-05
16,1084,1147,31879423,33409056,41.1863518,2979,0.643536747,0.00246758500,28,18.0190296,9.65070831e-06
16,1084,1147,31879423,33409056,41.1863518,2979,0.643536747,0.00246758500,29,18.6625652,2.76731258e-05
16,1084,1147,31879423,33409056,41.1863518,2979,0.643536747,0.00246758500,30,19.3061028,1.72389989e-05
16,1084,1147,31879423,33409056,41.1863518,2979,0.643536747,0.00246758500,31,19.9496384,1.07574040e-05
16,1084,1147,31879423,33409056,41.1863518,2979,0.643536747,0.00246758500,32,20.5931759,6.32813180e-06
17,1148,1211,33433360,34963046,41.1849213,2945,0.643514395,0.0265759160,0,0.00000000,0.00292636200
17,1148,1211,33433360,34963046,41.1849213,2945,0.643514395,0.0265759160,1,0.643514395,0.0265759160
17,1148,1211,33433360,34963046,41.1849213,2945,0.643514395,0.0265759160,2,1.28702879,0.00670424500
17,1148,1211,33433360,34963046,41.1849213,2945,0.643514395,0.0265759160,3,1.93054318,0.000603465000
17,1148,1211,33433360,34963046,41.1849213,2945,0.643514395,0.0265759160,4,2.57405758,0.00297417200
17,1148,1211,33433360,34963046,41.1849213,2945,0.643514395,0.0265759160,5,3.21757197,0.00204980400
17,1148,1211,33433360,34963046,41.1849213,2945,0.643514395,0.0265759160,6,3.86108637,0.00133151400
17,1148,1211,33433360,34963046,41.1849213,2945,0.643514395,0.0265759160,7,4.50460052,0.000527165000
17,1148,1211,33433360,34963046,41.1849213,2945,0.643514395,0.0265759160,8,5.14811516,0.000550955000
17,1148,1211,33433360,34963046,41.1849213,2945,0.643514395,0.0265759160,9,5.79162979,0.000491602000
17,1148,1211,33433360,34963046,41.1849213,2945,0.643514395,0.0265759160,10,6.43514395,0.000369607000
17,1148,1211,33433360,34963046,41.1849213,2945,0.643514395,0.0265759160,11,7.07865810,0.000384301000
17,1148,1211,33433360,34963046,41.1849213,2945,0.643514395,0.0265759160,12,7.72217274,0.000464815000
17,1148,1211,33433360,34963046,41.1849213,2945,0.643514395,0.0265759160,13,8.36568737,0.000385248000
17,1148,1211,33433360,34963046,41.1849213,2945,0.643514395,0.0265759160,14,9.00920105,0.000268957000
17,1148,1211,33433360,34963046,41.1849213,2945,0.643514395,0.0265759160,15,9.65271568,0.000345411000
17,1148,1211,33433360,34963046,41.1849213,2945,0.643514395,0.0265759160,16,10.2962303,0.000271699000
17,1148,1211,33433360,34963046,41.1849213,2945,0.643514395,0.0265759160,17,10.9397449,0.000412886000
17,1148,1211,33433360,34963046,41.1849213,2945,0.643514395,0.0265759160,18,11.5832596,0.000123612000
17,1148,1211,33433360,34963046,41.1849213,2945,0.643514395,0.0265759160,19,12.2267733,0.000392181000
17,1148,1211,33433360,34963046,41.1849213,2945,0.643514395,0.0265759160,20,12.8702879,0.000212405000
17,1148,1211,33433360,34963046,41.1849213,2945,0.643514395,0.0265759160,21,13.5138025,0.000298071000
17,1148,1211,33433360,34963046,41.1849213,2945,0.643514395,0.0265759160,22,14.1573162,0.000249822000
17,1148,1211,33433360,34963046,41.1849213,2945,0.643514395,0.0265759160,23,14.8008308,0.000227229000
17,1148,1211,33433360,34963046,41.1849213,2945,0.643514395,0.0265759160,24,15.4443455,0.000221390000
17,1148,1211,33433360,34963046,41.1849213,2945,0.643514395,0.0265759160,25,16.0878601,0.000246689000
17,1148,1211,33433360,34963046,41.1849213,2945,0.643514395,0.0265759160,26,16.7313747,0.000183312000
17,1148,1211,33433360,34963046,41.1849213,2945,0.643514395,0.0265759160,27,17.3748894,0.000290877000
17,1148,1211,33433360,34963046,41.1849213,2945,0.643514395,0.0265759160,28,18.0184021,0.000112133000
17,1148,1211,33433360,34963046,41.1849213,2945,0.643514395,0.0265759160,29,18.6619167,0.000302683000
17,1148,1211,33433360,34963046,41.1849213,2945,0.643514395,0.0265759160,30,19.3054314,0.000183190000
17,1148,1211,33433360,34963046,41.1849213,2945,0.643514395,0.0265759160,31,19.9489460,0.000204515000
17,1148,1211,33433360,34963046,41.1849213,2945,0.643514395,0.0265759160,32,20.5924606,0.000111218000
18,1212,1275,34987349,36516476,41.1999779,2902,0.643749654,0.0181786900,0,0.00000000,0.00245077200
18,1212,1275,34987349,36516476,41.1999779,2902,0.643749654,0.0181786900,1,0.643749654,0.0181786900
18,1212,1275,34987349,36516476,41.1999779,2902,0.643749654,0.0181786900,2,1.28749931,0.00241767300
18,1212,1275,34987349,36516476,41.1999779,2902,0.643749654,0.0181786900,3,1.93124890,0.00194307500
18,1212,1275,34987349,36516476,41.1999779,2902,0.643749654,0.0181786900,4,2.57499862,0.00313764700
18,1212,1275,34987349,36516476,41.1999779,2902,0.643749654,0.0181786900,5,3.21874833,0.00223004500
18,1212,1275,34987349,36516476,41.1999779,2902,0.643749654,0.0181786900,6,3.86249781,0.00191561300
18,1212,1275,34987349,36516476,41.1999779,2902,0.643749654,0.0181786900,7,4.50624752,0.000266438000
18,1212,1275,34987349,36516476,41.1999779,2902,0.643749654,0.0181786900,8,5.14999723,0.000425883000
18,1212,1275,34987349,36516476,41.1999779,2902,0.643749654,0.0181786900,9,5.79374695,0.000372949000
18,1212,1275,34987349,36516476,41.1999779,2902,0.643749654,0.0181786900,10,6.43749666,0.000200952000
18,1212,1275,34987349,36516476,41.1999779,2902,0.643749654,0.0181786900,11,7.08124638,0.000527965000
18,1212,1275,34987349,36516476,41.1999779,2902,0.643749654,0.0181786900,12,7.72499561,0.000108285000
18,1212,1275,34987349,36516476,41.1999779,2902,0.643749654,0.0181786900,13,8.36874580,0.000158869000
18,1212,1275,34987349,36516476,41.1999779,2902,0.643749654,0.0181786900,14,9.01249504,0.000368202000
18,1212,1275,34987349,36516476,41.1999779,2902,0.643749654,0.0181786900,15,9.65624523,0.000144360000
18,1212,1275,34987349,36516476,41.1999779,2902,0.643749654,0.0181786900,16,10.2999945,0.000191673000
18,1212,1275,34987349,36516476,41.1999779,2902,0.643749654,0.0181786900,17,10.9437437,0.000337372000
18,1212,1275,34987349,36516476,41.1999779,2902,0.643749654,0.0181786900,18,11.5874939,8.78680208e-05
18,1212,1275,34987349,36516476,41.1999779,2902,0.643749654,0.0181786900,19,12.2312431,0.000381539000
18,1212,1275,34987349,36516476,41.1999779,2902,0.643749654,0.0181786900,20,12.8749933,0.000122614000
18,1212,1275,34987349,36516476,41.1999779,2902,0.643749654,0.0181786900,21,13.5187426,0.000206867000
18,1212,1275,34987349,36516476,41.1999779,2902,0.643749654,0.0181786900,22,14.1624928,0.000157313000
18,1212,1275,34987349,36516476,41.1999779,2902,0.643749654,0.0181786900,23,14.8062420,0.000147644000
18,1212,1275,34987349,36516476,41.1999779,2902,0.643749654,0.0181786900,24,15.4499912,0.000168499000
18,1212,1275,34987349,36516476,41.1999779,2902,0.643749654,0.0181786900,25,16.0937405,0.000185730000
18,1212,1275,34987349,36516476,41.1999779,2902,0.643749654,0.0181786900,26,16.7374916,0.000143393000
18,1212,1275,34987349,36516476,41.1999779,2902,0.643749654,0.0181786900,27,17.3812408,0.000151358000
18,1212,1275,34987349,36516476,41.1999779,2902,0.643749654,0.0181786900,28,18.0249901,0.000154509000
18,1212,1275,34987349,36516476,41.1999779,2902,0.643749654,0.0181786900,29,18.6687393,0.000189653000
18,1212,1275,34987349,36516476,41.1999779,2902,0.643749654,0.0181786900,30,19.3124905,0.000152812000
18,1212,1275,34987349,36516476,41.1999779,2902,0.643749654,0.0181786900,31,19.9562397,0.000154383000
18,1212,1275,34987349,36516476,41.1999779,2902,0.643749654,0.0181786900,32,20.5999889,7.72718038e-05
19,1276,1339,36540748,38070323,41.1879120,2921,1.93068337,0.00117204600,0,0.00000000,0.000121315000
19,1276,1339,36540748,38070323,41.1879120,2921,1.93068337,0.00117204600,1,0.643561125,0.000379861000
19,1276,1339,36540748,38070323,41.1879120,2921,1.93068337,0.00117204600,2,1.28712225,0.000798723000
19,1276,1339,36540748,38070323,41.1879120,2921,1.93068337,0.00117204600,3,1.93068337,0.00117204600
19,1276,1339,36540748,38070323,41.1879120,2921,1.93068337,0.00117204600,4,2.57424450,0.000593979000
19,1276,1339,36540748,38070323,41.1879120,2921,1.93068337,0.00117204600,5,3.21780562,0.000716419000
19,1276,1339,36540748,38070323,41.1879120,2921,1.93068337,0.00117204600,6,3.86136675,0.000552772000
19,1276,1339,36540748,38070323,41.1879120,2921,1.93068337,0.00117204600,7,4.50492764,5.18332446e-05
19,1276,1339,36540748,38070323,41.1879120,2921,1.93068337,0.00117204600,8,5.14848900,0.000109907000
19,1276,1339,36540748,38070323,41.1879120,2921,1.93068337,0.00117204600,9,5.79205036,0.000219585000
19,1276,1339,36540748,38070323,41.1879120,2921,1.93068337,0.00117204600,10,6.43561125,0.000134750000
19,1276,1339,36540748,38070323,41.1879120,2921,1.93068337,0.00117204600,11,7.07917213,9.50131857e-05
19,1276,1339,36540748,38070323,41.1879120,2921,1.93068337,0.00117204600,12,7.72273350,0.000128845000
19,1276,1339,36540748,38070323,41.1879120,2921,1.93068337,0.00117204600,13,8.36629486,0.000106921000
19,1276,1339,36540748,38070323,41.1879120,2921,1.93068337,0.00117204600,14,9.00985527,1.29135549e-05
19,1276,1339,36540748,38070323,41.1879120,2921,1.93068337,0.00117204600,15,9.65341663,2.13821055e-05
19,1276,1339,36540748,38070323,41.1879120,2921,1.93068337,0.00117204600,16,10.2969780,4.59326068e-05
19,1276,1339,36540748,38070323,41.1879120,2921,1.93068337,0.00117204600,17,10.9405394,3.68319301e-05
19,1276,1339,36540748,38070323,41.1879120,2921,1.93068337,0.00117204600,18,11.5841007,5.72360178e-05
19,1276,1339,36540748,38070323,41.1879120,2921,1.93068337,0.00117204600,19,12.2276611,6.50280626e-05
19,1276,1339,36540748,38070323,41.1879120,2921,1.93068337,0.00117204600,20,12.8712225,7.28726435e-05
19,1276,1339,36540748,38070323,41.1879120,2921,1.93068337,0.00117204600,21,13.5147839,5.25513998e-05
19,1276,1339,36540748,38070323,41.1879120,2921,1.93068337,0.00117204600,22,14.1583443,1.20028070e-05
19,1276,1339,36540748,38070323,41.1879120,2921,1.93068337,0.00117204600,23,14.8019056,2.93892786e-05
19,1276,1339,36540748,38070323,41.1879120,2921,1.93068337,0.00117204600,24,15.4454670,1.59394328e-05
19,1276,1339,36540748,38070323,41.1879120,2921,1.93068337,0.00117204600,25,16.0890274,1.53623676e-05
19,1276,1339,36540748,38070323,41.1879120,2921,1.93068337,0.00117204600,26,16.7325897,5.61035841e-05
19,1276,1339,36540748,38070323,41.1879120,2921,1.93068337,0.00117204600,27,17.3761501,6.28557382e-05
19,1276,1339,36540748,38070323,41.1879120,2921,1.93068337,0.00117204600,28,18.0197105,4.17180884e-05
19,1276,1339,36540748,38070323,41.1879120,2921,1.93068337,0.00117204600,29,18.6632729,5.53871097e-05
19,1276,1339,36540748,38070323,41.1879120,2921,1.93068337,0.00117204600,30,19.3068333,4.67689460e-06
19,1276,1339,36540748,38070323,41.1879120,2921,1.93068337,0.00117204600,31,19.9503956,1.68676049e-05
19,1276,1339,36540748,38070323,41.1879120,2921,1.93068337,0.00117204600,32,20.5939560,5.37784126e-06
20,1340,1403,38094606,39624256,41.1858940,2918,1.93058872,0.000315270000,0,0.00000000,3.39658540e-05
20,1340,1403,38094606,39624256,41.1858940,2918,1.93058872,0.000315270000,1,0.643529594,0.000193363000
20,1340,1403,38094606,39624256,41.1858940,2918,1.93058872,0.000315270000,2,1.28705919,8.41480711e-05
20,1340,1403,38094606,39624256,41.1858940,2918,1.93058872,0.000315270000,3,1.93058872,0.000315270000
20,1340,1403,38094606,39624256,41.1858940,2918,1.93058872,0.000315270000,4,2.57411838,0.000221880000
20,1340,1403,38094606,39624256,41.1858940,2918,1.93058872,0.000315270000,5,3.21764803,0.000212311000
20,1340,1403,38094606,39624256,41.1858940,2918,1.93058872,0.000315270000,6,3.86117744,0.000178607000
20,1340,1403,38094606,39624256,41.1858940,2918,1.93058872,0.000315270000,7,4.50470734,7.86027219e-05
20,1340,1403,38094606,39624256,41.1858940,2918,1.93058872,0.000315270000,8,5.14823675,4.47730775e-05
20,1340,1403,38094606,39624256,41.1858940,2918,1.93058872,0.000315270000,9,5.79176617,2.56898944e-05
20,1340,1403,38094606,39624256,41.1858940,2918,1.93058872,0.000315270000,10,6.43529606,2.64406768e-05
20,1340,1403,38094606,39624256,41.1858940,2918,1.93058872,0.000315270000,11,7.07882547,7.15148625e-05
20,1340,1403,38094606,39624256,41.1858940,2918,1.93058872,0.000315270000,12,7.72235489,8.05615698e-05
20,1340,1403,38094606,39624256,41.1858940,2918,1.93058872,0.000315270000,13,8.36588478,4.36977273e-05
20,1340,1403,38094606,39624256,41.1858940,2918,1.93058872,0.000315270000,14,9.00941467,6.32553847e-05
20,1340,1403,38094606,39624256,41.1858940,2918,1.93058872,0.000315270000,15,9.65294361,3.92322867e-05
20,1340,1403,38094606,39624256,41.1858940,2918,1.93058872,0.000315270000,16,10.2964735,1.89412892e-05
20,1340,1403,38094606,39624256,41.1858940,2918,1.93058872,0.000315270000,17,10.9400034,1.72548441e-05
20,1340,1403,38094606,39624256,41.1858940,2918,1.93058872,0.000315270000,18,11.5835323,2.42605707e-05
20,1340,1403,38094606,39624256,41.1858940,2918,1.93058872,0.000315270000,19,12.2270622,1.96977759e-05
20,1340,1403,38094606,39624256,41.1858940,2918,1.93058872,0.000315270000,20,12.8705921,1.47833332e-05
20,1340,1403,38094606,39624256,41.1858940,2918,1.93058872,0.000315270000,21,13.5141211,1.78208136e-05
20,1340,1403,38094606,39624256,41.1858940,2918,1.93058872,0.000315270000,22,14.1576509,1.21536430e-05
20,1340,1403,38094606,39624256,41.1858940,2918,1.93058872,0.000315270000,23,14.8011808,1.07706281e-05
20,1340,1403,38094606,39624256,41.1858940,2918,1.93058872,0.000315270000,24,15.4447098,6.03786293e-06
20,1340,1403,38094606,39624256,41.1858940,2918,1.93058872,0.000315270000,25,16.0882397,9.03209093e-06
20,1340,1403,38094606,39624256,41.1858940,2918,1.93058872,0.000315270000,26,16.7317696,1.04451536e-05
20,1340,1403,38094606,39624256,41.1858940,2918,1.93058872,0.000315270000,27,17.3752995,1.05036077e-05
20,1340,1403,38094606,39624256,41.1858940,2918,1.93058872,0.000315270000,28,18.0188293,1.04463796e-05
20,1340,1403,38094606,39624256,41.1858940,2918,1.93058872,0.000315270000,29,18.6623573,6.12867689e-06
20,1340,1403,38094606,39624256,41.1858940,2918,1.93058872,0.000315270000,30,19.3058872,3.59646810e-06
20,1340,1403,38094606,39624256,41.1858940,2918,1.93058872,0.000315270000,31,19.9494171,1.32056755e-06
20,1340,1403,38094606,39624256,41.1858940,2918,1.93058872,0.000315270000,32,20.5929470,4.36091750e-06
21,1404,1467,39648523,41177643,41.2001686,2931,0.643752635,0.0133550230,0,0.00000000,0.000714410000
21,1404,1467,39648523,41177643,41.2001686,2931,0.643752635,0.0133550230,1,0.643752635,0.0133550230
21,1404,1467,39648523,41177643,41.2001686,2931,0.643752635,0.0133550230,2,1.28750527,0.00290712600
21,1404,1467,39648523,41177643,41.2001686,2931,0.643752635,0.0133550230,3,1.93125796,0.000870232000
21,1404,1467,39648523,41177643,41.2001686,2931,0.643752635,0.0133550230,4,2.57501054,0.000854539000
21,1404,1467,39648523,41177643,41.2001686,2931,0.643752635,0.0133550230,5,3.21876311,0.000394502000
21,1404,1467,39648523,41177643,41.2001686,2931,0.643752635,0.0133550230,6,3.86251593,9.21974047e-05
21,1404,1467,39648523,41177643,41.2001686,2931,0.643752635,0.0133550230,7,4.50626850,0.000467955000
21,1404,1467,39648523,41177643,41.2001686,2931,0.643752635,0.0133550230,8,5.15002108,0.000234750000
21,1404,1467,39648523,41177643,41.2001686,2931,0.643752635,0.0133550230,9,5.79377365,0.000258247000
21,1404,1467,39648523,41177643,41.2001686,2931,0.643752635,0.0133550230,10,6.43752623,0.000181588000
21,1404,1467,39648523,41177643,41.2001686,2931,0.643752635,0.0133550230,11,7.08127880,0.000234393000
21,1404,1467,39648523,41177643,41.2001686,2931,0.643752635,0.0133550230,12,7.72503185,0.000196926000
21,1404,1467,39648523,41177643,41.2001686,2931,0.643752635,0.0133550230,13,8.36878395,0.000161071000
21,1404,1467,39648523,41177643,41.2001686,2931,0.643752635,0.0133550230,14,9.01253700,0.000178939000
21,1404,1467,39648523,41177643,41.2001686,2931,0.643752635,0.0133550230,15,9.65628910,0.000153184000
21,1404,1467,39648523,41177643,41.2001686,2931,0.643752635,0.0133550230,16,10.3000422,0.000146889000
21,1404,1467,39648523,41177643,41.2001686,2931,0.643752635,0.0133550230,17,10.9437952,0.000183390000
21,1404,1467,39648523,41177643,41.2001686,2931,0.643752635,0.0133550230,18,11.5875473,0.000104626000
21,1404,1467,39648523,41177643,41.2001686,2931,0.643752635,0.0133550230,19,12.2313004,0.000138974000
21,1404,1467,39648523,41177643,41.2001686,2931,0.643752635,0.0133550230,20,12.8750525,0.000134045000
21,1404,1467,39648523,41177643,41.2001686,2931,0.643752635,0.0133550230,21,13.5188055,0.000149053000
21,1404,1467,39648523,41177643,41.2001686,2931,0.643752635,0.0133550230,22,14.1625576,0.000119616000
21,1404,1467,39648523,41177643,41.2001686,2931,0.643752635,0.0133550230,23,14.8063107,0.000116795000
21,1404,1467,39648523,41177643,41.2001686,2931,0.643752635,0.0133550230,24,15.4500637,0.000114675000
21,1404,1467,39648523,41177643,41.2001686,2931,0.643752635,0.0133550230,25,16.0938168,0.000116910000
21,1404,1467,39648523,41177643,41.2001686,2931,0.643752635,0.0133550230,26,16.7375679,0.000117552000
21,1404,1467,39648523,41177643,41.2001686,2931,0.643752635,0.0133550230,27,17.3813210,9.59753656e-05
21,1404,1467,39648523,41177643,41.2001686,2931,0.643752635,0.0133550230,28,18.0250740,0.000120905000
21,1404,1467,39648523,41177643,41.2001686,2931,0.643752635,0.0133550230,29,18.6688271,0.000109247000
21,1404,1467,39648523,41177643,41.2001686,2931,0.643752635,0.0133550230,30,19.3125782,0.000112351000
21,1404,1467,39648523,41177643,41.2001686,2931,0.643752635,0.0133550230,31,19.9563313,0.000105262000
21,1404,1467,39648523,41177643,41.2001686,2931,0.643752635,0.0133550230,32,20.6000843,5.38732085e-05
22,1468,1531,41201926,42731648,41.1839523,2942,0.643499255,0.0159908380,0,0.00000000,0.000694352000
22,1468,1531,41201926,42731648,41.1839523,2942,0.643499255,0.0159908380,1,0.643499255,0.0159908380
22,1468,1531,41201926,42731648,41.1839523,2942,0.643499255,0.0159908380,2,1.28699851,0.00359244800
22,1468,1531,41201926,42731648,41.1839523,2942,0.643499255,0.0159908380,3,1.93049777,0.00194921400
22,1468,1531,41201926,42731648,41.1839523,2942,0.643499255,0.0159908380,4,2.57399702,0.000690556000
22,1468,1531,41201926,42731648,41.1839523,2942,0.643499255,0.0159908380,5,3.21749640,0.000680765000
22,1468,1531,41201926,42731648,41.1839523,2942,0.643499255,0.0159908380,6,3.86099553,0.000715413000
22,1468,1531,41201926,42731648,41.1839523,2942,0.643499255,0.0159908380,7,4.50449467,0.000154252000
22,1468,1531,41201926,42731648,41.1839523,2942,0.643499255,0.0159908380,8,5.14799404,0.000351232000
22,1468,1531,41201926,42731648,41.1839523,2942,0.643499255,0.0159908380,9,5.79149342,0.000322831000
22,1468,1531,41201926,42731648,41.1839523,2942,0.643499255,0.0159908380,10,6.43499279,0.000212523000
22,1468,1531,41201926,42731648,41.1839523,2942,0.643499255,0.0159908380,11,7.07849169,0.000345529000
22,1468,1531,41201926,42731648,41.1839523,2942,0.643499255,0.0159908380,12,7.72199106,0.000155067000
22,1468,1531,41201926,42731648,41.1839523,2942,0.643499255,0.0159908380,13,8.36548996,0.000268465000
22,1468,1531,41201926,42731648,41.1839523,2942,0.643499255,0.0159908380,14,9.00898933,0.000202100000
22,1468,1531,41201926,42731648,41.1839523,2942,0.643499255,0.0159908380,15,9.65248871,0.000193506000
22,1468,1531,41201926,42731648,41.1839523,2942,0.643499255,0.0159908380,16,10.2959881,0.000199014000
22,1468,1531,41201926,42731648,41.1839523,2942,0.643499255,0.0159908380,17,10.9394875,0.000142622000
22,1468,1531,41201926,42731648,41.1839523,2942,0.643499255,0.0159908380,18,11.5829868,0.000207328000
22,1468,1531,41201926,42731648,41.1839523,2942,0.643499255,0.0159908380,19,12.2264862,0.000154982000
22,1468,1531,41201926,42731648,41.1839523,2942,0.643499255,0.0159908380,20,12.8699856,0.000165473000
22,1468,1531,41201926,42731648,41.1839523,2942,0.643499255,0.0159908380,21,13.5134840,0.000159856000
22,1468,1531,41201926,42731648,41.1839523,2942,0.643499255,0.0159908380,22,14.1569834,0.000139381000
22,1468,1531,41201926,42731648,41.1839523,2942,0.643499255,0.0159908380,23,14.8004827,0.000154462000
22,1468,1531,41201926,42731648,41.1839523,2942,0.643499255,0.0159908380,24,15.4439821,0.000144291000
22,1468,1531,41201926,42731648,41.1839523,2942,0.643499255,0.0159908380,25,16.0874805,0.000140709000
22,1468,1531,41201926,42731648,41.1839523,2942,0.643499255,0.0159908380,26,16.7309799,0.000150546000
22,1468,1531,41201926,42731648,41.1839523,2942,0.643499255,0.0159908380,27,17.3744793,0.000130943000
22,1468,1531,41201926,42731648,41.1839523,2942,0.643499255,0.0159908380,28,18.0179787,0.000137792000
22,1468,1531,41201926,42731648,41.1839523,2942,0.643499255,0.0159908380,29,18.6614780,0.000150380000
22,1468,1531,41201926,42731648,41.1839523,2942,0.643499255,0.0159908380,30,19.3049774,0.000123850000
22,1468,1531,41201926,42731648,41.1839523,2942,0.643499255,0.0159908380,31,19.9484768,0.000143206000
22,1468,1531,41201926,42731648,41.1839523,2942,0.643499255,0.0159908380,32,20.5919762,6.47112092e-05
23,1532,1595,42755944,44285090,41.1994667,2920,0.643741667,0.0151321590,0,0.00000000,0.000425823000
23,1532,1595,42755944,44285090,41.1994667,2920,0.643741667,0.0151321590,1,0.643741667,0.0151321590
23,1532,1595,42755944,44285090,41.1994667,2920,0.643741667,0.0151321590,2,1.28748333,0.00203829800
23,1532,1595,42755944,44285090,41.1994667,2920,0.643741667,0.0151321590,3,1.93122506,0.000759851000
23,1532,1595,42755944,44285090,41.1994667,2920,0.643741667,0.0151321590,4,2.57496667,0.000846424000
23,1532,1595,42755944,44285090,41.1994667,2920,0.643741667,0.0151321590,5,3.21870828,0.000629415000
23,1532,1595,42755944,44285090,41.1994667,2920,0.643741667,0.0151321590,6,3.86245012,0.00106867400
23,1532,1595,42755944,44285090,41.1994667,2920,0.643741667,0.0151321590,7,4.50619173,0.000373783000
23,1532,1595,42755944,44285090,41.1994667,2920,0.643741667,0.0151321590,8,5.14993334,0.000295828000
23,1532,1595,42755944,44285090,41.1994667,2920,0.643741667,0.0151321590,9,5.79367495,0.000262216000
23,1532,1595,42755944,44285090,41.1994667,2920,0.643741667,0.0151321590,10,6.43741655,0.000255757000
23,1532,1595,42755944,44285090,41.1994667,2920,0.643741667,0.0151321590,11,7.08115816,0.000303037000
23,1532,1595,42755944,44285090,41.1994667,2920,0.643741667,0.0151321590,12,7.72490025,0.000117038000
23,1532,1595,42755944,44285090,41.1994667,2920,0.643741667,0.0151321590,13,8.36864185,0.000276986000
23,1532,1595,42755944,44285090,41.1994667,2920,0.643741667,0.0151321590,14,9.01238346,0.000212536000
23,1532,1595,42755944,44285090,41.1994667,2920,0.643741667,0.0151321590,15,9.65612507,0.000176769000
23,1532,1595,42755944,44285090,41.1994667,2920,0.643741667,0.0151321590,16,10.2998667,0.000191258000
23,1532,1595,42755944,44285090,41.1994667,2920,0.643741667,0.0151321590,17,10.9436083,0.000182768000
23,1532,1595,42755944,44285090,41.1994667,2920,0.643741667,0.0151321590,18,11.5873499,0.000173619000
23,1532,1595,42755944,44285090,41.1994667,2920,0.643741667,0.0151321590,19,12.2310915,0.000145987000
23,1532,1595,42755944,44285090,41.1994667,2920,0.643741667,0.0151321590,20,12.8748331,0.000166826000
23,1532,1595,42755944,44285090,41.1994667,2920,0.643741667,0.0151321590,21,13.5185747,0.000178524000
23,1532,1595,42755944,44285090,41.1994667,2920,0.643741667,0.0151321590,22,14.1623163,0.000130239000
23,1532,1595,42755944,44285090,41.1994667,2920,0.643741667,0.0151321590,23,14.8060579,0.000156108000
23,1532,1595,42755944,44285090,41.1994667,2920,0.643741667,0.0151321590,24,15.4498005,0.000138152000
23,1532,1595,42755944,44285090,41.1994667,2920,0.643741667,0.0151321590,25,16.0935421,0.000142700000
23,1532,1595,42755944,44285090,41.1994667,2920,0.643741667,0.0151321590,26,16.7372837,0.000131001000
23,1532,1595,42755944,44285090,41.1994667,2920,0.643741667,0.0151321590,27,17.3810253,0.000139771000
23,1532,1595,42755944,44285090,41.1994667,2920,0.643741667,0.0151321590,28,18.0247669,0.000132234000
23,1532,1595,42755944,44285090,41.1994667,2920,0.643741667,0.0151321590,29,18.6685085,0.000138929000
23,1532,1595,42755944,44285090,41.1994667,2920,0.643741667,0.0151321590,30,19.3122501,0.000140320000
23,1532,1595,42755944,44285090,41.1994667,2920,0.643741667,0.0151321590,31,19.9559917,0.000123483000
23,1532,1595,42755944,44285090,41.1994667,2920,0.643741667,0.0151321590,32,20.5997334,6.84743563e-05
24,1596,1659,44309364,45839084,41.1840057,2978,0.643500090,0.00140458100,0,0.00000000,0.000897264000
24,1596,1659,44309364,45839084,41.1840057,2978,0.643500090,0.00140458100,1,0.643500090,0.00140458100
24,1596,1659,44309364,45839084,41.1840057,2978,0.643500090,0.00140458100,2,1.28700018,0.000594315000
24,1596,1659,44309364,45839084,41.1840057,2978,0.643500090,0.00140458100,3,1.93050027,0.000628740000
24,1596,1659,44309364,45839084,41.1840057,2978,0.643500090,0.00140458100,4,2.57400036,0.000379187000
24,1596,1659,44309364,45839084,41.1840057,2978,0.643500090,0.00140458100,5,3.21750045,0.000262214000
24,1596,1659,44309364,45839084,41.1840057,2978,0.643500090,0.00140458100,6,3.86100054,3.38922868e-05
24,1596,1659,44309364,45839084,41.1840057,2978,0.643500090,0.00140458100,7,4.50450039,7.14906481e-05
24,1596,1659,44309364,45839084,41.1840057,2978,0.643500090,0.00140458100,8,5.14800072,2.77881095e-05
24,1596,1659,44309364,45839084,41.1840057,2978,0.643500090,0.00140458100,9,5.79150105,0.000127003000
24,1596,1659,44309364,45839084,41.1840057,2978,0.643500090,0.00140458100,10,6.43500090,0.000102545000
24,1596,1659,44309364,45839084,41.1840057,2978,0.643500090,0.00140458100,11,7.07850075,9.08643402e-05
24,1596,1659,44309364,45839084,41.1840057,2978,0.643500090,0.00140458100,12,7.72200108,0.000128826000
24,1596,1659,44309364,45839084,41.1840057,2978,0.643500090,0.00140458100,13,8.36550140,0.000100577000
24,1596,1659,44309364,45839084,41.1840057,2978,0.643500090,0.00140458100,14,9.00900078,8.55868044e-05
24,1596,1659,44309364,45839084,41.1840057,2978,0.643500090,0.00140458100,15,9.65250111,1.22652316e-05
24,1596,1659,44309364,45839084,41.1840057,2978,0.643500090,0.00140458100,16,10.2960014,1.12882061e-05
24,1596,1659,44309364,45839084,41.1840057,2978,0.643500090,0.00140458100,17,10.9395018,6.37529865e-06
24,1596,1659,44309364,45839084,41.1840057,2978,0.643500090,0.00140458100,18,11.5830021,1.77624622e-05
24,1596,1659,44309364,45839084,41.1840057,2978,0.643500090,0.00140458100,19,12.2265015,2.36207576e-05
24,1596,1659,44309364,45839084,41.1840057,2978,0.643500090,0.00140458100,20,12.8700018,6.77054277e-06
24,1596,1659,44309364,45839084,41.1840057,2978,0.643500090,0.00140458100,21,13.5135021,3.80855739e-05
24,1596,1659,44309364,45839084,41.1840057,2978,0.643500090,0.00140458100,22,14.1570015,8.39797485e-06
24,1596,1659,44309364,45839084,41.1840057,2978,0.643500090,0.00140458100,23,14.8005018,2.62976391e-06
24,1596,1659,44309364,45839084,41.1840057,2978,0.643500090,0.00140458100,24,15.4440022,9.01876956e-06
24,1596,1659,44309364,45839084,41.1840057,2978,0.643500090,0.00140458100,25,16.0875015,1.26001822e-05
24,1596,1659,44309364,45839084,41.1840057,2978,0.643500090,0.00140458100,26,16.7310028,6.77858725e-06
24,1596,1659,44309364,45839084,41.1840057,2978,0.643500090,0.00140458100,27,17.3745022,8.43746602e-06
24,1596,1659,44309364,45839084,41.1840057,2978,0.643500090,0.00140458100,28,18.0180016,1.24172955e-05
24,1596,1659,44309364,45839084,41.1840057,2978,0.643500090,0.00140458100,29,18.6615028,1.35283988e-05
24,1596,1659,44309364,45839084,41.1840057,2978,0.643500090,0.00140458100,30,19.3050022,1.23519683e-05
24,1596,1659,44309364,45839084,41.1840057,2978,0.643500090,0.00140458100,31,19.9485035,4.90769344e-06
24,1596,1659,44309364,45839084,41.1840057,2978,0.643500090,0.00140458100,32,20.5920029,5.87476052e-06
25,1660,1723,45863379,47393046,41.1854362,2954,0.643522441,0.0336582180,0,0.00000000,0.00631198700
25,1660,1723,45863379,47393046,41.1854362,2954,0.643522441,0.0336582180,1,0.643522441,0.0336582180
25,1660,1723,45863379,47393046,41.1854362,2954,0.643522441,0.0336582180,2,1.28704488,0.00568769500
25,1660,1723,45863379,47393046,41.1854362,2954,0.643522441,0.0336582180,3,1.93056726,0.000618039000
25,1660,1723,45863379,47393046,41.1854362,2954,0.643522441,0.0336582180,4,2.57408977,0.00116833300
25,1660,1723,45863379,47393046,41.1854362,2954,0.643522441,0.0336582180,5,3.21761227,0.00165213300
25,1660,1723,45863379,47393046,41.1854362,2954,0.643522441,0.0336582180,6,3.86113453,0.000776584000
25,1660,1723,45863379,47393046,41.1854362,2954,0.643522441,0.0336582180,7,4.50465727,0.000649458000
25,1660,1723,45863379,47393046,41.1854362,2954,0.643522441,0.0336582180,8,5.14817953,0.000619172000
25,1660,1723,45863379,47393046,41.1854362,2954,0.643522441,0.0336582180,9,5.79170179,0.000575012000
25,1660,1723,45863379,47393046,41.1854362,2954,0.643522441,0.0336582180,10,6.43522453,0.000497167000
25,1660,1723,45863379,47393046,41.1854362,2954,0.643522441,0.0336582180,11,7.07874680,0.000570868000
25,1660,1723,45863379,47393046,41.1854362,2954,0.643522441,0.0336582180,12,7.72226906,0.000392356000
25,1660,1723,45863379,47393046,41.1854362,2954,0.643522441,0.0336582180,13,8.36579132,0.000438288000
25,1660,1723,45863379,47393046,41.1854362,2954,0.643522441,0.0336582180,14,9.00931454,0.000386718000
25,1660,1723,45863379,47393046,41.1854362,2954,0.643522441,0.0336582180,15,9.65283680,0.000382791000
25,1660,1723,45863379,47393046,41.1854362,2954,0.643522441,0.0336582180,16,10.2963591,0.000350873000
25,1660,1723,45863379,47393046,41.1854362,2954,0.643522441,0.0336582180,17,10.9398813,0.000371876000
25,1660,1723,45863379,47393046,41.1854362,2954,0.643522441,0.0336582180,18,11.5834036,0.000303333000
25,1660,1723,45863379,47393046,41.1854362,2954,0.643522441,0.0336582180,19,12.2269268,0.000328165000
25,1660,1723,45863379,47393046,41.1854362,2954,0.643522441,0.0336582180,20,12.8704491,0.000335382000
25,1660,1723,45863379,47393046,41.1854362,2954,0.643522441,0.0336582180,21,13.5139713,0.000286508000
25,1660,1723,45863379,47393046,41.1854362,2954,0.643522441,0.0336582180,22,14.1574936,0.000292781000
25,1660,1723,45863379,47393046,41.1854362,2954,0.643522441,0.0336582180,23,14.8010159,0.000267168000
25,1660,1723,45863379,47393046,41.1854362,2954,0.643522441,0.0336582180,24,15.4445381,0.000281877000
25,1660,1723,45863379,47393046,41.1854362,2954,0.643522441,0.0336582180,25,16.0880604,0.000271701000
25,1660,1723,45863379,47393046,41.1854362,2954,0.643522441,0.0336582180,26,16.7315826,0.000263146000
25,1660,1723,45863379,47393046,41.1854362,2954,0.643522441,0.0336582180,27,17.3751068,0.000281651000
25,1660,1723,45863379,47393046,41.1854362,2954,0.643522441,0.0336582180,28,18.0186291,0.000244075000
25,1660,1723,45863379,47393046,41.1854362,2954,0.643522441,0.0336582180,29,18.6621513,0.000263432000
25,1660,1723,45863379,47393046,41.1854362,2954,0.643522441,0.0336582180,30,19.3056736,0.000272160000
25,1660,1723,45863379,47393046,41.1854362,2954,0.643522441,0.0336582180,31,19.9491959,0.000241152000
25,1660,1723,45863379,47393046,41.1854362,2954,0.643522441,0.0336582180,32,20.5927181,0.000131338000
26,1724,1787,47417334,48946435,41.2006798,2932,0.643760622,0.0129539530,0,0.00000000,0.00334211500
26,1724,1787,47417334,48946435,41.2006798,2932,0.643760622,0.0129539530,1,0.643760622,0.0129539530
26,1724,1787,47417334,48946435,41.2006798,2932,0.643760622,0.0129539530,2,1.28752124,0.00194539900
26,1724,1787,47417334,48946435,41.2006798,2932,0.643760622,0.0129539530,3,1.93128181,0.000260537000
26,1724,1787,47417334,48946435,41.2006798,2932,0.643760622,0.0129539530,4,2.57504249,0.000563455000
26,1724,1787,47417334,48946435,41.2006798,2932,0.643760622,0.0129539530,5,3.21880317,0.000891639000
26,1724,1787,47417334,48946435,41.2006798,2932,0.643760622,0.0129539530,6,3.86256361,0.000245703000
26,1724,1787,47417334,48946435,41.2006798,2932,0.643760622,0.0129539530,7,4.50632429,0.000173482000
26,1724,1787,47417334,48946435,41.2006798,2932,0.643760622,0.0129539530,8,5.15008497,0.000283831000
26,1724,1787,47417334,48946435,41.2006798,2932,0.643760622,0.0129539530,9,5.79384565,0.000309842000
26,1724,1787,47417334,48946435,41.2006798,2932,0.643760622,0.0129539530,10,6.43760633,0.000261950000
26,1724,1787,47417334,48946435,41.2006798,2932,0.643760622,0.0129539530,11,7.08136702,0.000177727000
26,1724,1787,47417334,48946435,41.2006798,2932,0.643760622,0.0129539530,12,7.72512722,0.000246491000
26,1724,1787,47417334,48946435,41.2006798,2932,0.643760622,0.0129539530,13,8.36888790,0.000254549000
26,1724,1787,47417334,48946435,41.2006798,2932,0.643760622,0.0129539530,14,9.01264858,0.000116756000
26,1724,1787,47417334,48946435,41.2006798,2932,0.643760622,0.0129539530,15,9.65640926,0.000216574000
26,1724,1787,47417334,48946435,41.2006798,2932,0.643760622,0.0129539530,16,10.3001699,0.000158519000
26,1724,1787,47417334,48946435,41.2006798,2932,0.643760622,0.0129539530,17,10.9439306,0.000135677000
26,1724,1787,47417334,48946435,41.2006798,2932,0.643760622,0.0129539530,18,11.5876913,0.000200064000
26,1724,1787,47417334,48946435,41.2006798,2932,0.643760622,0.0129539530,19,12.2314520,0.000127639000
26,1724,1787,47417334,48946435,41.2006798,2932,0.643760622,0.0129539530,20,12.8752127,0.000179621000
26,1724,1787,47417334,48946435,41.2006798,2932,0.643760622,0.0129539530,21,13.5189734,0.000128402000
26,1724,1787,47417334,48946435,41.2006798,2932,0.643760622,0.0129539530,22,14.1627340,0.000175288000
26,1724,1787,47417334,48946435,41.2006798,2932,0.643760622,0.0129539530,23,14.8064947,0.000118242000
26,1724,1787,47417334,48946435,41.2006798,2932,0.643760622,0.0129539530,24,15.4502544,0.000136480000
26,1724,1787,47417334,48946435,41.2006798,2932,0.643760622,0.0129539530,25,16.0940151,0.000131487000
26,1724,1787,47417334,48946435,41.2006798,2932,0.643760622,0.0129539530,26,16.7377758,0.000119106000
26,1724,1787,47417334,48946435,41.2006798,2932,0.643760622,0.0129539530,27,17.3815365,0.000160033000
26,1724,1787,47417334,48946435,41.2006798,2932,0.643760622,0.0129539530,28,18.0252972,7.87570523e-05
26,1724,1787,47417334,48946435,41.2006798,2932,0.643760622,0.0129539530,29,18.6690578,0.000163525000
26,1724,1787,47417334,48946435,41.2006798,2932,0.643760622,0.0129539530,30,19.3128185,9.85521969e-05
26,1724,1787,47417334,48946435,41.2006798,2932,0.643760622,0.0129539530,31,19.9565792,0.000135821000
26,1724,1787,47417334,48946435,41.2006798,2932,0.643760622,0.0129539530,32,20.6003399,5.76060912e-05
27,1788,1851,48970727,50500387,41.1856232,2950,0.643525362,0.000146710000,0,0.00000000,9.10890727e-05
27,1788,1851,48970727,50500387,41.1856232,2950,0.643525362,0.000146710000,1,0.643525362,0.000146710000
27,1788,1851,48970727,50500387,41.1856232,2950,0.643525362,0.000146710000,2,1.28705072,8.46706522e-05
27,1788,1851,48970727,50500387,41.1856232,2950,0.643525362,0.000146710000,3,1.93057609,0.000146276000
27,1788,1851,48970727,50500387,41.1856232,2950,0.643525362,0.000146710000,4,2.57410145,9.79887831e-05
27,1788,1851,48970727,50500387,41.1856232,2950,0.643525362,0.000146710000,5,3.21762681,9.02222660e-05
27,1788,1851,48970727,50500387,41.1856232,2950,0.643525362,0.000146710000,6,3.86115217,7.60952378e-05
27,1788,1851,48970727,50500387,41.1856232,2950,0.643525362,0.000146710000,7,4.50467777,3.67982024e-05
27,1788,1851,48970727,50500387,41.1856232,2950,0.643525362,0.000146710000,8,5.14820290,2.65638078e-05
27,1788,1851,48970727,50500387,41.1856232,2950,0.643525362,0.000146710000,9,5.79172802,5.43247398e-05
27,1788,1851,48970727,50500387,41.1856232,2950,0.643525362,0.000146710000,10,6.43525362,3.06861289e-05
27,1788,1851,48970727,50500387,41.1856232,2950,0.643525362,0.000146710000,11,7.07877922,6.92367311e-05
27,1788,1851,48970727,50500387,41.1856232,2950,0.643525362,0.000146710000,12,7.72230434,4.13324554e-05
27,1788,1851,48970727,50500387,41.1856232,2950,0.643525362,0.000146710000,13,8.36582947,4.37862903e-05
27,1788,1851,48970727,50500387,41.1856232,2950,0.643525362,0.000146710000,14,9.00935555,4.43323291e-05
27,1788,1851,48970727,50500387,41.1856232,2950,0.643525362,0.000146710000,15,9.65288067,2.27274865e-05
27,1788,1851,48970727,50500387,41.1856232,2950,0.643525362,0.000146710000,16,10.2964058,1.59848239e-05
27,1788,1851,48970727,50500387,41.1856232,2950,0.643525362,0.000146710000,17,10.9399309,2.26046519e-05
27,1788,1851,48970727,50500387,41.1856232,2950,0.643525362,0.000146710000,18,11.5834560,3.79825900e-05
27,1788,1851,48970727,50500387,41.1856232,2950,0.643525362,0.000146710000,19,12.2269821,3.52183592e-05
27,1788,1851,48970727,50500387,41.1856232,2950,0.643525362,0.000146710000,20,12.8705072,4.16037686e-05
27,1788,1851,48970727,50500387,41.1856232,2950,0.643525362,0.000146710000,21,13.5140324,1.97949482e-05
27,1788,1851,48970727,50500387,41.1856232,2950,0.643525362,0.000146710000,22,14.1575584,9.80364894e-06
27,1788,1851,48970727,50500387,41.1856232,2950,0.643525362,0.000146710000,23,14.8010836,9.70211386e-06
27,1788,1851,48970727,50500387,41.1856232,2950,0.643525362,0.000146710000,24,15.4446087,6.40158214e-06
27,1788,1851,48970727,50500387,41.1856232,2950,0.643525362,0.000146710000,25,16.0881348,9.48451998e-06
27,1788,1851,48970727,50500387,41.1856232,2950,0.643525362,0.000146710000,26,16.7316589,3.10538667e-05
27,1788,1851,48970727,50500387,41.1856232,2950,0.643525362,0.000146710000,27,17.3751850,1.98734339e-05
27,1788,1851,48970727,50500387,41.1856232,2950,0.643525362,0.000146710000,28,18.0187111,1.81083066e-05
27,1788,1851,48970727,50500387,41.1856232,2950,0.643525362,0.000146710000,29,18.6622353,9.82495385e-06
27,1788,1851,48970727,50500387,41.1856232,2950,0.643525362,0.000146710000,30,19.3057613,5.51061021e-06
27,1788,1851,48970727,50500387,41.1856232,2950,0.643525362,0.000146710000,31,19.9492855,3.75406148e-06
27,1788,1851,48970727,50500387,41.1856232,2950,0.643525362,0.000146710000,32,20.5928116,1.58944795e-06
28,1852,1915,50524695,52054346,41.1858635,2953,0.643529117,0.00580851100,0,0.00000000,0.00110928400
28,1852,1915,50524695,52054346,41.1858635,2953,0.643529117,0.00580851100,1,0.643529117,0.00580851100
28,1852,1915,50524695,52054346,41.1858635,2953,0.643529117,0.00580851100,2,1.28705823,0.00247297200
28,1852,1915,50524695,52054346,41.1858635,2953,0.643529117,0.00580851100,3,1.93058729,0.00238801100
28,1852,1915,50524695,52054346,41.1858635,2953,0.643529117,0.00580851100,4,2.57411647,0.00100378500
28,1852,1915,50524695,52054346,41.1858635,2953,0.643529117,0.00580851100,5,3.21764565,0.00198612300
28,1852,1915,50524695,52054346,41.1858635,2953,0.643529117,0.00580851100,6,3.86117458,0.00180371900
28,1852,1915,50524695,52054346,41.1858635,2953,0.643529117,0.00580851100,7,4.50470400,0.000792438000
28,1852,1915,50524695,52054346,41.1858635,2953,0.643529117,0.00580851100,8,5.14823294,1.86550839e-05
28,1852,1915,50524695,52054346,41.1858635,2953,0.643529117,0.00580851100,9,5.79176188,0.000370614000
28,1852,1915,50524695,52054346,41.1858635,2953,0.643529117,0.00580851100,10,6.43529129,0.000219862000
28,1852,1915,50524695,52054346,41.1858635,2953,0.643529117,0.00580851100,11,7.07882023,0.000155670000
28,1852,1915,50524695,52054346,41.1858635,2953,0.643529117,0.00580851100,12,7.72234917,7.71794501e-05
28,1852,1915,50524695,52054346,41.1858635,2953,0.643529117,0.00580851100,13,8.36587811,4.77608112e-05
28,1852,1915,50524695,52054346,41.1858635,2953,0.643529117,0.00580851100,14,9.00940800,5.85858170e-05
28,1852,1915,50524695,52054346,41.1858635,2953,0.643529117,0.00580851100,15,9.65293694,6.03025574e-05
28,1852,1915,50524695,52054346,41.1858635,2953,0.643529117,0.00580851100,16,10.2964659,8.28745821e-05
28,1852,1915,50524695,52054346,41.1858635,2953,0.643529117,0.00580851100,17,10.9399948,5.76361081e-05
28,1852,1915,50524695,52054346,41.1858635,2953,0.643529117,0.00580851100,18,11.5835238,2.55078736e-05
28,1852,1915,50524695,52054346,41.1858635,2953,0.643529117,0.00580851100,19,12.2270536,0.000164308000
28,1852,1915,50524695,52054346,41.1858635,2953,0.643529117,0.00580851100,20,12.8705826,5.49258394e-05
28,1852,1915,50524695,52054346,41.1858635,2953,0.643529117,0.00580851100,21,13.5141115,0.000136358000
28,1852,1915,50524695,52054346,41.1858635,2953,0.643529117,0.00580851100,22,14.1576405,5.78256214e-05
28,1852,1915,50524695,52054346,41.1858635,2953,0.643529117,0.00580851100,23,14.8011694,6.93492901e-05
28,1852,1915,50524695,52054346,41.1858635,2953,0.643529117,0.00580851100,24,15.4446983,3.60704466e-05
28,1852,1915,50524695,52054346,41.1858635,2953,0.643529117,0.00580851100,25,16.0882282,4.69009021e-05
28,1852,1915,50524695,52054346,41.1858635,2953,0.643529117,0.00580851100,26,16.7317562,4.91499843e-05
28,1852,1915,50524695,52054346,41.1858635,2953,0.643529117,0.00580851100,27,17.3752861,4.37703668e-05
28,1852,1915,50524695,52054346,41.1858635,2953,0.643529117,0.00580851100,28,18.0188160,2.14115968e-05
28,1852,1915,50524695,52054346,41.1858635,2953,0.643529117,0.00580851100,29,18.6623440,4.52843044e-05
28,1852,1915,50524695,52054346,41.1858635,2953,0.643529117,0.00580851100,30,19.3058739,3.71311466e-05
28,1852,1915,50524695,52054346,41.1858635,2953,0.643529117,0.00580851100,31,19.9494019,4.07192341e-05
28,1852,1915,50524695,52054346,41.1858635,2953,0.643529117,0.00580851100,32,20.5929317,1.66745501e-05
29,1916,1979,52078635,53607736,41.2006798,2910,0.643760622,0.00685130900,0,0.00000000,0.000577592000
29,1916,1979,52078635,53607736,41.2006798,2910,0.643760622,0.00685130900,1,0.643760622,0.00685130900
29,1916,1979,52078635,53607736,41.2006798,2910,0.643760622,0.00685130900,2,1.28752124,0.000929728000
29,1916,1979,52078635,53607736,41.2006798,2910,0.643760622,0.00685130900,3,1.93128181,0.00152725900
29,1916,1979,52078635,53607736,41.2006798,2910,0.643760622,0.00685130900,4,2.57504249,0.000540107000
29,1916,1979,52078635,53607736,41.2006798,2910,0.643760622,0.00685130900,5,3.21880317,0.00118946900
29,1916,1979,52078635,53607736,41.2006798,2910,0.643760622,0.00685130900,6,3.86256361,0.000279138000
29,1916,1979,52078635,53607736,41.2006798,2910,0.643760622,0.00685130900,7,4.50632429,0.000114756000
29,1916,1979,52078635,53607736,41.2006798,2910,0.643760622,0.00685130900,8,5.15008497,0.000346643000
29,1916,1979,52078635,53607736,41.2006798,2910,0.643760622,0.00685130900,9,5.79384565,0.000350733000
29,1916,1979,52078635,53607736,41.2006798,2910,0.643760622,0.00685130900,10,6.43760633,0.000127429000
29,1916,1979,52078635,53607736,41.2006798,2910,0.643760622,0.00685130900,11,7.08136702,0.000136667000
29,1916,1979,52078635,53607736,41.2006798,2910,0.643760622,0.00685130900,12,7.72512722,0.000408192000
29,1916,1979,52078635,53607736,41.2006798,2910,0.643760622,0.00685130900,13,8.36888790,5.01355964e-05
29,1916,1979,52078635,53607736,41.2006798,2910,0.643760622,0.00685130900,14,9.01264858,0.000191660000
29,1916,1979,52078635,53607736,41.2006798,2910,0.643760622,0.00685130900,15,9.65640926,0.000179362000
29,1916,1979,52078635,53607736,41.2006798,2910,0.643760622,0.00685130900,16,10.3001699,9.90452594e-05
29,1916,1979,52078635,53607736,41.2006798,2910,0.643760622,0.00685130900,17,10.9439306,0.000131414000
29,1916,1979,52078635,53607736,41.2006798,2910,0.643760622,0.00685130900,18,11.5876913,0.000200878000
29,1916,1979,52078635,53607736,41.2006798,2910,0.643760622,0.00685130900,19,12.2314520,8.82878703e-06
29,1916,1979,52078635,53607736,41.2006798,2910,0.643760622,0.00685130900,20,12.8752127,0.000197394000
29,1916,1979,52078635,53607736,41.2006798,2910,0.643760622,0.00685130900,21,13.5189734,0.000118930000
29,1916,1979,52078635,53607736,41.2006798,2910,0.643760622,0.00685130900,22,14.1627340,8.19659242e-05
29,1916,1979,52078635,53607736,41.2006798,2910,0.643760622,0.00685130900,23,14.8064947,0.000147724000
29,1916,1979,52078635,53607736,41.2006798,2910,0.643760622,0.00685130900,24,15.4502544,9.25644258e-05
29,1916,1979,52078635,53607736,41.2006798,2910,0.643760622,0.00685130900,25,16.0940151,8.78927372e-05
29,1916,1979,52078635,53607736,41.2006798,2910,0.643760622,0.00685130900,26,16.7377758,0.000117594000
29,1916,1979,52078635,53607736,41.2006798,2910,0.643760622,0.00685130900,27,17.3815365,0.000173812000
29,1916,1979,52078635,53607736,41.2006798,2910,0.643760622,0.00685130900,28,18.0252972,3.35844774e-05
29,1916,1979,52078635,53607736,41.2006798,2910,0.643760622,0.00685130900,29,18.6690578,0.000110827000
29,1916,1979,52078635,53607736,41.2006798,2910,0.643760622,0.00685130900,30,19.3128185,8.89577846e-05
29,1916,1979,52078635,53607736,41.2006798,2910,0.643760622,0.00685130900,31,19.9565792,0.000112620000
29,1916,1979,52078635,53607736,41.2006798,2910,0.643760622,0.00685130900,32,20.6003399,3.72012250e-05
30,1980,2043,53632006,55161690,41.1849785,2969,0.643515289,0.0136600980,0,0.00000000,0.000800462000
30,1980,2043,53632006,55161690,41.1849785,2969,0.643515289,0.0136600980,1,0.643515289,0.0136600980
30,1980,2043,53632006,55161690,41.1849785,2969,0.643515289,0.0136600980,2,1.28703058,0.00353672200
30,1980,2043,53632006,55161690,41.1849785,2969,0.643515289,0.0136600980,3,1.93054581,0.00242402800
30,1980,2043,53632006,55161690,41.1849785,2969,0.643515289,0.0136600980,4,2.57406116,0.00100317800
30,1980,2043,53632006,55161690,41.1849785,2969,0.643515289,0.0136600980,5,3.21757650,0.00138727000
30,1980,2043,53632006,55161690,41.1849785,2969,0.643515289,0.0136600980,6,3.86109161,0.000789579000
30,1980,2043,53632006,55161690,41.1849785,2969,0.643515289,0.0136600980,7,4.50460720,0.000679543000
30,1980,2043,53632006,55161690,41.1849785,2969,0.643515289,0.0136600980,8,5.14812231,0.000447090000
30,1980,2043,53632006,55161690,41.1849785,2969,0.643515289,0.0136600980,9,5.79163742,0.000387017000
30,1980,2043,53632006,55161690,41.1849785,2969,0.643515289,0.0136600980,10,6.43515301,0.000256507000
30,1980,2043,53632006,55161690,41.1849785,2969,0.643515289,0.0136600980,11,7.07866812,0.000303193000
30,1980,2043,53632006,55161690,41.1849785,2969,0.643515289,0.0136600980,12,7.72218323,0.000209655000
30,1980,2043,53632006,55161690,41.1849785,2969,0.643515289,0.0136600980,13,8.36569881,0.000272287000
30,1980,2043,53632006,55161690,41.1849785,2969,0.643515289,0.0136600980,14,9.00921440,0.000266178000
30,1980,2043,53632006,55161690,41.1849785,2969,0.643515289,0.0136600980,15,9.65272903,0.000176982000
30,1980,2043,53632006,55161690,41.1849785,2969,0.643515289,0.0136600980,16,10.2962446,0.000200083000
30,1980,2043,53632006,55161690,41.1849785,2969,0.643515289,0.0136600980,17,10.9397602,0.000223514000
30,1980,2043,53632006,55161690,41.1849785,2969,0.643515289,0.0136600980,18,11.5832748,0.000160284000
30,1980,2043,53632006,55161690,41.1849785,2969,0.643515289,0.0136600980,19,12.2267904,0.000187364000
30,1980,2043,53632006,55161690,41.1849785,2969,0.643515289,0.0136600980,20,12.8703060,0.000165306000
30,1980,2043,53632006,55161690,41.1849785,2969,0.643515289,0.0136600980,21,13.5138206,0.000184321000
30,1980,2043,53632006,55161690,41.1849785,2969,0.643515289,0.0136600980,22,14.1573362,0.000137550000
30,1980,2043,53632006,55161690,41.1849785,2969,0.643515289,0.0136600980,23,14.8008518,0.000164635000
30,1980,2043,53632006,55161690,41.1849785,2969,0.643515289,0.0136600980,24,15.4443665,0.000156234000
30,1980,2043,53632006,55161690,41.1849785,2969,0.643515289,0.0136600980,25,16.0878830,0.000146069000
30,1980,2043,53632006,55161690,41.1849785,2969,0.643515289,0.0136600980,26,16.7313976,0.000160823000
30,1980,2043,53632006,55161690,41.1849785,2969,0.643515289,0.0136600980,27,17.3749123,0.000154560000
30,1980,2043,53632006,55161690,41.1849785,2969,0.643515289,0.0136600980,28,18.0184288,0.000104098000
30,1980,2043,53632006,55161690,41.1849785,2969,0.643515289,0.0136600980,29,18.6619434,0.000122696000
30,1980,2043,53632006,55161690,41.1849785,2969,0.643515289,0.0136600980,30,19.3054581,0.000188539000
30,1980,2043,53632006,55161690,41.1849785,2969,0.643515289,0.0136600980,31,19.9489746,0.000119186000
30,1980,2043,53632006,55161690,41.1849785,2969,0.643515289,0.0136600980,32,20.5924892,7.46898284e-05
31,2044,2107,55186008,56715622,41.1868629,2961,0.643544734,0.00944437500,0,0.00000000,0.000123423000
31,2044,2107,55186008,56715622,41.1868629,2961,0.643544734,0.00944437500,1,0.643544734,0.00944437500
31,2044,2107,55186008,56715622,41.1868629,2961,0.643544734,0.00944437500,2,1.28708947,0.00146246000
31,2044,2107,55186008,56715622,41.1868629,2961,0.643544734,0.00944437500,3,1.93063426,0.000905859000
31,2044,2107,55186008,56715622,41.1868629,2961,0.643544734,0.00944437500,4,2.57417893,0.000508507000
31,2044,2107,55186008,56715622,41.1868629,2961,0.643544734,0.00944437500,5,3.21772361,0.00123105100
31,2044,2107,55186008,56715622,41.1868629,2961,0.643544734,0.00944437500,6,3.86126852,0.00120561600
31,2044,2107,55186008,56715622,41.1868629,2961,0.643544734,0.00944437500,7,4.50481319,0.000247070000
31,2044,2107,55186008,56715622,41.1868629,2961,0.643544734,0.00944437500,8,5.14835787,0.000188258000
31,2044,2107,55186008,56715622,41.1868629,2961,0.643544734,0.00944437500,9,5.79190254,7.32231773e-05
31,2044,2107,55186008,56715622,41.1868629,2961,0.643544734,0.00944437500,10,6.43544722,0.000464759000
31,2044,2107,55186008,56715622,41.1868629,2961,0.643544734,0.00944437500,11,7.07899189,0.000100693000
31,2044,2107,55186008,56715622,41.1868629,2961,0.643544734,0.00944437500,12,7.72253704,0.000170809000
31,2044,2107,55186008,56715622,41.1868629,2961,0.643544734,0.00944437500,13,8.36608124,0.000356284000
31,2044,2107,55186008,56715622,41.1868629,2961,0.643544734,0.00944437500,14,9.00962639,9.34173354e-05
31,2044,2107,55186008,56715622,41.1868629,2961,0.643544734,0.00944437500,15,9.65317059,0.000113467000
31,2044,2107,55186008,56715622,41.1868629,2961,0.643544734,0.00944437500,16,10.2967157,0.000116800000
31,2044,2107,55186008,56715622,41.1868629,2961,0.643544734,0.00944437500,17,10.9402609,9.75522839e-05
31,2044,2107,55186008,56715622,41.1868629,2961,0.643544734,0.00944437500,18,11.5838051,0.000161241000
31,2044,2107,55186008,56715622,41.1868629,2961,0.643544734,0.00944437500,19,12.2273502,0.000123715000
31,2044,2107,55186008,56715622,41.1868629,2961,0.643544734,0.00944437500,20,12.8708944,0.000168777000
31,2044,2107,55186008,56715622,41.1868629,2961,0.643544734,0.00944437500,21,13.5144396,5.25563256e-05
31,2044,2107,55186008,56715622,41.1868629,2961,0.643544734,0.00944437500,22,14.1579838,0.000121308000
31,2044,2107,55186008,56715622,41.1868629,2961,0.643544734,0.00944437500,23,14.8015289,7.20555607e-05
31,2044,2107,55186008,56715622,41.1868629,2961,0.643544734,0.00944437500,24,15.4450741,8.84170646e-05
31,2044,2107,55186008,56715622,41.1868629,2961,0.643544734,0.00944437500,25,16.0886192,8.50514831e-05
31,2044,2107,55186008,56715622,41.1868629,2961,0.643544734,0.00944437500,26,16.7321625,7.32650504e-05
31,2044,2107,55186008,56715622,41.1868629,2961,0.643544734,0.00944437500,27,17.3757076,0.000110718000
31,2044,2107,55186008,56715622,41.1868629,2961,0.643544734,0.00944437500,28,18.0192528,0.000112093000
31,2044,2107,55186008,56715622,41.1868629,2961,0.643544734,0.00944437500,29,18.6627979,3.53821592e-05
31,2044,2107,55186008,56715622,41.1868629,2961,0.643544734,0.00944437500,30,19.3063412,8.47187827e-05
31,2044,2107,55186008,56715622,41.1868629,2961,0.643544734,0.00944437500,31,19.9498863,8.90302968e-05
31,2044,2107,55186008,56715622,41.1868629,2961,0.643544734,0.00944437500,32,20.5934315,3.92872893e-05
32,2108,2171,56739911,58269036,41.2000313,2921,0.643750489,0.0114833310,0,0.00000000,0.00422061200
32,2108,2171,56739911,58269036,41.2000313,2921,0.643750489,0.0114833310,1,0.643750489,0.0114833310
32,2108,2171,56739911,58269036,41.2000313,2921,0.643750489,0.0114833310,2,1.28750098,0.00513038000
32,2108,2171,56739911,58269036,41.2000313,2921,0.643750489,0.0114833310,3,1.93125153,0.00208109200
32,2108,2171,56739911,58269036,41.2000313,2921,0.643750489,0.0114833310,4,2.57500196,0.00127154800
32,2108,2171,56739911,58269036,41.2000313,2921,0.643750489,0.0114833310,5,3.21875238,0.00153635300
32,2108,2171,56739911,58269036,41.2000313,2921,0.643750489,0.0114833310,6,3.86250305,0.000498214000
32,2108,2171,56739911,58269036,41.2000313,2921,0.643750489,0.0114833310,7,4.50625324,0.000369373000
32,2108,2171,56739911,58269036,41.2000313,2921,0.643750489,0.0114833310,8,5.15000391,0.000362642000
32,2108,2171,56739911,58269036,41.2000313,2921,0.643750489,0.0114833310,9,5.79375458,0.000182367000
32,2108,2171,56739911,58269036,41.2000313,2921,0.643750489,0.0114833310,10,6.43750477,0.000301233000
32,2108,2171,56739911,58269036,41.2000313,2921,0.643750489,0.0114833310,11,7.08125544,0.000269892000
32,2108,2171,56739911,58269036,41.2000313,2921,0.643750489,0.0114833310,12,7.72500610,0.000183883000
32,2108,2171,56739911,58269036,41.2000313,2921,0.643750489,0.0114833310,13,8.36875629,0.000211489000
32,2108,2171,56739911,58269036,41.2000313,2921,0.643750489,0.0114833310,14,9.01250648,0.000170143000
32,2108,2171,56739911,58269036,41.2000313,2921,0.643750489,0.0114833310,15,9.65625763,0.000194022000
32,2108,2171,56739911,58269036,41.2000313,2921,0.643750489,0.0114833310,16,10.3000078,0.000139891000
32,2108,2171,56739911,58269036,41.2000313,2921,0.643750489,0.0114833310,17,10.9437580,0.000171578000
32,2108,2171,56739911,58269036,41.2000313,2921,0.643750489,0.0114833310,18,11.5875092,0.000152482000
32,2108,2171,56739911,58269036,41.2000313,2921,0.643750489,0.0114833310,19,12.2312593,0.000115164000
32,2108,2171,56739911,58269036,41.2000313,2921,0.643750489,0.0114833310,20,12.8750095,0.000240210000
32,2108,2171,56739911,58269036,41.2000313,2921,0.643750489,0.0114833310,21,13.5187607,7.76786681e-05
32,2108,2171,56739911,58269036,41.2000313,2921,0.643750489,0.0114833310,22,14.1625109,0.000141592000
32,2108,2171,56739911,58269036,41.2000313,2921,0.643750489,0.0114833310,23,14.8062611,0.000145955000
32,2108,2171,56739911,58269036,41.2000313,2921,0.643750489,0.0114833310,24,15.4500122,0.000115328000
32,2108,2171,56739911,58269036,41.2000313,2921,0.643750489,0.0114833310,25,16.0937614,0.000133213000
32,2108,2171,56739911,58269036,41.2000313,2921,0.643750489,0.0114833310,26,16.7375126,0.000109680000
32,2108,2171,56739911,58269036,41.2000313,2921,0.643750489,0.0114833310,27,17.3812637,0.000121340000
32,2108,2171,56739911,58269036,41.2000313,2921,0.643750489,0.0114833310,28,18.0250130,0.000159059000
32,2108,2171,56739911,58269036,41.2000313,2921,0.643750489,0.0114833310,29,18.6687641,8.57491820e-05
32,2108,2171,56739911,58269036,41.2000313,2921,0.643750489,0.0114833310,30,19.3125153,0.000131769000
32,2108,2171,56739911,58269036,41.2000313,2921,0.643750489,0.0114833310,31,19.9562645,0.000110623000
32,2108,2171,56739911,58269036,41.2000313,2921,0.643750489,0.0114833310,32,20.6000156,5.69868854e-05
33,2172,2235,58293321,59822915,41.1874008,2927,0.643553138,0.0303853860,0,0.00000000,0.00156725400
33,2172,2235,58293321,59822915,41.1874008,2927,0.643553138,0.0303853860,1,0.643553138,0.0303853860
33,2172,2235,58293321,59822915,41.1874008,2927,0.643553138,0.0303853860,2,1.28710628,0.00436135600
33,2172,2235,58293321,59822915,41.1874008,2927,0.643553138,0.0303853860,3,1.93065941,0.000419664000
33,2172,2235,58293321,59822915,41.1874008,2927,0.643553138,0.0303853860,4,2.57421255,0.00130496000
33,2172,2235,58293321,59822915,41.1874008,2927,0.643553138,0.0303853860,5,3.21776581,0.00182521300
33,2172,2235,58293321,59822915,41.1874008,2927,0.643553138,0.0303853860,6,3.86131883,0.000575636000
33,2172,2235,58293321,59822915,41.1874008,2927,0.643553138,0.0303853860,7,4.50487185,0.000722991000
33,2172,2235,58293321,59822915,41.1874008,2927,0.643553138,0.0303853860,8,5.14842510,0.000823189000
33,2172,2235,58293321,59822915,41.1874008,2927,0.643553138,0.0303853860,9,5.79197836,0.000465148000
33,2172,2235,58293321,59822915,41.1874008,2927,0.643553138,0.0303853860,10,6.43553162,0.000559254000
33,2172,2235,58293321,59822915,41.1874008,2927,0.643553138,0.0303853860,11,7.07908440,0.000330504000
33,2172,2235,58293321,59822915,41.1874008,2927,0.643553138,0.0303853860,12,7.72263765,0.000384940000
33,2172,2235,58293321,59822915,41.1874008,2927,0.643553138,0.0303853860,13,8.36619091,0.000302523000
33,2172,2235,58293321,59822915,41.1874008,2927,0.643553138,0.0303853860,14,9.00974369,0.000429614000
33,2172,2235,58293321,59822915,41.1874008,2927,0.643553138,0.0303853860,15,9.65329742,0.000325671000
33,2172,2235,58293321,59822915,41.1874008,2927,0.643553138,0.0303853860,16,10.2968502,0.000293415000
33,2172,2235,58293321,59822915,41.1874008,2927,0.643553138,0.0303853860,17,10.9404030,0.000287646000
33,2172,2235,58293321,59822915,41.1874008,2927,0.643553138,0.0303853860,18,11.5839567,0.000294256000
33,2172,2235,58293321,59822915,41.1874008,2927,0.643553138,0.0303853860,19,12.2275095,0.000321505000
33,2172,2235,58293321,59822915,41.1874008,2927,0.643553138,0.0303853860,20,12.8710632,0.000345430000
33,2172,2235,58293321,59822915,41.1874008,2927,0.643553138,0.0303853860,21,13.5146160,7.71604016e-05
33,2172,2235,58293321,59822915,41.1874008,2927,0.643553138,0.0303853860,22,14.1581688,0.000330909000
33,2172,2235,58293321,59822915,41.1874008,2927,0.643553138,0.0303853860,23,14.8017225,0.000260190000
33,2172,2235,58293321,59822915,41.1874008,2927,0.643553138,0.0303853860,24,15.4452753,0.000237655000
33,2172,2235,58293321,59822915,41.1874008,2927,0.643553138,0.0303853860,25,16.0888290,0.000240575000
33,2172,2235,58293321,59822915,41.1874008,2927,0.643553138,0.0303853860,26,16.7323818,0.000222269000
33,2172,2235,58293321,59822915,41.1874008,2927,0.643553138,0.0303853860,27,17.3759346,0.000240405000
33,2172,2235,58293321,59822915,41.1874008,2927,0.643553138,0.0303853860,28,18.0194874,0.000183479000
33,2172,2235,58293321,59822915,41.1874008,2927,0.643553138,0.0303853860,29,18.6630402,0.000278940000
33,2172,2235,58293321,59822915,41.1874008,2927,0.643553138,0.0303853860,30,19.3065948,0.000242779000
33,2172,2235,58293321,59822915,41.1874008,2927,0.643553138,0.0303853860,31,19.9501476,0.000188477000
33,2172,2235,58293321,59822915,41.1874008,2927,0.643553138,0.0303853860,32,20.5937004,0.000122359000
34,2236,2299,59847198,61376775,41.1878586,2949,0.643560290,0.00178357900,0,0.00000000,0.000515269000
34,2236,2299,59847198,61376775,41.1878586,2949,0.643560290,0.00178357900,1,0.643560290,0.00178357900
34,2236,2299,59847198,61376775,41.1878586,2949,0.643560290,0.00178357900,2,1.28712058,0.00122194700
34,2236,2299,59847198,61376775,41.1878586,2949,0.643560290,0.00178357900,3,1.93068087,0.00110253300
34,2236,2299,59847198,61376775,41.1878586,2949,0.643560290,0.00178357900,4,2.57424116,0.000616810000
34,2236,2299,59847198,61376775,41.1878586,2949,0.643560290,0.00178357900,5,3.21780157,0.000954840000
34,2236,2299,59847198,61376775,41.1878586,2949,0.643560290,0.00178357900,6,3.86136174,0.000337544000
34,2236,2299,59847198,61376775,41.1878586,2949,0.643560290,0.00178357900,7,4.50492191,0.000105049000
34,2236,2299,59847198,61376775,41.1878586,2949,0.643560290,0.00178357900,8,5.14848232,0.000128456000
34,2236,2299,59847198,61376775,41.1878586,2949,0.643560290,0.00178357900,9,5.79204273,0.000195993000
34,2236,2299,59847198,61376775,41.1878586,2949,0.643560290,0.00178357900,10,6.43560314,0.000131342000
34,2236,2299,59847198,61376775,41.1878586,2949,0.643560290,0.00178357900,11,7.07916307,0.000127763000
34,2236,2299,59847198,61376775,41.1878586,2949,0.643560290,0.00178357900,12,7.72272348,0.000106228000
34,2236,2299,59847198,61376775,41.1878586,2949,0.643560290,0.00178357900,13,8.36628342,7.85380678e-05
34,2236,2299,59847198,61376775,41.1878586,2949,0.643560290,0.00178357900,14,9.00984383,7.19234148e-05
34,2236,2299,59847198,61376775,41.1878586,2949,0.643560290,0.00178357900,15,9.65340424,0.000145287000
34,2236,2299,59847198,61376775,41.1878586,2949,0.643560290,0.00178357900,16,10.2969646,1.23982953e-05
34,2236,2299,59847198,61376775,41.1878586,2949,0.643560290,0.00178357900,17,10.9405251,3.21310977e-05
34,2236,2299,59847198,61376775,41.1878586,2949,0.643560290,0.00178357900,18,11.5840855,6.05463129e-05
34,2236,2299,59847198,61376775,41.1878586,2949,0.643560290,0.00178357900,19,12.2276459,1.23735916e-05
34,2236,2299,59847198,61376775,41.1878586,2949,0.643560290,0.00178357900,20,12.8712063,7.78005403e-05
34,2236,2299,59847198,61376775,41.1878586,2949,0.643560290,0.00178357900,21,13.5147657,4.15027347e-05
34,2236,2299,59847198,61376775,41.1878586,2949,0.643560290,0.00178357900,22,14.1583261,6.50896390e-05
34,2236,2299,59847198,61376775,41.1878586,2949,0.643560290,0.00178357900,23,14.8018866,3.64231687e-06
34,2236,2299,59847198,61376775,41.1878586,2949,0.643560290,0.00178357900,24,15.4454470,7.38137714e-06
34,2236,2299,59847198,61376775,41.1878586,2949,0.643560290,0.00178357900,25,16.0890064,3.48286262e-05
34,2236,2299,59847198,61376775,41.1878586,2949,0.643560290,0.00178357900,26,16.7325668,1.88463034e-05
34,2236,2299,59847198,61376775,41.1878586,2949,0.643560290,0.00178357900,27,17.3761272,5.79766884e-05
34,2236,2299,59847198,61376775,41.1878586,2949,0.643560290,0.00178357900,28,18.0196877,2.36011980e-05
34,2236,2299,59847198,61376775,41.1878586,2949,0.643560290,0.00178357900,29,18.6632481,1.61920213e-05
34,2236,2299,59847198,61376775,41.1878586,2949,0.643560290,0.00178357900,30,19.3068085,1.97922615e-05
34,2236,2299,59847198,61376775,41.1878586,2949,0.643560290,0.00178357900,31,19.9503689,1.00139312e-05
34,2236,2299,59847198,61376775,41.1878586,2949,0.643560290,0.00178357900,32,20.5939293,1.17856815e-05
35,2300,2363,61401150,62930295,41.1994934,2926,3.21871042,0.000287183000,0,0.00000000,6.76549143e-06
35,2300,2363,61401150,62930295,41.1994934,2926,3.21871042,0.000287183000,1,0.643742085,0.000161942000
35,2300,2363,61401150,62930295,41.1994934,2926,3.21871042,0.000287183000,2,1.28748417,0.000158847000
35,2300,2363,61401150,62930295,41.1994934,2926,3.21871042,0.000287183000,3,1.93122625,0.000248052000
35,2300,2363,61401150,62930295,41.1994934,2926,3.21871042,0.000287183000,4,2.57496834,0.000206967000
35,2300,2363,61401150,62930295,41.1994934,2926,3.21871042,0.000287183000,5,3.21871042,0.000287183000
35,2300,2363,61401150,62930295,41.1994934,2926,3.21871042,0.000287183000,6,3.86245251,0.000233283000
35,2300,2363,61401150,62930295,41.1994934,2926,3.21871042,0.000287183000,7,4.50619459,0.000105906000
35,2300,2363,61401150,62930295,41.1994934,2926,3.21871042,0.000287183000,8,5.14993668,2.54083276e-05
35,2300,2363,61401150,62930295,41.1994934,2926,3.21871042,0.000287183000,9,5.79367876,0.99798541e-04
35,2300,2363,61401150,62930295,41.1994934,2926,3.21871042,0.000287183000,10,6.43742085,0.000167811000
35,2300,2363,61401150,62930295,41.1994934,2926,3.21871042,0.000287183000,11,7.08116293,0.000189339000
35,2300,2363,61401150,62930295,41.1994934,2926,3.21871042,0.000287183000,12,7.72490501,0.000207950000
35,2300,2363,61401150,62930295,41.1994934,2926,3.21871042,0.000287183000,13,8.36864662,0.000202484000
35,2300,2363,61401150,62930295,41.1994934,2926,3.21871042,0.000287183000,14,9.01238918,0.000126388000
35,2300,2363,61401150,62930295,41.1994934,2926,3.21871042,0.000287183000,15,9.65613174,7.21033347e-05
35,2300,2363,61401150,62930295,41.1994934,2926,3.21871042,0.000287183000,16,10.2998734,8.27819986e-06
35,2300,2363,61401150,62930295,41.1994934,2926,3.21871042,0.000287183000,17,10.9436150,5.31774632e-05
35,2300,2363,61401150,62930295,41.1994934,2926,3.21871042,0.000287183000,18,11.5873575,0.000104670000
35,2300,2363,61401150,62930295,41.1994934,2926,3.21871042,0.000287183000,19,12.2311001,0.000106027000
35,2300,2363,61401150,62930295,41.1994934,2926,3.21871042,0.000287183000,20,12.8748417,0.000110895000
35,2300,2363,61401150,62930295,41.1994934,2926,3.21871042,0.000287183000,21,13.5185833,8.76716718e-05
35,2300,2363,61401150,62930295,41.1994934,2926,3.21871042,0.000287183000,22,14.1623259,5.29775017e-05
35,2300,2363,61401150,62930295,41.1994934,2926,3.21871042,0.000287183000,23,14.8060684,2.66552666e-05
35,2300,2363,61401150,62930295,41.1994934,2926,3.21871042,0.000287183000,24,15.4498100,1.96053156e-06
35,2300,2363,61401150,62930295,41.1994934,2926,3.21871042,0.000287183000,25,16.0935516,2.02979388e-05
35,2300,2363,61401150,62930295,41.1994934,2926,3.21871042,0.000287183000,26,16.7372932,4.01392966e-05
35,2300,2363,61401150,62930295,41.1994934,2926,3.21871042,0.000287183000,27,17.3810368,4.44732062e-05
35,2300,2363,61401150,62930295,41.1994934,2926,3.21871042,0.000287183000,28,18.0247784,4.07530527e-05
35,2300,2363,61401150,62930295,41.1994934,2926,3.21871042,0.000287183000,29,18.6685200,2.01554991e-05
35,2300,2363,61401150,62930295,41.1994934,2926,3.21871042,0.000287183000,30,19.3122635,1.66964544e-05
35,2300,2363,61401150,62930295,41.1994934,2926,3.21871042,0.000287183000,31,19.9560051,8.91783748e-06
35,2300,2363,61401150,62930295,41.1994934,2926,3.21871042,0.000287183000,32,20.5997467,3.24539519e-06
36,2364,2427,62954578,64484045,41.1908188,2925,0.643606544,0.000161425000,0,0.00000000,2.58893429e-05
36,2364,2427,62954578,64484045,41.1908188,2925,0.643606544,0.000161425000,1,0.643606544,0.000161425000
36,2364,2427,62954578,64484045,41.1908188,2925,0.643606544,0.000161425000,2,1.28721309,0.000110641000
36,2364,2427,62954578,64484045,41.1908188,2925,0.643606544,0.000161425000,3,1.93081963,6.45648388e-05
36,2364,2427,62954578,64484045,41.1908188,2925,0.643606544,0.000161425000,4,2.57442617,9.49376904e-05
36,2364,2427,62954578,64484045,41.1908188,2925,0.643606544,0.000161425000,5,3.21803284,6.90956430e-05
36,2364,2427,62954578,64484045,41.1908188,2925,0.643606544,0.000161425000,6,3.86163926,1.96162798e-05
36,2364,2427,62954578,64484045,41.1908188,2925,0.643606544,0.000161425000,7,4.50524569,2.52493843e-05
36,2364,2427,62954578,64484045,41.1908188,2925,0.643606544,0.000161425000,8,5.14885235,4.57776559e-06
36,2364,2427,62954578,64484045,41.1908188,2925,0.643606544,0.000161425000,9,5.79245901,1.06217793e-05
36,2364,2427,62954578,64484045,41.1908188,2925,0.643606544,0.000161425000,10,6.43606567,1.15206174e-05
36,2364,2427,62954578,64484045,41.1908188,2925,0.643606544,0.000161425000,11,7.07967186,1.39353349e-05
36,2364,2427,62954578,64484045,41.1908188,2925,0.643606544,0.000161425000,12,7.72327852,1.04089539e-05
36,2364,2427,62954578,64484045,41.1908188,2925,0.643606544,0.000161425000,13,8.36688519,1.21456404e-05
36,2364,2427,62954578,64484045,41.1908188,2925,0.643606544,0.000161425000,14,9.01049137,7.37513301e-06
36,2364,2427,62954578,64484045,41.1908188,2925,0.643606544,0.000161425000,15,9.65409851,1.18390710e-06
36,2364,2427,62954578,64484045,41.1908188,2925,0.643606544,0.000161425000,16,10.2977047,5.07561026e-06
36,2364,2427,62954578,64484045,41.1908188,2925,0.643606544,0.000161425000,17,10.9413109,3.57012709e-06
36,2364,2427,62954578,64484045,41.1908188,2925,0.643606544,0.000161425000,18,11.5849180,8.68263669e-06
36,2364,2427,62954578,64484045,41.1908188,2925,0.643606544,0.000161425000,19,12.2285242,4.03257309e-06
36,2364,2427,62954578,64484045,41.1908188,2925,0.643606544,0.000161425000,20,12.8721313,1.27724868e-05
36,2364,2427,62954578,64484045,41.1908188,2925,0.643606544,0.000161425000,21,13.5157375,1.37439254e-05
36,2364,2427,62954578,64484045,41.1908188,2925,0.643606544,0.000161425000,22,14.1593437,5.77826904e-06
36,2364,2427,62954578,64484045,41.1908188,2925,0.643606544,0.000161425000,23,14.8029509,5.65626442e-06
36,2364,2427,62954578,64484045,41.1908188,2925,0.643606544,0.000161425000,24,15.4465570,3.36000198e-06
36,2364,2427,62954578,64484045,41.1908188,2925,0.643606544,0.000161425000,25,16.0901642,4.03620925e-06
36,2364,2427,62954578,64484045,41.1908188,2925,0.643606544,0.000161425000,26,16.7337704,2.38267990e-06
36,2364,2427,62954578,64484045,41.1908188,2925,0.643606544,0.000161425000,27,17.3773766,9.12814085e-06
36,2364,2427,62954578,64484045,41.1908188,2925,0.643606544,0.000161425000,28,18.0209827,1.19297509e-05
36,2364,2427,62954578,64484045,41.1908188,2925,0.643606544,0.000161425000,29,18.6645889,5.39989469e-06
36,2364,2427,62954578,64484045,41.1908188,2925,0.643606544,0.000161425000,30,19.3081970,3.01253067e-06
36,2364,2427,62954578,64484045,41.1908188,2925,0.643606544,0.000161425000,31,19.9518032,3.40980318e-06
36,2364,2427,62954578,64484045,41.1908188,2925,0.643606544,0.000161425000,32,20.5954094,2.10814983e-06
37,2428,2491,64508319,66037361,41.2022705,2905,1.28757095,9.84358980e-05,0,0.00000000,9.62036665e-06
37,2428,2491,64508319,66037361,41.2022705,2905,1.28757095,9.84358980e-05,1,0.643785477,8.58193222e-05
37,2428,2491,64508319,66037361,41.2022705,2905,1.28757095,9.84358980e-05,2,1.28757095,9.84358980e-05
37,2428,2491,64508319,66037361,41.2022705,2905,1.28757095,9.84358980e-05,3,1.93135643,6.45335012e-05
37,2428,2491,64508319,66037361,41.2022705,2905,1.28757095,9.84358980e-05,4,2.57514191,2.49468609e-05
37,2428,2491,64508319,66037361,41.2022705,2905,1.28757095,9.84358980e-05,5,3.21892738,4.98312686e-05
37,2428,2491,64508319,66037361,41.2022705,2905,1.28757095,9.84358980e-05,6,3.86271286,6.39256268e-06
37,2428,2491,64508319,66037361,41.2022705,2905,1.28757095,9.84358980e-05,7,4.50649834,2.73916281e-05
37,2428,2491,64508319,66037361,41.2022705,2905,1.28757095,9.84358980e-05,8,5.15028381,6.94963637e-06
37,2428,2491,64508319,66037361,41.2022705,2905,1.28757095,9.84358980e-05,9,5.79406929,1.13578133e-05
37,2428,2491,64508319,66037361,41.2022705,2905,1.28757095,9.84358980e-05,10,6.43785477,1.00323640e-05
37,2428,2491,64508319,66037361,41.2022705,2905,1.28757095,9.84358980e-05,11,7.08164024,1.40877426e-05
37,2428,2491,64508319,66037361,41.2022705,2905,1.28757095,9.84358980e-05,12,7.72542572,6.52167046e-06
37,2428,2491,64508319,66037361,41.2022705,2905,1.28757095,9.84358980e-05,13,8.36921120,1.32094345e-05
37,2428,2491,64508319,66037361,41.2022705,2905,1.28757095,9.84358980e-05,14,9.01299667,5.23998324e-06
37,2428,2491,64508319,66037361,41.2022705,2905,1.28757095,9.84358980e-05,15,9.65678215,1.18901933e-05
37,2428,2491,64508319,66037361,41.2022705,2905,1.28757095,9.84358980e-05,16,10.3005676,5.24500547e-06
37,2428,2491,64508319,66037361,41.2022705,2905,1.28757095,9.84358980e-05,17,10.9443531,2.03486661e-06
37,2428,2491,64508319,66037361,41.2022705,2905,1.28757095,9.84358980e-05,18,11.5881386,6.43766862e-06
37,2428,2491,64508319,66037361,41.2022705,2905,1.28757095,9.84358980e-05,19,12.2319241,9.02387092e-06
37,2428,2491,64508319,66037361,41.2022705,2905,1.28757095,9.84358980e-05,20,12.8757095,1.04867120e-05
37,2428,2491,64508319,66037361,41.2022705,2905,1.28757095,9.84358980e-05,21,13.5194950,1.67018731e-05
37,2428,2491,64508319,66037361,41.2022705,2905,1.28757095,9.84358980e-05,22,14.1632805,1.15337714e-05
37,2428,2491,64508319,66037361,41.2022705,2905,1.28757095,9.84358980e-05,23,14.8070660,6.21588106e-06
37,2428,2491,64508319,66037361,41.2022705,2905,1.28757095,9.84358980e-05,24,15.4508514,2.98296618e-06
37,2428,2491,64508319,66037361,41.2022705,2905,1.28757095,9.84358980e-05,25,16.0946369,7.06557739e-06
37,2428,2491,64508319,66037361,41.2022705,2905,1.28757095,9.84358980e-05,26,16.7384224,8.09262929e-06
37,2428,2491,64508319,66037361,41.2022705,2905,1.28757095,9.84358980e-05,27,17.3822079,1.12863252e-05
37,2428,2491,64508319,66037361,41.2022705,2905,1.28757095,9.84358980e-05,28,18.0259933,5.88233934e-06
37,2428,2491,64508319,66037361,41.2022705,2905,1.28757095,9.84358980e-05,29,18.6697788,6.90049865e-06
37,2428,2491,64508319,66037361,41.2022705,2905,1.28757095,9.84358980e-05,30,19.3135643,6.01806050e-06
37,2428,2491,64508319,66037361,41.2022705,2905,1.28757095,9.84358980e-05,31,19.9573498,2.36184087e-06
37,2428,2491,64508319,66037361,41.2022705,2905,1.28757095,9.84358980e-05,32,20.6011353,6.08342134e-07
38,2492,2555,66061633,67591136,41.1898499,2924,1.28718281,0.000203472000,0,0.00000000,3.19496207e-05
38,2492,2555,66061633,67591136,41.1898499,2924,1.28718281,0.000203472000,1,0.643591404,0.000140061000
38,2492,2555,66061633,67591136,41.1898499,2924,1.28718281,0.000203472000,2,1.28718281,0.000203472000
38,2492,2555,66061633,67591136,41.1898499,2924,1.28718281,0.000203472000,3,1.93077421,0.000111556000
38,2492,2555,66061633,67591136,41.1898499,2924,1.28718281,0.000203472000,4,2.57436562,3.77922583e-05
38,2492,2555,66061633,67591136,41.1898499,2924,1.28718281,0.000203472000,5,3.21795702,3.15219145e-05
38,2492,2555,66061633,67591136,41.1898499,2924,1.28718281,0.000203472000,6,3.86154842,2.55060910e-05
38,2492,2555,66061633,67591136,41.1898499,2924,1.28718281,0.000203472000,7,4.50513983,2.30501242e-05
38,2492,2555,66061633,67591136,41.1898499,2924,1.28718281,0.000203472000,8,5.14873123,2.32875936e-06
38,2492,2555,66061633,67591136,41.1898499,2924,1.28718281,0.000203472000,9,5.79232264,1.10502759e-05
38,2492,2555,66061633,67591136,41.1898499,2924,1.28718281,0.000203472000,10,6.43591404,2.12145275e-05
38,2492,2555,66061633,67591136,41.1898499,2924,1.28718281,0.000203472000,11,7.07950544,7.75795706e-06
38,2492,2555,66061633,67591136,41.1898499,2924,1.28718281,0.000203472000,12,7.72309685,5.62705645e-06
38,2492,2555,66061633,67591136,41.1898499,2924,1.28718281,0.000203472000,13,8.36668777,6.11457654e-06
38,2492,2555,66061633,67591136,41.1898499,2924,1.28718281,0.000203472000,14,9.01027966,6.20173205e-06
38,2492,2555,66061633,67591136,41.1898499,2924,1.28718281,0.000203472000,15,9.65387154,3.69151348e-06
38,2492,2555,66061633,67591136,41.1898499,2924,1.28718281,0.000203472000,16,10.2974625,2.36834080e-06
38,2492,2555,66061633,67591136,41.1898499,2924,1.28718281,0.000203472000,17,10.9410534,4.55565396e-06
38,2492,2555,66061633,67591136,41.1898499,2924,1.28718281,0.000203472000,18,11.5846453,1.37999257e-06
38,2492,2555,66061633,67591136,41.1898499,2924,1.28718281,0.000203472000,19,12.2282372,6.23876440e-06
38,2492,2555,66061633,67591136,41.1898499,2924,1.28718281,0.000203472000,20,12.8718281,0.99752268e-05
38,2492,2555,66061633,67591136,41.1898499,2924,1.28718281,0.000203472000,21,13.5154190,5.63501226e-06
38,2492,2555,66061633,67591136,41.1898499,2924,1.28718281,0.000203472000,22,14.1590109,4.55206373e-06
38,2492,2555,66061633,67591136,41.1898499,2924,1.28718281,0.000203472000,23,14.8026028,1.11131544e-06
38,2492,2555,66061633,67591136,41.1898499,2924,1.28718281,0.000203472000,24,15.4461937,2.86756108e-06
38,2492,2555,66061633,67591136,41.1898499,2924,1.28718281,0.000203472000,25,16.0897846,4.57547412e-06
38,2492,2555,66061633,67591136,41.1898499,2924,1.28718281,0.000203472000,26,16.7333755,5.92618835e-06
38,2492,2555,66061633,67591136,41.1898499,2924,1.28718281,0.000203472000,27,17.3769684,9.84665166e-06
38,2492,2555,66061633,67591136,41.1898499,2924,1.28718281,0.000203472000,28,18.0205593,6.62113234e-06
38,2492,2555,66061633,67591136,41.1898499,2924,1.28718281,0.000203472000,29,18.6641502,5.79833204e-06
38,2492,2555,66061633,67591136,41.1898499,2924,1.28718281,0.000203472000,30,19.3077431,7.23190624e-06
38,2492,2555,66061633,67591136,41.1898499,2924,1.28718281,0.000203472000,31,19.9513340,2.87824969e-06
38,2492,2555,66061633,67591136,41.1898499,2924,1.28718281,0.000203472000,32,20.5949249,1.10047631e-06
39,2556,2619,67615408,69144881,41.1906586,2958,1.28720808,0.000227225000,0,0.00000000,3.32225386e-05
39,2556,2619,67615408,69144881,41.1906586,2958,1.28720808,0.000227225000,1,0.643604040,0.000221481000
39,2556,2619,67615408,69144881,41.1906586,2958,1.28720808,0.000227225000,2,1.28720808,0.000227225000
39,2556,2619,67615408,69144881,41.1906586,2958,1.28720808,0.000227225000,3,1.93081212,0.000220122000
39,2556,2619,67615408,69144881,41.1906586,2958,1.28720808,0.000227225000,4,2.57441616,0.000170061000
39,2556,2619,67615408,69144881,41.1906586,2958,1.28720808,0.000227225000,5,3.21802020,0.000117194000
39,2556,2619,67615408,69144881,41.1906586,2958,1.28720808,0.000227225000,6,3.86162424,0.000120799000
39,2556,2619,67615408,69144881,41.1906586,2958,1.28720808,0.000227225000,7,4.50522804,4.90319901e-05
39,2556,2619,67615408,69144881,41.1906586,2958,1.28720808,0.000227225000,8,5.14883232,2.38593817e-05
39,2556,2619,67615408,69144881,41.1906586,2958,1.28720808,0.000227225000,9,5.79243660,2.93385979e-05
39,2556,2619,67615408,69144881,41.1906586,2958,1.28720808,0.000227225000,10,6.43604040,5.43245398e-05
39,2556,2619,67615408,69144881,41.1906586,2958,1.28720808,0.000227225000,11,7.07964420,7.99334509e-05
39,2556,2619,67615408,69144881,41.1906586,2958,1.28720808,0.000227225000,12,7.72324848,4.96038076e-05
39,2556,2619,67615408,69144881,41.1906586,2958,1.28720808,0.000227225000,13,8.36685276,5.35665487e-05
39,2556,2619,67615408,69144881,41.1906586,2958,1.28720808,0.000227225000,14,9.01045609,4.19970596e-05
39,2556,2619,67615408,69144881,41.1906586,2958,1.28720808,0.000227225000,15,9.65406036,2.18867168e-05
39,2556,2619,67615408,69144881,41.1906586,2958,1.28720808,0.000227225000,16,10.2976646,8.73886620e-06
39,2556,2619,67615408,69144881,41.1906586,2958,1.28720808,0.000227225000,17,10.9412689,1.88254978e-05
39,2556,2619,67615408,69144881,41.1906586,2958,1.28720808,0.000227225000,18,11.5848732,2.88357346e-05
39,2556,2619,67615408,69144881,41.1906586,2958,1.28720808,0.000227225000,19,12.2284765,3.95351739e-05
39,2556,2619,67615408,69144881,41.1906586,2958,1.28720808,0.000227225000,20,12.8720808,4.95965789e-05
39,2556,2619,67615408,69144881,41.1906586,2958,1.28720808,0.000227225000,21,13.5156851,3.40464207e-05
39,2556,2619,67615408,69144881,41.1906586,2958,1.28720808,0.000227225000,22,14.1592884,3.10317987e-05
39,2556,2619,67615408,69144881,41.1906586,2958,1.28720808,0.000227225000,23,14.8028927,2.26545905e-05
39,2556,2619,67615408,69144881,41.1906586,2958,1.28720808,0.000227225000,24,15.4464970,1.29156459e-05
39,2556,2619,67615408,69144881,41.1906586,2958,1.28720808,0.000227225000,25,16.0901012,1.75748480e-05
39,2556,2619,67615408,69144881,41.1906586,2958,1.28720808,0.000227225000,26,16.7337055,2.94972065e-05
39,2556,2619,67615408,69144881,41.1906586,2958,1.28720808,0.000227225000,27,17.3773098,3.20120303e-05
39,2556,2619,67615408,69144881,41.1906586,2958,1.28720808,0.000227225000,28,18.0209122,3.58187094e-05
39,2556,2619,67615408,69144881,41.1906586,2958,1.28720808,0.000227225000,29,18.6645164,3.00058414e-05
39,2556,2619,67615408,69144881,41.1906586,2958,1.28720808,0.000227225000,30,19.3081207,2.66702915e-05
39,2556,2619,67615408,69144881,41.1906586,2958,1.28720808,0.000227225000,31,19.9517250,1.56606782e-05
39,2556,2619,67615408,69144881,41.1906586,2958,1.28720808,0.000227225000,32,20.5953293,6.63612946e-06
40,2620,2683,69169181,70698241,41.2017822,2937,0.643777847,0.000127704000,0,0.00000000,4.64505531e-05
40,2620,2683,69169181,70698241,41.2017822,2937,0.643777847,0.000127704000,1,0.643777847,0.000127704000
40,2620,2683,69169181,70698241,41.2017822,2937,0.643777847,0.000127704000,2,1.28755569,5.99880869e-05
40,2620,2683,69169181,70698241,41.2017822,2937,0.643777847,0.000127704000,3,1.93133354,5.22032853e-05
40,2620,2683,69169181,70698241,41.2017822,2937,0.643777847,0.000127704000,4,2.57511139,4.13224255e-05
40,2620,2683,69169181,70698241,41.2017822,2937,0.643777847,0.000127704000,5,3.21888924,9.29284670e-06
40,2620,2683,69169181,70698241,41.2017822,2937,0.643777847,0.000127704000,6,3.86266708,5.91036132e-06
40,2620,2683,69169181,70698241,41.2017822,2937,0.643777847,0.000127704000,7,4.50644493,1.38218009e-05
40,2620,2683,69169181,70698241,41.2017822,2937,0.643777847,0.000127704000,8,5.15022278,8.16063948e-06
40,2620,2683,69169181,70698241,41.2017822,2937,0.643777847,0.000127704000,9,5.79400063,1.39277097e-05
40,2620,2683,69169181,70698241,41.2017822,2937,0.643777847,0.000127704000,10,6.43777847,2.07702266e-05
40,2620,2683,69169181,70698241,41.2017822,2937,0.643777847,0.000127704000,11,7.08155632,2.60397915e-05
40,2620,2683,69169181,70698241,41.2017822,2937,0.643777847,0.000127704000,12,7.72533417,2.45680782e-05
40,2620,2683,69169181,70698241,41.2017822,2937,0.643777847,0.000127704000,13,8.36911201,1.56443127e-05
40,2620,2683,69169181,70698241,41.2017822,2937,0.643777847,0.000127704000,14,9.01288986,3.98974635e-06
40,2620,2683,69169181,70698241,41.2017822,2937,0.643777847,0.000127704000,15,9.65666771,5.06023889e-06
40,2620,2683,69169181,70698241,41.2017822,2937,0.643777847,0.000127704000,16,10.3004456,8.93042681e-07
40,2620,2683,69169181,70698241,41.2017822,2937,0.643777847,0.000127704000,17,10.9442234,5.46024876e-06
40,2620,2683,69169181,70698241,41.2017822,2937,0.643777847,0.000127704000,18,11.5880013,3.94724429e-06
40,2620,2683,69169181,70698241,41.2017822,2937,0.643777847,0.000127704000,19,12.2317791,3.71588339e-06
40,2620,2683,69169181,70698241,41.2017822,2937,0.643777847,0.000127704000,20,12.8755569,5.47924537e-06
40,2620,2683,69169181,70698241,41.2017822,2937,0.643777847,0.000127704000,21,13.5193348,7.05570073e-06
40,2620,2683,69169181,70698241,41.2017822,2937,0.643777847,0.000127704000,22,14.1631126,7.00368275e-07
40,2620,2683,69169181,70698241,41.2017822,2937,0.643777847,0.000127704000,23,14.8068905,3.45206013e-06
40,2620,2683,69169181,70698241,41.2017822,2937,0.643777847,0.000127704000,24,15.4506683,1.23754739e-06
40,2620,2683,69169181,70698241,41.2017822,2937,0.643777847,0.000127704000,25,16.0944462,4.50473772e-06
40,2620,2683,69169181,70698241,41.2017822,2937,0.643777847,0.000127704000,26,16.7382240,1.72129467e-06
40,2620,2683,69169181,70698241,41.2017822,2937,0.643777847,0.000127704000,27,17.3820019,3.80726988e-06
40,2620,2683,69169181,70698241,41.2017822,2937,0.643777847,0.000127704000,28,18.0257797,3.19951255e-06
40,2620,2683,69169181,70698241,41.2017822,2937,0.643777847,0.000127704000,29,18.6695576,1.14331499e-06
40,2620,2683,69169181,70698241,41.2017822,2937,0.643777847,0.000127704000,30,19.3133354,6.72933356e-06
40,2620,2683,69169181,70698241,41.2017822,2937,0.643777847,0.000127704000,31,19.9571133,4.03559170e-06
40,2620,2683,69169181,70698241,41.2017822,2937,0.643777847,0.000127704000,32,20.6008911,2.43423051e-06
41,2684,2747,70722530,72252101,41.1880188,2943,0.643562794,0.000152865000,0,0.00000000,7.41384200e-05
41,2684,2747,70722530,72252101,41.1880188,2943,0.643562794,0.000152865000,1,0.643562794,0.000152865000
41,2684,2747,70722530,72252101,41.1880188,2943,0.643562794,0.000152865000,2,1.28712559,7.05817864e-05
41,2684,2747,70722530,72252101,41.1880188,2943,0.643562794,0.000152865000,3,1.93068838,4.53784917e-05
41,2684,2747,70722530,72252101,41.1880188,2943,0.643562794,0.000152865000,4,2.57425117,4.47955784e-05
41,2684,2747,70722530,72252101,41.1880188,2943,0.643562794,0.000152865000,5,3.21781397,2.43992014e-05
41,2684,2747,70722530,72252101,41.1880188,2943,0.643562794,0.000152865000,6,3.86137676,1.62425383e-05
41,2684,2747,70722530,72252101,41.1880188,2943,0.643562794,0.000152865000,7,4.50493956,3.10091764e-06
41,2684,2747,70722530,72252101,41.1880188,2943,0.643562794,0.000152865000,8,5.14850235,1.02095899e-05
41,2684,2747,70722530,72252101,41.1880188,2943,0.643562794,0.000152865000,9,5.79206514,5.36420430e-06
41,2684,2747,70722530,72252101,41.1880188,2943,0.643562794,0.000152865000,10,6.43562794,1.98681825e-05
41,2684,2747,70722530,72252101,41.1880188,2943,0.643562794,0.000152865000,11,7.07919073,2.38624976e-05
41,2684,2747,70722530,72252101,41.1880188,2943,0.643562794,0.000152865000,12,7.72275352,2.76004026e-05
41,2684,2747,70722530,72252101,41.1880188,2943,0.643562794,0.000152865000,13,8.36631584,1.12787973e-05
41,2684,2747,70722530,72252101,41.1880188,2943,0.643562794,0.000152865000,14,9.00987911,8.24507151e-06
41,2684,2747,70722530,72252101,41.1880188,2943,0.643562794,0.000152865000,15,9.65344238,1.04317749e-05
41,2684,2747,70722530,72252101,41.1880188,2943,0.643562794,0.000152865000,16,10.2970047,1.71084537e-06
41,2684,2747,70722530,72252101,41.1880188,2943,0.643562794,0.000152865000,17,10.9405670,1.23328209e-06
41,2684,2747,70722530,72252101,41.1880188,2943,0.643562794,0.000152865000,18,11.5841303,2.00495060e-06
41,2684,2747,70722530,72252101,41.1880188,2943,0.643562794,0.000152865000,19,12.2276936,4.09907261e-06
41,2684,2747,70722530,72252101,41.1880188,2943,0.643562794,0.000152865000,20,12.8712559,7.31647697e-06
41,2684,2747,70722530,72252101,41.1880188,2943,0.643562794,0.000152865000,21,13.5148182,6.98835220e-06
41,2684,2747,70722530,72252101,41.1880188,2943,0.643562794,0.000152865000,22,14.1583815,1.74879381e-06
41,2684,2747,70722530,72252101,41.1880188,2943,0.643562794,0.000152865000,23,14.8019447,2.60830234e-06
41,2684,2747,70722530,72252101,41.1880188,2943,0.643562794,0.000152865000,24,15.4455070,2.21492542e-06
41,2684,2747,70722530,72252101,41.1880188,2943,0.643562794,0.000152865000,25,16.0890694,3.97618805e-06
41,2684,2747,70722530,72252101,41.1880188,2943,0.643562794,0.000152865000,26,16.7326317,5.97953840e-06
41,2684,2747,70722530,72252101,41.1880188,2943,0.643562794,0.000152865000,27,17.3761959,2.15229761e-06
41,2684,2747,70722530,72252101,41.1880188,2943,0.643562794,0.000152865000,28,18.0197582,1.04151650e-06
41,2684,2747,70722530,72252101,41.1880188,2943,0.643562794,0.000152865000,29,18.6633205,4.50513426e-06
41,2684,2747,70722530,72252101,41.1880188,2943,0.643562794,0.000152865000,30,19.3068848,2.39824340e-06
41,2684,2747,70722530,72252101,41.1880188,2943,0.643562794,0.000152865000,31,19.9504471,3.63540863e-07
41,2684,2747,70722530,72252101,41.1880188,2943,0.643562794,0.000152865000,32,20.5940094,1.23919150e-07
42,2748,2811,72276386,73805908,41.1893387,2942,1.93075025,8.24917358e-05,0,0.00000000,2.32387971e-05
42,2748,2811,72276386,73805908,41.1893387,2942,1.93075025,8.24917358e-05,1,0.643583417,4.65834994e-05
42,2748,2811,72276386,73805908,41.1893387,2942,1.93075025,8.24917358e-05,2,1.28716683,3.82590218e-05
42,2748,2811,72276386,73805908,41.1893387,2942,1.93075025,8.24917358e-05,3,1.93075025,8.24917358e-05
42,2748,2811,72276386,73805908,41.1893387,2942,1.93075025,8.24917358e-05,4,2.57433367,8.09027030e-05
42,2748,2811,72276386,73805908,41.1893387,2942,1.93075025,8.24917358e-05,5,3.21791697,6.09774243e-05
42,2748,2811,72276386,73805908,41.1893387,2942,1.93075025,8.24917358e-05,6,3.86150050,2.13030304e-05
42,2748,2811,72276386,73805908,41.1893387,2942,1.93075025,8.24917358e-05,7,4.50508404,1.40164982e-05
42,2748,2811,72276386,73805908,41.1893387,2942,1.93075025,8.24917358e-05,8,5.14866734,5.98479573e-06
42,2748,2811,72276386,73805908,41.1893387,2942,1.93075025,8.24917358e-05,9,5.79225063,7.02206216e-06
42,2748,2811,72276386,73805908,41.1893387,2942,1.93075025,8.24917358e-05,10,6.43583393,1.12673104e-05
42,2748,2811,72276386,73805908,41.1893387,2942,1.93075025,8.24917358e-05,11,7.07941771,5.10905647e-06
42,2748,2811,72276386,73805908,41.1893387,2942,1.93075025,8.24917358e-05,12,7.72300100,7.16560135e-06
42,2748,2811,72276386,73805908,41.1893387,2942,1.93075025,8.24917358e-05,13,8.36658478,2.40744112e-06
42,2748,2811,72276386,73805908,41.1893387,2942,1.93075025,8.24917358e-05,14,9.01016808,6.73251770e-06
42,2748,2811,72276386,73805908,41.1893387,2942,1.93075025,8.24917358e-05,15,9.65375137,1.56822387e-06
42,2748,2811,72276386,73805908,41.1893387,2942,1.93075025,8.24917358e-05,16,10.2973347,2.68462372e-06
42,2748,2811,72276386,73805908,41.1893387,2942,1.93075025,8.24917358e-05,17,10.9409180,4.07646985e-06
42,2748,2811,72276386,73805908,41.1893387,2942,1.93075025,8.24917358e-05,18,11.5845013,7.38659082e-06
42,2748,2811,72276386,73805908,41.1893387,2942,1.93075025,8.24917358e-05,19,12.2280846,5.05194612e-06
42,2748,2811,72276386,73805908,41.1893387,2942,1.93075025,8.24917358e-05,20,12.8716679,9.64057108e-06
42,2748,2811,72276386,73805908,41.1893387,2942,1.93075025,8.24917358e-05,21,13.5152521,6.36370487e-06
42,2748,2811,72276386,73805908,41.1893387,2942,1.93075025,8.24917358e-05,22,14.1588354,2.50056542e-06
42,2748,2811,72276386,73805908,41.1893387,2942,1.93075025,8.24917358e-05,23,14.8024187,1.70497492e-06
42,2748,2811,72276386,73805908,41.1893387,2942,1.93075025,8.24917358e-05,24,15.4460020,4.08145797e-06
42,2748,2811,72276386,73805908,41.1893387,2942,1.93075025,8.24917358e-05,25,16.0895863,6.47616434e-06
42,2748,2811,72276386,73805908,41.1893387,2942,1.93075025,8.24917358e-05,26,16.7331696,8.64483809e-06
42,2748,2811,72276386,73805908,41.1893387,2942,1.93075025,8.24917358e-05,27,17.3767529,5.61671095e-06
42,2748,2811,72276386,73805908,41.1893387,2942,1.93075025,8.24917358e-05,28,18.0203362,1.17875687e-05
42,2748,2811,72276386,73805908,41.1893387,2942,1.93075025,8.24917358e-05,29,18.6639194,0.99122479e-05
42,2748,2811,72276386,73805908,41.1893387,2942,1.93075025,8.24917358e-05,30,19.3075027,3.75210448e-06
42,2748,2811,72276386,73805908,41.1893387,2942,1.93075025,8.24917358e-05,31,19.9510860,5.57610565e-06
42,2748,2811,72276386,73805908,41.1893387,2942,1.93075025,8.24917358e-05,32,20.5946693,2.19418371e-06
43,2812,2875,73830214,75359337,41.2000847,2927,0.643751323,0.000225269000,0,0.00000000,8.04894505e-05
43,2812,2875,73830214,75359337,41.2000847,2927,0.643751323,0.000225269000,1,0.643751323,0.000225269000
43,2812,2875,73830214,75359337,41.2000847,2927,0.643751323,0.000225269000,2,1.28750265,0.000162775000
43,2812,2875,73830214,75359337,41.2000847,2927,0.643751323,0.000225269000,3,1.93125391,9.35574485e-05
43,2812,2875,73830214,75359337,41.2000847,2927,0.643751323,0.000225269000,4,2.57500529,6.93965184e-05
43,2812,2875,73830214,75359337,41.2000847,2927,0.643751323,0.000225269000,5,3.21875668,7.45954447e-05
43,2812,2875,73830214,75359337,41.2000847,2927,0.643751323,0.000225269000,6,3.86250782,5.00375274e-05
43,2812,2875,73830214,75359337,41.2000847,2927,0.643751323,0.000225269000,7,4.50625944,3.13512860e-05
43,2812,2875,73830214,75359337,41.2000847,2927,0.643751323,0.000225269000,8,5.15001059,7.50635127e-06
43,2812,2875,73830214,75359337,41.2000847,2927,0.643751323,0.000225269000,9,5.79376173,3.86770353e-06
43,2812,2875,73830214,75359337,41.2000847,2927,0.643751323,0.000225269000,10,6.43751335,1.37898858e-05
43,2812,2875,73830214,75359337,41.2000847,2927,0.643751323,0.000225269000,11,7.08126450,1.48610259e-05
43,2812,2875,73830214,75359337,41.2000847,2927,0.643751323,0.000225269000,12,7.72501564,1.39819038e-05
43,2812,2875,73830214,75359337,41.2000847,2927,0.643751323,0.000225269000,13,8.36876678,1.16212148e-05
43,2812,2875,73830214,75359337,41.2000847,2927,0.643751323,0.000225269000,14,9.01251888,5.77020865e-06
43,2812,2875,73830214,75359337,41.2000847,2927,0.643751323,0.000225269000,15,9.65627003,2.06096547e-06
43,2812,2875,73830214,75359337,41.2000847,2927,0.643751323,0.000225269000,16,10.3000212,3.18730781e-06
43,2812,2875,73830214,75359337,41.2000847,2927,0.643751323,0.000225269000,17,10.9437723,5.47299351e-06
43,2812,2875,73830214,75359337,41.2000847,2927,0.643751323,0.000225269000,18,11.5875235,7.83024552e-06
43,2812,2875,73830214,75359337,41.2000847,2927,0.643751323,0.000225269000,19,12.2312756,6.36247705e-06
43,2812,2875,73830214,75359337,41.2000847,2927,0.643751323,0.000225269000,20,12.8750267,8.61003627e-06
43,2812,2875,73830214,75359337,41.2000847,2927,0.643751323,0.000225269000,21,13.5187778,2.69044108e-06
43,2812,2875,73830214,75359337,41.2000847,2927,0.643751323,0.000225269000,22,14.1625290,2.64114101e-06
43,2812,2875,73830214,75359337,41.2000847,2927,0.643751323,0.000225269000,23,14.8062801,4.07566949e-06
43,2812,2875,73830214,75359337,41.2000847,2927,0.643751323,0.000225269000,24,15.4500313,3.02426542e-06
43,2812,2875,73830214,75359337,41.2000847,2927,0.643751323,0.000225269000,25,16.0937824,3.24448092e-06
43,2812,2875,73830214,75359337,41.2000847,2927,0.643751323,0.000225269000,26,16.7375336,7.60729336e-06
43,2812,2875,73830214,75359337,41.2000847,2927,0.643751323,0.000225269000,27,17.3812866,8.94966342e-06
43,2812,2875,73830214,75359337,41.2000847,2927,0.643751323,0.000225269000,28,18.0250378,2.09591371e-06
43,2812,2875,73830214,75359337,41.2000847,2927,0.643751323,0.000225269000,29,18.6687889,6.57961937e-06
43,2812,2875,73830214,75359337,41.2000847,2927,0.643751323,0.000225269000,30,19.3125401,7.47956801e-06
43,2812,2875,73830214,75359337,41.2000847,2927,0.643751323,0.000225269000,31,19.9562912,2.36976439e-06
43,2812,2875,73830214,75359337,41.2000847,2927,0.643751323,0.000225269000,32,20.6000423,7.17965008e-07
44,2876,2939,75383617,76913295,41.1851387,2941,1.28703558,0.000179209000,0,0.00000000,3.88658440e-05
44,2876,2939,75383617,76913295,41.1851387,2941,1.28703558,0.000179209000,1,0.643517792,0.000130712000
44,2876,2939,75383617,76913295,41.1851387,2941,1.28703558,0.000179209000,2,1.28703558,0.000179209000
44,2876,2939,75383617,76913295,41.1851387,2941,1.28703558,0.000179209000,3,1.93055344,7.13629259e-05
44,2876,2939,75383617,76913295,41.1851387,2941,1.28703558,0.000179209000,4,2.57407117,6.65249453e-05
44,2876,2939,75383617,76913295,41.1851387,2941,1.28703558,0.000179209000,5,3.21758890,6.28642802e-05
44,2876,2939,75383617,76913295,41.1851387,2941,1.28703558,0.000179209000,6,3.86110687,1.46302416e-05
44,2876,2939,75383617,76913295,41.1851387,2941,1.28703558,0.000179209000,7,4.50462437,1.36069164e-05
44,2876,2939,75383617,76913295,41.1851387,2941,1.28703558,0.000179209000,8,5.14814234,3.40117253e-06
44,2876,2939,75383617,76913295,41.1851387,2941,1.28703558,0.000179209000,9,5.79166031,1.75640923e-05
44,2876,2939,75383617,76913295,41.1851387,2941,1.28703558,0.000179209000,10,6.43517780,2.21505012e-05
44,2876,2939,75383617,76913295,41.1851387,2941,1.28703558,0.000179209000,11,7.07869577,1.13109553e-05
44,2876,2939,75383617,76913295,41.1851387,2941,1.28703558,0.000179209000,12,7.72221375,3.58111174e-06
44,2876,2939,75383617,76913295,41.1851387,2941,1.28703558,0.000179209000,13,8.36573124,7.28111627e-06
44,2876,2939,75383617,76913295,41.1851387,2941,1.28703558,0.000179209000,14,9.00924873,3.73353691e-06
44,2876,2939,75383617,76913295,41.1851387,2941,1.28703558,0.000179209000,15,9.65276718,3.57157887e-06
44,2876,2939,75383617,76913295,41.1851387,2941,1.28703558,0.000179209000,16,10.2962847,3.85359408e-06
44,2876,2939,75383617,76913295,41.1851387,2941,1.28703558,0.000179209000,17,10.9398022,1.01379227e-05
44,2876,2939,75383617,76913295,41.1851387,2941,1.28703558,0.000179209000,18,11.5833206,8.56392580e-06
44,2876,2939,75383617,76913295,41.1851387,2941,1.28703558,0.000179209000,19,12.2268381,1.64722057e-05
44,2876,2939,75383617,76913295,41.1851387,2941,1.28703558,0.000179209000,20,12.8703556,1.72661873e-05
44,2876,2939,75383617,76913295,41.1851387,2941,1.28703558,0.000179209000,21,13.5138741,9.60176476e-06
44,2876,2939,75383617,76913295,41.1851387,2941,1.28703558,0.000179209000,22,14.1573915,7.19744594e-06
44,2876,2939,75383617,76913295,41.1851387,2941,1.28703558,0.000179209000,23,14.8009090,5.01296518e-06
44,2876,2939,75383617,76913295,41.1851387,2941,1.28703558,0.000179209000,24,15.4444275,4.43981025e-06
44,2876,2939,75383617,76913295,41.1851387,2941,1.28703558,0.000179209000,25,16.0879440,1.02396734e-06
44,2876,2939,75383617,76913295,41.1851387,2941,1.28703558,0.000179209000,26,16.7314625,4.17311958e-06
44,2876,2939,75383617,76913295,41.1851387,2941,1.28703558,0.000179209000,27,17.3749809,1.07248660e-05
44,2876,2939,75383617,76913295,41.1851387,2941,1.28703558,0.000179209000,28,18.0184975,9.55316045e-06
44,2876,2939,75383617,76913295,41.1851387,2941,1.28703558,0.000179209000,29,18.6620159,7.49311084e-06
44,2876,2939,75383617,76913295,41.1851387,2941,1.28703558,0.000179209000,30,19.3055344,5.81484892e-06
44,2876,2939,75383617,76913295,41.1851387,2941,1.28703558,0.000179209000,31,19.9490509,2.14999704e-06
44,2876,2939,75383617,76913295,41.1851387,2941,1.28703558,0.000179209000,32,20.5925694,2.89207560e-06
