index,storage_timestamp_us,sensor_timestamp_us,ax,ay,az,gx,gy,gz,mx,my,mz
0,5577103,5563714,12,-158,8376,2,1,0,37,37,-351
1,5589099,5588228,13,-197,10479,2,1,0,48,46,-439
2,5613097,5612584,14,-236,12586,2,1,-1,58,55,-526
3,5637097,5636859,17,-275,14694,1,1,-1,67,65,-615
4,5663097,5661132,20,-315,16800,1,1,-1,76,75,-702
5,5687096,5685394,20,-316,16818,1,1,-1,77,76,-702
6,5711096,5709655,20,-316,16833,1,2,-1,75,76,-702
7,5735096,5733913,22,-316,16842,1,2,-1,76,75,-702
8,5759096,5758173,23,-313,16851,1,2,0,76,73,-702
9,5783096,5782433,24,-313,16855,2,2,0,76,73,-702
10,5807096,5806693,27,-308,16857,2,2,0,76,73,-703
11,5831096,5830951,26,-308,16856,2,2,0,76,73,-704
12,5857097,5855219,26,-305,16857,3,2,0,77,71,-704
13,5881096,5879478,26,-302,16860,2,2,1,77,71,-703
14,5905096,5903738,20,-296,16861,1,2,4,78,71,-702
15,5929096,5927997,14,-293,16863,0,2,8,78,71,-703
16,5953096,5952260,13,-308,16852,0,2,13,78,71,-703
17,5977096,5976520,19,-309,16854,4,2,17,77,71,-704
18,6001096,6000785,20,-311,16859,5,2,20,78,71,-703
19,6025096,6025050,25,-316,16859,5,3,21,77,71,-702
20,6051096,6049316,26,-317,16860,5,3,22,78,72,-702
21,6075096,6073582,27,-319,16861,6,3,21,79,71,-702
22,6099096,6097846,32,-323,16864,6,2,19,78,70,-703
23,6123096,6122108,35,-323,16865,8,2,15,77,70,-702
24,6147096,6146374,33,-307,16878,7,1,10,76,71,-702
25,6171096,6170636,28,-303,16875,4,1,6,76,71,-701
26,6195096,6194897,28,-303,16876,2,1,3,77,70,-702
27,6221096,6219161,28,-304,16868,-5,-2,2,77,69,-702
28,6245096,6243422,27,-303,16866,-6,-2,1,78,70,-703
29,6269096,6267682,30,-301,16887,-15,-5,3,78,71,-704
30,6293096,6291945,35,-313,16882,-36,-9,9,78,72,-704
31,6317096,6316209,104,-409,16910,-69,-16,40,78,72,-704
32,6341624,6340603,185,-565,16895,-95,-19,148,80,73,-704
33,6365623,6364917,130,-548,16886,-93,-19,240,80,74,-704
34,6389623,6389184,17,-471,16892,-91,-18,220,80,74,-704
35,6413623,6413445,-49,-472,16902,-92,-14,141,79,76,-702
36,6439624,6437713,-40,-508,16886,-87,-13,42,78,77,-702
37,6463623,6461974,10,-538,16868,-60,-7,-13,76,77,-702
38,6487623,6486233,11,-508,16879,-22,1,-56,77,75,-702
39,6511623,6510493,-33,-388,16863,19,9,-114,76,76,-702
40,6535623,6534755,-102,-230,16878,50,14,-234,74,75,-703
41,6559623,6559019,-41,-253,16890,54,15,-332,74,75,-702
42,6583623,6583276,66,-327,16948,53,11,-316,72,75,-702
43,6607623,6607537,69,-305,16964,54,7,-246,73,75,-702
44,6633623,6631805,-32,-269,16983,40,3,-165,73,74,-702
45,6657623,6656063,-108,-306,16953,16,-5,-128,73,74,-700
46,6681623,6680324,-35,-380,16924,0,-8,-93,73,75,-699
47,6705623,6704591,19,-407,16905,-2,-8,-63,74,75,-698
48,6729623,6728855,37,-410,16906,-2,-7,-49,74,75,-697
49,6753623,6753117,47,-418,16906,-1,-6,-42,75,73,-698
50,6777623,6777377,59,-435,16847,1,-1,-37,75,74,-697
51,6803624,6801642,121,-458,16830,12,3,-29,75,73,-698
52,6827623,6825902,216,-467,16827,28,7,-11,75,73,-697
53,6851623,6850167,238,-407,16860,39,13,6,75,73,-697
54,6875623,6874430,161,-357,16887,42,14,8,74,72,-698
55,6899623,6898691,81,-360,16896,39,12,3,73,72,-698
56,6923623,6922954,53,-365,16897,37,11,2,73,72,-697
57,6947623,6947214,37,-362,16897,20,7,3,73,72,-698
58,6971623,6971477,27,-355,16895,18,5,2,74,71,-699
59,6997623,6995745,25,-351,16901,16,5,1,74,71,-700
60,7021624,7020080,24,-344,16908,11,4,0,75,71,-701
61,7045624,7044383,27,-342,16906,8,3,0,76,71,-701
62,7069623,7068656,27,-339,16904,5,3,-1,76,71,-701
63,7093623,7092916,30,-337,16905,2,2,0,77,72,-700
64,7118997,7117270,30,-334,16909,-1,1,0,77,75,-701
65,7142997,7141591,32,-353,16860,28,8,-1,76,76,-700
66,7166997,7165860,34,-343,16858,58,13,0,75,75,-701
67,7190997,7190130,31,-325,16864,80,15,0,75,74,-704
68,7214997,7214399,26,-305,16881,91,15,1,75,74,-704
69,7238997,7238665,22,-284,16889,87,13,2,75,74,-705
70,7262997,7262932,18,-264,16900,76,10,2,75,72,-706
71,7288997,7287202,17,-268,16862,42,5,3,75,71,-706
72,7312997,7311472,17,-264,16845,25,3,3,75,68,-706
73,7336997,7335736,16,-241,16889,-1,-3,3,77,68,-706
74,7360997,7360000,16,-247,16885,-34,-8,2,75,69,-703
75,7384997,7384263,19,-261,16877,-60,-11,1,74,69,-702
76,7408997,7408526,20,-279,16857,-73,-12,1,74,69,-702
77,7432997,7432788,23,-299,16847,-69,-9,0,74,70,-702
78,7458999,7457062,26,-315,16836,-57,-6,0,74,71,-703
79,7482997,7481325,25,-310,16875,-24,-1,0,75,71,-704
80,7506997,7505630,23,-312,16886,-6,3,0,76,73,-704
81,7530997,7529896,22,-310,16892,2,5,0,75,71,-705
82,7554997,7554162,20,-308,16893,7,7,0,77,70,-707
83,7578997,7578428,18,-306,16898,10,7,0,78,71,-706
84,7602997,7602691,19,-305,16904,10,6,0,77,71,-705
85,7626997,7626954,19,-302,16910,7,4,0,78,70,-704
86,7652997,7651221,20,-302,16909,5,3,-1,77,68,-704
87,7676997,7675485,20,-301,16909,4,2,-2,77,69,-704
88,7700997,7699747,22,-299,16913,2,0,-2,77,70,-705
89,7724997,7724013,22,-298,16915,0,-1,-3,77,72,-704
90,7748997,7748298,24,-299,16924,-3,-2,-3,76,73,-704
91,7772997,7772566,26,-303,16918,-5,-3,-3,76,73,-704
92,7796997,7796832,29,-306,16912,-5,-3,-2,76,72,-704
93,7822998,7821107,27,-309,16901,-3,-2,-2,76,73,-705
94,7846997,7845371,26,-311,16902,-2,-2,-2,76,73,-705
95,7870997,7869633,28,-310,16904,-1,-1,-2,75,72,-706
96,7893983,7893961,29,-312,16903,0,0,-2,76,72,-705
97,7919977,7918654,30,-313,16902,0,0,-2,75,71,-705
98,7943977,7942936,28,-314,16894,1,1,-2,74,71,-705
99,7967977,7967204,27,-310,16894,1,1,-2,74,69,-705
100,7991977,7991627,25,-307,16898,2,1,-2,73,68,-705
101,8015977,8015909,26,-305,16906,3,2,-2,73,69,-705
102,8041977,8040183,26,-303,16908,3,2,-2,74,71,-705
103,8065977,8064447,23,-303,16909,3,2,-1,73,71,-704
104,8089977,8088715,21,-304,16912,3,2,-1,73,71,-705
105,8113977,8112982,28,-310,16890,4,2,-1,74,71,-704
106,8137977,8137250,13,-294,16893,30,11,2,75,71,-704
107,8161977,8161515,9,-281,16891,51,16,3,76,73,-705
108,8185977,8185778,5,-266,16893,71,18,3,75,74,-706
109,8211978,8210046,2,-245,16900,85,20,2,77,74,-706
110,8235977,8234321,-2,-226,16906,92,22,2,75,73,-706
111,8259977,8258586,-6,-205,16909,95,24,3,77,72,-707
112,8283977,8282849,-10,-184,16910,96,24,3,76,72,-707
113,8307977,8307115,-21,-156,16934,95,24,3,76,71,-708
114,8331977,8331376,-8,-150,16933,68,15,2,77,72,-708
115,8355977,8355639,-8,-145,16933,44,9,1,76,71,-707
116,8379977,8379899,-7,-140,16929,25,7,2,77,72,-706
117,8405978,8404167,-8,-140,16924,10,6,2,76,71,-706
118,8429977,8428430,-10,-141,16917,0,4,1,76,71,-704
119,8453977,8452695,-11,-143,16907,-3,3,0,76,70,-704
120,8477977,8476965,-13,-143,16905,1,2,-1,77,69,-704
121,8501977,8501230,-17,-140,16907,4,3,-2,77,69,-704
122,8525977,8525494,-19,-138,16910,7,4,-2,75,68,-704
123,8549977,8549760,-21,-136,16912,8,5,-3,75,68,-703
124,8574976,8574070,-24,-136,16914,8,4,-3,75,67,-705
125,8598976,8598357,-26,-136,16910,11,4,-3,75,68,-704
126,8622976,8622621,-26,-132,16914,13,3,-2,76,68,-703
127,8646976,8646886,-24,-127,16921,14,3,-1,74,69,-704
128,8672437,8671274,-22,-123,16923,10,3,-1,74,70,-704
129,8696437,8695594,-21,-122,16920,8,2,-1,74,70,-704
130,8720437,8719875,-21,-123,16916,7,2,-1,74,69,-704
131,8744437,8744141,-19,-120,16916,8,2,-1,75,69,-704
132,8768437,8768403,-19,-118,16917,7,2,-1,75,68,-705
133,8794437,8792667,-20,-115,16922,6,2,-1,75,68,-705
134,8818437,8816929,-20,-115,16917,5,2,0,75,68,-706
135,8842437,8841193,-21,-114,16919,5,2,0,76,67,-706
136,8866437,8865453,-22,-114,16921,5,2,0,77,66,-706
137,8890437,8889713,-22,-112,16927,3,2,0,77,66,-706
138,8914437,8913977,-21,-111,16927,2,1,0,78,66,-705
139,8938437,8938238,-22,-111,16934,1,0,0,77,65,-704
140,8964438,8962508,-22,-110,16934,-3,-1,1,77,67,-703
141,8988437,8986775,-21,-111,16926,-6,-3,0,77,67,-703
142,9012437,9011040,-22,-114,16919,-4,-3,-1,77,67,-702
143,9036437,9035304,-23,-112,16914,3,-3,-1,76,66,-703
144,9060437,9059571,-23,-107,16918,9,-3,-2,76,67,-703
145,9084437,9083832,-22,-103,16918,11,-3,-2,76,66,-703
146,9108437,9108099,-21,-101,16916,13,-3,-3,76,66,-703
147,9132437,9132363,-19,-100,16911,15,-1,-3,77,66,-704
148,9158437,9156631,-17,-94,16910,17,0,-3,76,65,-704
149,9182437,9180894,-15,-91,16912,19,2,-2,76,63,-705
150,9206437,9205158,-12,-86,16919,17,3,-1,76,65,-703
151,9230437,9229427,-10,-85,16921,11,4,-1,76,65,-702
152,9254437,9253692,-9,-87,16920,7,4,0,75,64,-703
153,9278437,9277954,-10,-90,16922,4,5,0,75,65,-703
154,9302437,9302217,-11,-89,16925,2,5,1,75,66,-704
155,9328438,9326487,-12,-88,16922,-1,4,2,76,67,-703
156,9352437,9350750,-14,-91,16920,1,4,1,76,67,-705
157,9376437,9375013,-16,-91,16923,2,3,1,77,68,-706
158,9400437,9399278,-19,-91,16928,3,2,0,78,68,-708
159,9424437,9423540,-20,-92,16928,1,2,0,78,68,-709
160,9449708,9447905,-23,-95,16923,1,2,1,79,68,-709
161,9473705,9472215,-26,-96,16915,3,3,0,81,69,-710
162,9497705,9496483,-29,-98,16912,8,4,0,81,69,-709
163,9521705,9520746,-31,-98,16914,11,4,-1,80,67,-710
164,9545705,9545012,-33,-94,16919,13,5,-2,81,68,-708
165,9569705,9569276,-34,-94,16915,14,5,-2,80,67,-707
166,9593705,9593536,-34,-91,16912,16,6,-1,79,65,-706
167,9619706,9617807,-34,-88,16913,16,6,-2,79,66,-705
168,9643705,9642073,-31,-82,16915,15,5,-2,79,66,-705
169,9667705,9666337,-31,-78,16912,15,6,-2,78,66,-705
170,9691705,9690614,-31,-72,16907,21,8,-2,77,65,-705
171,9715705,9714877,-34,-64,16910,28,9,-2,76,65,-705
172,9739705,9739142,-34,-58,16913,32,9,-2,76,64,-706
173,9763705,9763405,-35,-48,16924,32,8,-2,76,65,-704
174,9787705,9787670,-36,-41,16924,30,7,-2,77,64,-704
175,9813705,9811936,-40,-34,16921,28,6,-1,77,64,-703
176,9837705,9836200,-45,-28,16917,27,4,-1,76,65,-703
177,9861705,9860464,-45,-24,16920,26,2,-2,77,65,-702
178,9885705,9884727,-42,-21,16931,17,-2,-2,77,66,-702
179,9909705,9908992,-40,-21,16933,6,-4,-2,77,68,-702
180,9933705,9933257,-39,-25,16925,-3,-5,0,78,68,-702
181,9957705,9957523,-40,-28,16915,-8,-5,0,76,69,-704
182,9983706,9981801,-40,-33,16908,-11,-5,1,76,71,-706
183,10007705,10006063,-41,-37,16901,-9,-4,0,76,71,-707
184,10031705,10030324,-40,-41,16897,-6,-2,0,76,70,-706
185,10055705,10054586,-40,-41,16900,-2,0,0,76,70,-706
186,10079705,10078850,-41,-41,16903,2,1,-1,77,70,-707
187,10103705,10103113,-40,-40,16907,4,2,-1,76,70,-708
188,10128686,10127405,-39,-36,16909,8,2,-2,75,69,-707
189,10152686,10151692,-38,-32,16905,14,3,-2,75,69,-706
190,10176686,10175959,-38,-29,16909,20,4,-3,75,68,-705
191,10200686,10200226,-36,-22,16922,21,5,-3,75,69,-706
192,10225777,10224608,-35,-16,16925,18,6,-3,75,70,-706
193,10249777,10248921,-38,-14,16920,14,6,-3,75,72,-709
194,10273777,10273190,-42,-11,16913,13,6,-2,75,70,-708
195,10297777,10297459,-43,-11,16911,14,6,-2,75,71,-707
196,10321780,10321724,-44,-8,16914,13,6,-1,75,72,-708
197,10347777,10346400,-45,-6,16925,8,5,-1,76,71,-709
198,10371777,10370677,-46,-4,16929,2,3,0,76,70,-707
199,10395777,10394946,-46,-5,16922,-2,2,1,76,70,-707
200,10419777,10419312,-46,-6,16922,-3,0,2,76,68,-707
201,10443777,10443602,-46,-5,16926,-5,0,3,75,68,-706
202,10469777,10467876,-46,-7,16926,-8,-1,3,75,67,-705
203,10493777,10492151,-45,-5,16921,-11,-1,3,77,67,-706
204,10517777,10516418,-44,-6,16919,-10,-2,2,77,67,-707
205,10541777,10540683,-43,-7,16912,-8,-2,1,77,67,-707
206,10565777,10564946,-43,-10,16909,-2,-1,0,76,67,-709
207,10589777,10589209,-44,-9,16915,2,0,0,76,67,-709
208,10613777,10613467,-45,-9,16918,4,0,-1,77,67,-709
209,10637777,10637731,-43,-9,16918,5,0,-1,78,67,-709
210,10663778,10662007,-42,-8,16920,6,1,-1,78,68,-709
211,10687777,10686270,-44,-6,16919,6,1,0,77,68,-707
212,10711777,10710532,-45,-6,16918,7,2,0,77,67,-705
213,10735777,10734796,-46,-5,16921,7,2,0,76,68,-705
214,10759777,10759058,-46,-2,16922,5,3,0,75,68,-704
215,10783777,10783317,-45,-1,16921,3,2,0,76,68,-704
216,10807777,10807579,-44,-1,16920,1,2,0,75,67,-704
217,10833778,10831843,-43,-2,16917,0,2,0,74,67,-703
218,10857777,10856103,-43,-3,16915,-1,2,0,73,67,-703
219,10881777,10880363,-42,-5,16918,-1,1,0,74,67,-705
220,10905777,10904625,-42,-8,16922,-2,0,0,74,66,-705
221,10929777,10928892,-42,-10,16923,-5,-2,1,74,66,-705
222,10953777,10953157,-42,-14,16919,-7,-3,1,74,66,-703
223,10977777,10977421,-40,-19,16915,-9,-4,0,73,67,-703
224,11003256,11001839,-44,-22,16915,-7,-3,-1,73,66,-704
225,11027255,11026155,-45,-22,16919,-2,-3,-1,73,67,-704
226,11051255,11050424,-44,-21,16926,2,-2,-1,73,66,-704
227,11075255,11074687,-45,-17,16926,4,-2,-1,73,66,-703
228,11099255,11098948,-43,-12,16919,7,-1,-1,73,68,-704
229,11123255,11123211,-42,-10,16916,10,0,-2,74,68,-705
230,11149255,11147487,-40,-4,16917,12,1,-3,74,69,-707
231,11173255,11171753,-41,2,16923,10,1,-3,75,67,-706
232,11197255,11196017,-41,3,16916,7,0,-3,76,69,-706
233,11221255,11220284,-42,5,16915,5,0,-4,76,68,-706
234,11245255,11244547,-41,6,16920,2,0,-4,76,68,-707
235,11269255,11268814,-38,3,16926,-4,0,-3,75,68,-707
236,11293255,11293079,-38,-5,16931,-10,1,-2,75,67,-707
237,11319256,11317350,-39,-6,16936,-13,2,-1,77,66,-707
238,11343255,11341613,-40,-12,16940,-17,3,0,79,65,-706
239,11367255,11365877,-43,-18,16937,-19,3,1,78,65,-705
240,11391255,11390143,-43,-18,16946,-27,3,2,78,65,-706
241,11415255,11414407,-46,-25,16954,-42,-2,3,77,65,-706
242,11439255,11438671,-48,-36,16937,-57,-8,3,78,65,-707
243,11463255,11462932,-48,-48,16919,-57,-11,2,80,66,-707
244,11487255,11487200,-46,-57,16912,-53,-13,1,80,66,-706
245,11513255,11511467,-45,-69,16906,-50,-14,0,78,67,-706
246,11537255,11535732,-42,-81,16898,-43,-13,0,76,67,-707
247,11561255,11559995,-37,-91,16899,-33,-13,-1,75,68,-707
248,11585255,11584259,-32,-99,16904,-21,-12,-2,76,67,-706
249,11609255,11608520,-28,-105,16891,-5,-8,-3,76,69,-706
250,11633255,11632783,-27,-109,16891,15,-4,-4,75,68,-706
251,11657255,11657049,-26,-105,16897,28,-3,-5,73,67,-705
252,11682252,11681353,-24,-92,16919,36,-2,-5,73,67,-705
253,11706252,11705632,-22,-80,16937,35,-1,-4,74,67,-706
254,11730252,11729899,-40,-42,16949,29,-3,-3,75,67,-704
255,11754252,11754162,-52,24,16945,26,-4,1,76,66,-705
256,11779450,11778556,-59,92,16948,23,-5,4,75,68,-706
257,11803450,11802875,-62,176,16967,17,-6,4,76,68,-707
258,11827450,11827148,-37,221,16964,6,-7,-4,77,69,-706
259,11851450,11851411,-23,131,16965,-9,-8,-16,77,70,-704
260,11877450,11875689,-25,27,16956,-25,-12,-29,78,71,-705
261,11901450,11899955,-14,-5,16938,-31,-17,-49,78,72,-704
262,11925450,11924221,28,-51,16926,-32,-21,-70,78,73,-704
263,11949450,11948485,43,-139,16932,-34,-25,-93,77,72,-703
264,11973450,11972747,55,-228,16926,-35,-31,-114,77,71,-703
265,11997450,11997010,79,-309,16914,-33,-38,-127,77,69,-703
266,12021450,12021275,73,-348,16916,-30,-45,-134,76,69,-703
267,12047451,12045549,76,-251,16913,-28,-48,-139,75,68,-705
268,12071450,12069815,85,-153,16908,-24,-49,-142,75,68,-704
269,12095450,12094080,71,-128,16918,-18,-50,-133,74,68,-704
270,12119450,12118347,54,-101,16932,-14,-56,-125,73,68,-704
271,12143450,12142613,66,-66,16933,-12,-65,-118,74,70,-704
272,12167450,12166875,84,-59,16927,-7,-71,-106,74,71,-704
273,12191450,12191139,105,-36,16926,4,-72,-89,73,71,-702
274,12215450,12215404,123,-23,16935,15,-72,-64,73,71,-703
275,12241450,12239671,138,-41,16942,30,-74,-34,74,70,-703
276,12265450,12263932,149,-70,16937,48,-76,-9,72,69,-705
277,12289450,12288194,170,-105,16931,68,-72,7,71,68,-704
278,12313450,12312459,181,-147,16923,89,-64,21,71,67,-705
279,12337450,12336722,194,-135,16932,105,-57,35,70,66,-704
280,12361450,12360983,208,-70,16947,113,-62,45,71,66,-705
281,12385450,12385246,196,-74,16960,117,-79,54,70,66,-706
282,12411450,12409517,197,-73,16969,119,-100,59,69,64,-706
283,12435450,12433774,228,-24,16962,117,-126,64,68,64,-705
284,12459450,12458036,274,32,16956,107,-151,74,67,64,-706
285,12483450,12482302,326,89,16943,88,-171,84,69,63,-706
286,12507450,12506568,391,147,16938,65,-187,94,68,64,-705
287,12531450,12530833,452,173,16932,41,-202,99,67,64,-706
288,12556985,12555252,521,163,16921,20,-213,98,65,64,-706
289,12580985,12579557,579,157,16909,-3,-217,84,63,64,-705
290,12604985,12603828,610,136,16907,-30,-218,54,63,65,-705
291,12628985,12628102,619,85,16947,-64,-223,10,62,67,-704
292,12652985,12652368,627,41,16956,-81,-229,-32,62,66,-702
293,12676985,12676630,639,-7,16969,-85,-245,-67,59,68,-701
294,12700985,12700893,684,-49,16958,-82,-261,-95,58,69,-702
295,12726986,12725161,723,-93,16938,-72,-271,-114,57,67,-701
296,12750985,12749423,756,-121,16931,-61,-272,-125,57,67,-700
297,12774985,12774066,809,-115,16929,-49,-269,-126,57,68,-700
298,12798985,12798345,883,-102,16924,-30,-270,-113,54,68,-701
299,12822985,12822611,969,-71,16888,0,-264,-85,53,67,-701
300,12848986,12846996,1060,-41,16883,24,-257,-57,52,66,-701
301,12872985,12871293,1139,-7,16876,47,-246,-33,53,64,-702
302,12896985,12895560,1181,19,16891,69,-237,-13,52,64,-700
303,12920985,12919827,1219,61,16915,86,-241,5,50,65,-700
304,12944985,12944091,1266,82,16926,100,-255,23,49,63,-700
305,12968985,12968355,1322,104,16920,105,-274,35,49,62,-700
306,12992985,12992617,1394,122,16909,101,-295,40,48,63,-698
307,13016985,13016880,1453,131,16899,90,-314,40,47,63,-698
308,13042986,13041154,1528,128,16882,72,-333,34,46,65,-697
309,13066985,13065416,1614,135,16861,47,-348,21,45,66,-697
310,13090985,13089693,1692,154,16846,22,-356,9,43,65,-697
311,13114985,13113958,1748,172,16834,-8,-363,-4,41,64,-697
312,13138985,13138224,1837,160,16816,-36,-373,-15,40,65,-696
313,13162985,13162489,1923,138,16794,-51,-370,-22,38,65,-694
314,13186985,13186752,2002,124,16772,-53,-356,-26,37,64,-694
315,13212985,13211023,2085,115,16754,-46,-334,-27,34,65,-694
316,13235944,13235294,2147,118,16744,-31,-308,-25,33,64,-694
317,13259944,13259603,2204,117,16736,-11,-284,-19,32,65,-693
318,13283944,13283871,2266,107,16718,8,-261,-12,31,65,-693
319,13309944,13308140,2349,85,16700,36,-227,-7,33,66,-691
320,13333452,13332484,2379,101,16698,63,-186,-6,32,66,-691
321,13357451,13356802,2408,121,16714,87,-154,-5,32,67,-692
322,13381451,13381073,2411,166,16743,102,-136,0,32,67,-691
323,13405451,13405339,2423,202,16772,105,-142,9,33,65,-691
324,13431452,13429619,2443,234,16792,96,-164,18,31,65,-690
325,13455451,13453881,2478,249,16808,77,-197,25,30,65,-691
326,13479451,13478146,2513,273,16826,47,-242,28,29,64,-690
327,13503451,13502410,2563,280,16835,1,-311,25,26,63,-692
328,13527451,13526674,2662,253,16850,-52,-382,18,24,64,-691
329,13551451,13550937,2731,223,16834,-94,-446,9,21,64,-691
330,13575451,13575210,2842,174,16782,-117,-501,-3,19,62,-690
331,13601452,13599484,2961,142,16724,-125,-534,-17,18,63,-688
332,13625451,13623747,3090,112,16674,-126,-552,-31,17,62,-688
333,13649451,13648013,3204,101,16630,-124,-558,-40,15,63,-685
334,13673451,13672276,3351,80,16577,-109,-553,-38,14,63,-684
335,13697451,13696542,3501,77,16531,-79,-526,-21,12,64,-682
336,13721451,13720808,3605,99,16474,-33,-495,11,10,62,-679
337,13745451,13745075,3724,110,16441,4,-470,46,9,61,-677
338,13769451,13769344,3819,106,16430,26,-448,80,8,61,-675
339,13795452,13793620,3927,102,16420,40,-432,107,6,60,-674
340,13819451,13817883,4003,107,16417,46,-424,126,4,62,-674
341,13843451,13842149,4071,80,16402,49,-419,131,3,62,-674
342,13867451,13866416,4107,39,16393,43,-415,117,2,63,-674
343,13891451,13890676,4155,-20,16358,32,-407,81,2,63,-673
344,13915451,13914942,4227,-54,16318,12,-389,23,2,64,-673
345,13939451,13939203,4271,-53,16303,-17,-365,-57,1,65,-673
346,13965452,13963473,4356,-24,16285,-48,-341,-139,0,67,-673
347,13989451,13987738,4401,-8,16279,-78,-319,-208,0,67,-671
348,14013451,14012004,4485,-10,16261,-89,-300,-256,-2,66,-670
349,14037451,14036271,4580,19,16268,-95,-290,-281,-4,65,-669
350,14061451,14060541,4652,64,16284,-101,-294,-286,-5,65,-669
351,14085451,14084804,4697,100,16306,-107,-312,-274,-7,65,-669
352,14110984,14109180,4725,106,16316,-106,-343,-249,-11,66,-669
353,14134982,14133493,4816,85,16286,-97,-379,-209,-13,65,-670
354,14158982,14157766,4877,53,16252,-85,-409,-168,-15,65,-670
355,14182982,14182034,4954,39,16210,-71,-437,-134,-17,64,-670
356,14206982,14206297,5026,39,16172,-65,-458,-112,-18,66,-670
357,14230982,14230560,5098,30,16125,-63,-471,-97,-20,66,-668
358,14254982,14254825,5208,18,16059,-55,-475,-89,-22,65,-667
359,14280983,14279098,5341,14,16000,-43,-473,-79,-23,63,-666
360,14304982,14303372,5472,23,15958,-33,-465,-69,-23,63,-665
361,14328982,14327638,5601,46,15916,-22,-457,-52,-25,62,-661
362,14352982,14351903,5725,66,15875,-11,-452,-24,-25,61,-661
363,14376982,14376167,5831,58,15840,-1,-446,8,-25,63,-659
364,14400982,14400433,5922,31,15812,5,-440,31,-26,60,-657
365,14424982,14424698,5996,13,15795,10,-437,46,-27,61,-655
366,14448982,14448959,6049,-9,15785,6,-440,52,-27,61,-653
367,14474982,14473226,6087,-39,15764,-2,-445,44,-29,62,-653
368,14498982,14497492,6147,-76,15724,-14,-445,21,-29,62,-651
369,14522982,14521759,6192,-95,15705,-27,-444,-15,-32,62,-651
370,14546982,14546026,6257,-105,15687,-41,-444,-56,-33,62,-650
371,14570982,14570289,6346,-98,15657,-55,-449,-97,-35,61,-649
372,14594982,14594553,6448,-74,15611,-67,-455,-128,-36,61,-648
373,14618982,14618815,6574,-47,15542,-71,-457,-144,-37,60,-648
374,14644982,14643088,6708,-17,15478,-64,-454,-143,-39,60,-648
375,14668982,14667351,6841,13,15424,-52,-453,-129,-41,60,-646
376,14692982,14691617,6955,48,15386,-37,-457,-98,-42,60,-645
377,14716982,14715880,7070,56,15332,-20,-463,-59,-44,60,-645
378,14740982,14740140,7157,49,15286,-4,-467,-19,-45,60,-642
379,14764982,14764405,7230,29,15242,17,-468,14,-47,58,-641
380,14790245,14788725,7306,20,15207,35,-469,38,-51,59,-641
381,14814245,14813004,7382,20,15182,46,-473,58,-54,60,-640
382,14838245,14837267,7456,9,15141,52,-477,71,-54,60,-639
383,14862245,14861533,7525,-6,15093,58,-477,79,-55,60,-638
384,14887844,14885915,7598,-15,15043,64,-473,79,-56,60,-637
385,14911843,14910234,7673,-21,14999,66,-466,73,-58,59,-636
386,14935842,14934511,7762,-15,14945,65,-456,64,-60,59,-636
387,14959842,14958779,7857,6,14890,59,-443,58,-61,59,-634
388,14983842,14983042,7936,13,14836,49,-425,53,-62,58,-633
389,15007842,15007305,8004,4,14784,42,-405,45,-60,57,-632
390,15031842,15031579,8075,5,14746,40,-384,36,-61,58,-632
391,15057842,15055847,8149,22,14727,35,-365,28,-62,58,-631
392,15081842,15080112,8213,34,14710,26,-356,24,-63,58,-628
393,15105842,15104375,8279,48,14688,16,-357,23,-63,60,-627
394,15129842,15128639,8348,52,14666,12,-367,26,-62,60,-625
395,15153842,15152901,8414,40,14632,10,-380,31,-65,61,-625
396,15177842,15177168,8479,29,14585,11,-395,33,-64,63,-624
397,15201842,15201810,8558,24,14530,17,-407,35,-65,63,-623
398,15227842,15226088,8635,25,14474,20,-413,35,-66,63,-621
399,15251842,15250353,8711,16,14414,19,-413,32,-67,65,-620
400,15275842,15274677,8801,17,14348,16,-404,28,-68,64,-618
401,15299842,15298966,8878,16,14289,18,-388,25,-69,64,-617
402,15323842,15323228,8940,18,14245,18,-370,23,-71,63,-618
403,15347842,15347488,9014,37,14212,19,-356,22,-70,62,-615
404,15371842,15371750,9076,47,14198,22,-351,28,-71,62,-614
405,15397842,15396021,9118,44,14198,25,-362,34,-73,62,-613
406,15421842,15420285,9198,45,14180,27,-394,39,-74,61,-612
407,15445842,15444548,9261,53,14167,27,-439,44,-77,60,-611
408,15469842,15468811,9341,43,14115,29,-499,46,-77,60,-609
409,15493842,15493077,9423,35,14060,24,-565,37,-78,60,-607
410,15517842,15517353,9514,9,13969,13,-623,21,-80,62,-605
411,15541842,15541617,9614,-9,13866,2,-667,1,-84,62,-604
412,15567843,15565887,9741,-3,13739,-13,-688,-20,-85,62,-602
413,15591842,15590152,9870,2,13611,-33,-692,-41,-88,61,-600
414,15615842,15614416,9971,-1,13496,-50,-677,-60,-90,61,-599
415,15639842,15638678,10099,8,13370,-58,-645,-73,-92,61,-597
416,15663407,15663029,10198,22,13291,-65,-601,-78,-95,60,-597
417,15687407,15687347,10300,31,13219,-61,-552,-71,-97,60,-595
418,15713407,15711619,10396,54,13179,-53,-515,-55,-99,58,-592
419,15737407,15735881,10470,62,13152,-49,-497,-39,-98,60,-589
420,15761407,15760160,10542,53,13121,-45,-504,-25,-100,61,-587
421,15785407,15784427,10623,47,13068,-39,-521,-12,-100,61,-585
422,15809407,15808694,10706,34,12993,-38,-538,-1,-101,61,-583
423,15833407,15832958,10785,10,12910,-36,-556,5,-101,61,-580
424,15857407,15857223,10879,-5,12810,-33,-569,6,-102,63,-578
425,15883407,15881496,10980,-9,12704,-37,-579,3,-103,61,-576
426,15907407,15905758,11084,-26,12584,-40,-577,1,-104,61,-573
427,15931407,15930019,11187,-37,12469,-37,-566,1,-106,61,-573
428,15955407,15954282,11244,-49,12385,-28,-551,2,-107,60,-571
429,15979407,15978545,11341,-44,12291,-21,-534,5,-108,61,-569
430,16003407,16002816,11439,-27,12204,-9,-521,15,-109,60,-566
431,16027407,16027081,11523,-25,12127,5,-511,30,-108,61,-563
432,16051407,16051347,11588,-37,12072,14,-503,42,-108,61,-562
433,16077407,16075616,11660,-43,11999,18,-489,48,-109,62,-560
434,16101407,16099878,11732,-46,11908,19,-466,49,-110,63,-558
435,16125407,16124144,11807,-51,11813,24,-426,47,-110,62,-556
436,16149407,16148408,11909,-45,11722,26,-373,44,-110,63,-555
437,16173407,16172674,11951,-53,11673,26,-313,40,-110,63,-554
438,16197407,16196941,11974,-66,11655,16,-251,29,-111,63,-554
439,16221407,16221203,12002,-67,11642,5,-195,17,-112,62,-556
440,16247408,16245476,12029,-63,11626,-2,-148,8,-112,62,-555
441,16271407,16269740,12032,-66,11640,2,-115,5,-112,63,-555
442,16295407,16294002,12031,-56,11689,6,-109,5,-113,63,-556
443,16319407,16318264,12026,-51,11740,2,-130,5,-113,63,-556
444,16344394,16342566,12039,-65,11744,-3,-170,4,-114,64,-556
445,16368393,16366865,12067,-78,11713,-4,-219,-3,-115,63,-555
446,16392393,16391132,12102,-70,11668,-7,-267,-11,-115,64,-553
447,16416393,16415400,12138,-60,11615,-11,-311,-17,-116,65,-552
448,16440037,16439769,12187,-50,11551,-14,-353,-18,-118,65,-551
449,16466038,16464095,12247,-51,11485,-19,-391,-18,-117,63,-549
450,16490037,16488372,12308,-52,11404,-23,-420,-18,-117,62,-547
451,16514037,16512639,12374,-55,11309,-25,-442,-16,-117,63,-545
452,16538037,16536905,12429,-45,11237,-26,-455,-13,-118,63,-544
453,16562037,16561169,12495,-35,11170,-24,-468,-5,-119,64,-541
454,16586037,16585436,12567,-48,11081,-18,-479,5,-120,65,-539
455,16610037,16609699,12647,-63,10979,-14,-484,12,-119,64,-539
456,16634037,16633963,12723,-74,10878,-11,-480,14,-120,64,-536
457,16660037,16658235,12791,-79,10767,-9,-466,14,-121,63,-535
458,16684037,16682500,12860,-83,10668,-6,-447,14,-121,64,-534
459,16708037,16706765,12919,-85,10596,-6,-425,13,-122,63,-530
460,16732037,16731030,12981,-86,10525,-8,-404,11,-122,62,-526
461,16756037,16755295,13033,-90,10450,-13,-380,10,-122,62,-526
462,16780037,16779559,13080,-91,10394,-15,-355,9,-122,61,-525
463,16804037,16803825,13120,-91,10357,-15,-335,8,-125,62,-522
464,16830038,16828098,13164,-98,10297,-9,-317,8,-125,63,-521
465,16854037,16852363,13213,-95,10235,-5,-295,8,-125,63,-519
466,16878037,16876625,13255,-92,10177,-5,-265,8,-126,62,-518
467,16902037,16900893,13294,-95,10117,-3,-228,9,-126,63,-519
468,16926037,16925158,13320,-98,10076,3,-188,9,-127,62,-518
469,16950037,16949421,13339,-98,10052,9,-148,9,-127,60,-518
470,16974037,16973687,13359,-89,10051,13,-111,9,-128,61,-518
471,16998037,16997952,13368,-90,10030,16,-75,9,-127,61,-519
472,17024037,17022227,13365,-90,10046,15,-43,9,-127,61,-518
473,17048037,17046492,13358,-95,10070,17,-23,7,-127,62,-518
474,17072037,17070759,13351,-97,10090,21,-14,6,-127,62,-519
475,17096037,17095029,13352,-92,10099,22,-12,6,-126,63,-519
476,17120037,17119294,13353,-85,10103,19,-10,5,-125,64,-520
477,17144037,17143559,13353,-83,10100,17,-9,4,-125,65,-521
478,17168037,17167826,13350,-90,10072,15,-6,3,-125,65,-521
479,17194039,17192099,13356,-87,10062,14,-1,2,-124,65,-521
480,17217497,17216443,13358,-82,10064,10,7,1,-126,65,-523
481,17241496,17240751,13355,-82,10075,5,13,0,-127,64,-523
482,17265496,17265019,13349,-82,10089,3,13,0,-126,66,-523
483,17289496,17289286,13341,-86,10101,5,9,0,-129,66,-523
484,17315497,17313558,13339,-86,10106,7,1,0,-129,67,-521
485,17339496,17337821,13338,-81,10114,8,-7,0,-129,67,-519
486,17363496,17362088,13336,-80,10124,6,-18,0,-130,67,-518
487,17387496,17386354,13338,-79,10122,5,-31,1,-130,66,-518
488,17411496,17410618,13344,-82,10102,5,-43,1,-128,66,-517
489,17435496,17434885,13353,-82,10074,7,-49,2,-127,65,-518
490,17459496,17459163,13363,-82,10041,7,-46,2,-127,65,-518
491,17483496,17483432,13369,-82,10016,4,-35,2,-126,65,-518
492,17509496,17507702,13372,-84,9998,1,-20,1,-125,62,-520
493,17533496,17531968,13373,-87,9996,-2,-3,1,-125,62,-521
494,17557496,17556231,13371,-89,9998,-1,14,1,-125,63,-523
495,17581496,17580500,13363,-93,10012,1,29,1,-124,63,-522
496,17605497,17604766,13354,-90,10035,2,40,0,-125,63,-522
497,17629496,17629418,13342,-88,10064,2,42,0,-125,63,-521
498,17655497,17653696,13334,-89,10089,1,38,0,-126,64,-522
499,17679496,17677961,13328,-88,10108,1,27,0,-127,62,-522
500,17703496,17702289,13327,-86,10114,1,14,0,-128,64,-521
501,17727496,17726593,13328,-90,10110,2,0,1,-127,64,-520
502,17751496,17750863,13334,-88,10099,2,-10,1,-126,63,-519
503,17775496,17775130,13343,-82,10081,2,-16,1,-127,65,-519
504,17799496,17799396,13349,-79,10060,2,-16,1,-127,65,-520
505,17825497,17823672,13359,-79,10035,1,-7,1,-128,66,-520
506,17849496,17847939,13362,-77,10021,-1,6,0,-127,64,-520
507,17873496,17872205,13365,-80,10016,-1,24,0,-128,65,-520
508,17898483,17896500,13362,-80,10023,-1,42,-1,-128,65,-521
509,17922482,17920795,13358,-75,10028,-1,61,-1,-128,66,-521
510,17946482,17945074,13348,-75,10040,-2,79,-2,-128,66,-522
511,17970482,17969344,13339,-75,10060,-1,95,0,-129,64,-522
512,17994076,17993703,13328,-78,10082,2,108,2,-128,63,-523
513,18018076,18018020,13313,-80,10107,3,124,3,-126,64,-524
514,18044076,18042298,13298,-85,10126,5,140,3,-126,64,-524
515,18068076,18066565,13281,-83,10176,8,161,3,-124,63,-526
516,18092076,18090832,13257,-85,10208,10,181,2,-124,63,-526
517,18116076,18115098,13236,-82,10246,13,199,4,-123,62,-527
518,18140076,18139361,13202,-81,10300,17,211,6,-123,61,-528
519,18164076,18163627,13162,-81,10364,19,218,6,-121,64,-530
520,18188076,18187898,13123,-77,10426,17,216,4,-123,63,-531
521,18214077,18212177,13089,-76,10479,17,205,4,-124,63,-533
522,18238076,18236442,13059,-73,10519,20,191,3,-123,63,-533
523,18262076,18260705,13027,-70,10529,23,172,4,-124,62,-532
524,18286076,18284970,13004,-67,10564,28,151,5,-125,62,-534
525,18310076,18309239,12983,-68,10589,33,129,5,-125,62,-535
526,18334076,18333504,12982,-60,10580,37,113,6,-123,62,-535
527,18358076,18357773,12984,-53,10558,40,106,10,-125,61,-535
528,18382076,18382041,12986,-54,10535,45,112,15,-123,62,-535
529,18408076,18406308,12976,-52,10534,49,131,19,-122,60,-537
530,18432076,18430576,12954,-52,10564,46,153,21,-122,61,-538
531,18456076,18454843,12931,-55,10595,41,175,21,-121,62,-540
532,18480076,18479109,12914,-59,10600,37,202,20,-121,63,-540
533,18504076,18503374,12888,-56,10627,32,238,18,-119,63,-541
534,18528076,18527641,12841,-59,10678,26,276,13,-119,63,-543
535,18552076,18551905,12790,-61,10748,19,310,6,-117,61,-544
536,18578077,18576181,12733,-55,10838,14,333,-1,-117,61,-545
537,18602076,18600451,12686,-49,10906,11,344,-6,-116,62,-545
538,18626076,18624716,12645,-37,10958,10,353,-9,-115,62,-546
539,18650076,18648979,12604,-29,11002,10,364,-9,-115,62,-547
540,18674076,18673246,12552,-22,11067,8,377,-10,-114,62,-550
541,18698076,18697514,12505,-20,11120,8,385,-8,-115,63,-551
542,18722076,18721779,12465,-15,11166,13,396,-1,-114,64,-552
543,18746076,18746044,12422,-12,11208,23,410,9,-115,64,-553
544,18771711,18770401,12374,-12,11252,36,430,22,-116,65,-555
545,18795711,18794727,12306,-15,11327,51,450,35,-116,66,-557
546,18819711,18818998,12230,-20,11415,67,467,46,-115,66,-559
547,18843711,18843265,12153,-16,11508,78,475,57,-113,65,-560
548,18867711,18867529,12078,-10,11599,89,476,67,-112,64,-561
549,18893711,18891802,11994,-12,11693,100,472,76,-111,64,-562
550,18917711,18916082,11902,-21,11795,105,463,79,-110,63,-565
551,18941711,18940346,11821,-23,11882,102,455,73,-109,64,-566
552,18965711,18964611,11747,-20,11945,90,453,63,-107,63,-567
553,18989711,18988876,11691,-19,11985,71,463,50,-106,62,-568
554,19013711,19013140,11637,-18,12018,58,482,38,-105,63,-570
555,19037711,19037406,11577,-13,12064,55,510,30,-104,64,-572
556,19061711,19061672,11490,-8,12148,53,542,23,-103,64,-575
557,19087711,19085939,11399,0,12252,49,571,15,-101,65,-577
558,19111711,19110204,11315,18,12355,46,588,10,-98,65,-578
559,19135711,19134468,11224,36,12469,47,591,12,-96,66,-581
560,19159711,19158731,11129,46,12588,57,577,19,-95,66,-582
561,19183711,19183002,11032,60,12700,70,548,30,-95,66,-584
562,19207711,19207263,10938,64,12794,79,514,39,-95,64,-585
563,19231711,19231525,10848,65,12880,79,479,43,-95,65,-588
564,19257712,19255801,10782,63,12929,73,445,43,-95,65,-589
565,19281711,19280065,10717,63,12971,68,416,41,-95,63,-590
566,19305711,19304330,10649,59,13013,65,395,38,-95,62,-593
567,19329711,19328592,10584,58,13059,64,375,33,-94,60,-594
568,19353711,19352857,10523,59,13097,56,362,25,-93,61,-596
569,19377711,19377118,10468,61,13128,45,354,14,-92,61,-597
570,19401711,19401386,10418,71,13161,37,348,5,-92,62,-598
571,19425711,19425652,10375,76,13179,39,350,-1,-91,61,-600
572,19450720,19449943,10328,93,13207,43,362,-3,-90,61,-602
573,19474720,19474227,10284,106,13234,47,384,-3,-89,61,-604
574,19498720,19498498,10217,117,13288,46,406,-3,-88,62,-605
575,19524721,19522770,10139,120,13353,47,425,-4,-87,63,-607
576,19548022,19547147,10059,134,13446,53,430,-4,-87,63,-609
577,19572021,19571474,9982,149,13538,59,423,-3,-84,63,-611
578,19596021,19595748,9906,163,13620,59,405,-2,-82,62,-614
579,19620022,19620011,9830,177,13703,51,372,-2,-81,62,-613
580,19646021,19644296,9764,192,13750,44,335,2,-81,62,-613
581,19670021,19668560,9709,194,13770,44,299,11,-80,63,-614
582,19694021,19692825,9676,210,13769,54,280,24,-79,63,-614
583,19718021,19717090,9646,235,13763,67,279,45,-78,63,-613
584,19742021,19741355,9604,244,13749,81,302,71,-77,62,-613
585,19766021,19765616,9544,251,13781,101,331,100,-78,62,-613
586,19790021,19789879,9480,255,13843,119,356,128,-76,63,-614
587,19816022,19814155,9412,257,13908,133,371,150,-74,63,-617
588,19840021,19838416,9348,240,13974,143,374,166,-73,63,-619
589,19864021,19862679,9285,239,14042,145,370,171,-72,63,-620
590,19888021,19886949,9229,219,14083,136,358,167,-71,62,-621
591,19912021,19911215,9177,195,14112,117,346,148,-72,61,-622
592,19936021,19935481,9133,185,14144,90,334,122,-70,62,-625
593,19960021,19959745,9097,171,14143,60,334,90,-69,62,-628
594,19984022,19984013,9044,171,14152,36,348,59,-69,62,-629
595,20010021,20008282,8984,171,14175,20,372,34,-68,60,-630
596,20034021,20032549,8909,181,14218,9,399,12,-67,60,-630
597,20058021,20057248,8822,194,14283,-1,420,-6,-66,61,-631
598,20082021,20081527,8720,225,14365,-10,433,-18,-65,61,-633
599,20106021,20105798,8605,253,14430,-13,436,-25,-61,62,-633
600,20132021,20130194,8517,271,14479,-5,441,-28,-61,60,-633
601,20156021,20154481,8447,274,14530,7,447,-21,-59,61,-634
602,20180021,20178749,8377,273,14578,16,451,-9,-56,59,-635
603,20204021,20203015,8299,270,14623,24,458,1,-53,61,-637
604,20228021,20227279,8223,257,14670,32,468,9,-51,62,-638
605,20252021,20251544,8141,254,14718,38,476,13,-50,61,-640
606,20276021,20275808,8070,246,14750,44,486,17,-50,62,-642
607,20302022,20300085,8004,235,14802,52,504,24,-49,62,-645
608,20325460,20324422,7897,238,14876,49,510,29,-48,62,-647
609,20349459,20348743,7763,260,14975,29,493,22,-46,61,-648
610,20373459,20373023,7662,254,15029,19,473,8,-46,63,-649
611,20397459,20397292,7576,260,15097,12,448,-3,-47,62,-650
612,20423460,20421568,7485,278,15158,0,415,-11,-46,62,-652
613,20447459,20445834,7408,275,15197,-8,380,-15,-44,62,-653
614,20471459,20470098,7335,267,15242,-8,342,-19,-43,62,-652
615,20495459,20494365,7282,267,15277,-14,297,-26,-42,61,-653
616,20519459,20518628,7244,257,15281,-20,260,-34,-40,62,-653
617,20543459,20542897,7223,248,15250,-10,245,-39,-39,63,-654
618,20567459,20567161,7177,267,15255,-7,237,-40,-36,62,-654
619,20591459,20591427,7129,277,15249,-9,237,-42,-36,61,-655
620,20617459,20615696,7085,286,15258,-7,244,-43,-36,59,-655
621,20641459,20639960,7041,296,15273,-5,256,-43,-36,59,-656
622,20665459,20664225,6995,300,15283,-8,274,-43,-34,58,-655
623,20689459,20688491,6940,290,15302,-13,295,-47,-33,59,-657
624,20713459,20712759,6884,286,15329,-17,316,-54,-34,59,-658
625,20737459,20737025,6811,289,15376,-22,335,-60,-33,59,-658
626,20761459,20761286,6739,281,15419,-26,347,-67,-33,59,-660
627,20787460,20785559,6667,276,15452,-27,353,-75,-31,60,-659
628,20811459,20809823,6594,273,15480,-28,359,-89,-30,61,-659
629,20835459,20834088,6523,281,15511,-30,366,-100,-29,61,-659
630,20859459,20858354,6443,295,15551,-30,373,-106,-27,62,-660
631,20883459,20882621,6363,320,15588,-23,378,-102,-26,60,-660
632,20907459,20906887,6276,349,15642,-16,381,-89,-24,60,-662
633,20931459,20931151,6202,362,15671,-9,379,-71,-23,60,-662
634,20955459,20955414,6129,383,15699,3,384,-45,-21,60,-661
635,20981459,20979682,6055,390,15730,15,393,-13,-20,60,-663
636,21004436,21003953,5985,388,15752,31,406,18,-20,60,-664
637,21028436,21028251,5904,390,15789,46,417,45,-20,59,-666
638,21054437,21052529,5823,393,15788,51,423,66,-20,57,-668
639,21078436,21076793,5746,379,15806,48,429,79,-19,57,-669
640,21102337,21101131,5678,355,15812,40,441,79,-18,58,-668
641,21126336,21125462,5590,343,15849,36,455,73,-16,59,-670
642,21150336,21149728,5498,337,15891,32,463,59,-16,57,-672
643,21174336,21173997,5405,341,15932,28,466,44,-14,59,-673
644,21198336,21198264,5308,348,15976,20,465,31,-12,58,-675
645,21224336,21222536,5209,344,16015,10,458,17,-9,60,-675
646,21248336,21246799,5116,337,16085,11,452,5,-7,60,-676
647,21272336,21271065,5017,347,16133,19,443,-2,-6,62,-677
648,21296336,21295335,4914,365,16180,34,429,-3,-4,62,-678
649,21320336,21319599,4831,376,16208,40,409,-4,-3,59,-679
650,21344336,21343866,4752,377,16222,39,390,-5,-1,61,-679
651,21368336,21368131,4673,385,16248,34,373,-8,-1,59,-679
652,21394336,21392407,4599,389,16261,30,351,-11,0,59,-679
653,21418336,21416671,4541,394,16260,33,336,-13,0,58,-680
654,21442336,21440934,4476,406,16268,30,328,-14,1,57,-681
655,21466336,21465195,4413,418,16280,25,324,-14,3,56,-681
656,21490336,21489460,4360,418,16274,17,324,-13,4,57,-681
657,21514336,21513726,4300,423,16260,15,336,-12,5,59,-682
658,21538336,21537989,4237,425,16261,14,357,-12,6,59,-683
659,21562336,21562252,4164,433,16268,15,384,-10,7,60,-684
660,21588337,21586526,4083,439,16288,17,417,-7,9,60,-686
661,21612336,21610792,3978,443,16332,15,443,-4,11,60,-686
662,21636336,21635058,3878,440,16375,18,458,-1,12,60,-686
663,21660336,21659324,3780,437,16409,26,467,0,13,61,-687
664,21684336,21683589,3675,451,16462,36,469,2,14,60,-689
665,21708336,21707853,3576,457,16521,39,460,3,16,59,-689
666,21732336,21732119,3479,469,16563,38,440,4,18,59,-690
667,21758337,21756392,3393,470,16588,36,415,2,18,57,-692
668,21782336,21780653,3309,478,16616,34,386,-1,19,57,-691
669,21806336,21804919,3238,490,16630,30,359,-4,20,58,-692
670,21830336,21829183,3167,500,16643,25,332,-5,22,58,-694
671,21854336,21853446,3099,508,16657,16,307,-4,24,57,-695
672,21877926,21877815,3046,496,16651,4,282,-6,25,56,-695
673,21903927,21902135,2998,496,16634,0,268,-7,25,56,-696
674,21927926,21926406,2942,495,16635,0,265,-8,26,57,-697
675,21951926,21950675,2888,493,16652,-1,263,-14,28,57,-696
676,21975926,21974947,2828,496,16671,-4,256,-20,29,58,-698
677,21999926,21999211,2775,493,16677,-7,248,-24,30,57,-698
678,22023926,22023476,2731,480,16669,-8,246,-32,30,58,-697
679,22047926,22047737,2685,479,16665,-9,251,-43,29,59,-696
680,22073926,22072018,2620,493,16675,-12,259,-51,31,59,-696
681,22097926,22096283,2547,498,16706,-16,259,-54,32,59,-698
682,22121926,22120546,2485,502,16729,-15,248,-55,33,57,-699
683,22145926,22144812,2427,514,16738,-13,235,-46,35,58,-699
684,22169926,22169078,2386,509,16726,-11,229,-36,35,58,-699
685,22193926,22193344,2346,505,16721,-9,226,-30,35,59,-700
686,22217926,22217609,2296,538,16738,-9,226,-20,36,58,-701
687,22241926,22241871,2237,551,16753,-11,220,0,39,58,-699
688,22267926,22266144,2193,548,16775,-4,212,21,39,57,-701
689,22291926,22290405,2154,545,16777,10,206,44,40,58,-699
690,22315926,22314672,2118,534,16777,27,201,66,39,59,-700
691,22339926,22338936,2082,526,16786,44,196,82,40,59,-700
692,22363926,22363203,2048,533,16788,62,189,94,40,59,-701
693,22387926,22387466,2020,531,16788,78,186,105,43,57,-701
694,22411926,22411727,1995,511,16776,93,188,104,43,57,-701
695,22437927,22435995,1973,512,16773,111,201,92,43,58,-703
696,22461926,22460259,1923,538,16773,114,207,74,43,57,-702
697,22485926,22484910,1885,557,16782,94,205,51,44,56,-703
698,22509926,22509188,1843,578,16782,68,206,26,47,55,-703
699,22533926,22533456,1793,590,16776,39,206,3,47,55,-703
700,22559439,22557825,1731,605,16790,13,204,-15,48,53,-704
701,22583439,22582138,1677,621,16802,-11,195,-26,48,54,-705
702,22607439,22606413,1634,620,16808,-35,181,-29,49,53,-705
703,22631439,22630681,1594,607,16808,-55,165,-33,49,54,-705
704,22656734,22655036,1566,583,16803,-63,160,-35,50,54,-707
705,22680734,22679348,1527,571,16804,-56,159,-37,51,54,-707
706,22704734,22703620,1493,570,16812,-51,159,-36,51,55,-706
707,22728734,22727887,1461,564,16814,-45,161,-31,52,55,-705
708,22752734,22752150,1433,563,16819,-33,169,-24,52,57,-705
709,22776734,22776411,1385,567,16828,-19,177,-14,53,58,-704
710,22800734,22800689,1325,579,16852,-1,178,1,55,58,-703
711,22826734,22824955,1267,585,16873,15,167,22,56,57,-703
712,22850734,22849222,1252,589,16874,28,154,43,55,58,-703
713,22874734,22873488,1235,597,16867,36,141,61,54,59,-703
714,22898734,22897751,1214,593,16860,39,130,73,54,58,-705
715,22922734,22922015,1197,594,16861,41,122,79,55,58,-705
716,22946734,22946278,1178,591,16862,40,114,81,57,58,-707
717,22970734,22970541,1169,585,16868,36,109,79,56,57,-707
718,22996734,22994816,1162,583,16860,28,107,71,56,59,-708
719,23020734,23019082,1160,595,16853,17,109,60,58,59,-708
720,23044734,23043348,1122,603,16856,7,114,53,58,59,-707
721,23068734,23067614,1086,594,16863,1,116,45,60,58,-706
722,23092734,23091881,1053,602,16876,-1,117,42,59,58,-706
723,23116734,23116144,1028,606,16875,-7,116,43,61,60,-706
724,23140734,23140409,1005,602,16866,-17,118,44,61,59,-705
725,23164734,23164674,992,610,16857,-30,120,43,63,59,-704
726,23190734,23188944,966,592,16851,-40,125,38,62,59,-705
727,23214734,23213208,922,561,16855,-48,126,31,62,58,-705
728,23238734,23237475,896,536,16861,-57,122,21,64,58,-705
729,23262734,23261737,884,526,16863,-63,121,9,64,59,-705
730,23286734,23286001,876,508,16858,-69,121,-10,64,59,-706
731,23310734,23310266,858,482,16849,-73,123,-38,64,58,-705
732,23334734,23334529,844,455,16838,-75,130,-73,63,60,-706
733,23360735,23358802,799,435,16840,-78,139,-108,64,60,-706
734,23384734,23383067,768,440,16851,-87,145,-136,64,60,-705
735,23408734,23407331,728,440,16858,-98,153,-154,64,61,-706
736,23432274,23431665,670,429,16869,-103,159,-162,65,62,-706
737,23456274,23455974,610,415,16874,-103,159,-161,65,62,-706
738,23480274,23480238,602,421,16879,-103,156,-154,66,63,-705
739,23506274,23504502,572,410,16891,-103,148,-159,67,62,-706
740,23530274,23528779,535,379,16906,-101,134,-159,66,62,-707
741,23554274,23553047,499,341,16907,-96,121,-153,67,62,-707
742,23578274,23577310,456,308,16905,-89,110,-146,67,62,-707
743,23602274,23601574,420,288,16900,-84,101,-137,67,62,-707
744,23626274,23625835,399,274,16896,-82,93,-129,67,61,-707
745,23650274,23650100,379,250,16899,-80,88,-90,68,61,-706
746,23676275,23674372,313,208,16901,-73,84,-78,67,60,-706
747,23700274,23698635,290,191,16905,-64,81,-49,67,62,-707
748,23724274,23722901,299,213,16912,-59,81,-26,68,62,-707
749,23748274,23747165,309,220,16905,-52,101,-12,69,62,-707
750,23772274,23771430,269,214,16904,-42,106,3,69,62,-709
751,23796274,23795699,272,206,16909,-29,107,13,69,62,-709
752,23820274,23819964,255,200,16900,-17,109,22,70,63,-709
753,23844274,23844229,258,173,16873,-6,121,-6,69,63,-710
754,23870274,23868496,316,101,16818,25,169,-8,70,64,-711
755,23894274,23892761,274,152,16879,43,187,-6,72,63,-710
756,23918274,23917025,194,160,16903,53,187,1,72,62,-710
757,23942274,23941289,130,169,16922,54,157,11,74,60,-710
758,23966274,23965550,129,191,16925,54,140,17,73,60,-709
759,23990274,23989815,107,206,16921,51,126,19,75,61,-708
760,24014274,24014076,93,207,16922,48,116,16,75,61,-709
761,24040275,24038350,54,240,16942,40,97,14,75,60,-709
762,24064274,24062617,-48,317,16995,4,45,18,74,60,-708
763,24088274,24086883,-56,272,16929,-22,21,18,74,60,-708
764,24111233,24111162,-54,249,16904,-31,12,19,73,61,-706
765,24137233,24135463,-51,253,16906,-32,10,20,73,62,-706
766,24161233,24159730,-41,267,16897,-47,8,21,73,61,-708
767,24185233,24183997,-37,265,16883,-72,8,20,73,61,-708
768,24208804,24208365,-40,223,16897,-98,10,19,73,60,-709
769,24232804,24232695,-44,192,16914,-105,11,16,73,62,-709
770,24258804,24256985,-42,164,16920,-102,11,11,73,63,-709
771,24282804,24281257,-48,143,16927,-96,12,6,72,63,-709
772,24306804,24305521,-53,124,16929,-92,11,4,71,65,-709
773,24330804,24329788,-54,90,16925,-91,11,1,71,66,-710
774,24354804,24354048,-64,50,16926,-77,10,0,70,69,-711
775,24378804,24378310,-70,21,16942,-52,9,1,70,69,-711
776,24402804,24402574,-67,42,16932,-29,5,1,70,70,-710
777,24428804,24426844,-64,42,16917,-20,3,1,71,70,-711
778,24452804,24451106,-64,43,16909,-16,1,1,72,70,-710
779,24476804,24475369,-62,41,16910,-16,0,1,72,71,-709
780,24500804,24499639,-61,37,16907,-21,-2,1,74,69,-709
781,24524804,24523905,-61,27,16904,-22,-3,1,73,68,-708
782,24548804,24548166,-59,15,16914,-22,-4,0,72,66,-707
783,24572804,24572436,-58,13,16912,-20,-5,0,72,67,-707
784,24596804,24596699,-55,11,16910,-15,-7,0,72,67,-709
785,24622805,24620969,-53,14,16912,-12,-8,0,71,67,-708
786,24646804,24645234,-46,11,16918,-11,-10,-1,71,67,-709
787,24670804,24669498,-40,10,16923,-10,-14,-3,73,67,-710
788,24694804,24693762,-34,8,16917,-8,-15,-3,72,67,-712
789,24718804,24718027,-32,10,16910,-7,-15,-2,72,66,-712
790,24742804,24742295,-31,8,16905,-5,-15,-3,74,68,-710
791,24766804,24766558,-29,4,16907,-2,-14,-3,74,68,-709
792,24792805,24790829,-29,0,16913,-4,-13,-3,73,69,-708
793,24816804,24815092,-27,-2,16918,-9,-12,-2,73,69,-706
794,24840804,24839359,-31,1,16916,-16,-12,0,73,69,-707
795,24864804,24863625,-35,-6,16908,-25,-12,1,72,68,-705
796,24888804,24887892,-35,-11,16913,-32,-14,1,72,70,-703
797,24912804,24912545,-27,-23,16920,-38,-15,1,73,70,-703
798,24938805,24936824,-24,-31,16924,-45,-15,3,73,70,-706
799,24962804,24961090,-19,-39,16918,-50,-14,5,73,67,-705
800,24986406,24985464,-13,-49,16915,-48,-14,5,75,68,-705
801,25010405,25009805,-10,-62,16908,-45,-14,5,76,68,-706
802,25034405,25034076,-6,-76,16905,-38,-12,4,75,67,-705
803,25058405,25058344,-4,-86,16905,-29,-10,3,75,66,-706
804,25084405,25082620,-4,-95,16904,-20,-7,3,78,64,-707
805,25108405,25106885,-5,-96,16904,-13,-5,2,76,64,-708
806,25132405,25131151,-2,-98,16905,-7,-5,0,75,66,-708
807,25156405,25155415,-3,-100,16908,-3,-4,-1,77,67,-708
808,25180405,25179678,-4,-102,16904,-1,-1,-1,75,67,-708
809,25204405,25203943,-6,-102,16904,3,1,-1,74,67,-707
810,25228405,25228219,-8,-102,16904,8,4,-1,75,67,-707
811,25254405,25252494,-7,-96,16903,12,5,-1,76,68,-707
812,25278405,25276758,-5,-90,16903,16,6,-1,75,69,-706
813,25302405,25301022,-6,-86,16904,19,7,-1,75,69,-705
814,25326405,25325283,-6,-83,16904,21,9,-1,75,68,-704
815,25350405,25349548,-8,-75,16903,22,9,-1,73,67,-704
816,25374405,25373810,-10,-70,16902,22,9,-1,74,66,-705
817,25398405,25398074,-10,-65,16903,20,8,-1,76,66,-705
818,25422405,25422340,-11,-61,16904,19,8,-1,77,68,-705
819,25448405,25446609,-14,-60,16906,19,8,-2,75,68,-704
820,25472405,25470874,-17,-61,16909,19,9,-1,76,69,-705
821,25496405,25495145,-21,-58,16914,19,8,-1,76,69,-707
822,25520405,25519412,-22,-55,16917,19,7,-1,78,68,-707
823,25544405,25543677,-21,-53,16918,18,7,-1,78,70,-707
824,25568405,25567938,-22,-45,16920,18,7,-1,77,69,-707
825,25592405,25592203,-25,-40,16923,16,6,-1,74,68,-707
826,25618406,25616472,-25,-36,16924,13,4,0,73,67,-708
827,25642405,25640735,-23,-38,16925,9,3,0,75,66,-709
828,25665370,25665011,-25,-34,16926,4,1,1,74,65,-710
829,25689370,25689316,-27,-39,16920,0,0,2,74,65,-708
830,25715370,25713584,-25,-47,16910,2,0,2,73,67,-708
831,25739370,25737847,-26,-47,16910,5,1,2,73,68,-709
832,25762828,25762187,-25,-51,16911,6,3,2,73,69,-709
833,25786828,25786520,-26,-51,16904,7,5,3,75,71,-710
834,25810828,25810788,-28,-46,16903,9,7,4,75,70,-711
835,25836828,25835056,-31,-37,16901,8,7,4,74,70,-710
836,25860828,25859321,-33,-32,16899,10,7,4,74,70,-711
837,25884828,25883588,-30,-25,16903,12,7,3,74,70,-710
838,25908828,25907853,-32,-12,16913,9,7,3,74,68,-710
839,25932828,25932119,-32,-11,16916,4,5,3,74,66,-710
840,25956828,25956392,-35,-14,16911,1,1,2,75,65,-709
841,25980828,25980655,-47,-31,16912,-1,-2,2,74,65,-708
842,26006828,26004927,-44,-36,16911,-1,-5,6,75,66,-708
843,26030828,26029198,-28,-28,16912,-2,-5,10,75,68,-707
844,26054828,26053461,-28,-29,16909,-5,-4,13,74,67,-707
845,26078828,26077726,-54,-48,16909,-7,-3,24,74,68,-707
846,26102828,26101987,-63,-65,16907,-7,-2,44,74,69,-708
847,26126828,26126249,-58,-59,16910,-6,-1,61,74,70,-708
848,26150828,26150516,-69,-68,16921,-6,1,83,72,69,-708
849,26174828,26174781,-62,-60,16925,-6,6,113,72,70,-708
850,26200828,26199052,-53,-52,16922,-4,12,134,71,69,-708
851,26224828,26223315,-49,-55,16907,1,16,144,72,69,-708
852,26248828,26247578,-42,-48,16893,5,17,149,74,68,-708
853,26272828,26271842,-16,-29,16881,7,16,143,73,68,-708
854,26296828,26296107,-10,-7,16883,7,16,127,74,68,-708
855,26320828,26320372,-22,3,16895,7,16,111,75,66,-708
856,26344828,26344633,-6,12,16903,8,18,87,76,67,-709
857,26370828,26368902,2,18,16918,10,21,55,76,66,-709
858,26394828,26393165,-18,13,16928,12,24,24,76,65,-710
859,26418828,26417431,-45,13,16947,21,26,6,76,65,-711
860,26442828,26441694,-52,24,16962,38,29,-11,75,64,-709
861,26466828,26465961,-58,48,17004,59,37,-26,76,63,-708
862,26490828,26490227,-73,58,17029,71,54,-40,77,62,-709
863,26514828,26514494,-92,56,17038,75,75,-49,77,61,-708
864,26539970,26538870,-119,87,17053,69,104,-59,77,60,-708
865,26563970,26563181,-184,135,17060,53,134,-77,78,60,-708
866,26587970,26587448,-269,143,17084,28,171,-105,79,61,-708
867,26611970,26611714,-344,118,17093,-7,214,-136,79,61,-708
868,26637970,26635985,-421,119,17094,-45,254,-161,80,62,-708
869,26661970,26660252,-516,98,17079,-77,294,-188,80,63,-709
870,26685970,26684523,-590,67,17057,-93,331,-215,80,63,-708
871,26709970,26708785,-602,37,16990,-88,361,-234,81,65,-709
872,26733970,26733049,-606,6,16902,-64,377,-240,83,66,-708
873,26757970,26757318,-635,-20,16838,-24,375,-228,84,66,-709
874,26781970,26781589,-623,-10,16829,14,362,-203,86,66,-710
875,26805970,26805855,-640,22,16821,39,346,-176,87,66,-711
876,26831971,26830129,-671,-2,16868,53,337,-145,89,66,-712
877,26855970,26854391,-699,4,16892,55,332,-139,90,64,-711
878,26879970,26878655,-738,-33,16870,57,328,-104,91,64,-711
879,26903970,26902924,-840,-68,16885,55,323,-75,93,62,-712
880,26927970,26927190,-988,-57,16954,43,321,-55,94,61,-713
881,26951970,26951456,-1088,-69,17009,19,334,-44,95,60,-714
882,26975970,26975721,-1186,-82,16984,-1,354,-32,95,59,-713
883,27001970,26999991,-1274,-98,16964,-3,372,-19,97,60,-714
884,27025970,27024255,-1362,-110,16893,4,387,-8,99,61,-715
885,27049970,27048519,-1464,-100,16842,15,394,32,100,61,-716
886,27073970,27072783,-1580,-27,16857,17,396,38,102,61,-717
887,27097970,27097046,-1703,43,16871,14,405,41,103,62,-716
888,27121970,27121307,-1768,72,16854,14,419,39,105,62,-716
889,27145970,27145574,-1832,77,16831,20,431,35,106,61,-715
890,27169970,27169840,-1925,93,16825,26,442,27,107,62,-715
891,27195970,27194115,-2030,112,16830,28,452,19,108,62,-714
892,27218915,27218382,-2141,149,16840,31,468,6,110,63,-715
893,27242915,27242679,-2232,150,16826,37,487,-9,114,63,-715
894,27268915,27266954,-2323,135,16778,45,504,-21,117,63,-715
895,27292915,27291216,-2410,133,16739,50,512,-30,118,63,-715
896,27316466,27315555,-2536,120,16701,50,516,-36,121,63,-716
897,27340465,27340231,-2668,141,16661,50,516,-42,123,64,-717
898,27366466,27364524,-2799,146,16629,53,513,-51,126,63,-717
899,27390465,27388791,-2892,144,16586,59,510,-58,129,62,-718
900,27414465,27413117,-2991,141,16549,59,502,-63,131,60,-717
901,27438465,27437413,-3087,135,16528,56,490,-63,132,60,-717
902,27462465,27461681,-3181,136,16530,51,481,-61,131,59,-717
903,27486465,27485945,-3267,126,16531,43,475,-58,133,60,-719
904,27510465,27510207,-3361,117,16546,33,474,-49,134,60,-718
905,27536466,27534473,-3456,96,16553,22,479,-36,134,59,-717
906,27560465,27558741,-3541,77,16542,11,489,-15,136,58,-717
907,27584465,27583005,-3655,68,16522,1,498,8,137,60,-718
908,27608465,27607269,-3764,50,16499,-4,509,32,138,58,-717
909,27632465,27631533,-3881,77,16468,-11,521,57,141,59,-718
910,27656465,27655811,-3991,119,16424,-22,529,74,143,59,-718
911,27680465,27680083,-4113,141,16375,-29,532,84,145,57,-718
912,27704465,27704352,-4220,152,16315,-28,533,89,147,57,-719
913,27730465,27728625,-4317,186,16250,-27,526,88,152,58,-719
914,27754465,27752890,-4425,224,16197,-31,513,78,153,59,-719
915,27778465,27777155,-4529,231,16155,-36,497,64,154,59,-717
916,27802465,27801420,-4618,231,16099,-35,477,49,158,61,-717
917,27826465,27825682,-4710,206,16062,-30,453,34,158,61,-716
918,27850465,27849946,-4824,194,16054,-23,431,23,160,60,-715
919,27874465,27874211,-4916,180,16035,-19,413,16,161,60,-715
920,27900465,27898484,-5007,160,16019,-17,395,14,164,59,-715
921,27924465,27922750,-5093,134,16015,-13,384,18,163,59,-714
922,27948465,27947017,-5164,105,16004,-6,375,26,165,57,-715
923,27972465,27971278,-5270,97,16042,-1,371,45,167,58,-715
924,27996465,27995540,-5363,127,16060,-1,382,63,167,58,-716
925,28020465,28019806,-5435,149,16027,-11,393,74,169,58,-715
926,28044465,28044071,-5507,127,15985,-19,402,86,170,57,-716
927,28068465,28068334,-5605,141,15965,-20,416,98,171,59,-716
928,28093824,28092721,-5676,180,15906,-24,426,104,172,60,-716
929,28117823,28117037,-5731,190,15810,-32,421,99,173,59,-717
930,28141823,28141326,-5806,204,15735,-37,405,90,175,60,-717
931,28165823,28165594,-5854,218,15651,-36,381,71,177,58,-716
932,28191823,28189866,-5927,222,15613,-38,348,52,179,58,-715
933,28215823,28214128,-6000,224,15610,-33,319,33,181,59,-714
934,28239823,28238394,-6053,239,15600,-26,291,13,183,59,-713
935,28263823,28262659,-6095,244,15592,-21,263,-9,185,59,-713
936,28287823,28286923,-6155,242,15617,-16,242,-31,186,59,-712
937,28311823,28311188,-6227,249,15660,-9,235,-50,187,57,-712
938,28335823,28335451,-6285,241,15687,-2,242,-68,187,57,-712
939,28359823,28359713,-6333,229,15669,3,253,-83,187,57,-712
940,28385824,28383986,-6369,210,15644,2,261,-97,188,55,-712
941,28409823,28408248,-6431,184,15628,0,269,-108,188,56,-713
942,28433823,28432511,-6492,164,15606,-1,283,-117,189,56,-713
943,28457823,28456770,-6557,112,15579,0,298,-121,191,56,-714
944,28481823,28481035,-6624,74,15556,5,313,-119,191,57,-714
945,28505823,28505299,-6699,47,15549,8,333,-113,192,59,-712
946,28529823,28529563,-6762,34,15521,6,356,-103,193,60,-713
947,28555824,28553830,-6824,25,15481,2,375,-92,195,61,-714
948,28579823,28578098,-6902,3,15451,5,396,-82,196,62,-713
949,28603823,28602359,-6974,-21,15426,12,420,-69,198,60,-713
950,28627823,28626625,-7059,-30,15399,13,444,-56,198,59,-712
951,28651823,28650890,-7135,-4,15337,6,465,-47,200,60,-710
952,28675823,28675151,-7200,-6,15232,-4,474,-40,203,58,-710
953,28699823,28699414,-7272,-29,15135,-8,470,-32,205,58,-710
954,28723823,28723674,-7364,-19,15073,-8,460,-24,208,58,-708
955,28749824,28747949,-7473,10,15043,-12,448,-23,210,57,-706
956,28772792,28772223,-7558,26,14990,-21,435,-26,212,56,-707
957,28796792,28796521,-7638,32,14930,-25,419,-33,213,58,-706
958,28822793,28820798,-7733,25,14880,-22,404,-39,215,60,-706
959,28846792,28845064,-7797,14,14851,-16,390,-44,218,58,-706
960,28870673,28869404,-7872,17,14860,-14,380,-50,218,59,-707
961,28894673,28893729,-7950,25,14875,-15,379,-57,219,60,-708
962,28918673,28918001,-8024,-15,14885,-16,390,-61,220,59,-708
963,28942673,28942265,-8094,-54,14878,-12,419,-58,221,58,-707
964,28966673,28966529,-8166,-62,14848,-11,451,-48,223,59,-705
965,28992674,28990806,-8239,-69,14790,-14,481,-35,225,58,-705
966,29016673,29015070,-8294,-58,14703,-23,503,-24,227,59,-706
967,29040673,29039330,-8370,-39,14583,-35,503,-21,229,60,-705
968,29064673,29063593,-8455,-50,14468,-43,493,-21,229,60,-703
969,29088673,29087853,-8533,-65,14358,-44,473,-23,231,58,-701
970,29112673,29112124,-8611,-53,14263,-42,444,-27,233,58,-700
971,29136673,29136393,-8688,-53,14184,-40,403,-34,234,60,-700
972,29160673,29160658,-8776,-56,14146,-36,362,-46,235,61,-699
973,29186673,29184920,-8866,-59,14136,-32,327,-62,236,60,-698
974,29210673,29209182,-8931,-94,14133,-25,302,-77,237,58,-698
975,29234673,29233445,-8996,-147,14151,-16,294,-81,235,58,-698
976,29258673,29257708,-9065,-186,14173,-8,304,-77,238,57,-698
977,29282673,29281970,-9124,-205,14161,-10,319,-69,239,59,-698
978,29306673,29306232,-9175,-245,14117,-17,333,-55,240,60,-698
979,29330673,29330496,-9227,-291,14074,-23,351,-34,241,59,-699
980,29356674,29354773,-9276,-322,14001,-28,365,-6,241,58,-699
981,29380673,29379034,-9317,-337,13914,-36,371,25,240,59,-700
982,29404673,29403301,-9361,-341,13842,-46,365,57,241,59,-699
983,29428673,29427563,-9399,-339,13766,-59,348,87,244,61,-698
984,29452673,29451826,-9424,-323,13682,-68,317,113,244,61,-697
985,29476673,29476090,-9474,-304,13649,-71,282,135,246,61,-697
986,29500673,29500354,-9523,-271,13628,-73,249,151,246,60,-696
987,29524673,29524619,-9571,-222,13607,-80,210,159,247,60,-695
988,29550673,29548889,-9615,-191,13599,-85,173,159,248,60,-694
989,29574673,29573154,-9651,-170,13591,-85,140,155,250,59,-693
990,29598673,29597419,-9697,-141,13598,-84,111,148,251,58,-692
991,29622673,29621684,-9755,-113,13609,-79,96,138,251,57,-690
992,29646304,29646057,-9802,-102,13630,-72,89,126,252,57,-692
993,29672304,29670367,-9831,-91,13630,-67,89,114,252,57,-691
994,29696304,29694632,-9856,-80,13624,-67,89,100,253,58,-692
995,29720304,29718898,-9871,-85,13620,-66,88,87,256,58,-691
996,29744304,29743161,-9874,-106,13619,-67,90,75,257,59,-691
997,29768304,29767780,-9874,-130,13626,-69,94,67,257,62,-690
998,29792304,29792056,-9872,-163,13627,-66,104,64,257,63,-690
999,29818304,29816321,-9874,-184,13638,-64,117,65,260,64,-691
1000,29842304,29840662,-9886,-194,13635,-66,131,68,261,66,-689
1001,29866304,29864955,-9898,-214,13609,-72,144,74,262,66,-689
1002,29890304,29889225,-9909,-239,13574,-77,154,84,262,66,-688
1003,29914304,29913490,-9920,-269,13531,-77,165,99,261,67,-687
1004,29938304,29937757,-9941,-279,13485,-81,169,119,262,66,-688
1005,29962304,29962023,-9971,-289,13435,-89,166,143,264,65,-688
1006,29986304,29986287,-10002,-294,13383,-97,158,168,263,65,-688
1007,30012304,30010552,-10033,-288,13348,-106,145,195,261,64,-687
1008,30036304,30034815,-10075,-257,13324,-118,130,219,262,64,-686
1009,30060304,30059081,-10129,-217,13319,-128,119,237,263,64,-685
1010,30084304,30083356,-10172,-173,13290,-132,112,247,263,64,-684
1011,30108304,30107623,-10217,-117,13256,-131,107,249,265,61,-683
1012,30132304,30131886,-10274,-50,13246,-117,103,239,266,63,-682
1013,30156304,30156150,-10333,16,13245,-95,108,217,266,64,-681
1014,30182305,30180422,-10370,86,13214,-78,112,185,266,62,-680
1015,30206304,30204686,-10398,124,13181,-63,109,144,268,63,-681
1016,30230304,30228951,-10410,125,13168,-38,106,100,266,62,-680
1017,30254304,30253211,-10404,121,13166,-7,103,58,267,61,-681
1018,30278304,30277476,-10414,119,13187,16,101,20,267,61,-680
1019,30302304,30301739,-10439,95,13220,30,102,-16,267,62,-682
1020,30327588,30326042,-10448,53,13236,34,112,-43,266,61,-682
1021,30351588,30350330,-10443,23,13219,28,121,-64,267,59,-682
1022,30375588,30374596,-10450,-25,13230,21,128,-77,269,61,-683
1023,30399588,30398863,-10463,-58,13226,13,143,-83,269,59,-683
1024,30423293,30423270,-10469,-88,13188,-3,157,-84,270,59,-685
1025,30449293,30447590,-10465,-129,13116,-19,160,-81,270,60,-684
1026,30473293,30471860,-10475,-161,13072,-27,158,-72,271,61,-684
1027,30497293,30496124,-10481,-167,13024,-28,153,-64,271,63,-684
1028,30521293,30520386,-10491,-164,12975,-26,138,-59,273,63,-683
1029,30545293,30544652,-10505,-181,12941,-18,117,-54,272,63,-682
1030,30569293,30568931,-10519,-201,12918,-4,96,-47,270,62,-683
1031,30593293,30593196,-10536,-203,12919,11,75,-40,270,63,-683
1032,30619294,30617468,-10579,-206,12962,23,61,-33,270,63,-680
1033,30643293,30641737,-10630,-207,13007,32,66,-24,271,63,-680
1034,30667293,30665999,-10657,-208,13033,34,83,-16,272,62,-679
1035,30691293,30690272,-10670,-213,13056,29,104,-4,273,60,-679
1036,30715293,30714538,-10680,-219,13069,20,131,9,273,60,-680
1037,30739293,30738801,-10715,-196,13091,9,164,21,274,60,-678
1038,30763293,30763066,-10752,-150,13082,-2,204,25,275,60,-676
1039,30789293,30787342,-10781,-145,13025,-6,246,25,276,59,-675
1040,30813293,30811604,-10800,-125,12924,-3,280,23,277,59,-677
1041,30837293,30835873,-10844,-70,12848,-1,294,14,276,59,-676
1042,30861293,30860136,-10891,-33,12760,1,294,-3,276,60,-676
1043,30885293,30884402,-10927,-47,12661,8,282,-25,276,62,-676
1044,30909293,30908661,-10977,-64,12590,21,265,-45,276,62,-675
1045,30933293,30932925,-11012,-83,12524,36,246,-62,276,62,-676
1046,30957293,30957188,-11065,-127,12499,50,227,-70,278,63,-677
1047,30983294,30981460,-11125,-142,12508,56,217,-75,279,63,-676
1048,31007293,31005722,-11174,-169,12498,53,215,-75,280,62,-676
1049,31031293,31029989,-11195,-220,12457,48,218,-68,282,61,-677
1050,31055293,31054254,-11214,-258,12425,44,222,-52,283,61,-678
1051,31079293,31078520,-11253,-255,12406,36,228,-32,285,61,-677
1052,31103293,31102785,-11289,-255,12377,26,234,-10,286,61,-676
1053,31127293,31127049,-11319,-251,12346,12,239,11,288,62,-677
1054,31153293,31151321,-11341,-233,12312,-2,243,30,288,62,-677
1055,31177293,31175587,-11360,-220,12270,-16,242,46,288,62,-676
1056,31200925,31199930,-11383,-194,12254,-28,236,58,288,63,-675
1057,31224925,31224240,-11416,-171,12244,-35,236,68,288,65,-674
1058,31248925,31248511,-11445,-154,12219,-41,237,73,290,65,-672
1059,31272925,31272773,-11471,-134,12197,-45,235,75,290,64,-671
1060,31298926,31297057,-11483,-112,12159,-49,228,72,291,63,-670
1061,31322925,31321323,-11523,-105,12131,-49,219,68,293,64,-668
1062,31346925,31345587,-11565,-91,12088,-49,209,63,294,64,-668
1063,31370925,31369851,-11607,-90,12049,-50,196,57,295,64,-667
1064,31394925,31394119,-11658,-91,12005,-49,187,53,296,63,-667
1065,31418925,31418384,-11702,-91,11952,-45,176,48,296,63,-666
1066,31442925,31442647,-11756,-96,11920,-40,169,42,295,63,-666
1067,31466926,31466916,-11798,-95,11883,-35,167,37,296,63,-667
1068,31492925,31491180,-11842,-94,11851,-31,165,32,295,64,-666
1069,31516925,31515443,-11861,-96,11824,-29,164,25,295,64,-666
1070,31540925,31539709,-11885,-108,11817,-22,165,21,296,65,-664
1071,31564925,31563975,-11905,-105,11804,-15,171,16,298,64,-664
1072,31588925,31588242,-11913,-102,11781,-12,173,9,300,64,-663
1073,31612925,31612503,-11922,-109,11784,-12,172,3,302,64,-663
1074,31636925,31636766,-11929,-122,11789,-12,178,-1,305,64,-661
1075,31662926,31661036,-11939,-135,11755,-8,188,-2,306,63,-660
1076,31686925,31685300,-11940,-140,11707,-6,192,0,308,62,-660
1077,31710925,31709562,-11947,-145,11664,-4,185,2,308,62,-659
1078,31734925,31733827,-11953,-142,11614,-5,170,3,309,61,-660
1079,31758925,31758092,-11964,-145,11571,-6,145,3,308,62,-660
1080,31782925,31782356,-11982,-150,11552,-2,118,5,308,61,-660
1081,31806925,31806620,-12011,-144,11547,0,99,7,306,59,-659
1082,31830925,31830883,-12023,-142,11519,-1,72,7,306,59,-660
1083,31856925,31855148,-12045,-141,11525,-3,44,5,305,60,-659
1084,31879883,31879423,-12074,-146,11544,-2,27,5,304,60,-660
1085,31903883,31903724,-12099,-145,11543,2,23,5,304,60,-661
1086,31929883,31928000,-12118,-139,11535,6,21,5,303,61,-662
1087,31953883,31952266,-12130,-133,11523,6,20,3,304,61,-662
1088,31977552,31976599,-12134,-135,11517,7,19,2,303,61,-662
1089,32001551,32000919,-12129,-136,11501,9,13,2,303,62,-662
1090,32025551,32025197,-12149,-142,11517,10,9,4,303,62,-661
1091,32049551,32049464,-12167,-142,11546,7,15,8,303,62,-663
1092,32075552,32073735,-12186,-142,11569,-1,31,13,303,63,-662
1093,32099551,32098002,-12192,-149,11561,-12,49,19,303,63,-663
1094,32123551,32122267,-12185,-158,11530,-22,66,27,304,61,-662
1095,32147551,32146536,-12177,-148,11506,-31,71,33,305,61,-661
1096,32171551,32170800,-12181,-137,11481,-37,72,36,306,61,-661
1097,32195551,32195459,-12191,-133,11452,-40,71,37,306,62,-659
1098,32221551,32219737,-12187,-113,11426,-38,67,36,306,61,-659
1099,32245551,32244002,-12177,-105,11399,-32,56,32,306,60,-659
1100,32269551,32268334,-12169,-98,11385,-25,34,26,306,60,-658
1101,32293551,32292628,-12170,-88,11389,-19,12,19,306,60,-657
1102,32317551,32316901,-12177,-87,11417,-13,-8,11,307,61,-658
1103,32341551,32341170,-12189,-100,11438,-6,-15,5,307,62,-657
1104,32365551,32365432,-12192,-105,11448,-1,-18,3,307,62,-659
1105,32391552,32389708,-12189,-106,11461,2,-18,2,307,63,-660
1106,32415551,32413971,-12186,-113,11463,4,-19,2,308,64,-660
1107,32439551,32438234,-12184,-114,11460,2,-18,2,308,65,-660
1108,32463551,32462499,-12178,-117,11455,-2,-18,1,307,63,-660
1109,32487551,32486764,-12172,-125,11454,-5,-19,2,307,63,-660
1110,32511551,32511042,-12171,-117,11455,-6,-21,4,306,62,-660
1111,32535551,32535306,-12170,-119,11459,-7,-22,4,306,61,-661
1112,32561552,32559581,-12169,-121,11472,-8,-22,3,306,60,-660
1113,32585551,32583847,-12169,-127,11468,-6,-20,3,308,60,-660
1114,32609551,32608108,-12172,-124,11466,-6,-18,2,306,58,-661
1115,32633551,32632376,-12171,-130,11463,-7,-20,2,306,57,-663
1116,32657551,32656643,-12172,-133,11459,-6,-22,2,307,58,-662
1117,32681551,32680908,-12172,-130,11465,-2,-23,2,307,58,-663
1118,32705551,32705173,-12171,-134,11464,-1,-25,2,307,57,-664
1119,32729551,32729435,-12166,-139,11453,-2,-30,3,307,58,-664
1120,32755569,32753824,-12158,-142,11445,-3,-39,4,308,59,-665
1121,32779569,32778138,-12149,-139,11455,-3,-49,6,307,59,-666
1122,32803569,32802407,-12140,-138,11464,-1,-58,7,307,60,-667
1123,32827569,32826671,-12136,-122,11485,4,-64,6,308,61,-667
1124,32851569,32850936,-12121,-120,11523,8,-67,5,307,62,-667
1125,32875569,32875202,-12104,-123,11566,8,-67,3,305,62,-667
1126,32899569,32899464,-12085,-122,11607,8,-60,3,306,63,-666
1127,32925570,32923743,-12072,-122,11651,9,-47,3,306,61,-667
1128,32949569,32948005,-12064,-123,11667,7,-31,4,305,62,-666
1129,32973569,32972271,-12064,-123,11665,3,-15,6,304,61,-667
1130,32997569,32996544,-12062,-127,11649,-4,-4,8,304,60,-666
1131,33021569,33020811,-12064,-135,11615,-11,3,12,303,59,-665
1132,33045569,33045075,-12075,-128,11578,-14,5,15,303,57,-665
1133,33069569,33069338,-12085,-116,11541,-14,3,16,304,58,-666
1134,33095569,33093609,-12092,-113,11507,-13,-4,16,304,58,-666
1135,33119569,33117871,-12098,-107,11489,-8,-16,15,305,58,-665
1136,33143569,33142136,-12097,-103,11495,-5,-29,12,304,57,-664
1137,33167569,33166399,-12092,-104,11503,-3,-43,10,306,58,-663
1138,33191569,33190662,-12085,-101,11522,1,-53,8,306,60,-663
1139,33215569,33214926,-12071,-104,11545,7,-62,5,305,61,-661
1140,33239569,33239191,-12061,-103,11565,9,-68,4,304,62,-661
1141,33263569,33263461,-12050,-103,11585,5,-77,3,303,63,-660
1142,33289569,33287734,-12035,-112,11599,1,-83,4,302,62,-661
1143,33313569,33311996,-12023,-107,11614,-2,-88,4,302,62,-661
1144,33337569,33336259,-12007,-109,11628,-4,-92,5,302,61,-662
1145,33361569,33360525,-11990,-111,11647,-5,-95,5,301,61,-661
1146,33385569,33384792,-11976,-111,11662,-8,-100,5,300,61,-662
1147,33409569,33409056,-11961,-106,11679,-10,-104,5,300,61,-664
1148,33434594,33433360,-11944,-119,11680,-9,-108,5,300,59,-665
1149,33458594,33457643,-11929,-123,11675,-4,-115,5,299,58,-667
1150,33482594,33481910,-11916,-121,11677,-1,-129,7,297,59,-665
1151,33506594,33506176,-11897,-123,11677,3,-144,7,298,61,-667
1152,33532116,33530591,-11880,-119,11681,9,-162,8,297,62,-668
1153,33556116,33554918,-11858,-115,11699,14,-182,9,297,64,-670
1154,33580116,33579188,-11825,-115,11742,19,-201,9,295,64,-670
1155,33604116,33603453,-11788,-113,11797,21,-217,10,297,65,-670
1156,33628116,33627718,-11749,-102,11864,23,-229,11,296,66,-669
1157,33652116,33651980,-11708,-100,11934,27,-233,10,295,66,-668
1158,33678116,33676253,-11670,-90,12008,30,-230,9,296,66,-669
1159,33702116,33700518,-11632,-85,12074,30,-224,8,294,66,-669
1160,33726116,33724798,-11591,-81,12138,28,-214,8,291,64,-671
1161,33750116,33749064,-11555,-75,12194,27,-198,7,290,62,-671
1162,33774116,33773330,-11526,-71,12226,27,-179,7,289,62,-671
1163,33798116,33797595,-11503,-67,12243,26,-162,7,289,62,-671
1164,33822116,33821857,-11483,-64,12256,21,-148,7,288,63,-670
1165,33848117,33846127,-11463,-61,12258,15,-138,7,288,63,-670
1166,33872116,33870392,-11445,-60,12254,12,-131,8,287,63,-670
1167,33896116,33894656,-11429,-56,12250,8,-127,8,288,62,-669
1168,33920116,33918920,-11413,-64,12228,1,-131,9,288,62,-668
1169,33944116,33943186,-11367,-48,12194,-5,-145,10,287,63,-668
1170,33968116,33967456,-11314,-14,12182,-7,-174,11,287,64,-669
1171,33992116,33991718,-11268,7,12219,-6,-210,7,284,64,-669
1172,34016116,34015981,-11219,11,12247,-1,-245,1,285,63,-670
1173,34042116,34040252,-11183,27,12303,6,-281,-6,283,65,-670
1174,34066116,34064513,-11138,26,12364,11,-311,-14,282,65,-672
1175,34090116,34088777,-11088,11,12441,18,-338,-20,281,66,-673
1176,34114116,34113039,-11045,2,12534,27,-353,-25,282,66,-674
1177,34138116,34137302,-11020,-35,12611,31,-361,-28,281,66,-675
1178,34162116,34161568,-10986,-80,12660,31,-360,-26,281,65,-676
1179,34186116,34185834,-10933,-107,12665,28,-364,-18,281,65,-677
1180,34210116,34210100,-10892,-120,12716,24,-371,-6,280,66,-678
1181,34236116,34234364,-10817,-132,12738,18,-378,7,279,63,-679
1182,34260116,34258628,-10728,-140,12749,9,-400,22,279,63,-680
1183,34284116,34282890,-10655,-137,12779,2,-432,38,277,64,-681
1184,34307934,34307254,-10555,-99,12831,-4,-470,50,274,63,-682
1185,34331934,34331567,-10447,-61,12899,-7,-511,54,271,64,-685
1186,34355934,34355835,-10340,-48,12984,-9,-557,50,268,64,-685
1187,34381934,34380110,-10269,-37,13139,-6,-590,42,266,64,-687
1188,34405934,34404373,-10180,-6,13262,-3,-605,30,265,62,-688
1189,34429934,34428637,-10087,-10,13373,0,-615,19,264,63,-689
1190,34453934,34452915,-10006,3,13493,5,-611,5,261,63,-691
1191,34477934,34477179,-9924,25,13616,10,-592,-13,259,62,-690
1192,34501934,34501440,-9855,10,13683,14,-564,-27,258,63,-691
1193,34525934,34525705,-9778,-14,13726,19,-540,-36,257,61,-689
1194,34551935,34549972,-9706,-19,13769,26,-514,-38,254,61,-689
1195,34575934,34574236,-9617,-17,13793,30,-494,-40,252,60,-689
1196,34599935,34598502,-9524,-33,13805,32,-490,-40,249,59,-689
1197,34623934,34623164,-9429,-27,13831,31,-497,-39,246,59,-691
1198,34647934,34647444,-9360,-42,13919,33,-499,-35,244,61,-691
1199,34671934,34671711,-9280,-57,13998,34,-498,-27,242,61,-693
1200,34697934,34696073,-9173,-68,14069,29,-494,-19,239,61,-693
1201,34721934,34720361,-9073,-78,14160,23,-486,-10,238,63,-694
1202,34745934,34744632,-8981,-73,14256,16,-472,-1,237,63,-695
1203,34769934,34768906,-8879,-72,14314,6,-455,9,235,65,-696
1204,34793934,34793174,-8771,-63,14354,1,-441,18,233,67,-697
1205,34817934,34817439,-8679,-54,14385,-1,-429,23,232,68,-695
1206,34841934,34841705,-8556,-25,14374,-3,-436,22,230,66,-696
1207,34867935,34865977,-8461,8,14380,-1,-457,14,230,67,-696
1208,34891934,34890241,-8382,51,14412,8,-488,-2,230,67,-697
1209,34915934,34914508,-8281,88,14420,20,-530,-22,227,66,-699
1210,34939934,34938782,-8201,96,14465,35,-577,-46,224,66,-701
1211,34963934,34963046,-8125,102,14573,52,-615,-71,223,66,-701
1212,34988927,34987349,-8049,104,14693,61,-640,-96,221,64,-703
1213,35012927,35011635,-7946,83,14806,71,-653,-117,219,63,-705
1214,35036927,35035902,-7870,56,14923,76,-649,-132,216,62,-706
1215,35060927,35060166,-7764,29,15011,75,-630,-139,212,62,-706
1216,35084648,35084542,-7632,-20,15077,74,-609,-134,210,62,-707
1217,35110648,35108883,-7530,-58,15163,70,-584,-120,210,62,-708
1218,35134648,35133161,-7371,-80,15185,59,-560,-102,208,61,-708
1219,35158648,35157432,-7232,-101,15176,42,-554,-76,205,62,-709
1220,35182648,35181709,-7116,-122,15205,33,-554,-46,204,64,-709
1221,35206648,35205978,-7009,-129,15240,24,-556,-16,201,64,-709
1222,35230648,35230239,-6877,-110,15283,13,-565,11,197,66,-709
1223,35254648,35254505,-6766,-88,15350,6,-578,30,197,66,-711
1224,35280649,35278777,-6675,-69,15416,2,-583,42,193,65,-710
1225,35304648,35303044,-6563,-46,15463,-3,-584,49,189,65,-709
1226,35328648,35327307,-6488,-8,15540,-5,-583,50,187,66,-710
1227,35352648,35351574,-6379,3,15583,3,-575,47,185,65,-710
1228,35376648,35375839,-6278,34,15603,10,-575,36,181,63,-710
1229,35400648,35400103,-6173,74,15634,9,-581,20,181,63,-712
1230,35424648,35424370,-6091,81,15644,15,-587,4,179,62,-712
1231,35448650,35448646,-5993,86,15652,23,-598,-11,176,62,-713
1232,35474648,35472917,-5897,97,15699,26,-616,-28,174,61,-715
1233,35498648,35497181,-5789,69,15780,32,-627,-39,173,62,-716
1234,35522648,35521446,-5681,62,15864,38,-628,-42,169,62,-716
1235,35546648,35545712,-5570,86,15930,33,-626,-47,167,62,-716
1236,35570648,35569978,-5442,42,16014,29,-619,-45,165,63,-716
1237,35594648,35594243,-5352,-7,16115,29,-600,-31,162,63,-717
1238,35618648,35618509,-5225,-13,16184,22,-570,-14,162,62,-717
1239,35644649,35642781,-5056,-24,16193,11,-542,6,159,62,-715
1240,35668648,35667047,-4903,-48,16208,5,-525,31,156,64,-715
1241,35692648,35691313,-4792,-23,16179,0,-516,45,154,64,-716
1242,35716648,35715578,-4619,-14,16142,-1,-516,53,154,62,-716
1243,35740648,35739845,-4450,-17,16125,3,-529,61,151,62,-715
1244,35764648,35764110,-4311,40,16138,0,-548,56,151,64,-714
1245,35788648,35788376,-4141,75,16143,0,-574,43,148,65,-715
1246,35812651,35812640,-3992,75,16178,2,-603,31,147,65,-715
1247,35838648,35836910,-3885,99,16274,6,-627,16,145,66,-716
1248,35861838,35861244,-3791,140,16358,5,-639,-4,144,65,-716
1249,35885838,35885562,-3660,143,16456,2,-639,-18,140,65,-716
1250,35911839,35909847,-3591,134,16553,-6,-632,-31,137,67,-717
1251,35935838,35934120,-3540,107,16648,-13,-606,-37,137,67,-717
1252,35959838,35958383,-3436,74,16677,-14,-572,-32,134,65,-718
1253,35983838,35982647,-3328,87,16675,-20,-544,-25,133,65,-718
1254,36007838,36006912,-3231,75,16676,-28,-525,-22,131,66,-718
1255,36031838,36031177,-3161,19,16686,-31,-502,-15,130,67,-718
1256,36055838,36055439,-3053,-18,16684,-27,-478,-2,128,68,-717
1257,36079838,36079705,-2950,-29,16696,-19,-457,13,128,67,-716
1258,36105838,36103977,-2847,-38,16690,-10,-440,28,126,66,-715
1259,36129838,36128243,-2756,-25,16692,-3,-431,37,124,66,-715
1260,36153838,36152508,-2682,-21,16716,1,-419,45,122,68,-714
1261,36177838,36176770,-2611,-41,16747,8,-403,53,120,67,-714
1262,36201838,36201034,-2520,-29,16753,17,-387,62,117,65,-714
1263,36225838,36225295,-2422,-5,16749,22,-377,70,115,64,-713
1264,36249838,36249558,-2363,23,16756,19,-371,73,113,64,-713
1265,36273838,36273821,-2284,50,16757,13,-368,72,112,66,-715
1266,36299838,36298087,-2201,59,16775,11,-365,69,110,67,-714
1267,36323838,36322350,-2125,76,16813,8,-355,66,109,67,-713
1268,36347838,36346612,-2040,84,16830,9,-346,59,108,67,-713
1269,36371838,36370877,-1934,119,16829,6,-335,51,106,67,-712
1270,36395838,36395145,-1870,144,16844,1,-325,36,106,69,-711
1271,36419838,36419412,-1791,165,16851,0,-312,16,105,69,-710
1272,36443838,36443677,-1677,165,16841,3,-303,-4,103,68,-711
1273,36469839,36467949,-1580,174,16813,2,-301,-26,102,68,-710
1274,36493838,36492212,-1502,180,16792,-2,-306,-48,102,68,-709
1275,36517838,36516476,-1424,157,16760,-4,-317,-67,100,68,-709
1276,36540785,36540748,-1332,148,16758,-3,-332,-83,98,67,-710
1277,36566785,36565042,-1274,115,16776,0,-348,-96,97,67,-711
1278,36590785,36589307,-1202,76,16822,3,-361,-103,96,66,-711
1279,36614785,36613571,-1176,20,16892,1,-366,-102,95,65,-712
1280,36638696,36637917,-1157,-9,16954,1,-355,-92,95,66,-713
1281,36662696,36662243,-1149,-32,17021,6,-331,-75,93,67,-712
1282,36686696,36686512,-1124,-40,17055,13,-295,-58,91,67,-713
1283,36712697,36710787,-1061,-30,17054,16,-260,-43,92,69,-714
1284,36736696,36735050,-1029,-30,17025,17,-231,-28,90,69,-713
1285,36760696,36759312,-1000,-21,17032,16,-206,-13,91,69,-713
1286,36784696,36783576,-955,-4,17015,16,-177,0,91,69,-714
1287,36808696,36807836,-858,34,16934,14,-159,11,91,69,-713
1288,36832696,36832100,-781,46,16884,9,-160,17,91,68,-713
1289,36856696,36856363,-729,57,16871,7,-163,19,90,68,-712
1290,36880696,36880639,-679,67,16873,2,-168,20,90,68,-712
1291,36906696,36904904,-641,69,16874,-2,-170,20,89,66,-712
1292,36930696,36929165,-601,71,16900,-4,-170,19,90,68,-710
1293,36954696,36953430,-566,71,16903,-3,-166,17,88,69,-710
1294,36978696,36977698,-535,76,16901,-5,-165,14,87,68,-708
1295,37002696,37001961,-497,77,16913,-7,-164,11,85,69,-707
1296,37026696,37026223,-459,64,16904,-10,-161,10,84,70,-707
1297,37052697,37050896,-421,48,16894,-17,-162,15,85,69,-707
1298,37076696,37075172,-383,33,16877,-22,-166,20,85,69,-706
1299,37100696,37099440,-354,38,16892,-30,-172,24,84,69,-704
1300,37124696,37123783,-325,44,16900,-34,-172,25,83,69,-705
1301,37148696,37148073,-285,38,16918,-38,-170,25,82,69,-706
1302,37172696,37172342,-253,26,16940,-35,-161,24,82,70,-707
1303,37196696,37196605,-213,15,16941,-25,-147,23,82,68,-708
1304,37222696,37220876,-179,24,16959,-17,-132,19,81,68,-707
1305,37246696,37245138,-156,32,16976,-9,-116,11,80,69,-706
1306,37270696,37269403,-134,26,16998,2,-95,4,79,69,-707
1307,37294696,37293670,-103,5,16998,11,-70,0,80,70,-709
1308,37318696,37317940,-81,-4,16988,17,-50,-1,80,70,-709
1309,37342696,37342205,-77,-1,16966,21,-32,-1,81,70,-709
1310,37366696,37366483,-71,2,16935,24,-20,1,80,71,-709
1311,37392698,37390761,-81,12,16921,21,-12,2,79,72,-708
1312,37416246,37415083,-89,17,16907,23,-5,2,80,72,-709
1313,37440246,37439406,-91,26,16896,24,0,1,79,72,-711
1314,37464246,37463677,-92,36,16901,24,5,0,78,71,-710
1315,37488246,37487935,-93,45,16902,28,8,0,79,71,-711
1316,37512246,37512198,-98,52,16903,28,8,-1,78,70,-711
1317,37538246,37536468,-101,58,16905,28,8,-2,77,70,-710
1318,37562246,37560731,-100,65,16907,29,8,-3,77,69,-711
1319,37586246,37584992,-99,65,16913,31,7,-3,76,69,-712
1320,37610246,37609276,-99,72,16920,31,5,-3,77,68,-713
1321,37634246,37633540,-98,74,16934,28,2,-3,78,68,-713
1322,37658246,37657805,-101,81,16932,24,-2,-2,79,69,-713
1323,37682246,37682068,-103,88,16925,19,-5,-2,78,69,-712
1324,37708247,37706342,-102,94,16916,16,-5,-2,78,70,-713
1325,37732246,37730605,-101,95,16918,15,-4,-1,77,71,-714
1326,37756246,37754869,-101,97,16924,11,-4,-1,77,71,-713
1327,37780246,37779134,-103,101,16921,6,-5,-1,78,71,-712
1328,37804246,37803398,-103,104,16915,3,-3,-1,79,71,-711
1329,37828246,37827660,-105,102,16900,3,0,0,78,70,-711
1330,37852246,37851932,-104,100,16896,5,3,1,78,70,-711
1331,37876246,37876194,-107,99,16894,8,5,1,77,70,-711
1332,37902246,37900466,-111,98,16896,13,8,1,77,69,-711
1333,37926246,37924729,-115,101,16892,19,10,0,77,68,-712
1334,37950246,37948992,-116,108,16895,25,12,0,77,70,-714
1335,37974246,37973255,-115,113,16907,28,13,-1,77,70,-715
1336,37998246,37997520,-117,116,16912,29,14,-1,76,69,-715
1337,38022246,38021784,-119,126,16920,29,13,-2,77,69,-715
1338,38046246,38046047,-125,133,16921,30,12,-2,77,69,-716
1339,38072247,38070323,-125,140,16922,30,10,-3,78,67,-717
1340,38095488,38094606,-124,148,16926,25,8,-2,78,67,-717
1341,38119488,38118906,-122,155,16931,17,5,-1,79,67,-716
1342,38143488,38143174,-123,154,16924,9,1,0,79,66,-715
1343,38167488,38167437,-124,154,16911,5,-2,0,78,65,-715
1344,38192733,38191814,-126,155,16909,4,-3,0,80,65,-715
1345,38216732,38216133,-125,152,16905,6,-5,1,80,67,-715
1346,38240732,38240405,-123,154,16904,5,-6,1,79,67,-715
1347,38264732,38264673,-125,155,16903,4,-6,1,79,69,-717
1348,38290732,38288942,-125,157,16900,7,-6,2,80,69,-717
1349,38314732,38313207,-123,158,16898,8,-7,1,80,69,-717
1350,38338732,38337484,-121,162,16894,10,-6,1,81,69,-716
1351,38362732,38361749,-121,167,16896,11,-5,2,82,70,-715
1352,38386732,38386012,-119,170,16895,11,-4,2,81,70,-716
1353,38410732,38410278,-117,173,16894,8,-4,2,80,71,-715
1354,38434732,38434544,-115,174,16894,6,-4,2,81,70,-715
1355,38460733,38458815,-110,175,16890,4,-4,2,82,69,-713
1356,38484732,38483072,-108,176,16887,2,-4,2,81,68,-713
1357,38508732,38507336,-110,176,16887,2,-3,2,80,67,-713
1358,38532732,38531602,-109,174,16888,0,-3,2,81,68,-713
1359,38556732,38555864,-108,171,16883,0,-4,2,81,67,-714
1360,38580732,38580131,-106,173,16882,0,-3,1,80,68,-715
1361,38604732,38604397,-105,172,16884,1,-2,1,82,67,-715
1362,38628732,38628662,-106,173,16884,1,-1,1,80,67,-715
1363,38654732,38652925,-109,173,16884,1,0,2,80,67,-716
1364,38678732,38677189,-110,172,16884,2,1,2,80,68,-715
1365,38702732,38701451,-109,170,16885,3,1,1,80,68,-714
1366,38726732,38725718,-110,172,16893,5,2,1,78,69,-715
1367,38750732,38749982,-111,174,16899,4,1,1,77,70,-713
1368,38774732,38774244,-113,174,16897,4,0,1,79,71,-713
1369,38798732,38798508,-114,172,16891,3,-1,1,78,70,-713
1370,38824733,38822784,-114,172,16890,4,-1,1,79,70,-713
1371,38848732,38847049,-115,174,16894,5,-1,1,79,70,-712
1372,38872732,38871309,-112,178,16898,6,-2,1,79,69,-713
1373,38896732,38895574,-110,182,16893,7,-2,1,79,68,-713
1374,38920732,38919839,-110,184,16887,11,0,1,80,66,-712
1375,38944732,38944103,-110,187,16885,15,3,1,81,66,-712
1376,38970232,38968471,-110,191,16890,20,5,1,80,66,-714
1377,38994230,38992787,-110,198,16895,22,6,1,80,66,-715
1378,39018230,39017057,-110,202,16891,23,8,1,81,66,-714
1379,39042230,39041328,-109,202,16891,26,10,2,82,67,-714
1380,39066230,39065603,-114,204,16891,32,13,2,81,68,-714
1381,39090230,39089873,-119,211,16886,36,14,3,81,69,-713
1382,39114230,39114137,-122,218,16882,36,14,3,81,69,-714
1383,39140230,39138410,-125,222,16882,36,13,3,82,69,-715
1384,39164230,39162671,-131,226,16883,38,12,4,82,67,-714
1385,39188230,39186934,-136,232,16881,40,12,5,82,67,-713
1386,39212230,39211203,-135,239,16890,44,12,5,83,67,-714
1387,39236230,39235468,-140,244,16903,52,10,5,83,66,-714
1388,39260230,39259733,-144,241,16922,72,8,6,83,66,-714
1389,39284230,39283999,-147,246,16941,102,7,6,84,65,-716
1390,39310231,39308271,-151,267,16947,144,6,6,83,63,-716
1391,39334230,39332538,-154,302,16944,187,5,7,83,63,-716
1392,39358230,39356802,-152,353,16928,223,3,8,83,62,-715
1393,39382230,39381066,-152,405,16911,257,3,8,82,59,-716
1394,39406230,39405329,-156,459,16902,288,3,8,81,58,-716
1395,39430230,39429595,-156,531,16883,307,4,8,81,57,-716
1396,39454230,39453862,-156,609,16856,314,4,8,82,54,-716
1397,39480230,39478537,-157,682,16842,316,5,7,81,53,-716
1398,39504230,39502815,-155,747,16844,308,7,7,82,51,-718
1399,39528230,39527081,-154,809,16848,300,8,6,82,49,-718
1400,39552230,39551414,-158,861,16863,302,10,5,81,47,-720
1401,39576230,39575710,-160,921,16882,314,10,5,82,47,-720
1402,39600230,39599979,-162,992,16879,332,10,5,81,47,-720
1403,39626231,39624256,-165,1064,16878,354,11,5,80,46,-722
1404,39649196,39648523,-167,1140,16877,378,12,5,81,46,-723
1405,39673194,39672831,-170,1227,16863,399,12,5,81,45,-723
1406,39697194,39697097,-174,1318,16845,421,12,6,80,44,-722
1407,39723195,39721369,-177,1418,16823,439,12,6,80,42,-723
1408,39746793,39745699,-178,1520,16803,449,12,7,80,40,-723
1409,39770792,39770024,-180,1614,16788,453,13,7,80,38,-724
1410,39794792,39794308,-182,1709,16782,459,14,7,80,35,-725
1411,39818792,39818574,-184,1807,16768,469,15,8,80,31,-725
1412,39844793,39842844,-186,1918,16753,476,17,7,78,30,-724
1413,39868792,39867109,-190,2022,16741,481,17,7,78,28,-726
1414,39892792,39891371,-193,2129,16718,484,17,7,79,27,-727
1415,39916792,39915633,-198,2230,16701,485,18,7,81,26,-727
1416,39940792,39939897,-206,2332,16688,486,19,7,80,25,-727
1417,39964792,39964160,-210,2437,16670,485,18,7,80,24,-728
1418,39988792,39988421,-215,2539,16644,479,16,7,81,22,-729
1419,40012792,40012686,-216,2638,16633,470,13,7,81,21,-730
1420,40038793,40036967,-220,2726,16628,460,11,7,83,18,-731
1421,40062792,40061230,-220,2819,16614,458,9,8,82,16,-730
1422,40086792,40085497,-221,2903,16607,462,10,8,82,14,-731
1423,40110792,40109762,-221,3001,16592,469,10,9,80,12,-731
1424,40134792,40134027,-220,3105,16562,474,11,10,80,9,-731
1425,40158792,40158293,-222,3207,16530,474,12,10,81,8,-732
1426,40182792,40182558,-225,3309,16510,473,14,10,80,7,-732
1427,40208793,40206828,-231,3405,16489,473,15,11,80,5,-732
1428,40232792,40231095,-235,3507,16455,475,16,11,79,4,-734
1429,40256792,40255360,-238,3604,16435,469,16,11,80,1,-735
1430,40280792,40279626,-243,3700,16416,460,15,11,82,-1,-737
1431,40304792,40303889,-247,3782,16403,456,15,11,82,-2,-737
1432,40328792,40328151,-249,3874,16387,460,14,11,83,-4,-738
1433,40352792,40352416,-251,3967,16367,469,12,12,82,-7,-737
1434,40376792,40376682,-250,4061,16342,484,12,12,83,-9,-738
1435,40402792,40400961,-250,4167,16311,497,10,12,81,-12,-736
1436,40426792,40425225,-251,4274,16274,504,9,12,81,-13,-736
1437,40450792,40449489,-253,4383,16236,507,7,12,81,-14,-736
1438,40474792,40473755,-250,4490,16206,508,6,12,78,-18,-736
1439,40498792,40498021,-252,4601,16168,507,5,12,78,-21,-736
1440,40524304,40522387,-254,4701,16132,510,5,12,79,-22,-737
1441,40548303,40546699,-254,4810,16100,513,5,11,79,-23,-737
1442,40572303,40570973,-255,4919,16062,509,5,11,79,-24,-737
1443,40596303,40595242,-256,5023,16016,498,6,10,81,-26,-736
1444,40620303,40619510,-257,5124,15980,486,7,9,81,-28,-737
1445,40644303,40643779,-259,5221,15937,473,8,9,81,-30,-736
1446,40668303,40668042,-261,5323,15888,453,8,9,82,-31,-736
1447,40694303,40692315,-261,5415,15848,424,8,8,82,-32,-736
1448,40718303,40716581,-261,5500,15820,387,8,7,81,-34,-736
1449,40742303,40740845,-261,5572,15793,348,8,7,82,-36,-736
1450,40766303,40765119,-263,5636,15772,310,7,7,83,-38,-736
1451,40790303,40789385,-265,5688,15762,280,6,7,82,-39,-737
1452,40814303,40813650,-267,5729,15759,259,6,6,82,-39,-736
1453,40838303,40837920,-270,5772,15761,248,6,6,83,-41,-736
1454,40862303,40862188,-274,5813,15757,247,7,6,84,-43,-736
1455,40888304,40886460,-276,5858,15749,257,8,7,84,-44,-736
1456,40912303,40910725,-280,5908,15734,274,9,7,84,-47,-735
1457,40936303,40934987,-288,5964,15710,290,9,7,82,-48,-733
1458,40960303,40959251,-294,6024,15682,306,9,8,81,-50,-734
1459,40984303,40983515,-296,6091,15653,321,11,8,81,-51,-735
1460,41008303,41007782,-297,6160,15620,331,11,8,81,-53,-734
1461,41032303,41032047,-299,6226,15581,338,11,8,81,-54,-734
1462,41058303,41056321,-301,6296,15540,342,11,8,79,-56,-734
1463,41082303,41080583,-302,6368,15502,337,11,8,79,-58,-733
1464,41106303,41104851,-303,6437,15464,325,10,8,78,-58,-735
1465,41130303,41129115,-303,6498,15434,312,10,8,79,-59,-736
1466,41154303,41153380,-301,6560,15407,296,10,8,80,-60,-734
1467,41178303,41177643,-303,6613,15386,278,9,7,80,-62,-734
1468,41203283,41201926,-304,6667,15367,262,8,7,81,-63,-734
1469,41227283,41226219,-304,6716,15354,247,6,7,80,-64,-734
1470,41251283,41250483,-304,6756,15348,234,5,6,81,-66,-734
1471,41275283,41274748,-306,6791,15343,229,3,7,83,-66,-734
1472,41300920,41299140,-305,6825,15338,235,2,7,83,-67,-734
1473,41324918,41323454,-304,6866,15325,251,2,7,82,-68,-735
1474,41348918,41347724,-306,6911,15308,275,1,8,83,-69,-735
1475,41372918,41371991,-307,6968,15273,298,1,9,83,-70,-735
1476,41396918,41396252,-310,7027,15232,319,2,9,83,-72,-736
1477,41420918,41420518,-311,7095,15184,334,3,10,84,-73,-736
1478,41444918,41444784,-308,7169,15136,343,3,10,84,-74,-736
1479,41470918,41469055,-307,7245,15086,343,4,10,84,-76,-736
1480,41494918,41493326,-307,7317,15035,331,4,9,85,-78,-736
1481,41518918,41517595,-307,7379,14994,312,3,9,84,-80,-735
1482,41542918,41541856,-308,7438,14957,288,3,8,82,-81,-734
1483,41566918,41566119,-310,7491,14925,262,3,7,82,-83,-733
1484,41590918,41590383,-306,7540,14901,232,2,7,82,-83,-733
1485,41614918,41614647,-309,7581,14885,205,1,6,81,-84,-733
1486,41638922,41638917,-312,7612,14881,182,1,5,81,-84,-732
1487,41664918,41663183,-315,7637,14876,166,0,5,81,-85,-733
1488,41688918,41687446,-316,7663,14875,161,1,5,81,-84,-732
1489,41712918,41711710,-319,7690,14872,162,0,5,83,-85,-733
1490,41736918,41735981,-322,7718,14867,171,1,5,83,-85,-732
1491,41760918,41760248,-322,7748,14863,185,2,5,82,-86,-733
1492,41784918,41784515,-325,7780,14855,205,3,6,82,-88,-734
1493,41808918,41808778,-325,7816,14837,231,4,7,82,-89,-732
1494,41834919,41833054,-327,7864,14802,256,5,7,82,-90,-731
1495,41858918,41857318,-330,7918,14763,277,6,8,81,-91,-731
1496,41882919,41881582,-332,7969,14737,297,7,8,82,-93,-731
1497,41906918,41906246,-330,8029,14705,319,8,9,81,-94,-731
1498,41930918,41930521,-330,8092,14666,338,8,10,83,-94,-730
1499,41954918,41954790,-330,8161,14616,358,8,10,84,-95,-730
1500,41980920,41979192,-331,8235,14562,374,8,10,84,-96,-729
1501,42004918,42003481,-333,8307,14509,384,8,10,84,-99,-729
1502,42028918,42027747,-333,8387,14450,388,7,9,83,-101,-728
1503,42052918,42052009,-332,8461,14400,383,7,9,83,-103,-727
1504,42076562,42076374,-332,8537,14342,368,6,8,81,-104,-726
1505,42102562,42100699,-335,8605,14294,348,7,8,83,-104,-726
1506,42126562,42124970,-335,8667,14250,326,7,7,81,-106,-727
1507,42150562,42149235,-338,8716,14227,304,7,7,82,-107,-728
1508,42174562,42173500,-338,8760,14211,289,7,6,82,-109,-728
1509,42198562,42197765,-338,8807,14193,282,7,6,82,-110,-729
1510,42222562,42222043,-337,8845,14181,281,7,6,82,-110,-729
1511,42246562,42246308,-338,8889,14156,288,8,6,83,-111,-729
1512,42272563,42270581,-339,8939,14122,299,8,7,85,-113,-728
1513,42296562,42294845,-338,8997,14078,303,7,7,85,-117,-727
1514,42320562,42319110,-338,9055,14029,301,7,7,85,-118,-727
1515,42344562,42343378,-336,9112,13979,293,7,7,84,-119,-724
1516,42368562,42367642,-336,9168,13929,280,6,7,82,-119,-724
1517,42392562,42391908,-337,9220,13886,259,5,7,82,-117,-724
1518,42416562,42416175,-342,9257,13855,239,5,7,83,-118,-723
1519,42440562,42440439,-343,9294,13835,224,4,7,83,-118,-723
1520,42466562,42464719,-345,9329,13816,214,4,7,82,-118,-723
1521,42490562,42488985,-346,9361,13800,211,3,6,82,-117,-723
1522,42514562,42513249,-347,9393,13783,216,2,6,83,-119,-723
1523,42538562,42537513,-350,9430,13758,225,2,7,82,-121,-725
1524,42562562,42561778,-349,9471,13725,230,2,7,83,-122,-724
1525,42586562,42586043,-350,9508,13697,237,3,7,84,-123,-722
1526,42610562,42610309,-350,9554,13663,243,3,8,85,-124,-723
1527,42636562,42634580,-353,9596,13629,247,3,8,83,-127,-723
1528,42660562,42658845,-354,9636,13597,255,3,8,84,-129,-724
1529,42684562,42683114,-354,9679,13563,263,4,8,84,-130,-724
1530,42708562,42707381,-354,9722,13533,272,4,8,83,-131,-724
1531,42732562,42731648,-354,9766,13507,282,5,9,85,-130,-722
1532,42757552,42755944,-356,9809,13477,300,5,9,85,-132,-723
1533,42781552,42780241,-353,9869,13427,315,4,9,83,-134,-723
1534,42805552,42804511,-350,9932,13375,325,5,9,82,-137,-723
1535,42829552,42828779,-347,9998,13311,321,6,9,83,-138,-722
1536,42854877,42853166,-347,10061,13252,306,6,8,83,-138,-721
1537,42878877,42877487,-350,10114,13201,284,6,8,83,-138,-721
1538,42902877,42901760,-351,10163,13158,259,6,7,82,-139,-720
1539,42926877,42926028,-353,10205,13125,233,5,7,81,-140,-720
1540,42950877,42950298,-354,10239,13109,210,5,6,81,-141,-719
1541,42974877,42974566,-356,10257,13105,197,5,6,82,-142,-719
1542,42998877,42998831,-356,10283,13092,193,4,5,83,-141,-718
1543,43024877,43023100,-358,10304,13088,199,4,5,84,-141,-719
1544,43048877,43047370,-360,10330,13075,214,5,6,83,-142,-719
1545,43072877,43071633,-360,10366,13052,232,5,6,83,-144,-718
1546,43096877,43095902,-358,10410,13019,247,5,7,83,-145,-718
1547,43120877,43120168,-357,10456,12978,258,5,7,84,-148,-716
1548,43144877,43144436,-357,10505,12924,262,5,7,82,-149,-716
1549,43168877,43168701,-359,10558,12868,258,5,7,83,-151,-716
1550,43194878,43192979,-361,10604,12828,249,5,7,83,-152,-716
1551,43218877,43217245,-360,10648,12792,234,3,7,82,-154,-715
1552,43242877,43241507,-358,10689,12753,215,2,7,83,-155,-715
1553,43266877,43265772,-355,10718,12726,197,1,7,83,-153,-716
1554,43290877,43290035,-356,10741,12708,185,1,7,83,-154,-715
1555,43314877,43314301,-356,10761,12688,179,0,6,83,-155,-717
1556,43338877,43338566,-354,10783,12672,182,0,7,85,-155,-716
1557,43362877,43362831,-353,10807,12655,192,1,7,84,-154,-715
1558,43388877,43387098,-351,10838,12620,203,1,7,83,-154,-715
1559,43412877,43411363,-351,10875,12576,213,2,7,83,-155,-716
1560,43436877,43435625,-351,10908,12543,217,2,7,83,-156,-714
1561,43460877,43459893,-353,10944,12502,217,1,7,84,-158,-712
1562,43484877,43484159,-352,10979,12466,215,0,6,86,-158,-713
1563,43508877,43508426,-351,11013,12441,210,0,6,87,-158,-711
1564,43532877,43532690,-351,11045,12416,204,0,6,88,-160,-711
1565,43558877,43556962,-351,11070,12396,200,0,6,88,-162,-712
1566,43582877,43581225,-353,11091,12386,210,0,5,89,-163,-712
1567,43606877,43605490,-354,11118,12368,226,1,5,89,-164,-711
1568,43630467,43629827,-352,11155,12332,248,3,6,89,-165,-710
1569,43654467,43654148,-355,11198,12283,263,4,6,87,-165,-711
1570,43678467,43678433,-357,11248,12224,271,5,7,86,-165,-710
1571,43704467,43702703,-360,11303,12163,266,6,7,85,-166,-708
1572,43728467,43726967,-362,11348,12114,254,6,7,82,-166,-708
1573,43752467,43751234,-363,11391,12069,238,6,7,82,-166,-707
1574,43776467,43775503,-363,11433,12029,212,5,7,82,-166,-706
1575,43800467,43799765,-363,11464,11998,182,4,7,83,-166,-706
1576,43824467,43824029,-364,11484,11987,156,3,7,83,-167,-707
1577,43848467,43848293,-364,11499,11988,145,2,6,85,-168,-706
1578,43874467,43872568,-364,11516,11982,141,2,7,84,-169,-705
1579,43898467,43896832,-367,11534,11967,145,2,7,83,-169,-706
1580,43922467,43921102,-365,11556,11946,149,2,7,83,-169,-706
1581,43946467,43945371,-367,11578,11920,153,2,7,82,-169,-706
1582,43970467,43969635,-368,11604,11887,158,2,7,82,-171,-705
1583,43994467,43993899,-370,11631,11857,159,1,7,80,-173,-705
1584,44018467,44018164,-370,11656,11825,156,0,7,80,-173,-704
1585,44042467,44042426,-370,11684,11793,150,0,7,79,-175,-705
1586,44068467,44066690,-366,11704,11769,140,0,7,79,-176,-706
1587,44092467,44090953,-363,11719,11752,131,0,7,81,-177,-706
1588,44116467,44115220,-362,11737,11733,125,0,7,81,-178,-705
1589,44140467,44139484,-360,11760,11709,117,0,7,81,-178,-704
1590,44164467,44163751,-362,11781,11681,103,-1,7,81,-178,-705
1591,44188467,44188020,-361,11793,11662,84,-1,6,82,-178,-704
1592,44212467,44212284,-362,11798,11660,67,0,6,82,-177,-705
1593,44238468,44236556,-362,11797,11663,59,0,5,81,-176,-705
1594,44262467,44260823,-363,11800,11668,60,-1,5,83,-176,-702
1595,44286467,44285090,-362,11809,11662,65,0,4,83,-177,-702
1596,44309442,44309364,-363,11821,11646,69,0,4,83,-177,-702
1597,44335434,44334105,-363,11828,11640,72,1,4,83,-176,-702
1598,44359434,44358389,-365,11830,11649,80,2,5,85,-177,-701
1599,44383434,44382658,-368,11838,11650,100,6,8,85,-176,-702
1600,44407633,44407073,-365,11861,11624,123,13,15,85,-176,-702
1601,44431633,44431424,-362,11892,11586,132,18,21,87,-177,-702
1602,44457634,44455702,-357,11922,11547,131,22,26,87,-178,-705
1603,44481633,44479971,-354,11943,11521,123,22,28,87,-178,-705
1604,44505633,44504239,-354,11959,11513,119,22,28,88,-179,-706
1605,44529633,44528505,-354,11978,11493,115,22,29,86,-180,-705
1606,44553633,44552771,-350,11999,11459,108,21,28,84,-181,-706
1607,44577633,44577037,-348,12022,11424,93,18,24,83,-183,-705
1608,44601633,44601301,-348,12035,11405,72,12,18,83,-183,-704
1609,44625633,44625567,-350,12039,11402,51,6,11,82,-183,-704
1610,44651633,44649839,-355,12037,11406,36,2,6,81,-182,-703
1611,44675633,44674105,-360,12037,11407,29,1,4,79,-183,-702
1612,44699633,44698375,-360,12039,11399,19,1,3,79,-183,-702
1613,44723633,44722640,-357,12042,11403,9,1,3,80,-182,-701
1614,44747633,44746904,-356,12040,11413,1,1,3,81,-182,-700
1615,44771633,44771166,-355,12034,11419,-6,0,3,83,-182,-700
1616,44795633,44795433,-353,12033,11418,-10,-1,3,83,-183,-701
1617,44821633,44819700,-354,12031,11420,-11,-1,2,82,-183,-700
1618,44845633,44843967,-353,12027,11422,-11,-1,2,82,-182,-700
1619,44869633,44868232,-352,12027,11427,-13,-2,2,82,-182,-699
1620,44893633,44892500,-353,12027,11430,-11,-2,1,83,-181,-698
1621,44917633,44916767,-356,12029,11422,-8,-2,2,84,-183,-699
1622,44941633,44941027,-360,12030,11416,-13,-2,2,83,-184,-697
1623,44965633,44965291,-362,12023,11424,-18,-2,1,82,-183,-697
1624,44989633,44989561,-366,12012,11442,-15,-1,2,82,-181,-697
1625,45015633,45013830,-366,12010,11449,-10,-1,2,84,-181,-698
1626,45039633,45038095,-368,12014,11448,-5,-1,2,85,-181,-698
1627,45063633,45062364,-370,12016,11442,-3,-1,3,85,-181,-700
1628,45087633,45086629,-370,12015,11440,-7,-1,3,85,-181,-700
1629,45111633,45110898,-370,12008,11446,-5,-1,3,85,-180,-700
1630,45135633,45135166,-368,12006,11452,7,-1,3,85,-180,-701
1631,45159633,45159435,-369,12012,11449,19,-1,3,85,-181,-701
1632,45185316,45183805,-368,12020,11438,24,-1,3,85,-182,-702
1633,45209316,45208120,-365,12028,11426,24,-1,3,85,-182,-700
1634,45233316,45232390,-365,12030,11415,21,0,3,84,-182,-700
1635,45257316,45256658,-366,12033,11406,18,-1,3,83,-182,-698
1636,45281316,45280923,-364,12037,11400,14,-1,3,82,-183,-699
1637,45305316,45305191,-363,12041,11395,3,-1,2,83,-183,-699
1638,45331317,45329464,-363,12041,11397,-11,-2,2,82,-182,-700
1639,45355316,45353731,-361,12038,11400,-22,-2,2,81,-181,-701
1640,45379316,45378007,-360,12034,11404,-31,-2,2,81,-182,-700
1641,45403316,45402271,-361,12025,11413,-39,-2,2,81,-182,-701
1642,45427316,45426537,-359,12017,11429,-42,-2,3,82,-182,-702
1643,45451316,45450802,-357,12009,11437,-43,-2,3,82,-183,-704
1644,45475316,45475070,-354,12003,11446,-44,-2,3,82,-182,-704
1645,45501317,45499345,-350,11996,11453,-48,-2,3,82,-181,-705
1646,45525316,45523611,-350,11984,11458,-48,-1,3,82,-181,-705
1647,45549316,45547877,-349,11972,11471,-40,-1,3,83,-183,-704
1648,45573316,45572141,-353,11969,11476,-29,-1,3,82,-183,-704
1649,45597316,45596408,-353,11974,11466,-26,-1,3,82,-183,-705
1650,45621316,45620680,-352,11975,11461,-31,-2,3,83,-184,-703
1651,45645316,45644948,-351,11971,11476,-36,-3,2,84,-183,-702
1652,45669316,45669216,-357,11962,11492,-34,-2,2,84,-183,-701
1653,45695316,45693492,-359,11955,11507,-23,-1,3,82,-182,-701
1654,45719316,45717756,-360,11958,11507,-13,-1,3,83,-183,-700
1655,45743316,45742021,-360,11966,11496,-15,-1,3,83,-182,-702
1656,45767316,45766284,-357,11963,11501,-27,-1,3,84,-181,-702
1657,45791316,45790552,-358,11948,11526,-31,0,3,84,-179,-703
1658,45815316,45814817,-361,11931,11548,-23,0,3,85,-178,-704
1659,45839316,45839084,-364,11922,11552,-8,0,3,84,-179,-704
1660,45864625,45863379,-362,11923,11538,4,0,3,84,-178,-704
1661,45888625,45887660,-363,11930,11519,10,-1,3,85,-179,-705
1662,45912625,45911927,-365,11934,11512,6,-1,3,85,-178,-704
1663,45936625,45936193,-366,11932,11510,1,-2,3,85,-177,-703
1664,45962299,45960591,-367,11933,11507,2,-2,3,84,-177,-702
1665,45986299,45984913,-367,11938,11498,2,-3,3,84,-177,-702
1666,46010299,46009187,-366,11946,11487,-4,-3,3,84,-177,-702
1667,46034299,46033456,-365,11952,11479,-19,-2,3,85,-177,-704
1668,46058298,46057718,-367,11943,11482,-39,-2,2,85,-177,-704
1669,46082298,46081987,-367,11929,11493,-56,-2,2,86,-177,-704
1670,46106298,46106266,-367,11914,11509,-65,-2,1,86,-177,-705
1671,46132298,46130533,-365,11905,11522,-76,-2,1,87,-176,-706
1672,46156298,46154796,-365,11895,11528,-93,-2,0,88,-178,-706
1673,46180298,46179059,-365,11882,11535,-111,-1,0,88,-178,-705
1674,46204298,46203325,-366,11866,11547,-133,0,-1,87,-179,-705
1675,46228298,46227588,-367,11846,11566,-157,1,-1,87,-178,-705
1676,46252298,46251856,-367,11825,11597,-182,1,-1,86,-176,-703
1677,46276298,46276121,-369,11801,11630,-207,1,-2,85,-176,-703
1678,46302298,46300395,-368,11767,11674,-233,0,-2,85,-175,-702
1679,46326298,46324659,-368,11723,11723,-250,0,-3,84,-175,-703
1680,46350298,46348928,-367,11676,11781,-254,-1,-2,84,-173,-704
1681,46374298,46373194,-368,11635,11831,-256,-2,-2,82,-172,-705
1682,46398298,46397459,-368,11592,11884,-254,-3,-2,81,-171,-705
1683,46422298,46421725,-368,11553,11928,-247,-4,-1,81,-171,-705
1684,46446298,46445989,-367,11517,11957,-240,-4,-1,80,-170,-707
1685,46470298,46470254,-364,11484,11986,-240,-5,-1,82,-169,-707
1686,46496298,46494526,-364,11453,12009,-246,-5,-1,82,-168,-709
1687,46520298,46518792,-364,11421,12035,-260,-6,-1,82,-166,-708
1688,46544298,46543058,-362,11390,12057,-282,-6,-2,82,-164,-708
1689,46568298,46567327,-362,11351,12087,-313,-6,-2,83,-163,-709
1690,46592298,46591593,-362,11304,12125,-353,-7,-3,83,-161,-708
1691,46616298,46615861,-362,11250,12171,-397,-9,-4,83,-158,-709
1692,46640298,46640124,-359,11185,12241,-442,-9,-5,83,-157,-710
1693,46666299,46664398,-358,11108,12330,-483,-9,-6,82,-156,-711
1694,46690298,46688665,-356,11025,12413,-522,-9,-7,82,-153,-711
1695,46714298,46712929,-356,10936,12499,-556,-10,-7,82,-152,-712
1696,46737716,46737288,-355,10834,12597,-581,-10,-7,80,-148,-713
1697,46763708,46762008,-355,10736,12694,-596,-11,-8,81,-146,-713
1698,46787708,46786287,-355,10639,12779,-611,-11,-8,81,-145,-715
1699,46811708,46810554,-353,10534,12869,-626,-12,-8,82,-143,-716
1700,46835709,46834895,-354,10436,12947,-642,-13,-7,81,-140,-716
1701,46859708,46859196,-356,10334,13015,-662,-14,-8,80,-137,-716
1702,46883708,46883465,-353,10230,13087,-687,-16,-9,81,-134,-716
1703,46909709,46907735,-350,10106,13182,-713,-16,-9,81,-133,-718
1704,46933708,46932002,-346,9989,13275,-743,-16,-9,82,-130,-718
1705,46957708,46956268,-342,9859,13372,-784,-18,-10,82,-128,-720
1706,46981708,46980531,-337,9715,13489,-820,-19,-12,82,-123,-720
1707,47005708,47004795,-331,9561,13615,-844,-19,-12,81,-120,-721
1708,47029708,47029062,-326,9402,13741,-857,-20,-13,82,-116,-722
1709,47053708,47053328,-320,9247,13873,-863,-20,-13,81,-114,-722
1710,47077708,47077601,-318,9080,14011,-856,-19,-12,81,-110,-724
1711,47103709,47101874,-316,8933,14122,-841,-19,-12,81,-106,-725
1712,47127708,47126138,-314,8782,14221,-822,-19,-12,81,-103,-726
1713,47151708,47150400,-308,8640,14312,-794,-18,-11,82,-99,-727
1714,47175708,47174663,-305,8507,14391,-772,-17,-10,82,-97,-727
1715,47199708,47198926,-303,8376,14469,-764,-19,-11,81,-93,-726
1716,47223708,47223192,-303,8236,14554,-758,-21,-11,80,-91,-728
1717,47247708,47247455,-303,8098,14628,-750,-22,-11,80,-89,-730
1718,47273708,47271725,-301,7930,14713,-741,-22,-11,81,-87,-730
1719,47297708,47295986,-297,7791,14799,-733,-22,-11,81,-85,-731
1720,47321708,47320253,-294,7656,14880,-727,-21,-10,80,-82,-731
1721,47345708,47344517,-292,7513,14966,-724,-21,-10,81,-80,-731
1722,47369708,47368783,-288,7375,15046,-710,-20,-9,81,-78,-732
1723,47393708,47393046,-285,7246,15106,-692,-18,-8,82,-75,-734
1724,47418709,47417334,-281,7129,15150,-689,-16,-8,83,-72,-734
1725,47442709,47441626,-276,6999,15207,-697,-15,-7,84,-67,-733
1726,47466709,47465891,-273,6906,15250,-714,-16,-8,83,-62,-732
1727,47490709,47490156,-271,6764,15307,-738,-17,-9,83,-57,-732
1728,47514752,47514544,-271,6613,15384,-762,-18,-10,83,-54,-732
1729,47540753,47538884,-269,6455,15470,-778,-20,-10,81,-50,-733
1730,47564752,47563169,-269,6288,15556,-779,-21,-10,81,-46,-733
1731,47588752,47587437,-267,6131,15636,-772,-21,-10,81,-43,-734
1732,47612752,47611702,-267,5972,15714,-755,-20,-10,81,-39,-734
1733,47636752,47635967,-268,5823,15779,-727,-20,-10,80,-37,-735
1734,47660752,47660228,-266,5673,15834,-697,-19,-9,80,-35,-734
1735,47684752,47684495,-262,5550,15872,-668,-18,-9,78,-33,-735
1736,47710753,47708768,-258,5426,15904,-650,-18,-9,79,-30,-733
1737,47734752,47733033,-256,5307,15930,-644,-16,-9,80,-28,-732
1738,47758752,47757294,-253,5192,15954,-651,-16,-9,80,-25,-732
1739,47782752,47781564,-252,5057,15989,-661,-16,-9,79,-22,-731
1740,47806752,47805833,-247,4917,16044,-663,-15,-10,79,-19,-733
1741,47830752,47830100,-241,4780,16104,-662,-12,-10,79,-17,-731
1742,47854752,47854371,-239,4646,16165,-666,-11,-11,80,-16,-731
1743,47878752,47878637,-239,4496,16223,-661,-10,-10,83,-13,-732
1744,47904752,47902907,-235,4358,16271,-640,-8,-10,82,-12,-733
1745,47928752,47927171,-235,4224,16316,-612,-6,-10,81,-9,-734
1746,47952752,47951433,-234,4097,16354,-589,-4,-10,81,-8,-734
1747,47976752,47975695,-234,3980,16399,-565,-3,-9,81,-4,-734
1748,48000752,47999961,-234,3870,16423,-547,-3,-8,80,-2,-732
1749,48024752,48024225,-237,3762,16437,-531,-5,-8,80,-1,-733
1750,48048752,48048489,-235,3652,16456,-513,-5,-8,80,2,-732
1751,48074753,48072757,-232,3552,16488,-494,-3,-7,80,3,-730
1752,48098752,48097021,-235,3459,16509,-483,-3,-7,80,5,-729
1753,48122752,48121285,-236,3364,16522,-484,-5,-7,80,8,-727
1754,48146752,48145549,-235,3257,16555,-476,-6,-6,79,10,-728
1755,48170752,48169815,-236,3165,16567,-469,-7,-6,79,11,-727
1756,48194752,48194079,-236,3065,16592,-465,-8,-6,80,13,-727
1757,48218752,48218344,-237,2961,16618,-458,-8,-6,80,16,-727
1758,48242752,48242608,-238,2867,16640,-447,-9,-5,79,17,-727
1759,48268753,48266880,-237,2768,16652,-438,-11,-5,79,19,-728
1760,48292643,48291222,-234,2666,16676,-423,-12,-5,80,21,-728
1761,48316643,48315538,-231,2581,16690,-401,-11,-5,80,22,-727
1762,48340643,48339813,-230,2503,16690,-389,-11,-5,79,24,-726
1763,48364643,48364073,-230,2418,16707,-378,-10,-4,81,26,-725
1764,48388643,48388339,-227,2341,16719,-367,-9,-4,80,26,-724
1765,48412643,48412604,-223,2270,16734,-355,-7,-3,82,27,-723
1766,48438643,48436868,-222,2199,16743,-344,-5,-3,81,30,-724
1767,48462643,48461132,-225,2135,16746,-334,-4,-2,80,30,-724
1768,48486643,48485394,-225,2068,16756,-327,-3,-2,81,33,-723
1769,48510643,48509656,-224,1996,16777,-318,-3,-2,82,34,-723
1770,48534643,48533931,-220,1923,16797,-304,-3,-2,82,35,-724
1771,48558643,48558196,-217,1859,16803,-284,-3,-2,82,35,-724
1772,48582643,48582461,-216,1805,16803,-258,-3,-1,81,36,-725
1773,48608643,48606734,-216,1760,16796,-250,-4,-2,81,36,-725
1774,48632643,48631002,-217,1705,16796,-245,-5,-2,79,36,-724
1775,48656643,48655262,-215,1657,16801,-243,-6,-2,80,37,-725
1776,48680643,48679525,-214,1606,16802,-244,-8,-2,78,36,-725
1777,48704643,48703790,-214,1547,16808,-238,-8,-2,78,38,-725
1778,48728643,48728054,-214,1510,16808,-230,-8,-2,77,38,-725
1779,48752643,48752317,-211,1458,16820,-229,-9,-2,76,39,-724
1780,48776643,48776584,-210,1403,16835,-232,-10,-2,76,40,-724
1781,48802643,48800856,-204,1341,16854,-210,-9,-2,76,42,-724
1782,48826643,48825116,-201,1303,16858,-193,-8,-2,78,43,-724
1783,48850643,48849382,-200,1265,16856,-173,-7,-1,77,44,-723
1784,48874643,48873646,-196,1230,16855,-165,-6,-2,77,46,-722
1785,48898643,48897910,-195,1203,16846,-165,-4,-4,77,45,-721
1786,48922643,48922173,-196,1167,16840,-160,-3,-5,79,48,-722
1787,48946643,48946435,-198,1137,16834,-166,-3,-5,80,49,-720
1788,48971620,48970727,-200,1109,16827,-172,-2,-5,81,51,-719
1789,48995620,48995010,-201,1070,16832,-191,-1,-5,82,52,-719
1790,49019620,49019275,-204,1025,16842,-198,-1,-5,82,54,-718
1791,49043620,49043539,-203,978,16854,-210,-1,-4,81,54,-717
1792,49068993,49067920,-201,932,16871,-208,-1,-3,83,56,-717
1793,49092993,49092232,-198,880,16889,-195,0,-2,83,57,-716
1794,49116993,49116496,-197,837,16896,-182,0,0,82,56,-716
1795,49140993,49140764,-199,812,16894,-169,1,0,82,58,-715
1796,49166994,49165035,-197,767,16903,-158,0,0,81,58,-716
1797,49190993,49189667,-196,742,16900,-145,-1,0,81,58,-715
1798,49214993,49213947,-192,716,16898,-138,-2,0,80,59,-714
1799,49238993,49238212,-192,680,16903,-127,-3,0,81,60,-716
1800,49262993,49262621,-192,654,16903,-110,-2,1,79,60,-717
1801,49286993,49286909,-192,638,16896,-100,-3,2,79,60,-715
1802,49312993,49311186,-191,616,16902,-95,-4,2,79,61,-714
1803,49336993,49335449,-188,581,16912,-84,-4,2,79,62,-714
1804,49360993,49359712,-190,570,16909,-70,-3,3,78,62,-714
1805,49384993,49383979,-194,556,16904,-58,-3,3,77,62,-715
1806,49408993,49408244,-195,540,16903,-48,-3,4,78,62,-714
1807,49432993,49432508,-194,541,16896,-41,-3,4,77,62,-713
1808,49456993,49456773,-193,536,16893,-40,-2,4,77,61,-713
1809,49482993,49481046,-193,529,16896,-43,-1,3,77,60,-715
1810,49506993,49505318,-194,521,16891,-47,0,3,78,61,-716
1811,49530993,49529583,-196,515,16887,-47,-1,3,77,59,-716
1812,49554993,49553849,-192,509,16888,-48,-2,3,80,58,-715
1813,49578993,49578114,-189,497,16892,-52,-3,3,80,57,-715
1814,49602993,49602378,-187,483,16901,-52,-3,4,79,57,-716
1815,49626993,49626640,-189,468,16904,-48,-3,4,79,58,-715
1816,49650993,49650900,-191,459,16901,-45,-5,4,80,59,-714
1817,49676994,49675171,-192,450,16896,-46,-8,4,80,61,-714
1818,49700993,49699434,-189,437,16900,-44,-10,5,80,60,-714
1819,49724993,49723697,-185,424,16905,-45,-11,5,81,61,-715
1820,49748993,49747966,-186,413,16903,-47,-11,5,80,62,-716
1821,49772993,49772235,-185,404,16904,-43,-11,5,81,62,-715
1822,49796993,49796500,-183,397,16902,-42,-12,5,80,62,-715
1823,49820993,49820764,-181,389,16901,-43,-13,5,81,62,-715
1824,49846640,49845158,-179,383,16899,-46,-13,4,80,63,-715
1825,49870640,49869474,-176,370,16900,-44,-14,4,80,63,-715
1826,49894639,49893741,-171,362,16903,-43,-15,4,80,62,-714
1827,49918639,49918007,-169,355,16901,-41,-16,3,80,63,-715
1828,49942639,49942271,-164,342,16907,-36,-17,2,81,64,-714
1829,49966639,49966533,-162,333,16907,-32,-18,1,80,66,-714
1830,49992640,49990813,-158,327,16901,-27,-19,1,81,67,-713
1831,50016639,50015076,-150,322,16901,-23,-18,1,81,67,-713
1832,50040639,50039341,-144,310,16903,-18,-16,1,81,66,-712
1833,50064639,50063608,-139,307,16906,-12,-14,1,81,64,-713
1834,50088639,50087875,-140,306,16896,-6,-12,1,80,64,-714
1835,50112639,50112139,-136,307,16899,-1,-8,1,78,63,-714
1836,50136639,50136404,-133,309,16902,1,-5,2,78,62,-714
1837,50162640,50160674,-129,308,16895,2,-4,2,78,61,-714
1838,50186639,50184940,-128,308,16896,5,-1,2,77,60,-714
1839,50210639,50209205,-129,308,16894,7,2,3,79,61,-714
1840,50234639,50233468,-132,309,16894,8,3,3,78,62,-713
1841,50258639,50257737,-132,314,16892,7,2,4,78,62,-713
1842,50282639,50282002,-132,317,16901,3,2,5,78,62,-712
1843,50306639,50306268,-136,318,16908,-7,-1,6,79,61,-710
1844,50330639,50330531,-137,317,16906,-14,-4,6,78,61,-710
1845,50356639,50354802,-136,315,16908,-21,-7,7,78,63,-710
1846,50380639,50379065,-135,309,16911,-32,-10,7,80,63,-712
1847,50404639,50403329,-135,300,16911,-42,-15,7,78,64,-712
1848,50428639,50427591,-133,295,16912,-51,-19,6,79,64,-711
1849,50452639,50451856,-129,275,16910,-61,-22,6,80,64,-711
1850,50476639,50476120,-118,256,16905,-65,-23,6,80,66,-710
1851,50500639,50500387,-109,245,16901,-66,-25,8,80,67,-712
1852,50525634,50524695,-105,234,16903,-71,-28,9,80,69,-711
1853,50549634,50548984,-94,223,16913,-76,-32,10,79,67,-711
1854,50573634,50573247,-63,196,16921,-83,-37,14,77,67,-710
1855,50597634,50597514,-64,189,16941,-92,-40,21,77,67,-709
1856,50623326,50621896,-59,169,16942,-101,-42,26,77,68,-712
1857,50647326,50646212,-55,151,16943,-113,-43,28,77,70,-711
1858,50671326,50670481,-51,132,16940,-129,-43,29,76,69,-712
1859,50695326,50694745,-46,99,16937,-141,-42,28,77,70,-711
1860,50719326,50719015,-35,65,16933,-152,-37,27,77,70,-712
1861,50743326,50743281,-29,30,16926,-163,-31,26,78,72,-712
1862,50769326,50767551,-40,5,16938,-174,-24,24,80,73,-712
1863,50793326,50791816,-32,-31,16950,-186,-19,19,82,73,-712
1864,50817326,50816079,-28,-69,16962,-208,-15,15,81,73,-711
1865,50841326,50840342,-23,-109,16976,-230,-12,13,80,73,-712
1866,50865326,50864606,-25,-160,16995,-254,-9,10,80,76,-711
1867,50889326,50888870,-23,-209,17014,-283,-9,9,80,77,-710
1868,50913326,50913135,-18,-278,17006,-315,-9,7,80,77,-708
1869,50939326,50937405,-20,-356,16980,-347,-9,6,80,78,-707
1870,50963326,50961668,-25,-440,16935,-368,-9,4,79,79,-706
1871,50987326,50985934,-15,-549,16859,-373,-7,3,78,81,-705
1872,51011326,51010198,-6,-647,16800,-354,-5,4,78,81,-704
1873,51035326,51034460,-5,-725,16786,-324,-4,4,78,83,-703
1874,51059326,51058725,-1,-786,16795,-297,-1,5,78,83,-703
1875,51083326,51082990,2,-843,16827,-280,3,6,78,84,-704
1876,51107326,51107256,-6,-878,16900,-273,8,6,77,84,-704
1877,51133326,51131525,-7,-920,16960,-283,9,6,77,84,-705
1878,51157326,51155787,-4,-976,16985,-304,9,5,76,86,-704
1879,51181326,51180049,-3,-1024,17016,-337,8,4,76,88,-704
1880,51205326,51204318,-2,-1099,17022,-376,7,3,77,90,-701
1881,51229326,51228583,2,-1190,16993,-419,4,5,77,92,-701
1882,51253326,51252849,0,-1289,16958,-454,1,9,76,94,-699
1883,51277326,51277111,-13,-1398,16903,-476,-3,11,76,96,-697
1884,51303327,51301388,-11,-1520,16833,-487,-7,12,76,100,-696
1885,51327326,51325651,-13,-1625,16797,-481,-9,13,75,103,-695
1886,51351326,51349918,-17,-1728,16780,-478,-9,12,77,104,-695
1887,51375326,51374181,-21,-1826,16775,-473,-8,11,76,106,-693
1888,51400520,51398544,-26,-1914,16790,-475,-7,10,76,109,-695
1889,51424519,51422852,-31,-2003,16800,-481,-5,7,77,111,-693
1890,51448518,51447134,-29,-2106,16783,-490,-3,2,78,114,-692
1891,51472518,51471398,-20,-2228,16733,-494,-1,-2,78,115,-690
1892,51496518,51495666,-17,-2344,16677,-485,0,-4,78,116,-691
1893,51520518,51519931,-16,-2461,16626,-467,0,-4,78,117,-689
1894,51544518,51544198,-13,-2561,16586,-440,1,-4,77,119,-688
1895,51568518,51568463,-10,-2658,16560,-408,1,-4,77,119,-687
1896,51594518,51592732,-13,-2740,16558,-375,1,-4,78,119,-685
1897,51618518,51617392,-24,-2816,16570,-350,-1,-7,77,118,-684
1898,51642518,51641666,-36,-2882,16576,-327,-2,-12,77,119,-686
1899,51666518,51665932,-47,-2922,16609,-313,-2,-20,78,119,-685
1900,51690520,51690316,-54,-2966,16649,-314,-2,-31,79,119,-684
1901,51716519,51714619,-65,-3014,16672,-327,-2,-46,78,120,-683
1902,51740518,51738888,-92,-3079,16681,-342,1,-67,78,122,-684
1903,51764518,51763153,-93,-3146,16693,-364,6,-94,77,123,-683
1904,51788518,51787419,-74,-3224,16681,-392,10,-116,74,125,-683
1905,51812518,51811684,-60,-3315,16641,-416,14,-134,74,127,-683
1906,51836518,51835951,-49,-3409,16604,-438,18,-149,72,129,-681
1907,51860518,51860219,-23,-3522,16556,-452,20,-160,72,131,-682
1908,51884518,51884484,-4,-3638,16501,-454,21,-164,71,133,-681
1909,51910518,51908746,19,-3747,16457,-448,22,-163,71,135,-680
1910,51934518,51933020,62,-3848,16423,-439,20,-151,71,136,-677
1911,51958518,51957285,76,-3948,16382,-424,17,-131,71,138,-676
1912,51982518,51981551,71,-4036,16360,-401,13,-111,71,139,-676
1913,52006518,52005819,76,-4113,16357,-378,9,-93,71,140,-675
1914,52030518,52030081,79,-4185,16364,-362,5,-72,72,142,-674
1915,52054518,52054346,72,-4247,16372,-353,2,-52,71,142,-673
1916,52079517,52078635,62,-4310,16380,-357,-1,-37,72,143,-672
1917,52103517,52102919,55,-4377,16374,-368,-4,-23,73,143,-670
1918,52127517,52127190,45,-4442,16386,-387,-5,-12,73,143,-671
1919,52151517,52151454,35,-4517,16388,-413,-4,-4,73,144,-669
1920,52177572,52175866,23,-4603,16361,-443,-4,0,74,146,-668
1921,52201572,52200187,19,-4709,16286,-466,-4,2,74,148,-668
1922,52225572,52224455,19,-4831,16183,-468,-5,2,75,149,-667
1923,52249572,52248722,17,-4944,16099,-452,-5,3,76,152,-665
1924,52273572,52272989,18,-5039,16059,-424,-5,3,75,154,-665
1925,52297572,52297252,20,-5134,16021,-391,-4,3,75,154,-666
1926,52321572,52321518,14,-5217,15987,-354,-4,3,76,156,-665
1927,52347572,52345791,14,-5284,15963,-315,-6,1,77,158,-665
1928,52371572,52370054,16,-5341,15951,-280,-7,0,75,159,-663
1929,52395572,52394316,18,-5389,15951,-243,-7,0,76,159,-661
1930,52419572,52418590,21,-5418,15988,-218,-6,0,77,158,-660
1931,52443572,52442854,21,-5445,16032,-212,-6,0,75,158,-661
1932,52467572,52467119,22,-5481,16038,-218,-7,0,75,158,-660
1933,52491572,52491385,24,-5520,16025,-227,-7,0,73,159,-658
1934,52517573,52515654,27,-5567,15991,-238,-7,0,73,161,-656
1935,52541572,52539917,28,-5622,15953,-243,-8,1,74,161,-655
1936,52565572,52564181,31,-5680,15914,-244,-9,1,74,163,-654
1937,52589572,52588444,32,-5734,15887,-244,-9,1,74,164,-653
1938,52613572,52612710,32,-5780,15869,-242,-10,2,73,166,-653
1939,52637572,52636976,35,-5831,15838,-232,-11,2,72,167,-652
1940,52661572,52661243,37,-5874,15809,-215,-10,2,73,169,-651
1941,52685572,52685512,37,-5914,15813,-200,-10,2,74,169,-651
1942,52711572,52709784,38,-5949,15818,-190,-11,1,74,168,-651
1943,52735572,52734050,43,-5990,15810,-184,-11,0,71,168,-651
1944,52759572,52758312,45,-6026,15794,-178,-9,0,71,169,-650
1945,52783572,52782577,47,-6056,15784,-172,-7,1,70,169,-651
1946,52807572,52806845,50,-6094,15769,-168,-5,0,70,169,-650
1947,52831572,52831110,55,-6123,15753,-165,-2,0,71,168,-650
1948,52855572,52855373,56,-6164,15738,-165,-1,0,70,167,-649
1949,52881573,52879640,63,-6203,15727,-170,3,-1,69,169,-648
1950,52905572,52903908,72,-6252,15673,-161,10,-1,69,171,-648
1951,52929572,52928173,64,-6279,15656,-149,15,0,69,172,-647
1952,52953178,52952508,57,-6298,15666,-140,17,1,70,172,-646
1953,52977169,52976826,55,-6323,15669,-142,16,0,68,172,-646
1954,53001169,53001092,50,-6344,15688,-152,15,0,67,174,-646
1955,53027170,53025362,45,-6382,15683,-165,14,0,68,176,-644
1956,53051169,53049628,43,-6416,15679,-180,14,-1,68,177,-643
1957,53075169,53073897,34,-6438,15675,-191,12,0,69,177,-642
1958,53099169,53098160,24,-6460,15708,-219,7,-1,70,177,-641
1959,53123169,53122424,25,-6498,15703,-251,3,-2,70,178,-641
1960,53147169,53146698,29,-6560,15662,-280,1,-3,71,177,-639
1961,53171169,53170963,28,-6616,15641,-304,0,-3,73,180,-638
1962,53197169,53195231,33,-6684,15583,-322,0,-4,74,181,-638
1963,53221169,53219497,35,-6740,15563,-334,-1,-4,74,180,-638
1964,53245169,53243760,34,-6796,15538,-351,-2,-4,75,181,-638
1965,53269169,53268024,35,-6873,15491,-366,-3,-4,74,182,-637
1966,53293169,53292288,34,-6944,15453,-377,-4,-4,74,183,-636
1967,53317169,53316554,33,-7021,15408,-388,-5,-5,75,184,-633
1968,53341169,53340816,34,-7098,15351,-395,-7,-5,75,185,-632
1969,53365169,53365078,34,-7189,15266,-387,-8,-4,73,187,-631
1970,53391169,53389349,33,-7273,15204,-368,-8,-4,73,187,-629
1971,53415169,53413616,30,-7354,15141,-342,-7,-3,72,188,-629
1972,53439169,53437878,30,-7412,15111,-311,-8,-2,72,189,-627
1973,53463169,53462149,28,-7459,15102,-288,-8,-2,73,191,-627
1974,53487169,53486411,32,-7516,15080,-267,-9,-2,72,194,-627
1975,53511169,53510673,36,-7570,15067,-246,-8,-1,73,195,-627
1976,53535169,53534937,38,-7621,15073,-232,-6,0,73,197,-628
1977,53561170,53559204,40,-7663,15085,-232,-4,0,72,196,-627
1978,53585169,53583471,42,-7696,15105,-237,-2,-1,73,195,-626
1979,53609169,53607736,46,-7729,15116,-253,1,-3,72,197,-625
1980,53632407,53632006,45,-7794,15066,-271,4,-4,72,197,-625
1981,53656407,53656298,46,-7859,15004,-278,5,-4,71,196,-623
1982,53682407,53680570,47,-7917,14954,-280,7,-4,70,196,-623
1983,53706407,53704837,48,-7959,14942,-282,7,-5,69,197,-623
1984,53730044,53729181,47,-7997,14944,-288,7,-5,69,198,-622
1985,53754043,53753506,46,-8046,14926,-296,6,-5,70,199,-621
1986,53778043,53777775,44,-8097,14885,-311,5,-4,69,202,-621
1987,53804045,53802044,42,-8166,14812,-323,1,-3,69,203,-618
1988,53828043,53826313,42,-8232,14760,-328,-1,-3,69,205,-618
1989,53852043,53850573,42,-8296,14717,-326,-3,-2,69,207,-617
1990,53876043,53874849,41,-8355,14695,-322,-4,-2,70,208,-617
1991,53900043,53899114,41,-8422,14650,-314,-5,-2,71,208,-615
1992,53924043,53923380,41,-8487,14603,-302,-4,-3,71,208,-615
1993,53948043,53947644,42,-8532,14582,-291,-4,-4,71,208,-613
1994,53972043,53971908,43,-8588,14561,-282,-4,-4,72,209,-612
1995,53998044,53996180,42,-8636,14557,-275,-4,-4,72,210,-610
1996,54022043,54020446,43,-8686,14534,-271,-3,-4,72,211,-609
1997,54046043,54045116,41,-8733,14513,-271,-2,-4,72,212,-608
1998,54070043,54069394,43,-8788,14458,-267,-1,-3,73,212,-606
1999,54094043,54093662,44,-8835,14413,-260,-1,-3,71,213,-605
2000,54118043,54118019,43,-8878,14371,-252,-1,-2,70,214,-602
2001,54144043,54142308,46,-8923,14341,-241,0,-1,71,213,-601
2002,54168043,54166576,47,-8955,14329,-231,-1,-1,71,213,-601
2003,54192043,54190844,50,-8981,14341,-227,-2,-1,70,215,-600
2004,54216043,54215104,52,-9002,14368,-235,-2,-1,69,214,-600
2005,54240043,54239367,54,-9041,14356,-249,-3,-2,69,215,-599
2006,54264043,54263633,53,-9081,14337,-268,-3,-3,68,215,-598
2007,54288043,54287900,51,-9129,14305,-286,-3,-3,69,215,-598
2008,54314043,54312171,50,-9188,14253,-303,-3,-3,70,216,-598
2009,54338043,54336436,48,-9257,14183,-312,-3,-3,71,218,-597
2010,54362043,54360709,44,-9322,14112,-310,-2,-3,70,218,-596
2011,54386043,54384973,43,-9393,14030,-300,-1,-3,71,219,-595
2012,54410043,54409239,40,-9457,13966,-282,-1,-3,71,219,-593
2013,54434043,54433503,38,-9510,13925,-260,-1,-2,72,220,-593
2014,54458043,54457767,36,-9553,13896,-239,-1,-2,73,221,-592
2015,54482045,54482035,35,-9592,13864,-220,-1,-1,72,223,-592
2016,54507791,54506446,35,-9626,13847,-202,-2,-1,73,224,-591
2017,54531791,54530759,35,-9658,13826,-187,-4,-1,73,224,-591
2018,54555791,54555034,38,-9692,13811,-173,-4,-1,73,226,-591
2019,54579791,54579303,39,-9722,13800,-159,-4,0,71,226,-591
2020,54603791,54603583,40,-9749,13780,-144,-3,1,71,225,-591
2021,54629792,54627852,41,-9766,13772,-132,-3,1,71,223,-590
2022,54653791,54652121,40,-9784,13780,-126,-3,1,70,223,-589
2023,54677791,54676384,41,-9807,13783,-126,-4,2,69,223,-588
2024,54701791,54700647,42,-9832,13782,-131,-3,2,69,221,-589
2025,54725791,54724912,44,-9848,13791,-138,-3,2,69,223,-587
2026,54749791,54749177,46,-9870,13773,-150,-3,2,68,221,-586
2027,54773791,54773441,47,-9896,13736,-161,-5,2,69,222,-584
2028,54797791,54797706,50,-9920,13698,-170,-5,1,69,223,-583
2029,54823791,54821978,51,-9952,13681,-174,-7,1,68,224,-582
2030,54847791,54846244,54,-9980,13668,-176,-8,-1,68,226,-582
2031,54871791,54870511,58,-10005,13663,-182,-8,-2,68,226,-581
2032,54895791,54894778,60,-10022,13663,-189,-8,-2,67,228,-579
2033,54919791,54919041,61,-10046,13649,-202,-8,-2,67,227,-579
2034,54943791,54943303,61,-10080,13620,-216,-9,-2,68,228,-578
2035,54967791,54967564,61,-10120,13584,-229,-10,-3,68,228,-578
2036,54993791,54991835,61,-10164,13579,-248,-10,-3,68,229,-577
2037,55017791,55016097,63,-10210,13547,-268,-9,-3,68,231,-578
2038,55041791,55040363,66,-10265,13488,-284,-8,-2,69,231,-578
2039,55065791,55064630,67,-10321,13421,-291,-8,-2,69,231,-578
2040,55089791,55088894,70,-10381,13334,-291,-7,-2,69,232,-577
2041,55113791,55113160,73,-10446,13240,-278,-7,-1,70,232,-576
2042,55137791,55137425,72,-10500,13184,-257,-6,-1,69,232,-576
2043,55161791,55161690,73,-10541,13162,-233,-5,-1,69,233,-576
2044,55186807,55186008,77,-10570,13136,-206,-5,-1,70,232,-577
2045,55210807,55210288,80,-10602,13096,-181,-4,-2,70,232,-577
2046,55234807,55234552,81,-10635,13041,-152,-2,-1,71,232,-575
2047,55260807,55258823,78,-10655,13038,-121,-1,0,70,231,-575
2048,55284096,55283162,75,-10667,13057,-96,-1,1,71,231,-574
2049,55308096,55307480,73,-10665,13110,-83,-1,1,71,232,-575
2050,55332096,55331768,75,-10664,13151,-85,1,1,72,232,-575
2051,55356096,55356040,75,-10670,13172,-96,2,0,71,234,-573
2052,55382096,55380315,71,-10695,13136,-109,3,1,71,234,-572
2053,55406096,55404584,65,-10717,13115,-120,2,1,72,234,-570
2054,55430096,55428848,62,-10728,13129,-134,1,1,70,234,-570
2055,55454096,55453112,64,-10745,13106,-152,0,1,70,236,-569
2056,55478096,55477376,66,-10774,13055,-165,1,1,69,236,-568
2057,55502096,55501645,66,-10814,12994,-168,1,0,69,236,-565
2058,55526096,55525907,64,-10850,12944,-163,0,1,69,236,-563
2059,55552096,55550183,62,-10882,12899,-154,1,1,68,236,-563
2060,55576096,55574450,63,-10902,12888,-141,1,1,67,237,-562
2061,55600096,55598718,64,-10922,12874,-128,1,1,67,236,-562
2062,55624096,55622984,63,-10936,12866,-119,1,2,67,239,-560
2063,55648096,55647248,60,-10954,12873,-117,1,3,69,238,-560
2064,55672096,55671510,59,-10971,12888,-120,1,3,69,240,-560
2065,55696096,55695774,60,-10988,12881,-130,0,3,69,240,-559
2066,55720096,55720036,59,-11011,12855,-144,0,2,69,241,-561
2067,55746096,55744303,61,-11040,12809,-152,0,2,70,242,-561
2068,55770096,55768573,60,-11072,12753,-157,-1,3,71,242,-560
2069,55794096,55792835,60,-11097,12730,-157,-3,4,71,243,-560
2070,55818096,55817099,61,-11121,12718,-156,-3,5,71,243,-560
2071,55842096,55841365,63,-11153,12671,-153,-3,5,72,243,-559
2072,55866096,55865629,61,-11176,12639,-147,-3,5,73,243,-559
2073,55890096,55889891,59,-11196,12628,-141,-4,7,72,244,-560
2074,55916097,55914161,59,-11213,12627,-137,-4,9,72,244,-559
2075,55940096,55938422,63,-11232,12626,-139,-5,11,73,243,-559
2076,55964096,55962687,66,-11236,12629,-142,-4,10,72,246,-558
2077,55988096,55986950,67,-11264,12604,-146,-3,9,70,246,-557
2078,56012096,56011215,66,-11295,12559,-148,-3,8,71,246,-556
2079,56036096,56035482,65,-11324,12517,-147,-3,7,69,246,-555
2080,56059972,56059847,62,-11354,12469,-140,-2,6,68,247,-556
2081,56085972,56084177,59,-11376,12431,-126,-2,5,68,247,-556
2082,56109972,56108446,59,-11395,12406,-108,-1,3,69,247,-555
2083,56133972,56132712,55,-11406,12406,-89,-1,2,69,247,-555
2084,56157972,56156975,51,-11430,12422,-77,-1,4,70,246,-555
2085,56181972,56181239,48,-11431,12436,-74,-2,6,72,244,-555
2086,56205972,56205503,39,-11440,12421,-75,-3,9,72,245,-556
2087,56229972,56229768,30,-11441,12439,-78,-3,14,73,246,-556
2088,56255972,56254041,35,-11448,12458,-86,-2,20,73,246,-554
2089,56279972,56278305,31,-11461,12475,-102,-2,25,72,247,-552
2090,56303972,56302573,27,-11482,12451,-122,-1,28,73,248,-551
2091,56327972,56326839,21,-11505,12408,-140,-1,29,72,249,-550
2092,56351972,56351105,4,-11530,12343,-150,-3,29,72,249,-549
2093,56375972,56375368,1,-11565,12270,-150,-2,30,72,250,-549
2094,56399972,56399633,6,-11593,12241,-142,-1,30,70,249,-547
2095,56423972,56423893,9,-11622,12201,-131,-1,27,70,248,-546
2096,56449972,56448165,1,-11642,12171,-118,-2,22,71,248,-545
2097,56473972,56472821,1,-11658,12145,-102,-2,19,72,247,-545
2098,56497972,56497100,-3,-11666,12149,-88,-3,18,71,247,-545
2099,56521972,56521365,-4,-11676,12154,-78,-3,20,72,246,-545
2100,56545974,56545737,1,-11688,12159,-73,-1,23,72,247,-545
2101,56571973,56570034,-3,-11690,12182,-75,0,26,72,249,-545
2102,56595972,56594302,-13,-11696,12179,-82,0,30,74,249,-544
2103,56619972,56618567,-19,-11706,12167,-89,1,34,75,251,-544
2104,56643972,56642831,-26,-11719,12151,-96,2,39,73,253,-545
2105,56667972,56667094,-32,-11739,12118,-100,4,42,74,252,-545
2106,56691972,56691358,-37,-11761,12078,-98,5,43,74,253,-546
2107,56715972,56715622,-41,-11778,12059,-93,5,41,75,252,-546
2108,56740979,56739911,-41,-11792,12044,-86,5,39,75,252,-545
2109,56764979,56764195,-45,-11808,12021,-74,4,34,75,251,-546
2110,56788979,56788479,-46,-11820,12007,-59,3,29,75,251,-545
2111,56812979,56812749,-45,-11831,11997,-44,2,23,73,251,-545
2112,56838755,56837150,-45,-11839,11980,-28,3,17,74,249,-546
2113,56862754,56861466,-50,-11840,11970,-12,3,11,73,250,-546
2114,56886754,56885742,-52,-11836,11977,4,4,7,74,251,-547
2115,56910754,56910005,-58,-11832,11988,18,4,2,73,251,-546
2116,56934754,56934267,-60,-11825,12006,31,4,-2,72,251,-546
2117,56958754,56958530,-60,-11818,12022,39,4,-4,72,250,-545
2118,56984755,56982809,-64,-11810,12038,45,5,-6,71,250,-545
2119,57008754,57007073,-69,-11800,12052,48,4,-7,71,251,-545
2120,57032754,57031345,-70,-11792,12060,50,3,-9,71,250,-545
2121,57056754,57055611,-67,-11786,12078,52,2,-10,71,251,-544
2122,57080754,57079874,-65,-11779,12093,55,2,-11,70,250,-543
2123,57104754,57104138,-61,-11775,12090,56,2,-12,70,249,-543
2124,57128754,57128405,-61,-11771,12088,58,1,-12,71,249,-542
2125,57152754,57152667,-59,-11762,12105,61,1,-13,72,250,-543
2126,57178755,57176934,-52,-11754,12126,62,0,-14,72,250,-544
2127,57202754,57201199,-47,-11744,12148,61,1,-13,72,249,-545
2128,57226754,57225462,-43,-11736,12177,56,1,-12,72,249,-545
2129,57250754,57249730,-39,-11729,12195,49,1,-10,72,249,-546
2130,57274754,57273997,-39,-11723,12202,39,1,-8,73,250,-546
2131,57298754,57298263,-39,-11715,12213,29,0,-6,73,250,-547
2132,57322754,57322528,-39,-11710,12216,19,0,-3,74,250,-547
2133,57348755,57346799,-39,-11711,12194,12,0,-1,75,249,-546
2134,57372754,57371059,-41,-11713,12182,8,0,1,75,249,-545
2135,57396754,57395320,-42,-11713,12166,8,1,1,76,250,-545
2136,57420754,57419584,-44,-11713,12153,13,1,0,76,249,-546
2137,57444754,57443847,-46,-11706,12146,18,2,-1,74,248,-544
2138,57468754,57468112,-47,-11699,12158,24,2,-2,73,248,-544
2139,57492754,57492380,-47,-11698,12163,28,3,-3,72,249,-545
2140,57516754,57516648,-48,-11696,12157,33,5,-4,70,249,-545
2141,57542754,57540923,-47,-11689,12159,40,5,-6,69,249,-546
2142,57566754,57565184,-52,-11679,12139,52,4,-10,70,249,-547
2143,57590754,57589448,-54,-11669,12124,71,4,-15,70,249,-547
2144,57614332,57613785,-52,-11658,12113,95,3,-22,70,248,-548
2145,57638332,57638110,-47,-11647,12117,124,3,-30,71,249,-550
2146,57664333,57662391,-35,-11634,12097,159,3,-39,71,249,-551
2147,57688332,57686654,-26,-11606,12102,200,4,-50,73,249,-554
2148,57712332,57710916,-16,-11562,12142,247,5,-63,74,248,-555
2149,57736332,57735181,-4,-11521,12179,294,6,-74,73,248,-555
2150,57760332,57759453,13,-11469,12264,339,7,-85,72,246,-556
2151,57784332,57783718,30,-11412,12371,372,7,-93,71,246,-557
2152,57808332,57807981,44,-11348,12473,391,8,-97,72,245,-558
2153,57832332,57832241,57,-11279,12561,400,9,-99,70,243,-560
2154,57858332,57856514,64,-11203,12649,401,9,-98,70,242,-562
2155,57882332,57880779,70,-11135,12720,398,8,-95,70,240,-561
2156,57906332,57905040,80,-11078,12776,393,8,-91,68,239,-563
2157,57930332,57929312,91,-11017,12834,386,8,-87,68,238,-565
2158,57954332,57953577,103,-10965,12855,381,9,-84,68,238,-566
2159,57978332,57977840,117,-10909,12874,386,10,-84,69,237,-568
2160,58002332,58002109,129,-10850,12918,400,12,-86,67,237,-569
2161,58028332,58026386,139,-10784,12973,416,13,-89,67,237,-570
2162,58052332,58050649,150,-10717,13048,430,15,-92,67,235,-572
2163,58076332,58074914,163,-10645,13133,439,17,-95,65,235,-573
2164,58100332,58099181,173,-10569,13221,440,17,-97,67,234,-574
2165,58124332,58123446,184,-10492,13317,432,18,-96,66,232,-575
2166,58148332,58147707,195,-10417,13403,416,18,-93,66,230,-576
2167,58172332,58171971,202,-10346,13474,394,18,-88,67,229,-578
2168,58196332,58196234,211,-10273,13543,365,17,-82,66,227,-579
2169,58222332,58220504,221,-10218,13593,335,17,-75,65,226,-581
2170,58246332,58244770,231,-10167,13627,305,15,-68,65,226,-582
2171,58270332,58269036,240,-10124,13649,278,14,-61,67,226,-583
2172,58295299,58293321,249,-10085,13668,255,13,-55,66,225,-584
2173,58319299,58317621,253,-10045,13684,239,12,-51,66,225,-585
2174,58343299,58341886,257,-10008,13701,226,11,-49,65,225,-587
2175,58367299,58366149,262,-9974,13710,217,11,-46,64,225,-587
2176,58390973,58390517,264,-9946,13695,215,11,-45,64,226,-588
2177,58414973,58414838,265,-9907,13708,221,12,-44,64,224,-590
2178,58440973,58439115,268,-9873,13705,236,13,-45,63,223,-591
2179,58464973,58463376,273,-9833,13728,257,14,-46,62,223,-593
2180,58488973,58487651,278,-9786,13769,278,16,-46,64,222,-594
2181,58512973,58511916,285,-9736,13824,293,17,-43,64,222,-596
2182,58536973,58536184,289,-9682,13878,305,18,-40,65,221,-597
2183,58560973,58560447,294,-9627,13930,311,19,-35,65,220,-599
2184,58584973,58584713,297,-9574,13968,315,20,-29,66,219,-601
2185,58610973,58608984,300,-9530,13970,324,20,-23,66,218,-601
2186,58634973,58633246,299,-9477,13999,342,21,-16,67,217,-601
2187,58658973,58657513,296,-9416,14023,363,23,-9,67,215,-602
2188,58682973,58681777,290,-9344,14047,388,24,-3,67,214,-603
2189,58706973,58706042,284,-9269,14077,420,26,1,67,213,-604
2190,58730973,58730307,278,-9181,14136,451,28,4,67,212,-605
2191,58754973,58754573,269,-9091,14207,478,30,6,66,212,-604
2192,58778973,58778840,263,-8997,14286,504,33,6,66,210,-606
2193,58804973,58803114,259,-8896,14385,521,36,6,65,209,-607
2194,58828973,58827377,254,-8796,14466,526,38,7,65,208,-609
2195,58852973,58851641,246,-8702,14516,530,39,7,65,206,-611
2196,58876973,58875907,240,-8611,14569,534,40,7,64,206,-612
2197,58900973,58900577,235,-8522,14602,544,41,8,65,203,-613
2198,58924973,58924854,228,-8437,14611,567,43,9,66,201,-615
2199,58950974,58949122,217,-8323,14660,599,45,10,67,198,-618
2200,58974973,58973453,208,-8199,14739,627,45,11,67,197,-620
2201,58998973,58997743,195,-8070,14825,648,45,12,68,195,-622
2202,59022973,59022013,186,-7939,14908,665,45,13,68,192,-624
2203,59046973,59046279,181,-7806,15000,675,45,14,67,192,-627
2204,59070973,59070541,174,-7681,15061,685,46,15,67,188,-629
2205,59094973,59094809,163,-7554,15114,695,46,16,67,187,-631
2206,59120973,59119083,151,-7410,15190,702,45,16,67,186,-633
2207,59144973,59143344,144,-7288,15225,710,44,16,67,184,-635
2208,59168282,59167679,137,-7155,15262,727,44,17,67,182,-637
2209,59192281,59191986,130,-7014,15323,751,44,18,66,180,-641
2210,59216284,59216271,120,-6870,15375,776,45,19,67,178,-643
2211,59242281,59240542,106,-6706,15459,796,46,19,67,176,-645
2212,59266281,59264806,95,-6545,15532,816,47,19,67,174,-649
2213,59290281,59289069,87,-6375,15614,834,47,20,67,171,-651
2214,59314281,59313336,83,-6214,15694,850,49,21,68,167,-654
2215,59338281,59337602,68,-6026,15804,862,52,21,68,164,-657
2216,59362281,59361862,54,-5852,15889,865,54,22,70,160,-659
2217,59386281,59386127,38,-5668,15986,856,55,21,70,157,-661
2218,59412281,59410398,28,-5492,16074,841,53,21,71,155,-663
2219,59436281,59434659,21,-5331,16117,829,52,22,71,152,-664
2220,59460281,59458928,11,-5164,16166,817,51,22,73,150,-667
2221,59484281,59483194,3,-5010,16199,812,50,22,74,148,-669
2222,59508281,59507458,-7,-4862,16174,824,48,22,74,145,-671
2223,59532281,59531724,-13,-4703,16180,848,48,23,74,142,-673
2224,59556281,59555989,-27,-4505,16260,878,48,24,73,141,-676
2225,59580281,59580255,-34,-4320,16311,907,48,25,73,137,-678
2226,59606281,59604519,-47,-4103,16418,922,48,25,72,134,-681
2227,59630281,59628785,-57,-3893,16526,920,48,25,73,129,-683
2228,59654281,59653048,-66,-3693,16607,900,46,24,73,126,-685
2229,59678281,59677314,-77,-3497,16688,864,43,23,73,121,-686
2230,59702281,59701579,-90,-3307,16790,813,39,21,72,118,-688
2231,59726281,59725848,-96,-3150,16834,754,34,19,72,117,-690
2232,59750281,59750112,-97,-3024,16828,694,29,17,73,114,-691
2233,59776282,59774390,-101,-2898,16814,645,26,15,73,111,-693
2234,59800281,59798653,-102,-2798,16766,617,25,14,72,110,-693
2235,59824281,59822915,-107,-2684,16747,605,23,14,72,109,-693
2236,59847258,59847198,-116,-2556,16773,601,21,14,72,106,-694
2237,59873258,59871500,-121,-2422,16814,591,20,14,72,104,-694
2238,59897258,59895766,-126,-2292,16862,574,20,13,71,103,-696
2239,59921258,59920030,-133,-2138,16888,552,19,13,71,100,-696
2240,59945029,59944395,-141,-2023,16898,527,17,13,71,100,-697
2241,59969029,59968746,-145,-1915,16913,502,15,13,72,100,-698
2242,59993031,59993027,-153,-1809,16917,476,13,12,73,97,-699
2243,60019029,60017297,-155,-1721,16905,452,11,12,73,94,-700
2244,60043029,60041565,-156,-1637,16889,434,11,11,73,93,-699
2245,60067029,60065826,-157,-1558,16870,428,12,11,74,92,-700
2246,60091029,60090091,-160,-1464,16880,422,12,11,74,90,-702
2247,60115029,60114353,-160,-1407,16886,415,13,10,76,88,-702
2248,60139029,60138619,-160,-1318,16895,412,14,10,76,86,-702
2249,60163029,60162886,-162,-1232,16902,409,15,10,77,83,-701
2250,60189029,60187169,-162,-1143,16924,401,16,9,77,81,-701
2251,60213029,60211435,-166,-1053,16942,391,16,9,77,80,-702
2252,60237029,60235703,-170,-969,16957,377,16,9,77,79,-703
2253,60261029,60259971,-174,-880,16994,354,15,9,77,79,-704
2254,60285029,60284238,-179,-796,17042,323,14,9,78,80,-704
2255,60309029,60308503,-186,-725,17070,279,11,8,77,80,-704
2256,60333029,60332766,-189,-672,17075,231,8,7,77,80,-705
2257,60359030,60357036,-191,-631,17065,185,7,7,75,79,-705
2258,60383029,60381300,-193,-600,17050,146,6,6,76,80,-707
2259,60407029,60405565,-194,-577,17040,111,6,5,77,80,-706
2260,60431029,60429833,-195,-560,17033,79,5,4,77,80,-706
2261,60455029,60454092,-197,-554,17004,53,3,3,76,79,-706
2262,60479029,60478354,-193,-561,16956,41,3,2,75,77,-706
2263,60503029,60502616,-189,-559,16941,40,4,2,76,78,-706
2264,60527029,60526879,-186,-549,16934,40,3,1,76,75,-706
2265,60553030,60551149,-186,-541,16934,39,2,1,74,76,-707
2266,60577029,60575414,-186,-530,16941,35,0,1,72,76,-706
2267,60601029,60599677,-185,-518,16950,29,-3,1,72,76,-706
2268,60625029,60623942,-183,-507,16959,20,-7,1,72,75,-707
2269,60649029,60648202,-178,-506,16957,10,-11,1,74,77,-708
2270,60673029,60672461,-177,-506,16947,0,-15,1,75,77,-707
2271,60697029,60696729,-177,-509,16939,-6,-18,2,74,76,-708
2272,60722956,60721136,-175,-513,16934,-8,-19,2,74,77,-709
2273,60746954,60745448,-169,-517,16932,-8,-19,2,75,77,-710
2274,60770954,60769713,-165,-524,16920,-1,-17,2,76,76,-710
2275,60794954,60793976,-164,-525,16918,8,-15,2,76,77,-711
2276,60818954,60818236,-163,-522,16914,18,-12,1,74,77,-710
2277,60842954,60842495,-163,-510,16913,29,-8,1,74,75,-709
2278,60866954,60866756,-163,-500,16916,38,-4,1,72,75,-710
2279,60892954,60891026,-160,-492,16915,45,-2,1,72,75,-709
2280,60916954,60915295,-159,-480,16925,49,-1,2,74,75,-709
2281,60940954,60939559,-162,-465,16935,51,-1,1,75,74,-708
2282,60964954,60963826,-161,-455,16936,46,-4,1,75,76,-709
2283,60988954,60988092,-160,-451,16924,41,-5,1,75,75,-709
2284,61012954,61012357,-160,-450,16904,44,-2,1,76,75,-709
2285,61036954,61036623,-162,-452,16883,52,1,2,75,76,-710
2286,61060954,61060886,-161,-449,16864,66,1,2,76,77,-709
2287,61086954,61085155,-160,-441,16847,83,-3,3,77,77,-708
2288,61110954,61109418,-161,-424,16816,99,-15,5,75,77,-708
2289,61134954,61133678,-155,-386,16860,107,-23,7,74,76,-708
2290,61158954,61157943,-150,-352,16893,110,-27,9,75,76,-708
2291,61182954,61182207,-147,-328,16886,111,-30,9,76,76,-707
2292,61206954,61206473,-139,-291,16921,107,-36,10,77,75,-708
2293,61230954,61230736,-130,-260,16947,95,-41,10,76,72,-708
2294,61256955,61255006,-122,-240,16957,82,-44,9,77,71,-709
2295,61280954,61279268,-116,-247,16954,70,-40,9,78,70,-709
2296,61304954,61303532,-109,-229,16986,58,-28,7,78,69,-707
2297,61328954,61328231,-106,-232,16954,52,-19,5,79,70,-706
2298,61352954,61352511,-102,-232,16923,54,-14,4,78,70,-706
2299,61376954,61376775,-95,-224,16934,61,-10,4,78,70,-704
2300,61402483,61401150,-92,-220,16918,66,-5,3,78,71,-704
2301,61426483,61425469,-91,-207,16917,72,-2,3,77,72,-705
2302,61450483,61449748,-90,-184,16932,74,2,3,75,71,-706
2303,61474483,61474015,-88,-135,16964,70,3,3,75,71,-706
2304,61500149,61498423,-87,-125,16960,66,4,3,76,72,-709
2305,61524148,61522747,-88,-113,16943,64,6,3,75,72,-711
2306,61548148,61547021,-92,-96,16951,60,7,3,75,71,-711
2307,61572148,61571286,-98,-79,16955,49,7,3,74,69,-713
2308,61596148,61595551,-103,-70,16952,41,7,3,73,69,-713
2309,61620148,61619817,-105,-64,16947,37,5,3,74,68,-711
2310,61644148,61644095,-107,-56,16942,34,4,2,73,69,-711
2311,61670148,61668364,-110,-50,16932,36,4,2,73,69,-709
2312,61694148,61692630,-112,-40,16931,37,3,1,72,69,-708
2313,61718148,61716895,-113,-34,16932,36,1,1,71,68,-707
2314,61742148,61741160,-115,-28,16931,35,-2,-1,72,68,-707
2315,61766148,61765427,-115,-20,16932,35,-7,-2,73,68,-707
2316,61790148,61789691,-112,-12,16936,33,-11,-3,74,67,-708
2317,61814148,61813953,-111,-4,16941,29,-15,-3,73,67,-709
2318,61840149,61838223,-107,1,16944,22,-18,-2,73,69,-709
2319,61864148,61862484,-104,1,16946,12,-22,-2,74,69,-710
2320,61888148,61886755,-99,-1,16942,3,-25,-2,75,68,-710
2321,61912148,61911024,-94,-3,16941,-4,-26,-1,76,66,-709
2322,61936148,61935291,-90,-4,16938,-12,-27,-1,76,65,-708
2323,61960148,61959554,-82,-12,16933,-17,-26,0,75,66,-708
2324,61984148,61983817,-78,-16,16930,-17,-23,0,75,67,-708
2325,62008148,62008082,-74,-15,16928,-17,-20,0,76,66,-707
2326,62034148,62032350,-90,0,16927,-19,-18,-5,77,67,-707
2327,62058148,62056615,-68,-21,16938,-20,-17,-10,75,66,-707
2328,62082148,62080879,-56,-21,16973,-30,-20,-11,74,66,-707
2329,62106148,62105145,-53,-33,16970,-69,-28,-11,74,68,-707
2330,62130148,62129409,-46,-67,16938,-74,-25,-12,74,70,-707
2331,62154148,62153671,-40,-86,16939,-74,-23,-12,74,70,-705
2332,62178148,62177933,-38,-106,16941,-76,-23,-11,76,71,-706
2333,62204148,62202203,-32,-128,16942,-78,-22,-10,74,72,-704
2334,62228148,62226471,-10,-168,16941,-78,-21,-6,74,70,-706
2335,62252148,62250737,-21,-169,16930,-77,-19,-1,73,68,-705
2336,62275337,62275075,-25,-192,16901,-66,-15,0,73,69,-705
2337,62301338,62299395,-21,-202,16900,-25,-5,0,74,70,-706
2338,62325337,62323662,-18,-192,16932,-15,-6,1,74,69,-707
2339,62349337,62347926,-17,-195,16930,-10,-5,0,74,70,-709
2340,62373337,62372195,-12,-196,16931,-8,-4,0,74,70,-707
2341,62397337,62396459,-8,-199,16930,-7,-4,0,74,70,-707
2342,62421337,62420723,-6,-200,16934,-6,-4,0,75,70,-708
2343,62445337,62444983,-7,-201,16936,-6,-4,0,77,73,-708
2344,62469337,62469248,-8,-201,16934,-6,-3,0,77,73,-709
2345,62495337,62493520,-5,-205,16934,-5,-3,1,77,72,-708
2346,62519337,62517787,-4,-204,16935,-5,-3,1,76,72,-707
2347,62543337,62542053,-3,-203,16937,-5,-4,1,75,70,-705
2348,62567337,62566316,-2,-204,16937,-5,-4,1,73,71,-706
2349,62591337,62590579,0,-205,16936,-5,-4,1,73,71,-707
2350,62615337,62614845,1,-207,16933,-5,-3,1,73,71,-705
2351,62639337,62639115,1,-211,16932,-5,-3,0,72,71,-705
2352,62665337,62663387,2,-212,16933,-4,-3,0,72,70,-704
2353,62689337,62687650,0,-210,16933,-4,-3,0,71,70,-704
2354,62713337,62711915,-1,-212,16932,-4,-3,-1,71,70,-703
2355,62737337,62736183,-3,-211,16933,-3,-3,-1,71,72,-705
2356,62761337,62760446,-4,-210,16930,-3,-3,-1,72,71,-704
2357,62785337,62784707,-6,-209,16928,-3,-3,-1,72,71,-703
2358,62809337,62808974,-8,-210,16927,-2,-3,-1,72,71,-702
2359,62833337,62833237,-8,-209,16925,-2,-3,0,71,71,-701
2360,62859338,62857507,-5,-209,16925,-1,-3,0,71,72,-701
2361,62883337,62881772,-3,-210,16927,-1,-3,0,71,73,-701
2362,62907337,62906036,-3,-211,16927,0,-3,0,71,72,-702
2363,62931337,62930295,-1,-212,16927,0,-3,0,73,70,-702
2364,62956309,62954578,-1,-212,16930,0,-3,0,73,70,-703
2365,62980309,62978870,-2,-212,16933,0,-3,-1,73,70,-703
2366,63004309,63003137,-1,-210,16934,1,-2,-1,73,70,-704
2367,63028309,63027399,-1,-207,16935,1,-2,-1,73,70,-705
2368,63051901,63051766,-3,-208,16936,0,-2,-1,73,68,-706
2369,63077902,63076090,-4,-208,16934,0,-1,-1,73,69,-706
2370,63101901,63100365,-3,-207,16934,0,-1,0,72,70,-707
2371,63125901,63124633,-3,-208,16932,0,-1,0,72,71,-705
2372,63149901,63148898,-3,-209,16933,0,-1,0,70,71,-705
2373,63173901,63173164,-3,-210,16932,0,-1,1,70,70,-706
2374,63197901,63197425,-6,-212,16931,0,-1,1,70,70,-706
2375,63221901,63221687,-7,-215,16928,0,-1,1,70,70,-706
2376,63247902,63245957,-9,-216,16924,0,-1,1,71,69,-704
2377,63271901,63270221,-9,-219,16920,0,-1,1,71,69,-704
2378,63295901,63294485,-10,-222,16918,0,-1,0,72,68,-703
2379,63319901,63318748,-10,-225,16916,0,-1,0,70,70,-705
2380,63343901,63343016,-10,-226,16915,0,-1,0,72,70,-704
2381,63367901,63367280,-9,-226,16916,1,-1,0,71,69,-703
2382,63391901,63391544,-7,-226,16917,1,-1,0,71,69,-702
2383,63415901,63415804,-4,-226,16918,1,-1,0,72,68,-702
2384,63441901,63440076,-3,-225,16919,1,-1,0,72,69,-702
2385,63465901,63464338,-2,-224,16921,1,-1,0,72,70,-702
2386,63489901,63488598,0,-224,16922,1,-1,0,74,69,-703
2387,63513901,63512859,-1,-223,16923,1,-1,1,73,68,-702
2388,63537901,63537122,0,-224,16926,1,-1,1,71,66,-704
2389,63561901,63561384,2,-225,16923,0,-1,1,72,67,-704
2390,63585901,63585648,2,-225,16922,0,-1,1,73,66,-704
2391,63611901,63609918,2,-226,16922,-1,-1,1,72,66,-705
2392,63635901,63634182,4,-226,16923,-1,-1,1,71,68,-705
2393,63659901,63658446,4,-226,16922,-1,-1,1,71,69,-706
2394,63683901,63682710,3,-224,16921,-1,-1,1,72,69,-706
2395,63707901,63706978,4,-222,16920,0,-1,1,72,69,-705
2396,63731902,63731239,5,-222,16917,0,-1,1,73,71,-704
2397,63755908,63755903,3,-223,16918,0,-1,0,72,71,-705
2398,63781901,63780181,4,-222,16918,1,-1,0,73,73,-705
2399,63805901,63804447,4,-222,16918,1,-2,0,72,73,-705
2400,63829566,63828812,2,-222,16919,1,-2,0,70,72,-707
2401,63853566,63853136,4,-222,16919,1,-2,0,70,71,-706
2402,63877565,63877410,4,-223,16919,1,-2,0,69,72,-707
2403,63903566,63901686,2,-222,16919,1,-2,0,69,73,-708
2404,63927565,63925948,1,-222,16918,1,-2,0,69,73,-707
2405,63951565,63950207,1,-224,16914,2,-1,0,70,73,-706
2406,63975565,63974468,0,-226,16913,2,-1,0,68,71,-707
2407,63999565,63998731,-1,-227,16910,2,-1,0,70,72,-705
2408,64023565,64022992,-4,-229,16907,2,-1,0,72,73,-704
2409,64047565,64047257,-7,-230,16907,2,-2,0,73,72,-704
2410,64071565,64071534,-7,-229,16906,2,-2,0,73,71,-703
2411,64097565,64095802,-7,-228,16907,2,-2,0,72,70,-704
2412,64121565,64120069,-9,-227,16908,1,-2,0,72,71,-705
2413,64145565,64144335,-11,-223,16912,1,-2,0,71,70,-704
2414,64169565,64168597,-10,-223,16912,1,-2,-1,72,72,-704
2415,64193565,64192862,-10,-222,16914,1,-1,0,71,71,-704
2416,64217565,64217129,-7,-220,16917,1,-1,0,69,71,-705
2417,64241565,64241392,-7,-220,16918,1,-1,0,69,71,-705
2418,64267565,64265666,-10,-219,16917,1,-1,0,69,72,-704
2419,64291565,64289928,-9,-220,16916,1,-2,0,71,70,-703
2420,64315565,64314197,-6,-221,16917,1,-1,0,68,70,-702
2421,64339565,64338459,-6,-225,16911,1,-1,0,70,71,-702
2422,64363565,64362726,-6,-223,16911,0,-1,0,69,71,-702
2423,64387565,64386991,-6,-222,16911,0,-2,0,69,72,-701
2424,64411565,64411253,-6,-221,16908,0,-1,0,69,71,-702
2425,64435565,64435516,-5,-223,16909,0,-1,0,68,71,-702
2426,64461565,64459783,-5,-223,16911,0,-1,0,69,70,-703
2427,64485565,64484045,-7,-222,16911,0,-1,0,69,71,-704
2428,64508538,64508319,-7,-223,16910,0,-1,0,71,70,-705
2429,64534538,64532634,-8,-223,16912,0,-1,0,71,71,-705
2430,64558538,64556899,-8,-224,16908,0,-1,0,71,70,-706
2431,64582538,64581160,-7,-228,16906,0,-1,0,72,67,-707
2432,64606078,64605492,-7,-228,16904,0,-1,0,72,70,-705
2433,64630078,64629819,-8,-228,16902,0,-1,0,71,71,-706
2434,64656078,64654100,-5,-229,16901,1,-1,0,71,71,-706
2435,64680078,64678364,-1,-231,16901,1,-1,0,69,70,-705
2436,64704078,64702631,-1,-232,16904,1,-1,0,68,71,-706
2437,64728078,64726897,-1,-229,16905,1,-1,0,68,69,-705
2438,64752078,64751164,-2,-228,16908,1,-1,0,69,69,-705
2439,64776078,64775427,-1,-229,16909,1,-1,0,68,71,-703
2440,64800078,64799700,-1,-229,16911,1,-1,0,68,69,-705
2441,64824078,64823968,1,-228,16912,1,-1,0,70,68,-704
2442,64850078,64848242,0,-227,16909,1,0,0,70,67,-703
2443,64874078,64872504,-4,-228,16908,0,0,0,70,66,-703
2444,64898078,64896763,-5,-228,16906,0,0,0,71,66,-703
2445,64922078,64921025,-3,-226,16906,0,0,0,70,67,-703
2446,64946078,64945291,-2,-228,16907,0,-1,0,69,67,-703
2447,64970078,64969553,-4,-225,16908,0,-1,0,71,67,-704
2448,64994078,64993814,-5,-226,16907,0,-1,0,73,68,-704
2449,65020079,65018084,-4,-228,16909,0,-1,0,72,68,-705
2450,65044078,65042351,-4,-229,16911,0,-1,1,73,69,-705
2451,65068078,65066618,-3,-226,16911,0,-1,1,73,69,-705
2452,65092078,65090884,-4,-225,16910,0,-1,1,72,69,-703
2453,65116078,65115147,-4,-226,16910,1,-1,1,71,69,-703
2454,65140078,65139413,-4,-225,16910,1,-1,1,71,69,-704
2455,65164078,65163680,-3,-224,16910,1,-1,1,70,69,-703
2456,65188078,65187944,-3,-222,16910,1,-1,1,69,69,-703
2457,65214079,65212217,-4,-220,16908,1,-1,1,69,69,-702
2458,65238078,65236483,-4,-221,16908,1,-1,0,69,69,-703
2459,65262078,65260745,-4,-222,16907,0,-1,0,69,69,-704
2460,65286078,65285007,-2,-221,16904,0,-1,1,70,69,-703
2461,65310078,65309271,-2,-223,16903,0,-1,0,72,69,-705
2462,65334078,65333533,-1,-226,16903,0,-1,0,72,69,-705
2463,65358078,65357794,0,-228,16901,0,-2,0,72,70,-704
2464,65383294,65382161,2,-228,16904,0,-1,0,72,71,-705
2465,65407294,65406479,3,-229,16903,0,-1,0,72,71,-705
2466,65431294,65430749,4,-230,16902,0,-1,0,71,72,-705
2467,65455294,65455015,6,-231,16903,0,-1,0,70,74,-704
2468,65479294,65479277,3,-233,16903,1,-1,0,70,74,-705
2469,65505294,65503539,3,-233,16903,1,-1,0,70,74,-704
2470,65529294,65527813,2,-232,16903,1,-1,0,68,74,-703
2471,65553294,65552078,0,-232,16905,1,0,0,69,73,-704
2472,65577294,65576343,-3,-233,16901,1,-1,0,69,72,-706
2473,65601294,65600604,-3,-230,16901,1,-1,0,70,71,-706
2474,65625294,65624867,-5,-230,16904,1,-1,0,70,71,-706
2475,65649294,65649130,-7,-229,16905,1,-1,0,70,69,-705
2476,65675295,65673400,-5,-229,16908,1,0,0,70,69,-705
2477,65699294,65697661,-5,-229,16908,0,0,0,69,68,-704
2478,65723294,65721926,-6,-230,16909,0,0,0,69,67,-705
2479,65747294,65746187,-6,-230,16908,0,0,0,69,67,-703
2480,65771294,65770452,-4,-230,16909,0,0,0,70,67,-701
2481,65795294,65794719,-3,-231,16909,0,0,0,71,68,-701
2482,65819294,65818985,-4,-231,16904,0,0,0,73,68,-702
2483,65843294,65843243,-4,-231,16904,0,0,0,73,69,-704
2484,65869294,65867511,-3,-232,16903,0,-1,0,73,68,-703
2485,65893294,65891776,-2,-231,16902,0,-2,0,72,69,-704
2486,65917294,65916039,-1,-230,16901,0,-2,0,73,70,-704
2487,65941294,65940302,1,-230,16901,1,-2,0,72,70,-705
2488,65965294,65964564,1,-231,16901,1,-2,0,71,72,-705
2489,65989294,65988826,0,-233,16901,1,-2,0,71,70,-706
2490,66013294,66013093,2,-235,16904,1,-3,0,70,70,-705
2491,66039295,66037361,3,-237,16903,1,-3,0,71,70,-704
2492,66062244,66061633,3,-237,16901,2,-2,0,71,70,-705
2493,66086244,66085929,3,-237,16900,2,-2,0,74,72,-705
2494,66110244,66110193,3,-236,16900,2,-2,0,74,73,-704
2495,66136244,66134461,0,-235,16899,2,-1,0,75,73,-705
2496,66159406,66158801,-1,-234,16898,1,-1,0,74,72,-706
2497,66185406,66183496,-2,-234,16897,1,-2,0,74,73,-706
2498,66209406,66207773,-3,-232,16897,1,-1,0,74,73,-706
2499,66233406,66232035,-3,-231,16896,1,-1,0,73,73,-706
2500,66257406,66256364,-3,-232,16897,1,-1,0,73,73,-706
2501,66281406,66280658,-4,-233,16897,1,-1,0,72,72,-707
2502,66305406,66304929,-6,-235,16896,1,-1,0,72,71,-708
2503,66329406,66329193,-8,-235,16896,1,-1,0,71,70,-707
2504,66355406,66353464,-11,-234,16897,1,-1,0,72,70,-708
2505,66379406,66377726,-10,-232,16895,1,-1,0,71,69,-707
2506,66403406,66401983,-11,-234,16894,1,-1,0,70,69,-706
2507,66427406,66426247,-15,-234,16894,1,-1,0,71,69,-707
2508,66451406,66450508,-15,-235,16894,1,-1,-1,71,69,-705
2509,66475406,66474771,-13,-238,16895,1,-1,-1,71,69,-704
2510,66499406,66499049,-14,-238,16897,1,-1,-1,71,71,-704
2511,66523406,66523315,-12,-239,16897,1,-1,-1,70,70,-704
2512,66549406,66547584,-9,-243,16896,1,-1,-1,70,71,-703
2513,66573406,66571847,-10,-245,16896,1,-1,-1,70,71,-704
2514,66597406,66596108,-9,-245,16897,0,-1,-1,72,70,-703
2515,66621406,66620378,-7,-244,16898,0,-1,-1,71,71,-702
2516,66645406,66644646,-5,-242,16899,0,-1,-1,71,70,-704
2517,66669406,66668912,-3,-239,16902,0,-1,-1,71,70,-704
2518,66693406,66693178,-2,-239,16902,1,-1,-1,70,69,-705
2519,66719406,66717445,0,-239,16903,1,-1,0,71,69,-704
2520,66743406,66741708,0,-239,16904,1,-1,0,72,69,-704
2521,66767406,66765972,0,-239,16905,1,-1,0,72,69,-703
2522,66791406,66790235,-1,-240,16906,1,-1,0,71,69,-704
2523,66815406,66814498,-1,-240,16906,1,-1,0,71,69,-706
2524,66839406,66838758,0,-239,16906,1,-1,0,71,69,-704
2525,66863406,66863023,0,-237,16905,1,-1,0,71,68,-705
2526,66887406,66887290,3,-237,16905,1,-1,0,71,67,-704
2527,66913407,66911565,2,-236,16906,1,-1,0,71,68,-705
2528,66936965,66935903,4,-237,16905,1,0,-1,70,69,-706
2529,66960964,66960228,7,-237,16906,1,0,-1,70,70,-707
2530,66984964,66984505,9,-238,16906,1,0,-1,71,70,-706
2531,67008964,67008771,9,-241,16903,1,-1,-1,71,70,-705
2532,67034964,67033040,8,-242,16901,1,-1,-1,70,72,-706
2533,67058964,67057303,5,-244,16897,1,-1,-1,69,73,-705
2534,67082964,67081568,2,-244,16895,1,-1,-1,69,72,-705
2535,67106964,67105828,1,-243,16892,1,-1,-1,69,73,-705
2536,67130964,67130092,0,-243,16893,1,-2,-1,70,73,-705
2537,67154964,67154358,-2,-242,16890,1,-1,-1,70,72,-706
2538,67178964,67178623,-4,-242,16889,1,-1,-1,69,73,-706
2539,67202964,67202890,-6,-239,16889,1,-1,-1,69,73,-706
2540,67228964,67227159,-9,-240,16890,1,0,-1,71,73,-705
2541,67252964,67251429,-8,-241,16893,1,0,0,72,74,-706
2542,67276964,67275693,-8,-243,16893,1,0,-1,71,74,-706
2543,67300964,67299957,-7,-244,16895,1,-1,0,71,75,-706
2544,67324964,67324219,-6,-241,16895,1,-1,0,71,74,-704
2545,67348964,67348486,-5,-238,16898,1,-1,0,71,75,-703
2546,67372964,67372746,-2,-238,16898,1,-1,0,71,75,-704
2547,67398965,67397023,1,-238,16899,1,-1,0,71,75,-704
2548,67422964,67421285,2,-237,16902,1,-1,0,71,76,-704
2549,67446964,67445548,1,-235,16901,1,-1,0,71,74,-703
2550,67470964,67469813,1,-234,16902,1,-1,0,72,74,-703
2551,67494964,67494077,0,-232,16899,1,-1,0,72,73,-704
2552,67518964,67518339,-1,-234,16897,1,-1,0,72,72,-703
2553,67542964,67542602,0,-235,16898,1,-1,0,73,70,-704
2554,67566964,67566863,0,-232,16898,1,-1,0,72,69,-704
2555,67592964,67591136,-1,-234,16899,2,-1,0,73,69,-703
2556,67615935,67615408,-1,-236,16897,2,-1,0,72,70,-705
2557,67639935,67639707,-2,-236,16898,2,-1,0,72,69,-705
2558,67665935,67663976,-2,-235,16899,2,-1,0,72,70,-706
2559,67689935,67688237,-4,-237,16900,1,-1,0,71,70,-705
2560,67713405,67712570,-5,-239,16901,1,-2,0,72,71,-707
2561,67737405,67736891,-6,-241,16900,1,-2,0,71,72,-708
2562,67761405,67761160,-7,-240,16901,1,-2,0,70,72,-708
2563,67787406,67785433,-7,-237,16900,1,-2,0,69,70,-708
2564,67811405,67809697,-5,-233,16900,1,-2,0,70,70,-707
2565,67835405,67833959,-1,-231,16900,1,-2,0,69,71,-706
2566,67859405,67858224,2,-232,16900,1,-2,0,70,70,-706
2567,67883405,67882485,5,-229,16901,1,-2,0,70,70,-707
2568,67907405,67906752,5,-227,16901,2,-1,0,68,71,-706
2569,67931405,67931017,3,-227,16903,2,-1,0,69,71,-704
2570,67955405,67955290,3,-230,16934,1,-1,0,69,73,-704
2571,67981406,67979563,2,-234,16933,1,-1,0,69,74,-704
2572,68005405,68003824,-1,-235,16935,1,-1,0,71,72,-704
2573,68029405,68028088,-4,-235,16936,1,-1,0,72,71,-706
2574,68053405,68052349,-5,-234,16935,1,-1,0,72,71,-706
2575,68077405,68076613,-6,-237,16936,1,-1,0,73,72,-706
2576,68101405,68100873,-4,-239,16938,1,-1,0,73,71,-706
2577,68125405,68125136,-3,-239,16937,1,-2,0,74,72,-707
2578,68149408,68149403,-3,-236,16906,1,-2,0,74,69,-706
2579,68175405,68173668,-1,-236,16908,1,-2,0,75,70,-706
2580,68199405,68197929,2,-237,16907,1,-2,0,73,70,-706
2581,68223405,68222191,3,-238,16907,1,-2,0,72,70,-704
2582,68247405,68246457,5,-237,16909,1,-2,1,72,69,-704
2583,68271405,68270719,5,-234,16909,1,-2,1,72,69,-703
2584,68295405,68294981,4,-232,16908,1,-1,1,72,71,-702
2585,68319405,68319247,2,-234,16908,1,-1,1,72,71,-702
2586,68345405,68343521,1,-237,16908,1,-1,1,72,73,-702
2587,68369405,68367790,1,-237,16908,1,-1,1,71,74,-703
2588,68393405,68392054,0,-237,16907,1,-1,1,71,75,-704
2589,68417405,68416317,-1,-238,16907,1,-1,1,71,75,-704
2590,68441405,68440581,-2,-238,16907,1,-1,1,71,74,-704
2591,68465405,68464843,-2,-241,16906,1,-2,1,71,73,-704
2592,68490962,68489202,0,-241,16906,1,-2,1,71,72,-704
2593,68514961,68513515,1,-240,16909,1,-2,2,71,71,-704
2594,68538961,68537784,1,-239,16910,1,-2,1,72,70,-705
2595,68562961,68562045,1,-238,16910,1,-1,1,72,69,-704
2596,68586961,68586308,1,-237,16909,1,-1,2,73,68,-705
2597,68610961,68610945,1,-238,16906,1,-1,2,74,69,-706
2598,68636961,68635221,1,-240,16905,1,-1,1,75,69,-706
2599,68660961,68659490,2,-241,16906,1,-1,1,75,70,-708
2600,68684961,68683815,1,-241,16906,1,0,1,75,68,-707
2601,68708961,68708109,2,-242,16904,1,0,1,74,69,-708
2602,68732961,68732380,2,-240,16904,1,0,1,73,69,-707
2603,68756961,68756644,1,-239,16904,1,-1,1,73,69,-708
2604,68780961,68780910,0,-240,16905,1,-1,1,72,68,-708
2605,68806961,68805181,1,-240,16908,1,-1,1,70,68,-708
2606,68830961,68829442,2,-239,16909,1,-1,1,69,69,-707
2607,68854961,68853705,2,-238,16909,1,-1,1,68,69,-706
2608,68878961,68877966,2,-238,16908,1,-1,1,69,71,-707
2609,68902961,68902231,2,-238,16910,1,-1,1,70,70,-706
2610,68926961,68926511,3,-241,16909,1,0,1,70,70,-705
2611,68950961,68950778,5,-244,16910,1,0,1,70,70,-705
2612,68976962,68975051,4,-244,16910,1,-1,0,71,71,-705
2613,69000961,68999315,3,-243,16909,1,-1,0,72,71,-705
2614,69024961,69023578,1,-241,16910,1,0,0,73,70,-705
2615,69048961,69047838,0,-242,16911,1,0,0,72,69,-707
2616,69072961,69072099,-2,-242,16914,1,0,0,72,67,-707
2617,69096961,69096359,-3,-241,16914,1,0,0,71,67,-707
2618,69120961,69120619,-3,-242,16915,1,0,0,71,68,-707
2619,69144961,69144881,-4,-243,16916,1,0,0,71,67,-706
2620,69170250,69169181,-3,-243,16917,1,0,0,70,67,-705
2621,69194250,69193468,-2,-244,16917,1,0,0,70,67,-705
2622,69218250,69217737,-1,-247,16915,1,-1,0,70,68,-704
2623,69242250,69242001,-2,-247,16914,1,-1,0,71,70,-704
2624,69267553,69266394,-1,-245,16913,1,-2,0,71,72,-704
2625,69291553,69290707,2,-244,16914,1,-2,0,72,73,-705
2626,69315553,69314972,3,-242,16916,1,-1,0,72,73,-706
2627,69339553,69339236,4,-240,16918,1,-1,0,71,74,-705
2628,69363553,69363501,6,-239,16919,1,-1,0,73,74,-705
2629,69389553,69387769,7,-239,16919,1,-2,0,73,73,-706
2630,69413553,69412042,7,-237,16921,1,-1,0,72,72,-706
2631,69437553,69436309,9,-238,16921,1,-1,0,71,71,-707
2632,69461553,69460571,8,-239,16922,1,-1,0,71,70,-707
2633,69485553,69484831,6,-238,16921,1,-1,0,72,69,-706
2634,69509553,69509097,5,-238,16922,2,-1,0,72,69,-706
2635,69533553,69533360,4,-238,16922,1,-1,0,73,67,-708
2636,69559554,69557625,4,-238,16921,1,-1,0,72,67,-709
2637,69583553,69581888,5,-236,16923,1,-1,0,71,67,-708
2638,69607553,69606152,6,-236,16924,1,-1,0,72,67,-709
2639,69631553,69630414,9,-236,16925,1,-1,0,73,67,-709
2640,69655553,69654681,12,-235,16924,1,-1,0,72,68,-709
2641,69679553,69678944,14,-233,16924,1,-1,-1,71,69,-708
2642,69703553,69703206,17,-232,16924,0,-1,-1,72,68,-708
2643,69727553,69727467,18,-231,16926,0,-1,-1,71,69,-707
2644,69753554,69751737,19,-229,16927,0,-1,-1,71,67,-706
2645,69777553,69775999,20,-228,16927,1,-1,-1,70,68,-706
2646,69801553,69800263,19,-228,16927,0,-1,-1,70,67,-703
2647,69825553,69824532,18,-226,16929,0,-1,-1,70,68,-703
2648,69849553,69848797,16,-225,16930,0,-1,0,70,68,-702
2649,69873553,69873061,15,-225,16932,0,-1,0,69,68,-703
2650,69897553,69897329,13,-225,16931,0,-1,0,68,68,-702
2651,69923554,69921603,13,-225,16929,1,-1,0,69,69,-703
2652,69947553,69945869,13,-226,16928,1,-1,0,69,72,-702
2653,69971553,69970132,11,-227,16929,1,-1,0,71,73,-701
2654,69995553,69994392,10,-228,16930,1,-1,-1,70,74,-703
2655,70019553,70018654,9,-230,16930,1,-1,-1,69,74,-704
2656,70044723,70043017,10,-231,16928,1,-1,-1,69,75,-704
2657,70068722,70067330,11,-233,16926,1,-1,-1,69,75,-703
2658,70092722,70091603,10,-235,16925,1,0,-1,68,76,-705
2659,70116722,70115875,8,-236,16926,1,-1,0,68,75,-705
2660,70140722,70140146,7,-238,16927,1,-1,0,68,72,-705
2661,70164722,70164410,7,-238,16927,1,-1,-1,68,73,-707
2662,70188722,70188673,7,-239,16927,1,-1,-1,69,73,-705
2663,70214722,70212939,10,-238,16926,1,-1,0,70,73,-705
2664,70238722,70237202,10,-239,16927,2,-1,0,71,72,-705
2665,70262722,70261468,12,-238,16929,2,-1,0,71,71,-707
2666,70286722,70285731,15,-236,16930,1,-1,0,73,69,-705
2667,70310722,70309994,17,-235,16929,1,-1,0,72,69,-704
2668,70334722,70334257,20,-233,16931,1,-1,0,73,71,-705
2669,70358722,70358520,21,-231,16930,1,-1,0,72,69,-705
2670,70384722,70382792,21,-230,16928,1,-1,0,73,68,-704
2671,70408722,70407060,18,-229,16928,1,-1,0,73,68,-704
2672,70432722,70431324,17,-227,16929,1,-1,0,72,68,-704
2673,70456722,70455589,14,-229,16930,1,-1,0,73,68,-704
2674,70480722,70479857,14,-234,16929,1,0,0,72,70,-704
2675,70504722,70504120,13,-235,16930,1,-1,0,73,70,-705
2676,70528722,70528387,9,-236,16926,1,-1,0,73,70,-705
2677,70552722,70552648,9,-240,16925,1,-1,0,74,71,-704
2678,70578723,70576917,9,-241,16925,1,-1,0,74,70,-705
2679,70602722,70601182,9,-240,16926,1,-1,0,74,70,-705
2680,70626722,70625447,10,-240,16928,0,-1,0,74,69,-704
2681,70650722,70649715,10,-238,16928,1,-1,0,74,68,-702
2682,70674722,70673979,11,-232,16928,1,-2,0,74,68,-703
2683,70698722,70698241,13,-229,16928,1,-1,0,73,69,-704
2684,70723708,70722530,17,-227,16931,1,-1,0,73,69,-704
2685,70747708,70746811,17,-225,16932,0,-1,0,71,69,-704
2686,70771708,70771076,16,-223,16933,1,-1,0,71,70,-704
2687,70795708,70795338,15,-228,16932,0,-1,0,70,70,-704
2688,70821288,70819712,12,-231,16928,0,0,0,71,72,-706
2689,70845288,70844028,12,-234,16926,0,0,-1,71,72,-707
2690,70869288,70868316,10,-237,16925,0,0,0,71,72,-707
2691,70893288,70892583,6,-240,16924,0,-1,0,70,73,-706
2692,70917288,70916848,1,-239,16921,0,-1,0,71,74,-705
2693,70941288,70941111,1,-239,16920,0,-1,0,72,73,-705
2694,70967289,70965382,1,-239,16917,0,-1,0,70,73,-705
2695,70991288,70989645,2,-236,16916,0,-1,0,71,74,-704
2696,71015288,71013908,2,-234,16916,0,-1,0,72,74,-703
2697,71039288,71038563,2,-232,16917,0,-1,0,71,75,-703
2698,71063288,71062840,2,-230,16915,0,-1,0,71,75,-703
2699,71087288,71087101,2,-230,16914,1,0,0,72,74,-702
2700,71113288,71111476,3,-232,16914,1,0,0,72,72,-704
2701,71137288,71135765,3,-232,16913,1,0,-1,72,72,-704
2702,71161288,71160033,3,-234,16911,1,0,-1,72,71,-706
2703,71185288,71184299,4,-237,16909,1,0,-1,71,70,-705
2704,71209288,71208565,5,-239,16908,1,0,-1,71,70,-705
2705,71233288,71232829,2,-240,16908,1,0,-1,72,71,-706
2706,71257288,71257092,2,-243,16910,1,0,-1,73,70,-706
2707,71283288,71281361,4,-242,16909,1,0,-1,73,69,-707
2708,71307288,71305623,5,-241,16908,1,0,-1,72,71,-705
2709,71331288,71329886,3,-240,16909,1,0,0,72,71,-706
2710,71355288,71354153,3,-239,16911,1,0,0,72,71,-705
2711,71379288,71378421,3,-237,16912,1,0,0,73,71,-706
2712,71403288,71402680,4,-234,16912,1,0,0,72,70,-707
2713,71427288,71426944,7,-233,16911,1,0,-1,71,68,-707
2714,71451288,71451207,6,-230,16909,1,0,0,71,69,-707
2715,71477289,71475477,6,-231,16909,1,0,-1,69,70,-706
2716,71501288,71499740,5,-231,16910,1,-1,-1,70,68,-707
2717,71525288,71524004,7,-232,16910,1,-1,-1,70,68,-707
2718,71549288,71548267,7,-235,16910,1,-1,0,70,68,-706
2719,71573288,71572533,6,-238,16909,1,-1,0,71,69,-707
2720,71598759,71596906,6,-241,16907,1,-1,0,71,70,-708
2721,71622757,71621213,7,-243,16908,1,-1,0,70,71,-707
2722,71646757,71645482,9,-246,16910,1,-1,0,70,70,-708
2723,71670757,71669747,7,-247,16912,1,-1,0,71,71,-708
2724,71694757,71694012,7,-248,16912,1,-1,0,70,73,-708
2725,71718757,71718273,6,-249,16911,1,-1,0,70,72,-708
2726,71742757,71742535,6,-246,16912,1,-1,0,69,72,-707
2727,71768758,71766806,7,-244,16913,1,-1,0,69,72,-706
2728,71792757,71791071,8,-242,16915,1,-1,0,69,72,-704
2729,71816757,71815332,8,-241,16915,1,-1,0,69,72,-704
2730,71840757,71839601,10,-239,16914,2,0,0,69,72,-703
2731,71864757,71863869,13,-236,16915,2,-1,-1,68,71,-702
2732,71888757,71888135,16,-236,16915,2,-1,-1,68,70,-703
2733,71912757,71912402,19,-236,16916,2,-1,-1,70,71,-704
2734,71936757,71936667,19,-234,16915,2,-1,-1,70,71,-705
2735,71962758,71960940,21,-233,16913,1,-1,-1,68,70,-706
2736,71986757,71985203,20,-232,16912,1,-1,-1,70,69,-705
2737,72010757,72009465,17,-233,16911,1,-1,0,71,70,-704
2738,72034757,72033732,12,-234,16909,1,-1,-1,70,71,-704
2739,72058757,72057994,10,-240,16907,1,-1,0,71,72,-705
2740,72082757,72082256,6,-237,16908,0,-1,0,71,71,-703
2741,72106757,72106521,4,-236,16909,0,-1,0,71,70,-703
2742,72132757,72130792,2,-237,16909,1,-1,0,71,71,-704
2743,72156757,72155054,0,-239,16911,1,-1,0,72,71,-704
2744,72180757,72179315,1,-238,16912,1,-1,0,70,71,-704
2745,72204757,72203580,5,-237,16913,1,-1,-1,71,71,-704
2746,72228757,72227838,8,-233,16917,1,-1,0,73,71,-704
2747,72252757,72252101,12,-231,16919,1,-1,0,72,72,-704
2748,72277746,72276386,15,-234,16918,1,-1,0,72,73,-705
2749,72301746,72300682,17,-236,16918,1,-1,0,71,72,-703
2750,72325746,72324948,16,-235,16918,1,-1,-1,72,71,-702
2751,72349746,72349210,12,-233,16917,1,0,0,73,72,-702
2752,72375379,72373592,9,-233,16916,1,0,0,74,72,-703
2753,72399378,72397899,6,-233,16916,1,0,0,73,71,-703
2754,72423378,72422164,5,-234,16916,1,0,0,74,71,-702
2755,72447378,72446430,2,-235,16915,1,0,0,75,70,-703
2756,72471378,72470692,1,-235,16913,1,0,0,75,70,-704
2757,72495378,72494951,0,-234,16910,1,0,0,77,71,-703
2758,72519378,72519213,2,-234,16911,1,0,0,76,70,-704
2759,72545378,72543487,6,-234,16910,1,-1,0,76,69,-704
2760,72569378,72567755,9,-235,16911,1,-1,0,75,70,-703
2761,72593378,72592015,8,-237,16910,0,-1,0,75,69,-704
2762,72617378,72616276,8,-238,16911,0,-1,0,74,69,-705
2763,72641378,72640540,9,-237,16911,1,-2,0,75,69,-704
2764,72665378,72664804,10,-236,16911,1,-2,0,73,68,-704
2765,72689378,72689065,11,-236,16912,1,-2,0,71,68,-706
2766,72713378,72713331,10,-237,16910,1,-2,0,72,69,-705
2767,72739378,72737594,40,-239,16912,1,-2,1,73,71,-705
2768,72763378,72761857,36,-239,16910,2,-2,1,73,72,-704
2769,72787378,72786119,36,-238,16910,2,-2,1,72,71,-703
2770,72811378,72810382,36,-239,16911,2,-1,1,73,71,-704
2771,72835378,72834646,36,-239,16910,2,-1,1,74,72,-705
2772,72859378,72858911,34,-239,16911,2,0,1,76,72,-705
2773,72883378,72883178,31,-238,16911,2,0,1,76,73,-704
2774,72909379,72907450,31,-239,16912,1,0,1,75,73,-705
2775,72933378,72931713,-2,-237,16911,1,0,0,73,72,-706
2776,72957378,72955976,0,-237,16912,1,0,0,75,71,-707
2777,72981378,72980237,1,-238,16914,1,0,0,76,71,-707
2778,73005378,73004500,2,-236,16913,1,0,0,75,72,-707
2779,73029378,73028760,2,-237,16914,1,0,0,73,71,-706
2780,73053378,73053023,3,-237,16914,1,0,0,73,71,-706
2781,73077378,73077284,3,-237,16913,1,0,0,74,70,-707
2782,73103379,73101554,3,-237,16910,1,0,0,75,69,-707
2783,73127378,73125817,3,-239,16909,1,0,0,74,67,-707
2784,73150541,73150150,1,-239,16906,1,0,0,73,68,-708
2785,73174541,73174469,2,-239,16906,1,-1,0,74,69,-708
2786,73200541,73198748,2,-238,16905,1,-1,0,74,69,-708
2787,73224541,73223019,1,-238,16906,1,-1,0,74,69,-706
2788,73248541,73247284,3,-237,16906,1,-1,0,74,69,-707
2789,73272541,73271544,6,-237,16907,1,-1,0,73,69,-708
2790,73296541,73295822,8,-237,16910,1,-1,0,73,71,-707
2791,73320541,73320085,11,-237,16912,1,-1,0,74,71,-707
2792,73344541,73344348,14,-238,16915,2,-1,0,74,71,-706
2793,73370541,73368620,15,-240,16915,2,-1,0,73,70,-707
2794,73394541,73392882,13,-242,16915,1,-1,0,72,69,-707
2795,73418541,73417146,13,-245,16915,1,-2,0,73,69,-707
2796,73442542,73441405,11,-245,16915,1,-2,0,72,68,-706
2797,73466541,73466067,11,-246,16914,1,-2,0,73,69,-706
2798,73490541,73490347,10,-247,16913,1,-1,1,73,69,-706
2799,73516541,73514622,10,-245,16913,1,-1,1,72,69,-707
2800,73540541,73538953,9,-243,16911,1,-1,1,72,69,-708
2801,73564541,73563242,7,-242,16910,1,-1,1,72,68,-707
2802,73588541,73587514,9,-240,16909,1,-1,1,72,68,-706
2803,73612541,73611780,8,-239,16909,0,-1,1,71,67,-707
2804,73636541,73636047,10,-237,16910,0,-1,1,71,69,-707
2805,73660541,73660312,10,-236,16912,0,-1,0,72,68,-705
2806,73686542,73684581,10,-236,16911,0,-1,0,71,70,-705
2807,73710541,73708844,10,-237,16912,0,-1,0,71,69,-704
2808,73734541,73733107,8,-239,16913,1,-1,-1,70,70,-703
2809,73758541,73757370,7,-239,16914,1,-1,-1,72,71,-704
2810,73782541,73781642,6,-243,16912,1,-1,-1,73,71,-705
2811,73806541,73805908,6,-245,16910,1,-1,-1,74,72,-705
2812,73831533,73830214,6,-247,16906,1,0,-1,73,69,-705
2813,73855530,73854505,6,-244,16903,1,-1,-1,72,70,-705
2814,73879530,73878772,6,-243,16901,1,-1,-1,74,68,-705
2815,73903530,73903038,7,-243,16899,1,-1,-1,73,69,-704
2816,73928548,73927456,7,-242,16900,1,-1,0,74,70,-703
2817,73952547,73951789,6,-244,16900,1,-1,0,74,71,-703
2818,73976547,73976058,3,-244,16901,1,-1,0,73,72,-704
2819,74000547,74000324,2,-242,16901,1,-1,1,72,73,-703
2820,74026548,74024612,0,-243,16905,1,-1,1,74,74,-703
2821,74050547,74048878,0,-246,16906,1,-1,1,74,74,-705
2822,74074547,74073140,2,-246,16907,1,-1,0,73,73,-706
2823,74098547,74097402,2,-245,16909,2,-1,0,75,73,-707
2824,74122547,74121665,4,-244,16907,2,-1,0,75,72,-707
2825,74146547,74145936,7,-241,16907,2,-1,0,74,71,-707
2826,74170547,74170198,10,-240,16908,1,-1,0,75,70,-706
2827,74194547,74194461,11,-240,16910,1,-1,0,75,70,-706
2828,74220547,74218732,11,-240,16911,1,-1,0,75,71,-706
2829,74244547,74242997,11,-240,16912,1,0,-1,74,71,-705
2830,74268547,74267267,8,-241,16913,1,0,0,73,72,-705
2831,74292547,74291532,6,-245,16911,1,0,0,73,71,-704
2832,74316547,74315793,6,-247,16913,0,0,0,73,71,-704
2833,74340547,74340056,7,-247,16914,0,-1,0,72,70,-703
2834,74364547,74364320,9,-246,16914,0,-1,0,72,70,-703
2835,74390548,74388589,8,-246,16915,1,-1,0,72,70,-703
2836,74414547,74412851,9,-246,16917,1,-1,0,72,68,-703
2837,74438547,74437117,7,-246,16918,1,-1,0,73,69,-703
2838,74462547,74461376,8,-247,16918,2,-2,0,73,69,-703
2839,74486547,74485638,8,-244,16919,2,-2,0,72,69,-704
2840,74510547,74509902,8,-242,16920,2,-2,0,72,69,-704
2841,74534547,74534169,7,-242,16920,1,-2,0,72,70,-704
2842,74558547,74558436,6,-242,16920,2,-2,0,71,70,-704
2843,74584548,74582712,4,-240,16920,1,-2,0,70,71,-703
2844,74608547,74606976,3,-237,16920,1,-1,0,70,72,-704
2845,74632547,74631241,1,-235,16921,1,-1,-1,69,72,-704
2846,74656547,74655507,1,-235,16923,1,-1,-1,69,72,-703
2847,74680547,74679771,0,-235,16927,1,-1,-1,69,73,-702
2848,74704315,74704128,-2,-234,16926,1,-1,-1,69,73,-703
2849,74730316,74728456,-2,-234,16926,1,0,-1,69,73,-704
2850,74754315,74752730,-4,-234,16923,1,0,-1,68,72,-706
2851,74778315,74776994,0,-235,16921,1,0,-1,70,72,-706
2852,74802315,74801261,1,-240,16919,1,0,0,71,71,-704
2853,74826315,74825522,5,-244,16915,2,0,0,72,71,-704
2854,74850315,74849783,5,-247,16912,2,-1,0,72,71,-705
2855,74874315,74874051,4,-247,16909,2,-1,0,73,71,-705
2856,74900317,74898321,3,-248,16909,2,-1,0,74,70,-705
2857,74924315,74922584,1,-250,16910,1,-1,0,75,69,-704
2858,74948315,74946849,3,-250,16912,2,-1,0,76,69,-703
2859,74972315,74971114,1,-252,16913,2,-1,0,74,69,-704
2860,74996315,74995383,2,-251,16914,2,-1,0,73,69,-704
2861,75020315,75019646,1,-248,16915,2,-1,1,72,68,-704
2862,75044315,75043908,0,-247,16917,2,-1,1,71,69,-704
2863,75068315,75068169,-2,-248,16917,2,-1,1,71,68,-704
2864,75094316,75092440,-2,-249,16917,2,-1,1,71,70,-704
2865,75118315,75116704,0,-248,16916,2,-1,1,71,70,-703
2866,75142315,75140968,-2,-245,16915,2,-1,1,71,69,-704
2867,75166315,75165234,-5,-242,16914,2,-1,1,72,69,-704
2868,75190315,75189500,-6,-242,16915,2,-1,1,71,70,-705
2869,75214315,75213766,-7,-242,16915,2,-1,1,72,71,-706
2870,75238315,75238025,-6,-242,16913,1,-1,1,72,70,-706
2871,75262315,75262292,-2,-241,16914,1,-1,1,72,70,-704
2872,75288315,75286554,-2,-240,16915,1,-1,0,71,68,-705
2873,75312315,75310816,-3,-240,16917,1,-1,0,71,69,-705
2874,75336315,75335078,-2,-241,16918,1,-1,0,70,69,-704
2875,75360315,75359337,0,-240,16920,1,-1,0,69,69,-703
2876,75385289,75383617,1,-239,16919,1,-1,0,70,70,-702
2877,75409289,75407904,1,-239,16919,1,-1,-1,70,70,-700
2878,75433289,75432168,0,-239,16919,1,-1,-1,71,70,-701
2879,75457289,75456431,-1,-240,16918,1,-1,-1,71,71,-703
2880,75482780,75480820,0,-241,16919,1,-1,-1,73,71,-702
2881,75506779,75505137,0,-240,16919,1,-2,0,73,72,-703
2882,75530779,75529407,2,-240,16920,1,-2,0,74,72,-703
2883,75554779,75553675,3,-242,16920,1,-2,0,74,72,-705
2884,75578779,75577945,2,-241,16919,1,-1,0,75,72,-705
2885,75602779,75602207,3,-240,16920,1,-1,0,75,72,-707
2886,75626779,75626471,2,-239,16921,1,-1,0,75,72,-706
2887,75650779,75650736,2,-236,16921,1,-1,1,74,70,-705
2888,75676779,75675001,2,-236,16919,2,-1,1,73,71,-705
2889,75700779,75699267,2,-238,16916,2,-1,1,74,69,-705
2890,75724779,75723540,1,-239,16916,2,-1,0,74,69,-705
2891,75748779,75747808,-1,-240,16916,2,-1,0,74,69,-704
2892,75772779,75772072,1,-243,16916,2,-1,0,72,69,-703
2893,75796779,75796337,2,-245,16917,2,-1,0,71,69,-703
2894,75820779,75820597,5,-248,16923,2,-1,0,72,68,-704
2895,75846780,75844871,7,-250,16923,2,-1,-1,72,68,-704
2896,75870783,75869135,10,-250,16926,2,-1,-1,72,68,-703
2897,75894779,75893813,10,-249,16928,2,-1,-1,72,70,-704
2898,75918779,75918098,12,-250,16929,2,-1,0,70,69,-704
2899,75942779,75942364,12,-248,16929,1,-1,0,70,69,-705
2900,75966779,75966727,11,-246,16931,1,-1,0,70,71,-706
2901,75992779,75991022,10,-245,16933,1,-1,0,71,71,-705
2902,76016779,76015291,9,-242,16929,1,-1,0,69,71,-706
2903,76040779,76039558,4,-241,16929,1,-1,0,70,71,-706
2904,76064779,76063821,2,-242,16929,1,-1,1,71,71,-707
2905,76088779,76088086,1,-243,16928,1,-1,1,70,70,-707
2906,76112779,76112347,0,-239,16928,1,-1,1,71,70,-706
2907,76136779,76136609,0,-240,16930,1,-1,1,71,71,-706
2908,76162779,76160884,0,-239,16930,1,-1,1,71,69,-706
2909,76186779,76185154,-1,-239,16928,1,-1,1,71,68,-706
2910,76210779,76209433,0,-237,16929,1,-1,1,73,69,-705
2911,76234779,76233698,4,-237,16927,1,-1,1,71,69,-706
2912,76258362,76258067,5,-237,16927,1,-1,1,70,70,-705
2913,76284363,76282383,5,-238,16927,1,-1,0,70,71,-706
2914,76308362,76306654,7,-241,16926,1,-1,0,69,72,-706
2915,76332362,76330920,6,-242,16925,1,-1,0,70,70,-704
2916,76356362,76355184,7,-243,16923,1,-1,0,71,69,-702
2917,76380362,76379453,7,-242,16920,1,-1,0,70,70,-701
2918,76404362,76403719,6,-244,16918,1,-1,0,70,70,-702
2919,76428362,76427984,4,-244,16917,1,0,0,71,71,-701
2920,76452362,76452262,5,-241,16918,1,0,0,72,71,-701
2921,76478362,76476532,6,-239,16917,0,-1,0,71,70,-702
2922,76502362,76500797,6,-239,16917,1,0,0,72,70,-703
2923,76526362,76525058,8,-238,16918,1,-1,0,69,73,-703
2924,76550362,76549323,8,-241,16921,1,0,0,69,74,-704
2925,76574362,76573583,8,-241,16923,1,0,0,70,74,-706
2926,76598362,76597849,6,-243,16926,1,-1,0,70,73,-704
2927,76622362,76622111,6,-242,16929,1,-1,0,70,74,-705
2928,76648363,76646381,5,-243,16928,1,-1,0,71,73,-704
2929,76672362,76670642,7,-243,16927,1,-1,0,73,74,-704
2930,76696362,76694908,6,-241,16928,1,-1,0,73,74,-704
2931,76720362,76719174,3,-239,16927,1,-1,0,73,72,-705
2932,76744362,76743437,2,-238,16926,1,-1,0,74,71,-707
2933,76768362,76767702,3,-238,16924,1,-1,0,73,71,-706
2934,76792362,76791967,6,-236,16922,1,-1,0,73,71,-707
2935,76816362,76816231,7,-236,16922,1,-1,0,72,71,-707
2936,76842363,76840506,7,-236,16924,2,-1,0,71,70,-708
2937,76866362,76864766,6,-236,16927,2,-1,0,72,70,-709
2938,76890362,76889031,7,-238,16926,2,-1,0,72,71,-708
2939,76914362,76913295,9,-240,16926,2,-1,0,72,71,-708
2940,76937626,76937592,12,-239,16926,2,-1,0,72,73,-707
2941,76963626,76961884,15,-240,16929,1,-1,0,72,74,-707
2942,76987626,76986150,16,-241,16928,1,-1,0,71,76,-706
2943,77011626,77010415,17,-241,16926,1,-1,0,72,74,-705
2944,77034803,77034781,17,-240,16925,1,-1,0,72,75,-705
2945,77060799,77059114,17,-239,16922,1,-1,0,72,75,-705
2946,77084799,77083379,14,-237,16923,1,0,0,72,73,-704
2947,77108799,77107642,13,-233,16921,1,-1,0,72,73,-703
2948,77132799,77131905,10,-233,16918,1,-1,0,71,71,-702
2949,77156799,77156169,10,-232,16917,1,-1,0,72,70,-702
2950,77180799,77180450,8,-231,16919,1,-1,0,73,70,-703
2951,77204799,77204714,7,-233,16920,1,-1,0,72,70,-703
2952,77230800,77228985,7,-234,16921,1,-1,0,73,72,-702
2953,77254799,77253249,6,-237,16919,1,-1,1,73,73,-702
2954,77278799,77277514,7,-242,16918,1,-1,1,72,74,-702
2955,77302799,77301781,6,-245,16919,1,-1,1,73,75,-703
2956,77326799,77326046,6,-245,16922,1,-1,1,74,75,-704
2957,77350799,77350310,6,-246,16922,1,-1,1,74,75,-704
2958,77374799,77374575,6,-247,16921,1,-1,1,73,74,-704
2959,77400800,77398850,4,-247,16922,1,-1,1,74,73,-705
2960,77424799,77423115,6,-247,16920,1,-1,1,73,73,-705
2961,77448799,77447380,8,-245,16920,2,-1,0,73,71,-705
2962,77472799,77471647,7,-244,16920,2,-1,0,72,71,-705
2963,77496799,77495913,4,-243,16920,2,-1,0,71,70,-704
2964,77520799,77520176,2,-246,16918,2,-1,0,70,69,-704
2965,77544799,77544445,1,-246,16917,2,-1,0,72,69,-703
2966,77568799,77568708,-3,-245,16918,1,-1,0,73,69,-703
2967,77594800,77592975,-3,-245,16917,1,-1,0,73,70,-703
2968,77618799,77617238,-4,-245,16920,1,-1,0,73,70,-702
2969,77642799,77641502,-8,-245,16919,1,-1,0,71,70,-702
2970,77666799,77665774,-7,-245,16918,1,-1,0,72,70,-703
2971,77690799,77690042,-4,-244,16919,1,-1,0,72,71,-704
2972,77714799,77714308,-4,-241,16921,1,-1,0,73,71,-703
2973,77738799,77738577,-5,-242,16921,1,-1,0,71,71,-703
2974,77764799,77762846,-1,-243,16918,1,-1,0,69,71,-704
2975,77788799,77787106,0,-242,16917,1,-2,0,68,70,-703
2976,77811945,77811442,1,-245,16915,1,-1,0,69,71,-705
2977,77835943,77835761,5,-247,16916,1,-1,-1,71,72,-706
2978,77861944,77860038,7,-246,16918,1,-1,0,71,71,-706
2979,77885943,77884300,8,-247,16916,1,-1,0,72,72,-706
2980,77909943,77908574,9,-249,16912,1,-1,0,73,73,-705
2981,77933943,77932837,9,-248,16911,2,-1,0,73,73,-706
2982,77957943,77957099,6,-249,16911,2,-1,1,74,73,-706
2983,77981943,77981362,6,-249,16912,2,-1,1,75,72,-706
2984,78005943,78005624,5,-247,16911,2,-1,1,76,72,-705
2985,78029943,78029889,5,-244,16910,2,-1,1,75,71,-703
2986,78055943,78054157,4,-246,16908,2,-1,1,75,70,-703
2987,78079943,78078425,7,-245,16909,2,-1,1,74,70,-702
2988,78103943,78102686,9,-244,16910,1,-1,0,72,66,-705
2989,78127943,78126950,13,-242,16911,1,-1,0,71,67,-704
2990,78151943,78151216,15,-242,16910,1,-1,0,72,67,-703
2991,78175943,78175480,14,-244,16911,1,-1,0,71,68,-703
2992,78199943,78199746,12,-244,16912,0,-1,0,70,68,-703
2993,78225944,78224013,8,-243,16914,0,-1,0,70,70,-704
2994,78249943,78248275,5,-241,16915,0,-1,0,70,70,-704
2995,78273943,78272538,0,-241,16916,0,-1,0,69,71,-704
2996,78297943,78296801,-3,-242,16917,1,-1,0,71,74,-704
2997,78321943,78321449,-6,-245,16917,1,-1,0,72,72,-703
2998,78345943,78345726,-7,-245,16919,1,0,0,71,72,-705
2999,78371944,78370001,-7,-245,16919,2,0,0,71,71,-706
