run: recording 1024 samples at 1000 hz, then about 5 s of processing
#begin info
fs_hz=1000
n=1024
achieved_hz=1000.00
late_samples=0
read_us_avg=378.0
read_us_max=391
gyro_bias_x_dps=-2.1594
gyro_bias_y_dps=0.1873
gyro_bias_z_dps=-0.5088
#end info
#begin raw
i,ax_g,ay_g,az_g,gx_dps,gy_dps,gz_dps
0,-0.005432,-0.018555,1.118164,-7.3780,-245.1220,-7.5305
1,0.001160,-0.023315,1.112122,-7.1646,-243.9939,-7.1037
2,0.004761,-0.021118,1.111572,-6.8293,-242.7744,-6.5854
3,0.006836,-0.016907,1.109070,-6.4329,-241.5549,-6.1280
4,0.010132,-0.015808,1.110168,-5.3049,-239.1159,-5.3963
5,0.013977,-0.016113,1.113708,-4.7866,-237.7134,-5.0305
6,0.017212,-0.016907,1.115112,-4.2378,-236.2805,-4.6037
7,0.020508,-0.017761,1.118286,-3.7195,-234.8781,-4.1768
8,0.028564,-0.015137,1.121338,-3.2927,-233.3842,-3.8110
9,0.031799,-0.013550,1.123047,-2.7744,-231.8598,-3.5366
10,0.034668,-0.013000,1.123474,-2.3476,-230.2744,-3.2927
11,0.038025,-0.014038,1.123596,-1.9817,-228.5976,-3.1707
12,0.041016,-0.014221,1.124023,-1.2500,-225.3963,-2.6829
13,0.043091,-0.014221,1.123901,-0.9146,-223.7500,-2.5915
14,0.046082,-0.014587,1.123779,-0.4573,-222.0427,-2.5305
15,0.051880,-0.014648,1.121033,-0.1524,-220.2439,-2.3171
16,0.053833,-0.015076,1.119812,0.0610,-218.3842,-2.3171
17,0.056274,-0.016235,1.118225,0.2134,-216.6768,-2.1951
18,0.058716,-0.017883,1.114563,0.4268,-214.9085,-2.1646
19,0.061340,-0.019836,1.112793,0.6098,-211.6159,-1.9817
20,0.064209,-0.020264,1.110107,0.4878,-209.9085,-1.8598
21,0.066284,-0.020264,1.104431,0.3354,-208.2927,-1.7378
22,0.069031,-0.022156,1.098572,0.1524,-206.6463,-1.6768
23,0.077881,-0.027100,1.082703,0.0610,-205.0610,-1.5854
24,0.082336,-0.028015,1.075562,-0.0610,-203.4146,-1.5244
25,0.085632,-0.024902,1.071472,-0.1220,-201.7683,-1.5244
26,0.089294,-0.023560,1.063538,-0.2744,-198.6585,-1.6463
27,0.094177,-0.029114,1.056458,-0.1220,-197.1646,-1.7683
28,0.099609,-0.035828,1.049316,-0.1524,-195.5183,-1.7073
29,0.104919,-0.039429,1.039368,-0.0610,-194.0244,-1.5854
30,0.116882,-0.041260,1.028992,0.1220,-192.5000,-1.4939
31,0.121887,-0.040710,1.023865,0.3659,-190.9146,-1.3720
32,0.127991,-0.040527,1.019653,0.7012,-189.3902,-1.3110
33,0.136047,-0.041748,1.016296,1.2500,-186.4634,-1.0366
34,0.142883,-0.043579,1.014160,1.5549,-185.0000,-0.8232
35,0.146912,-0.043579,1.012756,1.8598,-183.5671,-0.5793
36,0.150818,-0.042786,1.011169,2.1341,-182.1646,-0.2439
37,0.159119,-0.037170,1.010071,2.2561,-180.7012,0.1524
38,0.164124,-0.034607,1.007019,2.4390,-179.2683,0.4878
39,0.168640,-0.032532,1.003723,2.6220,-177.8963,0.7012
40,0.173828,-0.031250,1.000793,2.9268,-176.4329,1.0366
41,0.178467,-0.032776,0.997986,3.5061,-173.6585,1.4024
42,0.182373,-0.034912,0.995361,3.8415,-172.1342,1.6768
43,0.185974,-0.036133,0.993713,4.1768,-170.6098,1.9512
44,0.189514,-0.037720,0.994568,4.5427,-168.9939,2.1341
45,0.198730,-0.038879,0.997131,5.0000,-167.3476,2.2256
46,0.200745,-0.039551,0.997620,5.3963,-165.7927,2.4085
47,0.201355,-0.039551,0.998535,5.7317,-164.0854,2.6220
48,0.203491,-0.039124,0.999634,6.1280,-160.7317,2.9878
49,0.206726,-0.038696,1.000122,6.2805,-159.0854,3.1707
50,0.208252,-0.038574,1.000549,6.3415,-157.4390,3.3232
51,0.208862,-0.038696,1.001038,6.2500,-155.8232,3.4756
52,0.210144,-0.036560,1.002258,6.3110,-154.1159,3.5976
53,0.212830,-0.034790,1.003967,6.2805,-152.5305,3.6280
54,0.215149,-0.034180,1.005615,6.2195,-150.8232,3.7500
55,0.216125,-0.032715,1.009827,6.0061,-147.4695,3.6280
56,0.215820,-0.031433,1.014465,5.7927,-145.7622,3.6280
57,0.216675,-0.031189,1.017334,5.3659,-143.9939,3.5366
58,0.219727,-0.030579,1.019836,5.0610,-142.1646,3.4451
59,0.222534,-0.030945,1.025024,4.6646,-140.3659,3.3232
60,0.223022,-0.030884,1.027649,4.3598,-138.5061,3.1707
61,0.222595,-0.031006,1.030640,3.9634,-136.6768,3.0793
62,0.221741,-0.030151,1.033325,3.5366,-134.9390,2.9878
63,0.220154,-0.030212,1.034607,2.5610,-131.1585,2.5915
64,0.217896,-0.029297,1.035217,2.2866,-129.1768,2.3476
65,0.216187,-0.026428,1.036621,1.9207,-127.2866,2.0427
66,0.215332,-0.025513,1.038635,1.6463,-125.2439,1.7073
67,0.215332,-0.024658,1.042786,1.4024,-123.1707,1.4329
68,0.215088,-0.023621,1.045166,1.2195,-121.2195,1.1280
69,0.214844,-0.021912,1.046387,1.0366,-119.1463,0.8232
70,0.215149,-0.020752,1.047729,0.8232,-115.0915,0.1524
71,0.215759,-0.020325,1.048706,0.7927,-113.0488,-0.0305
72,0.216614,-0.019470,1.047485,0.6098,-110.9756,-0.3354
73,0.216431,-0.017883,1.045349,0.6098,-108.7500,-0.5488
74,0.215210,-0.018250,1.042114,0.5793,-106.6463,-0.7622
75,0.215454,-0.017395,1.041687,0.5793,-104.5732,-1.0366
76,0.216553,-0.016113,1.041565,0.5488,-102.4085,-1.2500
77,0.218201,-0.014648,1.040527,0.4573,-98.0183,-1.4329
78,0.219421,-0.015137,1.039429,0.4268,-95.8537,-1.6159
79,0.220032,-0.015747,1.038147,0.5183,-93.7500,-1.8293
80,0.221069,-0.015320,1.036194,0.5488,-91.6768,-1.8902
81,0.220215,-0.015930,1.032410,0.4573,-89.5427,-1.9207
82,0.219849,-0.016724,1.029236,0.4268,-87.3781,-1.9207
83,0.219482,-0.016785,1.025574,0.3659,-85.2439,-1.9512
84,0.218079,-0.016052,1.021301,0.4573,-83.1402,-1.8598
85,0.216370,-0.015625,1.016663,0.5488,-78.9329,-1.7378
86,0.216431,-0.015808,1.013062,0.5793,-76.8598,-1.7988
87,0.215454,-0.016174,1.009705,0.5793,-74.9085,-1.7073
88,0.213928,-0.017578,1.005798,0.6098,-72.8963,-1.7378
89,0.210938,-0.018799,1.000122,0.6707,-70.9146,-1.7378
90,0.207947,-0.018372,0.998779,0.5183,-68.9024,-1.6159
91,0.205566,-0.018860,0.996765,0.3354,-66.8902,-1.5549
92,0.205261,-0.020020,0.994995,-0.0305,-62.9573,-1.4024
93,0.205078,-0.021057,0.992432,-0.3049,-60.9146,-1.4024
94,0.204712,-0.021973,0.989502,-0.5488,-58.8720,-1.4024
95,0.205322,-0.021362,0.986816,-1.0061,-56.8293,-1.3110
96,0.206604,-0.022461,0.980225,-1.4634,-54.7866,-1.2500
97,0.207031,-0.024475,0.977234,-2.0122,-52.7439,-1.2500
98,0.208069,-0.026062,0.973999,-2.5305,-50.7012,-1.2195
99,0.209045,-0.026367,0.969666,-3.4756,-46.5549,-1.0366
100,0.209167,-0.028137,0.966125,-4.0854,-44.5122,-1.0061
101,0.209839,-0.031006,0.962280,-4.5732,-42.4085,-0.9756
102,0.211060,-0.032776,0.958984,-5.0915,-40.3049,-0.8841
103,0.211426,-0.035950,0.955261,-5.5793,-38.2317,-0.9756
104,0.211731,-0.037109,0.953491,-6.0366,-36.0366,-0.8537
105,0.211853,-0.038574,0.952576,-6.3720,-33.9634,-0.7622
106,0.212219,-0.039185,0.952820,-6.6159,-31.9512,-0.6707
107,0.211853,-0.040161,0.953735,-7.2561,-27.5915,-0.6402
108,0.211792,-0.040894,0.955200,-7.5610,-25.4878,-0.5488
109,0.212708,-0.040894,0.956360,-7.8049,-23.4146,-0.5488
110,0.214050,-0.041687,0.957886,-8.1098,-21.4939,-0.4878
111,0.215210,-0.041199,0.962219,-8.4451,-19.4207,-0.3354
112,0.214966,-0.040344,0.963196,-8.8110,-17.3780,-0.2744
113,0.214600,-0.040100,0.964844,-9.2073,-15.3354,-0.0915
114,0.214600,-0.040039,0.964355,-10.0915,-11.5244,0.1524
115,0.214783,-0.038818,0.962708,-10.5793,-9.8171,0.3354
116,0.216248,-0.037048,0.961060,-10.9451,-8.1402,0.5488
117,0.217773,-0.036926,0.959106,-11.4024,-6.4634,0.6707
118,0.220764,-0.036377,0.959290,-11.8902,-4.8780,0.7927
119,0.221313,-0.034912,0.959351,-12.1341,-3.2622,0.9146
120,0.223328,-0.032959,0.959595,-12.3476,-1.7378,1.1585
121,0.226074,-0.032043,0.960999,-12.8659,1.1890,1.4939
122,0.228333,-0.031982,0.962585,-13.0183,2.5610,1.7683
123,0.230469,-0.031311,0.964233,-13.0183,3.8415,2.0122
124,0.232666,-0.030151,0.965332,-13.1402,5.0915,2.3171
125,0.238220,-0.026611,0.968018,-13.2927,6.3110,2.5000
126,0.240845,-0.025879,0.970459,-13.3841,7.4695,2.6524
127,0.243347,-0.024231,0.972229,-13.5671,8.5061,2.8963
128,0.245789,-0.021912,0.973328,-13.8110,9.7256,3.1402
129,0.246704,-0.020630,0.975403,-14.2073,11.9512,3.5366
130,0.247681,-0.019409,0.978638,-14.3598,12.9268,3.8110
131,0.249939,-0.017822,0.982117,-14.5732,13.9329,4.0854
132,0.251831,-0.016235,0.984375,-14.8476,15.0305,4.3598
133,0.255249,-0.015076,0.989014,-15.0915,16.0366,4.6341
134,0.256348,-0.016052,0.991699,-15.1524,17.1037,4.8780
135,0.257935,-0.017029,0.994568,-15.1524,18.1098,5.0000
136,0.260315,-0.017639,0.998657,-15.0000,20.2134,5.4268
137,0.262634,-0.018005,1.003479,-14.9695,21.3110,5.5793
138,0.263611,-0.016663,1.009094,-15.0000,22.4085,5.6402
139,0.264526,-0.013916,1.015076,-15.0000,23.6280,5.6707
140,0.266357,-0.008789,1.023132,-15.0000,24.7866,5.7012
141,0.267639,-0.007629,1.026123,-14.9695,26.0366,5.6707
142,0.267639,-0.007202,1.029053,-14.9390,27.2561,5.6098
143,0.268311,-0.007263,1.032043,-15.0000,29.8171,5.5488
144,0.269104,-0.006592,1.034729,-15.0915,31.0366,5.4573
145,0.269531,-0.007812,1.036316,-15.0915,32.3780,5.3659
146,0.270874,-0.009460,1.037109,-15.0610,33.8110,5.3049
147,0.271057,-0.013672,1.037476,-14.9390,35.2439,5.1220
148,0.270386,-0.014404,1.039734,-14.8476,36.7073,5.0000
149,0.269043,-0.014832,1.042114,-14.6341,38.1098,4.8780
150,0.268188,-0.013977,1.043518,-14.3598,39.5427,4.7256
151,0.267090,-0.011353,1.045837,-13.9024,42.6829,4.2988
152,0.264526,-0.009644,1.049744,-13.5976,44.2073,4.0549
153,0.261658,-0.007568,1.052246,-13.2012,45.8537,3.7805
154,0.259094,-0.004456,1.053772,-12.8354,47.4695,3.5061
155,0.252319,0.002075,1.060120,-12.5305,49.1768,3.1707
156,0.249634,0.006165,1.063843,-12.1951,50.8537,2.8963
157,0.246338,0.008728,1.067383,-11.9512,52.6220,2.6524
158,0.244019,0.009521,1.070190,-11.5244,56.0976,1.9512
159,0.242004,0.009644,1.071899,-11.3110,57.9573,1.5244
160,0.240173,0.009216,1.072754,-11.1585,59.8171,1.1585
161,0.239380,0.007629,1.073730,-10.9146,61.6159,0.6707
162,0.234253,0.006165,1.077271,-10.6098,63.4451,0.2744
163,0.232178,0.004700,1.079712,-10.3659,65.2744,-0.0915
164,0.230591,0.002502,1.080750,-10.0000,67.1341,-0.5488
165,0.229614,0.001343,1.080994,-9.1463,70.9146,-1.3720
166,0.228699,0.000305,1.081787,-8.7805,72.7744,-1.7683
167,0.228821,0.000183,1.082886,-8.3537,74.6951,-2.2256
168,0.229675,0.000549,1.083740,-7.8963,76.5549,-2.5915
169,0.228210,0.002441,1.084717,-7.4390,78.3841,-2.9878
170,0.228760,0.003601,1.085571,-7.0427,80.2744,-3.3841
171,0.229126,0.004333,1.086609,-6.6159,82.0427,-3.7805
172,0.230835,0.005188,1.086548,-6.2195,83.8720,-4.1159
173,0.231628,0.005432,1.087097,-5.4573,87.4390,-4.9390
174,0.230652,0.003540,1.087219,-5.0915,89.2988,-5.2744
175,0.231018,0.001709,1.086304,-4.8476,91.0061,-5.5488
176,0.232727,0.000244,1.085876,-4.5732,92.7439,-5.8537
177,0.231262,0.000122,1.086365,-4.2378,94.4817,-6.2500
178,0.229431,-0.000244,1.087036,-3.9634,96.0671,-6.4939
179,0.229309,-0.000732,1.086426,-3.7195,97.6829,-6.8293
180,0.229980,-0.002869,1.085266,-3.2012,100.8537,-7.2561
181,0.230164,-0.005371,1.084656,-2.8659,102.4390,-7.5000
182,0.230225,-0.006470,1.083923,-2.6524,104.1159,-7.6524
183,0.228394,-0.006897,1.082764,-2.3780,105.7012,-7.9268
184,0.224243,-0.007019,1.076355,-2.2561,107.2561,-8.1098
185,0.223572,-0.007874,1.073425,-2.1646,108.7195,-8.2012
186,0.223022,-0.008240,1.070496,-2.1341,110.0915,-8.3841
187,0.222778,-0.008057,1.068542,-2.0732,112.8659,-8.6890
188,0.222046,-0.007874,1.065979,-2.1037,114.2378,-8.8720
189,0.221313,-0.009155,1.062256,-2.1646,115.7317,-8.9939
190,0.220703,-0.010803,1.058960,-2.1951,117.0122,-9.1463
191,0.222046,-0.010681,1.054932,-2.2561,118.2927,-9.3598
192,0.223999,-0.011047,1.053528,-2.4085,119.6341,-9.6341
193,0.225098,-0.011414,1.052612,-2.5000,120.9756,-9.8171
194,0.224976,-0.013123,1.051697,-2.5305,122.2561,-9.9390
195,0.224792,-0.014954,1.051880,-2.7134,125.0000,-10.1829
196,0.224854,-0.014954,1.051941,-2.8354,126.3415,-10.2744
197,0.225098,-0.014343,1.051208,-2.8354,127.7134,-10.3659
198,0.224731,-0.013428,1.049744,-2.7744,129.1159,-10.5488
199,0.219971,-0.014221,1.046509,-2.7439,130.5488,-10.7012
200,0.216187,-0.014221,1.044434,-2.6524,131.9817,-10.8841
201,0.212280,-0.013977,1.043152,-2.5610,133.3842,-11.0671
202,0.208191,-0.013245,1.042603,-2.2866,136.2195,-11.2805
203,0.204346,-0.011841,1.042358,-2.1951,137.6524,-11.3415
204,0.202393,-0.010498,1.041138,-2.0732,139.0854,-11.4329
205,0.201660,-0.011475,1.038330,-1.8902,140.3963,-11.4329
206,0.196167,-0.014587,1.034424,-1.7988,141.7073,-11.4329
207,0.192688,-0.015442,1.033386,-1.7378,142.9268,-11.3720
208,0.189941,-0.016479,1.033081,-1.7683,144.0854,-11.2500
209,0.187561,-0.018921,1.031616,-2.0427,146.3110,-11.0366
210,0.185120,-0.021423,1.029785,-2.1037,147.3781,-10.8537
211,0.182861,-0.023560,1.028625,-2.4085,148.4146,-10.5793
212,0.180542,-0.025208,1.028748,-2.5610,149.3902,-10.3963
213,0.173096,-0.028992,1.030823,-2.7439,150.3049,-10.1220
214,0.169312,-0.030762,1.030884,-2.9573,151.1890,-9.7866
215,0.164490,-0.032654,1.030823,-3.1402,152.0732,-9.4512
216,0.160645,-0.034546,1.031982,-3.3537,152.8659,-9.0854
217,0.156738,-0.034363,1.032288,-3.9634,154.3598,-8.3841
218,0.151855,-0.034607,1.033081,-4.2378,155.1219,-8.0183
219,0.147217,-0.035828,1.034241,-4.4817,155.7622,-7.6524
220,0.143494,-0.036560,1.034729,-4.6646,156.4939,-7.3171
221,0.135864,-0.036987,1.037781,-4.9085,157.2561,-6.9817
222,0.131836,-0.037292,1.037659,-5.1220,157.8659,-6.6159
223,0.129028,-0.037415,1.036743,-5.3963,158.4756,-6.2195
224,0.125671,-0.036926,1.036621,-5.8232,159.5427,-5.3354
225,0.122803,-0.036804,1.037231,-6.0061,160.0305,-4.8476
226,0.120972,-0.037598,1.037231,-6.2195,160.5488,-4.4207
227,0.118286,-0.038269,1.036987,-6.3720,161.1281,-3.9329
228,0.116577,-0.040833,1.038696,-6.5854,161.6463,-3.4451
229,0.115540,-0.040649,1.039062,-6.8902,162.1646,-2.8354
230,0.114868,-0.040161,1.039734,-7.1341,162.6524,-2.3476
231,0.113647,-0.040100,1.040222,-7.6829,163.6890,-1.4329
232,0.111694,-0.041260,1.040466,-7.9573,164.0854,-1.0671
233,0.112000,-0.042175,1.041199,-8.2317,164.5427,-0.5488
234,0.112793,-0.042908,1.041687,-8.4146,165.0610,-0.1524
235,0.110962,-0.044739,1.042175,-8.6585,165.6402,0.2744
236,0.111267,-0.044739,1.041504,-8.9024,166.2500,0.5793
237,0.110596,-0.045227,1.041382,-9.0244,166.8293,0.9451
238,0.109497,-0.047974,1.042297,-9.1463,167.5000,1.3415
239,0.108826,-0.051819,1.042542,-9.2073,168.9939,1.9207
240,0.107788,-0.054932,1.043152,-9.2683,169.7561,2.1646
241,0.107117,-0.056946,1.044189,-9.2073,170.5183,2.4695
242,0.106628,-0.058472,1.043335,-9.0854,171.3719,2.7134
243,0.105957,-0.059082,1.044556,-8.8720,172.2256,2.7744
244,0.105591,-0.059814,1.046631,-8.7195,173.1098,2.8659
245,0.105408,-0.059814,1.049133,-8.6280,174.1159,2.8963
246,0.105225,-0.059570,1.051514,-8.4146,176.1890,2.9573
247,0.103333,-0.060730,1.052856,-8.4146,177.2561,2.9878
248,0.100891,-0.062683,1.055420,-8.5366,178.2927,2.9268
249,0.099182,-0.063232,1.058472,-8.6890,179.5122,2.8659
250,0.095581,-0.063538,1.062927,-8.8720,180.6402,2.9268
251,0.093750,-0.062988,1.066528,-9.0549,181.8293,2.7134
252,0.091797,-0.062744,1.069580,-9.2073,183.0793,2.5000
253,0.090332,-0.061707,1.071533,-9.7866,185.4268,1.9512
254,0.088623,-0.059570,1.074585,-10.0610,186.5854,1.7073
255,0.088318,-0.058838,1.079102,-10.3659,187.7439,1.4634
256,0.088196,-0.058533,1.083557,-10.6707,188.9329,1.2195
257,0.085388,-0.054626,1.094788,-10.9451,190.1219,0.9756
258,0.082397,-0.052856,1.100830,-11.2805,191.1890,0.7317
259,0.079712,-0.050903,1.105225,-11.6768,192.1646,0.4878
260,0.077881,-0.047852,1.109619,-12.1951,193.2317,0.1829
261,0.075256,-0.044922,1.113708,-13.1707,195.2439,-0.4268
262,0.072266,-0.042297,1.117310,-13.6890,196.2195,-0.6098
263,0.070007,-0.039978,1.120605,-14.2073,197.0427,-0.8232
264,0.069519,-0.040771,1.126160,-14.7561,197.7744,-0.9756
265,0.068726,-0.041321,1.129883,-15.1220,198.4451,-1.0366
266,0.067993,-0.040161,1.132446,-15.4268,199.0244,-1.0671
267,0.067322,-0.038574,1.134583,-15.8841,199.4817,-1.0366
268,0.066528,-0.036865,1.135986,-16.5549,200.2134,-0.7927
269,0.065369,-0.035217,1.135193,-16.7683,200.4268,-0.6402
270,0.064331,-0.033386,1.135376,-16.9207,200.5488,-0.4573
271,0.063232,-0.031555,1.138184,-17.1037,200.5183,-0.1829
272,0.061157,-0.029358,1.140991,-17.1037,200.4268,0.0305
273,0.062195,-0.028809,1.141907,-17.0732,200.3049,0.3049
274,0.063477,-0.028748,1.141357,-17.0427,200.1829,0.7012
275,0.064270,-0.028564,1.139221,-16.6159,199.6951,1.5549
276,0.064026,-0.027893,1.137878,-16.2500,199.3902,1.9512
277,0.063782,-0.027588,1.137939,-15.7622,198.9634,2.3476
278,0.063171,-0.028564,1.138672,-15.2744,198.4756,2.7439
279,0.060303,-0.031128,1.142273,-14.7256,197.9878,3.2622
280,0.058533,-0.032471,1.143799,-14.1159,197.5000,3.7500
281,0.058533,-0.032532,1.145325,-13.4756,196.9817,4.2378
282,0.058777,-0.031860,1.146790,-12.8354,196.4634,4.6951
283,0.057983,-0.031128,1.148865,-11.1585,195.3659,5.5488
284,0.057617,-0.031616,1.151794,-10.3354,194.8781,6.0366
285,0.056580,-0.033020,1.154602,-9.4207,194.3902,6.4329
286,0.053223,-0.031921,1.159790,-8.5671,193.9329,6.7378
287,0.049316,-0.031677,1.162354,-7.6829,193.4451,7.0732
288,0.046082,-0.031555,1.166077,-6.7378,192.9878,7.4390
289,0.043518,-0.029907,1.169373,-5.8537,192.6525,7.7744
290,0.040405,-0.029785,1.172852,-3.9024,192.2866,8.3841
291,0.038208,-0.030334,1.177063,-2.9878,192.0732,8.4756
292,0.036072,-0.029968,1.180420,-2.0427,191.8598,8.5366
293,0.032593,-0.029358,1.182312,-1.1280,191.7073,8.5366
294,0.026001,-0.028137,1.186829,-0.3354,191.6159,8.6585
295,0.022461,-0.028687,1.190552,0.5488,191.6768,8.6890
296,0.019287,-0.028320,1.193787,1.4329,191.8598,8.7195
297,0.017334,-0.028198,1.196350,3.1098,192.3171,8.4451
298,0.015259,-0.029663,1.198181,3.9329,192.6219,8.3841
299,0.013123,-0.030884,1.200134,4.6951,192.9268,8.2012
300,0.010986,-0.030945,1.202332,5.5488,193.2927,8.0183
301,0.007629,-0.031067,1.205994,6.2195,193.6890,7.8049
302,0.006104,-0.030334,1.206726,6.7988,194.1159,7.6220
303,0.005188,-0.030212,1.207336,7.4695,194.4512,7.3171
304,0.004456,-0.029175,1.207764,8.0488,194.7561,6.9817
305,0.002563,-0.027466,1.206665,8.9939,195.4878,6.2805
306,-0.000671,-0.025940,1.203552,9.3902,195.9451,6.0366
307,-0.003662,-0.026245,1.200623,9.8171,196.4025,5.7012
308,-0.007568,-0.026001,1.196167,10.1829,196.8598,5.3049
309,-0.009827,-0.027161,1.192139,10.6098,197.2561,4.9695
310,-0.011780,-0.029358,1.188782,11.0366,197.7134,4.5122
311,-0.013672,-0.032288,1.186646,11.6159,198.1098,4.1463
312,-0.016418,-0.034485,1.184631,12.9878,198.7195,3.2012
313,-0.018860,-0.035889,1.182190,13.7500,199.0549,2.7744
314,-0.021057,-0.036926,1.178467,14.3598,199.4207,2.4085
315,-0.022217,-0.037415,1.174927,15.0610,199.6037,2.0122
316,-0.026489,-0.036316,1.168335,15.6098,199.8171,1.4939
317,-0.027954,-0.036560,1.165039,16.0061,200.0000,0.9451
318,-0.029419,-0.039551,1.157471,16.4634,200.1829,0.4268
319,-0.031006,-0.043762,1.148132,17.1646,200.2134,-0.5183
320,-0.032898,-0.048706,1.137451,17.3780,200.1525,-0.9451
321,-0.034546,-0.053467,1.123962,17.6829,199.9390,-1.2805
322,-0.036133,-0.058655,1.109375,17.9268,199.6646,-1.6463
323,-0.036560,-0.069153,1.078064,18.2317,199.2378,-1.9207
324,-0.035583,-0.073547,1.063049,18.5671,198.6281,-2.0427
325,-0.034363,-0.078857,1.050049,18.9939,197.9878,-2.0122
326,-0.033325,-0.083069,1.038269,19.3598,197.1342,-1.9512
327,-0.033752,-0.085754,1.026978,20.2744,195.2134,-1.7378
328,-0.034424,-0.088318,1.016602,20.7927,194.2073,-1.5549
329,-0.033997,-0.091064,1.007935,21.4024,193.0793,-1.3720
330,-0.037720,-0.092773,0.996399,21.9512,191.7683,-1.0061
331,-0.039368,-0.091736,0.992310,22.2866,190.3659,-0.7012
332,-0.041260,-0.090759,0.989624,22.6220,188.9634,-0.3963
333,-0.043396,-0.089417,0.987122,22.8354,187.5305,-0.1220
334,-0.046326,-0.088501,0.983704,23.0488,184.6342,0.4878
335,-0.050415,-0.088562,0.981812,22.9268,183.1402,0.8841
336,-0.054504,-0.089600,0.981262,22.7134,181.5854,1.3720
337,-0.059448,-0.090332,0.979858,22.4085,180.0610,1.8598
338,-0.069275,-0.091736,0.977844,21.9512,178.5366,2.5000
339,-0.074158,-0.090820,0.977844,21.4939,177.0122,3.0183
340,-0.079834,-0.089966,0.977417,20.9451,175.3963,3.6280
341,-0.086426,-0.091248,0.977356,19.6951,172.2561,4.7561
342,-0.093567,-0.092957,0.977661,18.9939,170.7012,5.3963
343,-0.100403,-0.093323,0.977539,18.1707,169.2073,6.0366
344,-0.106873,-0.093506,0.977783,17.1951,167.6219,6.7073
345,-0.121460,-0.093323,0.978271,16.2195,166.0976,7.2561
346,-0.126038,-0.092163,0.978882,15.2744,164.6646,7.8354
347,-0.130859,-0.090088,0.979919,14.2378,163.1707,8.3537
348,-0.137146,-0.088806,0.981689,12.9878,161.6768,8.9329
349,-0.142639,-0.087952,0.982361,10.4573,158.8110,10.0305
350,-0.146545,-0.087036,0.983398,9.1768,157.4695,10.5183
351,-0.149109,-0.087158,0.984741,7.9573,156.2500,10.9756
352,-0.156128,-0.087036,0.985413,6.7683,155.0305,11.4329
353,-0.159119,-0.086609,0.985779,5.5488,153.9024,11.8598
354,-0.160828,-0.087830,0.985535,4.4817,152.7134,12.2561
355,-0.163330,-0.089233,0.984192,3.3841,151.5854,12.5915
356,-0.166626,-0.088440,0.983459,1.2500,149.6037,13.1098
357,-0.169434,-0.087036,0.983215,0.2439,148.5976,13.3232
358,-0.172607,-0.086365,0.983521,-0.6098,147.5915,13.5976
359,-0.176758,-0.084717,0.984558,-1.4024,146.6768,13.8415
360,-0.183777,-0.083313,0.987244,-2.2256,145.7927,13.9634
361,-0.186218,-0.082764,0.990295,-2.9268,144.9085,14.1463
362,-0.188110,-0.080811,0.993469,-3.5671,144.0549,14.3293
363,-0.189270,-0.079163,0.996826,-5.0610,142.5305,14.5427
364,-0.192322,-0.076294,1.001709,-5.7317,141.8598,14.6037
365,-0.195496,-0.072815,1.006348,-6.4329,141.1890,14.5732
366,-0.197632,-0.069519,1.009338,-7.1037,140.6707,14.5732
367,-0.201294,-0.064331,1.016357,-7.7744,140.1524,14.5427
368,-0.203308,-0.063904,1.020630,-8.4756,139.6951,14.4207
369,-0.204651,-0.063660,1.024719,-9.0854,139.2378,14.3902
370,-0.207031,-0.062378,1.027771,-9.7561,138.7805,14.2073
371,-0.210754,-0.060425,1.031250,-10.7927,138.0793,13.7500
372,-0.214233,-0.058289,1.035156,-11.2195,137.6524,13.5976
373,-0.217346,-0.055481,1.039917,-11.5854,137.2866,13.4146
374,-0.226318,-0.052490,1.051086,-11.9207,137.0122,13.1707
375,-0.232422,-0.050842,1.056763,-12.1037,136.7683,12.8659
376,-0.238342,-0.049927,1.061951,-12.3780,136.6768,12.6220
377,-0.244324,-0.048035,1.065552,-12.6220,136.5549,12.5000
378,-0.250793,-0.046570,1.069824,-13.1402,136.2805,12.3171
379,-0.257202,-0.045654,1.076355,-13.2927,136.2195,12.1951
380,-0.263855,-0.044006,1.083374,-13.3232,136.1281,12.1951
381,-0.270508,-0.041260,1.089905,-13.3537,136.1585,12.2256
382,-0.284424,-0.036865,1.101807,-13.3232,136.1890,12.2561
383,-0.291260,-0.035278,1.107666,-13.2622,136.2805,12.3780
384,-0.297607,-0.033386,1.114197,-13.2317,136.3110,12.4695
385,-0.304871,-0.031677,1.120544,-13.0793,136.4634,12.8049
386,-0.311707,-0.030273,1.125671,-12.9573,136.5549,12.9268
387,-0.317688,-0.028442,1.130981,-12.7134,136.6463,13.2622
388,-0.324097,-0.025818,1.136108,-12.4085,136.7683,13.5366
389,-0.334656,-0.021729,1.146606,-12.0122,137.0122,13.8720
390,-0.339539,-0.018372,1.152466,-11.4634,137.3171,14.0854
391,-0.344482,-0.016174,1.157288,-10.9451,137.6524,14.3293
392,-0.348389,-0.014709,1.161987,-10.2744,138.0488,14.5427
393,-0.351257,-0.014038,1.165222,-8.9939,138.9329,14.8171
394,-0.354126,-0.013489,1.167969,-8.3232,139.5427,14.9390
395,-0.357605,-0.012146,1.171143,-7.6220,140.0610,15.1524
396,-0.362427,-0.010010,1.172852,-6.8598,140.5793,15.3354
397,-0.363342,-0.011719,1.173096,-6.1585,141.2500,15.5183
398,-0.364502,-0.013000,1.172241,-5.3049,141.9817,15.5793
399,-0.364868,-0.013184,1.170593,-4.5122,142.6829,15.6707
400,-0.365295,-0.012512,1.168579,-2.8049,144.1159,15.9146
401,-0.365540,-0.011536,1.166138,-1.8293,144.8476,16.0366
402,-0.365479,-0.011475,1.164185,-0.7927,145.5488,16.1585
403,-0.366028,-0.011963,1.162415,0.2744,146.2195,16.1585
404,-0.364929,-0.012756,1.157104,1.2500,146.8598,16.0671
405,-0.362061,-0.012939,1.154419,2.3476,147.5000,16.0976
406,-0.359131,-0.013855,1.151733,3.4146,148.2012,16.0366
407,-0.355774,-0.015076,1.149170,5.5183,149.7866,15.8537
408,-0.353027,-0.016357,1.147339,6.6463,150.5488,15.7012
409,-0.351746,-0.018311,1.144958,7.5915,151.2195,15.5488
410,-0.349365,-0.021118,1.141724,8.3537,151.8598,15.3659
411,-0.344177,-0.025940,1.134644,9.1159,152.6219,15.2439
412,-0.341675,-0.027405,1.130371,9.8476,153.3842,15.0610
413,-0.338318,-0.028992,1.125610,10.7012,153.9939,14.8476
414,-0.335388,-0.029419,1.121460,11.4024,154.5427,14.6341
415,-0.333679,-0.029541,1.118164,12.8049,155.5488,14.3293
416,-0.332275,-0.030640,1.113831,13.3232,155.9756,14.1463
417,-0.331360,-0.031067,1.108704,13.8110,156.2805,14.0549
418,-0.331665,-0.028320,1.098206,14.1463,156.6463,13.9634
419,-0.332764,-0.027344,1.092834,14.5122,156.9817,13.8415
420,-0.333618,-0.025940,1.088257,14.9085,157.2256,13.7805
421,-0.335022,-0.025269,1.083374,15.3354,157.3781,13.7805
422,-0.335693,-0.025146,1.078186,15.6098,157.5305,13.9634
423,-0.337280,-0.025513,1.073425,15.7317,157.5000,14.0244
424,-0.339355,-0.026550,1.069092,15.8232,157.2866,14.0854
425,-0.340332,-0.028015,1.064636,16.0366,157.1342,14.3598
426,-0.343323,-0.026123,1.056519,16.2500,156.8902,14.6646
427,-0.345642,-0.021118,1.054382,16.4634,156.7073,14.7866
428,-0.347473,-0.018433,1.050659,16.5854,156.4939,14.9085
429,-0.348633,-0.019165,1.046448,16.8902,155.9756,15.0610
430,-0.350220,-0.020996,1.044556,17.0427,155.7622,15.1220
431,-0.351562,-0.022522,1.042175,17.0732,155.4268,15.2134
432,-0.352600,-0.024231,1.038208,17.1646,155.1524,15.4573
433,-0.352722,-0.030701,1.027405,17.0122,154.9390,15.6707
434,-0.354675,-0.034912,1.017395,17.0122,154.6646,15.8841
435,-0.355713,-0.038330,1.009949,17.1646,154.5122,15.9451
436,-0.356262,-0.040405,1.004395,17.4085,154.3293,16.0976
437,-0.357483,-0.041992,0.999023,17.9878,153.8415,16.2500
438,-0.358826,-0.042847,0.994507,18.3841,153.6585,16.4024
439,-0.359497,-0.042969,0.990051,18.8110,153.4756,16.5244
440,-0.361938,-0.042236,0.980469,19.2378,153.1707,16.6768
441,-0.364685,-0.041748,0.974854,19.6341,152.8963,16.7073
442,-0.367859,-0.041382,0.968994,19.9695,152.4695,16.8293
443,-0.370361,-0.041260,0.964355,20.3049,152.1342,16.8902
444,-0.369690,-0.043762,0.955811,20.8537,151.4939,17.2561
445,-0.367859,-0.052185,0.948242,21.3720,151.0671,17.3476
446,-0.368103,-0.057129,0.948425,22.0732,150.6402,17.4695
447,-0.369812,-0.052307,0.946960,22.3171,150.3354,17.7134
448,-0.370178,-0.039795,0.949890,22.2866,149.6342,17.9878
449,-0.370972,-0.032288,0.947937,22.0427,149.0854,18.1707
450,-0.371277,-0.026672,0.943176,21.4329,148.5976,18.1402
451,-0.370239,-0.023315,0.936523,19.5427,147.4390,18.0488
452,-0.368225,-0.022095,0.924866,18.5671,146.7988,17.9878
453,-0.367126,-0.023621,0.910889,17.5915,146.2195,17.8659
454,-0.367371,-0.028015,0.896179,16.8902,145.4573,17.7744
455,-0.363037,-0.040710,0.869263,16.4024,144.6646,17.7744
456,-0.360535,-0.045715,0.856445,16.1585,143.8719,17.7134
457,-0.358582,-0.051208,0.844238,16.0061,143.0488,17.6524
458,-0.354980,-0.057190,0.833374,16.0366,142.1342,17.6829
459,-0.352234,-0.062073,0.825562,16.8293,140.0000,18.1098
460,-0.351135,-0.066589,0.817444,17.4085,138.9329,18.3232
461,-0.349670,-0.070190,0.811462,18.0793,137.7439,18.5976
462,-0.348999,-0.069580,0.806702,18.8415,136.4024,18.8720
463,-0.350220,-0.064941,0.806396,19.4207,134.9695,19.1768
464,-0.351257,-0.060303,0.807617,19.7256,133.5061,19.3293
465,-0.351318,-0.056152,0.810303,19.9390,132.0427,19.5427
466,-0.351196,-0.050598,0.813049,20.0305,129.2683,19.8476
467,-0.350403,-0.044495,0.814819,19.7256,127.7134,19.8476
468,-0.349792,-0.038940,0.815491,19.2988,126.3110,19.9085
469,-0.349487,-0.034424,0.816101,18.9024,124.8781,19.8476
470,-0.344971,-0.031738,0.817444,18.5061,123.5061,19.8476
471,-0.343628,-0.031433,0.818970,18.0793,122.1646,19.7561
472,-0.341797,-0.031250,0.818542,17.6220,120.8537,19.6646
473,-0.340271,-0.031006,0.817871,16.5549,118.1402,19.3902
474,-0.338806,-0.030884,0.815918,15.9451,116.7988,19.2378
475,-0.338501,-0.031189,0.813599,15.3354,115.4573,19.0549
476,-0.338135,-0.030029,0.812256,14.7256,114.0854,18.8720
477,-0.335815,-0.023071,0.809204,13.9939,112.7134,18.6280
478,-0.336426,-0.020996,0.807068,13.2317,111.4024,18.3841
479,-0.337158,-0.019409,0.805176,12.3476,110.0305,18.2012
480,-0.338928,-0.018921,0.800842,11.5854,108.6890,17.9573
481,-0.340332,-0.017944,0.798157,9.9390,105.9756,17.1646
482,-0.340637,-0.017883,0.796997,9.0854,104.6646,16.7988
483,-0.341675,-0.018066,0.794495,8.3232,103.2622,16.4024
484,-0.344299,-0.019592,0.789124,7.5000,101.8293,15.9756
485,-0.343811,-0.020386,0.787476,6.7073,100.4268,15.5183
486,-0.344177,-0.022827,0.785217,5.9146,98.9329,15.2134
487,-0.346008,-0.025269,0.783325,5.1524,97.3781,14.9085
488,-0.347717,-0.026306,0.782654,3.5976,94.3598,14.4512
489,-0.348694,-0.028076,0.781372,2.8659,92.6524,14.2683
490,-0.350281,-0.028076,0.778442,2.1341,90.9756,14.0854
491,-0.351624,-0.027344,0.774841,1.4329,89.2378,13.9024
492,-0.355347,-0.029053,0.768982,0.7622,87.5305,13.7195
493,-0.357605,-0.028137,0.765625,0.1220,85.7317,13.6280
494,-0.359314,-0.027527,0.764526,-0.5793,83.9024,13.4451
495,-0.360474,-0.026062,0.764343,-1.9817,80.2134,13.3232
496,-0.362061,-0.025635,0.764282,-2.6220,78.2927,13.3537
497,-0.363342,-0.026123,0.764648,-3.2622,76.3415,13.3537
498,-0.364258,-0.024841,0.765076,-3.7805,74.3902,13.4146
499,-0.368774,-0.020752,0.764893,-4.4207,72.5305,13.4451
500,-0.370178,-0.018250,0.766296,-4.9695,70.5793,13.4756
501,-0.371216,-0.015625,0.767639,-5.4878,68.5061,13.4756
502,-0.373108,-0.013550,0.767517,-6.0061,66.4634,13.5671
503,-0.375549,-0.013062,0.768372,-6.7378,62.5305,13.6890
504,-0.378113,-0.013306,0.769714,-7.1341,60.6098,13.8110
505,-0.380066,-0.012939,0.771484,-7.5000,58.6281,13.9634
506,-0.380127,-0.008606,0.776550,-7.8659,56.7073,13.9634
507,-0.381104,-0.006775,0.777832,-8.1098,54.7866,13.9634
508,-0.382812,-0.006531,0.779419,-8.3841,53.0183,13.9634
509,-0.384766,-0.006897,0.782104,-8.5671,51.2500,13.9329
510,-0.385681,-0.005310,0.784058,-8.9329,47.7744,13.8110
511,-0.385742,-0.003418,0.786072,-9.0854,46.0976,13.7805
512,-0.386230,-0.002808,0.788208,-9.2988,44.5122,13.6585
513,-0.387390,-0.001587,0.788696,-9.4512,42.8963,13.5366
514,-0.388916,0.000549,0.789124,-9.5122,41.2195,13.4756
515,-0.388611,0.000488,0.789124,-9.5122,39.6341,13.3841
516,-0.388062,0.000183,0.788757,-9.5427,38.0488,13.2317
517,-0.387390,0.000244,0.788452,-9.4512,34.7561,12.8354
518,-0.386536,0.000305,0.788818,-9.3902,33.2012,12.5915
519,-0.385681,0.000244,0.790771,-9.3293,31.6768,12.4085
520,-0.384155,0.000427,0.792480,-9.1768,30.1829,12.2256
521,-0.381714,0.000977,0.797668,-9.0549,28.6585,12.0427
522,-0.381226,0.001343,0.800232,-8.8720,27.0427,11.7683
523,-0.379639,0.002136,0.802551,-8.7500,25.3354,11.4634
524,-0.376770,0.002869,0.806091,-8.5976,23.6890,11.2195
525,-0.374878,0.003967,0.808716,-8.5976,20.6402,10.8232
526,-0.372864,0.004822,0.810852,-8.5061,19.0549,10.5793
527,-0.369324,0.005859,0.814087,-8.5061,17.5000,10.4573
528,-0.363708,0.011292,0.817139,-8.4451,16.0061,10.2134
529,-0.360352,0.013794,0.818542,-8.2927,14.4512,10.0000
530,-0.357117,0.014587,0.819885,-8.2317,12.8049,9.8171
531,-0.354553,0.013428,0.819458,-8.1707,11.2195,9.6341
532,-0.351318,0.013672,0.818298,-8.0183,7.8354,9.0854
533,-0.348022,0.016296,0.816528,-7.8354,6.0976,8.8720
534,-0.344543,0.018127,0.813416,-7.6829,4.2988,8.6890
535,-0.342102,0.019714,0.810181,-7.3780,2.5000,8.5061
536,-0.338196,0.023376,0.805420,-7.1646,0.6707,8.3841
537,-0.336182,0.024841,0.802856,-6.8902,-1.2500,8.1707
538,-0.332336,0.026001,0.800049,-6.6159,-3.1707,7.8354
539,-0.328369,0.026733,0.796997,-5.8232,-7.1037,7.1037
540,-0.325623,0.026611,0.794373,-5.4573,-9.1159,6.7683
541,-0.323059,0.026367,0.792114,-5.0610,-11.1890,6.3415
542,-0.318970,0.026672,0.789917,-4.8476,-13.3537,6.0366
543,-0.310547,0.023438,0.787537,-4.5732,-15.4573,5.7622
544,-0.306885,0.021118,0.786133,-4.3902,-17.5610,5.5183
545,-0.302917,0.020142,0.785767,-4.2988,-19.6341,5.1829
546,-0.298950,0.019592,0.785095,-4.2073,-21.8293,4.8780
547,-0.294800,0.018188,0.783203,-4.2683,-26.0366,4.2988
548,-0.291321,0.016541,0.780701,-4.2378,-28.0793,3.9634
549,-0.288696,0.015991,0.778442,-4.0854,-30.1524,3.5976
550,-0.283875,0.012512,0.775330,-3.7805,-32.2866,3.1402
551,-0.281189,0.011108,0.773926,-3.3841,-34.3902,2.5610
552,-0.277832,0.009888,0.773926,-3.0488,-36.4329,2.0427
553,-0.274780,0.009094,0.774658,-2.6524,-38.5976,1.5549
554,-0.271484,0.007751,0.775452,-1.8293,-42.7134,0.4573
555,-0.268372,0.004700,0.776306,-1.4939,-44.8171,-0.1220
556,-0.265991,0.001770,0.777283,-1.2805,-46.8902,-0.6402
557,-0.263489,0.001038,0.779358,-1.1890,-48.9939,-1.2195
558,-0.259827,0.003052,0.781372,-1.1890,-51.0061,-1.8598
559,-0.258972,0.004089,0.779236,-1.2805,-53.1402,-2.4695
560,-0.257751,0.006348,0.776672,-1.4329,-55.2134,-3.1098
561,-0.256897,0.009460,0.775146,-2.2256,-59.4817,-4.4512
562,-0.256287,0.012024,0.772522,-2.7744,-61.6463,-5.2744
563,-0.254883,0.013184,0.769531,-3.3232,-63.7195,-6.1280
564,-0.252991,0.013977,0.768494,-3.6890,-65.8232,-7.0427
565,-0.247681,0.013000,0.767883,-4.0854,-67.9268,-7.9268
566,-0.245544,0.013000,0.767822,-4.5122,-70.0000,-8.8720
567,-0.243896,0.011963,0.767822,-4.9695,-72.1037,-9.8476
568,-0.241943,0.009583,0.768188,-5.7927,-76.3720,-11.8293
569,-0.239319,0.006470,0.770813,-6.3415,-78.4756,-12.7439
570,-0.238403,0.003601,0.774048,-6.8598,-80.5488,-13.6890
571,-0.238159,0.001343,0.776062,-7.3780,-82.7134,-14.6037
572,-0.235168,-0.002686,0.780151,-7.8659,-84.8781,-15.5793
573,-0.235596,-0.005066,0.782043,-8.3537,-86.9817,-16.5244
574,-0.236023,-0.007080,0.784546,-8.8720,-89.1463,-17.4085
575,-0.236816,-0.008606,0.786865,-9.3902,-91.3720,-18.2317
576,-0.238586,-0.011536,0.788574,-10.4878,-95.5793,-19.9695
577,-0.239502,-0.014099,0.789124,-11.1280,-97.8354,-20.7317
578,-0.240295,-0.014709,0.789001,-11.7988,-100.0610,-21.5244
579,-0.241882,-0.014709,0.789246,-12.2561,-102.3476,-22.1341
580,-0.243713,-0.014893,0.791870,-12.7744,-104.6646,-22.7134
581,-0.245178,-0.013123,0.794250,-13.2012,-107.0122,-23.2927
582,-0.246826,-0.012329,0.796570,-13.5671,-109.3598,-23.9634
583,-0.248901,-0.012207,0.799927,-14.3293,-114.1768,-25.0305
584,-0.251099,-0.011963,0.803101,-14.7256,-116.5244,-25.4878
585,-0.252319,-0.012146,0.807190,-15.1829,-118.9634,-25.8537
586,-0.254089,-0.013000,0.811768,-15.5183,-121.3720,-26.2195
587,-0.257324,-0.016235,0.819458,-15.8841,-123.7195,-26.5854
588,-0.259827,-0.017578,0.823486,-16.3110,-126.0671,-26.7988
589,-0.262817,-0.019287,0.826355,-16.6768,-128.5061,-27.1037
590,-0.266174,-0.021118,0.828064,-17.5915,-133.3232,-27.5915
591,-0.268799,-0.023254,0.830627,-17.8963,-135.7012,-27.6220
592,-0.271118,-0.023804,0.833740,-18.3841,-138.1098,-27.7439
593,-0.273804,-0.024719,0.836304,-18.8415,-140.5183,-27.8049
594,-0.279175,-0.027771,0.840698,-19.2988,-142.8963,-27.9268
595,-0.283325,-0.027344,0.843994,-19.6646,-145.2439,-27.9878
596,-0.287720,-0.025757,0.849060,-20.0000,-147.6219,-27.9268
597,-0.291077,-0.023560,0.854309,-20.2744,-149.8476,-27.8963
598,-0.293457,-0.021545,0.858032,-20.9451,-154.2988,-28.1402
599,-0.295227,-0.020447,0.862183,-21.3110,-156.4634,-28.1402
600,-0.298279,-0.021057,0.868652,-21.6159,-158.6281,-28.2317
601,-0.301575,-0.023621,0.874329,-22.0122,-160.7927,-28.2317
602,-0.305847,-0.035706,0.882996,-22.4085,-162.9573,-28.2012
603,-0.309143,-0.040344,0.886536,-22.8049,-164.9695,-28.1098
604,-0.312012,-0.042358,0.888184,-23.3841,-167.0427,-27.9268
605,-0.315735,-0.044678,0.889221,-24.1159,-170.9451,-27.5000
606,-0.319092,-0.048279,0.890320,-24.2683,-172.8659,-27.2256
607,-0.321472,-0.050171,0.892029,-24.2988,-174.8171,-26.9207
608,-0.324707,-0.051208,0.893433,-24.0854,-176.7073,-26.6463
609,-0.335876,-0.047974,0.901123,-23.8110,-178.5366,-26.2805
610,-0.340515,-0.044128,0.907471,-23.3537,-180.3354,-25.8841
611,-0.345093,-0.041016,0.913818,-23.0183,-182.0732,-25.6098
612,-0.349731,-0.037903,0.925964,-22.3476,-185.3049,-24.9085
613,-0.353638,-0.033813,0.943359,-22.2561,-186.9512,-24.5122
614,-0.357666,-0.029724,0.953430,-22.5000,-188.4146,-23.9329
615,-0.362366,-0.027100,0.959229,-22.7439,-189.9390,-23.4146
616,-0.368286,-0.027283,0.971252,-23.1402,-191.4025,-22.9878
617,-0.371582,-0.031067,0.975586,-23.5976,-192.8049,-22.5610
618,-0.374756,-0.038635,0.978210,-24.0244,-194.1768,-22.1646
619,-0.378052,-0.051697,0.978271,-24.3598,-195.4878,-21.6768
620,-0.380737,-0.066162,0.979492,-24.6951,-197.8049,-20.3049
621,-0.382324,-0.076782,0.982300,-24.6037,-198.9634,-19.3598
622,-0.385010,-0.082153,0.982666,-24.4817,-200.1220,-18.2927
623,-0.390869,-0.082214,0.984314,-24.2988,-201.1585,-17.3171
624,-0.405823,-0.075012,0.996704,-23.8415,-202.1037,-16.3720
625,-0.414307,-0.067261,1.004333,-23.2622,-203.0183,-15.5183
626,-0.421631,-0.059326,1.014038,-22.6524,-203.8110,-14.7561
627,-0.427612,-0.049316,1.023926,-22.0427,-205.3049,-13.4451
628,-0.432434,-0.035889,1.035278,-21.8293,-205.8537,-12.9268
629,-0.435364,-0.023621,1.049438,-21.9512,-206.3415,-12.5000
630,-0.436401,-0.017456,1.060791,-22.5610,-206.7073,-12.1037
631,-0.431885,-0.025452,1.072205,-23.1707,-207.0122,-11.5854
632,-0.430420,-0.035950,1.068298,-23.8110,-207.1037,-11.2805
633,-0.425659,-0.051208,1.077148,-23.9939,-207.3171,-10.9146
634,-0.422485,-0.063965,1.081238,-22.9573,-206.8902,-9.8476
635,-0.421692,-0.073669,1.081909,-22.2866,-206.9817,-9.1768
636,-0.421753,-0.078308,1.091675,-21.7988,-206.9207,-8.3841
637,-0.423584,-0.075256,1.093079,-21.3720,-206.8902,-7.5610
638,-0.426819,-0.068115,1.097046,-20.5183,-206.7988,-6.7683
639,-0.428833,-0.061279,1.099915,-19.6646,-206.5549,-5.9451
640,-0.430786,-0.049316,1.101562,-18.8720,-206.3110,-5.3049
641,-0.432068,-0.036682,1.105957,-18.0488,-206.2500,-4.7866
642,-0.433655,-0.024048,1.110046,-16.1890,-205.8842,-4.2378
643,-0.433777,-0.013123,1.113159,-15.0000,-205.6402,-4.1159
644,-0.432251,-0.005249,1.118408,-13.7805,-205.2744,-4.1159
645,-0.428650,-0.000549,1.124817,-12.5610,-204.8171,-4.0854
646,-0.415039,0.000305,1.135864,-11.3720,-204.4207,-4.1463
647,-0.407959,-0.002563,1.142456,-10.2439,-203.9025,-4.2073
648,-0.400208,-0.004822,1.147522,-9.2988,-203.3537,-4.2073
649,-0.392029,-0.006165,1.151550,-7.5305,-202.2256,-4.1463
650,-0.383789,-0.006897,1.156128,-6.8902,-201.4939,-4.0854
651,-0.374939,-0.007568,1.158875,-6.3415,-200.7927,-4.0854
652,-0.365845,-0.007812,1.160583,-5.8537,-200.1525,-4.1159
653,-0.349854,-0.008301,1.161133,-5.3354,-199.4512,-4.2073
654,-0.343445,-0.008240,1.162415,-4.7256,-198.7195,-4.2988
655,-0.335205,-0.008972,1.164246,-4.0854,-197.8963,-4.5427
656,-0.327332,-0.010925,1.167175,-2.8659,-196.4634,-5.0305
657,-0.320312,-0.012512,1.170105,-2.4390,-195.7622,-5.2439
658,-0.313477,-0.013611,1.173584,-2.0427,-195.0000,-5.5183
659,-0.307434,-0.014160,1.177979,-1.7073,-194.2378,-5.8232
660,-0.293274,-0.012817,1.182556,-1.5854,-193.3232,-6.0976
661,-0.286438,-0.012939,1.186035,-1.4634,-192.5000,-6.4634
662,-0.280579,-0.015259,1.188721,-1.5549,-191.6463,-6.7683
663,-0.275208,-0.018127,1.189941,-1.6768,-190.8232,-7.0732
664,-0.270081,-0.019165,1.189209,-2.4390,-189.1463,-7.9268
665,-0.265503,-0.019348,1.188232,-2.9268,-188.1707,-8.4146
666,-0.261047,-0.020508,1.186584,-3.3232,-187.3171,-8.9329
667,-0.255737,-0.022705,1.182556,-3.6280,-186.3719,-9.5732
668,-0.247131,-0.029968,1.177551,-3.8110,-185.4878,-10.2744
669,-0.242920,-0.032593,1.174988,-4.0854,-184.6037,-10.9756
670,-0.239624,-0.032593,1.173950,-4.3902,-183.7195,-11.6768
671,-0.235901,-0.033630,1.172546,-4.8171,-181.7988,-13.1707
672,-0.231873,-0.035522,1.170410,-5.0610,-180.9146,-13.8720
673,-0.227356,-0.036316,1.165283,-5.3963,-180.1525,-14.6341
674,-0.222534,-0.036316,1.157349,-5.8841,-179.4512,-15.3963
675,-0.213013,-0.037292,1.145874,-6.1280,-178.8415,-16.0976
676,-0.207764,-0.038757,1.138916,-6.2805,-178.2012,-16.7988
677,-0.202637,-0.040588,1.134338,-6.3110,-177.6525,-17.5000
678,-0.197388,-0.042419,1.129333,-6.3720,-176.8293,-18.8720
679,-0.192444,-0.044189,1.123596,-6.3110,-176.4939,-19.5122
680,-0.187317,-0.044434,1.117432,-6.2500,-176.2805,-20.0610
681,-0.182617,-0.042419,1.111633,-6.3110,-176.1281,-20.5793
682,-0.173523,-0.041138,1.100220,-6.1890,-176.1281,-21.0671
683,-0.168579,-0.041565,1.094360,-6.0366,-176.2195,-21.6159
684,-0.164612,-0.041565,1.088013,-5.8537,-176.3719,-22.1037
685,-0.160706,-0.041077,1.083923,-5.6707,-176.7073,-22.4390
686,-0.156860,-0.040710,1.082825,-5.0610,-177.6829,-23.2927
687,-0.151917,-0.041260,1.082397,-4.8780,-178.3537,-23.5366
688,-0.145874,-0.042297,1.081848,-4.6951,-179.1768,-23.6280
689,-0.140259,-0.043396,1.080139,-4.6951,-180.1219,-23.6890
690,-0.132385,-0.042664,1.075195,-4.8476,-181.1281,-23.6280
691,-0.129395,-0.041565,1.072815,-5.0305,-182.1037,-23.6280
692,-0.126648,-0.041138,1.071655,-5.1220,-183.2622,-23.5366
693,-0.123474,-0.043030,1.073608,-5.3049,-185.7012,-23.3537
694,-0.120422,-0.044678,1.075500,-5.4878,-187.0427,-23.1402
695,-0.116333,-0.045959,1.076111,-5.7317,-188.4146,-22.8354
696,-0.111572,-0.046753,1.077026,-5.7927,-189.8171,-22.5305
697,-0.106323,-0.047302,1.074768,-5.7622,-191.1585,-22.2256
698,-0.102905,-0.047363,1.075317,-5.7622,-192.6829,-21.8598
699,-0.099670,-0.046631,1.075867,-5.6707,-194.2073,-21.4939
700,-0.097290,-0.046509,1.077087,-5.0610,-197.1646,-20.8841
701,-0.095520,-0.046753,1.081726,-4.5732,-198.5366,-20.4878
702,-0.094666,-0.045837,1.087097,-4.1159,-199.8781,-20.0000
703,-0.093750,-0.042786,1.092407,-3.7195,-201.3415,-19.5732
704,-0.090942,-0.035339,1.103882,-3.2317,-202.6829,-19.2073
705,-0.090454,-0.032959,1.106750,-2.9573,-203.9939,-18.9024
706,-0.090637,-0.030701,1.110657,-2.7439,-205.3354,-18.5671
707,-0.089844,-0.027588,1.114075,-2.7134,-206.5854,-18.2622
708,-0.087830,-0.024658,1.115601,-2.9573,-208.8720,-17.4390
709,-0.086670,-0.022644,1.118225,-2.9878,-209.9085,-17.2256
710,-0.085815,-0.021667,1.121338,-3.0793,-210.9451,-17.0122
711,-0.083923,-0.022278,1.122742,-3.0793,-211.9817,-16.8598
712,-0.079041,-0.023376,1.125671,-2.8963,-212.8659,-16.6159
713,-0.077148,-0.025757,1.124573,-2.8659,-213.5976,-16.4329
714,-0.075684,-0.025269,1.124817,-2.7439,-214.2988,-16.3720
715,-0.074219,-0.022766,1.126343,-2.3780,-215.7622,-16.1585
716,-0.071777,-0.023132,1.127991,-2.0732,-216.4939,-16.0976
717,-0.070129,-0.028015,1.128906,-1.8902,-217.1646,-16.0061
718,-0.069214,-0.033325,1.127563,-1.6463,-217.8963,-15.8841
719,-0.067139,-0.030823,1.124939,-1.4329,-218.5976,-15.7012
720,-0.065796,-0.029663,1.123474,-1.1890,-219.3293,-15.5488
721,-0.062866,-0.029663,1.121643,-0.8841,-220.0305,-15.5488
722,-0.060120,-0.029724,1.118896,-0.0305,-221.5854,-15.3659
723,-0.058472,-0.029846,1.117737,0.3963,-222.4695,-15.2134
724,-0.056641,-0.029175,1.117676,0.9146,-223.2622,-15.1220
725,-0.052856,-0.029175,1.118408,1.4634,-224.0854,-14.9390
726,-0.047729,-0.030334,1.119934,2.1037,-224.9390,-14.6951
727,-0.045410,-0.032288,1.119934,2.6220,-225.7622,-14.3293
728,-0.042603,-0.034790,1.121582,3.1707,-226.7073,-14.0854
729,-0.040466,-0.037415,1.121155,3.5976,-227.6525,-13.7500
730,-0.038757,-0.039124,1.119507,4.1768,-229.4817,-12.9878
731,-0.037720,-0.037842,1.118286,4.2988,-230.3049,-12.5000
732,-0.036987,-0.035706,1.117676,4.2988,-231.1281,-12.0732
733,-0.035706,-0.033875,1.118042,4.2988,-231.8902,-11.7073
734,-0.034973,-0.034363,1.118225,4.3293,-232.6829,-11.3415
735,-0.033264,-0.036011,1.117004,4.3293,-233.4451,-10.9756
736,-0.031433,-0.038330,1.117126,4.3902,-234.2683,-10.6402
737,-0.030334,-0.039429,1.117432,4.4512,-235.6707,-9.8780
738,-0.028564,-0.040344,1.115601,4.4207,-236.2805,-9.5122
739,-0.026917,-0.042480,1.115356,4.3902,-236.7988,-9.2988
740,-0.024414,-0.044495,1.116760,4.2683,-237.3171,-8.9939
741,-0.018799,-0.049561,1.118591,3.9939,-237.6829,-8.6890
742,-0.014832,-0.051819,1.117493,3.7195,-238.0488,-8.4451
743,-0.010803,-0.054932,1.114258,3.5061,-238.3232,-8.2012
744,-0.008667,-0.058167,1.112671,3.1402,-238.5976,-7.6829
745,-0.008118,-0.059448,1.112183,2.9573,-238.6281,-7.4085
746,-0.006592,-0.058899,1.111450,2.7439,-238.5366,-7.1037
747,-0.003540,-0.058716,1.112305,2.5915,-238.3842,-6.8598
748,-0.001831,-0.060547,1.116516,2.4390,-238.0793,-6.6463
749,-0.002686,-0.061035,1.118896,2.2256,-237.7134,-6.4329
750,-0.002563,-0.061157,1.120789,1.9512,-237.1646,-6.2195
751,-0.002930,-0.061829,1.122437,1.5854,-236.5854,-6.1280
752,-0.002686,-0.063599,1.122803,0.8841,-235.0915,-6.0366
753,-0.003052,-0.065552,1.123108,0.5488,-234.1159,-5.9451
754,-0.003479,-0.067200,1.123779,0.1829,-233.0183,-5.9146
755,-0.003052,-0.067322,1.125122,-0.0915,-231.7378,-5.9451
756,-0.004883,-0.066711,1.132385,-0.4268,-230.3963,-6.0061
757,-0.006348,-0.065857,1.136292,-0.7927,-228.9939,-6.0671
758,-0.007935,-0.064758,1.139465,-1.0671,-227.4085,-6.1585
759,-0.009216,-0.064819,1.142578,-1.6159,-223.9025,-6.3110
760,-0.009216,-0.065735,1.146240,-1.8902,-222.1037,-6.4024
761,-0.008484,-0.065552,1.149292,-2.0732,-220.1220,-6.4634
762,-0.008301,-0.064148,1.152222,-2.2866,-218.1707,-6.5549
763,-0.009155,-0.056396,1.160400,-2.4390,-216.0366,-6.7073
764,-0.008301,-0.053223,1.164795,-2.6829,-213.9025,-6.8902
765,-0.009277,-0.049927,1.170105,-2.8659,-211.6768,-7.1037
766,-0.009583,-0.047729,1.174377,-3.4451,-206.8293,-7.5000
767,-0.009399,-0.045410,1.178711,-3.7195,-204.3902,-7.6524
768,-0.009277,-0.041809,1.182007,-4.1159,-201.9207,-7.6829
769,-0.008423,-0.038635,1.183777,-4.5732,-199.4207,-7.7744
770,-0.004211,-0.032837,1.185974,-5.0610,-196.8902,-7.9573
771,-0.000610,-0.029724,1.184204,-5.5183,-194.3598,-8.1402
772,0.002075,-0.028809,1.180664,-6.0061,-191.7378,-8.4146
773,0.005615,-0.027527,1.175171,-6.5244,-189.2073,-8.6890
774,0.010193,-0.025146,1.170410,-7.1341,-184.2378,-9.1463
775,0.015503,-0.023926,1.165222,-7.2561,-181.8902,-9.3598
776,0.020569,-0.023254,1.158691,-7.3476,-179.5732,-9.5732
777,0.031799,-0.021790,1.143982,-7.2866,-177.3171,-9.7561
778,0.039062,-0.022766,1.137573,-7.0427,-175.0915,-10.0000
779,0.046387,-0.022888,1.129883,-6.7683,-172.8963,-10.1220
780,0.052673,-0.022461,1.123352,-6.3720,-170.7927,-10.3049
781,0.059692,-0.024048,1.118347,-5.2134,-166.8902,-10.5183
782,0.067688,-0.026672,1.113281,-4.6341,-165.1219,-10.5793
783,0.074280,-0.028625,1.109314,-4.1159,-163.4756,-10.6402
784,0.080200,-0.029785,1.105835,-3.5061,-161.8598,-10.5793
785,0.093262,-0.031189,1.097839,-3.0488,-160.3354,-10.5488
786,0.100708,-0.031616,1.094238,-2.6220,-158.9329,-10.3963
787,0.107849,-0.032288,1.090820,-2.3171,-157.5305,-10.2744
788,0.113708,-0.033142,1.086792,-1.7683,-155.2744,-10.0305
789,0.119141,-0.033264,1.081055,-1.6463,-154.2988,-9.8780
790,0.124207,-0.033936,1.074768,-1.5549,-153.3232,-9.6646
791,0.129150,-0.034058,1.069153,-1.5854,-152.4695,-9.4207
792,0.141357,-0.031433,1.058777,-1.4634,-151.7683,-9.2988
793,0.147522,-0.031555,1.054199,-1.4329,-151.0671,-9.1768
794,0.153564,-0.032532,1.050476,-1.2500,-150.3354,-8.9939
795,0.158752,-0.030151,1.050476,-1.2195,-149.6951,-8.8110
796,0.163940,-0.026184,1.048279,-1.5244,-148.4756,-8.4146
797,0.170288,-0.028625,1.045166,-1.5854,-147.9268,-8.2927
798,0.177124,-0.035278,1.044128,-1.7683,-147.2866,-8.0793
799,0.183411,-0.039551,1.036194,-2.0122,-146.7683,-7.8963
800,0.186035,-0.039490,1.031677,-2.1951,-146.3110,-7.6524
801,0.190735,-0.040955,1.027405,-2.2256,-145.7927,-7.3476
802,0.195007,-0.043701,1.024231,-2.1646,-145.2134,-7.1646
803,0.197449,-0.046692,1.022217,-1.6159,-144.2683,-6.7988
804,0.199585,-0.049805,1.021240,-1.1890,-143.7195,-6.5854
805,0.201477,-0.052917,1.020508,-0.6402,-143.1402,-6.2500
806,0.202454,-0.053894,1.020386,-0.2134,-142.5915,-5.9451
807,0.200989,-0.048096,1.019409,0.1829,-142.1646,-5.6098
808,0.199402,-0.044739,1.019165,0.4268,-141.7073,-5.2744
809,0.198975,-0.042114,1.019226,0.7622,-141.2805,-5.0610
810,0.199158,-0.039917,1.018066,1.3720,-140.3049,-4.3902
811,0.200134,-0.038818,1.015930,1.6159,-139.8171,-4.1463
812,0.200256,-0.037720,1.016174,1.8902,-139.2378,-4.0244
813,0.199341,-0.036804,1.019287,2.1037,-138.6890,-3.8110
814,0.196838,-0.036804,1.029053,2.4390,-138.1098,-3.5671
815,0.195435,-0.036621,1.033325,2.8049,-137.3781,-3.2927
816,0.195557,-0.036316,1.035828,3.0488,-136.6159,-3.0183
817,0.195190,-0.034790,1.038574,3.3537,-135.9146,-2.8354
818,0.193726,-0.033386,1.040527,3.9329,-134.3598,-2.4085
819,0.193298,-0.031799,1.041870,4.2988,-133.4451,-2.2561
820,0.193604,-0.030334,1.044312,4.6341,-132.5000,-2.0122
821,0.194946,-0.030151,1.052856,5.0000,-131.6159,-1.9207
822,0.195374,-0.029114,1.057434,5.3963,-130.6402,-1.7378
823,0.195740,-0.028137,1.060181,5.7317,-129.6037,-1.5854
824,0.195496,-0.026855,1.062744,6.1890,-128.5366,-1.4024
825,0.194946,-0.024902,1.065369,6.8598,-126.4329,-1.0366
826,0.194397,-0.021790,1.068359,7.1646,-125.1524,-0.9756
827,0.193787,-0.018127,1.070496,7.4085,-123.9329,-0.8537
828,0.193298,-0.014465,1.070129,7.6829,-122.7439,-0.7012
829,0.192871,-0.011658,1.067749,7.9573,-121.4634,-0.6707
830,0.192444,-0.011414,1.067078,8.1707,-120.1829,-0.7012
831,0.192688,-0.011780,1.067505,8.3232,-118.9329,-0.5793
832,0.192993,-0.012634,1.068115,8.3841,-116.4024,-0.2439
833,0.192749,-0.014587,1.066772,8.2317,-115.0305,-0.1829
834,0.193115,-0.016724,1.064331,8.1402,-113.5976,-0.0610
835,0.193970,-0.018555,1.061340,8.0488,-112.2561,-0.0305
836,0.196777,-0.023865,1.054260,7.9573,-110.8232,0.0915
837,0.197205,-0.026672,1.051697,7.8354,-109.3293,0.2134
838,0.197205,-0.028748,1.049927,7.7439,-107.9573,0.3659
839,0.197571,-0.032776,1.047241,7.5915,-106.4939,0.4878
840,0.196899,-0.036194,1.042725,7.2866,-103.4146,0.5488
841,0.195801,-0.037842,1.037781,7.0732,-101.8598,0.4268
842,0.194824,-0.039062,1.033325,6.8902,-100.1829,0.3659
843,0.192139,-0.042480,1.025452,6.7988,-98.5061,0.3049
844,0.189270,-0.045105,1.022644,6.6768,-96.7988,0.2134
845,0.187378,-0.048889,1.019592,6.6159,-95.0610,0.0305
846,0.186646,-0.051453,1.014893,6.4939,-93.3232,-0.1524
847,0.184082,-0.052795,1.010376,6.1585,-89.5427,-0.5488
848,0.180664,-0.053894,1.007019,6.0976,-87.5610,-0.6402
849,0.178040,-0.054382,1.004211,5.9756,-85.6098,-0.9146
850,0.175293,-0.055786,1.000671,5.8841,-83.5976,-1.2500
851,0.166870,-0.061523,0.991516,5.7927,-81.5244,-1.5549
852,0.162842,-0.064148,0.988525,5.7012,-79.4207,-1.7073
853,0.158569,-0.064880,0.985229,5.5183,-77.2561,-1.8902
854,0.155640,-0.065918,0.982727,5.3049,-72.8963,-2.5000
855,0.153992,-0.066223,0.982849,5.1829,-70.6098,-2.7744
856,0.152222,-0.065430,0.982483,5.0610,-68.3232,-3.0488
857,0.150208,-0.064392,0.979614,4.9390,-65.9146,-3.3537
858,0.146179,-0.064636,0.976013,4.7256,-63.5671,-3.5671
859,0.145630,-0.064453,0.974365,4.4512,-61.0366,-3.8110
860,0.144226,-0.063354,0.972778,4.3598,-58.5366,-4.0549
861,0.143311,-0.062134,0.971497,4.0549,-56.0671,-4.2683
862,0.143127,-0.060303,0.971191,3.4146,-51.0366,-4.6341
863,0.142212,-0.058777,0.970947,3.0793,-48.3537,-4.7256
864,0.141235,-0.057373,0.969482,2.5915,-45.8232,-5.0000
865,0.140015,-0.056763,0.965149,2.1646,-43.1707,-5.0610
866,0.140442,-0.056763,0.963989,1.7378,-40.5183,-5.2439
867,0.142029,-0.055847,0.962219,1.2805,-37.9268,-5.2134
868,0.142761,-0.056213,0.959229,0.7622,-35.4878,-5.2439
869,0.144348,-0.057556,0.955017,-0.4573,-30.4573,-5.1220
870,0.146118,-0.057495,0.951904,-1.1280,-27.9573,-5.0000
871,0.146729,-0.056152,0.949097,-1.8598,-25.4573,-4.7866
872,0.147400,-0.055115,0.944946,-2.6220,-23.0793,-4.7256
873,0.148376,-0.056458,0.939331,-3.2927,-20.7317,-4.5732
874,0.150085,-0.057983,0.937073,-3.9329,-18.3841,-4.4207
875,0.150269,-0.059509,0.935242,-4.6341,-16.0061,-4.1768
876,0.149414,-0.060120,0.934265,-5.8537,-11.5244,-3.7195
877,0.150208,-0.060791,0.933533,-6.4634,-9.3598,-3.4451
878,0.151733,-0.061462,0.931824,-7.0732,-7.1341,-3.1098
879,0.152466,-0.060913,0.931030,-7.6524,-5.0305,-2.7744
880,0.153931,-0.058838,0.932251,-8.2622,-3.0488,-2.4390
881,0.153809,-0.057556,0.930969,-8.9024,-1.1280,-2.0122
882,0.153870,-0.057312,0.931335,-9.5122,0.9146,-1.5549
883,0.153748,-0.058472,0.933167,-10.0305,2.7744,-1.2500
884,0.152222,-0.059509,0.934692,-11.0366,6.5549,-0.6707
885,0.151306,-0.059082,0.938049,-11.4939,8.3537,-0.3354
886,0.150757,-0.059021,0.943542,-11.9817,10.2134,-0.0610
887,0.149902,-0.059082,0.954346,-12.3780,12.0427,0.2439
888,0.149109,-0.059021,0.959412,-12.7744,13.7500,0.5183
889,0.149536,-0.058289,0.964478,-13.1707,15.3659,0.7927
890,0.151611,-0.056519,0.970764,-13.6280,16.9512,1.0671
891,0.152527,-0.053833,0.977966,-14.2683,20.0000,1.3720
892,0.152649,-0.051880,0.985413,-14.5427,21.6463,1.6159
893,0.153931,-0.050110,0.992615,-14.8780,23.2927,1.7378
894,0.156677,-0.046997,0.999573,-15.1220,24.8780,1.9207
895,0.162109,-0.040100,1.011963,-15.2744,26.4634,2.1037
896,0.163086,-0.034607,1.018494,-15.4268,28.0488,2.2866
897,0.163574,-0.029724,1.024780,-15.6098,29.6646,2.4085
898,0.164856,-0.026489,1.030457,-15.7012,32.9878,2.5610
899,0.167236,-0.022705,1.035400,-15.5793,34.6951,2.5000
900,0.169128,-0.018494,1.039551,-15.5793,36.3720,2.5610
901,0.170959,-0.016113,1.044678,-15.3659,38.0183,2.4695
902,0.175415,-0.011902,1.057495,-15.2744,39.7256,2.3780
903,0.177246,-0.009460,1.062744,-15.0305,41.4634,2.2866
904,0.179688,-0.008057,1.067993,-14.7866,43.1402,2.2866
905,0.182373,-0.007263,1.073853,-14.5122,44.9390,2.1341
906,0.184021,-0.006531,1.080017,-13.8720,48.4756,1.7073
907,0.184814,-0.006226,1.084106,-13.4146,50.3049,1.4329
908,0.185486,-0.005005,1.087341,-12.9573,52.1341,1.2805
909,0.190613,-0.000977,1.097229,-12.5000,54.0244,1.0976
910,0.194092,0.000610,1.102722,-11.9817,55.8232,0.9451
911,0.197327,0.001953,1.106140,-11.5244,57.6220,0.8537
912,0.199219,0.003540,1.107605,-11.0061,59.4512,0.7317
913,0.200623,0.005737,1.109253,-9.9390,63.1707,0.3659
914,0.202881,0.007385,1.110901,-9.2378,64.9390,0.2439
915,0.204468,0.007935,1.111267,-8.6585,66.6159,0.1829
916,0.205627,0.008911,1.111206,-8.0793,68.2622,0.1524
917,0.209473,0.010071,1.113708,-7.5305,69.9390,0.0610
918,0.210510,0.011841,1.114807,-6.9207,71.5854,-0.1524
919,0.210754,0.012451,1.114868,-6.4024,73.2012,-0.3049
920,0.211182,0.011597,1.114868,-5.3963,76.4329,-0.6707
921,0.211426,0.011230,1.113098,-4.9695,77.9878,-0.7012
922,0.212219,0.011108,1.111389,-4.6037,79.4817,-0.8232
923,0.213745,0.011353,1.110107,-4.2683,80.9451,-0.8841
924,0.214539,0.009216,1.104492,-3.8720,82.4085,-0.9756
925,0.215210,0.006592,1.101074,-3.5061,83.8415,-1.0976
926,0.216553,0.003601,1.097351,-3.1402,85.2744,-1.2195
927,0.217957,0.000366,1.093140,-2.8354,86.6768,-1.2805
928,0.219055,-0.003113,1.088562,-2.5000,89.2378,-1.4634
929,0.220215,-0.005249,1.083252,-2.3780,90.4573,-1.4634
930,0.220764,-0.006287,1.076355,-2.2866,91.5549,-1.4024
931,0.222717,-0.011963,1.060547,-2.4085,92.5915,-1.3110
932,0.225342,-0.015137,1.051941,-2.4695,93.5671,-1.3110
933,0.227234,-0.018738,1.042236,-2.6220,94.5732,-1.3415
934,0.229309,-0.023254,1.032104,-2.7134,95.5488,-1.3110
935,0.230713,-0.027344,1.022583,-2.8049,97.2561,-1.2195
936,0.231873,-0.031250,1.013916,-2.7134,98.1098,-1.1890
937,0.233643,-0.035522,1.006470,-2.5000,98.9024,-0.9756
938,0.234619,-0.039795,1.000793,-2.2256,99.7866,-0.7927
939,0.234924,-0.048035,0.992310,-1.9207,100.5793,-0.7012
940,0.233154,-0.049927,0.989441,-1.6159,101.3110,-0.5793
941,0.230591,-0.049316,0.987427,-1.3110,102.0732,-0.4268
942,0.229004,-0.046814,0.985168,-0.7012,103.6281,-0.2744
943,0.226807,-0.044922,0.984131,-0.4878,104.4207,-0.2744
944,0.225464,-0.042664,0.983887,-0.3354,105.2744,-0.3049
945,0.224426,-0.038574,0.983826,-0.1829,106.0976,-0.3963
946,0.223145,-0.030029,0.980957,-0.1524,106.8902,-0.5488
947,0.222107,-0.029358,0.977600,-0.3659,107.7744,-0.7317
948,0.221130,-0.030518,0.973389,-0.4878,108.5976,-0.8841
949,0.219910,-0.033020,0.967285,-0.5183,109.4817,-1.1280
950,0.218506,-0.035828,0.961731,-0.3354,111.2195,-1.4634
951,0.216736,-0.036865,0.959534,-0.1829,112.0427,-1.6768
952,0.215149,-0.039062,0.957886,0.0000,112.8354,-1.8598
953,0.214294,-0.042664,0.955811,0.2134,113.7500,-2.0732
954,0.213013,-0.043762,0.956543,0.3963,114.6951,-2.3780
955,0.212036,-0.044189,0.957886,0.5488,115.5793,-2.5305
956,0.210999,-0.045288,0.958130,0.8232,116.4939,-2.8049
957,0.209167,-0.047363,0.958923,1.1280,118.4146,-3.2622
958,0.205627,-0.048401,0.962158,1.0366,119.2683,-3.4756
959,0.202576,-0.048096,0.964722,1.0366,120.1829,-3.6280
960,0.201538,-0.046753,0.967102,0.9756,121.0671,-3.9024
961,0.200623,-0.045715,0.972961,0.9146,121.9817,-4.2073
962,0.200806,-0.045715,0.975281,0.7622,122.9268,-4.3902
963,0.201477,-0.045410,0.979004,0.4268,123.8110,-4.6341
964,0.200378,-0.044678,0.982300,-0.3049,125.5793,-5.2744
965,0.199280,-0.043579,0.985291,-0.6707,126.4024,-5.4878
966,0.198608,-0.043213,0.987427,-1.1280,127.2866,-5.7317
967,0.196228,-0.042542,0.988342,-1.6463,128.0183,-5.9756
968,0.190308,-0.042725,0.993042,-2.1646,128.9634,-6.1585
969,0.187622,-0.043335,0.994385,-2.7134,129.8171,-6.4024
970,0.186401,-0.043213,0.996704,-3.2012,130.6098,-6.6768
971,0.184021,-0.043762,0.999451,-3.5976,131.4634,-6.9512
972,0.180847,-0.044495,1.000244,-4.5732,133.0793,-7.3780
973,0.178650,-0.043884,1.001648,-4.9390,133.8110,-7.4695
974,0.176758,-0.043457,1.003113,-5.3659,134.5732,-7.4695
975,0.170349,-0.044617,1.001953,-5.6402,135.2744,-7.4695
976,0.167480,-0.045837,1.001404,-5.8537,135.9756,-7.5000
977,0.165894,-0.045288,1.000488,-6.0061,136.5854,-7.5610
978,0.163940,-0.045410,0.999390,-6.1280,137.1646,-7.5610
979,0.161194,-0.046387,0.998718,-6.4634,138.3232,-7.2866
980,0.157532,-0.046875,0.998169,-6.6463,138.9024,-7.1341
981,0.154114,-0.046631,0.998352,-6.7378,139.4817,-6.9512
982,0.151733,-0.046509,0.999390,-6.8293,140.0000,-6.7988
983,0.147583,-0.046021,1.000183,-6.9817,140.5488,-6.5244
984,0.144836,-0.047119,0.999756,-7.1646,141.0366,-6.2805
985,0.140686,-0.047668,0.999146,-7.2561,141.5549,-6.1280
986,0.137329,-0.047424,0.999634,-7.3476,142.8049,-5.5183
987,0.135254,-0.049011,1.002380,-7.4695,143.4146,-5.1524
988,0.131836,-0.051208,1.005981,-7.5305,144.0244,-4.8780
989,0.127869,-0.052856,1.008606,-7.6220,144.6037,-4.6037
990,0.121704,-0.055847,1.016663,-7.8049,145.2134,-4.2073
991,0.118652,-0.057251,1.021973,-7.9573,145.8537,-3.8720
992,0.115784,-0.058716,1.027161,-8.1707,146.5854,-3.5366
993,0.112671,-0.059204,1.032410,-8.4146,147.2561,-3.2012
994,0.109009,-0.058411,1.036804,-9.0244,148.9024,-2.4695
995,0.103943,-0.058167,1.040222,-9.4207,149.7256,-2.1341
996,0.100769,-0.059204,1.044250,-9.8780,150.4878,-1.8293
997,0.095276,-0.061890,1.055115,-10.3049,151.1890,-1.4939
998,0.092468,-0.062439,1.059937,-10.7317,151.9512,-1.2195
999,0.090759,-0.062927,1.064819,-11.2195,152.7439,-1.1280
1000,0.089233,-0.064209,1.070190,-11.7683,153.6281,-0.8841
1001,0.087769,-0.065247,1.076477,-12.7439,155.2744,-0.3963
1002,0.085266,-0.064331,1.084229,-13.2927,156.0671,-0.2439
1003,0.082275,-0.062256,1.091370,-13.7805,157.0122,-0.0915
1004,0.080017,-0.059692,1.098389,-14.2683,157.9268,0.0915
1005,0.072449,-0.055420,1.113647,-14.6341,158.8415,0.2744
1006,0.069946,-0.053467,1.121216,-15.0915,159.7256,0.4268
1007,0.066772,-0.051575,1.128174,-15.5488,160.6707,0.6707
1008,0.063416,-0.047668,1.134155,-16.4634,162.6829,0.8841
1009,0.060669,-0.044678,1.139709,-16.8902,163.6281,0.8841
1010,0.057068,-0.041504,1.147156,-17.3171,164.6037,0.9451
1011,0.052612,-0.036499,1.154968,-17.6829,165.7317,1.0366
1012,0.045227,-0.031677,1.169128,-17.9878,166.7683,1.0061
1013,0.041626,-0.031006,1.174072,-18.2622,167.8963,1.0061
1014,0.038757,-0.031677,1.176208,-18.5366,168.9939,1.0976
1015,0.037109,-0.032898,1.178101,-18.7500,170.0305,1.1585
1016,0.035156,-0.034363,1.179260,-18.8415,172.1342,1.3415
1017,0.031982,-0.034180,1.179810,-18.7195,173.1098,1.5244
1018,0.028809,-0.033203,1.179565,-18.4756,174.0244,1.6463
1019,0.024353,-0.030640,1.181335,-18.2317,175.0305,1.8293
1020,0.021606,-0.029358,1.183228,-17.9268,176.0671,2.0122
1021,0.019348,-0.028381,1.183533,-17.5000,177.0732,2.1341
1022,0.017822,-0.028442,1.184326,-17.1037,178.0488,2.1646
1023,0.017212,-0.027710,1.185669,-16.0671,179.9085,2.4390
#end raw
#begin stats
axis,data,min,max,mean,median,mode,mode_count,variance,std
ax,raw,-0.436401,0.271057,-0.023952,0.041321,0.215149,3,0.051443,0.226811
ax,zscore,-1.818470,1.300681,-0.000000,0.287784,1.054184,3,1.000000,1.000000
ay,raw,-0.093506,0.026733,-0.031965,-0.031128,-0.041260,5,0.000534,0.023101
ay,zscore,-2.663945,2.540904,0.000000,0.036235,-0.402346,5,1.000000,1.000000
az,raw,0.764282,1.207764,1.021463,1.038666,0.789124,4,0.012808,0.113172
az,zscore,-2.272476,1.646166,0.000001,0.152002,-2.052976,4,1.000000,1.000000
gx,raw,-24.695122,23.048780,-3.018293,-3.292683,0.548781,6,102.124077,10.105646
gx,zscore,-2.145021,2.579456,-0.000000,-0.027152,0.352978,6,1.000000,1.000000
gy,raw,-245.121964,200.548782,0.949111,25.106709,137.652435,3,21690.294922,147.276260
gy,zscore,-1.670813,1.355274,-0.000000,0.164029,0.928210,3,1.000000,1.000000
gz,raw,-28.231709,19.908537,-1.080828,-0.975610,-0.548781,7,112.106262,10.588024
gz,zscore,-2.564301,1.982368,-0.000000,0.009938,0.050250,7,1.000000,1.000000
#end stats
#begin quantization
axis,bits,snr_db,rmse,max_abs_err,clips,delta,theory_rmse,theory_max_err,theory_snr_db
ax,16,96.44,8.730e-06,1.526e-05,0,3.052e-05,8.810e-06,1.524e-05,96.36
ax,8,48.12,2.275e-03,3.903e-03,0,7.812e-03,2.255e-03,3.902e-03,48.19
ax,4,24.19,3.577e-02,6.249e-02,0,1.250e-01,3.608e-02,6.244e-02,24.11
ay,16,91.60,8.860e-06,1.523e-05,0,3.052e-05,8.810e-06,1.524e-05,91.65
ay,8,43.70,2.199e-03,3.894e-03,0,7.812e-03,2.255e-03,3.902e-03,43.48
ay,4,19.53,3.555e-02,6.244e-02,0,1.250e-01,3.608e-02,6.244e-02,19.40
az,16,94.59,8.722e-06,1.526e-05,0,3.052e-05,8.810e-06,1.524e-05,94.50
az,8,46.16,2.302e-03,3.899e-03,0,7.812e-03,2.255e-03,3.902e-03,46.34
az,4,22.50,3.509e-02,6.238e-02,0,1.250e-01,3.608e-02,6.244e-02,22.25
gx,16,92.85,8.633e-06,1.526e-05,0,3.052e-05,8.810e-06,1.524e-05,92.67
gx,8,44.40,2.282e-03,3.901e-03,0,7.812e-03,2.255e-03,3.902e-03,44.51
gx,4,20.10,3.747e-02,6.242e-02,0,1.250e-01,3.608e-02,6.244e-02,20.42
gy,16,96.42,8.832e-06,1.526e-05,0,3.052e-05,8.810e-06,1.524e-05,96.45
gy,8,48.09,2.306e-03,3.904e-03,0,7.812e-03,2.255e-03,3.902e-03,48.28
gy,4,24.40,3.525e-02,6.249e-02,0,1.250e-01,3.608e-02,6.244e-02,24.20
gz,16,93.08,8.884e-06,1.526e-05,0,3.052e-05,8.810e-06,1.524e-05,93.16
gz,8,45.01,2.251e-03,3.904e-03,0,7.812e-03,2.255e-03,3.902e-03,44.99
gz,4,21.29,3.454e-02,6.238e-02,0,1.250e-01,3.608e-02,6.244e-02,20.91
#end quantization
#begin quant_samples
i,ax_in,ax_q16,ax_q8,ax_q4
0,0.1910642,0.1910706,0.1875000,0.2500000
1,0.2073700,0.2073669,0.2109375,0.2500000
2,0.2162777,0.2162781,0.2187500,0.2500000
3,0.2214110,0.2214050,0.2187500,0.2500000
4,0.2295639,0.2295532,0.2265625,0.2500000
5,0.2390756,0.2390747,0.2421875,0.2500000
6,0.2470775,0.2470703,0.2500000,0.2500000
7,0.2552303,0.2552185,0.2578125,0.2500000
8,0.2751596,0.2751465,0.2734375,0.2500000
9,0.2831615,0.2831726,0.2812500,0.2500000
10,0.2902575,0.2902527,0.2890625,0.2500000
11,0.2985614,0.2985535,0.2968750,0.2500000
12,0.3059593,0.3059692,0.3046875,0.2500000
13,0.3110926,0.3110962,0.3125000,0.2500000
14,0.3184907,0.3184814,0.3203125,0.3750000
15,0.3328337,0.3328247,0.3359375,0.3750000
16,0.3376650,0.3376770,0.3359375,0.3750000
17,0.3437042,0.3436890,0.3437500,0.3750000
18,0.3497434,0.3497314,0.3515625,0.3750000
19,0.3562354,0.3562317,0.3593750,0.3750000
20,0.3633315,0.3633423,0.3671875,0.3750000
21,0.3684647,0.3684692,0.3671875,0.3750000
22,0.3752588,0.3752441,0.3750000,0.3750000
23,0.3971508,0.3971558,0.3984375,0.3750000
24,0.4081723,0.4081726,0.4062500,0.3750000
25,0.4163252,0.4163208,0.4140625,0.3750000
26,0.4253839,0.4253845,0.4218750,0.3750000
27,0.4374622,0.4374695,0.4375000,0.3750000
28,0.4508994,0.4508972,0.4531250,0.5000000
29,0.4640346,0.4640198,0.4609375,0.5000000
30,0.4936265,0.4936218,0.4921875,0.5000000
31,0.5060068,0.5060120,0.5078125,0.5000000
32,0.5211048,0.5211182,0.5234375,0.5000000
33,0.5410340,0.5410461,0.5390625,0.5000000
34,0.5579436,0.5579529,0.5546875,0.5000000
35,0.5679083,0.5679016,0.5703125,0.6250000
36,0.5775710,0.5775757,0.5781250,0.6250000
37,0.5981042,0.5981140,0.6015625,0.6250000
38,0.6104844,0.6104736,0.6093750,0.6250000
39,0.6216570,0.6216431,0.6250000,0.6250000
40,0.6344901,0.6344910,0.6328125,0.6250000
41,0.6459646,0.6459656,0.6484375,0.6250000
42,0.6556272,0.6556396,0.6562500,0.6250000
43,0.6645350,0.6645203,0.6640625,0.6250000
44,0.6732917,0.6732788,0.6718750,0.6250000
45,0.6960896,0.6960754,0.6953125,0.7500000
46,0.7010719,0.7010803,0.7031250,0.7500000
47,0.7025818,0.7025757,0.7031250,0.7500000
48,0.7078661,0.7078552,0.7109375,0.7500000
49,0.7158679,0.7158813,0.7187500,0.7500000
50,0.7196424,0.7196350,0.7187500,0.7500000
51,0.7211522,0.7211609,0.7187500,0.7500000
52,0.7243227,0.7243347,0.7265625,0.7500000
53,0.7309658,0.7309570,0.7343750,0.7500000
54,0.7367030,0.7366943,0.7343750,0.7500000
55,0.7391188,0.7391052,0.7421875,0.7500000
56,0.7383639,0.7383728,0.7421875,0.7500000
57,0.7404776,0.7404785,0.7421875,0.7500000
58,0.7480264,0.7480164,0.7500000,0.7500000
59,0.7549715,0.7549744,0.7578125,0.7500000
60,0.7561794,0.7561646,0.7578125,0.7500000
61,0.7551225,0.7551270,0.7578125,0.7500000
62,0.7530088,0.7530212,0.7500000,0.7500000
63,0.7490833,0.7490845,0.7500000,0.7500000
64,0.7434971,0.7434998,0.7421875,0.7500000
65,0.7392697,0.7392578,0.7421875,0.7500000
66,0.7371560,0.7371521,0.7343750,0.7500000
67,0.7371560,0.7371521,0.7343750,0.7500000
68,0.7365520,0.7365417,0.7343750,0.7500000
69,0.7359482,0.7359619,0.7343750,0.7500000
70,0.7367030,0.7366943,0.7343750,0.7500000
71,0.7382128,0.7382202,0.7343750,0.7500000
72,0.7403265,0.7403259,0.7421875,0.7500000
73,0.7398736,0.7398682,0.7421875,0.7500000
74,0.7368540,0.7368469,0.7343750,0.7500000
75,0.7374579,0.7374573,0.7343750,0.7500000
76,0.7401756,0.7401733,0.7421875,0.7500000
77,0.7442521,0.7442627,0.7421875,0.7500000
78,0.7472715,0.7472839,0.7500000,0.7500000
79,0.7487814,0.7487793,0.7500000,0.7500000
80,0.7513480,0.7513428,0.7500000,0.7500000
81,0.7492343,0.7492371,0.7500000,0.7500000
82,0.7483284,0.7483215,0.7500000,0.7500000
83,0.7474226,0.7474365,0.7500000,0.7500000
84,0.7439501,0.7439575,0.7421875,0.7500000
85,0.7397226,0.7397156,0.7421875,0.7500000
86,0.7398736,0.7398682,0.7421875,0.7500000
87,0.7374579,0.7374573,0.7343750,0.7500000
88,0.7336835,0.7336731,0.7343750,0.7500000
89,0.7262855,0.7262878,0.7265625,0.7500000
90,0.7188874,0.7189026,0.7187500,0.7500000
91,0.7129993,0.7130127,0.7109375,0.7500000
92,0.7122444,0.7122498,0.7109375,0.7500000
93,0.7117915,0.7117920,0.7109375,0.7500000
94,0.7108855,0.7108765,0.7109375,0.7500000
95,0.7123954,0.7124023,0.7109375,0.7500000
96,0.7155660,0.7155762,0.7187500,0.7500000
97,0.7166228,0.7166138,0.7187500,0.7500000
98,0.7191894,0.7191772,0.7187500,0.7500000
99,0.7216051,0.7216187,0.7187500,0.7500000
100,0.7219071,0.7218933,0.7187500,0.7500000
101,0.7235678,0.7235718,0.7265625,0.7500000
102,0.7265875,0.7265930,0.7265625,0.7500000
103,0.7274933,0.7274780,0.7265625,0.7500000
104,0.7282482,0.7282410,0.7265625,0.7500000
105,0.7285501,0.7285461,0.7265625,0.7500000
106,0.7294561,0.7294617,0.7265625,0.7500000
107,0.7285501,0.7285461,0.7265625,0.7500000
108,0.7283992,0.7283936,0.7265625,0.7500000
109,0.7306638,0.7306519,0.7343750,0.7500000
110,0.7339854,0.7339783,0.7343750,0.7500000
111,0.7368540,0.7368469,0.7343750,0.7500000
112,0.7362500,0.7362366,0.7343750,0.7500000
113,0.7353442,0.7353516,0.7343750,0.7500000
114,0.7353442,0.7353516,0.7343750,0.7500000
115,0.7357972,0.7358093,0.7343750,0.7500000
116,0.7394207,0.7394104,0.7421875,0.7500000
117,0.7431951,0.7431946,0.7421875,0.7500000
118,0.7505932,0.7505798,0.7500000,0.7500000
119,0.7519520,0.7519531,0.7500000,0.7500000
120,0.7569343,0.7569275,0.7578125,0.7500000
121,0.7637284,0.7637329,0.7656250,0.7500000
122,0.7693146,0.7693176,0.7656250,0.7500000
123,0.7745988,0.7745972,0.7734375,0.7500000
124,0.7800341,0.7800293,0.7812500,0.7500000
125,0.7937732,0.7937622,0.7968750,0.7500000
126,0.8002653,0.8002625,0.7968750,0.7500000
127,0.8064555,0.8064575,0.8046875,0.7500000
128,0.8124946,0.8125000,0.8125000,0.7500000
129,0.8147594,0.8147583,0.8125000,0.8750000
130,0.8171749,0.8171692,0.8203125,0.8750000
131,0.8227612,0.8227539,0.8203125,0.8750000
132,0.8274416,0.8274536,0.8281250,0.8750000
133,0.8358964,0.8359070,0.8359375,0.8750000
134,0.8386140,0.8386230,0.8359375,0.8750000
135,0.8425395,0.8425293,0.8437500,0.8750000
136,0.8484276,0.8484192,0.8515625,0.8750000
137,0.8541648,0.8541565,0.8515625,0.8750000
138,0.8565806,0.8565674,0.8593750,0.8750000
139,0.8588452,0.8588562,0.8593750,0.8750000
140,0.8633747,0.8633728,0.8671875,0.8750000
141,0.8665452,0.8665466,0.8671875,0.8750000
142,0.8665452,0.8665466,0.8671875,0.8750000
143,0.8682059,0.8681946,0.8671875,0.8750000
144,0.8701687,0.8701782,0.8671875,0.8750000
145,0.8712255,0.8712158,0.8750000,0.8750000
146,0.8745471,0.8745422,0.8750000,0.8750000
147,0.8750000,0.8750000,0.8750000,0.8750000
148,0.8733392,0.8733521,0.8750000,0.8750000
149,0.8700177,0.8700256,0.8671875,0.8750000
150,0.8679040,0.8678894,0.8671875,0.8750000
151,0.8651864,0.8651733,0.8671875,0.8750000
152,0.8588452,0.8588562,0.8593750,0.8750000
153,0.8517492,0.8517456,0.8515625,0.8750000
154,0.8454081,0.8453979,0.8437500,0.8750000
155,0.8286494,0.8286438,0.8281250,0.8750000
156,0.8220062,0.8220215,0.8203125,0.8750000
157,0.8138534,0.8138428,0.8125000,0.8750000
158,0.8081162,0.8081055,0.8046875,0.7500000
159,0.8031339,0.8031311,0.8046875,0.7500000
160,0.7986045,0.7986145,0.7968750,0.7500000
161,0.7966418,0.7966309,0.7968750,0.7500000
162,0.7839596,0.7839661,0.7812500,0.7500000
163,0.7788262,0.7788391,0.7812500,0.7500000
164,0.7749008,0.7749023,0.7734375,0.7500000
165,0.7724851,0.7724915,0.7734375,0.7500000
166,0.7702204,0.7702332,0.7734375,0.7500000
167,0.7705224,0.7705078,0.7734375,0.7500000
168,0.7726361,0.7726440,0.7734375,0.7500000
169,0.7690126,0.7690125,0.7656250,0.7500000
170,0.7703714,0.7703857,0.7734375,0.7500000
171,0.7712772,0.7712708,0.7734375,0.7500000
172,0.7755048,0.7755127,0.7734375,0.7500000
173,0.7774674,0.7774658,0.7812500,0.7500000
174,0.7750517,0.7750549,0.7734375,0.7500000
175,0.7759576,0.7759705,0.7734375,0.7500000
176,0.7801850,0.7801819,0.7812500,0.7500000
177,0.7765616,0.7765503,0.7734375,0.7500000
178,0.7720323,0.7720337,0.7734375,0.7500000
179,0.7717302,0.7717285,0.7734375,0.7500000
180,0.7733909,0.7733765,0.7734375,0.7500000
181,0.7738439,0.7738342,0.7734375,0.7500000
182,0.7739949,0.7739868,0.7734375,0.7500000
183,0.7694655,0.7694702,0.7656250,0.7500000
184,0.7591990,0.7591858,0.7578125,0.7500000
185,0.7575382,0.7575378,0.7578125,0.7500000
186,0.7561794,0.7561646,0.7578125,0.7500000
187,0.7555754,0.7555847,0.7578125,0.7500000
188,0.7537637,0.7537537,0.7500000,0.7500000
189,0.7519520,0.7519531,0.7500000,0.7500000
190,0.7504421,0.7504272,0.7500000,0.7500000
191,0.7537637,0.7537537,0.7500000,0.7500000
192,0.7585950,0.7586060,0.7578125,0.7500000
193,0.7613127,0.7613220,0.7578125,0.7500000
194,0.7610107,0.7610168,0.7578125,0.7500000
195,0.7605577,0.7605591,0.7578125,0.7500000
196,0.7607087,0.7607117,0.7578125,0.7500000
197,0.7613127,0.7613220,0.7578125,0.7500000
198,0.7604068,0.7604065,0.7578125,0.7500000
199,0.7486304,0.7486267,0.7500000,0.7500000
200,0.7392697,0.7392578,0.7421875,0.7500000
201,0.7296070,0.7296143,0.7265625,0.7500000
202,0.7194914,0.7194824,0.7187500,0.7500000
203,0.7099798,0.7099915,0.7109375,0.7500000
204,0.7051484,0.7051392,0.7031250,0.7500000
205,0.7033367,0.7033386,0.7031250,0.7500000
206,0.6897485,0.6897583,0.6875000,0.7500000
207,0.6811427,0.6811523,0.6796875,0.6250000
208,0.6743486,0.6743469,0.6718750,0.6250000
209,0.6684604,0.6684570,0.6718750,0.6250000
210,0.6624213,0.6624146,0.6640625,0.6250000
211,0.6568351,0.6568298,0.6562500,0.6250000
212,0.6510978,0.6510925,0.6484375,0.6250000
213,0.6326783,0.6326904,0.6328125,0.6250000
214,0.6233176,0.6233215,0.6250000,0.6250000
215,0.6113903,0.6113892,0.6093750,0.6250000
216,0.6018786,0.6018677,0.6015625,0.6250000
217,0.5922160,0.5922241,0.5937500,0.6250000
218,0.5801376,0.5801392,0.5781250,0.6250000
219,0.5686632,0.5686646,0.5703125,0.6250000
220,0.5594534,0.5594482,0.5625000,0.5000000
221,0.5405810,0.5405884,0.5390625,0.5000000
222,0.5306164,0.5306091,0.5312500,0.5000000
223,0.5236713,0.5236816,0.5234375,0.5000000
224,0.5153675,0.5153809,0.5156250,0.5000000
225,0.5082715,0.5082703,0.5078125,0.5000000
226,0.5037421,0.5037537,0.5000000,0.5000000
227,0.4970990,0.4971008,0.5000000,0.5000000
228,0.4928716,0.4928589,0.4921875,0.5000000
229,0.4903049,0.4902954,0.4921875,0.5000000
230,0.4886442,0.4886475,0.4921875,0.5000000
231,0.4856246,0.4856262,0.4843750,0.5000000
232,0.4807933,0.4808044,0.4843750,0.5000000
233,0.4815482,0.4815369,0.4843750,0.5000000
234,0.4835109,0.4835205,0.4843750,0.5000000
235,0.4789816,0.4789734,0.4765625,0.5000000
236,0.4797364,0.4797363,0.4765625,0.5000000
237,0.4780757,0.4780884,0.4765625,0.5000000
238,0.4753580,0.4753723,0.4765625,0.5000000
239,0.4736972,0.4736938,0.4765625,0.5000000
240,0.4711306,0.4711304,0.4687500,0.5000000
241,0.4694698,0.4694824,0.4687500,0.5000000
242,0.4682620,0.4682617,0.4687500,0.5000000
243,0.4666013,0.4666138,0.4687500,0.5000000
244,0.4656953,0.4656982,0.4687500,0.5000000
245,0.4652424,0.4652405,0.4687500,0.5000000
246,0.4647895,0.4647827,0.4609375,0.5000000
247,0.4601091,0.4601135,0.4609375,0.5000000
248,0.4540700,0.4540710,0.4531250,0.5000000
249,0.4498426,0.4498291,0.4531250,0.5000000
250,0.4409348,0.4409485,0.4375000,0.5000000
251,0.4364054,0.4364014,0.4375000,0.3750000
252,0.4315740,0.4315796,0.4296875,0.3750000
253,0.4279506,0.4279480,0.4296875,0.3750000
254,0.4237232,0.4237366,0.4218750,0.3750000
255,0.4229682,0.4229736,0.4218750,0.3750000
256,0.4226663,0.4226685,0.4218750,0.3750000
257,0.4157213,0.4157104,0.4140625,0.3750000
258,0.4083232,0.4083252,0.4062500,0.3750000
259,0.4016802,0.4016724,0.3984375,0.3750000
260,0.3971508,0.3971558,0.3984375,0.3750000
261,0.3906587,0.3906555,0.3906250,0.3750000
262,0.3832607,0.3832703,0.3828125,0.3750000
263,0.3776745,0.3776855,0.3750000,0.3750000
264,0.3764667,0.3764648,0.3750000,0.3750000
265,0.3745039,0.3745117,0.3750000,0.3750000
266,0.3726922,0.3726807,0.3750000,0.3750000
267,0.3710314,0.3710327,0.3671875,0.3750000
268,0.3690687,0.3690796,0.3671875,0.3750000
269,0.3662001,0.3662109,0.3671875,0.3750000
270,0.3636335,0.3636475,0.3671875,0.3750000
271,0.3609158,0.3609009,0.3593750,0.3750000
272,0.3557825,0.3557739,0.3593750,0.3750000
273,0.3583491,0.3583374,0.3593750,0.3750000
274,0.3615197,0.3615112,0.3593750,0.3750000
275,0.3634824,0.3634949,0.3671875,0.3750000
276,0.3628785,0.3628845,0.3593750,0.3750000
277,0.3622746,0.3622742,0.3593750,0.3750000
278,0.3607648,0.3607788,0.3593750,0.3750000
279,0.3536688,0.3536682,0.3515625,0.3750000
280,0.3492904,0.3493042,0.3515625,0.3750000
281,0.3492904,0.3493042,0.3515625,0.3750000
282,0.3498943,0.3498840,0.3515625,0.3750000
283,0.3479316,0.3479309,0.3515625,0.3750000
284,0.3470258,0.3470154,0.3437500,0.3750000
285,0.3444590,0.3444519,0.3437500,0.3750000
286,0.3361552,0.3361511,0.3359375,0.3750000
287,0.3264926,0.3265076,0.3281250,0.3750000
288,0.3184907,0.3184814,0.3203125,0.3750000
289,0.3121495,0.3121643,0.3125000,0.2500000
290,0.3044496,0.3044434,0.3046875,0.2500000
291,0.2990143,0.2990112,0.2968750,0.2500000
292,0.2937300,0.2937317,0.2968750,0.2500000
293,0.2851242,0.2851257,0.2812500,0.2500000
294,0.2688185,0.2688293,0.2656250,0.2500000
295,0.2600617,0.2600708,0.2578125,0.2500000
296,0.2522108,0.2521973,0.2500000,0.2500000
297,0.2473795,0.2473755,0.2500000,0.2500000
298,0.2422461,0.2422485,0.2421875,0.2500000
299,0.2369619,0.2369690,0.2343750,0.2500000
300,0.2316776,0.2316895,0.2343750,0.2500000
301,0.2233738,0.2233887,0.2265625,0.2500000
302,0.2195993,0.2196045,0.2187500,0.2500000
303,0.2173345,0.2173462,0.2187500,0.2500000
304,0.2155228,0.2155151,0.2187500,0.2500000
305,0.2108425,0.2108459,0.2109375,0.2500000
306,0.2028406,0.2028503,0.2031250,0.2500000
307,0.1954426,0.1954346,0.1953125,0.2500000
308,0.1857799,0.1857910,0.1875000,0.1250000
309,0.1801936,0.1802063,0.1796875,0.1250000
310,0.1753623,0.1753540,0.1718750,0.1250000
311,0.1706820,0.1706848,0.1718750,0.1250000
312,0.1638879,0.1638794,0.1640625,0.1250000
313,0.1578488,0.1578369,0.1562500,0.1250000
314,0.1524135,0.1524048,0.1562500,0.1250000
315,0.1495449,0.1495361,0.1484375,0.1250000
316,0.1389764,0.1389771,0.1406250,0.1250000
317,0.1353528,0.1353455,0.1328125,0.1250000
318,0.1317294,0.1317444,0.1328125,0.1250000
319,0.1278040,0.1278076,0.1250000,0.1250000
320,0.1231235,0.1231384,0.1250000,0.1250000
321,0.1190471,0.1190491,0.1171875,0.1250000
322,0.1151216,0.1151123,0.1171875,0.1250000
323,0.1140648,0.1140747,0.1171875,0.1250000
324,0.1164805,0.1164856,0.1171875,0.1250000
325,0.1195001,0.1195068,0.1171875,0.1250000
326,0.1220667,0.1220703,0.1250000,0.1250000
327,0.1210098,0.1210022,0.1171875,0.1250000
328,0.1193490,0.1193542,0.1171875,0.1250000
329,0.1204059,0.1203918,0.1171875,0.1250000
330,0.1111962,0.1112061,0.1093750,0.1250000
331,0.1071198,0.1071167,0.1093750,0.1250000
332,0.1024393,0.1024475,0.1015625,0.1250000
333,0.0971551,0.0971680,0.0937500,0.1250000
334,0.0899081,0.0899048,0.0937500,0.1250000
335,0.0797925,0.0798035,0.0781250,0.1250000
336,0.0696769,0.0696716,0.0703125,0.1250000
337,0.0574476,0.0574341,0.0546875,0.0000000
338,0.0331399,0.0331421,0.0312500,0.0000000
339,0.0210616,0.0210571,0.0234375,0.0000000
340,0.0070206,0.0070190,0.0078125,0.0000000
341,-0.0092852,-0.0092773,-0.0078125,0.0000000
342,-0.0269498,-0.0269470,-0.0234375,0.0000000
343,-0.0438595,-0.0438538,-0.0468750,0.0000000
344,-0.0598633,-0.0598755,-0.0625000,0.0000000
345,-0.0959473,-0.0959473,-0.0937500,-0.1250000
346,-0.1072707,-0.1072693,-0.1093750,-0.1250000
347,-0.1191981,-0.1192017,-0.1171875,-0.1250000
348,-0.1347489,-0.1347351,-0.1328125,-0.1250000
349,-0.1483371,-0.1483459,-0.1484375,-0.1250000
350,-0.1579998,-0.1579895,-0.1562500,-0.1250000
351,-0.1643409,-0.1643372,-0.1640625,-0.1250000
352,-0.1817034,-0.1817017,-0.1796875,-0.1250000
353,-0.1891015,-0.1890869,-0.1875000,-0.2500000
354,-0.1933289,-0.1933289,-0.1953125,-0.2500000
355,-0.1995190,-0.1995239,-0.2031250,-0.2500000
356,-0.2076719,-0.2076721,-0.2109375,-0.2500000
357,-0.2146170,-0.2146301,-0.2109375,-0.2500000
358,-0.2224679,-0.2224731,-0.2187500,-0.2500000
359,-0.2327344,-0.2327271,-0.2343750,-0.2500000
360,-0.2500970,-0.2500916,-0.2500000,-0.2500000
361,-0.2561362,-0.2561340,-0.2578125,-0.2500000
362,-0.2608166,-0.2608032,-0.2578125,-0.2500000
363,-0.2636852,-0.2636719,-0.2656250,-0.2500000
364,-0.2712342,-0.2712402,-0.2734375,-0.2500000
365,-0.2790850,-0.2790833,-0.2812500,-0.2500000
366,-0.2843693,-0.2843628,-0.2812500,-0.2500000
367,-0.2934281,-0.2934265,-0.2968750,-0.2500000
368,-0.2984104,-0.2984009,-0.2968750,-0.2500000
369,-0.3017320,-0.3017273,-0.3046875,-0.2500000
370,-0.3076202,-0.3076172,-0.3046875,-0.2500000
371,-0.3168299,-0.3168335,-0.3203125,-0.3750000
372,-0.3254357,-0.3254395,-0.3281250,-0.3750000
373,-0.3331356,-0.3331299,-0.3359375,-0.3750000
374,-0.3553295,-0.3553162,-0.3515625,-0.3750000
375,-0.3704275,-0.3704224,-0.3671875,-0.3750000
376,-0.3850725,-0.3850708,-0.3828125,-0.3750000
377,-0.3998684,-0.3998718,-0.3984375,-0.3750000
378,-0.4158722,-0.4158630,-0.4140625,-0.3750000
379,-0.4317250,-0.4317322,-0.4296875,-0.3750000
380,-0.4481818,-0.4481812,-0.4453125,-0.5000000
381,-0.4646385,-0.4646301,-0.4609375,-0.5000000
382,-0.4990618,-0.4990540,-0.5000000,-0.5000000
383,-0.5159714,-0.5159607,-0.5156250,-0.5000000
384,-0.5316733,-0.5316772,-0.5312500,-0.5000000
385,-0.5496398,-0.5496521,-0.5468750,-0.5000000
386,-0.5665495,-0.5665588,-0.5703125,-0.6250000
387,-0.5813454,-0.5813599,-0.5781250,-0.6250000
388,-0.5971982,-0.5971985,-0.5937500,-0.6250000
389,-0.6233176,-0.6233215,-0.6250000,-0.6250000
390,-0.6353960,-0.6354065,-0.6328125,-0.6250000
391,-0.6476253,-0.6476135,-0.6484375,-0.6250000
392,-0.6572880,-0.6572876,-0.6562500,-0.6250000
393,-0.6643840,-0.6643982,-0.6640625,-0.6250000
394,-0.6714801,-0.6714783,-0.6718750,-0.6250000
395,-0.6800859,-0.6800842,-0.6796875,-0.6250000
396,-0.6920132,-0.6920166,-0.6953125,-0.7500000
397,-0.6942779,-0.6942749,-0.6953125,-0.7500000
398,-0.6971465,-0.6971436,-0.6953125,-0.7500000
399,-0.6980523,-0.6980591,-0.6953125,-0.7500000
400,-0.6991092,-0.6990967,-0.6953125,-0.7500000
401,-0.6997131,-0.6997070,-0.7031250,-0.7500000
402,-0.6995622,-0.6995544,-0.7031250,-0.7500000
403,-0.7009210,-0.7009277,-0.7031250,-0.7500000
404,-0.6982033,-0.6982117,-0.6953125,-0.7500000
405,-0.6911073,-0.6911011,-0.6875000,-0.7500000
406,-0.6838603,-0.6838684,-0.6875000,-0.6250000
407,-0.6755565,-0.6755676,-0.6718750,-0.6250000
408,-0.6687624,-0.6687622,-0.6718750,-0.6250000
409,-0.6655918,-0.6655884,-0.6640625,-0.6250000
410,-0.6597036,-0.6596985,-0.6562500,-0.6250000
411,-0.6468704,-0.6468811,-0.6484375,-0.6250000
412,-0.6406803,-0.6406860,-0.6406250,-0.6250000
413,-0.6323764,-0.6323853,-0.6328125,-0.6250000
414,-0.6251294,-0.6251221,-0.6250000,-0.6250000
415,-0.6209019,-0.6209106,-0.6171875,-0.6250000
416,-0.6174294,-0.6174316,-0.6171875,-0.6250000
417,-0.6151648,-0.6151733,-0.6171875,-0.6250000
418,-0.6159197,-0.6159058,-0.6171875,-0.6250000
419,-0.6186373,-0.6186523,-0.6171875,-0.6250000
420,-0.6207510,-0.6207581,-0.6171875,-0.6250000
421,-0.6242235,-0.6242371,-0.6250000,-0.6250000
422,-0.6258844,-0.6258850,-0.6250000,-0.6250000
423,-0.6298097,-0.6298218,-0.6328125,-0.6250000
424,-0.6349431,-0.6349487,-0.6328125,-0.6250000
425,-0.6373588,-0.6373596,-0.6406250,-0.6250000
426,-0.6447567,-0.6447449,-0.6484375,-0.6250000
427,-0.6504939,-0.6504822,-0.6484375,-0.6250000
428,-0.6550233,-0.6550293,-0.6562500,-0.6250000
429,-0.6578919,-0.6578979,-0.6562500,-0.6250000
430,-0.6618173,-0.6618042,-0.6640625,-0.6250000
431,-0.6651390,-0.6651306,-0.6640625,-0.6250000
432,-0.6677055,-0.6676941,-0.6640625,-0.6250000
433,-0.6680075,-0.6679993,-0.6718750,-0.6250000
434,-0.6728389,-0.6728516,-0.6718750,-0.6250000
435,-0.6754054,-0.6754150,-0.6718750,-0.6250000
436,-0.6767642,-0.6767578,-0.6796875,-0.6250000
437,-0.6797839,-0.6797791,-0.6796875,-0.6250000
438,-0.6831054,-0.6831055,-0.6796875,-0.6250000
439,-0.6847662,-0.6847534,-0.6875000,-0.6250000
440,-0.6908054,-0.6907959,-0.6875000,-0.7500000
441,-0.6975994,-0.6976013,-0.6953125,-0.7500000
442,-0.7054504,-0.7054443,-0.7031250,-0.7500000
443,-0.7116405,-0.7116394,-0.7109375,-0.7500000
444,-0.7099798,-0.7099915,-0.7109375,-0.7500000
445,-0.7054504,-0.7054443,-0.7031250,-0.7500000
446,-0.7060543,-0.7060547,-0.7031250,-0.7500000
447,-0.7102817,-0.7102966,-0.7109375,-0.7500000
448,-0.7111876,-0.7111816,-0.7109375,-0.7500000
449,-0.7131503,-0.7131653,-0.7109375,-0.7500000
450,-0.7139052,-0.7138977,-0.7109375,-0.7500000
451,-0.7113386,-0.7113342,-0.7109375,-0.7500000
452,-0.7063562,-0.7063599,-0.7031250,-0.7500000
453,-0.7036386,-0.7036438,-0.7031250,-0.7500000
454,-0.7042425,-0.7042542,-0.7031250,-0.7500000
455,-0.6935230,-0.6935120,-0.6953125,-0.7500000
456,-0.6873328,-0.6873474,-0.6875000,-0.6250000
457,-0.6825016,-0.6824951,-0.6796875,-0.6250000
458,-0.6735938,-0.6735840,-0.6718750,-0.6250000
459,-0.6667997,-0.6668091,-0.6640625,-0.6250000
460,-0.6640821,-0.6640930,-0.6640625,-0.6250000
461,-0.6604585,-0.6604614,-0.6640625,-0.6250000
462,-0.6587978,-0.6587830,-0.6562500,-0.6250000
463,-0.6618173,-0.6618042,-0.6640625,-0.6250000
464,-0.6643840,-0.6643982,-0.6640625,-0.6250000
465,-0.6645350,-0.6645203,-0.6640625,-0.6250000
466,-0.6642330,-0.6642456,-0.6640625,-0.6250000
467,-0.6622703,-0.6622620,-0.6640625,-0.6250000
468,-0.6607605,-0.6607666,-0.6640625,-0.6250000
469,-0.6600056,-0.6600037,-0.6562500,-0.6250000
470,-0.6488332,-0.6488342,-0.6484375,-0.6250000
471,-0.6455116,-0.6455078,-0.6484375,-0.6250000
472,-0.6409822,-0.6409912,-0.6406250,-0.6250000
473,-0.6372077,-0.6372070,-0.6406250,-0.6250000
474,-0.6335843,-0.6335754,-0.6328125,-0.6250000
475,-0.6328294,-0.6328430,-0.6328125,-0.6250000
476,-0.6319234,-0.6319275,-0.6328125,-0.6250000
477,-0.6261863,-0.6261902,-0.6250000,-0.6250000
478,-0.6276960,-0.6276855,-0.6250000,-0.6250000
479,-0.6295078,-0.6295166,-0.6328125,-0.6250000
480,-0.6338862,-0.6338806,-0.6328125,-0.6250000
481,-0.6373588,-0.6373596,-0.6406250,-0.6250000
482,-0.6381136,-0.6381226,-0.6406250,-0.6250000
483,-0.6406803,-0.6406860,-0.6406250,-0.6250000
484,-0.6471724,-0.6471863,-0.6484375,-0.6250000
485,-0.6459646,-0.6459656,-0.6484375,-0.6250000
486,-0.6468704,-0.6468811,-0.6484375,-0.6250000
487,-0.6513998,-0.6513977,-0.6484375,-0.6250000
488,-0.6556272,-0.6556396,-0.6562500,-0.6250000
489,-0.6580428,-0.6580505,-0.6562500,-0.6250000
490,-0.6619684,-0.6619568,-0.6640625,-0.6250000
491,-0.6652899,-0.6652832,-0.6640625,-0.6250000
492,-0.6744996,-0.6744995,-0.6718750,-0.6250000
493,-0.6800859,-0.6800842,-0.6796875,-0.6250000
494,-0.6843133,-0.6843262,-0.6875000,-0.6250000
495,-0.6871818,-0.6871948,-0.6875000,-0.6250000
496,-0.6911073,-0.6911011,-0.6875000,-0.7500000
497,-0.6942779,-0.6942749,-0.6953125,-0.7500000
498,-0.6965426,-0.6965332,-0.6953125,-0.7500000
499,-0.7077150,-0.7077026,-0.7109375,-0.7500000
500,-0.7111876,-0.7111816,-0.7109375,-0.7500000
501,-0.7137542,-0.7137451,-0.7109375,-0.7500000
502,-0.7184346,-0.7184448,-0.7187500,-0.7500000
503,-0.7244737,-0.7244873,-0.7265625,-0.7500000
504,-0.7308149,-0.7308044,-0.7343750,-0.7500000
505,-0.7356462,-0.7356567,-0.7343750,-0.7500000
506,-0.7357972,-0.7358093,-0.7343750,-0.7500000
507,-0.7382128,-0.7382202,-0.7343750,-0.7500000
508,-0.7424402,-0.7424316,-0.7421875,-0.7500000
509,-0.7472715,-0.7472839,-0.7500000,-0.7500000
510,-0.7495363,-0.7495422,-0.7500000,-0.7500000
511,-0.7496873,-0.7496948,-0.7500000,-0.7500000
512,-0.7508951,-0.7508850,-0.7500000,-0.7500000
513,-0.7537637,-0.7537537,-0.7500000,-0.7500000
514,-0.7575382,-0.7575378,-0.7578125,-0.7500000
515,-0.7567832,-0.7567749,-0.7578125,-0.7500000
516,-0.7554245,-0.7554321,-0.7578125,-0.7500000
517,-0.7537637,-0.7537537,-0.7500000,-0.7500000
518,-0.7516500,-0.7516479,-0.7500000,-0.7500000
519,-0.7495363,-0.7495422,-0.7500000,-0.7500000
520,-0.7457618,-0.7457581,-0.7421875,-0.7500000
521,-0.7397226,-0.7397156,-0.7421875,-0.7500000
522,-0.7385148,-0.7385254,-0.7421875,-0.7500000
523,-0.7345893,-0.7345886,-0.7343750,-0.7500000
524,-0.7274933,-0.7274780,-0.7265625,-0.7500000
525,-0.7228130,-0.7228088,-0.7265625,-0.7500000
526,-0.7178307,-0.7178345,-0.7187500,-0.7500000
527,-0.7090738,-0.7090759,-0.7109375,-0.7500000
528,-0.6951838,-0.6951904,-0.6953125,-0.7500000
529,-0.6868799,-0.6868896,-0.6875000,-0.6250000
530,-0.6788779,-0.6788635,-0.6796875,-0.6250000
531,-0.6725368,-0.6725464,-0.6718750,-0.6250000
532,-0.6645350,-0.6645203,-0.6640625,-0.6250000
533,-0.6563821,-0.6563721,-0.6562500,-0.6250000
534,-0.6477763,-0.6477661,-0.6484375,-0.6250000
535,-0.6417371,-0.6417236,-0.6406250,-0.6250000
536,-0.6320745,-0.6320801,-0.6328125,-0.6250000
537,-0.6270921,-0.6271057,-0.6250000,-0.6250000
538,-0.6175805,-0.6175842,-0.6171875,-0.6250000
539,-0.6077668,-0.6077576,-0.6093750,-0.6250000
540,-0.6009728,-0.6009827,-0.6015625,-0.6250000
541,-0.5946317,-0.5946350,-0.5937500,-0.6250000
542,-0.5845160,-0.5845032,-0.5859375,-0.6250000
543,-0.5636809,-0.5636902,-0.5625000,-0.6250000
544,-0.5546221,-0.5546265,-0.5546875,-0.5000000
545,-0.5448084,-0.5447998,-0.5468750,-0.5000000
546,-0.5349948,-0.5350037,-0.5312500,-0.5000000
547,-0.5247282,-0.5247192,-0.5234375,-0.5000000
548,-0.5161225,-0.5161133,-0.5156250,-0.5000000
549,-0.5096303,-0.5096436,-0.5078125,-0.5000000
550,-0.4977030,-0.4977112,-0.5000000,-0.5000000
551,-0.4910599,-0.4910583,-0.4921875,-0.5000000
552,-0.4827560,-0.4827576,-0.4843750,-0.5000000
553,-0.4752071,-0.4752197,-0.4765625,-0.5000000
554,-0.4670541,-0.4670410,-0.4687500,-0.5000000
555,-0.4593542,-0.4593506,-0.4609375,-0.5000000
556,-0.4534660,-0.4534607,-0.4531250,-0.5000000
557,-0.4472759,-0.4472656,-0.4453125,-0.5000000
558,-0.4382171,-0.4382019,-0.4375000,-0.5000000
559,-0.4361034,-0.4360962,-0.4375000,-0.3750000
560,-0.4330839,-0.4330750,-0.4296875,-0.3750000
561,-0.4309702,-0.4309692,-0.4296875,-0.3750000
562,-0.4294603,-0.4294739,-0.4296875,-0.3750000
563,-0.4259878,-0.4259949,-0.4296875,-0.3750000
564,-0.4213075,-0.4212952,-0.4218750,-0.3750000
565,-0.4081723,-0.4081726,-0.4062500,-0.3750000
566,-0.4028880,-0.4028931,-0.4062500,-0.3750000
567,-0.3988116,-0.3988037,-0.3984375,-0.3750000
568,-0.3939803,-0.3939819,-0.3906250,-0.3750000
569,-0.3874881,-0.3874817,-0.3906250,-0.3750000
570,-0.3852234,-0.3852234,-0.3828125,-0.3750000
571,-0.3846195,-0.3846130,-0.3828125,-0.3750000
572,-0.3772215,-0.3772278,-0.3750000,-0.3750000
573,-0.3782784,-0.3782654,-0.3750000,-0.3750000
574,-0.3793353,-0.3793335,-0.3828125,-0.3750000
575,-0.3812980,-0.3812866,-0.3828125,-0.3750000
576,-0.3856764,-0.3856812,-0.3828125,-0.3750000
577,-0.3879411,-0.3879395,-0.3906250,-0.3750000
578,-0.3899038,-0.3898926,-0.3906250,-0.3750000
579,-0.3938293,-0.3938293,-0.3906250,-0.3750000
580,-0.3983586,-0.3983459,-0.3984375,-0.3750000
581,-0.4019821,-0.4019775,-0.3984375,-0.3750000
582,-0.4060585,-0.4060669,-0.4062500,-0.3750000
583,-0.4111919,-0.4111938,-0.4140625,-0.3750000
584,-0.4166271,-0.4166260,-0.4140625,-0.3750000
585,-0.4196467,-0.4196472,-0.4218750,-0.3750000
586,-0.4240251,-0.4240112,-0.4218750,-0.3750000
587,-0.4320270,-0.4320374,-0.4296875,-0.3750000
588,-0.4382171,-0.4382019,-0.4375000,-0.5000000
589,-0.4456151,-0.4456177,-0.4453125,-0.5000000
590,-0.4539190,-0.4539185,-0.4531250,-0.5000000
591,-0.4604111,-0.4604187,-0.4609375,-0.5000000
592,-0.4661483,-0.4661560,-0.4687500,-0.5000000
593,-0.4727914,-0.4727783,-0.4765625,-0.5000000
594,-0.4860775,-0.4860840,-0.4843750,-0.5000000
595,-0.4963442,-0.4963379,-0.5000000,-0.5000000
596,-0.5072147,-0.5072021,-0.5078125,-0.5000000
597,-0.5155185,-0.5155334,-0.5156250,-0.5000000
598,-0.5214067,-0.5213928,-0.5234375,-0.5000000
599,-0.5257851,-0.5257874,-0.5234375,-0.5000000
600,-0.5333340,-0.5333252,-0.5312500,-0.5000000
601,-0.5414870,-0.5414734,-0.5390625,-0.5000000
602,-0.5520555,-0.5520630,-0.5546875,-0.5000000
603,-0.5602083,-0.5602112,-0.5625000,-0.5000000
604,-0.5673044,-0.5672913,-0.5703125,-0.6250000
605,-0.5765141,-0.5765076,-0.5781250,-0.6250000
606,-0.5848179,-0.5848083,-0.5859375,-0.6250000
607,-0.5907062,-0.5906982,-0.5937500,-0.6250000
608,-0.5987080,-0.5986938,-0.6015625,-0.6250000
609,-0.6263372,-0.6263428,-0.6250000,-0.6250000
610,-0.6378117,-0.6378174,-0.6406250,-0.6250000
611,-0.6491351,-0.6491394,-0.6484375,-0.6250000
612,-0.6606095,-0.6606140,-0.6640625,-0.6250000
613,-0.6702722,-0.6702576,-0.6718750,-0.6250000
614,-0.6802368,-0.6802368,-0.6796875,-0.6250000
615,-0.6918622,-0.6918640,-0.6953125,-0.7500000
616,-0.7065072,-0.7065125,-0.7031250,-0.7500000
617,-0.7146601,-0.7146606,-0.7109375,-0.7500000
618,-0.7225110,-0.7225037,-0.7187500,-0.7500000
619,-0.7306639,-0.7306519,-0.7343750,-0.7500000
620,-0.7373070,-0.7373047,-0.7343750,-0.7500000
621,-0.7412325,-0.7412415,-0.7421875,-0.7500000
622,-0.7478755,-0.7478638,-0.7500000,-0.7500000
623,-0.7623695,-0.7623596,-0.7656250,-0.7500000
624,-0.7993594,-0.7993469,-0.7968750,-0.7500000
625,-0.8203455,-0.8203430,-0.8203125,-0.8750000
626,-0.8384631,-0.8384705,-0.8359375,-0.8750000
627,-0.8532590,-0.8532715,-0.8515625,-0.8750000
628,-0.8651863,-0.8651733,-0.8671875,-0.8750000
629,-0.8724334,-0.8724365,-0.8750000,-0.8750000
630,-0.8750000,-0.8750000,-0.8750000,-0.8750000
631,-0.8638276,-0.8638306,-0.8671875,-0.8750000
632,-0.8602040,-0.8601990,-0.8593750,-0.8750000
633,-0.8484277,-0.8484192,-0.8515625,-0.8750000
634,-0.8405768,-0.8405762,-0.8437500,-0.8750000
635,-0.8386140,-0.8386230,-0.8359375,-0.8750000
636,-0.8387650,-0.8387756,-0.8359375,-0.8750000
637,-0.8432943,-0.8432922,-0.8437500,-0.8750000
638,-0.8512963,-0.8512878,-0.8515625,-0.8750000
639,-0.8562785,-0.8562927,-0.8593750,-0.8750000
640,-0.8611099,-0.8611145,-0.8593750,-0.8750000
641,-0.8642805,-0.8642883,-0.8671875,-0.8750000
642,-0.8682060,-0.8681946,-0.8671875,-0.8750000
643,-0.8685079,-0.8684998,-0.8671875,-0.8750000
644,-0.8647334,-0.8647461,-0.8671875,-0.8750000
645,-0.8558257,-0.8558350,-0.8593750,-0.8750000
646,-0.8221573,-0.8221436,-0.8203125,-0.8750000
647,-0.8046437,-0.8046570,-0.8046875,-0.7500000
648,-0.7854693,-0.7854614,-0.7890625,-0.7500000
649,-0.7652381,-0.7652283,-0.7656250,-0.7500000
650,-0.7448559,-0.7448425,-0.7421875,-0.7500000
651,-0.7229639,-0.7229614,-0.7265625,-0.7500000
652,-0.7004681,-0.7004700,-0.7031250,-0.7500000
653,-0.6609115,-0.6609192,-0.6640625,-0.6250000
654,-0.6450587,-0.6450500,-0.6484375,-0.6250000
655,-0.6246765,-0.6246643,-0.6250000,-0.6250000
656,-0.6052002,-0.6051941,-0.6015625,-0.6250000
657,-0.5878375,-0.5878296,-0.5859375,-0.6250000
658,-0.5709279,-0.5709229,-0.5703125,-0.6250000
659,-0.5559809,-0.5559692,-0.5546875,-0.5000000
660,-0.5209538,-0.5209656,-0.5234375,-0.5000000
661,-0.5040441,-0.5040588,-0.5078125,-0.5000000
662,-0.4895501,-0.4895630,-0.4921875,-0.5000000
663,-0.4762639,-0.4762573,-0.4765625,-0.5000000
664,-0.4635816,-0.4635925,-0.4609375,-0.5000000
665,-0.4522582,-0.4522705,-0.4531250,-0.5000000
666,-0.4412367,-0.4412231,-0.4375000,-0.5000000
667,-0.4281015,-0.4281006,-0.4296875,-0.3750000
668,-0.4068135,-0.4067993,-0.4062500,-0.3750000
669,-0.3963959,-0.3963928,-0.3984375,-0.3750000
670,-0.3882430,-0.3882446,-0.3906250,-0.3750000
671,-0.3790333,-0.3790283,-0.3828125,-0.3750000
672,-0.3690687,-0.3690796,-0.3671875,-0.3750000
673,-0.3578962,-0.3579102,-0.3593750,-0.3750000
674,-0.3459688,-0.3459778,-0.3437500,-0.3750000
675,-0.3224161,-0.3224182,-0.3203125,-0.3750000
676,-0.3094319,-0.3094177,-0.3125000,-0.2500000
677,-0.2967497,-0.2967529,-0.2968750,-0.2500000
678,-0.2837654,-0.2837524,-0.2812500,-0.2500000
679,-0.2715361,-0.2715454,-0.2734375,-0.2500000
680,-0.2588539,-0.2588501,-0.2578125,-0.2500000
681,-0.2472285,-0.2472229,-0.2500000,-0.2500000
682,-0.2247325,-0.2247314,-0.2265625,-0.2500000
683,-0.2125033,-0.2124939,-0.2109375,-0.2500000
684,-0.2026896,-0.2026978,-0.2031250,-0.2500000
685,-0.1930269,-0.1930237,-0.1953125,-0.2500000
686,-0.1835152,-0.1835022,-0.1796875,-0.1250000
687,-0.1712859,-0.1712952,-0.1718750,-0.1250000
688,-0.1563390,-0.1563416,-0.1562500,-0.1250000
689,-0.1424489,-0.1424561,-0.1406250,-0.1250000
690,-0.1229726,-0.1229858,-0.1250000,-0.1250000
691,-0.1155746,-0.1155701,-0.1171875,-0.1250000
692,-0.1087805,-0.1087952,-0.1093750,-0.1250000
693,-0.1009296,-0.1009216,-0.1015625,-0.1250000
694,-0.0933807,-0.0933838,-0.0937500,-0.1250000
695,-0.0832651,-0.0832520,-0.0859375,-0.1250000
696,-0.0714887,-0.0715027,-0.0703125,-0.1250000
697,-0.0585044,-0.0585022,-0.0546875,0.0000000
698,-0.0500496,-0.0500488,-0.0468750,0.0000000
699,-0.0420477,-0.0420532,-0.0390625,0.0000000
700,-0.0361595,-0.0361633,-0.0390625,0.0000000
701,-0.0317811,-0.0317688,-0.0312500,0.0000000
702,-0.0296674,-0.0296631,-0.0312500,0.0000000
703,-0.0274027,-0.0274048,-0.0312500,0.0000000
704,-0.0204577,-0.0204468,-0.0234375,0.0000000
705,-0.0192499,-0.0192566,-0.0156250,0.0000000
706,-0.0197028,-0.0197144,-0.0234375,0.0000000
707,-0.0177400,-0.0177307,-0.0156250,0.0000000
708,-0.0127577,-0.0127563,-0.0156250,0.0000000
709,-0.0098891,-0.0098877,-0.0078125,0.0000000
710,-0.0077754,-0.0077820,-0.0078125,0.0000000
711,-0.0030951,-0.0030823,0.0000000,0.0000000
712,0.0089832,0.0089722,0.0078125,0.0000000
713,0.0136636,0.0136719,0.0156250,0.0000000
714,0.0172871,0.0172729,0.0156250,0.0000000
715,0.0209107,0.0209045,0.0234375,0.0000000
716,0.0269498,0.0269470,0.0234375,0.0000000
717,0.0310262,0.0310364,0.0312500,0.0000000
718,0.0332909,0.0332947,0.0312500,0.0000000
719,0.0384242,0.0384216,0.0390625,0.0000000
720,0.0417458,0.0417480,0.0390625,0.0000000
721,0.0489928,0.0489807,0.0468750,0.0000000
722,0.0557868,0.0557861,0.0546875,0.0000000
723,0.0598633,0.0598755,0.0625000,0.0000000
724,0.0643926,0.0643921,0.0625000,0.1250000
725,0.0737534,0.0737610,0.0703125,0.1250000
726,0.0864356,0.0864258,0.0859375,0.1250000
727,0.0921728,0.0921631,0.0937500,0.1250000
728,0.0991179,0.0991211,0.1015625,0.1250000
729,0.1044021,0.1044006,0.1015625,0.1250000
730,0.1086295,0.1086426,0.1093750,0.1250000
731,0.1111962,0.1112061,0.1093750,0.1250000
732,0.1130079,0.1130066,0.1093750,0.1250000
733,0.1161785,0.1161804,0.1171875,0.1250000
734,0.1179902,0.1179810,0.1171875,0.1250000
735,0.1222176,0.1222229,0.1250000,0.1250000
736,0.1267470,0.1267395,0.1250000,0.1250000
737,0.1294646,0.1294556,0.1328125,0.1250000
738,0.1338431,0.1338501,0.1328125,0.1250000
739,0.1379195,0.1379089,0.1406250,0.1250000
740,0.1441096,0.1441040,0.1406250,0.1250000
741,0.1579997,0.1579895,0.1562500,0.1250000
742,0.1678134,0.1678162,0.1640625,0.1250000
743,0.1777780,0.1777649,0.1796875,0.1250000
744,0.1830623,0.1830750,0.1796875,0.1250000
745,0.1844212,0.1844177,0.1875000,0.1250000
746,0.1881955,0.1882019,0.1875000,0.2500000
747,0.1957445,0.1957397,0.1953125,0.2500000
748,0.1999719,0.1999817,0.2031250,0.2500000
749,0.1978582,0.1978455,0.1953125,0.2500000
750,0.1981602,0.1981506,0.1953125,0.2500000
751,0.1972543,0.1972656,0.1953125,0.2500000
752,0.1978582,0.1978455,0.1953125,0.2500000
753,0.1969524,0.1969604,0.1953125,0.2500000
754,0.1958956,0.1958923,0.1953125,0.2500000
755,0.1969524,0.1969604,0.1953125,0.2500000
756,0.1924230,0.1924133,0.1953125,0.2500000
757,0.1887995,0.1888123,0.1875000,0.2500000
758,0.1848741,0.1848755,0.1875000,0.1250000
759,0.1817035,0.1817017,0.1796875,0.1250000
760,0.1817035,0.1817017,0.1796875,0.1250000
761,0.1835152,0.1835022,0.1796875,0.1250000
762,0.1839681,0.1839600,0.1875000,0.1250000
763,0.1818544,0.1818542,0.1796875,0.1250000
764,0.1839681,0.1839600,0.1875000,0.1250000
765,0.1815525,0.1815491,0.1796875,0.1250000
766,0.1807976,0.1807861,0.1796875,0.1250000
767,0.1812505,0.1812439,0.1796875,0.1250000
768,0.1815525,0.1815491,0.1796875,0.1250000
769,0.1836662,0.1836548,0.1875000,0.1250000
770,0.1940837,0.1940918,0.1953125,0.2500000
771,0.2029915,0.2030029,0.2031250,0.2500000
772,0.2096346,0.2096252,0.2109375,0.2500000
773,0.2183914,0.2183838,0.2187500,0.2500000
774,0.2297149,0.2297058,0.2265625,0.2500000
775,0.2428501,0.2428589,0.2421875,0.2500000
776,0.2553813,0.2553711,0.2578125,0.2500000
777,0.2831615,0.2831726,0.2812500,0.2500000
778,0.3011281,0.3011169,0.3046875,0.2500000
779,0.3192456,0.3192444,0.3203125,0.3750000
780,0.3347964,0.3348083,0.3359375,0.3750000
781,0.3521591,0.3521729,0.3515625,0.3750000
782,0.3719372,0.3719482,0.3750000,0.3750000
783,0.3882430,0.3882446,0.3906250,0.3750000
784,0.4028881,0.4028931,0.4062500,0.3750000
785,0.4351976,0.4352112,0.4375000,0.3750000
786,0.4536171,0.4536133,0.4531250,0.5000000
787,0.4712816,0.4712830,0.4687500,0.5000000
788,0.4857756,0.4857788,0.4843750,0.5000000
789,0.4992127,0.4992065,0.5000000,0.5000000
790,0.5117440,0.5117493,0.5156250,0.5000000
791,0.5239733,0.5239868,0.5234375,0.5000000
792,0.5541692,0.5541687,0.5546875,0.5000000
793,0.5694181,0.5694275,0.5703125,0.6250000
794,0.5843650,0.5843506,0.5859375,0.6250000
795,0.5971982,0.5971985,0.5937500,0.6250000
796,0.6100315,0.6100464,0.6093750,0.6250000
797,0.6257333,0.6257324,0.6250000,0.6250000
798,0.6426430,0.6426392,0.6406250,0.6250000
799,0.6581939,0.6582031,0.6562500,0.6250000
800,0.6646859,0.6646729,0.6640625,0.6250000
801,0.6763114,0.6763000,0.6796875,0.6250000
802,0.6868799,0.6868896,0.6875000,0.6250000
803,0.6929191,0.6929321,0.6953125,0.7500000
804,0.6982033,0.6982117,0.6953125,0.7500000
805,0.7028837,0.7028809,0.7031250,0.7500000
806,0.7052993,0.7052917,0.7031250,0.7500000
807,0.7016759,0.7016907,0.7031250,0.7500000
808,0.6977504,0.6977539,0.6953125,0.7500000
809,0.6966936,0.6966858,0.6953125,0.7500000
810,0.6971465,0.6971436,0.6953125,0.7500000
811,0.6995622,0.6995544,0.7031250,0.7500000
812,0.6998641,0.6998596,0.7031250,0.7500000
813,0.6975994,0.6976013,0.6953125,0.7500000
814,0.6914092,0.6914062,0.6953125,0.7500000
815,0.6879367,0.6879272,0.6875000,0.7500000
816,0.6882387,0.6882324,0.6875000,0.7500000
817,0.6873329,0.6873474,0.6875000,0.6250000
818,0.6837093,0.6837158,0.6875000,0.6250000
819,0.6826525,0.6826477,0.6796875,0.6250000
820,0.6834074,0.6834106,0.6796875,0.6250000
821,0.6867290,0.6867371,0.6875000,0.6250000
822,0.6877858,0.6877747,0.6875000,0.7500000
823,0.6886917,0.6886902,0.6875000,0.7500000
824,0.6880878,0.6880798,0.6875000,0.7500000
825,0.6867290,0.6867371,0.6875000,0.6250000
826,0.6853701,0.6853638,0.6875000,0.6250000
827,0.6838604,0.6838684,0.6875000,0.6250000
828,0.6826525,0.6826477,0.6796875,0.6250000
829,0.6815956,0.6816101,0.6796875,0.6250000
830,0.6805388,0.6805420,0.6796875,0.6250000
831,0.6811427,0.6811523,0.6796875,0.6250000
832,0.6818976,0.6818848,0.6796875,0.6250000
833,0.6812937,0.6813049,0.6796875,0.6250000
834,0.6821996,0.6821899,0.6796875,0.6250000
835,0.6843133,0.6843262,0.6875000,0.6250000
836,0.6912583,0.6912537,0.6875000,0.7500000
837,0.6923152,0.6923218,0.6953125,0.7500000
838,0.6923152,0.6923218,0.6953125,0.7500000
839,0.6932211,0.6932068,0.6953125,0.7500000
840,0.6915603,0.6915588,0.6953125,0.7500000
841,0.6888427,0.6888428,0.6875000,0.7500000
842,0.6864270,0.6864319,0.6875000,0.6250000
843,0.6797839,0.6797791,0.6796875,0.6250000
844,0.6726878,0.6726990,0.6718750,0.6250000
845,0.6680075,0.6679993,0.6718750,0.6250000
846,0.6661958,0.6661987,0.6640625,0.6250000
847,0.6598547,0.6598511,0.6562500,0.6250000
848,0.6513998,0.6513977,0.6484375,0.6250000
849,0.6449077,0.6448975,0.6484375,0.6250000
850,0.6381136,0.6381226,0.6406250,0.6250000
851,0.6172785,0.6172791,0.6171875,0.6250000
852,0.6073139,0.6072998,0.6093750,0.6250000
853,0.5967454,0.5967407,0.5937500,0.6250000
854,0.5894983,0.5895081,0.5859375,0.6250000
855,0.5854219,0.5854187,0.5859375,0.6250000
856,0.5810435,0.5810547,0.5781250,0.6250000
857,0.5760611,0.5760498,0.5781250,0.6250000
858,0.5660966,0.5661011,0.5625000,0.6250000
859,0.5647378,0.5647278,0.5625000,0.6250000
860,0.5612652,0.5612793,0.5625000,0.5000000
861,0.5590005,0.5589905,0.5625000,0.5000000
862,0.5585476,0.5585327,0.5546875,0.5000000
863,0.5562829,0.5562744,0.5546875,0.5000000
864,0.5538672,0.5538635,0.5546875,0.5000000
865,0.5508476,0.5508423,0.5546875,0.5000000
866,0.5519046,0.5519104,0.5546875,0.5000000
867,0.5558299,0.5558167,0.5546875,0.5000000
868,0.5576417,0.5576477,0.5546875,0.5000000
869,0.5615671,0.5615540,0.5625000,0.5000000
870,0.5659456,0.5659485,0.5625000,0.6250000
871,0.5674553,0.5674438,0.5703125,0.6250000
872,0.5691161,0.5691223,0.5703125,0.6250000
873,0.5715318,0.5715332,0.5703125,0.6250000
874,0.5757592,0.5757446,0.5781250,0.6250000
875,0.5762122,0.5762024,0.5781250,0.6250000
876,0.5740985,0.5740967,0.5703125,0.6250000
877,0.5760611,0.5760498,0.5781250,0.6250000
878,0.5798357,0.5798340,0.5781250,0.6250000
879,0.5816474,0.5816345,0.5781250,0.6250000
880,0.5852709,0.5852661,0.5859375,0.6250000
881,0.5849689,0.5849609,0.5859375,0.6250000
882,0.5851199,0.5851135,0.5859375,0.6250000
883,0.5848179,0.5848083,0.5859375,0.6250000
884,0.5810435,0.5810547,0.5781250,0.6250000
885,0.5787788,0.5787659,0.5781250,0.6250000
886,0.5774200,0.5774231,0.5781250,0.6250000
887,0.5753063,0.5753174,0.5781250,0.6250000
888,0.5733435,0.5733337,0.5703125,0.6250000
889,0.5744004,0.5744019,0.5781250,0.6250000
890,0.5795337,0.5795288,0.5781250,0.6250000
891,0.5817984,0.5817871,0.5781250,0.6250000
892,0.5821004,0.5820923,0.5859375,0.6250000
893,0.5852709,0.5852661,0.5859375,0.6250000
894,0.5920649,0.5920715,0.5937500,0.6250000
895,0.6055021,0.6054993,0.6093750,0.6250000
896,0.6079178,0.6079102,0.6093750,0.6250000
897,0.6091256,0.6091309,0.6093750,0.6250000
898,0.6122962,0.6123047,0.6093750,0.6250000
899,0.6181844,0.6181946,0.6171875,0.6250000
900,0.6228647,0.6228638,0.6250000,0.6250000
901,0.6273941,0.6273804,0.6250000,0.6250000
902,0.6384156,0.6384277,0.6406250,0.6250000
903,0.6429450,0.6429443,0.6406250,0.6250000
904,0.6489841,0.6489868,0.6484375,0.6250000
905,0.6556272,0.6556396,0.6562500,0.6250000
906,0.6597036,0.6596985,0.6562500,0.6250000
907,0.6616664,0.6616516,0.6640625,0.6250000
908,0.6633272,0.6633301,0.6640625,0.6250000
909,0.6760094,0.6759949,0.6796875,0.6250000
910,0.6846153,0.6846008,0.6875000,0.6250000
911,0.6926171,0.6926270,0.6953125,0.7500000
912,0.6972975,0.6972961,0.6953125,0.7500000
913,0.7007700,0.7007751,0.7031250,0.7500000
914,0.7063562,0.7063599,0.7031250,0.7500000
915,0.7102817,0.7102966,0.7109375,0.7500000
916,0.7131503,0.7131653,0.7109375,0.7500000
917,0.7226620,0.7226562,0.7265625,0.7500000
918,0.7252287,0.7252197,0.7265625,0.7500000
919,0.7258325,0.7258301,0.7265625,0.7500000
920,0.7268894,0.7268982,0.7265625,0.7500000
921,0.7274933,0.7274780,0.7265625,0.7500000
922,0.7294561,0.7294617,0.7265625,0.7500000
923,0.7332305,0.7332153,0.7343750,0.7500000
924,0.7351932,0.7351990,0.7343750,0.7500000
925,0.7368540,0.7368469,0.7343750,0.7500000
926,0.7401756,0.7401733,0.7421875,0.7500000
927,0.7436481,0.7436523,0.7421875,0.7500000
928,0.7463658,0.7463684,0.7500000,0.7500000
929,0.7492343,0.7492371,0.7500000,0.7500000
930,0.7505932,0.7505798,0.7500000,0.7500000
931,0.7554245,0.7554321,0.7578125,0.7500000
932,0.7619165,0.7619019,0.7656250,0.7500000
933,0.7665969,0.7666016,0.7656250,0.7500000
934,0.7717302,0.7717285,0.7734375,0.7500000
935,0.7752028,0.7752075,0.7734375,0.7500000
936,0.7780713,0.7780762,0.7812500,0.7500000
937,0.7824498,0.7824402,0.7812500,0.7500000
938,0.7848654,0.7848511,0.7812500,0.7500000
939,0.7856203,0.7856140,0.7890625,0.7500000
940,0.7812419,0.7812500,0.7812500,0.7500000
941,0.7749008,0.7749023,0.7734375,0.7500000
942,0.7709753,0.7709656,0.7734375,0.7500000
943,0.7655401,0.7655334,0.7656250,0.7500000
944,0.7622185,0.7622070,0.7656250,0.7500000
945,0.7596519,0.7596436,0.7578125,0.7500000
946,0.7564813,0.7564697,0.7578125,0.7500000
947,0.7539147,0.7539062,0.7578125,0.7500000
948,0.7514989,0.7514954,0.7500000,0.7500000
949,0.7484795,0.7484741,0.7500000,0.7500000
950,0.7450069,0.7449951,0.7421875,0.7500000
951,0.7406285,0.7406311,0.7421875,0.7500000
952,0.7367030,0.7366943,0.7343750,0.7500000
953,0.7345893,0.7345886,0.7343750,0.7500000
954,0.7314188,0.7314148,0.7343750,0.7500000
955,0.7290031,0.7290039,0.7265625,0.7500000
956,0.7264364,0.7264404,0.7265625,0.7500000
957,0.7219071,0.7218933,0.7187500,0.7500000
958,0.7131503,0.7131653,0.7109375,0.7500000
959,0.7056013,0.7055969,0.7031250,0.7500000
960,0.7030347,0.7030334,0.7031250,0.7500000
961,0.7007700,0.7007751,0.7031250,0.7500000
962,0.7012230,0.7012329,0.7031250,0.7500000
963,0.7028837,0.7028809,0.7031250,0.7500000
964,0.7001661,0.7001648,0.7031250,0.7500000
965,0.6974485,0.6974487,0.6953125,0.7500000
966,0.6957877,0.6958008,0.6953125,0.7500000
967,0.6898995,0.6899109,0.6875000,0.7500000
968,0.6752545,0.6752625,0.6718750,0.6250000
969,0.6686115,0.6686096,0.6718750,0.6250000
970,0.6655918,0.6655884,0.6640625,0.6250000
971,0.6597036,0.6596985,0.6562500,0.6250000
972,0.6518527,0.6518555,0.6484375,0.6250000
973,0.6464175,0.6464233,0.6484375,0.6250000
974,0.6417371,0.6417236,0.6406250,0.6250000
975,0.6258844,0.6258850,0.6250000,0.6250000
976,0.6187882,0.6187744,0.6171875,0.6250000
977,0.6148628,0.6148682,0.6171875,0.6250000
978,0.6100315,0.6100464,0.6093750,0.6250000
979,0.6032374,0.6032410,0.6015625,0.6250000
980,0.5941786,0.5941772,0.5937500,0.6250000
981,0.5857238,0.5857239,0.5859375,0.6250000
982,0.5798357,0.5798340,0.5781250,0.6250000
983,0.5695691,0.5695801,0.5703125,0.6250000
984,0.5627750,0.5627747,0.5625000,0.6250000
985,0.5525084,0.5525208,0.5546875,0.5000000
986,0.5442045,0.5441895,0.5468750,0.5000000
987,0.5390713,0.5390625,0.5390625,0.5000000
988,0.5306164,0.5306091,0.5312500,0.5000000
989,0.5208027,0.5208130,0.5234375,0.5000000
990,0.5055538,0.5055542,0.5078125,0.5000000
991,0.4980049,0.4980164,0.5000000,0.5000000
992,0.4909089,0.4909058,0.4921875,0.5000000
993,0.4832090,0.4832153,0.4843750,0.5000000
994,0.4741502,0.4741516,0.4765625,0.5000000
995,0.4616190,0.4616089,0.4609375,0.5000000
996,0.4537680,0.4537659,0.4531250,0.5000000
997,0.4401799,0.4401855,0.4375000,0.5000000
998,0.4332348,0.4332275,0.4296875,0.3750000
999,0.4290074,0.4290161,0.4296875,0.3750000
1000,0.4252329,0.4252319,0.4218750,0.3750000
1001,0.4216094,0.4216003,0.4218750,0.3750000
1002,0.4154193,0.4154053,0.4140625,0.3750000
1003,0.4080213,0.4080200,0.4062500,0.3750000
1004,0.4024351,0.4024353,0.4062500,0.3750000
1005,0.3837136,0.3837280,0.3828125,0.3750000
1006,0.3775235,0.3775330,0.3750000,0.3750000
1007,0.3696726,0.3696594,0.3671875,0.3750000
1008,0.3613687,0.3613586,0.3593750,0.3750000
1009,0.3545746,0.3545837,0.3515625,0.3750000
1010,0.3456669,0.3456726,0.3437500,0.3750000
1011,0.3346454,0.3346558,0.3359375,0.3750000
1012,0.3163769,0.3163757,0.3125000,0.3750000
1013,0.3074692,0.3074646,0.3046875,0.2500000
1014,0.3003731,0.3003845,0.2968750,0.2500000
1015,0.2962967,0.2962952,0.2968750,0.2500000
1016,0.2914654,0.2914734,0.2890625,0.2500000
1017,0.2836144,0.2835999,0.2812500,0.2500000
1018,0.2757636,0.2757568,0.2734375,0.2500000
1019,0.2647421,0.2647400,0.2656250,0.2500000
1020,0.2579480,0.2579346,0.2578125,0.2500000
1021,0.2523617,0.2523499,0.2500000,0.2500000
1022,0.2485872,0.2485962,0.2500000,0.2500000
1023,0.2470775,0.2470703,0.2500000,0.2500000
#end quant_samples
#begin zcr
axis,crossings,per_second,rough_hz
ax,2,2.0,1.0
ay,44,43.0,21.5
az,14,13.7,6.8
gx,20,19.5,9.8
gy,3,2.9,1.5
gz,15,14.6,7.3
#end zcr
#begin orientation
i,pitch_acc,roll_acc,pitch_cf,roll_cf,yaw_gyro
0,0.278,-0.951,0.278,-0.951,0.000
1,-0.060,-1.201,0.034,-0.956,-0.007
2,-0.245,-1.088,-0.209,-0.961,-0.013
3,-0.353,-0.873,-0.451,-0.965,-0.018
4,-0.523,-0.816,-0.690,-0.968,-0.023
5,-0.719,-0.829,-0.927,-0.970,-0.028
6,-0.884,-0.869,-1.163,-0.972,-0.032
7,-1.050,-0.910,-1.397,-0.974,-0.035
8,-1.459,-0.773,-1.631,-0.974,-0.039
9,-1.622,-0.691,-1.862,-0.974,-0.042
10,-1.767,-0.663,-2.092,-0.974,-0.045
11,-1.938,-0.716,-2.320,-0.973,-0.047
12,-2.090,-0.725,-2.545,-0.972,-0.049
13,-2.195,-0.725,-2.767,-0.970,-0.051
14,-2.348,-0.744,-2.988,-0.968,-0.054
15,-2.649,-0.749,-3.208,-0.966,-0.055
16,-2.752,-0.771,-3.425,-0.963,-0.057
17,-2.881,-0.832,-3.640,-0.960,-0.059
18,-3.015,-0.919,-3.854,-0.958,-0.060
19,-3.155,-1.021,-4.064,-0.955,-0.062
20,-3.310,-1.046,-4.272,-0.953,-0.063
21,-3.434,-1.051,-4.478,-0.950,-0.065
22,-3.595,-1.155,-4.683,-0.948,-0.066
23,-4.113,-1.434,-4.887,-0.947,-0.067
24,-4.376,-1.492,-5.089,-0.946,-0.068
25,-4.568,-1.331,-5.289,-0.945,-0.069
26,-4.798,-1.269,-5.487,-0.944,-0.070
27,-5.092,-1.579,-5.683,-0.943,-0.071
28,-5.420,-1.956,-5.878,-0.943,-0.072
29,-5.760,-2.172,-6.071,-0.943,-0.073
30,-6.475,-2.296,-6.264,-0.944,-0.074
31,-6.784,-2.277,-6.456,-0.944,-0.075
32,-7.149,-2.276,-6.647,-0.944,-0.076
33,-7.618,-2.352,-6.835,-0.943,-0.077
34,-8.012,-2.461,-7.022,-0.942,-0.077
35,-8.246,-2.464,-7.208,-0.941,-0.077
36,-8.476,-2.423,-7.393,-0.940,-0.077
37,-8.946,-2.108,-7.576,-0.938,-0.076
38,-9.251,-1.968,-7.759,-0.935,-0.075
39,-9.533,-1.856,-7.940,-0.933,-0.074
40,-9.849,-1.788,-8.120,-0.929,-0.072
41,-10.134,-1.881,-8.297,-0.925,-0.070
42,-10.376,-2.009,-8.474,-0.922,-0.068
43,-10.593,-2.082,-8.648,-0.918,-0.066
44,-10.781,-2.172,-8.821,-0.913,-0.063
45,-11.263,-2.233,-8.993,-0.909,-0.060
46,-11.369,-2.270,-9.164,-0.904,-0.058
47,-11.392,-2.268,-9.332,-0.899,-0.054
48,-11.498,-2.241,-9.497,-0.893,-0.051
49,-11.670,-2.216,-9.660,-0.888,-0.047
50,-11.749,-2.208,-9.822,-0.882,-0.043
51,-11.777,-2.214,-9.982,-0.876,-0.039
52,-11.834,-2.089,-10.139,-0.870,-0.035
53,-11.962,-1.985,-10.295,-0.864,-0.031
54,-12.069,-1.947,-10.450,-0.858,-0.027
55,-12.074,-1.856,-10.600,-0.851,-0.023
56,-12.005,-1.775,-10.749,-0.845,-0.019
57,-12.018,-1.756,-10.895,-0.840,-0.015
58,-12.153,-1.717,-11.040,-0.834,-0.011
59,-12.243,-1.729,-11.182,-0.829,-0.007
60,-12.239,-1.721,-11.323,-0.824,-0.003
61,-12.182,-1.723,-11.461,-0.820,0.000
62,-12.106,-1.671,-11.597,-0.816,0.004
63,-12.008,-1.673,-11.729,-0.813,0.007
64,-11.882,-1.621,-11.859,-0.810,0.010
65,-11.776,-1.460,-11.986,-0.807,0.012
66,-11.709,-1.407,-12.110,-0.805,0.015
67,-11.664,-1.355,-12.232,-0.802,0.017
68,-11.626,-1.295,-12.352,-0.800,0.018
69,-11.600,-1.200,-12.470,-0.798,0.020
70,-11.602,-1.135,-12.583,-0.795,0.020
71,-11.624,-1.110,-12.694,-0.793,0.021
72,-11.682,-1.065,-12.803,-0.791,0.021
73,-11.696,-0.980,-12.910,-0.788,0.021
74,-11.667,-1.003,-13.014,-0.786,0.021
75,-11.684,-0.957,-13.116,-0.784,0.020
76,-11.744,-0.886,-13.216,-0.781,0.019
77,-11.842,-0.807,-13.311,-0.779,0.018
78,-11.919,-0.834,-13.404,-0.776,0.017
79,-11.965,-0.869,-13.495,-0.774,0.016
80,-12.042,-0.847,-13.584,-0.771,0.015
81,-12.039,-0.884,-13.670,-0.769,0.013
82,-12.056,-0.931,-13.754,-0.766,0.012
83,-12.078,-0.938,-13.836,-0.764,0.010
84,-12.052,-0.900,-13.916,-0.762,0.009
85,-12.013,-0.881,-13.991,-0.759,0.008
86,-12.058,-0.894,-14.064,-0.757,0.006
87,-12.044,-0.918,-14.135,-0.755,0.005
88,-12.006,-1.001,-14.203,-0.752,0.004
89,-11.908,-1.077,-14.270,-0.750,0.003
90,-11.759,-1.054,-14.334,-0.748,0.002
91,-11.651,-1.084,-14.395,-0.746,0.001
92,-11.654,-1.153,-14.453,-0.745,-0.000
93,-11.673,-1.216,-14.508,-0.744,-0.001
94,-11.686,-1.272,-14.562,-0.744,-0.002
95,-11.751,-1.240,-14.613,-0.743,-0.003
96,-11.899,-1.313,-14.662,-0.744,-0.004
97,-11.958,-1.435,-14.710,-0.745,-0.004
98,-12.054,-1.533,-14.755,-0.747,-0.005
99,-12.162,-1.558,-14.797,-0.750,-0.006
100,-12.211,-1.668,-14.836,-0.754,-0.006
101,-12.295,-1.846,-14.874,-0.758,-0.006
102,-12.405,-1.957,-14.909,-0.764,-0.007
103,-12.471,-2.155,-14.943,-0.770,-0.007
104,-12.511,-2.229,-14.974,-0.777,-0.008
105,-12.529,-2.319,-15.003,-0.784,-0.008
106,-12.546,-2.355,-15.030,-0.791,-0.008
107,-12.513,-2.411,-15.053,-0.800,-0.008
108,-12.491,-2.451,-15.074,-0.808,-0.008
109,-12.528,-2.448,-15.092,-0.817,-0.008
110,-12.585,-2.492,-15.109,-0.827,-0.008
111,-12.596,-2.452,-15.123,-0.836,-0.008
112,-12.570,-2.398,-15.136,-0.846,-0.008
113,-12.529,-2.380,-15.146,-0.856,-0.007
114,-12.535,-2.377,-15.152,-0.867,-0.007
115,-12.567,-2.309,-15.157,-0.878,-0.006
116,-12.672,-2.208,-15.161,-0.890,-0.005
117,-12.783,-2.205,-15.162,-0.901,-0.004
118,-12.951,-2.172,-15.163,-0.914,-0.002
119,-12.982,-2.084,-15.162,-0.926,-0.001
120,-13.094,-1.967,-15.160,-0.938,0.001
121,-13.231,-1.910,-15.155,-0.951,0.003
122,-13.337,-1.903,-15.149,-0.964,0.005
123,-13.436,-1.860,-15.142,-0.976,0.007
124,-13.545,-1.789,-15.134,-0.989,0.010
125,-13.820,-1.575,-15.125,-1.001,0.013
126,-13.933,-1.528,-15.116,-1.013,0.016
127,-14.048,-1.428,-15.105,-1.026,0.020
128,-14.169,-1.290,-15.094,-1.038,0.024
129,-14.191,-1.212,-15.080,-1.050,0.028
130,-14.200,-1.136,-15.066,-1.062,0.032
131,-14.276,-1.040,-15.050,-1.075,0.036
132,-14.348,-0.945,-15.034,-1.087,0.041
133,-14.470,-0.873,-15.017,-1.100,0.047
134,-14.492,-0.927,-14.999,-1.112,0.052
135,-14.537,-0.981,-14.981,-1.125,0.057
136,-14.608,-1.012,-14.960,-1.138,0.063
137,-14.664,-1.028,-14.938,-1.150,0.069
138,-14.639,-0.946,-14.915,-1.163,0.076
139,-14.605,-0.785,-14.891,-1.175,0.082
140,-14.592,-0.492,-14.866,-1.186,0.088
141,-14.618,-0.426,-14.840,-1.197,0.094
142,-14.578,-0.401,-14.812,-1.209,0.100
143,-14.573,-0.403,-14.782,-1.220,0.106
144,-14.578,-0.365,-14.751,-1.231,0.112
145,-14.578,-0.432,-14.719,-1.242,0.118
146,-14.637,-0.523,-14.685,-1.254,0.124
147,-14.641,-0.755,-14.650,-1.265,0.130
148,-14.576,-0.794,-14.613,-1.277,0.135
149,-14.475,-0.815,-14.575,-1.289,0.141
150,-14.412,-0.767,-14.536,-1.300,0.146
151,-14.325,-0.622,-14.493,-1.310,0.151
152,-14.143,-0.526,-14.448,-1.320,0.155
153,-13.964,-0.412,-14.402,-1.329,0.159
154,-13.813,-0.242,-14.353,-1.338,0.163
155,-13.388,0.112,-14.302,-1.345,0.167
156,-13.205,0.332,-14.250,-1.352,0.170
157,-12.995,0.468,-14.195,-1.358,0.174
158,-12.844,0.510,-14.136,-1.364,0.176
159,-12.722,0.515,-14.076,-1.369,0.178
160,-12.619,0.492,-14.013,-1.374,0.180
161,-12.568,0.407,-13.949,-1.379,0.181
162,-12.268,0.328,-13.883,-1.384,0.182
163,-12.136,0.249,-13.814,-1.389,0.182
164,-12.044,0.133,-13.744,-1.394,0.182
165,-11.992,0.071,-13.670,-1.398,0.181
166,-11.937,0.016,-13.594,-1.402,0.180
167,-11.931,0.010,-13.516,-1.405,0.178
168,-11.966,0.029,-13.437,-1.408,0.176
169,-11.881,0.129,-13.356,-1.410,0.174
170,-11.900,0.190,-13.273,-1.412,0.171
171,-11.907,0.228,-13.189,-1.413,0.168
172,-11.994,0.274,-13.103,-1.414,0.164
173,-12.028,0.286,-13.013,-1.414,0.160
174,-11.978,0.187,-12.922,-1.414,0.155
175,-12.006,0.090,-12.830,-1.413,0.150
176,-12.097,0.013,-12.736,-1.413,0.144
177,-12.018,0.006,-12.641,-1.412,0.139
178,-11.918,-0.013,-12.543,-1.411,0.133
179,-11.918,-0.039,-12.445,-1.410,0.126
180,-11.965,-0.151,-12.344,-1.408,0.120
181,-11.980,-0.284,-12.241,-1.407,0.113
182,-11.991,-0.342,-12.137,-1.405,0.105
183,-11.911,-0.365,-12.031,-1.403,0.098
184,-11.768,-0.374,-11.923,-1.401,0.090
185,-11.765,-0.420,-11.815,-1.399,0.083
186,-11.768,-0.441,-11.705,-1.398,0.075
187,-11.776,-0.432,-11.593,-1.396,0.067
188,-11.766,-0.423,-11.479,-1.394,0.058
189,-11.768,-0.494,-11.364,-1.392,0.050
190,-11.772,-0.584,-11.249,-1.390,0.041
191,-11.886,-0.580,-11.132,-1.389,0.032
192,-12.003,-0.601,-11.015,-1.387,0.023
193,-12.070,-0.621,-10.896,-1.386,0.014
194,-12.074,-0.715,-10.777,-1.385,0.005
195,-12.062,-0.814,-10.655,-1.385,-0.005
196,-12.064,-0.814,-10.532,-1.384,-0.015
197,-12.085,-0.782,-10.407,-1.384,-0.025
198,-12.083,-0.733,-10.282,-1.383,-0.035
199,-11.869,-0.779,-10.155,-1.382,-0.045
200,-11.693,-0.780,-10.027,-1.382,-0.055
201,-11.502,-0.768,-9.897,-1.381,-0.066
202,-11.292,-0.728,-9.764,-1.380,-0.077
203,-11.091,-0.651,-9.629,-1.378,-0.088
204,-11.000,-0.578,-9.493,-1.376,-0.098
205,-10.990,-0.633,-9.356,-1.375,-0.109
206,-10.737,-0.808,-9.218,-1.373,-0.120
207,-10.561,-0.856,-9.078,-1.372,-0.131
208,-10.417,-0.914,-8.937,-1.370,-0.142
209,-10.303,-1.051,-8.794,-1.370,-0.152
210,-10.189,-1.192,-8.650,-1.369,-0.163
211,-10.078,-1.312,-8.505,-1.369,-0.173
212,-9.951,-1.404,-8.359,-1.370,-0.183
213,-9.528,-1.611,-8.211,-1.371,-0.192
214,-9.323,-1.709,-8.063,-1.372,-0.202
215,-9.062,-1.814,-7.913,-1.374,-0.211
216,-8.843,-1.917,-7.763,-1.377,-0.219
217,-8.629,-1.907,-7.611,-1.379,-0.227
218,-8.358,-1.919,-7.458,-1.383,-0.235
219,-8.096,-1.984,-7.304,-1.386,-0.242
220,-7.890,-2.024,-7.149,-1.390,-0.248
221,-7.454,-2.041,-6.993,-1.394,-0.255
222,-7.236,-2.058,-6.836,-1.398,-0.261
223,-7.090,-2.067,-6.678,-1.403,-0.267
224,-6.908,-2.040,-6.520,-1.408,-0.272
225,-6.748,-2.032,-6.361,-1.413,-0.276
226,-6.648,-2.076,-6.201,-1.418,-0.280
227,-6.503,-2.113,-6.041,-1.424,-0.283
228,-6.399,-2.251,-5.881,-1.430,-0.286
229,-6.340,-2.240,-5.720,-1.436,-0.289
230,-6.300,-2.212,-5.559,-1.443,-0.290
231,-6.230,-2.208,-5.397,-1.450,-0.291
232,-6.122,-2.271,-5.235,-1.457,-0.292
233,-6.135,-2.320,-5.073,-1.465,-0.292
234,-6.175,-2.359,-4.910,-1.473,-0.292
235,-6.072,-2.458,-4.748,-1.481,-0.291
236,-6.092,-2.460,-4.585,-1.490,-0.290
237,-6.056,-2.487,-4.421,-1.499,-0.288
238,-5.991,-2.635,-4.257,-1.508,-0.286
239,-5.952,-2.846,-4.092,-1.518,-0.284
240,-5.891,-3.014,-3.927,-1.528,-0.281
241,-5.848,-3.122,-3.760,-1.538,-0.278
242,-5.826,-3.208,-3.594,-1.548,-0.275
243,-5.783,-3.237,-3.426,-1.558,-0.272
244,-5.752,-3.271,-3.258,-1.568,-0.268
245,-5.728,-3.263,-3.090,-1.578,-0.265
246,-5.705,-3.242,-2.919,-1.588,-0.262
247,-5.596,-3.301,-2.748,-1.598,-0.258
248,-5.451,-3.399,-2.576,-1.607,-0.255
249,-5.344,-3.419,-2.402,-1.618,-0.251
250,-5.129,-3.421,-2.228,-1.628,-0.248
251,-5.015,-3.380,-2.052,-1.638,-0.245
252,-4.897,-3.357,-1.875,-1.649,-0.242
253,-4.811,-3.296,-1.696,-1.660,-0.239
254,-4.707,-3.173,-1.516,-1.671,-0.237
255,-4.672,-3.121,-1.335,-1.682,-0.235
256,-4.647,-3.092,-1.153,-1.693,-0.233
257,-4.454,-2.857,-0.970,-1.704,-0.232
258,-4.276,-2.749,-0.786,-1.715,-0.230
259,-4.121,-2.637,-0.601,-1.727,-0.229
260,-4.011,-2.469,-0.416,-1.738,-0.229
261,-3.863,-2.310,-0.228,-1.750,-0.229
262,-3.698,-2.168,-0.039,-1.763,-0.229
263,-3.573,-2.043,0.150,-1.775,-0.229
264,-3.530,-2.073,0.340,-1.788,-0.230
265,-3.478,-2.094,0.530,-1.802,-0.230
266,-3.434,-2.031,0.721,-1.816,-0.231
267,-3.394,-1.947,0.912,-1.829,-0.231
268,-3.350,-1.859,1.103,-1.844,-0.231
269,-3.294,-1.777,1.294,-1.858,-0.232
270,-3.242,-1.684,1.485,-1.873,-0.232
271,-3.179,-1.588,1.675,-1.887,-0.231
272,-3.067,-1.474,1.866,-1.901,-0.231
273,-3.117,-1.445,2.056,-1.915,-0.230
274,-3.182,-1.443,2.245,-1.929,-0.229
275,-3.228,-1.436,2.433,-1.943,-0.227
276,-3.220,-1.404,2.620,-1.956,-0.224
277,-3.207,-1.389,2.807,-1.968,-0.221
278,-3.174,-1.437,2.993,-1.980,-0.218
279,-3.021,-1.561,3.178,-1.992,-0.214
280,-2.928,-1.626,3.363,-2.003,-0.210
281,-2.924,-1.627,3.547,-2.013,-0.205
282,-2.933,-1.591,3.730,-2.023,-0.200
283,-2.888,-1.552,3.912,-2.031,-0.194
284,-2.863,-1.572,4.092,-2.039,-0.187
285,-2.804,-1.638,4.272,-2.045,-0.181
286,-2.626,-1.577,4.452,-2.050,-0.173
287,-2.429,-1.561,4.631,-2.055,-0.166
288,-2.262,-1.550,4.810,-2.059,-0.158
289,-2.131,-1.465,4.988,-2.061,-0.149
290,-1.972,-1.455,5.166,-2.062,-0.141
291,-1.859,-1.476,5.343,-2.061,-0.132
292,-1.750,-1.454,5.520,-2.060,-0.123
293,-1.579,-1.422,5.697,-2.058,-0.113
294,-1.255,-1.358,5.875,-2.054,-0.104
295,-1.080,-1.380,6.052,-2.050,-0.095
296,-0.925,-1.359,6.229,-2.045,-0.086
297,-0.830,-1.350,6.407,-2.039,-0.077
298,-0.729,-1.418,6.585,-2.031,-0.068
299,-0.626,-1.474,6.763,-2.023,-0.059
300,-0.523,-1.474,6.941,-2.015,-0.051
301,-0.362,-1.476,7.119,-2.005,-0.042
302,-0.290,-1.440,7.298,-1.995,-0.034
303,-0.246,-1.433,7.477,-1.984,-0.027
304,-0.211,-1.384,7.656,-1.973,-0.019
305,-0.122,-1.304,7.835,-1.961,-0.012
306,0.032,-1.235,8.015,-1.948,-0.006
307,0.175,-1.252,8.195,-1.934,0.000
308,0.362,-1.245,8.376,-1.921,0.006
309,0.472,-1.305,8.557,-1.907,0.012
310,0.568,-1.415,8.738,-1.892,0.017
311,0.660,-1.559,8.919,-1.878,0.021
312,0.794,-1.667,9.101,-1.862,0.025
313,0.914,-1.739,9.283,-1.846,0.028
314,1.023,-1.795,9.466,-1.830,0.031
315,1.083,-1.824,9.648,-1.813,0.034
316,1.298,-1.780,9.830,-1.795,0.036
317,1.374,-1.797,10.013,-1.777,0.037
318,1.455,-1.957,10.196,-1.758,0.038
319,1.546,-2.183,10.378,-1.740,0.038
320,1.655,-2.452,10.560,-1.722,0.038
321,1.758,-2.724,10.742,-1.704,0.037
322,1.863,-3.027,10.923,-1.687,0.036
323,1.938,-3.670,11.104,-1.670,0.035
324,1.913,-3.958,11.284,-1.654,0.033
325,1.869,-4.295,11.462,-1.638,0.031
326,1.833,-4.574,11.640,-1.623,0.030
327,1.876,-4.773,11.815,-1.607,0.029
328,1.932,-4.965,11.989,-1.590,0.028
329,1.924,-5.163,12.161,-1.574,0.027
330,2.159,-5.319,12.332,-1.557,0.026
331,2.262,-5.282,12.502,-1.540,0.026
332,2.377,-5.240,12.670,-1.523,0.026
333,2.507,-5.176,12.837,-1.505,0.027
334,2.685,-5.141,13.001,-1.488,0.028
335,2.928,-5.154,13.163,-1.470,0.029
336,3.166,-5.217,13.324,-1.453,0.031
337,3.457,-5.267,13.484,-1.436,0.033
338,4.035,-5.359,13.643,-1.419,0.036
339,4.318,-5.306,13.801,-1.404,0.040
340,4.650,-5.259,13.958,-1.388,0.044
341,5.032,-5.334,14.112,-1.374,0.049
342,5.442,-5.431,14.264,-1.361,0.055
343,5.838,-5.453,14.416,-1.349,0.062
344,6.210,-5.463,14.567,-1.338,0.069
345,7.046,-5.449,14.718,-1.328,0.077
346,7.305,-5.379,14.867,-1.319,0.085
347,7.575,-5.253,15.015,-1.310,0.094
348,7.921,-5.169,15.162,-1.303,0.103
349,8.229,-5.116,15.306,-1.298,0.114
350,8.443,-5.058,15.450,-1.294,0.125
351,8.577,-5.058,15.592,-1.291,0.136
352,8.969,-5.048,15.733,-1.290,0.148
353,9.135,-5.021,15.873,-1.290,0.161
354,9.232,-5.093,16.012,-1.291,0.173
355,9.385,-5.181,16.150,-1.293,0.187
356,9.578,-5.139,16.286,-1.297,0.200
357,9.740,-5.059,16.421,-1.302,0.214
358,9.917,-5.018,16.555,-1.308,0.228
359,10.141,-4.918,16.689,-1.314,0.243
360,10.508,-4.824,16.822,-1.322,0.257
361,10.614,-4.777,16.954,-1.329,0.272
362,10.687,-4.650,17.085,-1.337,0.286
363,10.718,-4.541,17.214,-1.347,0.302
364,10.838,-4.355,17.343,-1.356,0.317
365,10.966,-4.138,17.471,-1.366,0.332
366,11.053,-3.940,17.598,-1.376,0.347
367,11.181,-3.622,17.725,-1.386,0.362
368,11.244,-3.583,17.851,-1.397,0.377
369,11.273,-3.555,17.977,-1.408,0.392
370,11.369,-3.473,18.102,-1.420,0.406
371,11.531,-3.353,18.227,-1.432,0.421
372,11.675,-3.223,18.351,-1.445,0.435
373,11.789,-3.054,18.475,-1.457,0.449
374,12.137,-2.859,18.598,-1.470,0.462
375,12.390,-2.754,18.722,-1.482,0.476
376,12.636,-2.692,18.846,-1.495,0.489
377,12.902,-2.581,18.971,-1.508,0.502
378,13.181,-2.493,19.095,-1.521,0.515
379,13.428,-2.429,19.219,-1.534,0.527
380,13.677,-2.326,19.344,-1.546,0.540
381,13.929,-2.168,19.469,-1.559,0.553
382,14.467,-1.916,19.595,-1.571,0.566
383,14.725,-1.824,19.721,-1.582,0.578
384,14.948,-1.716,19.847,-1.593,0.591
385,15.214,-1.619,19.974,-1.604,0.605
386,15.472,-1.541,20.101,-1.615,0.618
387,15.685,-1.441,20.228,-1.625,0.632
388,15.918,-1.302,20.356,-1.635,0.646
389,16.268,-1.086,20.484,-1.644,0.660
390,16.414,-0.913,20.613,-1.651,0.675
391,16.575,-0.801,20.742,-1.658,0.690
392,16.689,-0.725,20.872,-1.665,0.705
393,16.774,-0.690,21.002,-1.670,0.720
394,16.866,-0.662,21.133,-1.674,0.736
395,16.979,-0.594,21.264,-1.677,0.751
396,17.171,-0.489,21.396,-1.679,0.767
397,17.208,-0.572,21.528,-1.681,0.783
398,17.272,-0.635,21.662,-1.682,0.799
399,17.311,-0.645,21.795,-1.682,0.815
400,17.358,-0.613,21.930,-1.681,0.832
401,17.403,-0.567,22.065,-1.678,0.848
402,17.428,-0.565,22.201,-1.675,0.865
403,17.478,-0.590,22.337,-1.670,0.882
404,17.503,-0.632,22.474,-1.665,0.898
405,17.412,-0.642,22.611,-1.658,0.915
406,17.317,-0.689,22.748,-1.651,0.932
407,17.201,-0.752,22.886,-1.641,0.948
408,17.101,-0.817,23.025,-1.631,0.964
409,17.076,-0.916,23.164,-1.620,0.980
410,17.011,-1.060,23.303,-1.608,0.996
411,16.870,-1.310,23.442,-1.596,1.012
412,16.814,-1.389,23.582,-1.584,1.027
413,16.724,-1.475,23.722,-1.571,1.043
414,16.645,-1.503,23.861,-1.557,1.058
415,16.611,-1.513,24.002,-1.542,1.073
416,16.605,-1.576,24.143,-1.527,1.087
417,16.634,-1.605,24.284,-1.511,1.102
418,16.799,-1.477,24.425,-1.495,1.116
419,16.930,-1.433,24.566,-1.478,1.131
420,17.039,-1.365,24.708,-1.460,1.145
421,17.179,-1.336,24.850,-1.443,1.159
422,17.290,-1.336,24.992,-1.425,1.174
423,17.439,-1.362,25.134,-1.407,1.188
424,17.606,-1.423,25.275,-1.389,1.203
425,17.722,-1.507,25.417,-1.371,1.218
426,17.997,-1.416,25.559,-1.353,1.233
427,18.147,-1.147,25.700,-1.334,1.248
428,18.297,-1.005,25.841,-1.314,1.264
429,18.423,-1.049,25.982,-1.295,1.279
430,18.532,-1.152,26.122,-1.275,1.295
431,18.637,-1.238,26.262,-1.256,1.311
432,18.754,-1.337,26.402,-1.237,1.327
433,18.940,-1.712,26.541,-1.219,1.343
434,19.209,-1.965,26.681,-1.201,1.359
435,19.390,-2.173,26.820,-1.184,1.376
436,19.515,-2.304,26.960,-1.167,1.392
437,19.673,-2.407,27.099,-1.149,1.409
438,19.823,-2.467,27.237,-1.131,1.426
439,19.939,-2.485,27.376,-1.113,1.443
440,20.244,-2.467,27.514,-1.094,1.460
441,20.493,-2.452,27.652,-1.075,1.477
442,20.771,-2.445,27.791,-1.056,1.495
443,20.992,-2.450,27.929,-1.036,1.512
444,21.125,-2.621,28.066,-1.016,1.530
445,21.174,-3.150,28.203,-0.997,1.548
446,21.177,-3.447,28.339,-0.978,1.566
447,21.302,-3.162,28.475,-0.958,1.584
448,21.274,-2.399,28.610,-0.936,1.602
449,21.361,-1.951,28.744,-0.914,1.621
450,21.479,-1.620,28.877,-0.892,1.640
451,21.564,-1.426,29.010,-0.871,1.658
452,21.704,-1.369,29.142,-0.852,1.677
453,21.945,-1.485,29.273,-0.833,1.695
454,22.280,-1.791,29.404,-0.816,1.713
455,22.645,-2.681,29.535,-0.801,1.732
456,22.800,-3.055,29.665,-0.788,1.750
457,22.975,-3.471,29.794,-0.775,1.768
458,23.023,-3.926,29.922,-0.763,1.786
459,23.048,-4.300,30.048,-0.751,1.805
460,23.177,-4.657,30.173,-0.739,1.824
461,23.234,-4.944,30.296,-0.727,1.843
462,23.317,-4.930,30.418,-0.715,1.862
463,23.408,-4.604,30.539,-0.701,1.882
464,23.447,-4.270,30.657,-0.686,1.902
465,23.390,-3.964,30.774,-0.671,1.922
466,23.322,-3.561,30.888,-0.655,1.942
467,23.239,-3.126,31.000,-0.638,1.962
468,23.193,-2.734,31.111,-0.620,1.983
469,23.164,-2.415,31.219,-0.603,2.003
470,22.865,-2.223,31.326,-0.586,2.024
471,22.747,-2.198,31.430,-0.569,2.044
472,22.649,-2.186,31.533,-0.552,2.064
473,22.575,-2.171,31.633,-0.537,2.084
474,22.536,-2.168,31.731,-0.522,2.104
475,22.575,-2.195,31.828,-0.508,2.123
476,22.588,-2.117,31.923,-0.494,2.143
477,22.530,-1.633,32.017,-0.480,2.162
478,22.622,-1.490,32.109,-0.467,2.181
479,22.715,-1.381,32.200,-0.454,2.199
480,22.933,-1.353,32.290,-0.442,2.218
481,23.088,-1.288,32.377,-0.432,2.235
482,23.137,-1.285,32.463,-0.422,2.253
483,23.265,-1.303,32.547,-0.414,2.270
484,23.565,-1.422,32.631,-0.406,2.286
485,23.579,-1.483,32.713,-0.399,2.302
486,23.660,-1.665,32.793,-0.394,2.318
487,23.821,-1.848,32.872,-0.389,2.333
488,23.943,-1.925,32.948,-0.387,2.348
489,24.035,-2.058,33.023,-0.385,2.363
490,24.213,-2.066,33.096,-0.384,2.378
491,24.395,-2.021,33.168,-0.384,2.392
492,24.786,-2.164,33.238,-0.384,2.406
493,25.021,-2.105,33.307,-0.386,2.420
494,25.158,-2.062,33.374,-0.387,2.434
495,25.236,-1.953,33.438,-0.390,2.448
496,25.336,-1.921,33.500,-0.394,2.462
497,25.403,-1.957,33.559,-0.398,2.476
498,25.448,-1.860,33.617,-0.403,2.490
499,25.732,-1.554,33.674,-0.407,2.504
500,25.778,-1.364,33.728,-0.412,2.518
501,25.803,-1.166,33.781,-0.417,2.532
502,25.922,-1.011,33.831,-0.422,2.546
503,26.044,-0.974,33.878,-0.427,2.560
504,26.159,-0.990,33.923,-0.433,2.574
505,26.224,-0.961,33.966,-0.440,2.589
506,26.081,-0.635,34.006,-0.446,2.603
507,26.102,-0.499,34.045,-0.452,2.618
508,26.157,-0.480,34.082,-0.458,2.632
509,26.195,-0.505,34.117,-0.465,2.647
510,26.192,-0.388,34.149,-0.471,2.661
511,26.138,-0.249,34.179,-0.478,2.675
512,26.105,-0.204,34.207,-0.484,2.690
513,26.159,-0.115,34.233,-0.491,2.704
514,26.236,0.040,34.258,-0.497,2.718
515,26.218,0.035,34.282,-0.503,2.731
516,26.197,0.013,34.303,-0.510,2.745
517,26.166,0.018,34.322,-0.516,2.759
518,26.106,0.022,34.338,-0.522,2.772
519,26.000,0.018,34.353,-0.528,2.785
520,25.862,0.031,34.366,-0.534,2.797
521,25.573,0.070,34.377,-0.540,2.810
522,25.473,0.096,34.386,-0.545,2.822
523,25.316,0.153,34.393,-0.550,2.834
524,25.051,0.204,34.398,-0.555,2.846
525,24.870,0.281,34.399,-0.560,2.857
526,24.695,0.341,34.398,-0.565,2.868
527,24.402,0.412,34.396,-0.569,2.879
528,23.992,0.792,34.391,-0.573,2.890
529,23.758,0.965,34.384,-0.576,2.900
530,23.533,1.019,34.375,-0.579,2.911
531,23.394,0.939,34.364,-0.581,2.921
532,23.232,0.957,34.349,-0.584,2.930
533,23.081,1.143,34.333,-0.586,2.940
534,22.951,1.277,34.314,-0.588,2.949
535,22.886,1.394,34.294,-0.590,2.958
536,22.769,1.662,34.271,-0.590,2.967
537,22.711,1.772,34.247,-0.590,2.976
538,22.547,1.861,34.220,-0.590,2.984
539,22.381,1.921,34.189,-0.588,2.992
540,22.278,1.919,34.156,-0.587,2.999
541,22.177,1.907,34.121,-0.584,3.006
542,21.978,1.934,34.083,-0.582,3.012
543,21.512,1.705,34.042,-0.580,3.019
544,21.317,1.539,33.999,-0.578,3.025
545,21.076,1.468,33.953,-0.576,3.030
546,20.840,1.430,33.905,-0.574,3.036
547,20.621,1.330,33.853,-0.572,3.040
548,20.459,1.214,33.798,-0.571,3.045
549,20.344,1.177,33.741,-0.569,3.049
550,20.107,0.925,33.681,-0.568,3.053
551,19.966,0.822,33.619,-0.566,3.056
552,19.746,0.732,33.555,-0.565,3.058
553,19.529,0.673,33.488,-0.563,3.060
554,19.294,0.573,33.417,-0.560,3.061
555,19.070,0.347,33.343,-0.558,3.062
556,18.891,0.130,33.268,-0.555,3.062
557,18.680,0.076,33.189,-0.553,3.061
558,18.393,0.224,33.109,-0.551,3.060
559,18.384,0.301,33.026,-0.548,3.058
560,18.359,0.468,32.942,-0.545,3.055
561,18.335,0.699,32.853,-0.543,3.051
562,18.351,0.892,32.762,-0.541,3.046
563,18.323,0.981,32.670,-0.539,3.041
564,18.219,1.042,32.575,-0.537,3.034
565,17.875,0.970,32.478,-0.536,3.027
566,17.732,0.970,32.378,-0.535,3.018
567,17.620,0.893,32.276,-0.535,3.009
568,17.481,0.715,32.171,-0.536,2.998
569,17.248,0.481,32.062,-0.539,2.985
570,17.118,0.267,31.952,-0.542,2.972
571,17.060,0.099,31.839,-0.546,2.958
572,16.775,-0.197,31.724,-0.551,2.943
573,16.765,-0.371,31.608,-0.556,2.927
574,16.743,-0.517,31.489,-0.563,2.910
575,16.749,-0.627,31.368,-0.570,2.892
576,16.832,-0.838,31.243,-0.579,2.873
577,16.881,-1.024,31.117,-0.589,2.853
578,16.936,-1.068,30.989,-0.600,2.832
579,17.036,-1.068,30.858,-0.611,2.810
580,17.104,-1.077,30.726,-0.622,2.788
581,17.153,-0.947,30.592,-0.634,2.765
582,17.214,-0.887,30.456,-0.646,2.742
583,17.282,-0.874,30.316,-0.658,2.717
584,17.361,-0.853,30.173,-0.671,2.692
585,17.357,-0.862,30.029,-0.685,2.667
586,17.378,-0.918,29.882,-0.698,2.641
587,17.430,-1.135,29.734,-0.713,2.615
588,17.508,-1.223,29.583,-0.728,2.589
589,17.638,-1.337,29.431,-0.744,2.562
590,17.814,-1.461,29.275,-0.761,2.535
591,17.925,-1.604,29.116,-0.778,2.508
592,18.007,-1.635,28.956,-0.796,2.481
593,18.121,-1.693,28.794,-0.814,2.453
594,18.361,-1.892,28.631,-0.834,2.426
595,18.548,-1.856,28.465,-0.853,2.399
596,18.712,-1.738,28.298,-0.873,2.371
597,18.808,-1.580,28.130,-0.892,2.344
598,18.876,-1.438,27.957,-0.912,2.316
599,18.897,-1.359,27.783,-0.932,2.288
600,18.946,-1.389,27.606,-0.952,2.261
601,19.024,-1.548,27.429,-0.973,2.233
602,19.090,-2.316,27.249,-0.996,2.205
603,19.206,-2.606,27.068,-1.020,2.178
604,19.336,-2.730,26.886,-1.045,2.150
605,19.526,-2.876,26.700,-1.070,2.123
606,19.691,-3.104,26.514,-1.096,2.097
607,19.789,-3.219,26.326,-1.123,2.070
608,19.943,-3.280,26.136,-1.149,2.044
609,20.415,-3.047,25.947,-1.174,2.018
610,20.546,-2.784,25.756,-1.199,1.993
611,20.669,-2.570,25.564,-1.222,1.968
612,20.675,-2.344,25.369,-1.245,1.943
613,20.537,-2.053,25.172,-1.266,1.919
614,20.554,-1.786,24.975,-1.288,1.896
615,20.687,-1.618,24.777,-1.309,1.873
616,20.759,-1.609,24.577,-1.330,1.851
617,20.841,-1.824,24.377,-1.353,1.829
618,20.947,-2.262,24.176,-1.376,1.807
619,21.102,-3.025,23.975,-1.402,1.786
620,21.198,-3.864,23.772,-1.429,1.766
621,21.208,-4.469,23.568,-1.458,1.747
622,21.328,-4.779,23.364,-1.487,1.729
623,21.590,-4.775,23.159,-1.515,1.712
624,22.098,-4.304,22.955,-1.542,1.697
625,22.372,-3.831,22.751,-1.568,1.682
626,22.543,-3.348,22.547,-1.592,1.667
627,22.643,-2.757,22.342,-1.614,1.654
628,22.658,-1.985,22.137,-1.635,1.642
629,22.526,-1.289,21.932,-1.654,1.630
630,22.359,-0.943,21.726,-1.673,1.618
631,21.934,-1.360,21.520,-1.693,1.607
632,21.933,-1.927,21.314,-1.715,1.597
633,21.540,-2.722,21.107,-1.739,1.586
634,21.309,-3.386,20.901,-1.763,1.577
635,21.249,-3.895,20.695,-1.787,1.568
636,21.074,-4.103,20.489,-1.812,1.560
637,21.136,-3.938,20.284,-1.835,1.553
638,21.222,-3.553,20.079,-1.857,1.547
639,21.270,-3.189,19.875,-1.877,1.542
640,21.339,-2.563,19.672,-1.895,1.537
641,21.329,-1.900,19.469,-1.911,1.532
642,21.334,-1.241,19.267,-1.923,1.529
643,21.289,-0.675,19.066,-1.934,1.525
644,21.131,-0.269,18.865,-1.942,1.522
645,20.861,-0.028,18.664,-1.949,1.518
646,20.072,0.015,18.463,-1.954,1.514
647,19.651,-0.129,18.262,-1.958,1.511
648,19.226,-0.241,18.060,-1.962,1.507
649,18.800,-0.307,17.860,-1.964,1.503
650,18.364,-0.342,17.660,-1.965,1.500
651,17.928,-0.374,17.459,-1.966,1.496
652,17.496,-0.386,17.260,-1.967,1.493
653,16.767,-0.410,17.059,-1.967,1.489
654,16.460,-0.406,16.860,-1.967,1.485
655,16.062,-0.442,16.660,-1.965,1.481
656,15.665,-0.536,16.462,-1.963,1.476
657,15.309,-0.613,16.264,-1.961,1.472
658,14.954,-0.664,16.067,-1.958,1.467
659,14.626,-0.689,15.870,-1.955,1.461
660,13.928,-0.621,15.673,-1.952,1.456
661,13.577,-0.625,15.476,-1.949,1.450
662,13.280,-0.735,15.281,-1.946,1.444
663,13.021,-0.873,15.086,-1.943,1.437
664,12.794,-0.923,14.892,-1.941,1.430
665,12.594,-0.933,14.699,-1.940,1.422
666,12.406,-0.990,14.508,-1.939,1.413
667,12.201,-1.100,14.317,-1.939,1.404
668,11.849,-1.458,14.127,-1.940,1.394
669,11.677,-1.589,13.937,-1.941,1.384
670,11.532,-1.590,13.749,-1.942,1.373
671,11.371,-1.643,13.563,-1.944,1.360
672,11.201,-1.738,13.377,-1.947,1.347
673,11.035,-1.785,13.193,-1.950,1.333
674,10.879,-1.797,13.009,-1.953,1.318
675,10.525,-1.864,12.825,-1.957,1.302
676,10.332,-1.949,12.642,-1.961,1.286
677,10.122,-2.049,12.459,-1.965,1.269
678,9.907,-2.151,12.278,-1.970,1.251
679,9.712,-2.252,12.096,-1.975,1.232
680,9.509,-2.277,11.915,-1.979,1.212
681,9.322,-2.185,11.734,-1.984,1.192
682,8.957,-2.141,11.552,-1.988,1.171
683,8.751,-2.175,11.371,-1.993,1.150
684,8.597,-2.188,11.189,-1.997,1.129
685,8.427,-2.170,11.007,-2.000,1.107
686,8.237,-2.153,10.824,-2.004,1.084
687,7.984,-2.183,10.640,-2.007,1.061
688,7.674,-2.239,10.455,-2.010,1.038
689,7.393,-2.301,10.269,-2.013,1.015
690,7.014,-2.272,10.082,-2.016,0.992
691,6.872,-2.219,9.893,-2.019,0.968
692,6.735,-2.198,9.704,-2.023,0.945
693,6.555,-2.295,9.512,-2.026,0.923
694,6.383,-2.379,9.319,-2.030,0.900
695,6.164,-2.446,9.124,-2.035,0.878
696,5.909,-2.486,8.928,-2.039,0.856
697,5.644,-2.520,8.731,-2.044,0.834
698,5.461,-2.522,8.532,-2.048,0.812
699,5.288,-2.482,8.331,-2.053,0.791
700,5.157,-2.473,8.128,-2.056,0.771
701,5.042,-2.475,7.924,-2.060,0.751
702,4.972,-2.414,7.718,-2.062,0.732
703,4.901,-2.243,7.511,-2.064,0.713
704,4.707,-1.834,7.303,-2.065,0.694
705,4.670,-1.706,7.094,-2.065,0.675
706,4.664,-1.583,6.884,-2.065,0.657
707,4.609,-1.419,6.673,-2.064,0.640
708,4.500,-1.266,6.460,-2.063,0.623
709,4.431,-1.160,6.247,-2.062,0.606
710,4.375,-1.107,6.032,-2.061,0.590
711,4.274,-1.137,5.817,-2.060,0.573
712,4.016,-1.190,5.601,-2.059,0.557
713,3.923,-1.312,5.384,-2.058,0.541
714,3.848,-1.287,5.167,-2.057,0.525
715,3.769,-1.158,4.949,-2.056,0.510
716,3.640,-1.175,4.730,-2.054,0.494
717,3.554,-1.422,4.510,-2.053,0.479
718,3.511,-1.693,4.291,-2.051,0.463
719,3.414,-1.569,4.071,-2.050,0.448
720,3.351,-1.512,3.850,-2.048,0.433
721,3.207,-1.515,3.629,-2.045,0.418
722,3.075,-1.522,3.407,-2.042,0.403
723,2.993,-1.530,3.184,-2.038,0.388
724,2.900,-1.495,2.960,-2.034,0.374
725,2.705,-1.494,2.736,-2.030,0.359
726,2.439,-1.552,2.510,-2.024,0.345
727,2.321,-1.651,2.285,-2.019,0.331
728,2.174,-1.777,2.058,-2.013,0.318
729,2.066,-1.911,1.831,-2.007,0.304
730,1.982,-2.002,1.602,-2.001,0.292
731,1.931,-1.938,1.372,-1.994,0.280
732,1.894,-1.830,1.142,-1.987,0.268
733,1.828,-1.735,0.912,-1.981,0.257
734,1.791,-1.760,0.682,-1.974,0.246
735,1.705,-1.847,0.450,-1.967,0.236
736,1.611,-1.965,0.219,-1.960,0.226
737,1.554,-2.021,-0.014,-1.954,0.216
738,1.466,-2.071,-0.247,-1.948,0.207
739,1.381,-2.181,-0.480,-1.941,0.199
740,1.251,-2.282,-0.714,-1.936,0.190
741,0.962,-2.537,-0.948,-1.931,0.182
742,0.760,-2.655,-1.182,-1.926,0.174
743,0.555,-2.822,-1.417,-1.922,0.166
744,0.446,-2.992,-1.651,-1.919,0.159
745,0.418,-3.060,-1.886,-1.917,0.152
746,0.339,-3.033,-2.119,-1.914,0.146
747,0.182,-3.022,-2.353,-1.911,0.139
748,0.094,-3.104,-2.586,-1.909,0.133
749,0.137,-3.122,-2.818,-1.907,0.127
750,0.131,-3.123,-3.049,-1.905,0.122
751,0.149,-3.153,-3.279,-1.904,0.116
752,0.137,-3.242,-3.507,-1.904,0.110
753,0.155,-3.340,-3.733,-1.904,0.105
754,0.177,-3.422,-3.958,-1.905,0.100
755,0.155,-3.424,-4.181,-1.906,0.094
756,0.247,-3.372,-4.403,-1.907,0.089
757,0.320,-3.317,-4.622,-1.908,0.083
758,0.398,-3.253,-4.839,-1.910,0.077
759,0.461,-3.247,-5.052,-1.912,0.072
760,0.460,-3.282,-5.263,-1.915,0.066
761,0.422,-3.264,-5.472,-1.917,0.060
762,0.412,-3.187,-5.678,-1.920,0.054
763,0.452,-2.782,-5.881,-1.922,0.048
764,0.408,-2.616,-6.082,-1.924,0.041
765,0.454,-2.443,-6.281,-1.925,0.035
766,0.467,-2.327,-6.474,-1.928,0.028
767,0.457,-2.206,-6.664,-1.930,0.020
768,0.449,-2.026,-6.852,-1.932,0.013
769,0.407,-1.869,-7.036,-1.934,0.006
770,0.203,-1.586,-7.219,-1.936,-0.001
771,0.030,-1.438,-7.398,-1.939,-0.009
772,-0.101,-1.398,-7.575,-1.941,-0.017
773,-0.274,-1.342,-7.750,-1.945,-0.025
774,-0.499,-1.231,-7.919,-1.948,-0.034
775,-0.762,-1.176,-8.087,-1.952,-0.043
776,-1.017,-1.150,-8.252,-1.955,-0.052
777,-1.592,-1.091,-8.416,-1.959,-0.061
778,-1.966,-1.147,-8.578,-1.962,-0.070
779,-2.350,-1.160,-8.738,-1.965,-0.080
780,-2.684,-1.145,-8.897,-1.967,-0.090
781,-3.055,-1.232,-9.052,-1.969,-0.100
782,-3.478,-1.372,-9.206,-1.970,-0.110
783,-3.830,-1.478,-9.358,-1.971,-0.120
784,-4.147,-1.543,-9.510,-1.972,-0.130
785,-4.854,-1.627,-9.661,-1.972,-0.140
786,-5.256,-1.655,-9.811,-1.972,-0.150
787,-5.644,-1.695,-9.960,-1.971,-0.160
788,-5.970,-1.747,-10.107,-1.971,-0.169
789,-6.286,-1.762,-10.254,-1.970,-0.179
790,-6.589,-1.808,-10.399,-1.969,-0.188
791,-6.884,-1.825,-10.545,-1.968,-0.197
792,-7.601,-1.701,-10.691,-1.967,-0.206
793,-7.963,-1.715,-10.836,-1.965,-0.214
794,-8.313,-1.774,-10.981,-1.964,-0.223
795,-8.590,-1.644,-11.126,-1.962,-0.231
796,-8.886,-1.431,-11.270,-1.961,-0.239
797,-9.250,-1.569,-11.414,-1.959,-0.247
798,-9.623,-1.935,-11.557,-1.959,-0.254
799,-10.030,-2.186,-11.701,-1.959,-0.262
800,-10.215,-2.192,-11.844,-1.960,-0.269
801,-10.509,-2.283,-11.987,-1.961,-0.276
802,-10.770,-2.443,-12.130,-1.961,-0.282
803,-10.921,-2.615,-12.272,-1.962,-0.289
804,-11.045,-2.792,-12.413,-1.963,-0.295
805,-11.154,-2.968,-12.553,-1.963,-0.300
806,-11.207,-3.023,-12.693,-1.964,-0.306
807,-11.141,-2.701,-12.832,-1.963,-0.311
808,-11.060,-2.514,-12.970,-1.961,-0.316
809,-11.037,-2.366,-13.108,-1.959,-0.320
810,-11.060,-2.245,-13.244,-1.956,-0.324
811,-11.136,-2.188,-13.379,-1.953,-0.328
812,-11.141,-2.126,-13.514,-1.949,-0.331
813,-11.059,-2.068,-13.648,-1.945,-0.335
814,-10.822,-2.048,-13.780,-1.941,-0.338
815,-10.703,-2.030,-13.911,-1.936,-0.340
816,-10.685,-2.008,-14.041,-1.931,-0.343
817,-10.638,-1.919,-14.170,-1.925,-0.345
818,-10.541,-1.838,-14.297,-1.919,-0.347
819,-10.506,-1.748,-14.423,-1.912,-0.349
820,-10.498,-1.664,-14.548,-1.905,-0.350
821,-10.486,-1.640,-14.671,-1.897,-0.352
822,-10.464,-1.577,-14.793,-1.889,-0.353
823,-10.457,-1.520,-14.914,-1.881,-0.354
824,-10.420,-1.448,-15.034,-1.871,-0.355
825,-10.367,-1.339,-15.151,-1.861,-0.356
826,-10.311,-1.168,-15.266,-1.851,-0.356
827,-10.259,-0.970,-15.380,-1.839,-0.356
828,-10.238,-0.774,-15.492,-1.827,-0.357
829,-10.239,-0.626,-15.603,-1.815,-0.357
830,-10.223,-0.613,-15.713,-1.802,-0.357
831,-10.231,-0.632,-15.821,-1.789,-0.357
832,-10.241,-0.678,-15.926,-1.777,-0.357
833,-10.241,-0.783,-16.029,-1.764,-0.356
834,-10.283,-0.900,-16.132,-1.752,-0.356
835,-10.355,-1.002,-16.232,-1.741,-0.356
836,-10.570,-1.297,-16.332,-1.730,-0.355
837,-10.617,-1.453,-16.430,-1.719,-0.354
838,-10.634,-1.568,-16.526,-1.709,-0.353
839,-10.679,-1.793,-16.621,-1.699,-0.352
840,-10.687,-1.988,-16.712,-1.691,-0.351
841,-10.678,-2.088,-16.802,-1.682,-0.350
842,-10.670,-2.165,-16.890,-1.674,-0.349
843,-10.604,-2.372,-16.976,-1.667,-0.349
844,-10.476,-2.525,-17.060,-1.659,-0.348
845,-10.402,-2.745,-17.142,-1.653,-0.347
846,-10.408,-2.902,-17.222,-1.647,-0.347
847,-10.312,-2.991,-17.297,-1.641,-0.347
848,-10.157,-3.063,-17.371,-1.636,-0.347
849,-10.039,-3.100,-17.442,-1.630,-0.348
850,-9.921,-3.191,-17.510,-1.626,-0.348
851,-9.535,-3.551,-17.576,-1.621,-0.349
852,-9.335,-3.713,-17.639,-1.618,-0.351
853,-9.124,-3.768,-17.699,-1.614,-0.352
854,-8.980,-3.837,-17.755,-1.611,-0.354
855,-8.885,-3.855,-17.808,-1.609,-0.356
856,-8.788,-3.810,-17.858,-1.606,-0.359
857,-8.699,-3.761,-17.906,-1.603,-0.362
858,-8.500,-3.789,-17.950,-1.600,-0.365
859,-8.482,-3.785,-17.993,-1.598,-0.368
860,-8.416,-3.726,-18.032,-1.596,-0.372
861,-8.375,-3.659,-18.069,-1.594,-0.375
862,-8.368,-3.553,-18.101,-1.592,-0.379
863,-8.318,-3.464,-18.130,-1.591,-0.384
864,-8.274,-3.387,-18.156,-1.590,-0.388
865,-8.240,-3.366,-18.179,-1.589,-0.393
866,-8.275,-3.370,-18.200,-1.588,-0.397
867,-8.383,-3.322,-18.219,-1.588,-0.402
868,-8.451,-3.354,-18.235,-1.589,-0.407
869,-8.580,-3.449,-18.246,-1.591,-0.411
870,-8.711,-3.456,-18.255,-1.594,-0.416
871,-8.773,-3.386,-18.262,-1.597,-0.420
872,-8.851,-3.338,-18.266,-1.601,-0.424
873,-8.960,-3.440,-18.269,-1.606,-0.429
874,-9.082,-3.541,-18.269,-1.611,-0.432
875,-9.110,-3.641,-18.267,-1.618,-0.436
876,-9.068,-3.682,-18.260,-1.626,-0.439
877,-9.122,-3.726,-18.251,-1.634,-0.442
878,-9.229,-3.774,-18.241,-1.643,-0.445
879,-9.281,-3.743,-18.228,-1.653,-0.447
880,-9.358,-3.611,-18.213,-1.663,-0.449
881,-9.364,-3.538,-18.197,-1.674,-0.451
882,-9.364,-3.521,-18.179,-1.685,-0.452
883,-9.338,-3.585,-18.159,-1.696,-0.452
884,-9.231,-3.643,-18.134,-1.709,-0.452
885,-9.145,-3.604,-18.108,-1.722,-0.452
886,-9.060,-3.579,-18.080,-1.736,-0.452
887,-8.910,-3.543,-18.050,-1.749,-0.451
888,-8.818,-3.520,-18.018,-1.764,-0.450
889,-8.797,-3.458,-17.985,-1.778,-0.449
890,-8.862,-3.332,-17.950,-1.792,-0.447
891,-8.851,-3.151,-17.912,-1.807,-0.445
892,-8.794,-3.014,-17.872,-1.822,-0.443
893,-8.804,-2.890,-17.831,-1.837,-0.441
894,-8.899,-2.692,-17.788,-1.852,-0.439
895,-9.094,-2.269,-17.745,-1.865,-0.436
896,-9.092,-1.946,-17.700,-1.879,-0.433
897,-9.065,-1.661,-17.653,-1.892,-0.430
898,-9.086,-1.473,-17.603,-1.904,-0.427
899,-9.173,-1.256,-17.552,-1.917,-0.424
900,-9.239,-1.019,-17.499,-1.928,-0.421
901,-9.293,-0.884,-17.445,-1.939,-0.418
902,-9.418,-0.645,-17.390,-1.950,-0.415
903,-9.468,-0.510,-17.333,-1.960,-0.412
904,-9.550,-0.432,-17.274,-1.969,-0.410
905,-9.638,-0.388,-17.214,-1.978,-0.407
906,-9.669,-0.346,-17.151,-1.987,-0.405
907,-9.674,-0.329,-17.086,-1.995,-0.403
908,-9.681,-0.264,-17.020,-2.002,-0.401
909,-9.855,-0.051,-16.952,-2.009,-0.399
910,-9.982,0.032,-16.882,-2.014,-0.398
911,-10.115,0.101,-16.811,-2.019,-0.397
912,-10.196,0.183,-16.739,-2.024,-0.395
913,-10.252,0.296,-16.663,-2.027,-0.394
914,-10.349,0.381,-16.586,-2.029,-0.394
915,-10.425,0.409,-16.507,-2.031,-0.393
916,-10.484,0.459,-16.427,-2.032,-0.392
917,-10.652,0.518,-16.346,-2.032,-0.392
918,-10.693,0.609,-16.264,-2.032,-0.391
919,-10.704,0.640,-16.180,-2.030,-0.391
920,-10.725,0.596,-16.093,-2.028,-0.391
921,-10.754,0.578,-16.004,-2.026,-0.392
922,-10.810,0.573,-15.915,-2.023,-0.392
923,-10.898,0.586,-15.824,-2.020,-0.392
924,-10.992,0.478,-15.733,-2.017,-0.393
925,-11.059,0.343,-15.640,-2.014,-0.393
926,-11.163,0.188,-15.546,-2.010,-0.394
927,-11.276,0.019,-15.451,-2.007,-0.395
928,-11.378,-0.164,-15.354,-2.003,-0.396
929,-11.491,-0.278,-15.256,-2.000,-0.397
930,-11.591,-0.335,-15.158,-1.997,-0.398
931,-11.859,-0.646,-15.059,-1.995,-0.398
932,-12.090,-0.824,-14.960,-1.993,-0.399
933,-12.298,-1.030,-14.860,-1.991,-0.400
934,-12.523,-1.291,-14.761,-1.990,-0.401
935,-12.710,-1.532,-14.660,-1.990,-0.402
936,-12.876,-1.765,-14.558,-1.990,-0.402
937,-13.061,-2.021,-14.457,-1.990,-0.403
938,-13.184,-2.277,-14.355,-1.991,-0.403
939,-13.304,-2.771,-14.253,-1.992,-0.403
940,-13.243,-2.889,-14.150,-1.994,-0.403
941,-13.129,-2.859,-14.046,-1.995,-0.403
942,-13.072,-2.721,-13.941,-1.995,-0.403
943,-12.965,-2.614,-13.835,-1.994,-0.403
944,-12.895,-2.483,-13.728,-1.993,-0.403
945,-12.841,-2.245,-13.621,-1.992,-0.402
946,-12.810,-1.753,-13.512,-1.989,-0.402
947,-12.795,-1.720,-13.404,-1.987,-0.403
948,-12.793,-1.796,-13.294,-1.985,-0.403
949,-12.801,-1.955,-13.184,-1.983,-0.404
950,-12.792,-2.133,-13.073,-1.982,-0.405
951,-12.719,-2.200,-12.960,-1.980,-0.406
952,-12.649,-2.335,-12.847,-1.979,-0.407
953,-12.625,-2.556,-12.733,-1.978,-0.409
954,-12.542,-2.619,-12.619,-1.976,-0.411
955,-12.469,-2.641,-12.503,-1.975,-0.413
956,-12.406,-2.706,-12.387,-1.973,-0.415
957,-12.291,-2.828,-12.269,-1.972,-0.418
958,-12.049,-2.880,-12.150,-1.970,-0.421
959,-11.845,-2.854,-12.029,-1.969,-0.424
960,-11.758,-2.768,-11.908,-1.967,-0.427
961,-11.638,-2.690,-11.786,-1.966,-0.431
962,-11.622,-2.684,-11.663,-1.964,-0.435
963,-11.617,-2.656,-11.540,-1.963,-0.439
964,-11.518,-2.604,-11.414,-1.963,-0.444
965,-11.423,-2.533,-11.288,-1.962,-0.449
966,-11.362,-2.506,-11.162,-1.962,-0.454
967,-11.219,-2.465,-11.034,-1.963,-0.459
968,-10.839,-2.464,-10.905,-1.964,-0.465
969,-10.675,-2.495,-10.776,-1.965,-0.471
970,-10.583,-2.483,-10.645,-1.967,-0.477
971,-10.423,-2.507,-10.514,-1.970,-0.483
972,-10.239,-2.547,-10.380,-1.974,-0.490
973,-10.103,-2.509,-10.246,-1.977,-0.497
974,-9.984,-2.481,-10.112,-1.982,-0.504
975,-9.640,-2.550,-9.976,-1.986,-0.511
976,-9.485,-2.621,-9.840,-1.991,-0.518
977,-9.405,-2.592,-9.703,-1.996,-0.525
978,-9.306,-2.602,-9.565,-2.001,-0.532
979,-9.159,-2.659,-9.426,-2.007,-0.539
980,-8.959,-2.689,-9.287,-2.013,-0.546
981,-8.766,-2.674,-9.147,-2.019,-0.552
982,-8.624,-2.664,-9.006,-2.025,-0.558
983,-8.385,-2.634,-8.865,-2.031,-0.564
984,-8.234,-2.698,-8.723,-2.037,-0.570
985,-8.006,-2.731,-8.581,-2.043,-0.576
986,-7.814,-2.716,-8.437,-2.050,-0.581
987,-7.676,-2.799,-8.292,-2.057,-0.585
988,-7.457,-2.914,-8.147,-2.064,-0.590
989,-7.215,-3.000,-8.001,-2.071,-0.594
990,-6.816,-3.144,-7.854,-2.079,-0.598
991,-6.612,-3.206,-7.706,-2.087,-0.601
992,-6.421,-3.272,-7.558,-2.095,-0.604
993,-6.218,-3.282,-7.408,-2.104,-0.607
994,-5.993,-3.224,-7.257,-2.113,-0.609
995,-5.697,-3.200,-7.105,-2.122,-0.610
996,-5.503,-3.245,-6.951,-2.132,-0.612
997,-5.151,-3.357,-6.797,-2.143,-0.613
998,-4.977,-3.371,-6.642,-2.154,-0.613
999,-4.863,-3.382,-6.486,-2.165,-0.614
1000,-4.758,-3.433,-6.330,-2.178,-0.614
1001,-4.653,-3.469,-6.171,-2.191,-0.614
1002,-4.489,-3.396,-6.013,-2.204,-0.614
1003,-4.304,-3.265,-5.853,-2.218,-0.614
1004,-4.160,-3.111,-5.692,-2.232,-0.613
1005,-3.718,-2.849,-5.530,-2.246,-0.612
1006,-3.566,-2.730,-5.366,-2.259,-0.611
1007,-3.384,-2.617,-5.202,-2.273,-0.610
1008,-3.198,-2.407,-5.036,-2.288,-0.609
1009,-3.045,-2.245,-4.869,-2.303,-0.607
1010,-2.846,-2.072,-4.701,-2.317,-0.606
1011,-2.607,-1.810,-4.531,-2.332,-0.604
1012,-2.215,-1.552,-4.361,-2.346,-0.603
1013,-2.030,-1.513,-4.189,-2.360,-0.601
1014,-1.887,-1.543,-4.016,-2.375,-0.600
1015,-1.803,-1.600,-3.842,-2.390,-0.598
1016,-1.707,-1.669,-3.666,-2.405,-0.596
1017,-1.552,-1.659,-3.489,-2.420,-0.594
1018,-1.399,-1.612,-3.311,-2.435,-0.592
1019,-1.181,-1.486,-3.133,-2.449,-0.590
1020,-1.046,-1.421,-2.953,-2.463,-0.587
1021,-0.936,-1.374,-2.772,-2.476,-0.584
1022,-0.862,-1.376,-2.591,-2.489,-0.582
1023,-0.831,-1.339,-2.408,-2.500,-0.579
#end orientation
#begin downsampled
i,ax_g,ay_g,az_g,gx_dps,gy_dps,gz_dps
0,0.001831,-0.019974,1.112732,-6.9512,-243.3613,-6.8369
1,0.015457,-0.016647,1.114319,-4.5122,-236.9969,-4.8018
2,0.033264,-0.013931,1.122864,-2.5991,-231.0290,-3.4527
3,0.045517,-0.014420,1.123184,-0.6936,-222.8582,-2.5305
4,0.057541,-0.017258,1.116348,0.3277,-215.3963,-2.1646
5,0.069351,-0.022446,1.098953,0.2591,-207.4771,-1.7149
6,0.087860,-0.026398,1.066757,-0.1448,-200.2515,-1.6159
7,0.110825,-0.039307,1.035385,0.0686,-193.2393,-1.5396
8,0.138458,-0.042358,1.015717,1.3415,-186.1052,-0.9375
9,0.160675,-0.036774,1.007996,2.3628,-180.0076,0.2744
10,0.180161,-0.033768,0.996964,3.6128,-173.2088,1.5168
11,0.197586,-0.038925,0.996964,5.1677,-166.5549,2.3476
12,0.206833,-0.038773,1.000336,6.2500,-158.2698,3.2393
13,0.213562,-0.034561,1.005417,6.2043,-151.2348,3.6509
14,0.218689,-0.031036,1.019165,5.2210,-143.0717,3.4832
15,0.221878,-0.030563,1.031555,3.6052,-135.3201,2.9573
16,0.216187,-0.026474,1.038315,1.8140,-126.2195,1.8826
17,0.215210,-0.021652,1.046997,0.9680,-117.1265,0.5183
18,0.215927,-0.018250,1.044159,0.5945,-107.7363,-0.6707
19,0.218552,-0.015411,1.039917,0.4878,-97.5076,-1.5320
20,0.220154,-0.016190,1.030853,0.4497,-88.4604,-1.9207
21,0.216583,-0.015915,1.015182,0.5412,-78.4604,-1.7759
22,0.209595,-0.018402,1.000366,0.5335,-69.9009,-1.6616
23,0.205093,-0.021103,0.990936,-0.4726,-59.8933,-1.3796
24,0.207687,-0.024841,0.975281,-2.3704,-51.1966,-1.1890
25,0.210373,-0.031967,0.960663,-4.8323,-41.3643,-0.9604
26,0.211914,-0.038757,0.953156,-6.5701,-32.3857,-0.7317
27,0.213440,-0.041168,0.957916,-7.9802,-22.4543,-0.4802
28,0.214737,-0.039825,0.963776,-9.6723,-13.5137,0.0305
29,0.219025,-0.036316,0.959702,-11.5930,-5.6860,0.7317
30,0.227051,-0.032074,0.961853,-12.8125,1.4634,1.6082
31,0.238770,-0.026718,0.969009,-13.3460,6.8445,2.5915
32,0.247528,-0.019943,0.977371,-14.2378,12.1341,3.6433
33,0.255341,-0.016098,0.989914,-15.0610,16.5701,4.7180
34,0.262772,-0.016556,1.006577,-14.9924,21.8902,5.5793
35,0.267487,-0.007721,1.027588,-14.9771,26.9741,5.6326
36,0.270142,-0.009384,1.036407,-15.0457,33.1174,5.3125
37,0.268677,-0.013641,1.042801,-14.4360,39.2607,4.7256
38,0.259399,-0.004898,1.053970,-13.0412,46.6768,3.6280
39,0.245499,0.008514,1.068329,-11.7454,54.3826,2.2561
40,0.236496,0.006927,1.075867,-10.7622,62.5381,0.5030
41,0.229431,0.001083,1.081604,-9.0701,71.3796,-1.4787
42,0.228943,0.002731,1.085159,-7.2485,79.3140,-3.1860
43,0.231033,0.003967,1.086792,-5.4040,87.9040,-4.9695
44,0.230682,-0.000153,1.086426,-4.1235,95.2439,-6.3567
45,0.229691,-0.005402,1.084152,-2.7744,103.2774,-7.5838
46,0.223404,-0.007797,1.072205,-2.1570,109.7332,-8.3460
47,0.221527,-0.009628,1.060532,-2.1799,116.3186,-9.0930
48,0.224716,-0.012634,1.052429,-2.5381,121.9665,-9.8933
49,0.223663,-0.014236,1.049850,-2.7973,128.4299,-10.4726
50,0.210251,-0.013321,1.043137,-2.4238,134.8094,-11.1433
51,0.198227,-0.013000,1.036819,-1.8750,141.0290,-11.4177
52,0.186371,-0.020096,1.030777,-2.0808,146.5473,-10.9299
53,0.171860,-0.029404,1.030319,-2.8506,150.7393,-9.9390
54,0.154114,-0.034836,1.032898,-4.0091,154.5274,-8.2851
55,0.135056,-0.037064,1.036728,-5.0229,157.5229,-6.7835
56,0.121933,-0.037399,1.037018,-6.1052,160.3125,-4.6341
57,0.115158,-0.040436,1.039429,-7.0732,162.5381,-2.5152
58,0.111862,-0.042770,1.041382,-8.3155,164.8323,-0.3735
59,0.110046,-0.047440,1.041931,-9.0701,167.3933,1.1966
60,0.106873,-0.057358,1.043808,-9.1082,170.9680,2.5305
61,0.104889,-0.059982,1.050034,-8.5442,175.1677,2.9268
62,0.097351,-0.063110,1.060837,-8.7881,180.0686,2.8582
63,0.089767,-0.060715,1.073700,-9.8552,185.7088,1.9055
64,0.083923,-0.054230,1.096100,-11.1433,190.6021,0.8537
65,0.073853,-0.043762,1.115311,-13.3155,195.4344,-0.4192
66,0.068390,-0.040207,1.130768,-15.2973,198.6814,-1.0290
67,0.064865,-0.034256,1.136185,-16.8369,200.4268,-0.5183
68,0.062775,-0.028870,1.140869,-16.9588,200.1525,0.6479
69,0.062820,-0.028793,1.139191,-15.5030,198.7043,2.5762
70,0.058456,-0.031998,1.146194,-12.8963,196.5777,4.5579
71,0.054184,-0.032059,1.157135,-9.0015,194.1616,6.5701
72,0.042053,-0.030396,1.171341,-4.8704,192.5000,8.0183
73,0.029282,-0.029037,1.185028,-0.7393,191.7149,8.6052
74,0.016251,-0.029266,1.197113,3.2927,192.4314,8.4375
75,0.007477,-0.030640,1.205597,6.5091,193.8872,7.6905
76,0.000671,-0.027206,1.204651,9.0625,195.6479,6.2500
77,-0.010712,-0.028702,1.190933,10.8613,197.4848,4.7332
78,-0.019638,-0.036179,1.180054,14.0396,199.1997,2.5991
79,-0.028717,-0.039047,1.159744,16.3110,200.0534,0.5869
80,-0.035034,-0.057495,1.112213,17.8049,199.7485,-1.4482
81,-0.034256,-0.080307,1.044586,19.2988,197.2409,-1.9360
82,-0.036377,-0.090973,1.003311,21.6082,192.3552,-1.1585
83,-0.045349,-0.089310,0.985565,22.8582,186.0671,0.2134
84,-0.064346,-0.090622,0.979202,22.1418,179.2988,2.1875
85,-0.090057,-0.091873,0.977493,19.4512,171.8903,4.9543
86,-0.121307,-0.092270,0.978714,15.7317,165.3887,7.5381
87,-0.143860,-0.087738,0.983047,10.1448,158.5518,10.1143
88,-0.159851,-0.087677,0.985229,5.0457,153.3079,12.0351
89,-0.171356,-0.086639,0.983688,-0.1296,148.1174,13.4680
90,-0.186844,-0.081512,0.991959,-3.4451,144.3217,14.2454
91,-0.196686,-0.070740,1.008438,-6.7607,140.9680,14.5732
92,-0.206436,-0.062592,1.026093,-9.5274,138.9482,14.1921
93,-0.222580,-0.054276,1.045731,-11.7073,137.1799,13.2622
94,-0.247665,-0.047546,1.068420,-12.8582,136.4329,12.4085
95,-0.277512,-0.039352,1.095688,-13.3155,136.1890,12.2637
96,-0.307968,-0.030945,1.122849,-12.9954,136.4939,12.8659
97,-0.335693,-0.020523,1.148117,-11.7073,137.1875,13.9558
98,-0.352844,-0.013596,1.166580,-8.8034,139.1463,14.8628
99,-0.363785,-0.011978,1.172195,-5.7088,141.6235,15.5259
100,-0.365585,-0.011871,1.165329,-1.2881,145.1829,16.0671
101,-0.360474,-0.013657,1.153107,3.1326,148.0869,16.0137
102,-0.349579,-0.020432,1.142166,7.9268,151.5625,15.4649
103,-0.337265,-0.028839,1.123901,11.1890,154.3674,14.7180
104,-0.332016,-0.029343,1.103394,13.9482,156.4710,14.0015
105,-0.335403,-0.025467,1.080811,15.3963,157.4085,13.8872
106,-0.342163,-0.025452,1.061157,16.1433,157.0046,14.4741
107,-0.349472,-0.020279,1.045959,16.8979,155.9146,15.0762
108,-0.353928,-0.032043,1.023239,17.0884,154.8171,15.7393
109,-0.358017,-0.042053,0.996994,18.1479,153.8262,16.3186
110,-0.366211,-0.041656,0.972168,19.7866,152.6677,16.7759
111,-0.368866,-0.051346,0.949860,21.6540,150.8842,17.4466
112,-0.370667,-0.030518,0.944382,21.3262,148.6890,18.0869
113,-0.366440,-0.028610,0.900299,17.3628,145.7851,17.8506
114,-0.356583,-0.054047,0.839905,16.2576,142.2637,17.7896
115,-0.350006,-0.067825,0.810501,18.4375,137.0122,18.7424
116,-0.351044,-0.052887,0.811447,19.8552,130.6326,19.6418
117,-0.346970,-0.034134,0.817001,18.6966,124.2149,19.8399
118,-0.339844,-0.031082,0.816483,16.3643,117.8125,19.3369
119,-0.336884,-0.023376,0.808426,13.5747,112.0579,18.5213
120,-0.340393,-0.018204,0.797623,9.7332,105.6479,17.0808
121,-0.344574,-0.022018,0.786285,6.3186,99.6418,15.4040
122,-0.349579,-0.027451,0.779327,2.5076,91.8064,14.1768
123,-0.358185,-0.027695,0.765869,-0.4192,84.3445,13.5290
124,-0.364609,-0.024338,0.764725,-3.5213,75.3887,13.3918
125,-0.372513,-0.015121,0.767456,-5.8003,67.0198,13.5518
126,-0.379852,-0.010406,0.773895,-7.6524,57.6829,13.9253
127,-0.384750,-0.005539,0.782913,-8.7424,49.5351,13.8720
128,-0.387787,-0.000839,0.788788,-9.4436,42.0656,13.5137
129,-0.386917,0.000244,0.789200,-9.4284,34.4207,12.7668
130,-0.381683,0.001221,0.798233,-8.9634,27.8049,11.8750
131,-0.373459,0.004379,0.809937,-8.5518,20.2210,10.7698
132,-0.358932,0.013275,0.818756,-8.2851,13.6204,9.9162
133,-0.346497,0.016953,0.814606,-7.7287,5.1829,8.7881
134,-0.333771,0.025238,0.801331,-6.6235,-2.7134,7.8735
135,-0.319550,0.025772,0.790985,-4.9848,-12.2790,6.2271
136,-0.300888,0.019760,0.785049,-4.2912,-21.2652,4.9695
137,-0.286270,0.014038,0.777100,-3.8720,-31.2271,3.3155
138,-0.273117,0.007858,0.775085,-2.2561,-40.6402,0.9832
139,-0.262070,0.002487,0.779312,-1.2348,-50.0076,-1.5473
140,-0.256454,0.010254,0.773468,-2.4390,-60.0152,-4.7409
141,-0.247528,0.012985,0.768005,-4.3140,-68.9634,-8.4223
142,-0.239456,0.005249,0.772278,-6.5930,-79.5274,-13.2165
143,-0.235901,-0.005859,0.783401,-8.6204,-88.0945,-16.9360
144,-0.240067,-0.013763,0.788986,-11.4177,-98.9558,-21.0899
145,-0.246155,-0.013138,0.795654,-13.4680,-108.8034,-23.7500
146,-0.253708,-0.013336,0.810379,-15.3277,-120.1448,-26.0366
147,-0.264404,-0.020309,0.827133,-17.1189,-130.8994,-27.2790
148,-0.276855,-0.025909,0.838684,-19.0473,-141.6921,-27.8659
149,-0.291870,-0.022827,0.855896,-20.6326,-152.0579,-28.0259
150,-0.303711,-0.030182,0.878128,-22.2104,-161.8369,-28.1936
151,-0.317078,-0.046371,0.889938,-24.0168,-171.4177,-27.3933
152,-0.336548,-0.046082,0.903961,-23.5671,-179.4131,-26.1052
153,-0.355850,-0.032135,0.945496,-22.4619,-187.6525,-24.1921
154,-0.373169,-0.037170,0.975830,-23.7805,-193.4680,-22.3476
155,-0.384735,-0.076828,0.982193,-24.5198,-199.5122,-18.8186
156,-0.417343,-0.062729,1.009750,-22.9497,-203.5594,-15.0229
157,-0.434021,-0.025604,1.054428,-22.3780,-206.4787,-12.2790
158,-0.425064,-0.056198,1.077148,-23.2622,-207.0732,-10.3049
159,-0.425247,-0.070740,1.095428,-20.8384,-206.7912,-7.1646
160,-0.432571,-0.030792,1.107681,-17.0274,-206.0213,-4.6113
161,-0.420975,-0.002014,1.130386,-11.9893,-204.6037,-4.1387
162,-0.387741,-0.006363,1.153519,-7.5152,-201.9665,-4.1311
163,-0.348587,-0.008331,1.162094,-5.0000,-199.0549,-4.2912
164,-0.317139,-0.012802,1.172211,-2.2637,-195.3659,-5.4040
165,-0.283875,-0.014786,1.186813,-1.5701,-192.0732,-6.6006
166,-0.263092,-0.020432,1.186646,-3.0793,-187.7515,-8.7119
167,-0.241394,-0.032196,1.174759,-4.2759,-183.9025,-11.5244
168,-0.223694,-0.036362,1.159729,-5.6174,-179.8399,-15.0000
169,-0.200058,-0.041489,1.131546,-6.3186,-177.2942,-18.1707
170,-0.178009,-0.042389,1.105911,-6.1966,-176.1890,-20.8308
171,-0.158524,-0.041153,1.084290,-5.3659,-177.2790,-22.8430
172,-0.136978,-0.042480,1.077499,-4.8171,-180.6326,-23.6433
173,-0.121719,-0.043701,1.074219,-5.4116,-186.1052,-23.2165
174,-0.105118,-0.047012,1.075745,-5.7470,-191.9665,-22.0274
175,-0.095306,-0.045471,1.084579,-4.3674,-199.2302,-20.2363
176,-0.090469,-0.031647,1.108841,-2.9116,-204.6494,-18.7348
177,-0.086060,-0.022812,1.119476,-3.0259,-210.4268,-17.1341
178,-0.076523,-0.024292,1.125351,-2.7210,-214.1311,-16.3948
179,-0.069565,-0.028824,1.127350,-1.7607,-217.5381,-15.9223
180,-0.061813,-0.029724,1.120438,-0.4268,-220.8537,-15.4192
181,-0.050659,-0.030243,1.118988,1.7759,-224.5122,-14.7713
182,-0.039886,-0.037292,1.120132,3.8110,-228.5366,-13.3308
183,-0.035233,-0.034988,1.117737,4.3140,-232.2866,-11.5244
184,-0.029312,-0.040146,1.116379,4.4131,-235.7546,-9.8323
185,-0.017212,-0.050201,1.116776,3.8720,-237.8430,-8.5823
186,-0.006729,-0.058807,1.112152,2.8582,-238.5366,-7.2637
187,-0.002502,-0.061142,1.119659,2.0503,-237.3857,-6.3567
188,-0.003067,-0.065918,1.123703,0.3811,-233.4909,-5.9604
189,-0.007095,-0.065536,1.137680,-0.9756,-227.6753,-6.1357
190,-0.008789,-0.062958,1.152039,-2.1723,-219.1082,-6.5320
191,-0.009140,-0.049072,1.171997,-3.1784,-209.1997,-7.2866
192,-0.005630,-0.035751,1.183990,-4.8171,-198.1479,-7.8887
193,0.008347,-0.026352,1.172867,-6.7302,-186.7683,-8.9024
194,0.034454,-0.022675,1.142532,-7.1113,-176.2195,-9.8628
195,0.063583,-0.025452,1.116074,-5.0838,-166.5701,-10.5107
196,0.095505,-0.031219,1.097183,-2.8735,-159.6646,-10.4497
197,0.121552,-0.033600,1.077942,-1.6387,-153.8415,-9.7485
198,0.150299,-0.031418,1.053482,-1.3415,-150.7165,-9.0701
199,0.173691,-0.032410,1.043442,-1.7226,-147.6143,-8.1707
200,0.192307,-0.042709,1.026382,-2.0503,-145.3963,-7.2409
201,0.201126,-0.051178,1.020386,-0.4649,-142.9040,-6.0976
202,0.199417,-0.041397,1.018097,1.0442,-140.7774,-4.7180
203,0.197968,-0.036987,1.024460,2.3095,-138.3537,-3.6738
204,0.194443,-0.034073,1.039200,3.6585,-135.0838,-2.6296
205,0.194916,-0.029434,1.053696,5.1905,-131.0899,-1.8140
206,0.194656,-0.022919,1.066742,6.9055,-126.0137,-1.0671
207,0.192825,-0.012329,1.068115,8.0335,-120.8308,-0.6631
208,0.193207,-0.015625,1.065140,8.2012,-114.3216,-0.1296
209,0.197189,-0.028015,1.050781,7.7820,-108.6509,0.2896
210,0.194916,-0.038895,1.034821,7.0122,-100.9909,0.4116
211,0.186844,-0.049561,1.016876,6.4863,-93.6814,-0.1143
212,0.175217,-0.056396,1.000854,5.9375,-84.5732,-1.0899
213,0.157761,-0.065292,0.984833,5.4268,-75.0457,-2.2180
214,0.148560,-0.064728,0.978119,4.7942,-64.7104,-3.4451
215,0.143219,-0.061142,0.971603,3.7271,-53.4985,-4.4207
216,0.140930,-0.056686,0.965210,1.9436,-41.8598,-5.1296
217,0.144989,-0.056854,0.953812,-0.6707,-29.8399,-5.0381
218,0.149033,-0.057266,0.939148,-3.6204,-19.5503,-4.4741
219,0.150955,-0.060822,0.932663,-6.7607,-8.2622,-3.2622
220,0.153839,-0.058044,0.931931,-9.1768,-0.1220,-1.8140
221,0.151047,-0.059174,0.942657,-11.7226,9.2912,-0.2058
222,0.150696,-0.056915,0.968155,-13.4604,16.5168,0.9375
223,0.156342,-0.047272,0.997391,-14.9543,24.0701,1.8445
224,0.164688,-0.028381,1.027283,-15.5793,31.3491,2.4390
225,0.173187,-0.013992,1.051117,-15.3125,38.8948,2.4238
226,0.182724,-0.007019,1.076492,-14.1463,46.7149,1.8902
227,0.191879,-0.000854,1.098358,-12.2409,54.9009,1.0442
228,0.201797,0.006149,1.109756,-9.7104,63.5442,0.3811
229,0.209091,0.010818,1.113647,-7.2332,70.7469,-0.0610
230,0.212143,0.011322,1.112366,-4.8095,78.7119,-0.7698
231,0.216064,0.004944,1.099014,-3.3384,84.5503,-1.1433
232,0.220688,-0.006653,1.077179,-2.3933,90.9604,-1.4101
233,0.228149,-0.021118,1.037216,-2.6524,95.2363,-1.2957
234,0.233765,-0.038651,1.003372,-2.3399,99.3445,-0.9146
235,0.229889,-0.047745,0.986542,-1.0290,102.8582,-0.3887
236,0.223785,-0.035156,0.981567,-0.2591,106.5091,-0.4954
237,0.219070,-0.034058,0.965485,-0.3811,110.3354,-1.2881
238,0.213623,-0.042419,0.957031,0.2896,114.2149,-2.2104
239,0.207092,-0.047287,0.960983,1.0061,118.5899,-3.2927
240,0.201111,-0.045898,0.973587,0.7698,122.4467,-4.2835
241,0.198624,-0.043503,0.985840,-0.9375,126.8217,-5.6174
242,0.187088,-0.043259,0.995895,-2.9192,130.2134,-6.5473
243,0.176651,-0.044113,1.001740,-5.1296,134.1845,-7.4466
244,0.164627,-0.045731,1.000000,-6.1128,137.0122,-7.4771
245,0.152740,-0.046509,0.999023,-6.7988,139.7332,-6.8521
246,0.139526,-0.047806,1.000229,-7.3095,142.2028,-5.7698
247,0.125015,-0.054291,1.013306,-7.7287,144.9238,-4.3902
248,0.110352,-0.058624,1.034149,-8.7576,148.1174,-2.8354
249,0.094818,-0.061615,1.056030,-10.5335,151.5930,-1.4177
250,0.086136,-0.064011,1.080566,-12.8963,155.4954,-0.4040
251,0.072296,-0.055038,1.115356,-14.8857,159.2912,0.3659
252,0.058441,-0.042587,1.143997,-17.0884,164.1616,0.9375
253,0.040680,-0.031815,1.174377,-18.3841,168.4223,1.0671
254,0.030075,-0.033096,1.179993,-18.5671,173.5747,1.5854
255,0.018997,-0.028473,1.184189,-17.1494,177.7744,2.1875
#end downsampled
#begin fft_input
i,ax,ay,az
0,0.018520,0.013410,0.096701
1,0.025112,0.008650,0.090658
2,0.028713,0.010847,0.090109
3,0.030788,0.015058,0.087606
4,0.034084,0.016157,0.088705
5,0.037929,0.015852,0.092245
6,0.041164,0.015058,0.093649
7,0.044460,0.014204,0.096823
8,0.052516,0.016828,0.099874
9,0.055751,0.018415,0.101583
10,0.058620,0.018965,0.102011
11,0.061977,0.017927,0.102133
12,0.064968,0.017744,0.102560
13,0.067043,0.017744,0.102438
14,0.070033,0.017378,0.102316
15,0.075832,0.017317,0.099569
16,0.077785,0.016889,0.098349
17,0.080226,0.015730,0.096762
18,0.082668,0.014082,0.093100
19,0.085292,0.012129,0.091330
20,0.088161,0.011701,0.088644
21,0.090236,0.011701,0.082968
22,0.092983,0.009809,0.077108
23,0.101833,0.004865,0.061239
24,0.106288,0.003950,0.054098
25,0.109584,0.007063,0.050009
26,0.113246,0.008405,0.042074
27,0.118129,0.002851,0.034994
28,0.123561,-0.003863,0.027853
29,0.128871,-0.007464,0.017904
30,0.140834,-0.009295,0.007528
31,0.145839,-0.008745,0.002401
32,0.151943,-0.008562,-0.001810
33,0.159999,-0.009783,-0.005167
34,0.166835,-0.011614,-0.007303
35,0.170864,-0.011614,-0.008707
36,0.174770,-0.010821,-0.010294
37,0.183071,-0.005205,-0.011393
38,0.188075,-0.002642,-0.014444
39,0.192592,-0.000567,-0.017740
40,0.197780,0.000715,-0.020670
41,0.202419,-0.000811,-0.023478
42,0.206325,-0.002947,-0.026102
43,0.209926,-0.004168,-0.027750
44,0.213466,-0.005755,-0.026896
45,0.222682,-0.006914,-0.024332
46,0.224697,-0.007586,-0.023844
47,0.225307,-0.007586,-0.022928
48,0.227443,-0.007159,-0.021830
49,0.230678,-0.006731,-0.021341
50,0.232204,-0.006609,-0.020914
51,0.232814,-0.006731,-0.020426
52,0.234096,-0.004595,-0.019205
53,0.236782,-0.002825,-0.017496
54,0.239101,-0.002215,-0.015848
55,0.240077,-0.000750,-0.011637
56,0.239772,0.000532,-0.006998
57,0.240627,0.000776,-0.004129
58,0.243679,0.001386,-0.001627
59,0.246486,0.001020,0.003561
60,0.246974,0.001081,0.006186
61,0.246547,0.000959,0.009176
62,0.245693,0.001814,0.011862
63,0.244106,0.001753,0.013144
64,0.241847,0.002668,0.013754
65,0.240138,0.005537,0.015158
66,0.239284,0.006452,0.017172
67,0.239284,0.007307,0.021322
68,0.239040,0.008344,0.023703
69,0.238796,0.010053,0.024923
70,0.239101,0.011213,0.026266
71,0.239711,0.011640,0.027243
72,0.240566,0.012495,0.026022
73,0.240383,0.014082,0.023886
74,0.239162,0.013716,0.020651
75,0.239406,0.014570,0.020224
76,0.240505,0.015852,0.020102
77,0.242153,0.017317,0.019064
78,0.243373,0.016828,0.017965
79,0.243984,0.016218,0.016684
80,0.245021,0.016645,0.014730
81,0.244167,0.016035,0.010946
82,0.243801,0.015241,0.007772
83,0.243434,0.015180,0.004110
84,0.242031,0.015913,-0.000162
85,0.240322,0.016340,-0.004801
86,0.240383,0.016157,-0.008402
87,0.239406,0.015791,-0.011759
88,0.237880,0.014387,-0.015665
89,0.234889,0.013166,-0.021341
90,0.231899,0.013593,-0.022684
91,0.229518,0.013105,-0.024698
92,0.229213,0.011945,-0.026468
93,0.229030,0.010908,-0.029032
94,0.228664,0.009992,-0.031961
95,0.229274,0.010603,-0.034647
96,0.230556,0.009504,-0.041239
97,0.230983,0.007490,-0.044230
98,0.232021,0.005903,-0.047464
99,0.232997,0.005598,-0.051798
100,0.233119,0.003828,-0.055338
101,0.233791,0.000959,-0.059183
102,0.235012,-0.000811,-0.062479
103,0.235378,-0.003985,-0.066202
104,0.235683,-0.005144,-0.067972
105,0.235805,-0.006609,-0.068888
106,0.236171,-0.007220,-0.068644
107,0.235805,-0.008196,-0.067728
108,0.235744,-0.008929,-0.066263
109,0.236659,-0.008929,-0.065104
110,0.238002,-0.009722,-0.063578
111,0.239162,-0.009234,-0.059244
112,0.238918,-0.008379,-0.058268
113,0.238552,-0.008135,-0.056620
114,0.238552,-0.008074,-0.057108
115,0.238735,-0.006853,-0.058756
116,0.240200,-0.005083,-0.060404
117,0.241725,-0.004961,-0.062357
118,0.244716,-0.004412,-0.062174
119,0.245265,-0.002947,-0.062113
120,0.247280,-0.000994,-0.061869
121,0.250026,-0.000078,-0.060465
122,0.252284,-0.000017,-0.058878
123,0.254421,0.000654,-0.057230
124,0.256618,0.001814,-0.056131
125,0.262172,0.005354,-0.053446
126,0.264797,0.006086,-0.051004
127,0.267299,0.007734,-0.049234
128,0.269741,0.010053,-0.048136
129,0.270656,0.011335,-0.046061
130,0.271633,0.012556,-0.042826
131,0.273891,0.014143,-0.039347
132,0.275783,0.015730,-0.037088
133,0.279201,0.016889,-0.032450
134,0.280300,0.015913,-0.029764
135,0.281887,0.014936,-0.026896
136,0.284267,0.014326,-0.022806
137,0.286586,0.013960,-0.017984
138,0.287563,0.015302,-0.012369
139,0.288478,0.018049,-0.006388
140,0.290309,0.023176,0.001669
141,0.291591,0.024336,0.004660
142,0.291591,0.024763,0.007589
143,0.292262,0.024702,0.010580
144,0.293056,0.025373,0.013266
145,0.293483,0.024153,0.014853
146,0.294826,0.022505,0.015646
147,0.295009,0.018293,0.016012
148,0.294338,0.017561,0.018270
149,0.292995,0.017133,0.020651
150,0.292140,0.017988,0.022055
151,0.291042,0.020612,0.024374
152,0.288478,0.022321,0.028280
153,0.285610,0.024397,0.030783
154,0.283046,0.027509,0.032309
155,0.276271,0.034040,0.038656
156,0.273586,0.038130,0.042379
157,0.270290,0.040693,0.045919
158,0.267971,0.041487,0.048727
159,0.265956,0.041609,0.050436
160,0.264125,0.041181,0.051291
161,0.263332,0.039594,0.052267
162,0.258205,0.038130,0.055807
163,0.256130,0.036665,0.058249
164,0.254543,0.034467,0.059286
165,0.253566,0.033308,0.059530
166,0.252651,0.032270,0.060324
167,0.252773,0.032148,0.061422
168,0.253627,0.032514,0.062277
169,0.252162,0.034406,0.063253
170,0.252712,0.035566,0.064108
171,0.253078,0.036299,0.065145
172,0.254787,0.037153,0.065084
173,0.255580,0.037397,0.065634
174,0.254604,0.035505,0.065756
175,0.254970,0.033674,0.064840
176,0.256679,0.032209,0.064413
177,0.255214,0.032087,0.064901
178,0.253383,0.031721,0.065573
179,0.253261,0.031233,0.064962
180,0.253932,0.029096,0.063803
181,0.254116,0.026594,0.063192
182,0.254177,0.025495,0.062460
183,0.252346,0.025068,0.061300
184,0.248195,0.024946,0.054892
185,0.247524,0.024091,0.051962
186,0.246974,0.023725,0.049032
187,0.246730,0.023908,0.047079
188,0.245998,0.024091,0.044516
189,0.245265,0.022810,0.040792
190,0.244655,0.021162,0.037497
191,0.245998,0.021284,0.033468
192,0.247951,0.020918,0.032064
193,0.249050,0.020551,0.031149
194,0.248928,0.018842,0.030233
195,0.248744,0.017011,0.030416
196,0.248805,0.017011,0.030478
197,0.249050,0.017622,0.029745
198,0.248683,0.018537,0.028280
199,0.243923,0.017744,0.025045
200,0.240138,0.017744,0.022970
201,0.236232,0.017988,0.021688
202,0.232143,0.018720,0.021139
203,0.228298,0.020124,0.020895
204,0.226345,0.021467,0.019674
205,0.225612,0.020490,0.016867
206,0.220119,0.017378,0.012960
207,0.216640,0.016523,0.011923
208,0.213893,0.015486,0.011618
209,0.211513,0.013044,0.010153
210,0.209072,0.010542,0.008322
211,0.206813,0.008405,0.007162
212,0.204494,0.006757,0.007284
213,0.197048,0.002973,0.009359
214,0.193263,0.001203,0.009420
215,0.188442,-0.000689,0.009359
216,0.184596,-0.002581,0.010519
217,0.180690,-0.002398,0.010824
218,0.175807,-0.002642,0.011618
219,0.171169,-0.003863,0.012777
220,0.167446,-0.004595,0.013266
221,0.159816,-0.005022,0.016317
222,0.155788,-0.005327,0.016195
223,0.152980,-0.005450,0.015280
224,0.149623,-0.004961,0.015158
225,0.146755,-0.004839,0.015768
226,0.144924,-0.005633,0.015768
227,0.142238,-0.006304,0.015524
228,0.140529,-0.008868,0.017233
229,0.139491,-0.008684,0.017599
230,0.138820,-0.008196,0.018270
231,0.137599,-0.008135,0.018759
232,0.135646,-0.009295,0.019003
233,0.135951,-0.010210,0.019735
234,0.136745,-0.010943,0.020224
235,0.134914,-0.012774,0.020712
236,0.135219,-0.012774,0.020041
237,0.134548,-0.013262,0.019918
238,0.133449,-0.016009,0.020834
239,0.132778,-0.019854,0.021078
240,0.131740,-0.022967,0.021688
241,0.131069,-0.024981,0.022726
242,0.130580,-0.026507,0.021872
243,0.129909,-0.027117,0.023092
244,0.129543,-0.027849,0.025167
245,0.129360,-0.027849,0.027670
246,0.129177,-0.027605,0.030050
247,0.127284,-0.028765,0.031393
248,0.124843,-0.030718,0.033957
249,0.123134,-0.031267,0.037008
250,0.119533,-0.031573,0.041464
251,0.117702,-0.031023,0.045065
252,0.115749,-0.030779,0.048117
253,0.114284,-0.029742,0.050070
254,0.112575,-0.027605,0.053122
255,0.112270,-0.026873,0.057638
256,0.112148,-0.026568,0.062094
257,0.109340,-0.022661,0.073324
258,0.106349,-0.020891,0.079367
259,0.103664,-0.018938,0.083761
260,0.101833,-0.015887,0.088156
261,0.099208,-0.012957,0.092245
262,0.096218,-0.010332,0.095846
263,0.093959,-0.008013,0.099142
264,0.093471,-0.008806,0.104696
265,0.092678,-0.009356,0.108419
266,0.091945,-0.008196,0.110983
267,0.091274,-0.006609,0.113119
268,0.090480,-0.004900,0.114523
269,0.089321,-0.003252,0.113729
270,0.088283,-0.001421,0.113913
271,0.087184,0.000410,0.116720
272,0.085109,0.002607,0.119528
273,0.086147,0.003156,0.120443
274,0.087429,0.003217,0.119894
275,0.088222,0.003401,0.117758
276,0.087978,0.004072,0.116415
277,0.087734,0.004377,0.116476
278,0.087123,0.003401,0.117208
279,0.084255,0.000837,0.120810
280,0.082485,-0.000506,0.122335
281,0.082485,-0.000567,0.123861
282,0.082729,0.000105,0.125326
283,0.081935,0.000837,0.127401
284,0.081569,0.000349,0.130331
285,0.080532,-0.001055,0.133139
286,0.077175,0.000044,0.138327
287,0.073268,0.000288,0.140890
288,0.070033,0.000410,0.144613
289,0.067470,0.002058,0.147909
290,0.064357,0.002180,0.151388
291,0.062160,0.001631,0.155600
292,0.060024,0.001997,0.158957
293,0.056545,0.002607,0.160849
294,0.049953,0.003828,0.165365
295,0.046413,0.003278,0.169088
296,0.043239,0.003645,0.172323
297,0.041286,0.003767,0.174887
298,0.039211,0.002302,0.176718
299,0.037075,0.001081,0.178671
300,0.034938,0.001020,0.180868
301,0.031581,0.000898,0.184530
302,0.030055,0.001631,0.185263
303,0.029140,0.001753,0.185873
304,0.028408,0.002790,0.186300
305,0.026515,0.004499,0.185202
306,0.023281,0.006025,0.182089
307,0.020290,0.005720,0.179159
308,0.016384,0.005964,0.174704
309,0.014125,0.004804,0.170675
310,0.012172,0.002607,0.167318
311,0.010280,-0.000323,0.165182
312,0.007533,-0.002520,0.163168
313,0.005092,-0.003924,0.160727
314,0.002895,-0.004961,0.157003
315,0.001735,-0.005450,0.153463
316,-0.002537,-0.004351,0.146872
317,-0.004002,-0.004595,0.143576
318,-0.005467,-0.007586,0.136007
319,-0.007054,-0.011797,0.126669
320,-0.008946,-0.016741,0.115988
321,-0.010594,-0.021502,0.102499
322,-0.012181,-0.026690,0.087912
323,-0.012608,-0.037188,0.056601
324,-0.011632,-0.041582,0.041586
325,-0.010411,-0.046892,0.028585
326,-0.009373,-0.051104,0.016806
327,-0.009800,-0.053789,0.005514
328,-0.010472,-0.056353,-0.004862
329,-0.010045,-0.059099,-0.013529
330,-0.013768,-0.060808,-0.025064
331,-0.015416,-0.059771,-0.029154
332,-0.017308,-0.058794,-0.031839
333,-0.019444,-0.057451,-0.034342
334,-0.022374,-0.056536,-0.037760
335,-0.026463,-0.056597,-0.039652
336,-0.030552,-0.057635,-0.040201
337,-0.035496,-0.058367,-0.041605
338,-0.045323,-0.059771,-0.043619
339,-0.050206,-0.058855,-0.043619
340,-0.055882,-0.058001,-0.044046
341,-0.062474,-0.059283,-0.044107
342,-0.069615,-0.060992,-0.043802
343,-0.076451,-0.061358,-0.043924
344,-0.082921,-0.061541,-0.043680
345,-0.097508,-0.061358,-0.043192
346,-0.102086,-0.060198,-0.042582
347,-0.106907,-0.058123,-0.041544
348,-0.113194,-0.056841,-0.039774
349,-0.118687,-0.055987,-0.039103
350,-0.122593,-0.055071,-0.038065
351,-0.125157,-0.055193,-0.036722
352,-0.132176,-0.055071,-0.036051
353,-0.135167,-0.054644,-0.035685
354,-0.136876,-0.055865,-0.035929
355,-0.139378,-0.057268,-0.037271
356,-0.142674,-0.056475,-0.038004
357,-0.145482,-0.055071,-0.038248
358,-0.148655,-0.054400,-0.037943
359,-0.152806,-0.052752,-0.036905
360,-0.159825,-0.051348,-0.034220
361,-0.162266,-0.050799,-0.031168
362,-0.164158,-0.048846,-0.027994
363,-0.165318,-0.047198,-0.024637
364,-0.168370,-0.044329,-0.019754
365,-0.171544,-0.040850,-0.015116
366,-0.173680,-0.037554,-0.012125
367,-0.177342,-0.032366,-0.005106
368,-0.179356,-0.031939,-0.000834
369,-0.180699,-0.031695,0.003256
370,-0.183079,-0.030413,0.006308
371,-0.186802,-0.028460,0.009787
372,-0.190281,-0.026324,0.013693
373,-0.193394,-0.023516,0.018454
374,-0.202366,-0.020525,0.029623
375,-0.208470,-0.018877,0.035299
376,-0.214390,-0.017962,0.040487
377,-0.220372,-0.016070,0.044088
378,-0.226842,-0.014605,0.048361
379,-0.233250,-0.013689,0.054892
380,-0.239903,-0.012041,0.061911
381,-0.246556,-0.009295,0.068441
382,-0.260472,-0.004900,0.080343
383,-0.267308,-0.003313,0.086203
384,-0.273655,-0.001421,0.092733
385,-0.280919,0.000288,0.099081
386,-0.287755,0.001692,0.104208
387,-0.293736,0.003523,0.109518
388,-0.300145,0.006147,0.114645
389,-0.310704,0.010237,0.125143
390,-0.315587,0.013593,0.131002
391,-0.320530,0.015791,0.135824
392,-0.324437,0.017256,0.140524
393,-0.327305,0.017927,0.143759
394,-0.330174,0.018476,0.146505
395,-0.333653,0.019819,0.149679
396,-0.338475,0.021955,0.151388
397,-0.339390,0.020246,0.151632
398,-0.340550,0.018965,0.150778
399,-0.340916,0.018781,0.149130
400,-0.341343,0.019453,0.147116
401,-0.341588,0.020429,0.144674
402,-0.341527,0.020490,0.142721
403,-0.342076,0.020002,0.140951
404,-0.340977,0.019209,0.135641
405,-0.338109,0.019026,0.132956
406,-0.335179,0.018110,0.130270
407,-0.331822,0.016889,0.127707
408,-0.329075,0.015608,0.125875
409,-0.327794,0.013654,0.123495
410,-0.325413,0.010847,0.120260
411,-0.320225,0.006025,0.113180
412,-0.317723,0.004560,0.108908
413,-0.314366,0.002973,0.104147
414,-0.311436,0.002546,0.099997
415,-0.309727,0.002424,0.096701
416,-0.308323,0.001325,0.092367
417,-0.307408,0.000898,0.087240
418,-0.307713,0.003645,0.076742
419,-0.308812,0.004621,0.071371
420,-0.309666,0.006025,0.066793
421,-0.311070,0.006696,0.061911
422,-0.311741,0.006819,0.056723
423,-0.313328,0.006452,0.051962
424,-0.315404,0.005415,0.047628
425,-0.316380,0.003950,0.043173
426,-0.319371,0.005842,0.035055
427,-0.321690,0.010847,0.032919
428,-0.323521,0.013532,0.029196
429,-0.324681,0.012800,0.024984
430,-0.326268,0.010969,0.023092
431,-0.327611,0.009443,0.020712
432,-0.328648,0.007734,0.016745
433,-0.328770,0.001264,0.005941
434,-0.330723,-0.002947,-0.004068
435,-0.331761,-0.006365,-0.011515
436,-0.332310,-0.008440,-0.017069
437,-0.333531,-0.010027,-0.022440
438,-0.334874,-0.010882,-0.026957
439,-0.335545,-0.011004,-0.031412
440,-0.337987,-0.010271,-0.040995
441,-0.340733,-0.009783,-0.046610
442,-0.343907,-0.009417,-0.052469
443,-0.346409,-0.009295,-0.057108
444,-0.345738,-0.011797,-0.065653
445,-0.343907,-0.020220,-0.073221
446,-0.344151,-0.025164,-0.073038
447,-0.345860,-0.020342,-0.074503
448,-0.346226,-0.007830,-0.071573
449,-0.347020,-0.000323,-0.073526
450,-0.347325,0.005293,-0.078287
451,-0.346287,0.008650,-0.084940
452,-0.344273,0.009870,-0.096598
453,-0.343175,0.008344,-0.110575
454,-0.343419,0.003950,-0.125284
455,-0.339085,-0.008745,-0.152201
456,-0.336583,-0.013750,-0.165018
457,-0.334630,-0.019243,-0.177225
458,-0.331029,-0.025225,-0.188089
459,-0.328282,-0.030108,-0.195902
460,-0.327183,-0.034624,-0.204020
461,-0.325718,-0.038225,-0.210001
462,-0.325047,-0.037615,-0.214762
463,-0.326268,-0.032976,-0.215067
464,-0.327305,-0.028338,-0.213846
465,-0.327366,-0.024187,-0.211161
466,-0.327244,-0.018633,-0.208414
467,-0.326451,-0.012530,-0.206644
468,-0.325841,-0.006975,-0.205973
469,-0.325535,-0.002459,-0.205362
470,-0.321019,0.000227,-0.204020
471,-0.319676,0.000532,-0.202494
472,-0.317845,0.000715,-0.202921
473,-0.316319,0.000959,-0.203592
474,-0.314854,0.001081,-0.205545
475,-0.314549,0.000776,-0.207865
476,-0.314183,0.001936,-0.209208
477,-0.311863,0.008894,-0.212259
478,-0.312474,0.010969,-0.214396
479,-0.313206,0.012556,-0.216288
480,-0.314976,0.013044,-0.220621
481,-0.316380,0.014021,-0.223307
482,-0.316685,0.014082,-0.224466
483,-0.317723,0.013899,-0.226969
484,-0.320347,0.012373,-0.232340
485,-0.319859,0.011579,-0.233988
486,-0.320225,0.009138,-0.236246
487,-0.322056,0.006696,-0.238138
488,-0.323765,0.005659,-0.238810
489,-0.324742,0.003889,-0.240091
490,-0.326329,0.003889,-0.243021
491,-0.327672,0.004621,-0.246622
492,-0.331395,0.002912,-0.252481
493,-0.333653,0.003828,-0.255838
494,-0.335362,0.004438,-0.256937
495,-0.336522,0.005903,-0.257120
496,-0.338109,0.006330,-0.257181
497,-0.339390,0.005842,-0.256815
498,-0.340306,0.007124,-0.256388
499,-0.344822,0.011213,-0.256571
500,-0.346226,0.013716,-0.255167
501,-0.347264,0.016340,-0.253824
502,-0.349156,0.018415,-0.253946
503,-0.351597,0.018903,-0.253092
504,-0.354161,0.018659,-0.251749
505,-0.356114,0.019026,-0.249979
506,-0.356175,0.023359,-0.244913
507,-0.357152,0.025190,-0.243631
508,-0.358861,0.025434,-0.242044
509,-0.360814,0.025068,-0.239359
510,-0.361729,0.026655,-0.237406
511,-0.361790,0.028547,-0.235392
512,-0.362279,0.029157,-0.233255
513,-0.363438,0.030378,-0.232767
514,-0.364964,0.032514,-0.232340
515,-0.364659,0.032453,-0.232340
516,-0.364110,0.032148,-0.232706
517,-0.363438,0.032209,-0.233011
518,-0.362584,0.032270,-0.232645
519,-0.361729,0.032209,-0.230692
520,-0.360203,0.032392,-0.228983
521,-0.357762,0.032942,-0.223795
522,-0.357274,0.033308,-0.221231
523,-0.355687,0.034101,-0.218912
524,-0.352818,0.034834,-0.215372
525,-0.350926,0.035932,-0.212748
526,-0.348912,0.036787,-0.210611
527,-0.345372,0.037824,-0.207376
528,-0.339757,0.043257,-0.204325
529,-0.336400,0.045759,-0.202921
530,-0.333165,0.046552,-0.201578
531,-0.330601,0.045393,-0.202005
532,-0.327366,0.045637,-0.203165
533,-0.324071,0.048261,-0.204935
534,-0.320592,0.050092,-0.208048
535,-0.318150,0.051679,-0.211283
536,-0.314244,0.055341,-0.216043
537,-0.312230,0.056806,-0.218607
538,-0.308384,0.057966,-0.221415
539,-0.304417,0.058698,-0.224466
540,-0.301671,0.058576,-0.227091
541,-0.299107,0.058332,-0.229349
542,-0.295018,0.058637,-0.231546
543,-0.286595,0.055403,-0.233927
544,-0.282933,0.053083,-0.235331
545,-0.278966,0.052107,-0.235697
546,-0.274998,0.051557,-0.236368
547,-0.270848,0.050153,-0.238260
548,-0.267369,0.048506,-0.240763
549,-0.264744,0.047956,-0.243021
550,-0.259923,0.044477,-0.246134
551,-0.257237,0.043073,-0.247538
552,-0.253880,0.041853,-0.247538
553,-0.250828,0.041059,-0.246805
554,-0.247532,0.039716,-0.246012
555,-0.244420,0.036665,-0.245157
556,-0.242039,0.033735,-0.244181
557,-0.239537,0.033003,-0.242105
558,-0.235875,0.035017,-0.240091
559,-0.235020,0.036054,-0.242228
560,-0.233800,0.038313,-0.244791
561,-0.232945,0.041425,-0.246317
562,-0.232335,0.043989,-0.248941
563,-0.230931,0.045149,-0.251932
564,-0.229039,0.045942,-0.252970
565,-0.223729,0.044966,-0.253580
566,-0.221592,0.044966,-0.253641
567,-0.219945,0.043928,-0.253641
568,-0.217991,0.041548,-0.253275
569,-0.215367,0.038435,-0.250650
570,-0.214451,0.035566,-0.247416
571,-0.214207,0.033308,-0.245401
572,-0.211217,0.029279,-0.241312
573,-0.211644,0.026899,-0.239420
574,-0.212071,0.024885,-0.236917
575,-0.212864,0.023359,-0.234598
576,-0.214634,0.020429,-0.232889
577,-0.215550,0.017866,-0.232340
578,-0.216343,0.017256,-0.232462
579,-0.217930,0.017256,-0.232218
580,-0.219761,0.017072,-0.229593
581,-0.221226,0.018842,-0.227213
582,-0.222874,0.019636,-0.224894
583,-0.224949,0.019758,-0.221537
584,-0.227147,0.020002,-0.218363
585,-0.228367,0.019819,-0.214273
586,-0.230137,0.018965,-0.209696
587,-0.233372,0.015730,-0.202005
588,-0.235875,0.014387,-0.197977
589,-0.238865,0.012678,-0.195108
590,-0.242222,0.010847,-0.193399
591,-0.244847,0.008711,-0.190836
592,-0.247166,0.008161,-0.187723
593,-0.249852,0.007246,-0.185160
594,-0.255223,0.004194,-0.180765
595,-0.259373,0.004621,-0.177469
596,-0.263768,0.006208,-0.172403
597,-0.267125,0.008405,-0.167154
598,-0.269505,0.010420,-0.163431
599,-0.271275,0.011518,-0.159281
600,-0.274327,0.010908,-0.152811
601,-0.277623,0.008344,-0.147135
602,-0.281895,-0.003741,-0.138468
603,-0.285191,-0.008379,-0.134928
604,-0.288060,-0.010393,-0.133280
605,-0.291783,-0.012713,-0.132242
606,-0.295140,-0.016314,-0.131144
607,-0.297520,-0.018206,-0.129435
608,-0.300755,-0.019243,-0.128031
609,-0.311925,-0.016009,-0.120340
610,-0.316563,-0.012163,-0.113993
611,-0.321141,-0.009051,-0.107645
612,-0.325779,-0.005938,-0.095499
613,-0.329686,-0.001848,-0.078104
614,-0.333714,0.002241,-0.068033
615,-0.338414,0.004865,-0.062235
616,-0.344334,0.004682,-0.050211
617,-0.347630,0.000898,-0.045877
618,-0.350804,-0.006670,-0.043253
619,-0.354100,-0.019732,-0.043192
620,-0.356785,-0.034197,-0.041971
621,-0.358372,-0.044817,-0.039164
622,-0.361058,-0.050188,-0.038797
623,-0.366917,-0.050249,-0.037149
624,-0.381871,-0.043047,-0.024759
625,-0.390355,-0.035296,-0.017130
626,-0.397679,-0.027361,-0.007425
627,-0.403660,-0.017351,0.002462
628,-0.408482,-0.003924,0.013815
629,-0.411412,0.008344,0.027975
630,-0.412449,0.014509,0.039328
631,-0.407933,0.006513,0.050741
632,-0.406468,-0.003985,0.046835
633,-0.401707,-0.019243,0.055685
634,-0.398533,-0.032000,0.059774
635,-0.397740,-0.041704,0.060446
636,-0.397801,-0.046343,0.070211
637,-0.399632,-0.043291,0.071615
638,-0.402867,-0.036150,0.075583
639,-0.404881,-0.029314,0.078451
640,-0.406834,-0.017351,0.080099
641,-0.408116,-0.004717,0.084494
642,-0.409703,0.007917,0.088583
643,-0.409825,0.018842,0.091696
644,-0.408299,0.026716,0.096945
645,-0.404698,0.031416,0.103354
646,-0.391087,0.032270,0.114401
647,-0.384007,0.029402,0.120993
648,-0.376256,0.027143,0.126059
649,-0.368077,0.025800,0.130087
650,-0.359837,0.025068,0.134665
651,-0.350987,0.024397,0.137411
652,-0.341893,0.024153,0.139120
653,-0.325902,0.023664,0.139669
654,-0.319493,0.023725,0.140951
655,-0.311253,0.022993,0.142782
656,-0.303380,0.021040,0.145712
657,-0.296361,0.019453,0.148642
658,-0.289525,0.018354,0.152121
659,-0.283482,0.017805,0.156515
660,-0.269322,0.019148,0.161093
661,-0.262486,0.019026,0.164572
662,-0.256627,0.016706,0.167257
663,-0.251256,0.013838,0.168478
664,-0.246129,0.012800,0.167746
665,-0.241551,0.012617,0.166769
666,-0.237095,0.011457,0.165121
667,-0.231785,0.009260,0.161093
668,-0.223179,0.001997,0.156088
669,-0.218968,-0.000628,0.153524
670,-0.215672,-0.000628,0.152487
671,-0.211949,-0.001665,0.151083
672,-0.207921,-0.003557,0.148947
673,-0.203404,-0.004351,0.143820
674,-0.198582,-0.004351,0.135885
675,-0.189061,-0.005327,0.124411
676,-0.183812,-0.006792,0.117453
677,-0.178685,-0.008623,0.112875
678,-0.173436,-0.010454,0.107870
679,-0.168492,-0.012224,0.102133
680,-0.163365,-0.012469,0.095968
681,-0.158665,-0.010454,0.090170
682,-0.149571,-0.009173,0.078756
683,-0.144627,-0.009600,0.072897
684,-0.140660,-0.009600,0.066549
685,-0.136754,-0.009112,0.062460
686,-0.132908,-0.008745,0.061361
687,-0.127965,-0.009295,0.060934
688,-0.121922,-0.010332,0.060385
689,-0.116307,-0.011431,0.058676
690,-0.108433,-0.010699,0.053732
691,-0.105443,-0.009600,0.051352
692,-0.102696,-0.009173,0.050192
693,-0.099522,-0.011065,0.052145
694,-0.096470,-0.012713,0.054037
695,-0.092381,-0.013994,0.054647
696,-0.087620,-0.014788,0.055563
697,-0.082371,-0.015337,0.053305
698,-0.078953,-0.015398,0.053854
699,-0.075718,-0.014666,0.054403
700,-0.073338,-0.014544,0.055624
701,-0.071568,-0.014788,0.060263
702,-0.070714,-0.013872,0.065634
703,-0.069798,-0.010821,0.070944
704,-0.066990,-0.003374,0.082418
705,-0.066502,-0.000994,0.085287
706,-0.066685,0.001264,0.089193
707,-0.065892,0.004377,0.092611
708,-0.063878,0.007307,0.094137
709,-0.062718,0.009321,0.096762
710,-0.061863,0.010298,0.099874
711,-0.059971,0.009687,0.101278
712,-0.055089,0.008589,0.104208
713,-0.053196,0.006208,0.103109
714,-0.051732,0.006696,0.103354
715,-0.050267,0.009199,0.104879
716,-0.047825,0.008833,0.106527
717,-0.046177,0.003950,0.107443
718,-0.045262,-0.001360,0.106100
719,-0.043187,0.001142,0.103476
720,-0.041844,0.002302,0.102011
721,-0.038914,0.002302,0.100180
722,-0.036168,0.002241,0.097433
723,-0.034520,0.002119,0.096273
724,-0.032689,0.002790,0.096212
725,-0.028904,0.002790,0.096945
726,-0.023778,0.001631,0.098471
727,-0.021458,-0.000323,0.098471
728,-0.018651,-0.002825,0.100119
729,-0.016514,-0.005450,0.099691
730,-0.014805,-0.007159,0.098043
731,-0.013768,-0.005877,0.096823
732,-0.013035,-0.003741,0.096212
733,-0.011754,-0.001909,0.096579
734,-0.011021,-0.002398,0.096762
735,-0.009312,-0.004046,0.095541
736,-0.007481,-0.006365,0.095663
737,-0.006383,-0.007464,0.095968
738,-0.004613,-0.008379,0.094137
739,-0.002965,-0.010515,0.093893
740,-0.000462,-0.012530,0.095297
741,0.005153,-0.017596,0.097128
742,0.009120,-0.019854,0.096029
743,0.013149,-0.022967,0.092794
744,0.015285,-0.026201,0.091208
745,0.015834,-0.027483,0.090719
746,0.017360,-0.026934,0.089987
747,0.020412,-0.026751,0.090841
748,0.022121,-0.028582,0.095053
749,0.021266,-0.029070,0.097433
750,0.021388,-0.029192,0.099325
751,0.021022,-0.029864,0.100973
752,0.021266,-0.031634,0.101339
753,0.020900,-0.033587,0.101645
754,0.020473,-0.035235,0.102316
755,0.020900,-0.035357,0.103659
756,0.019069,-0.034746,0.110922
757,0.017604,-0.033892,0.114828
758,0.016017,-0.032793,0.118002
759,0.014736,-0.032854,0.121115
760,0.014736,-0.033770,0.124777
761,0.015468,-0.033587,0.127829
762,0.015651,-0.032183,0.130758
763,0.014797,-0.024431,0.138937
764,0.015651,-0.021258,0.143332
765,0.014675,-0.017962,0.148642
766,0.014369,-0.015764,0.152914
767,0.014553,-0.013445,0.157248
768,0.014675,-0.009844,0.160543
769,0.015529,-0.006670,0.162313
770,0.019741,-0.000872,0.164511
771,0.023342,0.002241,0.162741
772,0.026027,0.003156,0.159201
773,0.029567,0.004438,0.153708
774,0.034145,0.006819,0.148947
775,0.039455,0.008039,0.143759
776,0.044521,0.008711,0.137228
777,0.055751,0.010175,0.122519
778,0.063014,0.009199,0.116110
779,0.070339,0.009077,0.108419
780,0.076625,0.009504,0.101889
781,0.083644,0.007917,0.096884
782,0.091640,0.005293,0.091818
783,0.098232,0.003340,0.087851
784,0.104152,0.002180,0.084372
785,0.117214,0.000776,0.076376
786,0.124660,0.000349,0.072775
787,0.131801,-0.000323,0.069357
788,0.137660,-0.001177,0.065329
789,0.143093,-0.001299,0.059591
790,0.148158,-0.001971,0.053305
791,0.153102,-0.002093,0.047689
792,0.165309,0.000532,0.037313
793,0.171474,0.000410,0.032736
794,0.177516,-0.000567,0.029013
795,0.182704,0.001814,0.029013
796,0.187892,0.005781,0.026815
797,0.194240,0.003340,0.023703
798,0.201076,-0.003313,0.022665
799,0.207363,-0.007586,0.014730
800,0.209987,-0.007525,0.010214
801,0.214687,-0.008990,0.005941
802,0.218959,-0.011736,0.002768
803,0.221401,-0.014727,0.000753
804,0.223537,-0.017840,-0.000223
805,0.225429,-0.020952,-0.000956
806,0.226406,-0.021929,-0.001078
807,0.224941,-0.016131,-0.002054
808,0.223354,-0.012774,-0.002298
809,0.222927,-0.010149,-0.002237
810,0.223110,-0.007952,-0.003397
811,0.224086,-0.006853,-0.005533
812,0.224208,-0.005755,-0.005289
813,0.223293,-0.004839,-0.002176
814,0.220790,-0.004839,0.007589
815,0.219387,-0.004656,0.011862
816,0.219509,-0.004351,0.014364
817,0.219142,-0.002825,0.017111
818,0.217678,-0.001421,0.019064
819,0.217250,0.000166,0.020407
820,0.217555,0.001631,0.022848
821,0.218898,0.001814,0.031393
822,0.219325,0.002851,0.035971
823,0.219692,0.003828,0.038717
824,0.219448,0.005110,0.041281
825,0.218898,0.007063,0.043905
826,0.218349,0.010175,0.046896
827,0.217739,0.013838,0.049032
828,0.217250,0.017500,0.048666
829,0.216823,0.020307,0.046286
830,0.216396,0.020551,0.045614
831,0.216640,0.020185,0.046041
832,0.216945,0.019331,0.046652
833,0.216701,0.017378,0.045309
834,0.217067,0.015241,0.042868
835,0.217922,0.013410,0.039877
836,0.220729,0.008100,0.032797
837,0.221157,0.005293,0.030233
838,0.221157,0.003217,0.028463
839,0.221523,-0.000811,0.025778
840,0.220851,-0.004229,0.021261
841,0.219753,-0.005877,0.016317
842,0.218776,-0.007097,0.011862
843,0.216091,-0.010515,0.003988
844,0.213222,-0.013140,0.001181
845,0.211330,-0.016924,-0.001871
846,0.210597,-0.019488,-0.006571
847,0.208034,-0.020830,-0.011087
848,0.204616,-0.021929,-0.014444
849,0.201991,-0.022417,-0.017252
850,0.199245,-0.023821,-0.020792
851,0.190822,-0.029558,-0.029947
852,0.186794,-0.032183,-0.032938
853,0.182521,-0.032915,-0.036234
854,0.179592,-0.033953,-0.038736
855,0.177944,-0.034258,-0.038614
856,0.176174,-0.033465,-0.038980
857,0.174159,-0.032427,-0.041849
858,0.170131,-0.032671,-0.045450
859,0.169582,-0.032488,-0.047098
860,0.168178,-0.031389,-0.048685
861,0.167262,-0.030169,-0.049967
862,0.167079,-0.028338,-0.050272
863,0.166164,-0.026812,-0.050516
864,0.165187,-0.025408,-0.051981
865,0.163967,-0.024798,-0.056314
866,0.164394,-0.024798,-0.057474
867,0.165981,-0.023882,-0.059244
868,0.166713,-0.024248,-0.062235
869,0.168300,-0.025591,-0.066446
870,0.170070,-0.025530,-0.069559
871,0.170680,-0.024187,-0.072367
872,0.171352,-0.023150,-0.076517
873,0.172328,-0.024493,-0.082132
874,0.174037,-0.026018,-0.084391
875,0.174221,-0.027544,-0.086222
876,0.173366,-0.028155,-0.087198
877,0.174159,-0.028826,-0.087931
878,0.175685,-0.029497,-0.089640
879,0.176418,-0.028948,-0.090433
880,0.177883,-0.026873,-0.089212
881,0.177761,-0.025591,-0.090494
882,0.177822,-0.025347,-0.090128
883,0.177700,-0.026507,-0.088297
884,0.176174,-0.027544,-0.086771
885,0.175258,-0.027117,-0.083414
886,0.174709,-0.027056,-0.077921
887,0.173854,-0.027117,-0.067118
888,0.173061,-0.027056,-0.062052
889,0.173488,-0.026324,-0.056986
890,0.175563,-0.024554,-0.050699
891,0.176479,-0.021868,-0.043497
892,0.176601,-0.019915,-0.036051
893,0.177883,-0.018145,-0.028849
894,0.180629,-0.015032,-0.021891
895,0.186061,-0.008135,-0.009501
896,0.187038,-0.002642,-0.002970
897,0.187526,0.002241,0.003317
898,0.188808,0.005476,0.008993
899,0.191188,0.009260,0.013937
900,0.193080,0.013471,0.018087
901,0.194911,0.015852,0.023214
902,0.199367,0.020063,0.036032
903,0.201198,0.022505,0.041281
904,0.203639,0.023908,0.046530
905,0.206325,0.024702,0.052389
906,0.207973,0.025434,0.058554
907,0.208766,0.025739,0.062643
908,0.209438,0.026960,0.065878
909,0.214565,0.030988,0.075766
910,0.218044,0.032575,0.081259
911,0.221279,0.033918,0.084677
912,0.223171,0.035505,0.086142
913,0.224575,0.037702,0.087790
914,0.226833,0.039350,0.089437
915,0.228420,0.039900,0.089804
916,0.229579,0.040876,0.089743
917,0.233425,0.042036,0.092245
918,0.234462,0.043806,0.093344
919,0.234706,0.044416,0.093405
920,0.235134,0.043562,0.093405
921,0.235378,0.043195,0.091635
922,0.236171,0.043073,0.089926
923,0.237697,0.043318,0.088644
924,0.238491,0.041181,0.083029
925,0.239162,0.038557,0.079611
926,0.240505,0.035566,0.075888
927,0.241908,0.032331,0.071676
928,0.243007,0.028852,0.067099
929,0.244167,0.026716,0.061789
930,0.244716,0.025678,0.054892
931,0.246669,0.020002,0.039083
932,0.249294,0.016828,0.030478
933,0.251186,0.013227,0.020773
934,0.253261,0.008711,0.010641
935,0.254665,0.004621,0.001120
936,0.255825,0.000715,-0.007547
937,0.257595,-0.003557,-0.014994
938,0.258571,-0.007830,-0.020670
939,0.258876,-0.016070,-0.029154
940,0.257106,-0.017962,-0.032022
941,0.254543,-0.017351,-0.034037
942,0.252956,-0.014849,-0.036295
943,0.250759,-0.012957,-0.037333
944,0.249416,-0.010699,-0.037577
945,0.248378,-0.006609,-0.037638
946,0.247096,0.001936,-0.040506
947,0.246059,0.002607,-0.043863
948,0.245082,0.001447,-0.048075
949,0.243862,-0.001055,-0.054178
950,0.242458,-0.003863,-0.059732
951,0.240688,-0.004900,-0.061930
952,0.239101,-0.007097,-0.063578
953,0.238246,-0.010699,-0.065653
954,0.236965,-0.011797,-0.064920
955,0.235988,-0.012224,-0.063578
956,0.234950,-0.013323,-0.063334
957,0.233119,-0.015398,-0.062540
958,0.229579,-0.016436,-0.059305
959,0.226528,-0.016131,-0.056742
960,0.225490,-0.014788,-0.054361
961,0.224575,-0.013750,-0.048502
962,0.224758,-0.013750,-0.046183
963,0.225429,-0.013445,-0.042459
964,0.224330,-0.012713,-0.039164
965,0.223232,-0.011614,-0.036173
966,0.222560,-0.011248,-0.034037
967,0.220180,-0.010576,-0.033121
968,0.214260,-0.010760,-0.028421
969,0.211574,-0.011370,-0.027079
970,0.210353,-0.011248,-0.024759
971,0.207973,-0.011797,-0.022013
972,0.204799,-0.012530,-0.021219
973,0.202602,-0.011919,-0.019815
974,0.200710,-0.011492,-0.018351
975,0.194301,-0.012652,-0.019510
976,0.191432,-0.013872,-0.020060
977,0.189846,-0.013323,-0.020975
978,0.187892,-0.013445,-0.022074
979,0.185146,-0.014422,-0.022745
980,0.181484,-0.014910,-0.023294
981,0.178066,-0.014666,-0.023111
982,0.175685,-0.014544,-0.022074
983,0.171535,-0.014055,-0.021280
984,0.168788,-0.015154,-0.021708
985,0.164638,-0.015703,-0.022318
986,0.161281,-0.015459,-0.021830
987,0.159206,-0.017046,-0.019083
988,0.155788,-0.019243,-0.015482
989,0.151821,-0.020891,-0.012857
990,0.145656,-0.023882,-0.004801
991,0.142604,-0.025286,0.000509
992,0.139736,-0.026751,0.005697
993,0.136623,-0.027239,0.010946
994,0.132961,-0.026446,0.015341
995,0.127895,-0.026201,0.018759
996,0.124721,-0.027239,0.022787
997,0.119228,-0.029925,0.033651
998,0.116420,-0.030474,0.038473
999,0.114711,-0.030962,0.043356
1000,0.113185,-0.032244,0.048727
1001,0.111721,-0.033282,0.055014
1002,0.109218,-0.032366,0.062765
1003,0.106227,-0.030291,0.069906
1004,0.103969,-0.027727,0.076925
1005,0.096401,-0.023455,0.092184
1006,0.093898,-0.021502,0.099752
1007,0.090724,-0.019610,0.106710
1008,0.087367,-0.015703,0.112692
1009,0.084621,-0.012713,0.118246
1010,0.081020,-0.009539,0.125692
1011,0.076564,-0.004534,0.133505
1012,0.069179,0.000288,0.147665
1013,0.065578,0.000959,0.152609
1014,0.062709,0.000288,0.154745
1015,0.061061,-0.000933,0.156637
1016,0.059108,-0.002398,0.157797
1017,0.055934,-0.002215,0.158346
1018,0.052761,-0.001238,0.158102
1019,0.048305,0.001325,0.159872
1020,0.045558,0.002607,0.161764
1021,0.043300,0.003584,0.162069
1022,0.041774,0.003523,0.162863
1023,0.041164,0.004255,0.164206
#end fft_input
#begin fft
bin,freq_hz,ax,ay,az
0,0.0000000,0.2475698,0.0015775,0.0453053
1,0.9765625,0.3331617,0.0073330,0.0913098
2,1.9531250,0.1985016,0.0193683,0.1483266
3,2.9296875,0.0219435,0.0183431,0.1309766
4,3.9062500,0.0542496,0.0076490,0.0706170
5,4.8828125,0.0449669,0.0044793,0.0421658
6,5.8593750,0.0165386,0.0070938,0.0243845
7,6.8359375,0.0210501,0.0114550,0.0148016
8,7.8125000,0.0464928,0.0186238,0.0575081
9,8.7890625,0.0360389,0.0093554,0.0541082
10,9.7656250,0.0196145,0.0071065,0.0239638
11,10.7421875,0.0065555,0.0055270,0.0100198
12,11.7187500,0.0063065,0.0075175,0.0161293
13,12.6953125,0.0085839,0.0028276,0.0064899
14,13.6718750,0.0036727,0.0017209,0.0075553
15,14.6484375,0.0068870,0.0039334,0.0090132
16,15.6250000,0.0091081,0.0051610,0.0090791
17,16.6015625,0.0083795,0.0047254,0.0085377
18,17.5781250,0.0042281,0.0047005,0.0078442
19,18.5546875,0.0042580,0.0027930,0.0028803
20,19.5312500,0.0022588,0.0004367,0.0056159
21,20.5078125,0.0039521,0.0007337,0.0026628
22,21.4843750,0.0081034,0.0013956,0.0090384
23,22.4609375,0.0026733,0.0024894,0.0083129
24,23.4375000,0.0050717,0.0043834,0.0065079
25,24.4140625,0.0050817,0.0015903,0.0048914
26,25.3906250,0.0027711,0.0009688,0.0041851
27,26.3671875,0.0010547,0.0017173,0.0018636
28,27.3437500,0.0013697,0.0010458,0.0023435
29,28.3203125,0.0019616,0.0013361,0.0027954
30,29.2968750,0.0009958,0.0017946,0.0007456
31,30.2734375,0.0008201,0.0014634,0.0027131
32,31.2500000,0.0016313,0.0009568,0.0034281
33,32.2265625,0.0006760,0.0001598,0.0013222
34,33.2031250,0.0013314,0.0016835,0.0026954
35,34.1796875,0.0010094,0.0026706,0.0016379
36,35.1562500,0.0005014,0.0030826,0.0015208
37,36.1328125,0.0009608,0.0030831,0.0021624
38,37.1093750,0.0009950,0.0020967,0.0037257
39,38.0859375,0.0003713,0.0014095,0.0036881
40,39.0625000,0.0005400,0.0004306,0.0017852
41,40.0390625,0.0010305,0.0006993,0.0016280
42,41.0156250,0.0006781,0.0008570,0.0003419
43,41.9921875,0.0001852,0.0011713,0.0001310
44,42.9687500,0.0008047,0.0012092,0.0007299
45,43.9453125,0.0002566,0.0016194,0.0011876
46,44.9218750,0.0013263,0.0016451,0.0009117
47,45.8984375,0.0013605,0.0016497,0.0016466
48,46.8750000,0.0008069,0.0013609,0.0015185
49,47.8515625,0.0002239,0.0006832,0.0017755
50,48.8281250,0.0009466,0.0011536,0.0017867
51,49.8046875,0.0011400,0.0017833,0.0020693
52,50.7812500,0.0005643,0.0019125,0.0024050
53,51.7578125,0.0002938,0.0011305,0.0010832
54,52.7343750,0.0002404,0.0002722,0.0017277
55,53.7109375,0.0006373,0.0008675,0.0021966
56,54.6875000,0.0008208,0.0016541,0.0019159
57,55.6640625,0.0007243,0.0016593,0.0011664
58,56.6406250,0.0008495,0.0015874,0.0008469
59,57.6171875,0.0005722,0.0012774,0.0008552
60,58.5937500,0.0002629,0.0008704,0.0004013
61,59.5703125,0.0004746,0.0013776,0.0013786
62,60.5468750,0.0006845,0.0024020,0.0015994
63,61.5234375,0.0008592,0.0029297,0.0011908
64,62.5000000,0.0008042,0.0025264,0.0004654
65,63.4765625,0.0010619,0.0022589,0.0005971
66,64.4531250,0.0008134,0.0018660,0.0010802
67,65.4296875,0.0005558,0.0016922,0.0012543
68,66.4062500,0.0006160,0.0019285,0.0017964
69,67.3828125,0.0006634,0.0026928,0.0020387
70,68.3593750,0.0007746,0.0025055,0.0009609
71,69.3359375,0.0005472,0.0014154,0.0006332
72,70.3125000,0.0002661,0.0010887,0.0009680
73,71.2890625,0.0003097,0.0010743,0.0010514
74,72.2656250,0.0003803,0.0012017,0.0008138
75,73.2421875,0.0004088,0.0016424,0.0007286
76,74.2187500,0.0006732,0.0019676,0.0007454
77,75.1953125,0.0007467,0.0015523,0.0005049
78,76.1718750,0.0004451,0.0010777,0.0001986
79,77.1484375,0.0002386,0.0005622,0.0003858
80,78.1250000,0.0004048,0.0011015,0.0004822
81,79.1015625,0.0003823,0.0011896,0.0005603
82,80.0781250,0.0003502,0.0012244,0.0004068
83,81.0546875,0.0002015,0.0012234,0.0005690
84,82.0312500,0.0003124,0.0006153,0.0001952
85,83.0078125,0.0002865,0.0002597,0.0004158
86,83.9843750,0.0001189,0.0009003,0.0006525
87,84.9609375,0.0002678,0.0009189,0.0005571
88,85.9375000,0.0002278,0.0007449,0.0006145
89,86.9140625,0.0002249,0.0005359,0.0007671
90,87.8906250,0.0002270,0.0002618,0.0007073
91,88.8671875,0.0002010,0.0007826,0.0001738
92,89.8437500,0.0002356,0.0009909,0.0006179
93,90.8203125,0.0002711,0.0007782,0.0006345
94,91.7968750,0.0002024,0.0003059,0.0003086
95,92.7734375,0.0001843,0.0001946,0.0001396
96,93.7500000,0.0000454,0.0004268,0.0002021
97,94.7265625,0.0001028,0.0006425,0.0003738
98,95.7031250,0.0000845,0.0006108,0.0003057
99,96.6796875,0.0000840,0.0002507,0.0002750
100,97.6562500,0.0002049,0.0003214,0.0002627
101,98.6328125,0.0001933,0.0003687,0.0002456
102,99.6093750,0.0000685,0.0004433,0.0002151
103,100.5859375,0.0001151,0.0004501,0.0004464
104,101.5625000,0.0000713,0.0004106,0.0004090
105,102.5390625,0.0000944,0.0003983,0.0001462
106,103.5156250,0.0002240,0.0002829,0.0004072
107,104.4921875,0.0001568,0.0001284,0.0004031
108,105.4687500,0.0001372,0.0003088,0.0003306
109,106.4453125,0.0002390,0.0004467,0.0003243
110,107.4218750,0.0001106,0.0003784,0.0001533
111,108.3984375,0.0000541,0.0002241,0.0002651
112,109.3750000,0.0000181,0.0001101,0.0004030
113,110.3515625,0.0000440,0.0000617,0.0002674
114,111.3281250,0.0000861,0.0001521,0.0000681
115,112.3046875,0.0000694,0.0002635,0.0001760
116,113.2812500,0.0001393,0.0003055,0.0003083
117,114.2578125,0.0000431,0.0001840,0.0001778
118,115.2343750,0.0001631,0.0001305,0.0000896
119,116.2109375,0.0000313,0.0002782,0.0002219
120,117.1875000,0.0001446,0.0003459,0.0003396
121,118.1640625,0.0000993,0.0001658,0.0002457
122,119.1406250,0.0001213,0.0000988,0.0001172
123,120.1171875,0.0001325,0.0002762,0.0004255
124,121.0937500,0.0001548,0.0003449,0.0003939
125,122.0703125,0.0000154,0.0001277,0.0004321
126,123.0468750,0.0001605,0.0000754,0.0005009
127,124.0234375,0.0001831,0.0000984,0.0000627
128,125.0000000,0.0001520,0.0000918,0.0004634
129,125.9765625,0.0000714,0.0000620,0.0004172
130,126.9531250,0.0002247,0.0002472,0.0001327
131,127.9296875,0.0002427,0.0004532,0.0004454
132,128.9062500,0.0002143,0.0003807,0.0002143
133,129.8828125,0.0001398,0.0001327,0.0003351
134,130.8593750,0.0001833,0.0001154,0.0003310
135,131.8359375,0.0002935,0.0001575,0.0002060
136,132.8125000,0.0001241,0.0003811,0.0001191
137,133.7890625,0.0001561,0.0003153,0.0001233
138,134.7656250,0.0004172,0.0001152,0.0001608
139,135.7421875,0.0003374,0.0000316,0.0001582
140,136.7187500,0.0001209,0.0002959,0.0000326
141,137.6953125,0.0003858,0.0003117,0.0000758
142,138.6718750,0.0001462,0.0002971,0.0001688
143,139.6484375,0.0001874,0.0002117,0.0002407
144,140.6250000,0.0001924,0.0001120,0.0002830
145,141.6015625,0.0001504,0.0000638,0.0002343
146,142.5781250,0.0001333,0.0002597,0.0001963
147,143.5546875,0.0002143,0.0003277,0.0001836
148,144.5312500,0.0003285,0.0002795,0.0004340
149,145.5078125,0.0003059,0.0002276,0.0004202
150,146.4843750,0.0001785,0.0000528,0.0001753
151,147.4609375,0.0001964,0.0002379,0.0002030
152,148.4375000,0.0002363,0.0002240,0.0000796
153,149.4140625,0.0002290,0.0001676,0.0001407
154,150.3906250,0.0000534,0.0001188,0.0000767
155,151.3671875,0.0000659,0.0001130,0.0000802
156,152.3437500,0.0000921,0.0002180,0.0000719
157,153.3203125,0.0001716,0.0001058,0.0001333
158,154.2968750,0.0001361,0.0001938,0.0000471
159,155.2734375,0.0001286,0.0002812,0.0001407
160,156.2500000,0.0000816,0.0001976,0.0000756
161,157.2265625,0.0001090,0.0002636,0.0000963
162,158.2031250,0.0002217,0.0002444,0.0001195
163,159.1796875,0.0000535,0.0001382,0.0001705
164,160.1562500,0.0001246,0.0000592,0.0002232
165,161.1328125,0.0000486,0.0001276,0.0000899
166,162.1093750,0.0000555,0.0002672,0.0000801
167,163.0859375,0.0000581,0.0002820,0.0001250
168,164.0625000,0.0000683,0.0001809,0.0002137
169,165.0390625,0.0001340,0.0001963,0.0000859
170,166.0156250,0.0000933,0.0001494,0.0000503
171,166.9921875,0.0000255,0.0000917,0.0000484
172,167.9687500,0.0000342,0.0000224,0.0001412
173,168.9453125,0.0000822,0.0000786,0.0001003
174,169.9218750,0.0000906,0.0000986,0.0000091
175,170.8984375,0.0000114,0.0001988,0.0002487
176,171.8750000,0.0000735,0.0002889,0.0002612
177,172.8515625,0.0000133,0.0002507,0.0000630
178,173.8281250,0.0000330,0.0000930,0.0002208
179,174.8046875,0.0001012,0.0001460,0.0002377
180,175.7812500,0.0000537,0.0001404,0.0001655
181,176.7578125,0.0000481,0.0000712,0.0001301
182,177.7343750,0.0000731,0.0000523,0.0000963
183,178.7109375,0.0000634,0.0000507,0.0000755
184,179.6875000,0.0000327,0.0000261,0.0001420
185,180.6640625,0.0000731,0.0001039,0.0001208
186,181.6406250,0.0001283,0.0000684,0.0001550
187,182.6171875,0.0001207,0.0001617,0.0001409
188,183.5937500,0.0000637,0.0002102,0.0000281
189,184.5703125,0.0000880,0.0001608,0.0001162
190,185.5468750,0.0000168,0.0000747,0.0001833
191,186.5234375,0.0000576,0.0001324,0.0002008
192,187.5000000,0.0000576,0.0002108,0.0002867
193,188.4765625,0.0000571,0.0001625,0.0002064
194,189.4531250,0.0000163,0.0001508,0.0001039
195,190.4296875,0.0001018,0.0000480,0.0001526
196,191.4062500,0.0001027,0.0001150,0.0002411
197,192.3828125,0.0001080,0.0002087,0.0001345
198,193.3593750,0.0001173,0.0001467,0.0000718
199,194.3359375,0.0000680,0.0001049,0.0000407
200,195.3125000,0.0000260,0.0000392,0.0000265
201,196.2890625,0.0000377,0.0000992,0.0000759
202,197.2656250,0.0000383,0.0002126,0.0000461
203,198.2421875,0.0000571,0.0003054,0.0000599
204,199.2187500,0.0001083,0.0001908,0.0000459
205,200.1953125,0.0001358,0.0000250,0.0001365
206,201.1718750,0.0000847,0.0000821,0.0000802
207,202.1484375,0.0000564,0.0000937,0.0000889
208,203.1250000,0.0000746,0.0001518,0.0000793
209,204.1015625,0.0000973,0.0001386,0.0000963
210,205.0781250,0.0001249,0.0001239,0.0001012
211,206.0546875,0.0000936,0.0000940,0.0000688
212,207.0312500,0.0000821,0.0000882,0.0001651
213,208.0078125,0.0000927,0.0000338,0.0000916
214,208.9843750,0.0000977,0.0001304,0.0000216
215,209.9609375,0.0000609,0.0002266,0.0000292
216,210.9375000,0.0000585,0.0002383,0.0000746
217,211.9140625,0.0000483,0.0001181,0.0000454
218,212.8906250,0.0000824,0.0000545,0.0000439
219,213.8671875,0.0000553,0.0000547,0.0000526
220,214.8437500,0.0000817,0.0000259,0.0000643
221,215.8203125,0.0000906,0.0000125,0.0000260
222,216.7968750,0.0000328,0.0000147,0.0000125
223,217.7734375,0.0000379,0.0000938,0.0000207
224,218.7500000,0.0000747,0.0001024,0.0000435
225,219.7265625,0.0000353,0.0000837,0.0000711
226,220.7031250,0.0000092,0.0000561,0.0001076
227,221.6796875,0.0000053,0.0000983,0.0000614
228,222.6562500,0.0000547,0.0000496,0.0000313
229,223.6328125,0.0000929,0.0000140,0.0000443
230,224.6093750,0.0000269,0.0000769,0.0000184
231,225.5859375,0.0000267,0.0000873,0.0000281
232,226.5625000,0.0000293,0.0000648,0.0000669
233,227.5390625,0.0000812,0.0000849,0.0000690
234,228.5156250,0.0000866,0.0000839,0.0000320
235,229.4921875,0.0001136,0.0000670,0.0000782
236,230.4687500,0.0000323,0.0000546,0.0000465
237,231.4453125,0.0000509,0.0000642,0.0000515
238,232.4218750,0.0000743,0.0000451,0.0000954
239,233.3984375,0.0000241,0.0000687,0.0001052
240,234.3750000,0.0000646,0.0001588,0.0000975
241,235.3515625,0.0000627,0.0001669,0.0000678
242,236.3281250,0.0000234,0.0001567,0.0001127
243,237.3046875,0.0000305,0.0001420,0.0001093
244,238.2812500,0.0000299,0.0001950,0.0000799
245,239.2578125,0.0000513,0.0001496,0.0001409
246,240.2343750,0.0000452,0.0000748,0.0000985
247,241.2109375,0.0000387,0.0000662,0.0000237
248,242.1875000,0.0000754,0.0001140,0.0001241
249,243.1640625,0.0000826,0.0001548,0.0001209
250,244.1406250,0.0000612,0.0001094,0.0000838
251,245.1171875,0.0000276,0.0000737,0.0000483
252,246.0937500,0.0000632,0.0000657,0.0000493
253,247.0703125,0.0000545,0.0001321,0.0000709
254,248.0468750,0.0000343,0.0000630,0.0000196
255,249.0234375,0.0000184,0.0000380,0.0001035
256,250.0000000,0.0000269,0.0000623,0.0001306
257,250.9765625,0.0000418,0.0000371,0.0000838
258,251.9531250,0.0000453,0.0000654,0.0001223
259,252.9296875,0.0000152,0.0001343,0.0001667
260,253.9062500,0.0000196,0.0001153,0.0000756
261,254.8828125,0.0000359,0.0000356,0.0000248
262,255.8593750,0.0000477,0.0000209,0.0000709
263,256.8359375,0.0000642,0.0000485,0.0000387
264,257.8125000,0.0001003,0.0000931,0.0000475
265,258.7890625,0.0000145,0.0000707,0.0000775
266,259.7656250,0.0000389,0.0000295,0.0001575
267,260.7421875,0.0000519,0.0001037,0.0000502
268,261.7187500,0.0000790,0.0000493,0.0001145
269,262.6953125,0.0001155,0.0000764,0.0000436
270,263.6718750,0.0001914,0.0000685,0.0001686
271,264.6484375,0.0002134,0.0000560,0.0001620
272,265.6250000,0.0001403,0.0000563,0.0000388
273,266.6015625,0.0000346,0.0000350,0.0001496
274,267.5781250,0.0000796,0.0000764,0.0001114
275,268.5546875,0.0001273,0.0001055,0.0001186
276,269.5312500,0.0000668,0.0001281,0.0001179
277,270.5078125,0.0000511,0.0000788,0.0001390
278,271.4843750,0.0001659,0.0000232,0.0000789
279,272.4609375,0.0001153,0.0000374,0.0000446
280,273.4375000,0.0000824,0.0000456,0.0000814
281,274.4140625,0.0002125,0.0000581,0.0000929
282,275.3906250,0.0000923,0.0000762,0.0001453
283,276.3671875,0.0001306,0.0000807,0.0000806
284,277.3437500,0.0001536,0.0000631,0.0000743
285,278.3203125,0.0000674,0.0000614,0.0000995
286,279.2968750,0.0000276,0.0000831,0.0000448
287,280.2734375,0.0001417,0.0001040,0.0001546
288,281.2500000,0.0001548,0.0000481,0.0002255
289,282.2265625,0.0001032,0.0000582,0.0001608
290,283.2031250,0.0000256,0.0000420,0.0000339
291,284.1796875,0.0000475,0.0000677,0.0001024
292,285.1562500,0.0000520,0.0000399,0.0000686
293,286.1328125,0.0000486,0.0000295,0.0000253
294,287.1093750,0.0000313,0.0000361,0.0000231
295,288.0859375,0.0000575,0.0000364,0.0001000
296,289.0625000,0.0000626,0.0000140,0.0000567
297,290.0390625,0.0000876,0.0000428,0.0000073
298,291.0156250,0.0000354,0.0000344,0.0000296
299,291.9921875,0.0000955,0.0000200,0.0000416
300,292.9687500,0.0000685,0.0000399,0.0000749
301,293.9453125,0.0000910,0.0000606,0.0000936
302,294.9218750,0.0000645,0.0000437,0.0001152
303,295.8984375,0.0000506,0.0000028,0.0001132
304,296.8750000,0.0000831,0.0000249,0.0000210
305,297.8515625,0.0000452,0.0000350,0.0001348
306,298.8281250,0.0000513,0.0000407,0.0001109
307,299.8046875,0.0000006,0.0000642,0.0000201
308,300.7812500,0.0000405,0.0000554,0.0000891
309,301.7578125,0.0000140,0.0000202,0.0000389
310,302.7343750,0.0000251,0.0000393,0.0000245
311,303.7109375,0.0000532,0.0000473,0.0000946
312,304.6875000,0.0000430,0.0000764,0.0000769
313,305.6640625,0.0000197,0.0000599,0.0000690
314,306.6406250,0.0000759,0.0000588,0.0000445
315,307.6171875,0.0000722,0.0000772,0.0000689
316,308.5937500,0.0000850,0.0000723,0.0000669
317,309.5703125,0.0000828,0.0000753,0.0000571
318,310.5468750,0.0000798,0.0000351,0.0000708
319,311.5234375,0.0000121,0.0000464,0.0000722
320,312.5000000,0.0000391,0.0000444,0.0000654
321,313.4765625,0.0000698,0.0000340,0.0000229
322,314.4531250,0.0000789,0.0000288,0.0000317
323,315.4296875,0.0000406,0.0000459,0.0000281
324,316.4062500,0.0000983,0.0000398,0.0000569
325,317.3828125,0.0000506,0.0000542,0.0000345
326,318.3593750,0.0000232,0.0000523,0.0000270
327,319.3359375,0.0000296,0.0000470,0.0000109
328,320.3125000,0.0000228,0.0000101,0.0000201
329,321.2890625,0.0000045,0.0000333,0.0000633
330,322.2656250,0.0000521,0.0000390,0.0000654
331,323.2421875,0.0000517,0.0000146,0.0001067
332,324.2187500,0.0000337,0.0000375,0.0001089
333,325.1953125,0.0000382,0.0000591,0.0000116
334,326.1718750,0.0000735,0.0000463,0.0000708
335,327.1484375,0.0000672,0.0000825,0.0000949
336,328.1250000,0.0000409,0.0000759,0.0000679
337,329.1015625,0.0000523,0.0000550,0.0000591
338,330.0781250,0.0000568,0.0000205,0.0000996
339,331.0546875,0.0000214,0.0000300,0.0001355
340,332.0312500,0.0000029,0.0000285,0.0000284
341,333.0078125,0.0000416,0.0000410,0.0000126
342,333.9843750,0.0000451,0.0000497,0.0000363
343,334.9609375,0.0000738,0.0000370,0.0000280
344,335.9375000,0.0001028,0.0000362,0.0000429
345,336.9140625,0.0000960,0.0000245,0.0000534
346,337.8906250,0.0000588,0.0000480,0.0000659
347,338.8671875,0.0000030,0.0000505,0.0001220
348,339.8437500,0.0000517,0.0000471,0.0001193
349,340.8203125,0.0000434,0.0000338,0.0000910
350,341.7968750,0.0000231,0.0000371,0.0000507
351,342.7734375,0.0000429,0.0000253,0.0000839
352,343.7500000,0.0000502,0.0000209,0.0000748
353,344.7265625,0.0000572,0.0000502,0.0000840
354,345.7031250,0.0000325,0.0000607,0.0000826
355,346.6796875,0.0000304,0.0000827,0.0001086
356,347.6562500,0.0000475,0.0000624,0.0000526
357,348.6328125,0.0000177,0.0000282,0.0000368
358,349.6093750,0.0000116,0.0000185,0.0000393
359,350.5859375,0.0000032,0.0000423,0.0000960
360,351.5625000,0.0000156,0.0000602,0.0001102
361,352.5390625,0.0000330,0.0000429,0.0000179
362,353.5156250,0.0000362,0.0000507,0.0000143
363,354.4921875,0.0000515,0.0000887,0.0000319
364,355.4687500,0.0000416,0.0000793,0.0000493
365,356.4453125,0.0000069,0.0000532,0.0001153
366,357.4218750,0.0000313,0.0000092,0.0000987
367,358.3984375,0.0000139,0.0000270,0.0000407
368,359.3750000,0.0000123,0.0000465,0.0000416
369,360.3515625,0.0000491,0.0000398,0.0000163
370,361.3281250,0.0000653,0.0000263,0.0000078
371,362.3046875,0.0000315,0.0000158,0.0000564
372,363.2812500,0.0000237,0.0000267,0.0000896
373,364.2578125,0.0000287,0.0000383,0.0001129
374,365.2343750,0.0000385,0.0000388,0.0000334
375,366.2109375,0.0000432,0.0000053,0.0000222
376,367.1875000,0.0000154,0.0000149,0.0000414
377,368.1640625,0.0000256,0.0000055,0.0000376
378,369.1406250,0.0000344,0.0000035,0.0000607
379,370.1171875,0.0000612,0.0000129,0.0000291
380,371.0937500,0.0000385,0.0000427,0.0000825
381,372.0703125,0.0000450,0.0000582,0.0000782
382,373.0468750,0.0000215,0.0000932,0.0000605
383,374.0234375,0.0000136,0.0000640,0.0000245
384,375.0000000,0.0000282,0.0000459,0.0000322
385,375.9765625,0.0000305,0.0000565,0.0000655
386,376.9531250,0.0000394,0.0000259,0.0000336
387,377.9296875,0.0000185,0.0000319,0.0001168
388,378.9062500,0.0000203,0.0000404,0.0001104
389,379.8828125,0.0000377,0.0000611,0.0000673
390,380.8593750,0.0000205,0.0000643,0.0000300
391,381.8359375,0.0000037,0.0000438,0.0000766
392,382.8125000,0.0000443,0.0000269,0.0001245
393,383.7890625,0.0000540,0.0000183,0.0000989
394,384.7656250,0.0000281,0.0000110,0.0001162
395,385.7421875,0.0000175,0.0000216,0.0000649
396,386.7187500,0.0000089,0.0000419,0.0000356
397,387.6953125,0.0000490,0.0000591,0.0001040
398,388.6718750,0.0000028,0.0000500,0.0001041
399,389.6484375,0.0000549,0.0000330,0.0000364
400,390.6250000,0.0000496,0.0000038,0.0000350
401,391.6015625,0.0000273,0.0000386,0.0000250
402,392.5781250,0.0000289,0.0000354,0.0000454
403,393.5546875,0.0000324,0.0000127,0.0001115
404,394.5312500,0.0000424,0.0000151,0.0001308
405,395.5078125,0.0000114,0.0000112,0.0000618
406,396.4843750,0.0000334,0.0000288,0.0000509
407,397.4609375,0.0000657,0.0000576,0.0000864
408,398.4375000,0.0000574,0.0000211,0.0000668
409,399.4140625,0.0000562,0.0000278,0.0000646
410,400.3906250,0.0001081,0.0000234,0.0001520
411,401.3671875,0.0001121,0.0000596,0.0001689
412,402.3437500,0.0000452,0.0000531,0.0000285
413,403.3203125,0.0000488,0.0000403,0.0000977
414,404.2968750,0.0000731,0.0000482,0.0000942
415,405.2734375,0.0000384,0.0000404,0.0000780
416,406.2500000,0.0000322,0.0000392,0.0001220
417,407.2265625,0.0000725,0.0000333,0.0001148
418,408.2031250,0.0001243,0.0000384,0.0000640
419,409.1796875,0.0000223,0.0000256,0.0000459
420,410.1562500,0.0001160,0.0000115,0.0000759
421,411.1328125,0.0001198,0.0000212,0.0001046
422,412.1093750,0.0000309,0.0000187,0.0001070
423,413.0859375,0.0000729,0.0000102,0.0000748
424,414.0625000,0.0000872,0.0000274,0.0000516
425,415.0390625,0.0000155,0.0000351,0.0000117
426,416.0156250,0.0000290,0.0000286,0.0000783
427,416.9921875,0.0000956,0.0000416,0.0001591
428,417.9687500,0.0000729,0.0000426,0.0001548
429,418.9453125,0.0000631,0.0000504,0.0000534
430,419.9218750,0.0000519,0.0000250,0.0000618
431,420.8984375,0.0000623,0.0000135,0.0001040
432,421.8750000,0.0000469,0.0000039,0.0000258
433,422.8515625,0.0000184,0.0000111,0.0000191
434,423.8281250,0.0000192,0.0000071,0.0000558
435,424.8046875,0.0000480,0.0000320,0.0000421
436,425.7812500,0.0000635,0.0000416,0.0000573
437,426.7578125,0.0000565,0.0000307,0.0000777
438,427.7343750,0.0000204,0.0000123,0.0000077
439,428.7109375,0.0000238,0.0000210,0.0000234
440,429.6875000,0.0000390,0.0000334,0.0000110
441,430.6640625,0.0000709,0.0000371,0.0000827
442,431.6406250,0.0000263,0.0000238,0.0000229
443,432.6171875,0.0000512,0.0000453,0.0000677
444,433.5937500,0.0000462,0.0000293,0.0000517
445,434.5703125,0.0000255,0.0000120,0.0000114
446,435.5468750,0.0000169,0.0000177,0.0000122
447,436.5234375,0.0000322,0.0000292,0.0000668
448,437.5000000,0.0000644,0.0000365,0.0000388
449,438.4765625,0.0000318,0.0000153,0.0000400
450,439.4531250,0.0000114,0.0000209,0.0000551
451,440.4296875,0.0000155,0.0000264,0.0000301
452,441.4062500,0.0000428,0.0000214,0.0000134
453,442.3828125,0.0000467,0.0000149,0.0000612
454,443.3593750,0.0000494,0.0000355,0.0000628
455,444.3359375,0.0000536,0.0000702,0.0000393
456,445.3125000,0.0000670,0.0000608,0.0001083
457,446.2890625,0.0000763,0.0000411,0.0001464
458,447.2656250,0.0000407,0.0000229,0.0000760
459,448.2421875,0.0000126,0.0000256,0.0000176
460,449.2187500,0.0000419,0.0000211,0.0000455
461,450.1953125,0.0000673,0.0000140,0.0000310
462,451.1718750,0.0000500,0.0000217,0.0000605
463,452.1484375,0.0000707,0.0000105,0.0000798
464,453.1250000,0.0001048,0.0000023,0.0000637
465,454.1015625,0.0000193,0.0000150,0.0000645
466,455.0781250,0.0000725,0.0000291,0.0000215
467,456.0546875,0.0000602,0.0000250,0.0000636
468,457.0312500,0.0000214,0.0000371,0.0000960
469,458.0078125,0.0000196,0.0000354,0.0000568
470,458.9843750,0.0000564,0.0000332,0.0000747
471,459.9609375,0.0000425,0.0000195,0.0000952
472,460.9375000,0.0000163,0.0000373,0.0000638
473,461.9140625,0.0000848,0.0000531,0.0000978
474,462.8906250,0.0001000,0.0000277,0.0001182
475,463.8671875,0.0000649,0.0000148,0.0000819
476,464.8437500,0.0000418,0.0000316,0.0000233
477,465.8203125,0.0000468,0.0000496,0.0000451
478,466.7968750,0.0000357,0.0000342,0.0000643
479,467.7734375,0.0000153,0.0000061,0.0000404
480,468.7500000,0.0000220,0.0000178,0.0000496
481,469.7265625,0.0000321,0.0000197,0.0000714
482,470.7031250,0.0000226,0.0000326,0.0000178
483,471.6796875,0.0000375,0.0000397,0.0000218
484,472.6562500,0.0000547,0.0000108,0.0000297
485,473.6328125,0.0000553,0.0000152,0.0000121
486,474.6093750,0.0000266,0.0000324,0.0000446
487,475.5859375,0.0000321,0.0000365,0.0000645
488,476.5625000,0.0000235,0.0000382,0.0000549
489,477.5390625,0.0000315,0.0000372,0.0000276
490,478.5156250,0.0000176,0.0000235,0.0000441
491,479.4921875,0.0000470,0.0000273,0.0000637
492,480.4687500,0.0000389,0.0000155,0.0000519
493,481.4453125,0.0000268,0.0000401,0.0000585
494,482.4218750,0.0000044,0.0000530,0.0000328
495,483.3984375,0.0000350,0.0000677,0.0000511
496,484.3750000,0.0000500,0.0000612,0.0000565
497,485.3515625,0.0000187,0.0000368,0.0000751
498,486.3281250,0.0000158,0.0000162,0.0000123
499,487.3046875,0.0000219,0.0000417,0.0000387
500,488.2812500,0.0000229,0.0000482,0.0000503
501,489.2578125,0.0000138,0.0000415,0.0000191
502,490.2343750,0.0000130,0.0000683,0.0000292
503,491.2109375,0.0000189,0.0000636,0.0000165
504,492.1875000,0.0000267,0.0000520,0.0000380
505,493.1640625,0.0000414,0.0000199,0.0000295
506,494.1406250,0.0000290,0.0000204,0.0000285
507,495.1171875,0.0000313,0.0000279,0.0000073
508,496.0937500,0.0000352,0.0000303,0.0000147
509,497.0703125,0.0000326,0.0000222,0.0000168
510,498.0468750,0.0000405,0.0000274,0.0000296
511,499.0234375,0.0000341,0.0000345,0.0000497
512,500.0000000,0.0000369,0.0000489,0.0000425
#end fft
#begin fft_peaks
axis,rank,bin,freq_hz,amp
ax,1,1,0.9765625,0.3331617
ax,2,2,1.9531250,0.1985016
ax,3,4,3.9062500,0.0542496
ax,4,8,7.8125000,0.0464928
ax,5,5,4.8828125,0.0449669
ay,1,2,1.9531250,0.0193683
ay,2,8,7.8125000,0.0186238
ay,3,3,2.9296875,0.0183431
ay,4,7,6.8359375,0.0114550
ay,5,9,8.7890625,0.0093554
az,1,2,1.9531250,0.1483266
az,2,3,2.9296875,0.1309766
az,3,1,0.9765625,0.0913098
az,4,4,3.9062500,0.0706170
az,5,8,7.8125000,0.0575081
#end fft_peaks
#begin timing
step,us
record,1024394
convert,6633
dc_offset,11684
normalise,59724
stats,4398162
quantization,245016
zcr,5301
orientation,25043
downsample,4843
fft_3_axes,218069
#end timing
#begin fft_timing
n,fft_us,read_us,fs_max_blocking_hz,fs_max_buffered_hz
128,6981,378.0,135.9,2311.9
256,15400,378.0,63.4,2282.2
512,33670,378.0,29.4,2253.4
1024,73406,378.0,13.6,2223.7
#end fft_timing
DONE
