run: recording 1024 samples at 1000 hz, then about 5 s of processing
#begin info
fs_hz=1000
n=1024
achieved_hz=1000.00
late_samples=0
read_us_avg=378.0
read_us_max=398
gyro_bias_x_dps=-2.1594
gyro_bias_y_dps=0.1873
gyro_bias_z_dps=-0.5088
#end info
#begin raw
i,ax_g,ay_g,az_g,gx_dps,gy_dps,gz_dps
0,0.464355,-0.058655,1.188477,8.9939,327.8964,-89.3293
1,0.457520,-0.065979,1.179871,9.4817,338.0183,-91.6768
2,0.451843,-0.065918,1.177979,9.6951,348.0793,-94.0854
3,0.444763,-0.065857,1.177124,9.9695,358.0183,-96.5244
4,0.438477,-0.065491,1.178589,10.0000,368.0183,-98.9939
5,0.432739,-0.063965,1.181396,9.6646,387.7134,-104.0854
6,0.427185,-0.063782,1.183716,9.3293,397.5305,-106.7378
7,0.422180,-0.064209,1.187927,8.9024,407.3476,-109.2378
8,0.417480,-0.066345,1.192993,8.3232,417.1646,-111.7683
9,0.407471,-0.074158,1.202576,7.5915,426.9207,-114.2683
10,0.402283,-0.077087,1.209839,6.8598,436.6159,-116.7378
11,0.395935,-0.079651,1.217773,6.1585,446.2805,-119.0549
12,0.388977,-0.081421,1.226379,4.4207,465.6707,-123.4756
13,0.381287,-0.082458,1.234924,3.5976,475.2134,-125.5488
14,0.373352,-0.084045,1.245056,2.8049,484.7561,-127.4390
15,0.364990,-0.084412,1.256897,1.8902,494.1768,-129.2378
16,0.346436,-0.083862,1.280701,1.0061,503.5061,-130.8537
17,0.334656,-0.082581,1.292664,0.0000,512.7744,-132.2866
18,0.322266,-0.079834,1.305542,-1.0061,521.9207,-133.7195
19,0.310791,-0.076843,1.320862,-2.8963,539.4207,-136.0976
20,0.299988,-0.072510,1.336609,-3.9329,547.9268,-137.0427
21,0.289429,-0.069031,1.351807,-4.9390,556.3415,-137.8049
22,0.277405,-0.066711,1.365906,-5.8232,564.4512,-138.5061
23,0.250671,-0.059509,1.389343,-6.7378,572.3171,-138.9939
24,0.236206,-0.055908,1.398743,-7.7439,579.8171,-139.2988
25,0.224243,-0.053955,1.405273,-8.6585,586.9818,-139.3598
26,0.215088,-0.054321,1.408813,-9.6341,593.7500,-139.2683
27,0.205872,-0.055237,1.410767,-11.4634,606.2805,-137.7439
28,0.197388,-0.055359,1.412292,-12.1646,612.0427,-136.5549
29,0.188904,-0.055237,1.415344,-12.8354,617.2866,-135.0000
30,0.179871,-0.056152,1.415955,-13.3537,622.2256,-133.2317
31,0.165649,-0.060303,1.411194,-13.7805,626.7378,-131.1890
32,0.156799,-0.061829,1.402771,-14.0854,630.9147,-128.9939
33,0.143005,-0.062256,1.395386,-14.1768,634.5122,-126.5244
34,0.124634,-0.061462,1.387390,-13.9634,640.6403,-121.1281
35,0.104248,-0.059509,1.382996,-13.6585,643.2318,-118.3232
36,0.084839,-0.057129,1.381531,-13.2317,645.5488,-115.5183
37,0.068359,-0.056580,1.377747,-12.7134,647.5915,-112.6829
38,0.044434,-0.068848,1.371216,-12.1646,649.4512,-109.8476
39,0.033386,-0.077576,1.367737,-11.7073,650.9756,-106.8902
40,0.023743,-0.086182,1.363647,-11.2195,652.3476,-103.9024
41,0.016296,-0.094177,1.360535,-10.0915,654.7561,-98.1098
42,0.009827,-0.102478,1.355103,-9.5122,655.7318,-95.1220
43,0.005371,-0.112793,1.348389,-8.8415,656.5549,-92.1341
44,0.002563,-0.125366,1.345337,-8.2012,657.3781,-89.2378
45,0.001343,-0.149292,1.340881,-7.4695,658.1403,-86.1890
46,0.001953,-0.158752,1.335632,-6.8293,658.8110,-83.2012
47,0.001282,-0.165527,1.330750,-6.1890,659.5122,-80.2744
48,-0.001221,-0.171204,1.328735,-5.5488,660.0000,-77.3171
49,-0.004700,-0.178284,1.327393,-4.3598,661.0366,-71.6768
50,-0.007812,-0.185242,1.326233,-3.7500,661.5854,-68.8720
51,-0.011414,-0.190918,1.325989,-3.1098,662.1037,-65.9451
52,-0.021057,-0.201660,1.326050,-2.4390,662.5610,-63.0793
53,-0.027954,-0.203918,1.326294,-1.6159,663.1097,-60.1220
54,-0.036316,-0.204041,1.326050,-0.6098,663.6281,-57.3476
55,-0.046448,-0.203979,1.325745,0.5488,664.1464,-54.5122
56,-0.057678,-0.201294,1.327087,3.3537,665.3049,-48.8720
57,-0.069519,-0.196716,1.328308,4.8171,665.6708,-46.0366
58,-0.081604,-0.193237,1.329285,6.4634,666.0366,-43.3232
59,-0.095337,-0.188721,1.330994,8.0488,666.2500,-40.6098
60,-0.128601,-0.176025,1.339661,9.5427,666.4939,-37.9268
61,-0.145691,-0.170959,1.346069,11.0366,666.4939,-35.3049
62,-0.162964,-0.166992,1.351562,12.3780,666.2500,-32.7439
63,-0.180969,-0.163147,1.358826,14.7561,665.7012,-27.6524
64,-0.197510,-0.158691,1.369202,15.6402,665.3049,-24.9390
65,-0.212891,-0.150513,1.377686,16.3415,664.6951,-22.4390
66,-0.228088,-0.140808,1.383667,16.8902,663.9329,-20.0000
67,-0.256592,-0.131165,1.389526,17.2256,663.0488,-17.6524
68,-0.268799,-0.132996,1.392639,17.4390,661.9818,-15.3659
69,-0.277527,-0.137268,1.394775,17.3780,660.8537,-12.9878
70,-0.284363,-0.141907,1.395081,17.1037,659.4208,-10.5793
71,-0.290161,-0.146118,1.393494,16.0366,655.9451,-5.6707
72,-0.295166,-0.150391,1.387817,15.1829,653.8110,-3.1098
73,-0.302124,-0.154968,1.384216,14.3293,651.4329,-0.4573
74,-0.317566,-0.166138,1.381409,13.4146,648.8415,2.2561
75,-0.320129,-0.173950,1.370667,12.5000,646.0671,5.0915
76,-0.325256,-0.180908,1.362671,11.6768,643.0793,8.0488
77,-0.331848,-0.184265,1.353516,10.8232,639.8476,10.9756
78,-0.335693,-0.185974,1.338745,9.3293,632.8049,16.8293
79,-0.336975,-0.187439,1.324280,8.7805,628.9025,19.6951
80,-0.335144,-0.184937,1.309753,8.4146,624.7561,22.6220
81,-0.331299,-0.176331,1.298950,8.5061,620.7622,25.2744
82,-0.323730,-0.156799,1.281982,8.8720,616.2805,27.5915
83,-0.316833,-0.159302,1.270752,9.1463,611.8293,29.4817
84,-0.303894,-0.169067,1.262085,9.6646,607.1037,31.2500
85,-0.288818,-0.179504,1.251404,11.0671,597.4695,34.4512
86,-0.271606,-0.176880,1.242798,11.9817,592.6219,35.9756
87,-0.256287,-0.167969,1.244507,12.8963,587.6525,36.9512
88,-0.243469,-0.164673,1.239807,13.3537,582.2561,37.5305
89,-0.206360,-0.177246,1.243958,13.8110,577.4086,38.1098
90,-0.186157,-0.192261,1.239319,13.9634,572.1037,38.6890
91,-0.168701,-0.204041,1.236267,13.9634,567.0122,39.2988
92,-0.151978,-0.212830,1.230103,13.9024,561.7988,39.9390
93,-0.136475,-0.218506,1.218445,13.8110,550.9756,40.9146
94,-0.121948,-0.224243,1.202942,13.9939,545.3964,41.3720
95,-0.107971,-0.233032,1.185364,14.5122,539.7561,41.7683
96,-0.083923,-0.244080,1.145813,15.3049,534.1158,42.1646
97,-0.073486,-0.245667,1.131042,16.6159,528.3842,42.6829
98,-0.065125,-0.241577,1.115234,18.1402,522.4695,43.0183
99,-0.058105,-0.236206,1.101440,19.9085,516.6768,43.2622
100,-0.051331,-0.230164,1.087219,24.2988,504.6951,43.5671
101,-0.046326,-0.221924,1.069885,26.6463,498.6585,43.5976
102,-0.043091,-0.212219,1.054382,29.0549,492.4085,43.6585
103,-0.039490,-0.199829,1.038513,31.2195,486.1890,43.6585
104,-0.029785,-0.168457,1.002930,33.2927,479.7256,43.5671
105,-0.024475,-0.153259,0.985107,35.3659,473.2622,43.4756
106,-0.018616,-0.138123,0.966675,37.4085,466.6768,43.2012
107,-0.010925,-0.123169,0.947327,41.0671,453.0488,42.4695
108,-0.002380,-0.110840,0.927734,42.6829,445.9756,42.0427
109,0.006775,-0.100769,0.905884,44.1463,438.8415,41.4329
110,0.017639,-0.089722,0.881653,45.6707,431.4024,40.7317
111,0.039551,-0.063538,0.829407,47.1951,423.8719,39.9085
112,0.050476,-0.054260,0.798157,48.4451,416.0061,38.8720
113,0.063354,-0.050964,0.762817,49.6037,407.8964,37.8049
114,0.077332,-0.053101,0.724365,50.7317,399.4817,36.6463
115,0.090210,-0.055054,0.682922,53.2012,381.7683,34.3598
116,0.100769,-0.055115,0.639526,54.5732,372.1646,33.0793
117,0.110352,-0.052490,0.595093,55.8232,362.1646,31.7683
118,0.125671,-0.044678,0.502014,56.9512,351.6768,30.3963
119,0.135559,-0.040527,0.456604,58.1098,340.6403,28.9634
120,0.144348,-0.036804,0.410767,59.2378,329.2073,27.5610
121,0.153259,-0.035217,0.363892,60.1829,317.0732,26.1585
122,0.162109,-0.035950,0.318787,61.5244,291.1585,23.3537
123,0.171936,-0.036011,0.274902,61.8902,277.3781,22.0732
124,0.182678,-0.033569,0.233887,61.8902,263.2012,20.7927
125,0.192322,-0.031006,0.193726,61.7073,248.4451,19.5732
126,0.211243,-0.027710,0.115112,61.3415,233.0793,18.4146
127,0.219604,-0.027039,0.076965,60.7317,217.1951,17.2561
128,0.227295,-0.025818,0.040222,60.0000,200.8537,16.0976
129,0.235657,-0.025940,0.005554,58.1402,166.5854,13.7805
130,0.243530,-0.026184,-0.027466,57.0427,148.9024,12.7134
131,0.252075,-0.024658,-0.055969,55.6707,130.7622,11.6463
132,0.258667,-0.022949,-0.080383,54.0549,112.2561,10.6707
133,0.269470,-0.019470,-0.124207,52.3171,93.4146,9.7866
134,0.274597,-0.018188,-0.143311,50.3963,74.2988,8.7500
135,0.279663,-0.017578,-0.161011,48.3232,55.0000,7.6524
136,0.283081,-0.016602,-0.178833,46.0671,35.4878,6.6768
137,0.283569,-0.016296,-0.196472,41.1280,-3.9634,4.9085
138,0.281982,-0.014771,-0.210876,38.5061,-23.9939,4.0244
139,0.278137,-0.013245,-0.224243,35.7622,-44.0549,3.2622
140,0.268433,-0.011230,-0.245361,32.9878,-64.2073,2.5000
141,0.263428,-0.008972,-0.252380,30.2134,-84.4207,1.7073
142,0.257385,-0.007324,-0.255493,27.5000,-104.6646,0.9756
143,0.249084,-0.005676,-0.252930,24.6951,-124.7866,0.3659
144,0.239136,-0.003784,-0.244385,18.9024,-164.7866,-0.5793
145,0.229309,-0.001648,-0.230286,15.8232,-184.5732,-1.0671
146,0.219910,-0.000122,-0.211121,12.5000,-204.0854,-1.5854
147,0.211060,-0.001221,-0.187744,9.0549,-223.3842,-2.0122
148,0.192017,-0.010315,-0.131287,5.5488,-242.4390,-2.3780
149,0.179138,-0.014893,-0.097229,1.8902,-261.0976,-2.7744
150,0.167297,-0.020813,-0.059082,-1.8293,-279.4512,-3.1098
151,0.156677,-0.025330,-0.019714,-9.6951,-315.0610,-3.5976
152,0.144714,-0.030334,0.021301,-13.7805,-332.1951,-3.6585
153,0.131592,-0.035095,0.064026,-17.9573,-348.9634,-3.5976
154,0.118164,-0.037720,0.107056,-22.2256,-365.3049,-3.4756
155,0.089539,-0.041016,0.191528,-26.4634,-381.3110,-3.2927
156,0.073120,-0.043091,0.230896,-30.6402,-397.0122,-2.9573
157,0.056152,-0.046265,0.268311,-34.6646,-412.3476,-2.7134
158,0.037598,-0.050293,0.306091,-38.4146,-427.2561,-2.4695
159,0.018677,-0.054565,0.341858,-45.3963,-456.0366,-1.4634
160,0.001282,-0.059814,0.374817,-48.4756,-469.8781,-0.8537
161,-0.015381,-0.064697,0.409058,-51.3720,-483.4451,0.0305
162,-0.047485,-0.070862,0.475708,-54.1463,-496.7683,0.8841
163,-0.062134,-0.074341,0.508301,-56.6463,-509.6342,1.8293
164,-0.076538,-0.078430,0.539856,-59.0244,-522.3476,2.8354
165,-0.089355,-0.082886,0.571777,-61.3110,-534.6647,4.1159
166,-0.099670,-0.085999,0.604797,-65.2134,-558.0488,7.0122
167,-0.109741,-0.087402,0.637573,-66.9817,-569.2988,8.6585
168,-0.118469,-0.087463,0.669373,-68.4146,-580.0610,10.3659
169,-0.125061,-0.086243,0.700317,-69.8476,-590.4878,12.0122
170,-0.133972,-0.078918,0.763550,-71.0976,-600.4878,13.7500
171,-0.134216,-0.076111,0.796387,-72.0732,-610.1219,15.4878
172,-0.131042,-0.077332,0.829041,-72.9268,-619.3293,17.2561
173,-0.126587,-0.081421,0.863708,-74.3902,-636.3719,20.5793
174,-0.120361,-0.086182,0.899780,-75.1220,-644.2073,22.4085
175,-0.112305,-0.088745,0.932922,-75.8841,-651.6464,24.1463
176,-0.105591,-0.089661,0.964661,-76.4939,-658.8110,25.8841
177,-0.089722,-0.083984,1.025024,-77.0122,-665.4268,27.6220
178,-0.081116,-0.079956,1.054443,-77.5610,-671.6158,29.2378
179,-0.070435,-0.076904,1.084961,-77.7744,-677.3781,30.7317
180,-0.058777,-0.073792,1.115356,-77.8659,-682.7134,32.0427
181,-0.047668,-0.072205,1.144836,-77.5915,-692.0122,34.3293
182,-0.037598,-0.084045,1.169189,-77.1646,-696.2195,35.4268
183,-0.024048,-0.109802,1.185486,-76.5244,-700.3049,36.8902
184,0.010315,-0.139893,1.221008,-75.7622,-703.7195,38.7500
185,0.020874,-0.132629,1.236938,-74.6037,-707.1951,40.6402
186,0.027405,-0.111938,1.248596,-73.3537,-710.5488,42.4390
187,0.036438,-0.086975,1.263489,-71.7378,-713.5366,43.9634
188,0.048706,-0.062927,1.279358,-67.3781,-719.0854,45.7927
189,0.061462,-0.041504,1.297119,-64.8781,-721.6158,46.2500
190,0.077148,-0.022278,1.319153,-62.2561,-723.8719,46.4329
191,0.097473,-0.005188,1.341736,-59.8171,-726.0061,46.3720
192,0.148865,0.021545,1.392029,-57.3476,-728.1098,46.2805
193,0.176270,0.032288,1.413818,-55.3659,-730.0000,46.0976
194,0.204712,0.039062,1.433472,-53.7195,-731.7683,45.9451
195,0.233887,0.041321,1.446167,-51.8293,-735.0915,45.9146
196,0.260925,0.039795,1.454041,-51.2195,-736.5854,46.0671
197,0.285828,0.037292,1.457397,-50.6402,-737.9268,46.2805
198,0.309448,0.034363,1.454163,-50.0305,-739.4818,46.5854
199,0.351196,0.017029,1.434937,-49.3902,-741.0366,47.0122
200,0.373169,0.005737,1.422668,-48.5366,-742.5915,47.6220
201,0.391968,-0.005310,1.411743,-47.5000,-744.0244,48.3537
202,0.407593,-0.012268,1.399658,-46.2805,-745.5488,49.2988
203,0.420105,-0.015564,1.389038,-43.5366,-748.5061,51.2500
204,0.431580,-0.018066,1.379272,-41.7988,-750.0000,52.2866
205,0.443054,-0.021606,1.371216,-39.8780,-751.0976,53.2012
206,0.458374,-0.030823,1.360413,-37.7744,-752.1951,53.9939
207,0.465698,-0.034912,1.357178,-35.7012,-753.0793,54.8476
208,0.471069,-0.039124,1.352905,-33.6585,-753.6586,55.6707
209,0.473206,-0.043884,1.348938,-31.5854,-754.0244,56.5549
210,0.474060,-0.048950,1.346680,-27.6220,-754.1768,58.0793
211,0.474060,-0.055847,1.344238,-25.8232,-753.9025,58.8110
212,0.472839,-0.063538,1.341370,-24.2378,-753.3842,59.6037
213,0.470703,-0.071045,1.337769,-22.8963,-752.6219,60.4268
214,0.460449,-0.078613,1.329895,-21.4939,-751.7378,61.3110
215,0.453186,-0.082520,1.320984,-20.3659,-750.4878,62.1646
216,0.446289,-0.089539,1.313477,-19.2378,-748.9634,62.9878
217,0.440552,-0.098389,1.305664,-17.1646,-745.1829,64.6951
218,0.436951,-0.109863,1.300049,-16.1585,-743.0488,65.6402
219,0.433960,-0.124023,1.295837,-15.1524,-740.6403,66.6768
220,0.430969,-0.138794,1.294067,-14.1463,-738.1098,67.9268
221,0.416870,-0.156982,1.295593,-13.3537,-735.3964,69.2378
222,0.405029,-0.161987,1.301941,-12.7744,-732.4086,70.6402
223,0.393127,-0.164490,1.308777,-12.3476,-729.1464,71.9817
224,0.379700,-0.165955,1.316040,-12.3780,-725.6098,73.4451
225,0.361450,-0.165222,1.326660,-13.4756,-717.7134,76.2805
226,0.338562,-0.162415,1.336182,-14.6037,-713.3232,77.5305
227,0.311401,-0.160400,1.343079,-15.8537,-708.5671,78.7500
228,0.258789,-0.165466,1.352905,-17.3780,-703.4147,79.8781
229,0.239258,-0.171387,1.355774,-19.0854,-697.9878,81.0061
230,0.222595,-0.179688,1.360229,-20.7622,-692.2561,82.1037
231,0.204773,-0.190491,1.365967,-22.6524,-686.0976,83.0488
232,0.186096,-0.200500,1.374207,-26.1585,-672.6829,84.7866
233,0.166016,-0.207520,1.378296,-28.1402,-665.4573,85.6098
234,0.145874,-0.212585,1.382629,-30.0915,-657.8964,86.4024
235,0.126221,-0.216431,1.390076,-32.1951,-649.9695,87.2256
236,0.083801,-0.217041,1.400146,-34.3293,-641.6768,87.9573
237,0.064514,-0.217957,1.407532,-36.4939,-633.0183,88.5061
238,0.045776,-0.219116,1.409668,-38.9329,-624.0244,88.9939
239,0.028687,-0.218323,1.408569,-44.2073,-605.3964,89.8171
240,0.012878,-0.215576,1.406799,-47.0427,-595.6097,90.0610
241,-0.002686,-0.213196,1.403870,-49.7256,-585.6097,90.1829
242,-0.018250,-0.209656,1.398560,-52.4390,-575.5183,90.3354
243,-0.043762,-0.200378,1.386414,-55.2744,-565.1829,90.4268
244,-0.053528,-0.196167,1.379272,-58.0488,-554.7561,90.4268
245,-0.062012,-0.192566,1.374512,-60.8537,-544.1464,90.4268
246,-0.069946,-0.187927,1.370667,-63.5061,-533.3537,90.3659
247,-0.078674,-0.182068,1.366394,-68.5671,-511.4634,90.0915
248,-0.085571,-0.173950,1.365234,-71.0671,-500.3354,89.9390
249,-0.090454,-0.165588,1.362976,-73.5671,-489.0854,89.8171
250,-0.096008,-0.153076,1.363892,-75.8537,-477.7134,89.6037
251,-0.099060,-0.145508,1.365662,-78.0488,-466.3719,89.4207
252,-0.102295,-0.137756,1.369812,-80.3659,-454.8781,89.2988
253,-0.106018,-0.130920,1.375366,-82.5915,-443.2622,89.0549
254,-0.109863,-0.124756,1.380798,-87.1341,-419.8781,88.7195
255,-0.112549,-0.117798,1.387756,-89.3598,-408.1098,88.5366
256,-0.115356,-0.110107,1.392273,-91.6159,-396.2805,88.2622
257,-0.118652,-0.102661,1.397583,-93.7195,-384.2378,87.9878
258,-0.124146,-0.095764,1.410583,-95.6707,-372.1646,87.6524
259,-0.127502,-0.094849,1.415039,-97.4695,-359.9390,87.2561
260,-0.131531,-0.091309,1.419006,-99.1768,-347.6829,86.8902
261,-0.134399,-0.085693,1.422974,-101.9207,-323.1098,86.4024
262,-0.134705,-0.080200,1.425171,-102.8049,-310.7012,86.0671
263,-0.133423,-0.073730,1.426819,-103.4146,-298.3232,85.6402
264,-0.131470,-0.066101,1.428650,-103.8110,-285.8537,85.2439
265,-0.123779,-0.051697,1.431458,-103.9329,-273.3842,84.9085
266,-0.117737,-0.043152,1.433044,-103.8110,-260.8537,84.4512
267,-0.109802,-0.035095,1.434753,-103.4451,-248.3537,83.8415
268,-0.098999,-0.028503,1.437439,-102.8354,-235.8537,83.2012
269,-0.085449,-0.024475,1.439941,-100.8841,-210.8232,81.8598
270,-0.072205,-0.018799,1.444763,-99.5732,-198.3537,81.3415
271,-0.058960,-0.011414,1.451721,-98.0793,-185.8842,80.7622
272,-0.026855,-0.008301,1.463440,-96.5244,-173.4756,80.1524
273,-0.007812,-0.006714,1.465149,-94.9085,-161.1585,79.5427
274,0.013489,-0.007263,1.467896,-93.1098,-148.8719,78.9634
275,0.036377,-0.009888,1.469604,-91.0976,-136.6768,78.1402
276,0.059998,-0.013550,1.469971,-86.0671,-112.5305,76.6159
277,0.082825,-0.015869,1.471069,-83.3841,-100.6707,75.8232
278,0.104553,-0.013611,1.473572,-80.4878,-88.9939,75.0610
279,0.126831,-0.005615,1.475647,-77.4695,-77.3476,74.0244
280,0.171997,0.018555,1.479980,-74.4512,-65.7317,72.8354
281,0.193176,0.031616,1.478516,-71.6159,-54.3598,71.4329
282,0.213806,0.045898,1.476440,-68.9634,-42.9573,69.8476
283,0.236145,0.059204,1.473267,-63.3537,-20.2439,65.7317
284,0.259338,0.069214,1.468445,-60.6098,-8.9634,63.3537
285,0.283020,0.076538,1.462463,-57.7439,2.4085,60.6707
286,0.308167,0.080261,1.454834,-54.8476,13.7195,57.5915
287,0.360901,0.074097,1.433838,-51.9207,24.9390,54.2683
288,0.388062,0.064331,1.420166,-48.8415,36.1890,50.8841
289,0.414673,0.053345,1.404846,-45.6707,47.5305,47.4085
290,0.440125,0.039978,1.389221,-42.5000,58.8110,43.7500
291,0.464355,0.023743,1.374512,-35.6707,81.3110,36.2805
292,0.487793,0.007263,1.359314,-32.2561,92.5305,32.3476
293,0.508362,-0.006104,1.344910,-28.8415,103.6281,28.2927
294,0.542786,-0.022278,1.322205,-25.6707,114.6646,24.0549
295,0.558716,-0.028137,1.313782,-22.7134,125.6707,19.5427
296,0.573486,-0.032837,1.306091,-20.0915,136.6768,14.9085
297,0.585449,-0.037720,1.299744,-18.0793,147.6219,10.0915
298,0.596313,-0.042725,1.294373,-15.2134,169.2988,0.0000
299,0.606689,-0.048706,1.289062,-14.2988,179.9695,-5.1524
300,0.617188,-0.057678,1.284790,-13.7500,190.7927,-10.4268
301,0.627319,-0.068420,1.281067,-13.6280,201.4329,-15.7622
302,0.642090,-0.090881,1.276245,-13.6585,211.9207,-21.0671
303,0.646423,-0.100769,1.275940,-13.9634,222.3476,-26.1890
304,0.647644,-0.109192,1.275818,-14.4512,232.6220,-31.2805
305,0.646179,-0.117126,1.276794,-15.9146,252.9573,-41.3110
306,0.641663,-0.123108,1.279114,-16.8293,262.8964,-46.1281
307,0.634460,-0.126587,1.282471,-17.8963,272.6829,-50.8232
308,0.625061,-0.128967,1.286743,-18.9024,282.3171,-55.1524
309,0.598755,-0.133789,1.300842,-19.9390,291.6768,-59.3598
310,0.582214,-0.134399,1.310486,-21.0976,301.0366,-63.3841
311,0.562500,-0.135010,1.319824,-22.1646,310.0915,-67.2561
312,0.542114,-0.133972,1.330688,-23.3232,319.0244,-70.9146
313,0.522400,-0.132507,1.342102,-25.7622,336.3415,-77.2866
314,0.502380,-0.131042,1.354248,-27.0732,344.7866,-80.1829
315,0.482910,-0.128845,1.366150,-28.3841,352.9573,-82.8354
316,0.445129,-0.125183,1.390015,-29.8171,361.1281,-85.2744
317,0.427551,-0.123718,1.402039,-31.1890,369.1768,-87.5305
318,0.411316,-0.124084,1.412903,-32.5915,377.1646,-89.4512
319,0.395203,-0.125732,1.423950,-33.8720,385.1524,-91.2195
320,0.379456,-0.127136,1.436035,-36.2500,400.8537,-94.1768
321,0.364563,-0.126587,1.447510,-37.2561,408.7195,-95.2744
322,0.349854,-0.125000,1.458252,-38.1402,416.6159,-96.2500
323,0.335938,-0.123291,1.467651,-38.8720,424.3598,-97.0732
324,0.311340,-0.122620,1.479614,-39.5122,432.2561,-97.8049
325,0.298218,-0.124146,1.486267,-40.0305,440.1524,-98.4451
326,0.284973,-0.126160,1.494141,-40.4268,448.0488,-98.8720
327,0.272705,-0.129883,1.501892,-40.9146,464.1159,-99.5732
328,0.259521,-0.134277,1.509277,-41.0366,472.1951,-99.8171
329,0.246582,-0.139709,1.515625,-41.2195,480.3049,-99.9390
330,0.234680,-0.145569,1.521362,-41.3415,488.3537,-99.9695
331,0.210022,-0.157715,1.529663,-41.4939,496.4025,-99.8476
332,0.197754,-0.165039,1.531616,-41.5549,504.4207,-99.5122
333,0.184631,-0.173096,1.531555,-41.7683,512.5000,-99.1159
334,0.173767,-0.183655,1.531189,-41.9207,528.4147,-98.1098
335,0.163513,-0.197449,1.529968,-41.9512,536.1586,-97.2561
336,0.151917,-0.208984,1.530212,-41.8293,543.7500,-96.2500
337,0.140381,-0.216248,1.533569,-41.7073,551.0061,-95.2134
338,0.120850,-0.227173,1.541138,-41.6159,558.0183,-94.0549
339,0.109680,-0.232239,1.544434,-41.5244,564.9390,-92.6524
340,0.098206,-0.238281,1.550964,-41.4939,571.6158,-91.3110
341,0.089966,-0.242493,1.555908,-41.5244,578.0488,-89.7866
342,0.085815,-0.247314,1.560181,-41.9512,590.3658,-86.2195
343,0.083069,-0.251099,1.565491,-42.1341,596.0671,-84.1768
344,0.078125,-0.251831,1.564514,-42.4085,601.4939,-81.8902
345,0.070190,-0.252625,1.564209,-42.6220,606.7683,-79.4817
346,0.050781,-0.253479,1.558899,-42.8049,611.8293,-76.8598
347,0.039856,-0.249146,1.544189,-42.8963,616.4939,-74.2073
348,0.026917,-0.241516,1.526489,-42.9573,620.8232,-71.2805
349,0.011292,-0.233765,1.507385,-42.7744,628.0488,-65.1829
350,-0.004028,-0.227905,1.484802,-42.5000,631.0671,-61.8902
351,-0.014404,-0.228638,1.462646,-41.9817,633.6281,-58.4146
352,-0.020447,-0.235657,1.444641,-40.9756,635.9451,-54.8476
353,-0.031799,-0.251709,1.405640,-39.8780,637.8658,-51.0061
354,-0.038574,-0.258362,1.387146,-38.7500,639.2683,-46.9207
355,-0.047119,-0.262085,1.363647,-37.8963,640.3354,-42.7744
356,-0.057983,-0.265198,1.337036,-36.1890,641.0671,-34.0854
357,-0.072144,-0.268555,1.311035,-35.0305,640.8842,-29.6037
358,-0.089905,-0.272278,1.288208,-33.7805,640.4268,-25.2134
359,-0.106812,-0.276855,1.270630,-32.1037,639.6647,-20.8841
360,-0.132507,-0.292542,1.251526,-30.2134,638.6281,-16.6768
361,-0.145569,-0.302734,1.245178,-28.0793,637.5610,-12.6220
362,-0.157288,-0.312439,1.243408,-25.6707,636.2805,-8.5061
363,-0.168274,-0.320923,1.246094,-23.0488,634.8171,-4.5732
364,-0.178528,-0.328735,1.253235,-17.6829,631.3415,3.3232
365,-0.187622,-0.335266,1.266174,-14.9390,629.4512,7.1341
366,-0.193726,-0.335327,1.286621,-12.4085,627.5915,10.8537
367,-0.197876,-0.327576,1.310059,-10.1524,625.9147,14.4817
368,-0.205139,-0.303589,1.360779,-8.0488,624.0244,17.8659
369,-0.203918,-0.292114,1.384460,-6.2195,622.3171,21.0366
370,-0.200317,-0.284363,1.407410,-4.9695,620.4573,24.2378
371,-0.194519,-0.279724,1.430298,-3.2317,616.7988,30.6098
372,-0.188354,-0.274536,1.447266,-2.6524,615.0610,33.7805
373,-0.182556,-0.270264,1.458435,-2.1646,613.3537,37.0427
374,-0.177795,-0.268433,1.467957,-1.5549,611.5549,40.4573
375,-0.173706,-0.260986,1.483154,-1.0061,609.6342,43.9634
376,-0.173157,-0.256348,1.489258,-0.4573,607.5915,47.4085
377,-0.174194,-0.249634,1.493225,0.2134,605.3658,50.9146
378,-0.175964,-0.239746,1.491455,2.1341,600.7927,57.8963
379,-0.175781,-0.224060,1.491028,3.8415,598.3232,61.1585
380,-0.176636,-0.203308,1.500061,5.9756,595.7927,64.0549
381,-0.174316,-0.175720,1.506165,8.2012,593.0488,66.6463
382,-0.177551,-0.103149,1.552795,10.5488,590.5488,68.6890
383,-0.171875,-0.089233,1.566711,12.6220,587.2561,69.9390
384,-0.158813,-0.089539,1.585571,14.0549,584.5427,71.1890
385,-0.141968,-0.099854,1.608582,15.4573,581.7683,72.4390
386,-0.122192,-0.116333,1.615906,16.5549,576.0976,75.4268
387,-0.101074,-0.138550,1.619263,16.7683,572.8354,77.1646
388,-0.079712,-0.162964,1.615295,16.9512,569.9390,79.2378
389,-0.060120,-0.188171,1.597656,17.3780,566.6464,81.5854
390,-0.025452,-0.238770,1.532349,18.2927,563.0793,84.1159
391,-0.013672,-0.258606,1.491577,19.8780,559.4512,86.7988
392,-0.007568,-0.269043,1.450500,22.1037,555.4573,89.5122
393,-0.005798,-0.270325,1.410217,28.5061,546.8903,94.8476
394,-0.004761,-0.265869,1.374573,32.4390,542.1951,97.1341
395,-0.003052,-0.258789,1.344055,36.7073,537.3781,99.1463
396,0.000305,-0.251282,1.316101,41.2500,532.5610,100.7622
397,0.010315,-0.234863,1.271301,45.7622,527.6525,102.2561
398,0.018433,-0.229065,1.256714,50.2134,522.5915,103.4451
399,0.028870,-0.227295,1.243652,54.6037,517.5305,104.3598
400,0.040161,-0.226807,1.231018,62.5610,507.5000,105.3659
401,0.050476,-0.226257,1.217957,66.0366,502.5915,105.7012
402,0.062134,-0.227112,1.203918,69.0854,497.6830,105.7317
403,0.074463,-0.231567,1.191650,71.9512,492.9878,105.5793
404,0.096130,-0.243530,1.165833,74.4512,488.3537,105.3049
405,0.108459,-0.250671,1.152405,76.5244,483.7500,104.7866
406,0.120544,-0.256653,1.137756,78.3537,479.2073,104.2988
407,0.131836,-0.262573,1.122864,79.7866,474.8171,103.6585
408,0.142700,-0.265869,1.106628,81.9207,466.0671,102.0122
409,0.152405,-0.268738,1.086548,82.5915,461.7988,100.8841
410,0.161194,-0.271851,1.066833,83.1098,457.4695,99.7561
411,0.168579,-0.271973,1.046936,83.4451,453.2927,98.5061
412,0.185120,-0.273071,1.002136,83.7500,448.9634,97.1037
413,0.192932,-0.271240,0.983704,84.1463,444.6037,95.6707
414,0.200806,-0.266479,0.961914,84.3902,440.2744,94.2073
415,0.206787,-0.261536,0.940735,84.4817,431.2500,90.8841
416,0.213196,-0.256042,0.921082,84.3598,426.6464,89.2073
417,0.219055,-0.250488,0.898376,84.2073,422.0122,87.5610
418,0.223511,-0.244812,0.877319,84.2378,417.2561,85.9146
419,0.227722,-0.233948,0.830505,84.0244,412.3476,84.1463
420,0.227600,-0.227173,0.812805,83.9939,407.1342,82.5000
421,0.225403,-0.217285,0.790283,83.8720,401.9207,80.8537
422,0.222107,-0.208435,0.766663,83.3537,390.7317,77.3476
423,0.218445,-0.201050,0.746033,83.1707,384.8781,75.6098
424,0.215088,-0.191895,0.723938,83.1402,378.6890,73.9329
425,0.211365,-0.182190,0.701477,82.9573,372.2866,72.2866
426,0.205200,-0.168213,0.655701,82.6829,365.5488,70.7012
427,0.205261,-0.160156,0.628601,82.5000,358.5366,69.2073
428,0.204468,-0.153503,0.604797,82.2561,351.1890,67.9268
429,0.205627,-0.151184,0.587280,82.0427,343.5366,66.5854
430,0.210938,-0.147766,0.569275,81.2805,327.3781,64.2073
431,0.218262,-0.140930,0.550049,80.7927,318.8110,63.1707
432,0.226013,-0.132996,0.532532,80.2134,309.9390,62.3476
433,0.234924,-0.124268,0.520142,79.5732,300.7317,61.6159
434,0.250854,-0.110107,0.503967,78.8110,291.4024,60.9146
435,0.258667,-0.104431,0.499451,77.7744,281.7988,60.2439
436,0.265808,-0.098206,0.494629,76.8293,271.9207,59.6037
437,0.271057,-0.090881,0.488464,74.4207,251.8902,58.3537
438,0.275879,-0.084473,0.481873,73.0793,241.7683,57.7134
439,0.281067,-0.077759,0.473816,71.7378,231.5244,57.1037
440,0.283264,-0.068787,0.463867,70.3963,221.0061,56.4024
441,0.286011,-0.053284,0.439148,69.0854,210.4573,55.6402
442,0.288147,-0.046143,0.426575,67.8963,199.8476,54.7561
443,0.288025,-0.037048,0.412476,66.8598,189.2683,53.7500
444,0.284790,-0.029785,0.397034,64.9390,167.6829,51.5244
445,0.281982,-0.026184,0.383789,64.1463,156.8293,50.3963
446,0.279724,-0.022034,0.371643,63.5061,145.9146,49.2073
447,0.275757,-0.016174,0.360474,62.9573,134.8171,47.9878
448,0.265808,0.016418,0.350830,62.4695,123.6585,46.7988
449,0.264221,0.031494,0.343994,61.9207,112.6220,45.5488
450,0.264343,0.023682,0.331238,61.0061,101.4634,44.1159
451,0.268555,0.008484,0.326538,60.4573,90.0000,42.6829
452,0.270874,-0.003784,0.322937,60.7622,67.6524,40.7927
453,0.269714,-0.008545,0.318848,61.2195,56.3415,40.1524
454,0.265381,-0.008728,0.325134,61.7073,44.9390,39.5122
455,0.258118,-0.002441,0.334778,62.2561,33.4756,38.9024
456,0.243530,0.034546,0.361633,62.5610,22.0732,38.2012
457,0.236633,0.053772,0.377136,62.5305,10.6098,37.4390
458,0.231445,0.072998,0.392029,62.2561,-0.9451,36.4329
459,0.227051,0.088623,0.404968,61.0366,-23.8720,34.0244
460,0.223938,0.097351,0.416016,60.1829,-35.3049,32.5915
461,0.222656,0.099670,0.425171,59.4817,-46.7683,31.0366
462,0.222412,0.098206,0.433716,59.0244,-58.2622,29.3902
463,0.222168,0.093994,0.453369,58.5671,-69.8171,27.7744
464,0.221863,0.093506,0.463684,58.1707,-81.3720,26.1890
465,0.221680,0.094360,0.472473,57.8659,-93.1707,24.7256
466,0.221985,0.095154,0.481262,57.7134,-116.6768,21.8902
467,0.222595,0.096985,0.490173,57.8354,-128.5976,20.5183
468,0.222778,0.100830,0.499329,57.9573,-140.3963,19.0244
469,0.222595,0.105835,0.506958,58.1707,-152.2866,17.5610
470,0.224792,0.118896,0.521851,58.5366,-164.2378,16.1280
471,0.226440,0.127747,0.530212,58.9024,-176.1281,14.7866
472,0.228333,0.141418,0.544250,59.3902,-188.0488,13.3232
473,0.229736,0.159180,0.559509,59.9085,-200.0000,11.6768
474,0.233459,0.170837,0.560608,60.1829,-223.5671,7.8659
475,0.240601,0.164246,0.554810,60.2744,-235.3049,5.8841
476,0.250916,0.145630,0.550720,61.0671,-246.9207,3.9329
477,0.260986,0.122498,0.535950,62.4390,-258.2317,2.1646
478,0.276245,0.072449,0.513794,64.5732,-269.9390,0.5183
479,0.279175,0.054077,0.505188,67.0122,-281.6159,-0.8841
480,0.279724,0.041443,0.497803,69.5122,-293.5671,-2.0732
481,0.276062,0.034485,0.495117,73.8415,-317.5000,-4.0854
482,0.269897,0.030823,0.489075,75.3659,-329.6342,-4.8476
483,0.261292,0.029602,0.484680,76.6463,-341.7378,-5.4878
484,0.250122,0.029663,0.480835,77.6829,-353.7805,-6.1890
485,0.221130,0.022583,0.465759,78.2622,-365.9451,-6.7988
486,0.202454,0.018127,0.457703,78.6281,-378.2622,-7.5305
487,0.181030,0.010986,0.446716,78.5061,-390.4573,-8.2622
488,0.159851,-0.001953,0.438232,77.8049,-414.5732,-9.6951
489,0.140991,-0.019287,0.428894,77.2561,-426.3415,-10.4573
490,0.124390,-0.037048,0.422180,76.7378,-438.0488,-11.1280
491,0.106812,-0.053406,0.419006,76.1585,-449.5122,-11.7683
492,0.070312,-0.084106,0.418091,75.5793,-460.7012,-12.5000
493,0.053589,-0.098267,0.424316,74.8781,-471.6464,-13.2927
494,0.038818,-0.114929,0.431091,74.0549,-482.2256,-14.1159
495,0.023804,-0.132751,0.439575,73.2012,-492.3781,-15.0610
496,0.009094,-0.149109,0.447571,70.8537,-511.1281,-17.0122
497,-0.002014,-0.165161,0.454407,69.4817,-519.8476,-18.2317
498,-0.009277,-0.184692,0.461975,67.9268,-528.0793,-19.5427
499,-0.018005,-0.231812,0.462708,66.2805,-536.0671,-20.6707
500,-0.016235,-0.329895,0.448059,64.7866,-543.5061,-21.0061
501,-0.016968,-0.350586,0.453613,63.4451,-550.0610,-20.9756
502,-0.024536,-0.349487,0.460693,62.3476,-557.0427,-20.7927
503,-0.033203,-0.332336,0.471863,60.6402,-568.7500,-21.2500
504,-0.039185,-0.309204,0.489319,60.1220,-573.9939,-22.0732
505,-0.041565,-0.286011,0.507568,59.5732,-578.6890,-23.2622
506,-0.040344,-0.264343,0.534180,58.9939,-583.1097,-24.9390
507,-0.028564,-0.220337,0.614441,58.0793,-586.7378,-26.7378
508,-0.016785,-0.200378,0.661987,56.5854,-589.9695,-28.7805
509,-0.001587,-0.183105,0.708374,54.3598,-592.6829,-30.9451
510,0.015198,-0.171753,0.749634,47.8049,-596.4939,-35.4573
511,0.032410,-0.166260,0.788574,43.3537,-597.5915,-37.7439
512,0.049255,-0.163757,0.824951,38.3232,-598.3537,-40.0305
513,0.064331,-0.163147,0.856018,32.8659,-598.6586,-42.1646
514,0.092041,-0.169861,0.898376,26.9817,-598.6586,-44.3598
515,0.104919,-0.178040,0.909668,20.8537,-598.4451,-46.4024
516,0.116943,-0.184021,0.918762,14.6037,-597.8658,-48.2927
517,0.124634,-0.186584,0.924927,8.4451,-597.0122,-50.1220
518,0.128906,-0.184998,0.927429,-3.4756,-594.7866,-53.9634
519,0.130066,-0.177002,0.933838,-8.9634,-593.3842,-56.0061
520,0.128906,-0.164368,0.943970,-14.2378,-591.7378,-58.3841
521,0.127502,-0.150208,0.957642,-19.1159,-589.7866,-61.0061
522,0.123413,-0.121216,0.996582,-23.8415,-587.4390,-63.8415
523,0.117981,-0.108337,1.019348,-28.5061,-584.7256,-66.7073
524,0.110840,-0.098267,1.041809,-33.2012,-581.6768,-70.0000
525,0.102600,-0.090576,1.064331,-42.6524,-574.2683,-76.9817
526,0.091492,-0.083923,1.088989,-47.5305,-570.0305,-80.7317
527,0.078552,-0.087524,1.111267,-52.4695,-565.3049,-84.7561
528,0.068054,-0.091248,1.127563,-57.2561,-560.0000,-88.7500
529,0.044678,-0.114563,1.133850,-62.2561,-554.2988,-92.9573
530,0.038330,-0.142273,1.154297,-65.4573,-548.2622,-97.2866
531,0.029724,-0.172363,1.161377,-67.8049,-541.1890,-101.5244
532,0.017151,-0.199402,1.182129,-70.2134,-527.0732,-109.2683
533,-0.000122,-0.221863,1.209045,-71.4329,-519.3903,-112.6829
534,-0.016541,-0.243225,1.227417,-72.7134,-511.4939,-115.7622
535,-0.035339,-0.257141,1.262024,-73.5671,-503.2012,-118.6281
536,-0.088013,-0.242188,1.308167,-74.9695,-494.6342,-121.1890
537,-0.117004,-0.226440,1.340027,-76.0061,-485.6098,-123.7195
538,-0.146790,-0.210083,1.371155,-76.7378,-476.2500,-126.1281
539,-0.176941,-0.194824,1.402771,-77.2866,-466.6159,-128.4146
540,-0.203552,-0.187134,1.438110,-78.0183,-446.5854,-132.8049
541,-0.229004,-0.187134,1.471252,-78.4451,-436.1890,-134.7256
542,-0.256348,-0.190063,1.501526,-78.9024,-425.6707,-136.2805
543,-0.313782,-0.187561,1.559692,-79.4207,-414.7561,-137.3476
544,-0.342468,-0.183533,1.590698,-79.9695,-403.5976,-138.2012
545,-0.368958,-0.184387,1.612976,-80.8232,-392.3781,-138.6890
546,-0.394897,-0.187805,1.631226,-82.1646,-381.0976,-138.9634
547,-0.423279,-0.184509,1.643555,-85.0305,-357.7439,-138.7805
548,-0.454956,-0.174744,1.649780,-86.4329,-345.7622,-138.2012
549,-0.488220,-0.171021,1.652039,-87.7744,-333.5671,-137.4695
550,-0.519165,-0.180054,1.641357,-88.9024,-321.6464,-136.3719
551,-0.592590,-0.170227,1.610962,-89.5732,-309.2683,-134.9695
552,-0.630676,-0.157410,1.597534,-89.8781,-296.9512,-133.6281
553,-0.668030,-0.144897,1.593079,-89.2988,-284.5122,-132.3781
554,-0.703308,-0.133606,1.590698,-86.4939,-259.0244,-129.7866
555,-0.736023,-0.123962,1.592651,-84.8476,-246.0671,-128.4146
556,-0.768127,-0.114441,1.600037,-83.2317,-232.8049,-126.9512
557,-0.798584,-0.103699,1.609985,-81.7073,-219.2683,-125.5183
558,-0.853271,-0.090637,1.634521,-80.3354,-205.4573,-124.0549
559,-0.879639,-0.086609,1.640198,-79.2378,-191.3110,-122.4390
560,-0.903198,-0.086609,1.644714,-78.5671,-176.8293,-120.8232
561,-0.925537,-0.088135,1.645325,-78.0488,-161.9512,-119.2683
562,-0.945374,-0.091980,1.643250,-76.8598,-131.0366,-116.4939
563,-0.961670,-0.098511,1.644531,-76.2195,-115.0915,-115.1829
564,-0.976196,-0.108093,1.644287,-75.6098,-98.9634,-113.9329
565,-0.999878,-0.137085,1.640503,-75.0305,-82.6220,-112.5305
566,-1.009827,-0.154724,1.637512,-74.4512,-65.9756,-111.1281
567,-1.018555,-0.170105,1.630798,-73.9939,-49.2683,-109.5732
568,-1.026428,-0.180542,1.623779,-73.7195,-32.4695,-107.8659
569,-1.035217,-0.185913,1.614014,-73.9329,1.1280,-104.0244
570,-1.044006,-0.190430,1.603882,-74.3293,17.8354,-102.0427
571,-1.050720,-0.193176,1.593140,-74.9390,34.4817,-99.9390
572,-1.055603,-0.194031,1.576050,-75.7927,50.8537,-97.6524
573,-1.063538,-0.191895,1.543579,-76.7378,66.9817,-95.4878
574,-1.065308,-0.190674,1.522766,-77.7134,82.9268,-93.0488
575,-1.066528,-0.189331,1.501709,-78.7805,98.4756,-90.5488
576,-1.067627,-0.186462,1.480469,-81.1281,128.8110,-85.3659
577,-1.066223,-0.182861,1.457214,-82.5000,143.4146,-82.5000
578,-1.061707,-0.180603,1.431396,-83.9329,157.6829,-79.5122
579,-1.056213,-0.179199,1.403564,-85.2134,171.5244,-76.4939
580,-1.037537,-0.176575,1.345581,-86.3415,185.0305,-73.3537
581,-1.025513,-0.175598,1.315613,-87.3476,198.0793,-70.1524
582,-1.012817,-0.176941,1.284058,-88.3537,210.7927,-66.9207
583,-0.997925,-0.181213,1.253174,-89.1463,223.1707,-63.7500
584,-0.982605,-0.186951,1.222229,-90.3659,246.7683,-57.3171
585,-0.968933,-0.191528,1.192566,-90.7622,257.9878,-54.0244
586,-0.957642,-0.196472,1.166016,-91.1890,268.7805,-50.8232
587,-0.938599,-0.219604,1.124390,-91.6159,279.2073,-47.7134
588,-0.929932,-0.233093,1.112671,-92.0427,289.2378,-44.7561
589,-0.922241,-0.245178,1.107910,-92.5000,298.7500,-41.7073
590,-0.914490,-0.256775,1.107178,-93.2012,307.7439,-38.5061
591,-0.907166,-0.266235,1.112122,-95.1524,324.2683,-31.8598
592,-0.899536,-0.273132,1.121826,-96.3415,331.7073,-28.3537
593,-0.890503,-0.277710,1.133850,-97.7439,338.5061,-24.6341
594,-0.883362,-0.275024,1.152161,-99.4512,344.7561,-20.9756
595,-0.865356,-0.257385,1.203247,-101.3110,350.3964,-17.1951
596,-0.850525,-0.247375,1.225952,-103.5366,355.5183,-13.2927
597,-0.834167,-0.240845,1.249146,-106.1585,360.0305,-9.3598
598,-0.814514,-0.237854,1.278748,-110.7622,367.7439,-1.5549
599,-0.796082,-0.233215,1.308411,-112.6524,370.9146,2.5000
600,-0.782471,-0.223755,1.338989,-114.5427,373.4451,6.8293
601,-0.773376,-0.207886,1.375061,-116.5549,375.4878,11.1890
602,-0.763550,-0.166870,1.444153,-118.7805,376.9817,15.6402
603,-0.758606,-0.145264,1.478516,-120.9756,378.1098,19.9695
604,-0.752808,-0.125977,1.511108,-123.1098,378.8110,24.3293
605,-0.744446,-0.109619,1.540100,-125.1829,379.1464,28.8415
606,-0.734741,-0.094482,1.565674,-129.2073,378.7195,37.7744
607,-0.722961,-0.079834,1.588074,-130.8232,378.1707,42.2256
608,-0.709534,-0.065002,1.607117,-132.0732,377.2561,46.6463
609,-0.683105,-0.034180,1.644897,-132.7744,376.1585,50.9451
610,-0.666504,-0.022217,1.661377,-133.0488,374.8781,55.2439
611,-0.647888,-0.015869,1.676819,-133.0488,373.5061,59.4512
612,-0.627869,-0.016296,1.688293,-132.5000,371.9817,63.5366
613,-0.606323,-0.023193,1.694031,-129.7561,368.6281,71.9512
614,-0.584473,-0.035095,1.697388,-127.4695,366.8598,76.1281
615,-0.562561,-0.049500,1.699219,-124.4512,365.0000,80.3354
616,-0.540222,-0.061707,1.696838,-120.6098,363.2622,84.6646
617,-0.502686,-0.086182,1.683716,-116.0671,361.5244,88.8110
618,-0.483948,-0.103210,1.672852,-110.7927,359.8171,92.8659
619,-0.464844,-0.119324,1.663452,-104.7866,358.1707,96.7988
620,-0.450317,-0.128662,1.662415,-90.0915,355.3964,103.8415
621,-0.436035,-0.132202,1.661133,-81.6463,354.4207,107.0732
622,-0.421265,-0.127502,1.669495,-72.6524,353.3842,109.8476
623,-0.410339,-0.109802,1.681458,-64.1159,352.6524,112.1341
624,-0.384644,-0.074280,1.714172,-55.6098,352.0427,113.8415
625,-0.371399,-0.056152,1.732849,-47.2561,351.7073,115.1220
626,-0.359436,-0.041016,1.744324,-39.6951,351.6464,116.0976
627,-0.344849,-0.030762,1.760925,-32.8659,351.5244,116.7378
628,-0.330017,-0.020630,1.770630,-22.5915,351.8293,117.3476
629,-0.316162,-0.015259,1.767212,-18.7195,352.0732,117.3476
630,-0.300354,-0.018799,1.758728,-15.3963,352.3171,117.2256
631,-0.265686,-0.053955,1.706848,-12.3780,352.4695,117.0427
632,-0.252197,-0.084167,1.673401,-9.3293,352.4695,116.9207
633,-0.242554,-0.114868,1.634521,-6.1890,352.3476,116.9817
634,-0.234741,-0.143860,1.593994,-2.9268,352.0427,117.2256
635,-0.229675,-0.170898,1.554749,4.3902,350.5183,118.1402
636,-0.227173,-0.193542,1.514832,8.5366,349.2988,118.9024
637,-0.226990,-0.211731,1.477478,12.8963,347.8354,119.6951
638,-0.228943,-0.226013,1.441467,17.5305,346.0671,120.5488
639,-0.239441,-0.239990,1.384827,22.5000,344.1768,121.4024
640,-0.246765,-0.245667,1.360413,27.8659,341.9817,122.2866
641,-0.252747,-0.254028,1.341614,33.3537,339.6646,123.0793
642,-0.257385,-0.262878,1.330750,44.7561,334.6342,125.0305
643,-0.259460,-0.267700,1.319458,50.3963,332.0732,126.1585
644,-0.263184,-0.260925,1.315613,56.1585,329.4207,127.2561
645,-0.270020,-0.247864,1.317566,61.6463,326.5244,127.9878
646,-0.277344,-0.236145,1.319397,66.4939,323.7805,128.7805
647,-0.277100,-0.241577,1.327393,70.8232,320.9451,129.6342
648,-0.275940,-0.249512,1.328857,74.2988,318.1098,130.6402
649,-0.274048,-0.255676,1.328369,77.1341,315.3964,131.8598
650,-0.271484,-0.260559,1.323792,80.5488,309.5122,134.7866
651,-0.271667,-0.262878,1.313538,81.2805,306.4329,136.4024
652,-0.274963,-0.261414,1.298279,81.4329,303.3232,138.0793
653,-0.282715,-0.254028,1.257507,81.1890,300.1219,139.7561
654,-0.286255,-0.250000,1.232300,80.4878,296.7378,141.5244
655,-0.290771,-0.248047,1.204407,79.4512,293.2317,143.1707
656,-0.293945,-0.247559,1.176392,78.2927,289.5732,144.7561
657,-0.294983,-0.247681,1.148560,75.7012,282.0732,147.7134
658,-0.296692,-0.249878,1.121704,74.2683,278.0793,149.1768
659,-0.296021,-0.256470,1.095032,72.9573,273.9939,150.6098
660,-0.296143,-0.254883,1.075317,71.7683,269.6646,152.1037
661,-0.291687,-0.291992,1.009094,70.2744,265.2439,153.4451
662,-0.285828,-0.321777,0.989380,69.7256,260.4268,154.7866
663,-0.285278,-0.318665,0.960327,69.4817,255.8232,156.5549
664,-0.287781,-0.301636,0.941284,69.0244,245.7012,159.9695
665,-0.287476,-0.282715,0.928772,68.7500,240.4573,161.3110
666,-0.284058,-0.260010,0.915405,68.5366,235.0305,162.4695
667,-0.277405,-0.235718,0.905945,68.1707,229.4817,163.3232
668,-0.251038,-0.213928,0.895264,67.3781,223.8110,164.1159
669,-0.232849,-0.209045,0.889038,66.3720,217.8354,164.8476
670,-0.213684,-0.203430,0.878174,65.0610,212.0122,165.6402
671,-0.191772,-0.201782,0.864685,63.6585,205.8537,166.3719
672,-0.170105,-0.199707,0.850403,60.9146,193.4146,168.1402
673,-0.149048,-0.197998,0.834595,59.9390,186.8598,169.1463
674,-0.128418,-0.198303,0.819763,59.2988,180.3659,170.1219
675,-0.091553,-0.195007,0.794861,58.8415,173.8110,171.2500
676,-0.074402,-0.191345,0.784363,58.7500,167.0732,172.2256
677,-0.058289,-0.184265,0.777405,58.9634,160.3659,173.2927
678,-0.044373,-0.174622,0.772949,59.5122,153.6281,174.3902
679,-0.034424,-0.162231,0.772766,61.0976,139.9085,176.4634
680,-0.025269,-0.148254,0.775879,61.9817,133.1098,177.3171
681,-0.016541,-0.133484,0.780334,62.8659,126.3415,178.0488
682,-0.009827,-0.117981,0.786743,63.8415,119.6951,178.5671
683,-0.001404,-0.088745,0.802551,64.9390,113.1098,178.9634
684,0.003296,-0.076355,0.811890,66.0671,106.7073,179.1159
685,0.007385,-0.066895,0.824036,67.1646,100.4268,179.2073
686,0.010071,-0.058167,0.838318,69.4817,88.5366,178.7805
687,0.012390,-0.050842,0.853333,70.4878,82.9573,178.4146
688,0.016174,-0.045471,0.867920,71.3110,77.5000,177.9573
689,0.020020,-0.039856,0.880493,71.9512,72.2866,177.3476
690,0.025513,-0.025696,0.908569,72.4695,67.2256,176.4939
691,0.029541,-0.020508,0.920654,73.0488,62.3171,175.6098
692,0.034607,-0.014771,0.930481,73.5976,57.6220,174.6037
693,0.039307,-0.008057,0.939758,74.2378,53.0183,173.5366
694,0.044495,0.000549,0.948669,75.4878,44.2683,171.0671
695,0.052612,0.008911,0.956787,76.2195,40.0305,169.7256
696,0.060730,0.015442,0.967590,77.0732,35.8232,168.3842
697,0.076294,0.033447,0.993591,77.8659,31.6768,166.9512
698,0.086975,0.044739,1.008728,78.8110,27.6829,165.3963
699,0.097107,0.057129,1.023438,79.6951,23.7195,163.9329
700,0.107727,0.070251,1.037415,80.6098,19.6341,162.3171
701,0.119019,0.083923,1.048645,82.4390,11.5854,158.8719
702,0.128479,0.097473,1.055969,83.2927,7.3780,157.1342
703,0.138000,0.110046,1.062073,84.2683,3.1402,155.3354
704,0.148193,0.122803,1.064758,85.3659,-1.2805,153.4146
705,0.169128,0.147278,1.059021,86.5244,-5.7927,151.4634
706,0.180847,0.155334,1.053833,87.7744,-10.4573,149.5122
707,0.192932,0.162415,1.045227,89.1768,-15.2134,147.5915
708,0.203369,0.168030,1.035522,92.5305,-25.4878,143.5671
709,0.211426,0.172974,1.026245,94.3293,-30.9146,141.5549
710,0.218384,0.176392,1.015442,96.2195,-36.5549,139.5122
711,0.224609,0.178589,1.006287,98.3232,-42.3171,137.4695
712,0.229675,0.180847,0.987854,100.4878,-48.1707,135.3354
713,0.230042,0.181030,0.978210,102.8659,-54.1463,133.0488
714,0.231018,0.180176,0.970215,105.1829,-60.3049,130.7622
715,0.231995,0.179504,0.960449,107.5305,-66.5244,128.3537
716,0.232056,0.177734,0.947998,112.4390,-79.1159,123.0488
717,0.232117,0.174683,0.936584,114.9695,-85.4268,120.2134
718,0.232910,0.172546,0.923035,117.4390,-91.7378,117.1646
719,0.238281,0.162659,0.889954,119.9085,-98.1098,113.9939
720,0.242615,0.155273,0.873291,122.3171,-104.4817,110.6707
721,0.247375,0.146973,0.855225,124.6646,-110.7927,107.1037
722,0.251221,0.135376,0.834534,127.1341,-116.9817,103.5061
723,0.256958,0.122986,0.815979,131.6463,-129.2378,95.9451
724,0.263733,0.118835,0.802673,133.7195,-135.0305,91.9817
725,0.267883,0.122192,0.786011,135.3354,-140.7317,87.8659
726,0.271790,0.121216,0.771484,136.8598,-146.4939,83.5061
727,0.283142,0.100708,0.741089,138.1098,-151.9512,78.9024
728,0.288513,0.082703,0.720093,138.8719,-157.2866,74.2378
729,0.294617,0.062256,0.702087,139.5732,-162.5305,69.5122
730,0.298828,0.041504,0.679749,140.3354,-172.3476,60.2744
731,0.302734,0.022583,0.655212,140.4268,-177.1951,55.6098
732,0.306824,0.008118,0.630676,140.4268,-181.8293,50.8841
733,0.309326,-0.002930,0.604980,140.4573,-186.3415,46.0061
734,0.313965,-0.018616,0.561707,140.4268,-190.7012,41.0061
735,0.315918,-0.022644,0.544312,140.2744,-194.9085,35.8537
736,0.317383,-0.024597,0.531311,140.0000,-198.9634,30.5183
737,0.318542,-0.024414,0.521973,139.5122,-202.8354,25.0305
738,0.318726,-0.021179,0.514160,137.2256,-210.3354,13.7805
739,0.319641,-0.018250,0.507019,135.2134,-213.8415,7.9268
740,0.321411,-0.019104,0.499329,132.4390,-217.2561,1.9817
741,0.326233,-0.026794,0.476501,129.0549,-220.6098,-4.1768
742,0.328491,-0.031006,0.462646,125.0915,-223.9634,-10.3049
743,0.328552,-0.036438,0.444153,120.6402,-227.3171,-16.3720
744,0.325256,-0.043274,0.421997,115.7317,-230.5183,-22.4085
745,0.319580,-0.048889,0.397949,105.2439,-237.1646,-34.4512
746,0.315735,-0.054382,0.373108,99.6951,-240.5488,-40.4268
747,0.317993,-0.064209,0.351501,94.1768,-243.9939,-46.3110
748,0.322388,-0.075195,0.333801,88.4756,-247.5000,-52.1037
749,0.331970,-0.092407,0.299866,82.7134,-251.2195,-57.8354
750,0.335327,-0.100952,0.282959,76.7683,-255.1220,-63.4146
751,0.338257,-0.109253,0.266296,70.7622,-259.0244,-68.8720
752,0.342407,-0.119263,0.255310,59.2378,-267.0427,-79.2378
753,0.347717,-0.126770,0.247131,53.8110,-271.1281,-84.0244
754,0.352783,-0.129028,0.245361,48.5366,-275.2744,-88.5671
755,0.356262,-0.129333,0.249329,43.2317,-279.5122,-93.0183
756,0.361084,-0.131165,0.260803,37.8963,-283.8719,-97.1341
757,0.359253,-0.131348,0.273254,32.5610,-288.3232,-101.0671
758,0.355591,-0.130005,0.283386,27.0122,-292.8659,-104.7256
759,0.350952,-0.128052,0.294983,21.4024,-297.5000,-108.1098
760,0.344299,-0.125732,0.309021,10.0000,-306.9512,-114.4207
761,0.336426,-0.122009,0.323486,4.0549,-311.7378,-117.4085
762,0.328796,-0.119690,0.337708,-1.9817,-316.5854,-120.3659
763,0.309265,-0.164001,0.354736,-7.9573,-321.5549,-123.1402
764,0.303467,-0.182068,0.366577,-13.8110,-326.5244,-125.2439
765,0.295349,-0.183533,0.387512,-19.6341,-331.2195,-126.7378
766,0.284546,-0.171143,0.409790,-25.1220,-336.2195,-128.1707
767,0.273193,-0.149841,0.435059,-35.6402,-345.7622,-131.5244
768,0.264893,-0.129578,0.467163,-40.3659,-350.3659,-133.6585
769,0.261230,-0.114014,0.501404,-45.0000,-354.6951,-135.9451
770,0.261108,-0.102722,0.536133,-49.5122,-358.6890,-138.4146
771,0.266663,-0.087708,0.609985,-53.8110,-362.3781,-140.9451
772,0.270203,-0.080200,0.647034,-58.0793,-365.8537,-143.5976
773,0.275635,-0.072937,0.683350,-62.4085,-369.0244,-146.3719
774,0.282288,-0.069580,0.715698,-71.1281,-374.6037,-152.0122
775,0.290100,-0.070679,0.744202,-75.6098,-377.0122,-154.8171
776,0.299805,-0.076172,0.768433,-80.1524,-379.3293,-157.5000
777,0.308655,-0.084045,0.788147,-84.6341,-381.6159,-160.1219
778,0.321350,-0.103760,0.812866,-88.9634,-383.7500,-162.5610
779,0.325134,-0.114624,0.819641,-92.9878,-385.8232,-164.9085
780,0.327393,-0.128479,0.822327,-96.8598,-387.8659,-167.0732
781,0.327820,-0.144775,0.825134,-100.4878,-390.0305,-169.0854
782,0.326660,-0.159424,0.828430,-106.6463,-394.5732,-172.5000
783,0.324890,-0.173035,0.830261,-109.4512,-396.9512,-173.9329
784,0.321899,-0.186829,0.832642,-111.8902,-399.4817,-175.2134
785,0.306946,-0.199951,0.862000,-114.2073,-402.1037,-176.1281
786,0.294861,-0.191467,0.876770,-116.4634,-405.0915,-176.9207
787,0.285889,-0.169067,0.837341,-119.2683,-407.8964,-177.4695
788,0.286316,-0.188354,0.824768,-123.8110,-410.8232,-178.4756
789,0.294312,-0.228577,0.864380,-123.7195,-415.1219,-180.5183
790,0.304016,-0.278198,0.869690,-122.1646,-417.5000,-180.4878
791,0.310303,-0.332397,0.900574,-120.0915,-420.1829,-179.7561
792,0.303650,-0.372253,0.959900,-119.7561,-422.4695,-178.1402
793,0.262939,-0.401794,1.025940,-120.7012,-425.3354,-175.8537
794,0.231201,-0.418579,1.046021,-122.6829,-427.8049,-173.0793
795,0.199341,-0.437622,1.040833,-125.5488,-430.2744,-169.8171
796,0.163696,-0.450562,1.032776,-131.9817,-434.5732,-161.9512
797,0.121338,-0.451782,1.024536,-134.8171,-436.7073,-157.9268
798,0.074463,-0.435364,1.014343,-137.0122,-438.5061,-154.0854
799,0.025513,-0.406738,1.009949,-138.7805,-440.1829,-150.7012
800,-0.065857,-0.355286,1.013428,-140.3354,-441.4024,-147.6524
801,-0.107117,-0.332642,1.028687,-141.2500,-442.1037,-145.0305
802,-0.146240,-0.312439,1.048340,-142.0122,-442.0732,-142.6829
803,-0.184082,-0.297607,1.071350,-142.5000,-441.4939,-140.4878
804,-0.219360,-0.285339,1.097717,-143.5366,-438.2927,-136.7988
805,-0.252808,-0.273621,1.124939,-144.2073,-435.6098,-135.2439
806,-0.286743,-0.266724,1.151855,-144.8476,-432.2561,-133.7500
807,-0.354431,-0.274292,1.194458,-145.6098,-428.1707,-132.4390
808,-0.385864,-0.283142,1.211243,-146.3110,-423.4756,-131.2500
809,-0.416443,-0.292542,1.225769,-146.9817,-418.1403,-130.1219
810,-0.445007,-0.304626,1.239929,-147.6524,-412.1342,-128.9024
811,-0.474121,-0.314148,1.252441,-149.0244,-398.8719,-126.4024
812,-0.504883,-0.320129,1.252563,-149.9695,-391.5854,-125.2439
813,-0.533325,-0.331238,1.253662,-150.3354,-383.9024,-124.0244
814,-0.558594,-0.345154,1.263672,-150.4878,-375.7317,-122.7744
815,-0.611267,-0.359558,1.274231,-150.6098,-367.3476,-121.3110
816,-0.636230,-0.364441,1.283386,-150.9756,-358.8719,-119.6646
817,-0.651733,-0.383850,1.267944,-151.7073,-350.1219,-117.9268
818,-0.676208,-0.401428,1.268738,-153.4146,-332.1646,-113.8415
819,-0.711060,-0.380249,1.283813,-154.2073,-323.2622,-111.5854
820,-0.743164,-0.325500,1.294067,-155.6402,-313.6585,-109.4207
821,-0.770447,-0.288025,1.291504,-158.1707,-304.8476,-107.6829
822,-0.793640,-0.306030,1.268982,-160.3659,-295.5183,-105.8841
823,-0.803467,-0.305481,1.252136,-162.1037,-285.6707,-103.8110
824,-0.815796,-0.308960,1.240234,-163.1402,-275.7927,-101.5244
825,-0.818359,-0.327209,1.235596,-163.0793,-265.9451,-99.2683
826,-0.823059,-0.345825,1.221680,-160.4878,-245.3963,-94.4512
827,-0.832336,-0.358521,1.213745,-156.8598,-235.2744,-91.8902
828,-0.835693,-0.373230,1.231873,-151.5854,-224.2988,-89.2683
829,-0.850769,-0.379700,1.290894,-145.6098,-213.5366,-86.3415
830,-0.867188,-0.360413,1.336243,-139.4817,-203.0793,-82.9268
831,-0.887695,-0.328064,1.381714,-134.0854,-192.3781,-79.3598
832,-0.910583,-0.287720,1.423889,-129.6037,-181.7073,-75.7317
833,-0.931824,-0.246155,1.466125,-123.0488,-160.2744,-68.5061
834,-0.949097,-0.208374,1.506897,-121.0366,-149.5732,-65.0305
835,-0.962524,-0.176575,1.544922,-119.7561,-138.8110,-61.7073
836,-0.971436,-0.149231,1.579407,-119.2683,-128.2317,-58.6281
837,-0.986450,-0.101685,1.650757,-119.3293,-117.5000,-55.6707
838,-0.996277,-0.080017,1.692261,-119.8781,-106.7988,-52.8963
839,-1.005615,-0.056152,1.735596,-120.8841,-96.1281,-50.3354
840,-1.010437,-0.038513,1.775940,-124.8781,-74.5122,-45.6098
841,-1.010620,-0.033386,1.814575,-127.6220,-63.5671,-43.2012
842,-1.007263,-0.039368,1.846863,-130.5488,-52.5305,-40.7927
843,-1.001404,-0.048645,1.873962,-133.5976,-41.5244,-38.2622
844,-0.989075,-0.068604,1.915649,-136.6768,-30.5488,-35.4878
845,-0.984131,-0.072144,1.928772,-139.7866,-19.7866,-32.6829
846,-0.980103,-0.072205,1.934509,-142.6524,-9.1463,-29.7866
847,-0.973083,-0.073669,1.937561,-147.6524,11.5854,-23.8720
848,-0.962769,-0.074829,1.936340,-149.5427,21.6159,-21.0671
849,-0.953003,-0.074829,1.930664,-151.0366,31.2195,-18.2317
850,-0.943054,-0.073792,1.923767,-151.9207,40.5793,-15.3963
851,-0.923218,-0.058716,1.908813,-152.2256,49.7866,-12.6220
852,-0.911682,-0.050232,1.902222,-152.1951,58.6281,-9.9085
853,-0.898254,-0.043274,1.899109,-151.7378,67.1037,-7.2561
854,-0.882080,-0.035156,1.893311,-150.7317,75.3049,-4.6341
855,-0.863342,-0.027893,1.887695,-147.8354,90.5488,0.4878
856,-0.842468,-0.022888,1.886230,-145.9146,97.8049,2.9878
857,-0.818909,-0.020813,1.883179,-143.8110,104.6646,5.4878
858,-0.793823,-0.022095,1.878052,-141.4329,111.0976,8.0793
859,-0.739929,-0.027466,1.862793,-138.8415,117.3171,10.7317
860,-0.712830,-0.032227,1.850891,-136.1890,123.1707,13.4451
861,-0.685730,-0.035950,1.838562,-133.0488,128.6281,16.2500
862,-0.658508,-0.040710,1.823120,-126.1890,138.3842,21.9817
863,-0.631714,-0.045471,1.806763,-122.4695,142.7134,25.0305
864,-0.605652,-0.049133,1.787903,-118.5061,146.5854,27.9878
865,-0.580383,-0.052185,1.768066,-114.3598,150.0610,31.0671
866,-0.532166,-0.057922,1.727295,-110.0305,153.3232,34.0244
867,-0.509399,-0.061646,1.704834,-105.5183,156.1281,37.1037
868,-0.488342,-0.066040,1.683105,-100.8841,158.5061,40.2134
869,-0.468506,-0.072205,1.660706,-91.2805,162.4695,46.2195
870,-0.449829,-0.078003,1.639160,-86.4634,163.9939,49.2988
871,-0.431091,-0.083496,1.618408,-81.5549,165.3354,52.4390
872,-0.414246,-0.089722,1.598755,-76.6768,166.4024,55.5183
873,-0.386780,-0.100159,1.560303,-71.7988,167.1342,58.7195
874,-0.374390,-0.106018,1.541260,-66.9512,167.7134,61.8902
875,-0.363525,-0.111877,1.523010,-62.2866,168.0793,64.9390
876,-0.354065,-0.118408,1.506348,-57.7439,168.2622,68.0183
877,-0.345093,-0.125305,1.489136,-49.2683,168.1098,73.9634
878,-0.336914,-0.130615,1.471069,-45.4268,167.8354,76.8293
879,-0.328796,-0.136230,1.454468,-41.6159,167.4695,79.7561
880,-0.320679,-0.147461,1.435852,-38.0488,166.9817,82.5305
881,-0.307556,-0.159973,1.405884,-34.6646,166.4329,85.1829
882,-0.299377,-0.162170,1.395325,-31.7073,165.6402,87.9268
883,-0.290344,-0.165710,1.401245,-28.8110,164.7561,90.5183
884,-0.284851,-0.161377,1.394775,-25.0915,163.0183,95.3354
885,-0.276428,-0.157410,1.381836,-24.7561,161.6159,97.5000
886,-0.267395,-0.149231,1.370422,-25.2439,160.6402,99.6341
887,-0.261047,-0.134155,1.352600,-25.9451,159.6037,101.4939
888,-0.241211,-0.112183,1.331055,-26.4634,158.7805,103.1402
889,-0.227234,-0.120361,1.313904,-27.0122,157.9878,104.6951
890,-0.212952,-0.143311,1.296692,-27.6524,157.0427,106.0976
891,-0.201233,-0.170349,1.277344,-29.2378,154.9695,109.1159
892,-0.192688,-0.200134,1.247681,-29.6341,153.9329,110.8232
893,-0.186462,-0.233826,1.213867,-29.2683,152.9573,112.8963
894,-0.183533,-0.267395,1.185547,-27.9878,151.9512,115.2439
895,-0.195984,-0.304443,1.149597,-25.8841,150.8232,117.4695
896,-0.208069,-0.305725,1.141357,-23.3841,149.6342,119.7561
897,-0.220520,-0.298706,1.143127,-20.6402,148.2927,122.0122
898,-0.233215,-0.284790,1.147339,-17.9878,146.9512,124.1768
899,-0.245728,-0.266785,1.155273,-13.4756,144.4817,127.9878
900,-0.257629,-0.248230,1.167664,-11.8293,143.3537,129.5732
901,-0.266541,-0.232544,1.179871,-10.5793,142.2866,130.9146
902,-0.270264,-0.220764,1.191406,-9.6341,141.4024,132.1951
903,-0.267090,-0.208069,1.214783,-8.9939,140.8537,133.3842
904,-0.261841,-0.209167,1.224548,-8.3841,140.3659,134.5427
905,-0.254700,-0.212952,1.232300,-8.0183,140.0000,135.6098
906,-0.245178,-0.217957,1.239868,-7.6524,139.8171,137.7439
907,-0.235107,-0.222534,1.246155,-7.4390,139.9695,138.8415
908,-0.226990,-0.224670,1.252197,-7.1341,140.2134,139.8171
909,-0.219238,-0.222229,1.259827,-6.7378,140.6098,140.7927
910,-0.197571,-0.216309,1.268311,-6.4329,141.2195,141.7378
911,-0.187500,-0.219177,1.274231,-6.1280,141.7683,142.4695
912,-0.188354,-0.189453,1.308289,-5.4268,142.7439,143.1098
913,-0.195496,-0.141235,1.341187,-5.0305,144.2683,144.1463
914,-0.202698,-0.107239,1.348328,-7.6220,144.9695,144.5122
915,-0.192871,-0.100037,1.345947,-11.5549,145.5488,144.6342
916,-0.174561,-0.115784,1.336670,-15.0915,146.4329,144.7256
917,-0.152466,-0.159668,1.276978,-17.2866,147.8659,144.7561
918,-0.141479,-0.189636,1.253418,-17.7134,149.2378,144.9390
919,-0.129028,-0.223633,1.241211,-16.5244,150.2744,145.2439
920,-0.117432,-0.255371,1.236694,-14.1768,151.2500,145.7012
921,-0.110352,-0.277222,1.238770,-6.5244,152.8354,147.1342
922,-0.109070,-0.284546,1.245605,-1.8902,153.6890,148.1098
923,-0.109924,-0.282288,1.259399,3.2012,154.3293,149.3293
924,-0.110657,-0.263611,1.279236,8.1098,154.9695,150.3354
925,-0.115967,-0.203064,1.329895,12.5915,155.3963,151.2195
926,-0.114197,-0.167236,1.353027,16.8598,155.5793,151.8902
927,-0.109802,-0.129395,1.381714,20.2744,156.0976,152.5000
928,-0.106140,-0.098511,1.410278,25.5793,156.7988,152.5305
929,-0.095032,-0.079834,1.422058,27.6220,157.4390,152.3476
930,-0.077698,-0.074280,1.437805,29.5122,158.0183,152.1342
931,-0.058899,-0.078674,1.448853,31.1280,158.5671,152.0122
932,-0.020203,-0.108887,1.454834,32.8659,159.1159,152.0427
933,-0.004028,-0.123901,1.458069,34.9085,159.6646,152.3476
934,0.008911,-0.135925,1.456299,37.1341,160.3963,152.8354
935,0.021484,-0.146301,1.456421,42.4390,161.1585,154.0854
936,0.031738,-0.152832,1.457031,45.2744,161.5549,154.9085
937,0.037781,-0.153931,1.454102,48.2927,161.7073,155.7012
938,0.041626,-0.149109,1.454102,51.4939,161.9817,156.5854
939,0.045837,-0.124939,1.457031,54.7256,162.0732,157.2866
940,0.048645,-0.109375,1.461060,57.9878,162.0732,157.8049
941,0.052490,-0.096680,1.468201,61.3720,162.0732,158.1098
942,0.058228,-0.086487,1.475952,64.6951,162.0732,158.3842
943,0.065552,-0.078003,1.483704,71.0671,161.9207,158.4146
944,0.074707,-0.070190,1.491882,74.1463,161.7988,158.2927
945,0.085938,-0.064087,1.500732,77.1646,161.7073,158.2012
946,0.097961,-0.059448,1.508911,80.0610,161.6159,158.0488
947,0.120117,-0.053345,1.516479,82.8659,161.4939,157.8354
948,0.130188,-0.052185,1.516296,85.5793,161.4329,157.6219
949,0.141846,-0.050415,1.514160,88.2622,161.2805,157.4085
950,0.154236,-0.047485,1.509460,93.6281,160.7317,156.8293
951,0.165833,-0.044617,1.503052,96.2195,160.3354,156.5549
952,0.179260,-0.042603,1.497620,98.7805,159.7866,156.0976
953,0.192627,-0.040649,1.489990,101.3415,159.0854,155.6098
954,0.217651,-0.033997,1.468262,103.8110,158.3232,155.0915
955,0.230164,-0.029968,1.457458,106.2195,157.5305,154.5427
956,0.244141,-0.027344,1.445557,108.5366,156.5854,153.8415
957,0.258179,-0.025330,1.431702,113.2927,154.3293,152.3781
958,0.271240,-0.026550,1.414490,115.5793,153.0793,151.4939
959,0.283997,-0.032654,1.396912,118.0183,151.6768,150.5488
960,0.296692,-0.035828,1.384399,120.8537,150.2134,149.7866
961,0.320129,-0.018372,1.362732,123.5671,148.6585,148.8719
962,0.330811,-0.007751,1.350037,125.9756,146.8902,147.8659
963,0.341736,-0.000610,1.336365,127.9268,145.1524,146.6159
964,0.354736,0.004150,1.320068,129.7866,143.2012,145.2744
965,0.369019,0.005066,1.301392,133.6585,139.4207,142.2256
966,0.382996,0.002869,1.280884,135.7622,137.4390,140.7012
967,0.396545,-0.000854,1.259399,138.1402,135.3354,139.0549
968,0.410522,-0.004578,1.237427,140.5793,133.1707,137.3171
969,0.439209,-0.007202,1.197327,143.3842,130.8232,135.6402
970,0.450073,-0.005127,1.178894,146.4024,128.4756,133.9329
971,0.459900,-0.002625,1.160889,149.4817,126.0671,132.1342
972,0.468323,0.001892,1.143494,155.8537,121.1585,128.3232
973,0.474792,0.007751,1.128540,159.1768,118.6585,126.4329
974,0.479431,0.013245,1.116882,162.4390,116.0976,124.2378
975,0.483093,0.018188,1.105896,165.5183,113.4146,121.8598
976,0.489868,0.028259,1.085632,168.5976,110.6402,119.2988
977,0.492554,0.032471,1.077820,171.3110,107.7439,116.5549
978,0.495850,0.034912,1.068726,173.7195,104.8476,113.5976
979,0.501343,0.034241,1.058594,178.0488,98.9634,106.9817
980,0.508301,0.028992,1.048340,179.8781,95.9451,103.3841
981,0.517090,0.022034,1.038696,181.6463,92.9878,99.7256
982,0.526001,0.017700,1.028015,183.1402,89.9695,95.8537
983,0.543396,0.005920,0.999573,184.5122,86.9207,91.7988
984,0.554626,-0.000305,0.983704,185.6402,83.8110,87.4695
985,0.563965,-0.004883,0.965820,186.6768,80.6707,82.9573
986,0.572021,-0.009705,0.946899,187.7134,77.4695,78.2317
987,0.578491,-0.013611,0.925842,189.6646,70.7927,68.2622
988,0.583557,-0.016418,0.904175,190.4573,67.3476,62.8659
989,0.587646,-0.018738,0.880859,191.2500,63.8415,57.3781
990,0.590698,-0.020142,0.855591,191.9207,60.2134,51.6159
991,0.596924,-0.020691,0.798767,192.6525,56.5244,45.7317
992,0.599609,-0.021301,0.769409,193.2012,52.8659,39.5732
993,0.602905,-0.022766,0.739258,193.5671,49.0549,33.2622
994,0.607910,-0.025269,0.707947,193.8110,41.1890,20.3049
995,0.613281,-0.029419,0.676636,193.7195,37.1341,13.7195
996,0.618835,-0.033386,0.646179,193.4756,33.0488,7.2866
997,0.622681,-0.036865,0.614868,192.8963,28.8110,0.7012
998,0.628418,-0.039917,0.556396,192.1646,24.4512,-5.8232
999,0.635803,-0.044067,0.532593,191.0366,19.9695,-12.4695
1000,0.650940,-0.051025,0.509338,189.6646,15.4878,-18.9634
1001,0.670288,-0.059448,0.484375,185.7622,6.2195,-31.7378
1002,0.689575,-0.073120,0.464355,183.5061,1.4329,-38.0793
1003,0.708618,-0.089661,0.443604,180.7927,-3.4451,-44.1463
1004,0.724365,-0.104980,0.410522,177.7439,-8.3841,-50.0610
1005,0.745178,-0.135620,0.356506,174.3598,-13.4756,-55.7927
1006,0.753113,-0.147888,0.323792,170.5183,-18.6890,-61.3720
1007,0.760376,-0.157654,0.294678,166.4939,-23.9634,-66.7988
1008,0.765564,-0.165894,0.268799,162.5000,-29.6646,-72.2866
1009,0.769043,-0.171936,0.244751,154.7561,-41.3720,-82.7134
1010,0.772400,-0.175842,0.225525,150.9451,-47.3476,-87.8963
1011,0.773560,-0.179749,0.209778,147.1342,-53.4451,-93.0488
1012,0.773254,-0.187256,0.192871,143.2317,-59.6951,-98.1098
1013,0.761353,-0.204102,0.177002,139.5122,-66.1281,-102.9268
1014,0.751221,-0.201233,0.167419,135.4268,-72.6220,-107.4390
1015,0.740051,-0.194824,0.166748,131.0366,-79.2378,-111.7378
1016,0.728088,-0.188110,0.164429,121.1890,-92.7134,-120.0305
1017,0.715393,-0.182190,0.157288,116.1585,-99.6341,-124.1768
1018,0.701538,-0.178589,0.147278,110.7927,-106.5244,-128.2012
1019,0.686951,-0.180969,0.136536,105.5488,-113.3841,-132.1951
1020,0.654907,-0.209167,0.124084,100.7927,-120.3963,-136.0671
1021,0.632751,-0.252258,0.113342,96.4024,-127.2256,-139.7866
1022,0.610657,-0.299133,0.100281,92.3171,-134.7256,-143.0183
1023,0.591064,-0.320557,0.104797,84.4207,-148.9634,-146.6768
#end raw
#begin stats
axis,data,min,max,mean,median,mode,mode_count,variance,std
ax,raw,-1.067627,0.773560,-0.011312,0.039429,0.222595,3,0.161709,0.402130
ax,zscore,-2.626799,1.951786,-0.000000,0.126180,0.581671,3,1.000000,1.000000
ay,raw,-0.451782,0.181030,-0.120404,-0.122314,-0.084045,3,0.012854,0.113374
ay,zscore,-2.922868,2.658755,-0.000000,-0.016850,0.320696,3,1.000000,1.000000
az,raw,-0.255493,1.937561,1.101073,1.252502,1.179871,2,0.208704,0.456841
az,zscore,-2.969449,1.831027,-0.000000,0.331471,0.172484,2,1.000000,1.000000
gx,raw,-163.140244,193.810974,-0.383301,-6.326220,60.182930,3,6688.789062,81.785019
gx,zscore,-1.990058,2.374448,-0.000000,-0.072665,0.740554,3,1.000000,1.000000
gy,raw,-754.176819,666.493896,39.385986,112.865860,162.073181,4,159916.875000,399.896088
gy,zscore,-1.984423,1.568177,0.000000,0.183747,0.306798,4,1.000000,1.000000
gz,raw,-180.518295,179.207321,15.564352,26.173782,-98.109756,3,8801.597656,93.816833
gz,zscore,-2.090058,1.744282,0.000000,0.113087,-1.211660,3,1.000000,1.000000
#end stats
#begin quantization
axis,bits,snr_db,rmse,max_abs_err,clips,delta,theory_rmse,theory_max_err,theory_snr_db
ax,16,93.22,8.799e-06,1.526e-05,0,3.052e-05,8.810e-06,1.524e-05,93.21
ax,8,44.96,2.277e-03,3.906e-03,0,7.812e-03,2.255e-03,3.902e-03,45.05
ax,4,21.14,3.535e-02,6.249e-02,0,1.250e-01,3.608e-02,6.244e-02,20.96
ay,16,91.23,8.680e-06,1.509e-05,0,3.052e-05,8.810e-06,1.524e-05,91.10
ay,8,42.86,2.274e-03,3.906e-03,0,7.812e-03,2.255e-03,3.902e-03,42.93
ay,4,18.98,3.554e-02,6.245e-02,0,1.250e-01,3.608e-02,6.244e-02,18.85
az,16,93.69,8.673e-06,1.526e-05,0,3.052e-05,8.810e-06,1.524e-05,93.55
az,8,45.49,2.229e-03,3.904e-03,0,7.812e-03,2.255e-03,3.902e-03,45.39
az,4,21.29,3.615e-02,6.246e-02,0,1.250e-01,3.608e-02,6.244e-02,21.30
gx,16,93.42,8.709e-06,1.526e-05,0,3.052e-05,8.810e-06,1.524e-05,93.32
gx,8,45.09,2.271e-03,3.902e-03,0,7.812e-03,2.255e-03,3.902e-03,45.15
gx,4,21.10,3.595e-02,6.244e-02,0,1.250e-01,3.608e-02,6.244e-02,21.07
gy,16,94.89,9.060e-06,1.526e-05,0,3.052e-05,8.810e-06,1.524e-05,95.13
gy,8,46.77,2.306e-03,3.904e-03,0,7.812e-03,2.255e-03,3.902e-03,46.97
gy,4,23.48,3.371e-02,6.247e-02,0,1.250e-01,3.608e-02,6.244e-02,22.88
gz,16,94.45,8.773e-06,1.524e-05,0,3.052e-05,8.810e-06,1.524e-05,94.41
gz,8,46.17,2.276e-03,3.904e-03,0,7.812e-03,2.255e-03,3.902e-03,46.25
gz,4,22.16,3.611e-02,6.244e-02,0,1.250e-01,3.608e-02,6.244e-02,22.16
#end quantization
#begin quant_samples
i,ax_in,ax_q16,ax_q8,ax_q4
0,0.5811095,0.5811157,0.5781250,0.6250000
1,0.5746121,0.5746155,0.5781250,0.6250000
2,0.5692170,0.5692139,0.5703125,0.6250000
3,0.5624875,0.5625000,0.5625000,0.5000000
4,0.5565124,0.5565186,0.5546875,0.5000000
5,0.5510591,0.5510559,0.5546875,0.5000000
6,0.5457799,0.5457764,0.5468750,0.5000000
7,0.5410230,0.5410156,0.5390625,0.5000000
8,0.5365560,0.5365601,0.5390625,0.5000000
9,0.5270420,0.5270386,0.5234375,0.5000000
10,0.5221110,0.5221252,0.5234375,0.5000000
11,0.5160777,0.5160828,0.5156250,0.5000000
12,0.5094643,0.5094604,0.5078125,0.5000000
13,0.5021548,0.5021667,0.5000000,0.5000000
14,0.4946132,0.4945984,0.4921875,0.5000000
15,0.4866654,0.4866638,0.4843750,0.5000000
16,0.4690297,0.4690247,0.4687500,0.5000000
17,0.4578333,0.4578247,0.4609375,0.5000000
18,0.4460568,0.4460449,0.4453125,0.5000000
19,0.4351504,0.4351501,0.4375000,0.3750000
20,0.4248824,0.4248962,0.4218750,0.3750000
21,0.4148462,0.4148560,0.4140625,0.3750000
22,0.4034177,0.4034119,0.4062500,0.3750000
23,0.3780084,0.3780212,0.3750000,0.3750000
24,0.3642594,0.3642578,0.3671875,0.3750000
25,0.3528890,0.3528748,0.3515625,0.3750000
26,0.3441872,0.3441772,0.3437500,0.3750000
27,0.3354273,0.3354187,0.3359375,0.3750000
28,0.3273636,0.3273621,0.3281250,0.3750000
29,0.3192999,0.3193054,0.3203125,0.3750000
30,0.3107141,0.3106995,0.3125000,0.2500000
31,0.2971972,0.2972107,0.2968750,0.2500000
32,0.2887854,0.2887878,0.2890625,0.2500000
33,0.2756746,0.2756653,0.2734375,0.2500000
34,0.2582129,0.2582092,0.2578125,0.2500000
35,0.2388367,0.2388306,0.2421875,0.2500000
36,0.2203889,0.2203979,0.2187500,0.2500000
37,0.2047256,0.2047119,0.2031250,0.2500000
38,0.1819847,0.1819763,0.1796875,0.1250000
39,0.1714844,0.1714783,0.1718750,0.1250000
40,0.1623185,0.1623230,0.1640625,0.1250000
41,0.1552410,0.1552429,0.1562500,0.1250000
42,0.1490917,0.1490784,0.1484375,0.1250000
43,0.1448568,0.1448669,0.1484375,0.1250000
44,0.1421883,0.1421814,0.1406250,0.1250000
45,0.1410279,0.1410217,0.1406250,0.1250000
46,0.1416081,0.1416016,0.1406250,0.1250000
47,0.1409699,0.1409607,0.1406250,0.1250000
48,0.1385915,0.1385803,0.1406250,0.1250000
49,0.1352847,0.1352844,0.1328125,0.1250000
50,0.1323261,0.1323242,0.1328125,0.1250000
51,0.1289034,0.1289062,0.1250000,0.1250000
52,0.1197375,0.1197510,0.1171875,0.1250000
53,0.1131820,0.1131897,0.1093750,0.1250000
54,0.1052344,0.1052246,0.1015625,0.1250000
55,0.0956043,0.0956116,0.0937500,0.1250000
56,0.0849301,0.0849304,0.0859375,0.1250000
57,0.0736756,0.0736694,0.0703125,0.1250000
58,0.0621892,0.0621948,0.0625000,0.0000000
59,0.0491364,0.0491333,0.0468750,0.0000000
60,0.0175197,0.0175171,0.0156250,0.0000000
61,0.0012763,0.0012817,0.0000000,0.0000000
62,-0.0151412,-0.0151367,-0.0156250,0.0000000
63,-0.0322548,-0.0322571,-0.0312500,0.0000000
64,-0.0479762,-0.0479736,-0.0468750,0.0000000
65,-0.0625953,-0.0625916,-0.0625000,-0.1250000
66,-0.0770404,-0.0770264,-0.0781250,-0.1250000
67,-0.1041322,-0.1041260,-0.1015625,-0.1250000
68,-0.1157346,-0.1157227,-0.1171875,-0.1250000
69,-0.1240303,-0.1240234,-0.1250000,-0.1250000
70,-0.1305277,-0.1305237,-0.1328125,-0.1250000
71,-0.1360389,-0.1360474,-0.1328125,-0.1250000
72,-0.1407959,-0.1408081,-0.1406250,-0.1250000
73,-0.1474093,-0.1473999,-0.1484375,-0.1250000
74,-0.1620864,-0.1620789,-0.1640625,-0.1250000
75,-0.1645230,-0.1645203,-0.1640625,-0.1250000
76,-0.1693960,-0.1694031,-0.1718750,-0.1250000
77,-0.1756614,-0.1756592,-0.1718750,-0.1250000
78,-0.1793161,-0.1793213,-0.1796875,-0.1250000
79,-0.1805344,-0.1805420,-0.1796875,-0.1250000
80,-0.1787940,-0.1788025,-0.1796875,-0.1250000
81,-0.1751392,-0.1751404,-0.1718750,-0.1250000
82,-0.1679457,-0.1679382,-0.1640625,-0.1250000
83,-0.1613903,-0.1613770,-0.1640625,-0.1250000
84,-0.1490917,-0.1490784,-0.1484375,-0.1250000
85,-0.1347627,-0.1347656,-0.1328125,-0.1250000
86,-0.1184032,-0.1184082,-0.1171875,-0.1250000
87,-0.1038421,-0.1038513,-0.1015625,-0.1250000
88,-0.0916595,-0.0916443,-0.0937500,-0.1250000
89,-0.0563880,-0.0563965,-0.0546875,0.0000000
90,-0.0371859,-0.0372009,-0.0390625,0.0000000
91,-0.0205944,-0.0205994,-0.0234375,0.0000000
92,-0.0046990,-0.0046997,-0.0078125,0.0000000
93,0.0100361,0.0100403,0.0078125,0.0000000
94,0.0238431,0.0238342,0.0234375,0.0000000
95,0.0371279,0.0371399,0.0390625,0.0000000
96,0.0599848,0.0599976,0.0625000,0.0000000
97,0.0699049,0.0699158,0.0703125,0.1250000
98,0.0778526,0.0778503,0.0781250,0.1250000
99,0.0845240,0.0845337,0.0859375,0.1250000
100,0.0909634,0.0909729,0.0937500,0.1250000
101,0.0957203,0.0957336,0.0937500,0.1250000
102,0.0987950,0.0987854,0.1015625,0.1250000
103,0.1022177,0.1022034,0.1015625,0.1250000
104,0.1114417,0.1114502,0.1093750,0.1250000
105,0.1164887,0.1164856,0.1171875,0.1250000
106,0.1220579,0.1220703,0.1250000,0.1250000
107,0.1293675,0.1293640,0.1328125,0.1250000
108,0.1374893,0.1374817,0.1406250,0.1250000
109,0.1461911,0.1461792,0.1484375,0.1250000
110,0.1565173,0.1565247,0.1562500,0.1250000
111,0.1773437,0.1773376,0.1796875,0.1250000
112,0.1877279,0.1877136,0.1875000,0.2500000
113,0.1999685,0.1999817,0.2031250,0.2500000
114,0.2132534,0.2132568,0.2109375,0.2500000
115,0.2254939,0.2254944,0.2265625,0.2500000
116,0.2355300,0.2355347,0.2343750,0.2500000
117,0.2446380,0.2446289,0.2421875,0.2500000
118,0.2591991,0.2591858,0.2578125,0.2500000
119,0.2685971,0.2685852,0.2656250,0.2500000
120,0.2769509,0.2769470,0.2734375,0.2500000
121,0.2854206,0.2854309,0.2890625,0.2500000
122,0.2938325,0.2938232,0.2968750,0.2500000
123,0.3031724,0.3031616,0.3046875,0.2500000
124,0.3133826,0.3133850,0.3125000,0.3750000
125,0.3225486,0.3225403,0.3203125,0.3750000
126,0.3405324,0.3405457,0.3437500,0.3750000
127,0.3484801,0.3484802,0.3515625,0.3750000
128,0.3557896,0.3558044,0.3593750,0.3750000
129,0.3637373,0.3637390,0.3671875,0.3750000
130,0.3712209,0.3712158,0.3750000,0.3750000
131,0.3793426,0.3793335,0.3828125,0.3750000
132,0.3856080,0.3856201,0.3828125,0.3750000
133,0.3958762,0.3958740,0.3984375,0.3750000
134,0.4007492,0.4007568,0.3984375,0.3750000
135,0.4055642,0.4055786,0.4062500,0.3750000
136,0.4088129,0.4088135,0.4062500,0.3750000
137,0.4092770,0.4092712,0.4062500,0.3750000
138,0.4077686,0.4077759,0.4062500,0.3750000
139,0.4041139,0.4041138,0.4062500,0.3750000
140,0.3948899,0.3948975,0.3984375,0.3750000
141,0.3901330,0.3901367,0.3906250,0.3750000
142,0.3843898,0.3843994,0.3828125,0.3750000
143,0.3765001,0.3764954,0.3750000,0.3750000
144,0.3670440,0.3670349,0.3671875,0.3750000
145,0.3577041,0.3576965,0.3593750,0.3750000
146,0.3487702,0.3487854,0.3515625,0.3750000
147,0.3403584,0.3403625,0.3437500,0.3750000
148,0.3222585,0.3222656,0.3203125,0.3750000
149,0.3100179,0.3100281,0.3125000,0.2500000
150,0.2987635,0.2987671,0.2968750,0.2500000
151,0.2886694,0.2886658,0.2890625,0.2500000
152,0.2772990,0.2773132,0.2734375,0.2500000
153,0.2648264,0.2648315,0.2656250,0.2500000
154,0.2520636,0.2520752,0.2500000,0.2500000
155,0.2248558,0.2248535,0.2265625,0.2500000
156,0.2092505,0.2092590,0.2109375,0.2500000
157,0.1931231,0.1931152,0.1953125,0.2500000
158,0.1754873,0.1754761,0.1718750,0.1250000
159,0.1575035,0.1575012,0.1562500,0.1250000
160,0.1409699,0.1409607,0.1406250,0.1250000
161,0.1251326,0.1251221,0.1250000,0.1250000
162,0.0946181,0.0946045,0.0937500,0.1250000
163,0.0806952,0.0806885,0.0781250,0.1250000
164,0.0670042,0.0670166,0.0703125,0.1250000
165,0.0548216,0.0548096,0.0546875,0.0000000
166,0.0450176,0.0450134,0.0468750,0.0000000
167,0.0354456,0.0354309,0.0390625,0.0000000
168,0.0271497,0.0271606,0.0234375,0.0000000
169,0.0208845,0.0208740,0.0234375,0.0000000
170,0.0124146,0.0124207,0.0156250,0.0000000
171,0.0121826,0.0121765,0.0156250,0.0000000
172,0.0151993,0.0151978,0.0156250,0.0000000
173,0.0194342,0.0194397,0.0156250,0.0000000
174,0.0253514,0.0253601,0.0234375,0.0000000
175,0.0330090,0.0330200,0.0312500,0.0000000
176,0.0393904,0.0393982,0.0390625,0.0000000
177,0.0544736,0.0544739,0.0546875,0.0000000
178,0.0626533,0.0626526,0.0625000,0.1250000
179,0.0728055,0.0728149,0.0703125,0.1250000
180,0.0838858,0.0838928,0.0859375,0.1250000
181,0.0944441,0.0944519,0.0937500,0.1250000
182,0.1040161,0.1040039,0.1015625,0.1250000
183,0.1168949,0.1168823,0.1171875,0.1250000
184,0.1495557,0.1495667,0.1484375,0.1250000
185,0.1595920,0.1596069,0.1562500,0.1250000
186,0.1657992,0.1658020,0.1640625,0.1250000
187,0.1743850,0.1743774,0.1718750,0.1250000
188,0.1860455,0.1860352,0.1875000,0.1250000
189,0.1981701,0.1981812,0.1953125,0.2500000
190,0.2130793,0.2130737,0.2109375,0.2500000
191,0.2323974,0.2323914,0.2343750,0.2500000
192,0.2812438,0.2812500,0.2812500,0.2500000
193,0.3072913,0.3072815,0.3046875,0.2500000
194,0.3343251,0.3343201,0.3359375,0.3750000
195,0.3620550,0.3620605,0.3593750,0.3750000
196,0.3877544,0.3877563,0.3906250,0.3750000
197,0.4114235,0.4114380,0.4140625,0.3750000
198,0.4338742,0.4338684,0.4375000,0.3750000
199,0.4735546,0.4735413,0.4765625,0.5000000
200,0.4944391,0.4944458,0.4921875,0.5000000
201,0.5123069,0.5122986,0.5156250,0.5000000
202,0.5271580,0.5271606,0.5234375,0.5000000
203,0.5390506,0.5390625,0.5390625,0.5000000
204,0.5499569,0.5499573,0.5468750,0.5000000
205,0.5608633,0.5608521,0.5625000,0.5000000
206,0.5754243,0.5754395,0.5781250,0.6250000
207,0.5823858,0.5823975,0.5859375,0.6250000
208,0.5874909,0.5874939,0.5859375,0.6250000
209,0.5895213,0.5895081,0.5859375,0.6250000
210,0.5903335,0.5903320,0.5937500,0.6250000
211,0.5903335,0.5903320,0.5937500,0.6250000
212,0.5891732,0.5891724,0.5859375,0.6250000
213,0.5871428,0.5871277,0.5859375,0.6250000
214,0.5773967,0.5773926,0.5781250,0.6250000
215,0.5704933,0.5704956,0.5703125,0.6250000
216,0.5639378,0.5639343,0.5625000,0.6250000
217,0.5584847,0.5584717,0.5546875,0.5000000
218,0.5550621,0.5550537,0.5546875,0.5000000
219,0.5522195,0.5522156,0.5546875,0.5000000
220,0.5493768,0.5493774,0.5468750,0.5000000
221,0.5359759,0.5359802,0.5390625,0.5000000
222,0.5247215,0.5247192,0.5234375,0.5000000
223,0.5134091,0.5133972,0.5156250,0.5000000
224,0.5006465,0.5006409,0.5000000,0.5000000
225,0.4833007,0.4833069,0.4843750,0.5000000
226,0.4615462,0.4615479,0.4609375,0.5000000
227,0.4357306,0.4357300,0.4375000,0.3750000
228,0.3857239,0.3857117,0.3828125,0.3750000
229,0.3671600,0.3671570,0.3671875,0.3750000
230,0.3513227,0.3513184,0.3515625,0.3750000
231,0.3343831,0.3343811,0.3359375,0.3750000
232,0.3166313,0.3166199,0.3203125,0.3750000
233,0.2975453,0.2975464,0.2968750,0.2500000
234,0.2784012,0.2784119,0.2812500,0.2500000
235,0.2597212,0.2597351,0.2578125,0.2500000
236,0.2194027,0.2193909,0.2187500,0.2500000
237,0.2010707,0.2010803,0.2031250,0.2500000
238,0.1832609,0.1832581,0.1796875,0.1250000
239,0.1670175,0.1670227,0.1640625,0.1250000
240,0.1519923,0.1519775,0.1484375,0.1250000
241,0.1371992,0.1372070,0.1406250,0.1250000
242,0.1224060,0.1224060,0.1250000,0.1250000
243,0.0981569,0.0981445,0.1015625,0.1250000
244,0.0888749,0.0888672,0.0859375,0.1250000
245,0.0808112,0.0808105,0.0781250,0.1250000
246,0.0732696,0.0732727,0.0703125,0.1250000
247,0.0649738,0.0649719,0.0625000,0.1250000
248,0.0584184,0.0584106,0.0546875,0.0000000
249,0.0537774,0.0537720,0.0546875,0.0000000
250,0.0484983,0.0484924,0.0468750,0.0000000
251,0.0455977,0.0455933,0.0468750,0.0000000
252,0.0425231,0.0425110,0.0390625,0.0000000
253,0.0389843,0.0389709,0.0390625,0.0000000
254,0.0353295,0.0353394,0.0390625,0.0000000
255,0.0327770,0.0327759,0.0312500,0.0000000
256,0.0301084,0.0301208,0.0312500,0.0000000
257,0.0269758,0.0269775,0.0234375,0.0000000
258,0.0217546,0.0217590,0.0234375,0.0000000
259,0.0185639,0.0185547,0.0156250,0.0000000
260,0.0147351,0.0147400,0.0156250,0.0000000
261,0.0120086,0.0119934,0.0156250,0.0000000
262,0.0117185,0.0117188,0.0078125,0.0000000
263,0.0129367,0.0129395,0.0156250,0.0000000
264,0.0147932,0.0148010,0.0156250,0.0000000
265,0.0221027,0.0220947,0.0234375,0.0000000
266,0.0278459,0.0278320,0.0312500,0.0000000
267,0.0353875,0.0354004,0.0390625,0.0000000
268,0.0456557,0.0456543,0.0468750,0.0000000
269,0.0585345,0.0585327,0.0546875,0.0000000
270,0.0711231,0.0711365,0.0703125,0.1250000
271,0.0837118,0.0837097,0.0859375,0.1250000
272,0.1142263,0.1142273,0.1171875,0.1250000
273,0.1323261,0.1323242,0.1328125,0.1250000
274,0.1525724,0.1525574,0.1562500,0.1250000
275,0.1743270,0.1743164,0.1718750,0.1250000
276,0.1967778,0.1967773,0.1953125,0.2500000
277,0.2184744,0.2184753,0.2187500,0.2500000
278,0.2391268,0.2391357,0.2421875,0.2500000
279,0.2603014,0.2603149,0.2578125,0.2500000
280,0.3032305,0.3032227,0.3046875,0.2500000
281,0.3233607,0.3233643,0.3203125,0.3750000
282,0.3429689,0.3429565,0.3437500,0.3750000
283,0.3642014,0.3641968,0.3671875,0.3750000
284,0.3862461,0.3862610,0.3828125,0.3750000
285,0.4087549,0.4087524,0.4062500,0.3750000
286,0.4326559,0.4326477,0.4296875,0.3750000
287,0.4827786,0.4827881,0.4843750,0.5000000
288,0.5085942,0.5086060,0.5078125,0.5000000
289,0.5338875,0.5338745,0.5312500,0.5000000
290,0.5580786,0.5580750,0.5546875,0.5000000
291,0.5811095,0.5811157,0.5781250,0.6250000
292,0.6033862,0.6033936,0.6015625,0.6250000
293,0.6229364,0.6229248,0.6250000,0.6250000
294,0.6556553,0.6556702,0.6562500,0.6250000
295,0.6707966,0.6708069,0.6718750,0.6250000
296,0.6848356,0.6848450,0.6875000,0.6250000
297,0.6962060,0.6961975,0.6953125,0.7500000
298,0.7065321,0.7065430,0.7031250,0.7500000
299,0.7163943,0.7164001,0.7187500,0.7500000
300,0.7263724,0.7263794,0.7265625,0.7500000
301,0.7360024,0.7359924,0.7343750,0.7500000
302,0.7500415,0.7500305,0.7500000,0.7500000
303,0.7541603,0.7541504,0.7578125,0.7500000
304,0.7553206,0.7553101,0.7578125,0.7500000
305,0.7539283,0.7539368,0.7578125,0.7500000
306,0.7496354,0.7496338,0.7500000,0.7500000
307,0.7427899,0.7427979,0.7421875,0.7500000
308,0.7338560,0.7338562,0.7343750,0.7500000
309,0.7088527,0.7088623,0.7109375,0.7500000
310,0.6931314,0.6931458,0.6953125,0.7500000
311,0.6743934,0.6744080,0.6718750,0.6250000
312,0.6550173,0.6550293,0.6562500,0.6250000
313,0.6362793,0.6362915,0.6328125,0.6250000
314,0.6172512,0.6172485,0.6171875,0.6250000
315,0.5987452,0.5987549,0.6015625,0.6250000
316,0.5628356,0.5628357,0.5625000,0.6250000
317,0.5461280,0.5461426,0.5468750,0.5000000
318,0.5306968,0.5307007,0.5312500,0.5000000
319,0.5153816,0.5153809,0.5156250,0.5000000
320,0.5004144,0.5004272,0.5000000,0.5000000
321,0.4862593,0.4862671,0.4843750,0.5000000
322,0.4722784,0.4722900,0.4687500,0.5000000
323,0.4590516,0.4590454,0.4609375,0.5000000
324,0.4356726,0.4356689,0.4375000,0.3750000
325,0.4232000,0.4231873,0.4218750,0.3750000
326,0.4106112,0.4106140,0.4140625,0.3750000
327,0.3989508,0.3989563,0.3984375,0.3750000
328,0.3864201,0.3864136,0.3828125,0.3750000
329,0.3741215,0.3741150,0.3750000,0.3750000
330,0.3628091,0.3628235,0.3593750,0.3750000
331,0.3393721,0.3393860,0.3359375,0.3750000
332,0.3277116,0.3276978,0.3281250,0.3750000
333,0.3152390,0.3152466,0.3125000,0.3750000
334,0.3049128,0.3049011,0.3046875,0.2500000
335,0.2951668,0.2951660,0.2968750,0.2500000
336,0.2841444,0.2841492,0.2812500,0.2500000
337,0.2731801,0.2731934,0.2734375,0.2500000
338,0.2546161,0.2546082,0.2578125,0.2500000
339,0.2439999,0.2439880,0.2421875,0.2500000
340,0.2330935,0.2330933,0.2343750,0.2500000
341,0.2252619,0.2252502,0.2265625,0.2500000
342,0.2213170,0.2213135,0.2187500,0.2500000
343,0.2187065,0.2187195,0.2187500,0.2500000
344,0.2140075,0.2140198,0.2109375,0.2500000
345,0.2064658,0.2064514,0.2031250,0.2500000
346,0.1880180,0.1880188,0.1875000,0.2500000
347,0.1776337,0.1776428,0.1796875,0.1250000
348,0.1653352,0.1653442,0.1640625,0.1250000
349,0.1504840,0.1504822,0.1484375,0.1250000
350,0.1359229,0.1359253,0.1328125,0.1250000
351,0.1260608,0.1260681,0.1250000,0.1250000
352,0.1203175,0.1203308,0.1171875,0.1250000
353,0.1095273,0.1095276,0.1093750,0.1250000
354,0.1030879,0.1030884,0.1015625,0.1250000
355,0.0949662,0.0949707,0.0937500,0.1250000
356,0.0846400,0.0846252,0.0859375,0.1250000
357,0.0711811,0.0711670,0.0703125,0.1250000
358,0.0542996,0.0542908,0.0546875,0.0000000
359,0.0382301,0.0382385,0.0390625,0.0000000
360,0.0138070,0.0137939,0.0156250,0.0000000
361,0.0013923,0.0014038,0.0000000,0.0000000
362,-0.0097461,-0.0097351,-0.0078125,0.0000000
363,-0.0201883,-0.0202026,-0.0234375,0.0000000
364,-0.0299343,-0.0299377,-0.0312500,0.0000000
365,-0.0385782,-0.0385742,-0.0390625,0.0000000
366,-0.0443795,-0.0443726,-0.0468750,0.0000000
367,-0.0483243,-0.0483093,-0.0468750,0.0000000
368,-0.0552278,-0.0552368,-0.0546875,0.0000000
369,-0.0540675,-0.0540771,-0.0546875,0.0000000
370,-0.0506448,-0.0506592,-0.0468750,0.0000000
371,-0.0451336,-0.0451355,-0.0468750,0.0000000
372,-0.0392744,-0.0392761,-0.0390625,0.0000000
373,-0.0337632,-0.0337524,-0.0312500,0.0000000
374,-0.0292382,-0.0292358,-0.0312500,0.0000000
375,-0.0253514,-0.0253601,-0.0234375,0.0000000
376,-0.0248293,-0.0248413,-0.0234375,0.0000000
377,-0.0258155,-0.0258179,-0.0234375,0.0000000
378,-0.0274979,-0.0274963,-0.0312500,0.0000000
379,-0.0273238,-0.0273132,-0.0234375,0.0000000
380,-0.0281360,-0.0281372,-0.0312500,0.0000000
381,-0.0259315,-0.0259399,-0.0234375,0.0000000
382,-0.0290062,-0.0289917,-0.0312500,0.0000000
383,-0.0236110,-0.0236206,-0.0234375,0.0000000
384,-0.0111964,-0.0112000,-0.0078125,0.0000000
385,0.0048151,0.0048218,0.0078125,0.0000000
386,0.0236110,0.0236206,0.0234375,0.0000000
387,0.0436833,0.0436707,0.0468750,0.0000000
388,0.0639876,0.0639954,0.0625000,0.1250000
389,0.0826095,0.0826111,0.0859375,0.1250000
390,0.1155606,0.1155701,0.1171875,0.1250000
391,0.1267569,0.1267700,0.1250000,0.1250000
392,0.1325582,0.1325684,0.1328125,0.1250000
393,0.1342405,0.1342468,0.1328125,0.1250000
394,0.1352267,0.1352234,0.1328125,0.1250000
395,0.1368511,0.1368408,0.1406250,0.1250000
396,0.1400418,0.1400452,0.1406250,0.1250000
397,0.1495557,0.1495667,0.1484375,0.1250000
398,0.1572714,0.1572571,0.1562500,0.1250000
399,0.1671915,0.1672058,0.1640625,0.1250000
400,0.1779238,0.1779175,0.1796875,0.1250000
401,0.1877279,0.1877136,0.1875000,0.2500000
402,0.1988083,0.1988220,0.1953125,0.2500000
403,0.2105268,0.2105408,0.2109375,0.2500000
404,0.2311212,0.2311096,0.2343750,0.2500000
405,0.2428396,0.2428284,0.2421875,0.2500000
406,0.2543260,0.2543335,0.2578125,0.2500000
407,0.2650583,0.2650452,0.2656250,0.2500000
408,0.2753845,0.2753906,0.2734375,0.2500000
409,0.2846085,0.2846069,0.2812500,0.2500000
410,0.2929623,0.2929688,0.2890625,0.2500000
411,0.2999817,0.2999878,0.2968750,0.2500000
412,0.3157032,0.3157043,0.3125000,0.3750000
413,0.3231286,0.3231201,0.3203125,0.3750000
414,0.3306122,0.3306274,0.3281250,0.3750000
415,0.3362975,0.3363037,0.3359375,0.3750000
416,0.3423888,0.3423767,0.3437500,0.3750000
417,0.3479579,0.3479614,0.3515625,0.3750000
418,0.3521928,0.3522034,0.3515625,0.3750000
419,0.3561957,0.3562012,0.3593750,0.3750000
420,0.3560797,0.3560791,0.3593750,0.3750000
421,0.3539912,0.3540039,0.3515625,0.3750000
422,0.3508585,0.3508606,0.3515625,0.3750000
423,0.3473779,0.3473816,0.3437500,0.3750000
424,0.3441872,0.3441772,0.3437500,0.3750000
425,0.3406484,0.3406372,0.3437500,0.3750000
426,0.3347892,0.3347778,0.3359375,0.3750000
427,0.3348472,0.3348389,0.3359375,0.3750000
428,0.3340930,0.3341064,0.3359375,0.3750000
429,0.3351952,0.3352051,0.3359375,0.3750000
430,0.3402424,0.3402405,0.3437500,0.3750000
431,0.3472038,0.3471985,0.3437500,0.3750000
432,0.3545714,0.3545837,0.3515625,0.3750000
433,0.3630412,0.3630371,0.3593750,0.3750000
434,0.3781824,0.3781738,0.3750000,0.3750000
435,0.3856080,0.3856201,0.3828125,0.3750000
436,0.3923954,0.3923950,0.3906250,0.3750000
437,0.3973845,0.3973694,0.3984375,0.3750000
438,0.4019674,0.4019775,0.3984375,0.3750000
439,0.4068985,0.4068909,0.4062500,0.3750000
440,0.4089870,0.4089966,0.4062500,0.3750000
441,0.4115975,0.4115906,0.4140625,0.3750000
442,0.4136279,0.4136353,0.4140625,0.3750000
443,0.4135119,0.4135132,0.4140625,0.3750000
444,0.4104373,0.4104309,0.4140625,0.3750000
445,0.4077686,0.4077759,0.4062500,0.3750000
446,0.4056222,0.4056091,0.4062500,0.3750000
447,0.4018514,0.4018555,0.3984375,0.3750000
448,0.3923954,0.3923950,0.3906250,0.3750000
449,0.3908871,0.3908997,0.3906250,0.3750000
450,0.3910031,0.3909912,0.3906250,0.3750000
451,0.3950060,0.3950195,0.3984375,0.3750000
452,0.3972105,0.3972168,0.3984375,0.3750000
453,0.3961082,0.3961182,0.3984375,0.3750000
454,0.3919893,0.3919983,0.3906250,0.3750000
455,0.3850859,0.3850708,0.3828125,0.3750000
456,0.3712209,0.3712158,0.3750000,0.3750000
457,0.3646655,0.3646545,0.3671875,0.3750000
458,0.3597344,0.3597412,0.3593750,0.3750000
459,0.3555576,0.3555603,0.3593750,0.3750000
460,0.3525989,0.3526001,0.3515625,0.3750000
461,0.3513807,0.3513794,0.3515625,0.3750000
462,0.3511486,0.3511353,0.3515625,0.3750000
463,0.3509166,0.3509216,0.3515625,0.3750000
464,0.3506266,0.3506165,0.3515625,0.3750000
465,0.3504525,0.3504639,0.3515625,0.3750000
466,0.3507425,0.3507385,0.3515625,0.3750000
467,0.3513227,0.3513184,0.3515625,0.3750000
468,0.3514967,0.3515015,0.3515625,0.3750000
469,0.3513227,0.3513184,0.3515625,0.3750000
470,0.3534112,0.3534241,0.3515625,0.3750000
471,0.3549775,0.3549805,0.3515625,0.3750000
472,0.3567758,0.3567810,0.3593750,0.3750000
473,0.3581101,0.3581238,0.3593750,0.3750000
474,0.3616489,0.3616638,0.3593750,0.3750000
475,0.3684363,0.3684387,0.3671875,0.3750000
476,0.3782403,0.3782349,0.3750000,0.3750000
477,0.3878124,0.3878174,0.3906250,0.3750000
478,0.4023155,0.4023132,0.3984375,0.3750000
479,0.4051001,0.4050903,0.4062500,0.3750000
480,0.4056222,0.4056091,0.4062500,0.3750000
481,0.4021415,0.4021301,0.3984375,0.3750000
482,0.3962822,0.3962708,0.3984375,0.3750000
483,0.3881025,0.3880920,0.3906250,0.3750000
484,0.3774862,0.3774719,0.3750000,0.3750000
485,0.3499304,0.3499451,0.3515625,0.3750000
486,0.3321786,0.3321838,0.3359375,0.3750000
487,0.3118163,0.3118286,0.3125000,0.2500000
488,0.2916860,0.2916870,0.2890625,0.2500000
489,0.2737602,0.2737732,0.2734375,0.2500000
490,0.2579808,0.2579956,0.2578125,0.2500000
491,0.2412733,0.2412720,0.2421875,0.2500000
492,0.2065819,0.2065735,0.2031250,0.2500000
493,0.1906865,0.1906738,0.1875000,0.2500000
494,0.1766476,0.1766357,0.1796875,0.1250000
495,0.1623766,0.1623840,0.1640625,0.1250000
496,0.1483955,0.1484070,0.1484375,0.1250000
497,0.1378374,0.1378479,0.1406250,0.1250000
498,0.1309338,0.1309204,0.1328125,0.1250000
499,0.1226381,0.1226501,0.1250000,0.1250000
500,0.1243205,0.1243286,0.1250000,0.1250000
501,0.1236243,0.1236267,0.1250000,0.1250000
502,0.1164307,0.1164246,0.1171875,0.1250000
503,0.1081930,0.1081848,0.1093750,0.1250000
504,0.1025078,0.1025085,0.1015625,0.1250000
505,0.1002453,0.1002502,0.1015625,0.1250000
506,0.1014055,0.1014099,0.1015625,0.1250000
507,0.1126020,0.1126099,0.1093750,0.1250000
508,0.1237983,0.1238098,0.1250000,0.1250000
509,0.1382434,0.1382446,0.1406250,0.1250000
510,0.1541968,0.1542053,0.1562500,0.1250000
511,0.1705563,0.1705627,0.1718750,0.1250000
512,0.1865677,0.1865540,0.1875000,0.1250000
513,0.2008967,0.2008972,0.2031250,0.2500000
514,0.2272343,0.2272339,0.2265625,0.2500000
515,0.2394749,0.2394714,0.2421875,0.2500000
516,0.2509033,0.2509155,0.2500000,0.2500000
517,0.2582129,0.2582092,0.2578125,0.2500000
518,0.2622737,0.2622681,0.2656250,0.2500000
519,0.2633759,0.2633667,0.2656250,0.2500000
520,0.2622737,0.2622681,0.2656250,0.2500000
521,0.2609395,0.2609253,0.2578125,0.2500000
522,0.2570527,0.2570496,0.2578125,0.2500000
523,0.2518895,0.2518921,0.2500000,0.2500000
524,0.2451021,0.2451172,0.2421875,0.2500000
525,0.2372704,0.2372742,0.2343750,0.2500000
526,0.2267122,0.2267151,0.2265625,0.2500000
527,0.2144136,0.2144165,0.2109375,0.2500000
528,0.2044355,0.2044373,0.2031250,0.2500000
529,0.1822167,0.1822205,0.1796875,0.1250000
530,0.1761834,0.1761780,0.1796875,0.1250000
531,0.1680037,0.1679993,0.1718750,0.1250000
532,0.1560532,0.1560669,0.1562500,0.1250000
533,0.1396357,0.1396484,0.1406250,0.1250000
534,0.1240304,0.1240234,0.1250000,0.1250000
535,0.1061625,0.1061707,0.1093750,0.1250000
536,0.0560980,0.0560913,0.0546875,0.0000000
537,0.0285420,0.0285339,0.0312500,0.0000000
538,0.0002321,0.0002441,0.0000000,0.0000000
539,-0.0284261,-0.0284119,-0.0312500,0.0000000
540,-0.0537194,-0.0537109,-0.0546875,0.0000000
541,-0.0779106,-0.0779114,-0.0781250,-0.1250000
542,-0.1039001,-0.1039124,-0.1015625,-0.1250000
543,-0.1584897,-0.1584778,-0.1562500,-0.1250000
544,-0.1857555,-0.1857605,-0.1875000,-0.1250000
545,-0.2109328,-0.2109375,-0.2109375,-0.2500000
546,-0.2355881,-0.2355957,-0.2343750,-0.2500000
547,-0.2625638,-0.2625732,-0.2656250,-0.2500000
548,-0.2926722,-0.2926636,-0.2890625,-0.2500000
549,-0.3242889,-0.3242798,-0.3281250,-0.3750000
550,-0.3537012,-0.3536987,-0.3515625,-0.3750000
551,-0.4234900,-0.4234924,-0.4218750,-0.3750000
552,-0.4596897,-0.4596863,-0.4609375,-0.5000000
553,-0.4951932,-0.4951782,-0.4921875,-0.5000000
554,-0.5287244,-0.5287170,-0.5312500,-0.5000000
555,-0.5598190,-0.5598145,-0.5625000,-0.5000000
556,-0.5903335,-0.5903320,-0.5937500,-0.6250000
557,-0.6192816,-0.6192932,-0.6171875,-0.6250000
558,-0.6712607,-0.6712646,-0.6718750,-0.6250000
559,-0.6963220,-0.6963196,-0.6953125,-0.7500000
560,-0.7187148,-0.7187195,-0.7187500,-0.7500000
561,-0.7399473,-0.7399597,-0.7421875,-0.7500000
562,-0.7588013,-0.7587891,-0.7578125,-0.7500000
563,-0.7742906,-0.7742920,-0.7734375,-0.7500000
564,-0.7880975,-0.7880859,-0.7890625,-0.7500000
565,-0.8106063,-0.8106079,-0.8125000,-0.7500000
566,-0.8200623,-0.8200684,-0.8203125,-0.8750000
567,-0.8283581,-0.8283691,-0.8281250,-0.8750000
568,-0.8358417,-0.8358459,-0.8359375,-0.8750000
569,-0.8441955,-0.8442078,-0.8437500,-0.8750000
570,-0.8525493,-0.8525391,-0.8515625,-0.8750000
571,-0.8589306,-0.8589172,-0.8593750,-0.8750000
572,-0.8635716,-0.8635864,-0.8671875,-0.8750000
573,-0.8711132,-0.8711243,-0.8750000,-0.8750000
574,-0.8727956,-0.8728027,-0.8750000,-0.8750000
575,-0.8739558,-0.8739624,-0.8750000,-0.8750000
576,-0.8750000,-0.8750000,-0.8750000,-0.8750000
577,-0.8736657,-0.8736572,-0.8750000,-0.8750000
578,-0.8693728,-0.8693848,-0.8671875,-0.8750000
579,-0.8641517,-0.8641663,-0.8671875,-0.8750000
580,-0.8463999,-0.8464050,-0.8437500,-0.8750000
581,-0.8349715,-0.8349609,-0.8359375,-0.8750000
582,-0.8229049,-0.8229065,-0.8203125,-0.8750000
583,-0.8087499,-0.8087463,-0.8125000,-0.7500000
584,-0.7941889,-0.7941895,-0.7968750,-0.7500000
585,-0.7811940,-0.7811890,-0.7812500,-0.7500000
586,-0.7704618,-0.7704468,-0.7734375,-0.7500000
587,-0.7523619,-0.7523499,-0.7500000,-0.7500000
588,-0.7441242,-0.7441101,-0.7421875,-0.7500000
589,-0.7368146,-0.7368164,-0.7343750,-0.7500000
590,-0.7294471,-0.7294617,-0.7265625,-0.7500000
591,-0.7224855,-0.7224731,-0.7187500,-0.7500000
592,-0.7152340,-0.7152405,-0.7187500,-0.7500000
593,-0.7066482,-0.7066345,-0.7031250,-0.7500000
594,-0.6998608,-0.6998596,-0.7031250,-0.7500000
595,-0.6827471,-0.6827393,-0.6796875,-0.6250000
596,-0.6686502,-0.6686401,-0.6718750,-0.6250000
597,-0.6531028,-0.6531067,-0.6562500,-0.6250000
598,-0.6344229,-0.6344299,-0.6328125,-0.6250000
599,-0.6169031,-0.6169128,-0.6171875,-0.6250000
600,-0.6039664,-0.6039734,-0.6015625,-0.6250000
601,-0.5953226,-0.5953369,-0.5937500,-0.6250000
602,-0.5859826,-0.5859680,-0.5859375,-0.6250000
603,-0.5812836,-0.5812988,-0.5781250,-0.6250000
604,-0.5757724,-0.5757751,-0.5781250,-0.6250000
605,-0.5678247,-0.5678101,-0.5703125,-0.6250000
606,-0.5586007,-0.5585938,-0.5625000,-0.5000000
607,-0.5474043,-0.5473938,-0.5468750,-0.5000000
608,-0.5346416,-0.5346375,-0.5312500,-0.5000000
609,-0.5095223,-0.5095215,-0.5078125,-0.5000000
610,-0.4937429,-0.4937439,-0.4921875,-0.5000000
611,-0.4760492,-0.4760437,-0.4765625,-0.5000000
612,-0.4570212,-0.4570312,-0.4531250,-0.5000000
613,-0.4365428,-0.4365540,-0.4375000,-0.3750000
614,-0.4157744,-0.4157715,-0.4140625,-0.3750000
615,-0.3949480,-0.3949585,-0.3984375,-0.3750000
616,-0.3737154,-0.3737183,-0.3750000,-0.3750000
617,-0.3380379,-0.3380432,-0.3359375,-0.3750000
618,-0.3202281,-0.3202209,-0.3203125,-0.3750000
619,-0.3020702,-0.3020630,-0.3046875,-0.2500000
620,-0.2882633,-0.2882690,-0.2890625,-0.2500000
621,-0.2746884,-0.2746887,-0.2734375,-0.2500000
622,-0.2606494,-0.2606506,-0.2578125,-0.2500000
623,-0.2502652,-0.2502747,-0.2500000,-0.2500000
624,-0.2258420,-0.2258301,-0.2265625,-0.2500000
625,-0.2132533,-0.2132568,-0.2109375,-0.2500000
626,-0.2018829,-0.2018738,-0.2031250,-0.2500000
627,-0.1880180,-0.1880188,-0.1875000,-0.2500000
628,-0.1739210,-0.1739197,-0.1718750,-0.1250000
629,-0.1607522,-0.1607666,-0.1640625,-0.1250000
630,-0.1457269,-0.1457214,-0.1484375,-0.1250000
631,-0.1127760,-0.1127625,-0.1093750,-0.1250000
632,-0.0999552,-0.0999451,-0.1015625,-0.1250000
633,-0.0907893,-0.0907898,-0.0937500,-0.1250000
634,-0.0833637,-0.0833740,-0.0859375,-0.1250000
635,-0.0785487,-0.0785522,-0.0781250,-0.1250000
636,-0.0761702,-0.0761719,-0.0781250,-0.1250000
637,-0.0759961,-0.0759888,-0.0781250,-0.1250000
638,-0.0778526,-0.0778503,-0.0781250,-0.1250000
639,-0.0878307,-0.0878296,-0.0859375,-0.1250000
640,-0.0947921,-0.0947876,-0.0937500,-0.1250000
641,-0.1004774,-0.1004639,-0.1015625,-0.1250000
642,-0.1048863,-0.1048889,-0.1015625,-0.1250000
643,-0.1068587,-0.1068726,-0.1093750,-0.1250000
644,-0.1103975,-0.1104126,-0.1093750,-0.1250000
645,-0.1168948,-0.1168823,-0.1171875,-0.1250000
646,-0.1238563,-0.1238708,-0.1250000,-0.1250000
647,-0.1236243,-0.1236267,-0.1250000,-0.1250000
648,-0.1225220,-0.1225281,-0.1250000,-0.1250000
649,-0.1207237,-0.1207275,-0.1171875,-0.1250000
650,-0.1182871,-0.1182861,-0.1171875,-0.1250000
651,-0.1184612,-0.1184692,-0.1171875,-0.1250000
652,-0.1215939,-0.1215820,-0.1250000,-0.1250000
653,-0.1289614,-0.1289673,-0.1328125,-0.1250000
654,-0.1323261,-0.1323242,-0.1328125,-0.1250000
655,-0.1366190,-0.1366272,-0.1328125,-0.1250000
656,-0.1396357,-0.1396484,-0.1406250,-0.1250000
657,-0.1406219,-0.1406250,-0.1406250,-0.1250000
658,-0.1422462,-0.1422424,-0.1406250,-0.1250000
659,-0.1416081,-0.1416016,-0.1406250,-0.1250000
660,-0.1417241,-0.1417236,-0.1406250,-0.1250000
661,-0.1374892,-0.1374817,-0.1406250,-0.1250000
662,-0.1319201,-0.1319275,-0.1328125,-0.1250000
663,-0.1313979,-0.1314087,-0.1328125,-0.1250000
664,-0.1337764,-0.1337891,-0.1328125,-0.1250000
665,-0.1334864,-0.1334839,-0.1328125,-0.1250000
666,-0.1302377,-0.1302490,-0.1328125,-0.1250000
667,-0.1239144,-0.1239014,-0.1250000,-0.1250000
668,-0.0988530,-0.0988464,-0.1015625,-0.1250000
669,-0.0815654,-0.0815735,-0.0781250,-0.1250000
670,-0.0633495,-0.0633545,-0.0625000,-0.1250000
671,-0.0425230,-0.0425110,-0.0390625,0.0000000
672,-0.0219286,-0.0219421,-0.0234375,0.0000000
673,-0.0019144,-0.0019226,0.0000000,0.0000000
674,0.0176938,0.0177002,0.0156250,0.0000000
675,0.0527332,0.0527344,0.0546875,0.0000000
676,0.0690347,0.0690308,0.0703125,0.1250000
677,0.0843499,0.0843506,0.0859375,0.1250000
678,0.0975767,0.0975647,0.0937500,0.1250000
679,0.1070328,0.1070251,0.1093750,0.1250000
680,0.1157346,0.1157227,0.1171875,0.1250000
681,0.1240304,0.1240234,0.1250000,0.1250000
682,0.1304118,0.1304016,0.1328125,0.1250000
683,0.1384174,0.1384277,0.1406250,0.1250000
684,0.1428844,0.1428833,0.1406250,0.1250000
685,0.1467712,0.1467590,0.1484375,0.1250000
686,0.1493238,0.1493225,0.1484375,0.1250000
687,0.1515282,0.1515198,0.1484375,0.1250000
688,0.1551250,0.1551208,0.1562500,0.1250000
689,0.1587797,0.1587830,0.1562500,0.1250000
690,0.1640009,0.1640015,0.1640625,0.1250000
691,0.1678297,0.1678162,0.1640625,0.1250000
692,0.1726447,0.1726379,0.1718750,0.1250000
693,0.1771117,0.1771240,0.1796875,0.1250000
694,0.1820427,0.1820374,0.1796875,0.1250000
695,0.1897583,0.1897583,0.1875000,0.2500000
696,0.1974740,0.1974792,0.1953125,0.2500000
697,0.2122671,0.2122803,0.2109375,0.2500000
698,0.2224192,0.2224121,0.2187500,0.2500000
699,0.2320493,0.2320557,0.2343750,0.2500000
700,0.2421435,0.2421570,0.2421875,0.2500000
701,0.2528757,0.2528687,0.2500000,0.2500000
702,0.2618676,0.2618713,0.2656250,0.2500000
703,0.2709176,0.2709045,0.2734375,0.2500000
704,0.2806057,0.2806091,0.2812500,0.2500000
705,0.3005039,0.3005066,0.2968750,0.2500000
706,0.3116422,0.3116455,0.3125000,0.2500000
707,0.3231286,0.3231201,0.3203125,0.3750000
708,0.3330488,0.3330383,0.3359375,0.3750000
709,0.3407064,0.3406982,0.3437500,0.3750000
710,0.3473198,0.3473206,0.3437500,0.3750000
711,0.3532371,0.3532410,0.3515625,0.3750000
712,0.3580521,0.3580627,0.3593750,0.3750000
713,0.3584002,0.3583984,0.3593750,0.3750000
714,0.3593284,0.3593140,0.3593750,0.3750000
715,0.3602566,0.3602600,0.3593750,0.3750000
716,0.3603146,0.3603210,0.3593750,0.3750000
717,0.3603726,0.3603821,0.3593750,0.3750000
718,0.3611267,0.3611145,0.3593750,0.3750000
719,0.3662319,0.3662415,0.3671875,0.3750000
720,0.3703507,0.3703613,0.3671875,0.3750000
721,0.3748757,0.3748779,0.3750000,0.3750000
722,0.3785304,0.3785400,0.3750000,0.3750000
723,0.3839837,0.3839722,0.3828125,0.3750000
724,0.3904230,0.3904114,0.3906250,0.3750000
725,0.3943679,0.3943787,0.3906250,0.3750000
726,0.3980806,0.3980713,0.3984375,0.3750000
727,0.4088710,0.4088745,0.4062500,0.3750000
728,0.4139760,0.4139709,0.4140625,0.3750000
729,0.4197772,0.4197693,0.4218750,0.3750000
730,0.4237800,0.4237671,0.4218750,0.3750000
731,0.4274929,0.4274902,0.4296875,0.3750000
732,0.4313797,0.4313660,0.4296875,0.3750000
733,0.4337581,0.4337463,0.4375000,0.3750000
734,0.4381672,0.4381714,0.4375000,0.5000000
735,0.4400235,0.4400330,0.4375000,0.5000000
736,0.4414158,0.4414062,0.4453125,0.5000000
737,0.4425181,0.4425049,0.4453125,0.5000000
738,0.4426922,0.4426880,0.4453125,0.5000000
739,0.4435623,0.4435730,0.4453125,0.5000000
740,0.4452447,0.4452515,0.4453125,0.5000000
741,0.4498277,0.4498291,0.4531250,0.5000000
742,0.4519741,0.4519653,0.4531250,0.5000000
743,0.4520321,0.4520264,0.4531250,0.5000000
744,0.4488994,0.4489136,0.4453125,0.5000000
745,0.4435043,0.4435120,0.4453125,0.5000000
746,0.4398496,0.4398499,0.4375000,0.5000000
747,0.4419960,0.4419861,0.4453125,0.5000000
748,0.4461728,0.4461670,0.4453125,0.5000000
749,0.4552808,0.4552917,0.4531250,0.5000000
750,0.4584715,0.4584656,0.4609375,0.5000000
751,0.4612561,0.4612427,0.4609375,0.5000000
752,0.4652009,0.4652100,0.4687500,0.5000000
753,0.4702480,0.4702454,0.4687500,0.5000000
754,0.4750630,0.4750671,0.4765625,0.5000000
755,0.4783697,0.4783630,0.4765625,0.5000000
756,0.4829527,0.4829407,0.4843750,0.5000000
757,0.4812123,0.4812012,0.4843750,0.5000000
758,0.4777315,0.4777222,0.4765625,0.5000000
759,0.4733226,0.4733276,0.4765625,0.5000000
760,0.4669993,0.4670105,0.4687500,0.5000000
761,0.4595157,0.4595032,0.4609375,0.5000000
762,0.4522642,0.4522705,0.4531250,0.5000000
763,0.4337001,0.4336853,0.4375000,0.3750000
764,0.4281890,0.4281921,0.4296875,0.3750000
765,0.4204734,0.4204712,0.4218750,0.3750000
766,0.4102052,0.4102173,0.4140625,0.3750000
767,0.3994149,0.3994141,0.3984375,0.3750000
768,0.3915253,0.3915405,0.3906250,0.3750000
769,0.3880445,0.3880310,0.3906250,0.3750000
770,0.3879285,0.3879395,0.3906250,0.3750000
771,0.3932076,0.3932190,0.3906250,0.3750000
772,0.3965723,0.3965759,0.3984375,0.3750000
773,0.4017354,0.4017334,0.3984375,0.3750000
774,0.4080587,0.4080505,0.4062500,0.3750000
775,0.4154843,0.4154968,0.4140625,0.3750000
776,0.4247083,0.4247131,0.4218750,0.3750000
777,0.4331201,0.4331055,0.4296875,0.3750000
778,0.4451867,0.4451904,0.4453125,0.5000000
779,0.4487834,0.4487915,0.4453125,0.5000000
780,0.4509299,0.4509277,0.4531250,0.5000000
781,0.4513360,0.4513245,0.4531250,0.5000000
782,0.4502337,0.4502258,0.4531250,0.5000000
783,0.4485514,0.4485474,0.4453125,0.5000000
784,0.4457088,0.4457092,0.4453125,0.5000000
785,0.4314957,0.4314880,0.4296875,0.3750000
786,0.4200093,0.4200134,0.4218750,0.3750000
787,0.4114815,0.4114685,0.4140625,0.3750000
788,0.4118876,0.4118958,0.4140625,0.3750000
789,0.4194871,0.4194946,0.4218750,0.3750000
790,0.4287111,0.4287109,0.4296875,0.3750000
791,0.4346864,0.4346924,0.4375000,0.3750000
792,0.4283630,0.4283752,0.4296875,0.3750000
793,0.3896689,0.3896790,0.3906250,0.3750000
794,0.3595024,0.3594971,0.3593750,0.3750000
795,0.3292200,0.3292236,0.3281250,0.3750000
796,0.2953407,0.2953491,0.2968750,0.2500000
797,0.2550802,0.2550659,0.2578125,0.2500000
798,0.2105268,0.2105408,0.2109375,0.2500000
799,0.1640009,0.1640015,0.1640625,0.1250000
800,0.0771564,0.0771484,0.0781250,0.1250000
801,0.0379401,0.0379333,0.0390625,0.0000000
802,0.0007541,0.0007629,0.0000000,0.0000000
803,-0.0352135,-0.0352173,-0.0390625,0.0000000
804,-0.0687446,-0.0687561,-0.0703125,-0.1250000
805,-0.1005354,-0.1005249,-0.1015625,-0.1250000
806,-0.1327902,-0.1327820,-0.1328125,-0.1250000
807,-0.1971259,-0.1971130,-0.1953125,-0.2500000
808,-0.2270022,-0.2269897,-0.2265625,-0.2500000
809,-0.2560664,-0.2560730,-0.2578125,-0.2500000
810,-0.2832162,-0.2832031,-0.2812500,-0.2500000
811,-0.3108881,-0.3108826,-0.3125000,-0.2500000
812,-0.3401263,-0.3401184,-0.3437500,-0.3750000
813,-0.3671600,-0.3671570,-0.3671875,-0.3750000
814,-0.3911772,-0.3911743,-0.3906250,-0.3750000
815,-0.4412418,-0.4412537,-0.4375000,-0.5000000
816,-0.4649688,-0.4649658,-0.4687500,-0.5000000
817,-0.4797040,-0.4797058,-0.4765625,-0.5000000
818,-0.5029669,-0.5029602,-0.5000000,-0.5000000
819,-0.5360919,-0.5361023,-0.5390625,-0.5000000
820,-0.5666065,-0.5666199,-0.5703125,-0.6250000
821,-0.5925380,-0.5925293,-0.5937500,-0.6250000
822,-0.6145827,-0.6145935,-0.6171875,-0.6250000
823,-0.6239226,-0.6239319,-0.6250000,-0.6250000
824,-0.6356411,-0.6356506,-0.6328125,-0.6250000
825,-0.6380776,-0.6380920,-0.6406250,-0.6250000
826,-0.6425446,-0.6425476,-0.6406250,-0.6250000
827,-0.6513624,-0.6513672,-0.6484375,-0.6250000
828,-0.6545531,-0.6545410,-0.6562500,-0.6250000
829,-0.6688822,-0.6688843,-0.6718750,-0.6250000
830,-0.6844875,-0.6844788,-0.6875000,-0.6250000
831,-0.7039796,-0.7039795,-0.7031250,-0.7500000
832,-0.7257343,-0.7257385,-0.7265625,-0.7500000
833,-0.7459226,-0.7459106,-0.7421875,-0.7500000
834,-0.7623400,-0.7623291,-0.7656250,-0.7500000
835,-0.7751027,-0.7751160,-0.7734375,-0.7500000
836,-0.7835726,-0.7835693,-0.7812500,-0.7500000
837,-0.7978436,-0.7978516,-0.7968750,-0.7500000
838,-0.8071836,-0.8071899,-0.8046875,-0.7500000
839,-0.8160595,-0.8160706,-0.8125000,-0.8750000
840,-0.8206424,-0.8206482,-0.8203125,-0.8750000
841,-0.8208165,-0.8208313,-0.8203125,-0.8750000
842,-0.8176258,-0.8176270,-0.8203125,-0.8750000
843,-0.8120566,-0.8120422,-0.8125000,-0.7500000
844,-0.8003381,-0.8003235,-0.7968750,-0.7500000
845,-0.7956392,-0.7956543,-0.7968750,-0.7500000
846,-0.7918103,-0.7918091,-0.7890625,-0.7500000
847,-0.7851389,-0.7851257,-0.7812500,-0.7500000
848,-0.7753348,-0.7753296,-0.7734375,-0.7500000
849,-0.7660528,-0.7660522,-0.7656250,-0.7500000
850,-0.7565968,-0.7565918,-0.7578125,-0.7500000
851,-0.7377428,-0.7377319,-0.7343750,-0.7500000
852,-0.7267784,-0.7267761,-0.7265625,-0.7500000
853,-0.7140158,-0.7140198,-0.7109375,-0.7500000
854,-0.6986425,-0.6986389,-0.6953125,-0.7500000
855,-0.6808327,-0.6808472,-0.6796875,-0.6250000
856,-0.6609925,-0.6609802,-0.6640625,-0.6250000
857,-0.6385998,-0.6386108,-0.6406250,-0.6250000
858,-0.6147566,-0.6147461,-0.6171875,-0.6250000
859,-0.5635318,-0.5635376,-0.5625000,-0.6250000
860,-0.5377743,-0.5377808,-0.5390625,-0.5000000
861,-0.5120168,-0.5120239,-0.5156250,-0.5000000
862,-0.4861434,-0.4861450,-0.4843750,-0.5000000
863,-0.4606759,-0.4606628,-0.4609375,-0.5000000
864,-0.4359047,-0.4359131,-0.4375000,-0.3750000
865,-0.4118876,-0.4118958,-0.4140625,-0.3750000
866,-0.3660578,-0.3660583,-0.3671875,-0.3750000
867,-0.3444192,-0.3444214,-0.3437500,-0.3750000
868,-0.3244050,-0.3244019,-0.3281250,-0.3750000
869,-0.3055509,-0.3055420,-0.3046875,-0.2500000
870,-0.2877992,-0.2878113,-0.2890625,-0.2500000
871,-0.2699894,-0.2699890,-0.2734375,-0.2500000
872,-0.2539780,-0.2539673,-0.2578125,-0.2500000
873,-0.2278724,-0.2278748,-0.2265625,-0.2500000
874,-0.2160959,-0.2160950,-0.2187500,-0.2500000
875,-0.2057697,-0.2057800,-0.2031250,-0.2500000
876,-0.1967778,-0.1967773,-0.1953125,-0.2500000
877,-0.1882500,-0.1882629,-0.1875000,-0.2500000
878,-0.1804764,-0.1804810,-0.1796875,-0.1250000
879,-0.1727607,-0.1727600,-0.1718750,-0.1250000
880,-0.1650451,-0.1650391,-0.1640625,-0.1250000
881,-0.1525724,-0.1525574,-0.1562500,-0.1250000
882,-0.1447988,-0.1448059,-0.1484375,-0.1250000
883,-0.1362130,-0.1362000,-0.1328125,-0.1250000
884,-0.1309919,-0.1309814,-0.1328125,-0.1250000
885,-0.1229862,-0.1229858,-0.1250000,-0.1250000
886,-0.1144003,-0.1144104,-0.1171875,-0.1250000
887,-0.1083670,-0.1083679,-0.1093750,-0.1250000
888,-0.0895130,-0.0895081,-0.0859375,-0.1250000
889,-0.0762282,-0.0762329,-0.0781250,-0.1250000
890,-0.0626533,-0.0626526,-0.0625000,-0.1250000
891,-0.0515150,-0.0515137,-0.0546875,0.0000000
892,-0.0433932,-0.0433960,-0.0468750,0.0000000
893,-0.0374760,-0.0374756,-0.0390625,0.0000000
894,-0.0346914,-0.0346985,-0.0312500,0.0000000
895,-0.0465259,-0.0465393,-0.0468750,0.0000000
896,-0.0580123,-0.0580139,-0.0546875,0.0000000
897,-0.0698469,-0.0698547,-0.0703125,-0.1250000
898,-0.0819134,-0.0819092,-0.0781250,-0.1250000
899,-0.0938059,-0.0938110,-0.0937500,-0.1250000
900,-0.1051183,-0.1051331,-0.1015625,-0.1250000
901,-0.1135882,-0.1135864,-0.1171875,-0.1250000
902,-0.1171269,-0.1171265,-0.1171875,-0.1250000
903,-0.1141103,-0.1141052,-0.1171875,-0.1250000
904,-0.1091212,-0.1091309,-0.1093750,-0.1250000
905,-0.1023337,-0.1023254,-0.1015625,-0.1250000
906,-0.0932839,-0.0932922,-0.0937500,-0.1250000
907,-0.0837118,-0.0837097,-0.0859375,-0.1250000
908,-0.0759961,-0.0759888,-0.0781250,-0.1250000
909,-0.0686286,-0.0686340,-0.0703125,-0.1250000
910,-0.0480342,-0.0480347,-0.0468750,0.0000000
911,-0.0384622,-0.0384521,-0.0390625,0.0000000
912,-0.0392744,-0.0392761,-0.0390625,0.0000000
913,-0.0460618,-0.0460510,-0.0468750,0.0000000
914,-0.0529072,-0.0529175,-0.0546875,0.0000000
915,-0.0435673,-0.0435791,-0.0468750,0.0000000
916,-0.0261636,-0.0261536,-0.0234375,0.0000000
917,-0.0051631,-0.0051575,-0.0078125,0.0000000
918,0.0052791,0.0052795,0.0078125,0.0000000
919,0.0171136,0.0171204,0.0156250,0.0000000
920,0.0281360,0.0281372,0.0312500,0.0000000
921,0.0348654,0.0348511,0.0312500,0.0000000
922,0.0360836,0.0360718,0.0390625,0.0000000
923,0.0352715,0.0352783,0.0390625,0.0000000
924,0.0345753,0.0345764,0.0312500,0.0000000
925,0.0295283,0.0295410,0.0312500,0.0000000
926,0.0312107,0.0312195,0.0312500,0.0000000
927,0.0353875,0.0354004,0.0390625,0.0000000
928,0.0388682,0.0388794,0.0390625,0.0000000
929,0.0494265,0.0494385,0.0468750,0.0000000
930,0.0659020,0.0658875,0.0625000,0.1250000
931,0.0837699,0.0837708,0.0859375,0.1250000
932,0.1205496,0.1205444,0.1171875,0.1250000
933,0.1359229,0.1359253,0.1328125,0.1250000
934,0.1482215,0.1482239,0.1484375,0.1250000
935,0.1601720,0.1601868,0.1640625,0.1250000
936,0.1699181,0.1699219,0.1718750,0.1250000
937,0.1756614,0.1756592,0.1718750,0.1250000
938,0.1793161,0.1793213,0.1796875,0.1250000
939,0.1833189,0.1833191,0.1796875,0.1250000
940,0.1859875,0.1859741,0.1875000,0.1250000
941,0.1896423,0.1896362,0.1875000,0.2500000
942,0.1950954,0.1950989,0.1953125,0.2500000
943,0.2020569,0.2020569,0.2031250,0.2500000
944,0.2107588,0.2107544,0.2109375,0.2500000
945,0.2214331,0.2214355,0.2187500,0.2500000
946,0.2328615,0.2328491,0.2343750,0.2500000
947,0.2539200,0.2539062,0.2578125,0.2500000
948,0.2634920,0.2634888,0.2656250,0.2500000
949,0.2745724,0.2745667,0.2734375,0.2500000
950,0.2863489,0.2863464,0.2890625,0.2500000
951,0.2973712,0.2973633,0.2968750,0.2500000
952,0.3101339,0.3101196,0.3125000,0.2500000
953,0.3228387,0.3228455,0.3203125,0.3750000
954,0.3466237,0.3466187,0.3437500,0.3750000
955,0.3585162,0.3585205,0.3593750,0.3750000
956,0.3718010,0.3717957,0.3750000,0.3750000
957,0.3851439,0.3851318,0.3828125,0.3750000
958,0.3975585,0.3975525,0.3984375,0.3750000
959,0.4096831,0.4096680,0.4062500,0.3750000
960,0.4217497,0.4217529,0.4218750,0.3750000
961,0.4440264,0.4440308,0.4453125,0.5000000
962,0.4541786,0.4541931,0.4531250,0.5000000
963,0.4645627,0.4645691,0.4609375,0.5000000
964,0.4769194,0.4769287,0.4765625,0.5000000
965,0.4904943,0.4905090,0.4921875,0.5000000
966,0.5037791,0.5037842,0.5000000,0.5000000
967,0.5166579,0.5166626,0.5156250,0.5000000
968,0.5299426,0.5299377,0.5312500,0.5000000
969,0.5572085,0.5572205,0.5546875,0.5000000
970,0.5675347,0.5675354,0.5703125,0.6250000
971,0.5768746,0.5768738,0.5781250,0.6250000
972,0.5848803,0.5848694,0.5859375,0.6250000
973,0.5910296,0.5910339,0.5937500,0.6250000
974,0.5954386,0.5954285,0.5937500,0.6250000
975,0.5989193,0.5989075,0.6015625,0.6250000
976,0.6053587,0.6053467,0.6015625,0.6250000
977,0.6079112,0.6079102,0.6093750,0.6250000
978,0.6110439,0.6110535,0.6093750,0.6250000
979,0.6162651,0.6162720,0.6171875,0.6250000
980,0.6228784,0.6228638,0.6250000,0.6250000
981,0.6312322,0.6312256,0.6328125,0.6250000
982,0.6397020,0.6397095,0.6406250,0.6250000
983,0.6562355,0.6562500,0.6562500,0.6250000
984,0.6669098,0.6669006,0.6640625,0.6250000
985,0.6757857,0.6757812,0.6796875,0.6250000
986,0.6834432,0.6834412,0.6796875,0.6250000
987,0.6895926,0.6896057,0.6875000,0.7500000
988,0.6944076,0.6943970,0.6953125,0.7500000
989,0.6982944,0.6983032,0.6953125,0.7500000
990,0.7011950,0.7012024,0.7031250,0.7500000
991,0.7071123,0.7071228,0.7109375,0.7500000
992,0.7096648,0.7096558,0.7109375,0.7500000
993,0.7127975,0.7127991,0.7109375,0.7500000
994,0.7175545,0.7175598,0.7187500,0.7500000
995,0.7226596,0.7226562,0.7265625,0.7500000
996,0.7279388,0.7279358,0.7265625,0.7500000
997,0.7315935,0.7315979,0.7343750,0.7500000
998,0.7370467,0.7370605,0.7343750,0.7500000
999,0.7440662,0.7440796,0.7421875,0.7500000
1000,0.7584532,0.7584534,0.7578125,0.7500000
1001,0.7768431,0.7768555,0.7734375,0.7500000
1002,0.7951751,0.7951660,0.7968750,0.7500000
1003,0.8132749,0.8132629,0.8125000,0.8750000
1004,0.8282421,0.8282471,0.8281250,0.8750000
1005,0.8480242,0.8480225,0.8515625,0.8750000
1006,0.8555658,0.8555603,0.8593750,0.8750000
1007,0.8624694,0.8624573,0.8593750,0.8750000
1008,0.8674004,0.8674011,0.8671875,0.8750000
1009,0.8707071,0.8706970,0.8671875,0.8750000
1010,0.8738978,0.8739014,0.8750000,0.8750000
1011,0.8750000,0.8750000,0.8750000,0.8750000
1012,0.8747099,0.8746948,0.8750000,0.8750000
1013,0.8633975,0.8634033,0.8671875,0.8750000
1014,0.8537675,0.8537598,0.8515625,0.8750000
1015,0.8431512,0.8431396,0.8437500,0.8750000
1016,0.8317808,0.8317871,0.8281250,0.8750000
1017,0.8197143,0.8197021,0.8203125,0.8750000
1018,0.8065455,0.8065491,0.8046875,0.7500000
1019,0.7926806,0.7926941,0.7890625,0.7500000
1020,0.7622240,0.7622375,0.7656250,0.7500000
1021,0.7411656,0.7411804,0.7421875,0.7500000
1022,0.7201651,0.7201538,0.7187500,0.7500000
1023,0.7015431,0.7015381,0.7031250,0.7500000
#end quant_samples
#begin zcr
axis,crossings,per_second,rough_hz
ax,14,13.7,6.8
ay,35,34.2,17.1
az,7,6.8,3.4
gx,8,7.8,3.9
gy,7,6.8,3.4
gz,10,9.8,4.9
#end zcr
#begin orientation
i,pitch_acc,roll_acc,pitch_cf,roll_cf,yaw_gyro
0,-21.318,-2.825,-21.318,-2.825,0.000
1,-21.165,-3.201,-20.980,-2.815,-0.091
2,-20.956,-3.203,-20.633,-2.803,-0.185
3,-20.669,-3.202,-20.276,-2.792,-0.281
4,-20.378,-3.180,-19.909,-2.781,-0.379
5,-20.090,-3.099,-19.523,-2.770,-0.483
6,-19.817,-3.084,-19.127,-2.759,-0.589
7,-19.538,-3.094,-18.721,-2.748,-0.698
8,-19.260,-3.183,-18.306,-2.739,-0.809
9,-18.685,-3.529,-17.881,-2.731,-0.923
10,-18.358,-3.646,-17.446,-2.724,-1.039
11,-17.975,-3.742,-17.002,-2.717,-1.158
12,-17.561,-3.798,-16.539,-2.713,-1.281
13,-17.122,-3.820,-16.066,-2.709,-1.406
14,-16.656,-3.862,-15.583,-2.707,-1.533
15,-16.158,-3.842,-15.092,-2.705,-1.661
16,-15.106,-3.746,-14.589,-2.704,-1.792
17,-14.486,-3.655,-14.078,-2.704,-1.923
18,-13.841,-3.499,-13.556,-2.704,-2.057
19,-13.219,-3.330,-13.018,-2.706,-2.192
20,-12.632,-3.105,-12.470,-2.709,-2.329
21,-12.070,-2.923,-11.914,-2.712,-2.466
22,-11.467,-2.796,-11.350,-2.716,-2.604
23,-10.218,-2.453,-10.777,-2.720,-2.742
24,-9.578,-2.289,-10.196,-2.724,-2.881
25,-9.060,-2.199,-9.608,-2.730,-3.020
26,-8.674,-2.208,-9.014,-2.736,-3.159
27,-8.296,-2.242,-8.408,-2.744,-3.296
28,-7.950,-2.245,-7.796,-2.753,-3.432
29,-7.597,-2.235,-7.180,-2.763,-3.567
30,-7.234,-2.271,-6.559,-2.773,-3.699
31,-6.689,-2.447,-5.934,-2.784,-3.830
32,-6.372,-2.524,-5.306,-2.796,-3.959
33,-5.846,-2.555,-4.674,-2.807,-4.085
34,-5.128,-2.537,-4.035,-2.818,-4.205
35,-4.307,-2.464,-3.394,-2.829,-4.323
36,-3.511,-2.368,-2.750,-2.839,-4.438
37,-2.838,-2.352,-2.104,-2.849,-4.550
38,-1.854,-2.874,-1.456,-2.859,-4.660
39,-1.396,-3.246,-0.806,-2.869,-4.766
40,-0.995,-3.616,-0.156,-2.880,-4.869
41,-0.685,-3.960,0.496,-2.890,-4.967
42,-0.414,-4.325,1.149,-2.900,-5.061
43,-0.227,-4.782,1.801,-2.910,-5.153
44,-0.109,-5.324,2.453,-2.921,-5.242
45,-0.057,-6.353,3.105,-2.933,-5.328
46,-0.083,-6.778,3.756,-2.946,-5.410
47,-0.055,-7.090,4.406,-2.958,-5.490
48,0.052,-7.342,5.056,-2.970,-5.567
49,0.201,-7.650,5.706,-2.982,-5.638
50,0.334,-7.951,6.355,-2.993,-5.706
51,0.488,-8.193,7.004,-3.005,-5.772
52,0.899,-8.647,7.653,-3.016,-5.834
53,1.193,-8.741,8.302,-3.027,-5.894
54,1.551,-8.748,8.950,-3.037,-5.951
55,1.983,-8.747,9.599,-3.046,-6.005
56,2.461,-8.625,10.249,-3.051,-6.053
57,2.964,-8.424,10.898,-3.055,-6.099
58,3.476,-8.271,11.548,-3.057,-6.141
59,4.057,-8.070,12.198,-3.057,-6.182
60,5.437,-7.486,12.849,-3.054,-6.219
61,6.128,-7.238,13.501,-3.049,-6.254
62,6.824,-7.043,14.152,-3.042,-6.286
63,7.533,-6.846,14.803,-3.033,-6.313
64,8.155,-6.611,15.454,-3.022,-6.338
65,8.733,-6.235,16.103,-3.010,-6.360
66,9.313,-5.811,16.752,-2.997,-6.379
67,10.417,-5.392,17.401,-2.982,-6.396
68,10.876,-5.455,18.049,-2.968,-6.411
69,11.201,-5.621,18.694,-2.954,-6.424
70,11.463,-5.808,19.338,-2.940,-6.434
71,11.700,-5.986,19.977,-2.928,-6.439
72,11.939,-6.185,20.613,-2.917,-6.441
73,12.238,-6.388,21.246,-2.908,-6.441
74,12.857,-6.858,21.877,-2.900,-6.439
75,13.045,-7.233,22.504,-2.894,-6.433
76,13.312,-7.562,23.127,-2.889,-6.424
77,13.655,-7.752,23.747,-2.886,-6.413
78,13.948,-7.909,24.359,-2.885,-6.396
79,14.141,-8.056,24.966,-2.884,-6.375
80,14.218,-8.037,25.568,-2.884,-6.352
81,14.184,-7.731,26.164,-2.883,-6.326
82,14.072,-6.973,26.755,-2.880,-6.298
83,13.895,-7.145,27.340,-2.877,-6.268
84,13.423,-7.630,27.918,-2.875,-6.237
85,12.869,-8.163,28.484,-2.872,-6.202
86,12.209,-8.100,29.042,-2.869,-6.165
87,11.535,-7.687,29.594,-2.863,-6.128
88,11.016,-7.566,30.138,-2.857,-6.090
89,9.326,-8.109,30.672,-2.852,-6.051
90,8.443,-8.818,31.198,-2.848,-6.012
91,7.668,-9.372,31.717,-2.844,-5.972
92,6.941,-9.816,32.228,-2.842,-5.932
93,6.291,-10.167,32.726,-2.841,-5.890
94,5.691,-10.559,33.216,-2.840,-5.848
95,5.107,-11.122,33.699,-2.840,-5.806
96,4.097,-12.025,34.173,-2.841,-5.763
97,3.633,-12.255,34.639,-2.841,-5.720
98,3.266,-12.222,35.097,-2.840,-5.677
99,2.953,-12.104,35.549,-2.836,-5.633
100,2.645,-11.953,35.986,-2.828,-5.589
101,2.428,-11.719,36.417,-2.817,-5.545
102,2.294,-11.380,36.840,-2.803,-5.500
103,2.138,-10.892,37.256,-2.786,-5.456
104,1.678,-9.535,37.663,-2.764,-5.412
105,1.406,-8.843,38.063,-2.738,-5.368
106,1.092,-8.132,38.455,-2.710,-5.325
107,0.655,-7.408,38.831,-2.676,-5.282
108,0.146,-6.813,39.199,-2.639,-5.239
109,-0.426,-6.347,39.558,-2.601,-5.197
110,-1.140,-5.811,39.907,-2.559,-5.156
111,-2.722,-4.381,40.245,-2.514,-5.115
112,-3.610,-3.889,40.572,-2.466,-5.076
113,-4.737,-3.822,40.889,-2.417,-5.038
114,-6.077,-4.193,41.193,-2.368,-5.001
115,-7.501,-4.609,41.477,-2.317,-4.966
116,-8.922,-4.926,41.748,-2.266,-4.932
117,-10.466,-5.041,42.005,-2.213,-4.900
118,-14.001,-5.086,42.244,-2.160,-4.869
119,-16.474,-5.072,42.466,-2.106,-4.839
120,-19.291,-5.120,42.671,-2.050,-4.811
121,-22.744,-5.528,42.857,-1.995,-4.785
122,-26.808,-6.434,43.008,-1.940,-4.761
123,-31.805,-7.463,43.136,-1.888,-4.738
124,-37.709,-8.168,43.237,-1.836,-4.717
125,-44.429,-9.093,43.310,-1.787,-4.697
126,-60.730,-13.535,43.334,-1.747,-4.678
127,-69.621,-19.357,43.325,-1.719,-4.660
128,-78.125,-32.696,43.283,-1.719,-4.644
129,-83.577,-77.914,43.196,-1.811,-4.629
130,-81.143,-136.369,43.096,-2.021,-4.616
131,-76.362,-156.223,42.988,-2.271,-4.604
132,-72.090,-164.066,42.870,-2.537,-4.593
133,-64.988,-171.091,42.748,-2.820,-4.582
134,-62.252,-172.767,42.613,-3.106,-4.573
135,-59.923,-173.769,42.463,-3.397,-4.565
136,-57.607,-174.696,42.298,-3.690,-4.558
137,-55.192,-175.258,42.099,-3.990,-4.552
138,-53.142,-175.993,41.885,-4.292,-4.548
139,-51.074,-176.620,41.655,-4.598,-4.544
140,-47.541,-177.379,41.413,-4.908,-4.541
141,-46.209,-177.964,41.154,-5.221,-4.539
142,-45.200,-178.358,40.877,-5.537,-4.537
143,-44.554,-178.714,40.582,-5.856,-4.537
144,-44.375,-179.113,40.247,-6.181,-4.537
145,-44.878,-179.590,39.893,-6.509,-4.537
146,-46.168,-179.967,39.517,-6.841,-4.538
147,-48.345,-179.627,39.119,-7.174,-4.540
148,-55.556,-175.508,38.688,-7.503,-4.542
149,-61.229,-171.292,38.228,-7.826,-4.544
150,-69.473,-160.594,37.734,-8.130,-4.546
151,-78.422,-127.894,37.187,-8.377,-4.550
152,-75.633,-54.923,36.630,-8.481,-4.553
153,-60.976,-28.729,36.087,-8.537,-4.556
154,-46.152,-19.409,35.558,-8.579,-4.559
155,-24.567,-12.087,35.057,-8.610,-4.562
156,-17.292,-10.571,34.556,-8.643,-4.564
157,-11.653,-9.783,34.052,-8.677,-4.566
158,-6.911,-9.331,33.544,-8.715,-4.568
159,-3.088,-9.069,33.016,-8.759,-4.569
160,-0.193,-9.067,32.480,-8.806,-4.569
161,2.127,-8.988,31.937,-8.855,-4.569
162,5.639,-8.473,31.389,-8.906,-4.568
163,6.897,-8.321,30.831,-8.959,-4.565
164,7.987,-8.266,30.264,-9.015,-4.562
165,8.792,-8.248,29.687,-9.072,-4.557
166,9.267,-8.093,29.089,-9.133,-4.550
167,9.677,-7.806,28.482,-9.195,-4.541
168,9.954,-7.444,27.866,-9.258,-4.530
169,10.051,-7.021,27.241,-9.321,-4.517
170,9.900,-5.901,26.607,-9.383,-4.503
171,9.524,-5.459,25.964,-9.445,-4.487
172,8.944,-5.329,25.311,-9.507,-4.469
173,8.302,-5.385,24.642,-9.571,-4.448
174,7.585,-5.471,23.965,-9.636,-4.425
175,6.834,-5.434,23.280,-9.701,-4.400
176,6.220,-5.310,22.589,-9.766,-4.374
177,4.986,-4.684,21.889,-9.831,-4.346
178,4.386,-4.336,21.184,-9.895,-4.316
179,3.705,-4.054,20.473,-9.959,-4.285
180,3.010,-3.785,19.756,-10.022,-4.252
181,2.380,-3.609,19.031,-10.085,-4.218
182,1.837,-4.112,18.301,-10.148,-4.182
183,1.157,-5.292,17.568,-10.212,-4.144
184,-0.481,-6.536,16.830,-10.278,-4.105
185,-0.961,-6.120,16.088,-10.342,-4.064
186,-1.252,-5.123,15.344,-10.403,-4.021
187,-1.648,-3.938,14.598,-10.460,-3.976
188,-2.178,-2.816,13.847,-10.509,-3.930
189,-2.711,-1.833,13.093,-10.555,-3.883
190,-3.347,-0.968,12.338,-10.596,-3.836
191,-4.155,-0.222,11.580,-10.632,-3.790
192,-6.103,0.887,10.818,-10.664,-3.743
193,-7.105,1.308,10.054,-10.694,-3.696
194,-8.124,1.561,9.287,-10.721,-3.650
195,-9.183,1.637,8.516,-10.746,-3.603
196,-10.170,1.568,7.743,-10.770,-3.557
197,-11.093,1.466,6.969,-10.794,-3.510
198,-12.010,1.354,6.193,-10.817,-3.463
199,-13.752,0.680,5.414,-10.842,-3.415
200,-14.698,0.231,4.632,-10.866,-3.367
201,-15.517,-0.216,3.849,-10.890,-3.318
202,-16.235,-0.502,3.065,-10.913,-3.268
203,-16.827,-0.642,2.278,-10.934,-3.217
204,-17.374,-0.750,1.490,-10.953,-3.164
205,-17.904,-0.903,0.702,-10.971,-3.110
206,-18.616,-1.298,-0.088,-10.987,-3.056
207,-18.933,-1.474,-0.877,-11.001,-3.000
208,-19.190,-1.656,-1.666,-11.014,-2.944
209,-19.321,-1.863,-2.454,-11.025,-2.887
210,-19.381,-2.082,-3.241,-11.033,-2.829
211,-19.410,-2.379,-4.026,-11.039,-2.769
212,-19.398,-2.712,-4.808,-11.045,-2.709
213,-19.360,-3.040,-5.589,-11.049,-2.648
214,-19.067,-3.383,-6.366,-11.053,-2.586
215,-18.901,-3.575,-7.140,-11.057,-2.524
216,-18.726,-3.900,-7.911,-11.059,-2.460
217,-18.596,-4.309,-8.676,-11.061,-2.395
218,-18.516,-4.830,-9.438,-11.062,-2.329
219,-18.437,-5.467,-10.195,-11.064,-2.262
220,-18.322,-6.122,-10.948,-11.066,-2.193
221,-17.715,-6.909,-11.696,-11.069,-2.123
222,-17.156,-7.092,-12.438,-11.072,-2.052
223,-16.596,-7.163,-13.174,-11.074,-1.980
224,-15.974,-7.187,-13.904,-11.077,-1.906
225,-15.129,-7.099,-14.623,-11.080,-1.829
226,-14.119,-6.930,-15.334,-11.084,-1.751
227,-12.965,-6.810,-16.036,-11.089,-1.672
228,-10.751,-6.973,-16.728,-11.096,-1.591
229,-9.931,-7.205,-17.411,-11.105,-1.510
230,-9.215,-7.525,-18.086,-11.117,-1.427
231,-8.445,-7.939,-18.752,-11.131,-1.344
232,-7.632,-8.301,-19.401,-11.149,-1.258
233,-6.792,-8.562,-20.040,-11.170,-1.172
234,-5.953,-8.741,-20.669,-11.193,-1.085
235,-5.127,-8.850,-21.287,-11.218,-0.998
236,-3.385,-8.811,-21.891,-11.246,-0.909
237,-2.593,-8.802,-22.485,-11.275,-0.820
238,-1.838,-8.835,-23.067,-11.307,-0.731
239,-1.153,-8.811,-23.627,-11.344,-0.640
240,-0.518,-8.712,-24.176,-11.383,-0.550
241,0.108,-8.635,-24.712,-11.425,-0.459
242,0.739,-8.526,-25.236,-11.470,-0.368
243,1.789,-8.224,-25.746,-11.516,-0.277
244,2.200,-8.095,-26.244,-11.565,-0.186
245,2.558,-7.975,-26.730,-11.617,-0.095
246,2.894,-7.807,-27.203,-11.670,-0.005
247,3.267,-7.590,-27.653,-11.728,0.086
248,3.558,-7.261,-28.090,-11.788,0.177
249,3.769,-6.927,-28.515,-11.850,0.267
250,4.002,-6.404,-28.927,-11.912,0.357
251,4.125,-6.082,-29.327,-11.977,0.447
252,4.249,-5.743,-29.714,-12.042,0.537
253,4.388,-5.438,-30.088,-12.109,0.626
254,4.531,-5.163,-30.438,-12.180,0.715
255,4.620,-4.852,-30.776,-12.253,0.805
256,4.722,-4.522,-31.101,-12.326,0.893
257,4.840,-4.201,-31.413,-12.402,0.982
258,5.018,-3.884,-31.711,-12.478,1.070
259,5.137,-3.835,-31.997,-12.556,1.158
260,5.285,-3.682,-32.270,-12.635,1.245
261,5.386,-3.446,-32.518,-12.716,1.332
262,5.391,-3.221,-32.752,-12.798,1.419
263,5.335,-2.958,-32.974,-12.879,1.505
264,5.252,-2.649,-33.183,-12.960,1.591
265,4.939,-2.068,-33.380,-13.040,1.676
266,4.695,-1.725,-33.565,-13.119,1.761
267,4.375,-1.401,-33.737,-13.196,1.845
268,3.939,-1.136,-33.897,-13.273,1.929
269,3.396,-0.974,-34.033,-13.347,2.011
270,2.861,-0.745,-34.158,-13.419,2.093
271,2.326,-0.450,-34.271,-13.489,2.174
272,1.051,-0.325,-34.374,-13.557,2.255
273,0.306,-0.263,-34.465,-13.623,2.335
274,-0.526,-0.283,-34.547,-13.687,2.415
275,-1.418,-0.385,-34.617,-13.749,2.493
276,-2.337,-0.528,-34.665,-13.806,2.570
277,-3.222,-0.618,-34.703,-13.861,2.647
278,-4.058,-0.529,-34.731,-13.913,2.722
279,-4.912,-0.218,-34.749,-13.960,2.797
280,-6.628,0.718,-34.758,-14.003,2.870
281,-7.442,1.225,-34.758,-14.042,2.942
282,-8.236,1.781,-34.748,-14.077,3.012
283,-9.099,2.301,-34.718,-14.106,3.079
284,-10.005,2.699,-34.677,-14.130,3.143
285,-10.938,2.996,-34.628,-14.152,3.204
286,-11.942,3.158,-34.569,-14.170,3.262
287,-14.110,2.958,-34.503,-14.185,3.317
288,-15.268,2.594,-34.429,-14.198,3.368
289,-16.434,2.175,-34.346,-14.209,3.416
290,-17.572,1.648,-34.254,-14.218,3.460
291,-18.664,0.990,-34.142,-14.221,3.497
292,-19.740,0.306,-34.021,-14.222,3.530
293,-20.706,-0.260,-33.891,-14.221,3.559
294,-22.316,-0.965,-33.754,-14.218,3.583
295,-23.034,-1.227,-33.607,-14.212,3.603
296,-23.699,-1.440,-33.451,-14.205,3.619
297,-24.239,-1.662,-33.286,-14.195,3.629
298,-24.724,-1.891,-33.100,-14.184,3.630
299,-25.188,-2.164,-32.905,-14.172,3.625
300,-25.636,-2.570,-32.700,-14.160,3.615
301,-26.058,-3.057,-32.486,-14.150,3.600
302,-26.649,-4.073,-32.263,-14.141,3.579
303,-26.796,-4.516,-32.030,-14.134,3.554
304,-26.829,-4.892,-31.788,-14.128,3.523
305,-26.747,-5.241,-31.525,-14.124,3.482
306,-26.535,-5.497,-31.253,-14.121,3.437
307,-26.212,-5.637,-30.971,-14.120,3.386
308,-25.797,-5.724,-30.679,-14.120,3.332
309,-24.601,-5.872,-30.376,-14.121,3.273
310,-23.843,-5.856,-30.063,-14.123,3.210
311,-22.976,-5.841,-29.740,-14.127,3.143
312,-22.065,-5.749,-29.406,-14.131,3.073
313,-21.174,-5.639,-29.054,-14.138,2.996
314,-20.266,-5.527,-28.693,-14.145,2.916
315,-19.388,-5.388,-28.322,-14.154,2.834
316,-17.690,-5.146,-27.941,-14.164,2.749
317,-16.897,-5.043,-27.550,-14.175,2.662
318,-16.172,-5.019,-27.151,-14.187,2.573
319,-15.454,-5.046,-26.744,-14.200,2.482
320,-14.746,-5.059,-26.320,-14.216,2.389
321,-14.085,-4.998,-25.888,-14.232,2.294
322,-13.444,-4.899,-25.448,-14.250,2.198
323,-12.849,-4.802,-24.999,-14.268,2.102
324,-11.843,-4.737,-24.542,-14.286,2.004
325,-11.307,-4.775,-24.076,-14.305,1.907
326,-10.761,-4.826,-23.603,-14.324,1.808
327,-10.254,-4.943,-23.113,-14.344,1.709
328,-9.719,-5.084,-22.615,-14.364,1.610
329,-9.202,-5.267,-22.109,-14.385,1.510
330,-8.730,-5.466,-21.595,-14.406,1.411
331,-7.777,-5.887,-21.072,-14.428,1.312
332,-7.315,-6.150,-20.542,-14.451,1.213
333,-6.831,-6.448,-20.003,-14.475,1.114
334,-6.429,-6.840,-19.449,-14.499,1.016
335,-6.050,-7.354,-18.887,-14.525,0.920
336,-5.618,-7.777,-18.318,-14.551,0.824
337,-5.179,-8.026,-17.742,-14.577,0.729
338,-4.436,-8.385,-17.159,-14.604,0.636
339,-4.017,-8.552,-16.569,-14.632,0.543
340,-3.581,-8.734,-15.973,-14.659,0.453
341,-3.270,-8.858,-15.371,-14.687,0.363
342,-3.110,-9.007,-14.757,-14.715,0.278
343,-2.999,-9.112,-14.139,-14.744,0.194
344,-2.822,-9.144,-13.517,-14.773,0.113
345,-2.536,-9.174,-12.889,-14.802,0.034
346,-1.842,-9.236,-12.257,-14.831,-0.043
347,-1.460,-9.165,-11.620,-14.861,-0.116
348,-0.998,-8.991,-10.980,-14.890,-0.187
349,-0.424,-8.815,-10.332,-14.918,-0.252
350,0.154,-8.726,-9.681,-14.946,-0.313
351,0.557,-8.884,-9.029,-14.974,-0.371
352,0.800,-9.265,-8.375,-15.001,-0.425
353,1.276,-10.152,-7.719,-15.029,-0.476
354,1.566,-10.551,-7.063,-15.057,-0.522
355,1.943,-10.879,-6.406,-15.084,-0.565
356,2.436,-11.219,-5.749,-15.110,-0.598
357,3.086,-11.576,-5.091,-15.136,-0.627
358,3.906,-11.934,-4.435,-15.161,-0.652
359,4.695,-12.292,-3.778,-15.185,-0.672
360,5.886,-13.157,-3.122,-15.209,-0.689
361,6.481,-13.665,-2.466,-15.232,-0.701
362,6.994,-14.105,-1.813,-15.253,-0.709
363,7.451,-14.442,-1.161,-15.272,-0.713
364,7.845,-14.698,-0.513,-15.287,-0.709
365,8.152,-14.831,0.132,-15.299,-0.701
366,8.290,-14.608,0.775,-15.308,-0.690
367,8.336,-14.039,1.414,-15.313,-0.675
368,8.370,-12.577,2.051,-15.313,-0.657
369,8.201,-11.914,2.684,-15.311,-0.635
370,7.942,-11.423,3.314,-15.306,-0.610
371,7.602,-11.066,3.937,-15.298,-0.579
372,7.287,-10.741,4.558,-15.290,-0.545
373,7.017,-10.498,5.175,-15.280,-0.507
374,6.794,-10.363,5.788,-15.270,-0.466
375,6.580,-9.980,6.398,-15.258,-0.422
376,6.537,-9.767,7.004,-15.245,-0.374
377,6.564,-9.491,7.607,-15.232,-0.323
378,6.644,-9.132,8.205,-15.215,-0.264
379,6.650,-8.546,8.799,-15.196,-0.202
380,6.655,-7.718,9.389,-15.173,-0.138
381,6.558,-6.654,9.975,-15.145,-0.071
382,6.509,-3.800,10.557,-15.110,-0.002
383,6.251,-3.260,11.134,-15.072,0.069
384,5.711,-3.232,11.707,-15.032,0.141
385,5.034,-3.552,12.274,-14.991,0.214
386,4.313,-4.118,12.833,-14.951,0.289
387,3.559,-4.891,13.386,-14.912,0.367
388,2.811,-5.761,13.933,-14.875,0.447
389,2.140,-6.717,14.475,-14.839,0.529
390,0.940,-8.857,15.010,-14.806,0.614
391,0.517,-9.836,15.539,-14.775,0.701
392,0.294,-10.508,16.063,-14.742,0.791
393,0.231,-10.851,16.577,-14.703,0.886
394,0.195,-10.947,17.085,-14.661,0.984
395,0.128,-10.899,17.587,-14.615,1.084
396,-0.013,-10.809,18.083,-14.564,1.185
397,-0.457,-10.467,18.573,-14.508,1.288
398,-0.827,-10.330,19.056,-14.448,1.392
399,-1.308,-10.357,19.531,-14.383,1.496
400,-1.838,-10.439,19.995,-14.310,1.602
401,-2.333,-10.524,20.452,-14.235,1.709
402,-2.903,-10.683,20.902,-14.157,1.815
403,-3.510,-10.997,21.345,-14.076,1.921
404,-4.615,-11.799,21.780,-13.995,2.027
405,-5.254,-12.272,22.209,-13.913,2.132
406,-5.901,-12.712,22.631,-13.831,2.237
407,-6.522,-13.162,23.046,-13.747,2.341
408,-7.147,-13.509,23.451,-13.663,2.443
409,-7.754,-13.892,23.849,-13.579,2.545
410,-8.330,-14.296,24.241,-13.495,2.645
411,-8.858,-14.562,24.627,-13.412,2.744
412,-10.106,-15.242,25.006,-13.330,2.842
413,-10.707,-15.415,25.378,-13.248,2.938
414,-11.375,-15.484,25.744,-13.166,3.033
415,-11.958,-15.537,26.099,-13.084,3.124
416,-12.572,-15.535,26.447,-13.003,3.214
417,-13.218,-15.580,26.789,-12.922,3.302
418,-13.787,-15.592,27.125,-12.841,3.388
419,-14.785,-15.732,27.452,-12.761,3.473
420,-15.093,-15.615,27.773,-12.680,3.556
421,-15.377,-15.373,28.088,-12.600,3.637
422,-15.619,-15.210,28.391,-12.520,3.715
423,-15.787,-15.082,28.687,-12.440,3.791
424,-16.024,-14.846,28.975,-12.359,3.866
425,-16.259,-14.559,29.256,-12.279,3.939
426,-16.864,-14.388,29.529,-12.198,4.010
427,-17.559,-14.294,29.792,-12.118,4.079
428,-18.143,-14.241,30.047,-12.038,4.148
429,-18.731,-14.436,30.292,-11.959,4.215
430,-19.730,-14.551,30.519,-11.881,4.280
431,-21.026,-14.371,30.734,-11.803,4.343
432,-22.380,-14.022,30.937,-11.725,4.406
433,-23.715,-13.437,31.128,-11.647,4.468
434,-25.933,-12.324,31.305,-11.567,4.530
435,-26.882,-11.810,31.470,-11.488,4.591
436,-27.794,-11.230,31.623,-11.409,4.651
437,-28.615,-10.540,31.754,-11.331,4.710
438,-29.419,-9.943,31.873,-11.253,4.768
439,-30.343,-9.320,31.979,-11.175,4.825
440,-31.134,-8.435,32.074,-11.097,4.882
441,-32.884,-6.918,32.154,-11.018,4.938
442,-33.884,-6.174,32.221,-10.938,4.994
443,-34.818,-5.133,32.276,-10.858,5.048
444,-35.576,-4.290,32.308,-10.778,5.100
445,-36.242,-3.903,32.327,-10.698,5.151
446,-36.919,-3.393,32.335,-10.618,5.201
447,-37.388,-2.569,32.330,-10.537,5.249
448,-37.119,2.679,32.314,-10.446,5.296
449,-37.412,5.231,32.288,-10.351,5.342
450,-38.520,4.089,32.247,-10.259,5.387
451,-39.425,1.488,32.194,-10.173,5.430
452,-39.987,-0.671,32.117,-10.091,5.472
453,-40.218,-1.535,32.029,-10.011,5.512
454,-39.212,-1.538,31.931,-9.930,5.552
455,-37.632,-0.418,31.826,-9.847,5.592
456,-33.837,5.457,31.716,-9.752,5.630
457,-31.847,8.115,31.600,-9.651,5.668
458,-30.131,10.548,31.476,-9.547,5.705
459,-28.710,12.344,31.331,-9.440,5.740
460,-27.661,13.171,31.178,-9.333,5.773
461,-27.015,13.193,31.015,-9.226,5.804
462,-26.572,12.758,30.842,-9.121,5.834
463,-25.633,11.713,30.659,-9.019,5.863
464,-25.128,11.401,30.467,-8.918,5.889
465,-24.707,11.294,30.263,-8.818,5.915
466,-24.347,11.184,30.038,-8.718,5.937
467,-24.012,11.192,29.801,-8.619,5.958
468,-23.621,11.416,29.554,-8.519,5.977
469,-23.259,11.792,29.297,-8.418,5.996
470,-22.782,12.835,29.029,-8.315,6.012
471,-22.548,13.546,28.750,-8.210,6.028
472,-22.100,14.566,28.460,-8.103,6.041
473,-21.551,15.881,28.161,-7.994,6.054
474,-21.720,16.948,27.838,-7.882,6.062
475,-22.579,16.491,27.502,-7.771,6.068
476,-23.772,14.812,27.153,-7.662,6.073
477,-25.395,12.874,26.791,-7.557,6.075
478,-28.030,8.026,26.412,-7.459,6.076
479,-28.788,6.110,26.020,-7.363,6.076
480,-29.248,4.759,25.617,-7.267,6.074
481,-29.084,3.984,25.190,-7.169,6.071
482,-28.844,3.606,24.753,-7.070,6.067
483,-28.285,3.495,24.306,-6.970,6.062
484,-27.438,3.530,23.850,-6.870,6.056
485,-25.371,2.776,23.386,-6.770,6.050
486,-23.844,2.268,22.914,-6.672,6.043
487,-22.054,1.409,22.435,-6.575,6.035
488,-20.040,-0.255,21.936,-6.483,6.026
489,-18.180,-2.575,21.430,-6.396,6.016
490,-16.357,-5.015,20.917,-6.314,6.005
491,-14.191,-7.264,20.398,-6.238,5.994
492,-9.362,-11.374,19.879,-6.170,5.982
493,-7.014,-13.039,19.354,-6.107,5.969
494,-4.973,-14.928,18.824,-6.049,5.955
495,-2.968,-16.804,18.289,-5.995,5.941
496,-1.104,-18.426,17.740,-5.947,5.924
497,0.239,-19.974,17.186,-5.904,5.907
498,1.068,-21.791,16.627,-5.865,5.888
499,1.993,-26.610,16.063,-5.838,5.867
500,1.671,-36.363,15.491,-5.832,5.847
501,1.695,-37.700,14.915,-5.831,5.827
502,2.430,-37.184,14.334,-5.829,5.806
503,3.293,-35.157,13.744,-5.825,5.785
504,3.873,-32.289,13.151,-5.815,5.764
505,4.081,-29.401,12.555,-5.801,5.741
506,3.872,-26.329,11.956,-5.781,5.717
507,2.506,-19.728,11.351,-5.748,5.691
508,1.390,-16.841,10.742,-5.712,5.662
509,0.124,-14.493,10.129,-5.673,5.632
510,-1.132,-12.905,9.511,-5.638,5.597
511,-2.303,-11.906,8.891,-5.605,5.560
512,-3.352,-11.228,8.269,-5.576,5.520
513,-4.222,-10.790,7.647,-5.551,5.478
514,-5.749,-10.707,7.023,-5.532,5.435
515,-6.458,-11.074,6.398,-5.520,5.389
516,-7.114,-11.326,5.774,-5.515,5.341
517,-7.525,-11.405,5.152,-5.516,5.291
518,-7.762,-11.281,4.532,-5.529,5.238
519,-7.792,-10.733,3.915,-5.546,5.182
520,-7.662,-9.878,3.301,-5.567,5.124
521,-7.493,-8.914,2.691,-5.591,5.064
522,-7.008,-6.935,2.085,-5.615,5.001
523,-6.565,-6.067,1.484,-5.642,4.934
524,-6.046,-5.388,0.888,-5.673,4.865
525,-5.487,-4.864,0.302,-5.711,4.788
526,-4.788,-4.407,-0.277,-5.754,4.708
527,-4.031,-4.503,-0.849,-5.802,4.624
528,-3.443,-4.627,-1.413,-5.855,4.536
529,-2.245,-5.770,-1.968,-5.914,4.443
530,-1.888,-7.027,-2.515,-5.980,4.347
531,-1.450,-8.442,-3.053,-6.050,4.246
532,-0.820,-9.575,-3.575,-6.125,4.137
533,0.006,-10.398,-4.086,-6.203,4.025
534,0.757,-11.209,-4.587,-6.283,3.909
535,1.572,-11.517,-5.078,-6.365,3.791
536,3.785,-10.489,-5.554,-6.446,3.671
537,4.921,-9.591,-6.018,-6.526,3.547
538,6.041,-8.711,-6.469,-6.605,3.422
539,7.121,-7.907,-6.908,-6.682,3.294
540,7.990,-7.414,-7.324,-6.759,3.162
541,8.778,-7.249,-7.727,-6.836,3.027
542,9.613,-7.214,-8.118,-6.914,2.892
543,11.296,-6.857,-8.493,-6.991,2.755
544,12.072,-6.582,-8.855,-7.068,2.617
545,12.804,-6.521,-9.204,-7.145,2.479
546,13.523,-6.568,-9.539,-7.224,2.340
547,14.356,-6.405,-9.848,-7.305,2.202
548,15.335,-6.046,-10.143,-7.386,2.064
549,16.381,-5.910,-10.423,-7.469,1.927
550,17.454,-6.260,-10.689,-7.553,1.792
551,20.093,-6.032,-10.936,-7.637,1.657
552,21.449,-5.627,-11.168,-7.721,1.524
553,22.666,-5.197,-11.385,-7.803,1.392
554,23.778,-4.801,-11.573,-7.881,1.263
555,24.738,-4.451,-11.747,-7.957,1.135
556,25.587,-4.091,-11.905,-8.030,1.008
557,26.335,-3.685,-12.047,-8.100,0.883
558,27.530,-3.174,-12.174,-8.169,0.760
559,28.171,-3.023,-12.284,-8.235,0.638
560,28.740,-3.014,-12.379,-8.301,0.518
561,29.324,-3.066,-12.457,-8.366,0.399
562,29.873,-3.204,-12.504,-8.431,0.283
563,30.273,-3.428,-12.534,-8.495,0.168
564,30.643,-3.761,-12.546,-8.558,0.055
565,31.274,-4.777,-12.542,-8.624,-0.057
566,31.548,-5.398,-12.520,-8.689,-0.168
567,31.849,-5.955,-12.480,-8.756,-0.277
568,32.139,-6.344,-12.424,-8.822,-0.384
569,32.504,-6.571,-12.333,-8.889,-0.488
570,32.878,-6.771,-12.225,-8.957,-0.589
571,33.214,-6.914,-12.101,-9.026,-0.689
572,33.614,-7.018,-11.959,-9.095,-0.786
573,34.362,-7.087,-11.800,-9.166,-0.881
574,34.767,-7.137,-11.624,-9.237,-0.973
575,35.170,-7.186,-11.433,-9.309,-1.063
576,35.583,-7.179,-11.210,-9.384,-1.148
577,35.979,-7.152,-10.973,-9.460,-1.230
578,36.349,-7.191,-10.722,-9.537,-1.309
579,36.740,-7.276,-10.456,-9.615,-1.385
580,37.398,-7.476,-10.176,-9.695,-1.458
581,37.691,-7.602,-9.883,-9.776,-1.528
582,38.003,-7.846,-9.577,-9.858,-1.594
583,38.242,-8.228,-9.259,-9.941,-1.657
584,38.474,-8.696,-8.918,-10.027,-1.714
585,38.737,-9.124,-8.565,-10.113,-1.768
586,39.003,-9.564,-8.202,-10.201,-1.818
587,39.327,-11.051,-7.829,-10.292,-1.865
588,39.283,-11.832,-7.446,-10.385,-1.909
589,39.103,-12.478,-7.056,-10.479,-1.951
590,38.820,-13.057,-6.657,-10.575,-1.989
591,38.425,-13.463,-6.244,-10.674,-2.020
592,37.922,-13.684,-5.825,-10.774,-2.048
593,37.338,-13.762,-5.401,-10.875,-2.072
594,36.714,-13.425,-4.973,-10.977,-2.092
595,35.118,-12.074,-4.543,-11.079,-2.109
596,34.218,-11.408,-4.111,-11.180,-2.122
597,33.253,-10.913,-3.678,-11.284,-2.131
598,32.056,-10.537,-3.240,-11.391,-2.132
599,30.921,-10.106,-2.801,-11.498,-2.129
600,29.958,-9.487,-2.364,-11.606,-2.121
601,29.079,-8.597,-1.926,-11.715,-2.110
602,27.710,-6.591,-1.491,-11.821,-2.094
603,27.050,-5.611,-1.057,-11.927,-2.073
604,26.403,-4.766,-0.624,-12.033,-2.048
605,25.741,-4.071,-0.193,-12.140,-2.019
606,25.100,-3.453,0.235,-12.250,-1.981
607,24.450,-2.878,0.660,-12.359,-1.938
608,23.804,-2.316,1.083,-12.469,-1.891
609,22.548,-1.190,1.501,-12.577,-1.839
610,21.858,-0.766,1.916,-12.684,-1.784
611,21.125,-0.542,2.327,-12.790,-1.724
612,20.399,-0.553,2.734,-12.896,-1.660
613,19.691,-0.784,3.135,-12.999,-1.587
614,18.997,-1.184,3.533,-13.101,-1.510
615,18.311,-1.669,3.926,-13.200,-1.430
616,17.649,-2.083,4.316,-13.296,-1.344
617,16.603,-2.930,4.701,-13.389,-1.255
618,16.106,-3.531,5.083,-13.478,-1.162
619,15.575,-4.103,5.461,-13.561,-1.064
620,15.114,-4.426,5.835,-13.631,-0.960
621,14.664,-4.550,6.206,-13.692,-0.853
622,14.122,-4.367,6.574,-13.744,-0.742
623,13.686,-3.736,6.940,-13.786,-0.630
624,12.636,-2.481,7.303,-13.816,-0.515
625,12.091,-1.856,7.663,-13.838,-0.400
626,11.640,-1.347,8.022,-13.850,-0.283
627,11.079,-1.001,8.379,-13.855,-0.166
628,10.557,-0.668,8.734,-13.849,-0.048
629,10.143,-0.495,9.088,-13.839,0.070
630,9.691,-0.612,9.441,-13.826,0.188
631,8.843,-1.811,9.791,-13.812,0.305
632,8.560,-2.879,10.140,-13.797,0.423
633,8.420,-4.020,10.488,-13.782,0.540
634,8.344,-5.157,10.835,-13.765,0.658
635,8.354,-6.273,11.180,-13.744,0.777
636,8.461,-7.281,11.523,-13.720,0.896
637,8.647,-8.155,11.864,-13.694,1.016
638,8.918,-8.911,12.203,-13.665,1.137
639,9.668,-9.832,12.541,-13.633,1.259
640,10.121,-10.236,12.878,-13.596,1.382
641,10.487,-10.722,13.212,-13.555,1.506
642,10.744,-11.174,13.541,-13.503,1.631
643,10.908,-11.469,13.867,-13.447,1.758
644,11.102,-11.218,14.190,-13.384,1.886
645,11.387,-10.654,14.510,-13.315,2.014
646,11.690,-10.147,14.827,-13.240,2.143
647,11.606,-10.315,15.141,-13.161,2.273
648,11.535,-10.634,15.451,-13.080,2.405
649,11.452,-10.895,15.757,-12.997,2.537
650,11.377,-11.135,16.057,-12.910,2.672
651,11.464,-11.317,16.354,-12.824,2.809
652,11.729,-11.385,16.647,-12.738,2.948
653,12.428,-11.421,16.938,-12.652,3.088
654,12.825,-11.468,17.226,-12.567,3.230
655,13.304,-11.637,17.510,-12.484,3.374
656,13.740,-11.884,17.792,-12.402,3.519
657,14.093,-12.169,18.066,-12.324,3.667
658,14.476,-12.559,18.336,-12.248,3.817
659,14.746,-13.182,18.602,-12.175,3.968
660,15.001,-13.335,18.864,-12.104,4.121
661,15.518,-16.138,19.122,-12.039,4.275
662,15.362,-18.016,19.374,-11.980,4.430
663,15.746,-18.357,19.622,-11.921,4.587
664,16.233,-17.768,19.860,-11.861,4.747
665,16.494,-16.930,20.093,-11.801,4.909
666,16.620,-15.857,20.320,-11.738,5.072
667,16.507,-14.584,20.542,-11.674,5.236
668,15.255,-13.439,20.754,-11.608,5.401
669,14.303,-13.232,20.959,-11.543,5.566
670,13.336,-13.043,21.155,-11.479,5.732
671,12.188,-13.135,21.342,-11.416,5.899
672,11.019,-13.216,21.514,-11.357,6.068
673,9.858,-13.346,21.677,-11.299,6.237
674,8.657,-13.599,21.831,-11.242,6.408
675,6.383,-13.784,21.974,-11.186,6.580
676,5.265,-13.710,22.107,-11.131,6.753
677,4.173,-13.335,22.231,-11.074,6.926
678,3.205,-12.730,22.346,-11.016,7.101
679,2.496,-11.856,22.446,-10.954,7.278
680,1.832,-10.818,22.537,-10.890,7.456
681,1.197,-9.707,22.621,-10.823,7.635
682,0.708,-8.529,22.696,-10.752,7.814
683,0.100,-6.310,22.764,-10.677,7.993
684,-0.232,-5.373,22.824,-10.598,8.173
685,-0.512,-4.641,22.878,-10.517,8.352
686,-0.687,-3.969,22.919,-10.432,8.532
687,-0.830,-3.410,22.954,-10.346,8.711
688,-1.066,-2.999,22.983,-10.258,8.889
689,-1.301,-2.592,23.007,-10.168,9.067
690,-1.608,-1.620,23.025,-10.077,9.244
691,-1.837,-1.276,23.037,-9.984,9.420
692,-2.130,-0.909,23.044,-9.891,9.595
693,-2.395,-0.491,23.046,-9.796,9.769
694,-2.685,0.033,23.039,-9.698,9.941
695,-3.147,0.534,23.026,-9.600,10.111
696,-3.591,0.914,23.009,-9.500,10.280
697,-4.388,1.928,22.985,-9.397,10.447
698,-4.923,2.539,22.957,-9.292,10.613
699,-5.412,3.195,22.924,-9.186,10.778
700,-5.915,3.874,22.886,-9.077,10.941
701,-6.455,4.576,22.839,-8.965,11.100
702,-6.908,5.274,22.786,-8.852,11.258
703,-7.364,5.916,22.729,-8.736,11.413
704,-7.872,6.579,22.667,-8.618,11.567
705,-8.989,7.917,22.597,-8.497,11.719
706,-9.635,8.385,22.522,-8.373,11.869
707,-10.337,8.832,22.441,-8.248,12.018
708,-10.971,9.217,22.349,-8.118,12.162
709,-11.484,9.567,22.251,-7.987,12.304
710,-11.963,9.854,22.146,-7.853,12.444
711,-12.395,10.064,22.034,-7.717,12.582
712,-12.882,10.374,21.916,-7.578,12.717
713,-13.020,10.485,21.792,-7.437,12.851
714,-13.176,10.520,21.662,-7.294,12.982
715,-13.357,10.586,21.526,-7.149,13.111
716,-13.528,10.619,21.377,-6.999,13.235
717,-13.692,10.565,21.221,-6.848,13.355
718,-13.930,10.588,21.059,-6.693,13.473
719,-14.756,10.358,20.890,-6.537,13.588
720,-15.298,10.082,20.713,-6.380,13.699
721,-15.911,9.751,20.529,-6.221,13.806
722,-16.549,9.214,20.338,-6.061,13.910
723,-17.296,8.571,20.134,-5.899,14.007
724,-18.005,8.421,19.923,-5.735,14.099
725,-18.612,8.836,19.705,-5.568,14.188
726,-19.189,8.929,19.481,-5.401,14.272
727,-20.736,7.739,19.249,-5.234,14.351
728,-21.705,6.552,19.010,-5.070,14.426
729,-22.684,5.067,18.765,-4.908,14.496
730,-23.692,3.494,18.508,-4.749,14.557
731,-24.786,1.974,18.244,-4.594,14.613
732,-25.941,0.737,17.974,-4.441,14.664
733,-27.080,-0.277,17.698,-4.290,14.711
734,-29.190,-1.898,17.414,-4.143,14.752
735,-30.109,-2.382,17.125,-3.997,14.789
736,-30.825,-2.651,16.830,-3.853,14.820
737,-31.366,-2.678,16.531,-3.709,14.845
738,-31.773,-2.359,16.225,-3.567,14.860
739,-32.212,-2.061,15.915,-3.427,14.868
740,-32.750,-2.191,15.600,-3.290,14.870
741,-34.355,-3.218,15.280,-3.159,14.867
742,-35.315,-3.834,14.956,-3.034,14.857
743,-36.400,-4.690,14.626,-2.914,14.841
744,-37.479,-5.855,14.292,-2.803,14.819
745,-38.557,-7.004,13.950,-2.704,14.785
746,-39.942,-8.293,13.602,-2.613,14.745
747,-41.667,-10.352,13.248,-2.533,14.700
748,-43.295,-12.695,12.888,-2.462,14.648
749,-46.613,-17.127,12.518,-2.407,14.591
750,-48.142,-19.635,12.142,-2.363,14.528
751,-49.604,-22.307,11.760,-2.330,14.459
752,-50.547,-25.039,11.369,-2.314,14.381
753,-51.383,-27.156,10.973,-2.307,14.297
754,-51.840,-27.739,10.573,-2.308,14.209
755,-51.748,-27.417,10.169,-2.312,14.117
756,-51.045,-26.699,9.764,-2.321,14.020
757,-49.838,-25.673,9.357,-2.333,13.919
758,-48.756,-24.644,8.948,-2.348,13.815
759,-47.501,-23.466,8.538,-2.367,13.708
760,-45.902,-22.140,8.123,-2.394,13.594
761,-44.219,-20.665,7.708,-2.425,13.477
762,-42.542,-19.515,7.291,-2.459,13.357
763,-38.356,-24.812,6.879,-2.509,13.234
764,-36.554,-26.412,6.466,-2.568,13.110
765,-34.560,-25.343,6.053,-2.631,12.983
766,-32.649,-22.667,5.640,-2.694,12.856
767,-30.698,-19.005,5.223,-2.760,12.725
768,-28.652,-15.502,4.805,-2.824,12.591
769,-26.932,-12.811,4.388,-2.886,12.456
770,-25.563,-10.846,3.970,-2.950,12.318
771,-23.399,-8.182,3.553,-3.012,12.178
772,-22.511,-7.066,3.136,-3.075,12.035
773,-21.855,-6.092,2.718,-3.142,11.889
774,-21.434,-5.553,2.295,-3.215,11.737
775,-21.210,-5.425,1.872,-3.293,11.583
776,-21.219,-5.661,1.447,-3.376,11.426
777,-21.277,-6.087,1.021,-3.463,11.266
778,-21.413,-7.274,0.593,-3.557,11.104
779,-21.448,-7.961,0.164,-3.657,10.940
780,-21.473,-8.880,-0.267,-3.762,10.773
781,-21.371,-9.952,-0.698,-3.872,10.605
782,-21.167,-10.893,-1.133,-3.991,10.433
783,-20.961,-11.772,-1.569,-4.113,10.259
784,-20.668,-12.647,-2.006,-4.240,10.085
785,-19.130,-13.059,-2.442,-4.369,9.909
786,-18.188,-12.319,-2.878,-4.499,9.733
787,-18.504,-11.415,-3.316,-4.630,9.556
788,-18.698,-12.864,-3.757,-4.768,9.378
789,-18.220,-14.812,-4.200,-4.909,9.198
790,-18.415,-17.739,-4.646,-5.054,9.018
791,-17.913,-20.259,-5.092,-5.202,8.838
792,-16.433,-21.197,-5.536,-5.352,8.661
793,-13.422,-21.387,-5.977,-5.502,8.485
794,-11.597,-21.809,-6.415,-5.655,8.313
795,-10.012,-22.805,-6.852,-5.812,8.144
796,-8.266,-23.570,-7.288,-5.977,7.982
797,-6.185,-23.796,-7.722,-6.145,7.825
798,-3.859,-23.229,-8.152,-6.314,7.671
799,-1.342,-21.936,-8.578,-6.481,7.521
800,3.509,-19.320,-8.995,-6.645,7.374
801,5.658,-17.919,-9.407,-6.806,7.229
802,7.614,-16.596,-9.814,-6.965,7.087
803,9.400,-15.525,-10.217,-7.123,6.947
804,10.946,-14.571,-10.612,-7.278,6.811
805,12.318,-13.671,-11.001,-7.433,6.676
806,13.632,-13.038,-11.384,-7.587,6.543
807,16.130,-12.933,-11.756,-7.740,6.411
808,17.234,-13.157,-12.121,-7.895,6.280
809,18.287,-13.423,-12.478,-8.051,6.151
810,19.215,-13.803,-12.826,-8.207,6.022
811,20.162,-14.081,-13.159,-8.366,5.896
812,21.332,-14.337,-13.481,-8.525,5.772
813,22.357,-14.800,-13.793,-8.686,5.648
814,23.094,-15.277,-14.094,-8.847,5.526
815,24.782,-15.758,-14.383,-9.009,5.405
816,25.496,-15.853,-14.662,-9.171,5.286
817,26.195,-16.843,-14.930,-9.335,5.168
818,26.937,-17.557,-15.178,-9.503,5.055
819,27.971,-16.499,-15.415,-9.668,4.944
820,29.115,-14.119,-15.639,-9.831,4.835
821,30.210,-12.572,-15.852,-9.992,4.728
822,31.299,-13.559,-16.053,-10.157,4.622
823,31.939,-13.710,-16.243,-10.323,4.519
824,32.549,-13.988,-16.421,-10.491,4.418
825,32.629,-14.833,-16.589,-10.661,4.319
826,32.953,-15.805,-16.735,-10.829,4.225
827,33.332,-16.456,-16.870,-10.995,4.134
828,32.994,-16.856,-16.994,-11.155,4.045
829,32.304,-16.391,-17.109,-11.309,3.959
830,32.071,-15.095,-17.214,-11.454,3.877
831,32.009,-13.357,-17.308,-11.589,3.798
832,32.081,-11.424,-17.391,-11.716,3.723
833,32.079,-9.531,-17.452,-11.832,3.655
834,31.960,-7.873,-17.503,-11.943,3.590
835,31.757,-6.520,-17.543,-12.049,3.529
836,31.481,-5.398,-17.574,-12.153,3.471
837,30.814,-3.525,-17.595,-12.253,3.416
838,30.458,-2.707,-17.605,-12.351,3.364
839,30.075,-1.853,-17.606,-12.449,3.314
840,29.632,-1.242,-17.587,-12.549,3.269
841,29.111,-1.054,-17.557,-12.651,3.226
842,28.602,-1.221,-17.518,-12.756,3.186
843,28.111,-1.487,-17.468,-12.865,3.148
844,27.293,-2.051,-17.409,-12.978,3.113
845,27.016,-2.142,-17.341,-13.094,3.081
846,26.853,-2.138,-17.262,-13.212,3.052
847,26.650,-2.177,-17.163,-13.335,3.028
848,26.420,-2.213,-17.054,-13.460,3.008
849,26.255,-2.220,-16.937,-13.586,2.990
850,26.098,-2.197,-16.811,-13.713,2.975
851,25.801,-1.762,-16.676,-13.839,2.963
852,25.599,-1.513,-16.534,-13.964,2.953
853,25.308,-1.305,-16.383,-14.088,2.947
854,24.977,-1.064,-16.226,-14.210,2.943
855,24.575,-0.847,-16.054,-14.329,2.944
856,24.066,-0.695,-15.877,-14.445,2.947
857,23.501,-0.633,-15.694,-14.559,2.953
858,22.912,-0.674,-15.506,-14.670,2.962
859,21.662,-0.845,-15.315,-14.779,2.973
860,21.060,-0.997,-15.120,-14.885,2.987
861,20.450,-1.120,-14.920,-14.988,3.004
862,19.855,-1.279,-14.713,-15.085,3.026
863,19.266,-1.442,-14.503,-15.178,3.052
864,18.707,-1.574,-14.291,-15.267,3.080
865,18.165,-1.691,-14.076,-15.352,3.112
866,17.115,-1.921,-13.861,-15.432,3.146
867,16.626,-2.071,-13.645,-15.509,3.184
868,16.168,-2.247,-13.427,-15.581,3.225
869,15.740,-2.490,-13.207,-15.644,3.271
870,15.329,-2.724,-12.987,-15.702,3.321
871,14.896,-2.953,-12.766,-15.756,3.374
872,14.504,-3.212,-12.546,-15.805,3.430
873,13.895,-3.673,-12.326,-15.850,3.489
874,13.622,-3.935,-12.107,-15.891,3.552
875,13.390,-4.201,-11.889,-15.928,3.617
876,13.188,-4.495,-11.671,-15.961,3.686
877,13.003,-4.810,-11.454,-15.985,3.760
878,12.851,-5.074,-11.239,-16.007,3.838
879,12.684,-5.351,-11.024,-16.025,3.918
880,12.526,-5.864,-10.810,-16.040,4.001
881,12.263,-6.492,-10.598,-16.054,4.087
882,12.031,-6.629,-10.388,-16.065,4.175
883,11.627,-6.744,-10.180,-16.073,4.266
884,11.468,-6.600,-9.974,-16.077,4.362
885,11.242,-6.499,-9.771,-16.080,4.460
886,10.977,-6.215,-9.569,-16.083,4.560
887,10.872,-5.664,-9.369,-16.086,4.662
888,10.236,-4.818,-9.172,-16.088,4.766
889,9.772,-5.234,-8.977,-16.091,4.871
890,9.271,-6.307,-8.784,-16.097,4.977
891,8.875,-7.596,-8.594,-16.107,5.087
892,8.670,-9.113,-8.406,-16.121,5.198
893,8.578,-10.903,-8.220,-16.137,5.312
894,8.588,-12.710,-8.035,-16.156,5.428
895,9.358,-14.833,-7.850,-16.177,5.546
896,9.987,-14.995,-7.665,-16.196,5.666
897,10.572,-14.644,-7.481,-16.211,5.788
898,11.160,-13.940,-7.297,-16.223,5.913
899,11.709,-13.003,-7.115,-16.227,6.042
900,12.178,-12.002,-6.934,-16.229,6.172
901,12.497,-11.150,-6.753,-16.227,6.303
902,12.574,-10.498,-6.574,-16.223,6.436
903,12.228,-9.719,-6.396,-16.217,6.570
904,11.902,-9.693,-6.219,-16.210,6.705
905,11.512,-9.804,-6.044,-16.203,6.841
906,11.021,-9.970,-5.871,-16.196,6.979
907,10.522,-10.125,-5.699,-16.189,7.118
908,10.116,-10.172,-5.527,-16.182,7.259
909,9.725,-10.004,-5.357,-16.174,7.400
910,8.730,-9.679,-5.188,-16.166,7.542
911,8.251,-9.760,-5.020,-16.157,7.685
912,8.109,-8.240,-4.851,-16.144,7.829
913,8.248,-6.011,-4.681,-16.127,7.974
914,8.523,-4.547,-4.510,-16.109,8.119
915,8.133,-4.251,-4.340,-16.095,8.264
916,7.413,-4.951,-4.171,-16.086,8.409
917,6.757,-7.127,-4.002,-16.083,8.554
918,6.368,-8.603,-3.832,-16.084,8.700
919,5.841,-10.214,-3.663,-16.086,8.845
920,5.313,-11.667,-3.494,-16.089,8.992
921,4.968,-12.614,-3.325,-16.087,9.139
922,4.879,-12.868,-3.156,-16.080,9.288
923,4.868,-12.634,-2.986,-16.068,9.438
924,4.843,-11.644,-2.816,-16.049,9.589
925,4.927,-8.682,-2.645,-16.019,9.740
926,4.788,-7.046,-2.475,-15.982,9.893
927,4.524,-5.350,-2.306,-15.939,10.046
928,4.294,-3.996,-2.136,-15.887,10.199
929,3.817,-3.213,-1.967,-15.832,10.352
930,3.089,-2.957,-1.800,-15.775,10.504
931,2.324,-3.108,-1.634,-15.716,10.657
932,0.793,-4.280,-1.470,-15.659,10.809
933,0.158,-4.857,-1.308,-15.600,10.962
934,-0.349,-5.332,-1.146,-15.540,11.115
935,-0.841,-5.736,-0.985,-15.476,11.270
936,-1.241,-5.988,-0.824,-15.410,11.425
937,-1.480,-6.043,-0.664,-15.341,11.582
938,-1.631,-5.855,-0.505,-15.269,11.739
939,-1.795,-4.901,-0.346,-15.191,11.897
940,-1.902,-4.281,-0.187,-15.109,12.055
941,-2.043,-3.767,-0.029,-15.023,12.214
942,-2.255,-3.354,0.128,-14.933,12.372
943,-2.526,-3.009,0.284,-14.836,12.531
944,-2.864,-2.694,0.439,-14.736,12.690
945,-3.274,-2.445,0.593,-14.632,12.849
946,-3.712,-2.256,0.745,-14.526,13.007
947,-4.526,-2.015,0.896,-14.416,13.166
948,-4.904,-1.971,1.045,-14.303,13.324
949,-5.349,-1.907,1.193,-14.188,13.482
950,-5.831,-1.802,1.339,-14.068,13.639
951,-6.293,-1.700,1.484,-13.945,13.796
952,-6.823,-1.629,1.627,-13.820,13.953
953,-7.364,-1.563,1.767,-13.692,14.109
954,-8.430,-1.326,1.905,-13.562,14.265
955,-8.972,-1.178,2.040,-13.429,14.420
956,-9.585,-1.084,2.173,-13.294,14.574
957,-10.221,-1.014,2.302,-13.154,14.727
958,-10.853,-1.075,2.428,-13.012,14.879
959,-11.489,-1.339,2.552,-12.869,15.030
960,-12.092,-1.482,2.672,-12.724,15.180
961,-13.219,-0.772,2.789,-12.574,15.330
962,-13.768,-0.329,2.902,-12.422,15.478
963,-14.344,-0.026,3.012,-12.267,15.625
964,-15.041,0.180,3.119,-12.111,15.771
965,-15.831,0.223,3.220,-11.951,15.914
966,-16.647,0.128,3.317,-11.789,16.055
967,-17.478,-0.039,3.411,-11.625,16.194
968,-18.353,-0.212,3.500,-11.460,16.332
969,-20.144,-0.345,3.583,-11.293,16.468
970,-20.895,-0.249,3.662,-11.122,16.603
971,-21.612,-0.130,3.738,-10.949,16.735
972,-22.272,0.095,3.806,-10.769,16.864
973,-22.817,0.394,3.871,-10.586,16.991
974,-23.230,0.679,3.933,-10.399,17.116
975,-23.595,0.942,3.991,-10.209,17.238
976,-24.279,1.491,4.045,-10.016,17.358
977,-24.550,1.726,4.095,-9.819,17.475
978,-24.878,1.871,4.142,-9.620,17.589
979,-25.330,1.853,4.182,-9.417,17.697
980,-25.858,1.584,4.217,-9.214,17.801
981,-26.460,1.215,4.249,-9.010,17.901
982,-27.094,0.986,4.276,-8.805,17.997
983,-28.529,0.339,4.297,-8.600,18.090
984,-29.415,-0.018,4.313,-8.396,18.178
985,-30.281,-0.290,4.324,-8.191,18.261
986,-31.135,-0.587,4.330,-7.986,18.340
987,-31.995,-0.842,4.328,-7.781,18.409
988,-32.834,-1.040,4.321,-7.575,18.472
989,-33.702,-1.219,4.309,-7.369,18.530
990,-34.614,-1.349,4.291,-7.163,18.582
991,-36.762,-1.484,4.265,-6.958,18.628
992,-37.919,-1.586,4.234,-6.752,18.668
993,-39.186,-1.764,4.196,-6.547,18.702
994,-40.634,-2.044,4.147,-6.342,18.723
995,-42.161,-2.490,4.092,-6.139,18.737
996,-43.724,-2.958,4.029,-5.937,18.745
997,-45.310,-3.431,3.959,-5.738,18.746
998,-48.406,-4.103,3.879,-5.540,18.741
999,-49.952,-4.730,3.791,-5.346,18.729
1000,-51.819,-5.721,3.695,-5.155,18.710
1001,-53.943,-6.997,3.586,-4.971,18.679
1002,-55.718,-8.949,3.469,-4.794,18.642
1003,-57.435,-11.427,3.344,-4.625,18.598
1004,-59.674,-14.344,3.210,-4.465,18.548
1005,-62.894,-20.828,3.064,-4.321,18.493
1006,-64.702,-24.548,2.910,-4.189,18.432
1007,-66.274,-28.147,2.748,-4.069,18.366
1008,-67.579,-31.681,2.578,-3.959,18.294
1009,-68.747,-35.088,2.394,-3.865,18.212
1010,-69.683,-37.944,2.203,-3.780,18.125
1011,-70.347,-40.592,2.004,-3.705,18.032
1012,-70.830,-44.154,1.799,-3.640,17.934
1013,-70.463,-49.067,1.589,-3.590,17.832
1014,-70.789,-50.241,1.372,-3.545,17.725
1015,-70.888,-49.440,1.148,-3.504,17.614
1016,-71.060,-48.843,0.911,-3.471,17.494
1017,-71.405,-49.195,0.667,-3.445,17.371
1018,-71.739,-50.488,0.416,-3.426,17.243
1019,-71.737,-52.967,0.159,-3.417,17.111
1020,-69.627,-59.322,-0.101,-3.426,16.976
1021,-66.392,-65.805,-0.360,-3.452,16.836
1022,-62.677,-71.467,-0.619,-3.494,16.694
1023,-60.292,-71.896,-0.887,-3.544,16.548
#end orientation
#begin downsampled
i,ax_g,ay_g,az_g,gx_dps,gy_dps,gz_dps
0,0.454620,-0.064102,1.180862,9.5351,343.0031,-92.9040
1,0.430145,-0.064362,1.182907,9.4741,390.1524,-104.7637
2,0.405792,-0.074310,1.205795,7.2332,431.7455,-115.4573
3,0.377151,-0.083084,1.240814,3.1784,479.9543,-126.4253
4,0.328537,-0.080780,1.299942,-0.7241,519.4055,-133.2393
5,0.279373,-0.066940,1.360916,-5.3582,560.2592,-138.0869
6,0.220352,-0.054855,1.405899,-9.3750,591.7073,-138.9177
7,0.182953,-0.056763,1.413696,-13.0335,619.5732,-133.9939
8,0.132172,-0.061264,1.392136,-13.9710,637.3247,-123.7424
9,0.057755,-0.065033,1.374557,-12.4543,648.3918,-111.2348
10,0.013809,-0.098907,1.356918,-9.9162,654.8476,-97.3171
11,0.001785,-0.149734,1.338150,-7.1723,658.4604,-84.7256
12,-0.006287,-0.181412,1.327087,-4.1921,661.1815,-70.9528
13,-0.032944,-0.203400,1.326035,-1.0290,663.3613,-58.7652
14,-0.076035,-0.194992,1.328918,5.6707,665.8156,-44.7104
15,-0.154556,-0.169281,1.349030,11.9284,666.2347,-33.4070
16,-0.223770,-0.145294,1.380020,16.5244,664.2454,-21.2576
17,-0.280212,-0.139572,1.393997,16.9893,659.5504,-11.1509
18,-0.308746,-0.161362,1.381027,13.8567,650.0381,0.9451
19,-0.332443,-0.184647,1.344803,10.1524,636.1586,13.8872
20,-0.326752,-0.169342,1.290359,8.7348,618.4070,26.2424
21,-0.280151,-0.173355,1.250198,11.4024,596.2119,34.6570
22,-0.201172,-0.184555,1.239838,13.7729,574.6951,38.4070
23,-0.129593,-0.222153,1.209213,14.0549,549.4817,40.9985
24,-0.070160,-0.241882,1.123383,17.4924,525.4116,42.7820
25,-0.045059,-0.216034,1.062500,27.8049,495.4878,43.6204
26,-0.020950,-0.145752,0.975510,36.7835,468.1784,43.1784
27,0.015396,-0.091217,0.886169,44.9238,435.0229,41.0290
28,0.070343,-0.053345,0.742065,50.4954,401.2881,36.9207
29,0.118088,-0.048203,0.548309,56.3643,356.6616,31.0518
30,0.157913,-0.035995,0.342087,60.7088,303.7043,24.7866
31,0.201462,-0.029831,0.154922,61.4177,240.4802,19.0091
32,0.239639,-0.025650,-0.009415,57.7134,161.7759,13.5595
33,0.270599,-0.019547,-0.127228,51.2729,83.7424,9.2149
34,0.281693,-0.015228,-0.202606,40.3659,-9.1311,4.7180
35,0.259583,-0.008301,-0.251541,28.8491,-94.5198,1.3872
36,0.224854,-0.001694,-0.218384,14.0701,-194.2073,-1.3110
37,0.173782,-0.017838,-0.076828,-1.0213,-274.5122,-2.9649
38,0.121002,-0.036041,0.095978,-20.1067,-356.9436,-3.5061
39,0.046387,-0.048553,0.286789,-37.2790,-423.1631,-2.4009
40,-0.030930,-0.067429,0.441971,-52.6601,-489.9314,0.4726
41,-0.093826,-0.083679,0.588501,-63.1326,-546.0900,5.6555
42,-0.127930,-0.082184,0.732407,-70.3582,-595.2897,12.9040
43,-0.122574,-0.083420,0.881363,-74.5808,-637.8887,21.0976
44,-0.086716,-0.082626,1.032272,-77.2104,-668.3079,28.3689
45,-0.042023,-0.084961,1.153717,-77.2866,-692.8125,34.6723
46,0.023758,-0.117859,1.242508,-73.8643,-708.7500,41.4482
47,0.071198,-0.032974,1.309341,-63.5823,-722.6448,46.2119
48,0.190933,0.033554,1.421371,-54.5655,-731.2424,46.0595
49,0.301849,0.032120,1.450134,-50.3201,-738.7576,46.4863
50,0.398209,-0.006851,1.405777,-46.4634,-745.1677,49.1311
51,0.449677,-0.026352,1.367020,-38.7881,-751.5930,53.5823
52,0.473099,-0.046951,1.348190,-29.6723,-753.9406,57.2790
53,0.464294,-0.073929,1.332504,-22.2485,-752.0579,60.8765
54,0.439438,-0.105453,1.303757,-16.9284,-744.4589,65.0000
55,0.411499,-0.155563,1.300095,-13.1555,-733.7653,69.9466
56,0.347778,-0.163498,1.330490,-14.0777,-716.3034,76.5015
57,0.231354,-0.176758,1.358719,-19.9695,-694.9391,81.5092
58,0.156052,-0.209259,1.381302,-29.1463,-661.5015,86.0061
59,0.055695,-0.218109,1.406479,-38.4909,-626.0289,88.8186
60,-0.012955,-0.209702,1.398911,-51.1204,-580.4802,90.2515
61,-0.066040,-0.189682,1.372711,-62.7439,-535.9299,90.3277
62,-0.092773,-0.159531,1.364441,-74.6342,-483.3766,89.6951
63,-0.107681,-0.127808,1.378433,-84.8628,-431.5320,88.9024
64,-0.121414,-0.100845,1.403870,-94.6189,-378.1555,87.7896
65,-0.133514,-0.082733,1.423492,-101.8293,-319.9543,86.2500
66,-0.120697,-0.049011,1.431976,-103.7500,-267.1113,84.6113
67,-0.078903,-0.020798,1.443466,-100.3430,-207.7287,81.7912
68,0.003799,-0.008041,1.466522,-93.9101,-155.0457,79.1997
69,0.093552,-0.012161,1.472565,-81.8521,-94.8857,75.3811
70,0.203781,0.038818,1.477051,-69.5960,-45.8232,69.9619
71,0.302856,0.075027,1.454895,-56.2805,8.0259,58.9710
72,0.426804,0.045349,1.397186,-43.1707,55.9604,44.5808
73,0.524414,-0.012314,1.335052,-27.3704,109.1235,26.0595
74,0.590485,-0.040497,1.297318,-16.9207,158.3918,4.9619
75,0.633255,-0.079437,1.279510,-13.7500,206.6235,-18.3613
76,0.642487,-0.119003,1.278549,-16.2729,255.2896,-42.3857
77,0.592133,-0.133041,1.304474,-20.5259,296.2805,-61.2881
78,0.512451,-0.131592,1.348297,-26.1357,338.2775,-77.8049
79,0.419800,-0.124680,1.407227,-31.8674,373.1555,-88.3689
80,0.357452,-0.125504,1.452362,-37.6296,412.6372,-95.6936
81,0.291809,-0.125702,1.490479,-40.2210,446.1433,-98.6738
82,0.237701,-0.144318,1.518982,-41.2729,484.3140,-99.8933
83,0.179916,-0.179810,1.531082,-41.7988,520.3735,-98.4985
84,0.130707,-0.221161,1.537338,-41.6692,554.4283,-94.5427
85,0.089264,-0.244797,1.558136,-41.7759,584.0244,-87.8735
86,0.059738,-0.251770,1.557953,-42.6829,609.1464,-78.1098
87,0.004944,-0.232956,1.495331,-42.5534,628.3917,-64.1921
88,-0.034485,-0.251953,1.400269,-39.3750,638.3537,-48.8872
89,-0.081711,-0.270721,1.301727,-34.2759,640.5106,-27.4466
90,-0.150909,-0.307159,1.246552,-26.7530,636.8217,-10.5945
91,-0.189438,-0.331726,1.279022,-13.7957,628.5747,8.9482
92,-0.200974,-0.289948,1.395737,-5.6174,620.8994,23.4375
93,-0.180603,-0.268555,1.464203,-1.8445,612.4009,38.8110
94,-0.174774,-0.242447,1.491241,1.4329,603.0183,54.3445
95,-0.175095,-0.142853,1.531433,9.3369,591.6616,67.3323
96,-0.131012,-0.111069,1.607330,15.7088,578.8110,74.0549
97,-0.044739,-0.212128,1.559219,18.1250,564.7790,82.9344
98,-0.005295,-0.266006,1.394836,29.9390,545.4802,95.1601
99,0.014481,-0.235626,1.271942,47.9573,525.0839,102.7058
100,0.056808,-0.227936,1.211136,67.4085,500.1906,105.5945
101,0.114243,-0.253357,1.144714,77.2790,481.5320,104.5122
102,0.156219,-0.269608,1.076736,82.7668,459.6570,100.2896
103,0.196411,-0.268082,0.972122,84.1921,441.2729,94.4665
104,0.220871,-0.246323,0.881821,84.2073,419.5656,86.7073
105,0.223389,-0.213486,0.778946,83.5976,396.1662,79.0777
106,0.209229,-0.175613,0.677429,82.8201,368.7653,71.5320
107,0.209824,-0.148346,0.577850,81.5930,335.2286,65.4726
108,0.242615,-0.117950,0.514023,79.0930,295.9680,61.2805
109,0.273453,-0.087830,0.484695,74.0168,249.2759,58.1936
110,0.286362,-0.051315,0.435516,68.5594,205.1448,55.1372
111,0.280563,-0.023544,0.378235,63.8872,151.3110,49.7790
112,0.265732,0.020020,0.338150,61.4634,106.9360,44.7866
113,0.266022,-0.005875,0.325424,61.4863,50.6021,39.8399
114,0.234665,0.062485,0.383942,62.0960,1.9665,36.5244
115,0.222794,0.097305,0.432068,59.3140,-52.5381,30.1982
116,0.222031,0.095001,0.476898,57.8963,-104.9543,23.3308
117,0.224152,0.113327,0.514587,58.3918,-158.2622,16.8750
118,0.233032,0.158920,0.554794,59.9390,-211.7302,9.6875
119,0.266830,0.098663,0.526413,63.7729,-264.1768,1.4329
120,0.271744,0.034088,0.491669,73.8415,-320.6098,-4.1235
121,0.213684,0.020340,0.462753,78.2698,-372.1113,-7.1951
122,0.133011,-0.027924,0.427078,76.9893,-432.1189,-10.7622
123,0.046631,-0.107513,0.428268,74.4284,-476.7378,-13.7424
124,-0.005051,-0.182693,0.456665,68.6357,-523.7805,-18.8643
125,-0.022736,-0.340576,0.458557,62.8049,-554.8400,-21.0061
126,-0.037415,-0.269974,0.536377,59.1921,-580.6326,-24.2530
127,0.007309,-0.180374,0.727142,50.5259,-594.1844,-33.2317
128,0.077637,-0.168701,0.872253,29.7561,-598.5290,-43.2393
129,0.125137,-0.183151,0.926239,2.6524,-595.7622,-52.0960
130,0.124451,-0.136032,0.979385,-21.4253,-588.4222,-62.4848
131,0.095871,-0.090073,1.076599,-43.9634,-572.8201,-78.1174
132,0.045197,-0.130112,1.144272,-63.1936,-550.9375,-95.1296
133,-0.008713,-0.230408,1.220154,-71.9817,-515.2896,-114.0854
134,-0.132187,-0.218384,1.355530,-76.2500,-480.7774,-124.8628
135,-0.250671,-0.187973,1.492645,-78.6966,-430.8003,-135.2896
136,-0.382401,-0.185059,1.619614,-81.9970,-383.7043,-138.6585
137,-0.513733,-0.174011,1.638535,-88.1707,-327.5610,-136.7531
138,-0.684509,-0.139969,1.593491,-87.6296,-271.6387,-131.0518
139,-0.824905,-0.098846,1.621185,-81.1281,-212.2104,-124.7409
140,-0.933945,-0.091309,1.644455,-77.4238,-146.2271,-117.9421
141,-1.001114,-0.142502,1.638275,-74.7713,-74.2073,-111.7912
142,-1.039093,-0.187515,1.608704,-74.2302,5.2439,-103.4680
143,-1.062744,-0.191483,1.536026,-77.2561,74.8095,-94.1844
144,-1.062943,-0.182281,1.443161,-83.1936,150.3582,-80.9680
145,-1.018448,-0.177582,1.299606,-87.7973,204.2683,-68.5442
146,-0.961945,-0.198639,1.176300,-90.9832,263.1860,-52.4695
147,-0.918457,-0.250320,1.109970,-93.2241,305.0000,-39.2073
148,-0.884689,-0.270813,1.152771,-98.7119,341.3415,-22.7896
149,-0.823822,-0.239822,1.265564,-108.2774,363.5518,-5.4268
150,-0.769501,-0.185944,1.409180,-117.7134,376.0061,13.4070
151,-0.738739,-0.102478,1.551239,-127.0808,378.7119,33.2927
152,-0.676758,-0.034317,1.647552,-132.7363,375.4497,53.0716
153,-0.595306,-0.031021,1.694733,-128.5442,368.1174,72.9878
154,-0.497925,-0.092606,1.679214,-113.0640,360.6936,90.7851
155,-0.429489,-0.124542,1.668625,-77.1265,353.9634,108.2241
156,-0.365082,-0.050552,1.738068,-43.8567,351.7302,115.4497
157,-0.303055,-0.027161,1.750854,-17.2713,352.1722,117.2409
158,-0.239792,-0.128448,1.614166,-3.5137,351.8445,117.3171
159,-0.230637,-0.217819,1.454651,15.3659,346.8445,120.1372
160,-0.254089,-0.257568,1.338058,39.0930,337.0884,124.1387
161,-0.271912,-0.246628,1.319992,63.7805,325.1677,128.4146
162,-0.273285,-0.257156,1.323639,78.3156,312.3628,133.4223
163,-0.283676,-0.253372,1.248123,80.6402,298.3537,140.6326
164,-0.295410,-0.250397,1.135422,75.3049,280.9299,148.0640
165,-0.289734,-0.296829,1.008530,70.3125,262.7897,154.2226
166,-0.284180,-0.270020,0.922852,68.6204,237.6677,161.7683
167,-0.222336,-0.207047,0.881790,65.6174,214.8781,165.2439
168,-0.134781,-0.197754,0.824905,59.7485,183.6128,169.6646
169,-0.052872,-0.178116,0.776871,59.5808,155.2439,174.0930
170,-0.013260,-0.122116,0.786377,63.4070,123.0640,178.2241
171,0.008286,-0.063065,0.831894,68.3003,94.6570,178.8796
172,0.022812,-0.032883,0.894409,72.1951,69.8323,176.8521
173,0.042755,-0.003342,0.943924,74.8857,48.7348,172.2332
174,0.080276,0.037689,0.998337,78.3613,29.7256,166.1662
175,0.123306,0.090424,1.051025,82.6524,10.4345,158.4146
176,0.172775,0.146957,1.055710,87.2104,-8.1860,150.4954
177,0.214447,0.173996,1.020874,95.3506,-33.8186,140.5259
178,0.230682,0.180389,0.974182,104.0168,-57.2866,131.8750
179,0.233841,0.171906,0.924393,116.1890,-88.5976,118.6052
180,0.249542,0.140152,0.844757,126.4406,-115.3735,104.3064
181,0.271637,0.115738,0.775314,136.0061,-143.5518,85.5640
182,0.296173,0.052261,0.689285,139.8018,-167.3399,64.9085
183,0.311508,-0.009018,0.585419,140.3963,-188.4451,43.4375
184,0.318573,-0.022110,0.518616,137.9878,-206.4939,19.3140
185,0.326172,-0.028336,0.470657,126.8064,-222.2866,-7.2180
186,0.319641,-0.052689,0.386139,103.7119,-238.0564,-35.8994
187,0.331985,-0.094452,0.295731,79.6799,-253.2165,-60.5564
188,0.349792,-0.126099,0.249283,51.2043,-273.2393,-86.2119
189,0.356720,-0.130142,0.278107,29.7180,-290.6403,-102.7592
190,0.329697,-0.132858,0.331238,1.0290,-314.2073,-118.8338
191,0.289139,-0.171646,0.399734,-23.5518,-334.9314,-127.9192
192,0.263474,-0.108505,0.528671,-47.1723,-356.5320,-137.2409
193,0.279556,-0.073349,0.697571,-66.8064,-371.6235,-149.1997
194,0.313736,-0.094650,0.797272,-86.6844,-382.6296,-161.2729
195,0.326691,-0.151428,0.826538,-103.3613,-392.3552,-170.6479
196,0.302399,-0.186829,0.852188,-115.4573,-403.6433,-176.4329
197,0.298737,-0.256882,0.864853,-122.4466,-415.9070,-179.8094
198,0.249283,-0.407562,1.018173,-122.1723,-426.4711,-174.2226
199,0.096252,-0.436111,1.020401,-135.6479,-437.4924,-156.1662
200,-0.125824,-0.324493,1.040451,-141.5244,-441.7683,-143.9634
201,-0.278336,-0.274994,1.142242,-144.5503,-433.5823,-134.5579
202,-0.430359,-0.298615,1.232346,-147.4924,-413.1555,-129.1692
203,-0.552017,-0.339020,1.261032,-150.3506,-379.6418,-123.3384
204,-0.668808,-0.382492,1.275970,-152.5762,-341.1052,-115.7546
205,-0.777679,-0.306259,1.276672,-159.0701,-299.9238,-106.6997
206,-0.822388,-0.335129,1.227814,-160.8918,-255.6021,-96.7835
207,-0.860336,-0.360352,1.310181,-142.6906,-208.3232,-84.4741
208,-0.938507,-0.229706,1.485458,-123.3613,-157.5915,-67.7439
209,-0.989944,-0.096771,1.664505,-119.8399,-112.1646,-54.3826
210,-1.007431,-0.039978,1.827835,-129.1616,-58.0335,-41.9665
211,-0.981598,-0.071655,1.929123,-141.6921,-11.9741,-30.4573
212,-0.945511,-0.070541,1.924896,-151.1814,35.8003,-16.8293
213,-0.888840,-0.039139,1.895584,-150.6250,72.8963,-5.3277
214,-0.798782,-0.023315,1.877563,-142.5000,107.7210,6.8216
215,-0.672195,-0.038589,1.829834,-129.4741,133.2241,19.1768
216,-0.556900,-0.055222,1.747025,-112.1037,151.5244,32.5457
217,-0.459442,-0.074936,1.650345,-90.0457,162.5762,47.0427
218,-0.384735,-0.101944,1.555832,-69.4284,167.3323,60.2668
219,-0.341217,-0.127640,1.480255,-48.5137,167.9192,74.6418
220,-0.304489,-0.158829,1.409576,-33.3079,165.9527,86.5396
221,-0.272430,-0.150543,1.374908,-25.2591,161.2195,98.4909
222,-0.220657,-0.136551,1.304749,-27.5915,157.1951,105.7622
223,-0.189667,-0.251450,1.199173,-28.1936,152.4162,114.1082
224,-0.226883,-0.289001,1.146774,-18.8720,147.3399,123.4832
225,-0.265381,-0.227402,1.188431,-10.2591,141.9741,131.5168
226,-0.249207,-0.215652,1.235718,-7.8735,140.0381,136.6844
227,-0.207825,-0.220596,1.263641,-6.6082,140.9527,141.2043
228,-0.194855,-0.134491,1.335938,-7.4085,144.3826,144.1006
229,-0.149384,-0.172180,1.277069,-16.6540,148.4528,144.9162
230,-0.111694,-0.274857,1.245117,-4.8476,153.0259,147.5686
231,-0.112656,-0.190826,1.335968,14.4588,155.5107,151.4863
232,-0.084442,-0.082825,1.429749,28.4604,157.7058,152.2561
233,0.001541,-0.128754,1.456406,36.8369,160.0839,152.8278
234,0.039246,-0.145203,1.455566,49.9466,161.8293,156.1204
235,0.056229,-0.092636,1.472229,63.7805,162.0351,158.1784
236,0.094681,-0.061768,1.504501,78.5594,161.6540,158.0945
237,0.148026,-0.048676,1.510742,90.9223,160.9451,157.1037
238,0.204926,-0.036804,1.478333,102.5381,158.6814,155.3354
239,0.264389,-0.027969,1.422165,113.8567,153.9177,152.0656
240,0.322342,-0.015640,1.358383,124.5808,147.7287,148.2851
241,0.375824,0.002808,1.290436,134.3369,138.8491,141.8140
242,0.439926,-0.004883,1.193634,144.9619,129.6342,134.7561
243,0.476410,0.010269,1.123703,160.7470,117.3323,125.2134
244,0.494904,0.032471,1.072693,172.9192,105.5488,114.1082
245,0.523697,0.018661,1.028656,182.2942,91.4558,97.6906
246,0.567276,-0.007126,0.955566,187.4238,78.1860,79.2302
247,0.589706,-0.018997,0.859848,191.5701,61.9817,54.3979
248,0.605927,-0.024689,0.723312,193.5747,45.0610,26.7149
249,0.626434,-0.038559,0.587509,192.3933,26.5701,-2.5762
250,0.679855,-0.068314,0.475418,184.9314,4.9238,-33.2317
251,0.745758,-0.136536,0.346375,172.2790,-16.1280,-58.5061
252,0.770142,-0.173355,0.237213,153.8338,-42.9573,-83.9863
253,0.756470,-0.196854,0.176010,137.3018,-69.4207,-105.0534
254,0.707993,-0.182465,0.151382,113.4223,-103.0640,-126.1509
255,0.622345,-0.270279,0.110626,93.4832,-132.8278,-141.3872
#end downsampled
#begin fft_input
i,ax,ay,az
0,0.475668,0.061749,0.087404
1,0.468832,0.054425,0.078798
2,0.463155,0.054486,0.076906
3,0.456075,0.054547,0.076051
4,0.449789,0.054913,0.077516
5,0.444051,0.056439,0.080324
6,0.438497,0.056622,0.082643
7,0.433492,0.056195,0.086854
8,0.428793,0.054059,0.091920
9,0.418783,0.046246,0.101503
10,0.413595,0.043317,0.108766
11,0.407247,0.040753,0.116701
12,0.400289,0.038983,0.125307
13,0.392599,0.037946,0.133852
14,0.384664,0.036359,0.143983
15,0.376302,0.035993,0.155824
16,0.357748,0.036542,0.179628
17,0.345968,0.037824,0.191591
18,0.333578,0.040570,0.204469
19,0.322103,0.043561,0.219789
20,0.311300,0.047894,0.235536
21,0.300741,0.051373,0.250734
22,0.288717,0.053693,0.264833
23,0.261984,0.060895,0.288270
24,0.247518,0.064496,0.297670
25,0.235555,0.066449,0.304201
26,0.226400,0.066083,0.307741
27,0.217184,0.065167,0.309694
28,0.208700,0.065045,0.311220
29,0.200216,0.065167,0.314271
30,0.191183,0.064252,0.314882
31,0.176962,0.060101,0.310121
32,0.168111,0.058576,0.301698
33,0.154317,0.058148,0.294313
34,0.135946,0.058942,0.286317
35,0.115560,0.060895,0.281923
36,0.096151,0.063275,0.280458
37,0.079672,0.063825,0.276674
38,0.055746,0.051556,0.270143
39,0.044698,0.042828,0.266664
40,0.035055,0.034222,0.262575
41,0.027609,0.026227,0.259462
42,0.021139,0.017926,0.254030
43,0.016683,0.007611,0.247316
44,0.013876,-0.004962,0.244264
45,0.012655,-0.028888,0.239809
46,0.013265,-0.038348,0.234560
47,0.012594,-0.045123,0.229677
48,0.010091,-0.050799,0.227663
49,0.006612,-0.057880,0.226320
50,0.003500,-0.064838,0.225160
51,-0.000101,-0.070514,0.224916
52,-0.009745,-0.081256,0.224977
53,-0.016642,-0.083514,0.225221
54,-0.025004,-0.083636,0.224977
55,-0.035136,-0.083575,0.224672
56,-0.046366,-0.080890,0.226015
57,-0.058207,-0.076312,0.227235
58,-0.070292,-0.072833,0.228212
59,-0.084025,-0.068317,0.229921
60,-0.117289,-0.055621,0.238588
61,-0.134379,-0.050555,0.244997
62,-0.151652,-0.046588,0.250490
63,-0.169657,-0.042743,0.257753
64,-0.186198,-0.038287,0.268129
65,-0.201578,-0.030109,0.276613
66,-0.216776,-0.020404,0.282594
67,-0.245280,-0.010760,0.288454
68,-0.257487,-0.012591,0.291566
69,-0.266215,-0.016864,0.293703
70,-0.273051,-0.021503,0.294008
71,-0.278849,-0.025714,0.292421
72,-0.283854,-0.029987,0.286745
73,-0.290812,-0.034564,0.283144
74,-0.306254,-0.045734,0.280336
75,-0.308817,-0.053546,0.269594
76,-0.313944,-0.060504,0.261598
77,-0.320536,-0.063861,0.252443
78,-0.324381,-0.065570,0.237672
79,-0.325663,-0.067035,0.223207
80,-0.323832,-0.064532,0.208681
81,-0.319987,-0.055926,0.197877
82,-0.312418,-0.036395,0.180910
83,-0.305521,-0.038898,0.169679
84,-0.292582,-0.048663,0.161012
85,-0.277506,-0.059100,0.150331
86,-0.260294,-0.056476,0.141725
87,-0.244974,-0.047565,0.143434
88,-0.232157,-0.044269,0.138734
89,-0.195048,-0.056842,0.142885
90,-0.174845,-0.071857,0.138246
91,-0.157389,-0.083636,0.135194
92,-0.140665,-0.092425,0.129030
93,-0.125162,-0.098102,0.117372
94,-0.110636,-0.103839,0.101869
95,-0.096659,-0.112628,0.084291
96,-0.072611,-0.123675,0.044740
97,-0.062174,-0.125262,0.029970
98,-0.053812,-0.121173,0.014162
99,-0.046793,-0.115802,0.000368
100,-0.040018,-0.109759,-0.013854
101,-0.035014,-0.101520,-0.031188
102,-0.031779,-0.091815,-0.046690
103,-0.028178,-0.079425,-0.062560
104,-0.018473,-0.048053,-0.098143
105,-0.013163,-0.032855,-0.115965
106,-0.007304,-0.017718,-0.134398
107,0.000387,-0.002765,-0.153746
108,0.008932,0.009564,-0.173338
109,0.018087,0.019635,-0.195189
110,0.028951,0.030682,-0.219420
111,0.050863,0.056867,-0.271666
112,0.061788,0.066144,-0.302916
113,0.074667,0.069440,-0.338255
114,0.088644,0.067304,-0.376708
115,0.101522,0.065350,-0.418150
116,0.112081,0.065289,-0.461546
117,0.121664,0.067914,-0.505980
118,0.136984,0.075726,-0.599059
119,0.146871,0.079877,-0.644469
120,0.155660,0.083600,-0.690306
121,0.164571,0.085187,-0.737181
122,0.173422,0.084454,-0.782286
123,0.183248,0.084393,-0.826170
124,0.193990,0.086835,-0.867186
125,0.203634,0.089398,-0.907347
126,0.222555,0.092694,-0.985960
127,0.230917,0.093366,-1.024107
128,0.238607,0.094586,-1.060851
129,0.246969,0.094464,-1.095519
130,0.254842,0.094220,-1.128539
131,0.263387,0.095746,-1.157042
132,0.269979,0.097455,-1.181456
133,0.280782,0.100934,-1.225279
134,0.285909,0.102216,-1.244383
135,0.290975,0.102826,-1.262084
136,0.294393,0.103803,-1.279906
137,0.294881,0.104108,-1.297545
138,0.293295,0.105634,-1.311949
139,0.289449,0.107159,-1.325316
140,0.279745,0.109174,-1.346434
141,0.274740,0.111432,-1.353453
142,0.268697,0.113080,-1.356566
143,0.260397,0.114728,-1.354002
144,0.250448,0.116620,-1.345458
145,0.240621,0.118756,-1.331358
146,0.231222,0.120282,-1.312193
147,0.222372,0.119183,-1.288817
148,0.203329,0.110089,-1.232359
149,0.190450,0.105512,-1.198302
150,0.178609,0.099591,-1.160155
151,0.167989,0.095075,-1.120787
152,0.156026,0.090070,-1.079772
153,0.142904,0.085309,-1.037047
154,0.129476,0.082684,-0.994017
155,0.100851,0.079388,-0.909544
156,0.084432,0.077313,-0.870177
157,0.067464,0.074139,-0.832762
158,0.048910,0.070111,-0.794981
159,0.029989,0.065839,-0.759215
160,0.012594,0.060590,-0.726256
161,-0.004069,0.055707,-0.692015
162,-0.036173,0.049542,-0.625365
163,-0.050822,0.046063,-0.592772
164,-0.065226,0.041974,-0.561217
165,-0.078043,0.037518,-0.529295
166,-0.088358,0.034406,-0.496275
167,-0.098429,0.033002,-0.463500
168,-0.107157,0.032941,-0.431700
169,-0.113749,0.034161,-0.400755
170,-0.122660,0.041486,-0.337523
171,-0.122904,0.044293,-0.304686
172,-0.119730,0.043073,-0.272032
173,-0.115275,0.038983,-0.237364
174,-0.109049,0.034222,-0.201293
175,-0.100993,0.031659,-0.168150
176,-0.094279,0.030743,-0.136412
177,-0.078410,0.036420,-0.076048
178,-0.069804,0.040448,-0.046629
179,-0.059122,0.043500,-0.016112
180,-0.047465,0.046613,0.014284
181,-0.036356,0.048200,0.043764
182,-0.026286,0.036359,0.068117
183,-0.012736,0.010602,0.084413
184,0.021627,-0.019488,0.119936
185,0.032186,-0.012225,0.135866
186,0.038717,0.008466,0.147523
187,0.047750,0.033429,0.162416
188,0.060018,0.057477,0.178285
189,0.072775,0.078900,0.196046
190,0.088461,0.098126,0.218080
191,0.108785,0.115216,0.240663
192,0.160177,0.141950,0.290956
193,0.187582,0.152692,0.312746
194,0.216024,0.159467,0.332399
195,0.245199,0.161725,0.345094
196,0.272237,0.160199,0.352968
197,0.297140,0.157697,0.356325
198,0.320760,0.154767,0.353090
199,0.362508,0.137433,0.333864
200,0.384481,0.126141,0.321596
201,0.403280,0.115094,0.310670
202,0.418905,0.108136,0.298585
203,0.431417,0.104840,0.287965
204,0.442892,0.102338,0.278200
205,0.454366,0.098798,0.270143
206,0.469686,0.089581,0.259340
207,0.477010,0.085492,0.256105
208,0.482381,0.081281,0.251832
209,0.484518,0.076520,0.247865
210,0.485372,0.071454,0.245607
211,0.485372,0.064557,0.243165
212,0.484151,0.056867,0.240297
213,0.482015,0.049359,0.236696
214,0.471761,0.041791,0.228822
215,0.464498,0.037885,0.219911
216,0.457601,0.030866,0.212404
217,0.451864,0.022015,0.204591
218,0.448263,0.010541,0.198976
219,0.445272,-0.003619,0.194765
220,0.442281,-0.018390,0.192995
221,0.428182,-0.036578,0.194520
222,0.416341,-0.041583,0.200868
223,0.404440,-0.044086,0.207704
224,0.391012,-0.045550,0.214967
225,0.372762,-0.044818,0.225587
226,0.349874,-0.042010,0.235109
227,0.322713,-0.039996,0.242006
228,0.270101,-0.045062,0.251832
229,0.250570,-0.050983,0.254701
230,0.233907,-0.059283,0.259157
231,0.216085,-0.070087,0.264894
232,0.197408,-0.080096,0.273134
233,0.177328,-0.087115,0.277223
234,0.157186,-0.092181,0.281557
235,0.137533,-0.096027,0.289003
236,0.095113,-0.096637,0.299074
237,0.075826,-0.097552,0.306459
238,0.057088,-0.098712,0.308595
239,0.039999,-0.097919,0.307497
240,0.024191,-0.095172,0.305727
241,0.008627,-0.092792,0.302797
242,-0.006937,-0.089252,0.297487
243,-0.032450,-0.079974,0.285341
244,-0.042216,-0.075763,0.278200
245,-0.050700,-0.072162,0.273439
246,-0.058634,-0.067523,0.269594
247,-0.067362,-0.061664,0.265321
248,-0.074259,-0.053546,0.264162
249,-0.079142,-0.045184,0.261903
250,-0.084696,-0.032672,0.262819
251,-0.087748,-0.025104,0.264589
252,-0.090983,-0.017352,0.268739
253,-0.094706,-0.010516,0.274293
254,-0.098551,-0.004352,0.279726
255,-0.101237,0.002606,0.286684
256,-0.104044,0.010297,0.291200
257,-0.107340,0.017743,0.296510
258,-0.112833,0.024640,0.309511
259,-0.116190,0.025555,0.313966
260,-0.120219,0.029096,0.317934
261,-0.123087,0.034711,0.321901
262,-0.123392,0.040204,0.324098
263,-0.122111,0.046674,0.325746
264,-0.120158,0.054303,0.327577
265,-0.112467,0.068707,0.330385
266,-0.106425,0.077252,0.331972
267,-0.098490,0.085309,0.333681
268,-0.087687,0.091901,0.336366
269,-0.074137,0.095929,0.338869
270,-0.060892,0.101605,0.343690
271,-0.047648,0.108991,0.350648
272,-0.015543,0.112103,0.362367
273,0.003500,0.113690,0.364076
274,0.024801,0.113141,0.366823
275,0.047689,0.110516,0.368532
276,0.071310,0.106854,0.368898
277,0.094137,0.104535,0.369997
278,0.115865,0.106793,0.372499
279,0.138143,0.114789,0.374574
280,0.183309,0.138959,0.378908
281,0.204488,0.152020,0.377443
282,0.225118,0.166303,0.375368
283,0.247457,0.179608,0.372194
284,0.270651,0.189618,0.367372
285,0.294332,0.196942,0.361391
286,0.319479,0.200665,0.353761
287,0.372213,0.194501,0.332765
288,0.399374,0.184735,0.319093
289,0.425985,0.173749,0.303773
290,0.451437,0.160382,0.288148
291,0.475668,0.144147,0.273439
292,0.499105,0.127667,0.258241
293,0.519674,0.114301,0.243837
294,0.554098,0.098126,0.221132
295,0.570028,0.092267,0.212709
296,0.584798,0.087567,0.205019
297,0.596761,0.082684,0.198671
298,0.607626,0.077680,0.193300
299,0.618002,0.071698,0.187990
300,0.628500,0.062726,0.183717
301,0.638631,0.051984,0.179994
302,0.653402,0.029523,0.175172
303,0.657735,0.019635,0.174867
304,0.658956,0.011212,0.174745
305,0.657491,0.003278,0.175722
306,0.652975,-0.002704,0.178041
307,0.645773,-0.006183,0.181398
308,0.636373,-0.008563,0.185670
309,0.610067,-0.013385,0.199769
310,0.593526,-0.013995,0.209413
311,0.573812,-0.014606,0.218751
312,0.553426,-0.013568,0.229616
313,0.533712,-0.012103,0.241029
314,0.513692,-0.010638,0.253175
315,0.494222,-0.008441,0.265077
316,0.456442,-0.004779,0.288942
317,0.438863,-0.003314,0.300966
318,0.422628,-0.003680,0.311830
319,0.406515,-0.005328,0.322877
320,0.390768,-0.006732,0.334962
321,0.375875,-0.006183,0.346437
322,0.361166,-0.004596,0.357179
323,0.347250,-0.002887,0.366579
324,0.322652,-0.002216,0.378541
325,0.309530,-0.003741,0.385194
326,0.296285,-0.005756,0.393068
327,0.284017,-0.009479,0.400819
328,0.270834,-0.013873,0.408205
329,0.257894,-0.019305,0.414552
330,0.245992,-0.025165,0.420290
331,0.221334,-0.037311,0.428590
332,0.209066,-0.044635,0.430543
333,0.195943,-0.052692,0.430482
334,0.185079,-0.063251,0.430116
335,0.174825,-0.077045,0.428895
336,0.163229,-0.088580,0.429140
337,0.151693,-0.095843,0.432497
338,0.132162,-0.106769,0.440065
339,0.120992,-0.111835,0.443361
340,0.109518,-0.117877,0.449892
341,0.101278,-0.122089,0.454835
342,0.097128,-0.126910,0.459108
343,0.094381,-0.130695,0.464418
344,0.089437,-0.131427,0.463441
345,0.081503,-0.132220,0.463136
346,0.062093,-0.133075,0.457826
347,0.051168,-0.128741,0.443117
348,0.038229,-0.121112,0.425416
349,0.022604,-0.113361,0.406312
350,0.007284,-0.107501,0.383729
351,-0.003092,-0.108234,0.361574
352,-0.009135,-0.115253,0.343568
353,-0.020487,-0.131305,0.304567
354,-0.027262,-0.137958,0.286073
355,-0.035807,-0.141681,0.262575
356,-0.046671,-0.144794,0.235963
357,-0.060831,-0.148151,0.209962
358,-0.078593,-0.151874,0.187135
359,-0.095499,-0.156451,0.169557
360,-0.121195,-0.172137,0.150453
361,-0.134257,-0.182330,0.144105
362,-0.145975,-0.192035,0.142335
363,-0.156962,-0.200519,0.145021
364,-0.167216,-0.208331,0.152162
365,-0.176310,-0.214862,0.165102
366,-0.182413,-0.214923,0.185548
367,-0.186564,-0.207172,0.208986
368,-0.193827,-0.183185,0.259706
369,-0.192606,-0.171710,0.283388
370,-0.189005,-0.163959,0.306337
371,-0.183207,-0.159320,0.329225
372,-0.177042,-0.154132,0.346193
373,-0.171244,-0.149860,0.357362
374,-0.166483,-0.148028,0.366884
375,-0.162394,-0.140582,0.382082
376,-0.161845,-0.135944,0.388185
377,-0.162882,-0.129230,0.392152
378,-0.164652,-0.119342,0.390382
379,-0.164469,-0.103656,0.389955
380,-0.165324,-0.082904,0.398988
381,-0.163004,-0.055316,0.405092
382,-0.166239,0.017255,0.451723
383,-0.160563,0.031171,0.465639
384,-0.147501,0.030866,0.484499
385,-0.130656,0.020551,0.507509
386,-0.110880,0.004071,0.514833
387,-0.089762,-0.018146,0.518190
388,-0.068400,-0.042560,0.514223
389,-0.048808,-0.067767,0.496583
390,-0.014140,-0.118365,0.431276
391,-0.002360,-0.138202,0.390504
392,0.003744,-0.148639,0.349428
393,0.005514,-0.149921,0.309144
394,0.006551,-0.145465,0.273500
395,0.008260,-0.138385,0.242982
396,0.011617,-0.130878,0.215028
397,0.021627,-0.114459,0.170228
398,0.029745,-0.108661,0.155641
399,0.040182,-0.106891,0.142580
400,0.051473,-0.106403,0.129945
401,0.061788,-0.105853,0.116884
402,0.073446,-0.106708,0.102846
403,0.085775,-0.111163,0.090578
404,0.107442,-0.123126,0.064760
405,0.119772,-0.130267,0.051332
406,0.131857,-0.136249,0.036684
407,0.143148,-0.142169,0.021791
408,0.154012,-0.145465,0.005556
409,0.163717,-0.148334,-0.014525
410,0.172506,-0.151446,-0.034239
411,0.179891,-0.151569,-0.054137
412,0.196432,-0.152667,-0.098937
413,0.204244,-0.150836,-0.117369
414,0.212118,-0.146075,-0.139159
415,0.218099,-0.141132,-0.160338
416,0.224508,-0.135638,-0.179991
417,0.230367,-0.130084,-0.202696
418,0.234823,-0.124408,-0.223753
419,0.239034,-0.113544,-0.270567
420,0.238912,-0.106769,-0.288268
421,0.236715,-0.096881,-0.310790
422,0.233419,-0.088031,-0.334410
423,0.229757,-0.080646,-0.355040
424,0.226400,-0.071490,-0.377135
425,0.222677,-0.061786,-0.399596
426,0.216512,-0.047809,-0.445372
427,0.216573,-0.039752,-0.472472
428,0.215780,-0.033099,-0.496275
429,0.216940,-0.030780,-0.513793
430,0.222250,-0.027362,-0.531798
431,0.229574,-0.020526,-0.551024
432,0.237325,-0.012591,-0.568541
433,0.246236,-0.003863,-0.580931
434,0.262167,0.010297,-0.597106
435,0.269979,0.015973,-0.601622
436,0.277120,0.022199,-0.606444
437,0.282369,0.029523,-0.612608
438,0.287191,0.035931,-0.619200
439,0.292379,0.042645,-0.627257
440,0.294576,0.051618,-0.637206
441,0.297323,0.067120,-0.661925
442,0.299459,0.074262,-0.674498
443,0.299337,0.083356,-0.688597
444,0.296102,0.090619,-0.704039
445,0.293295,0.094220,-0.717284
446,0.291036,0.098370,-0.729430
447,0.287069,0.104230,-0.740599
448,0.277120,0.136823,-0.750243
449,0.275533,0.151898,-0.757079
450,0.275655,0.144086,-0.769835
451,0.279867,0.128888,-0.774535
452,0.282186,0.116620,-0.778136
453,0.281026,0.111859,-0.782225
454,0.276693,0.111676,-0.775939
455,0.269430,0.117963,-0.766295
456,0.254842,0.154950,-0.739439
457,0.247945,0.174176,-0.723937
458,0.242757,0.193402,-0.709044
459,0.238363,0.209027,-0.696105
460,0.235250,0.217755,-0.685057
461,0.233968,0.220075,-0.675902
462,0.233724,0.218610,-0.667357
463,0.233480,0.214398,-0.647704
464,0.233175,0.213910,-0.637389
465,0.232992,0.214764,-0.628600
466,0.233297,0.215558,-0.619811
467,0.233907,0.217389,-0.610899
468,0.234090,0.221234,-0.601744
469,0.233907,0.226239,-0.594115
470,0.236105,0.239301,-0.579222
471,0.237753,0.248151,-0.570860
472,0.239645,0.261823,-0.556822
473,0.241048,0.279584,-0.541564
474,0.244772,0.291242,-0.540465
475,0.251913,0.284650,-0.546263
476,0.262228,0.266034,-0.550353
477,0.272298,0.242902,-0.565123
478,0.287557,0.192853,-0.587279
479,0.290487,0.174481,-0.595885
480,0.291036,0.161847,-0.603270
481,0.287374,0.154889,-0.605956
482,0.281210,0.151227,-0.611998
483,0.272604,0.150006,-0.616393
484,0.261434,0.150067,-0.620238
485,0.232442,0.142987,-0.635314
486,0.213766,0.138532,-0.643370
487,0.192342,0.131390,-0.654356
488,0.171163,0.118451,-0.662840
489,0.152303,0.101117,-0.672179
490,0.135702,0.083356,-0.678893
491,0.118124,0.066998,-0.682066
492,0.081625,0.036298,-0.682982
493,0.064901,0.022138,-0.676756
494,0.050130,0.005475,-0.669981
495,0.035116,-0.012347,-0.661498
496,0.020406,-0.028705,-0.653502
497,0.009298,-0.044757,-0.646666
498,0.002035,-0.064288,-0.639098
499,-0.006693,-0.111407,-0.638365
500,-0.004923,-0.209491,-0.653014
501,-0.005656,-0.230182,-0.647460
502,-0.013224,-0.229083,-0.640379
503,-0.021891,-0.211932,-0.629210
504,-0.027872,-0.188800,-0.611754
505,-0.030253,-0.165607,-0.593504
506,-0.029032,-0.143939,-0.566893
507,-0.017252,-0.099933,-0.486632
508,-0.005473,-0.079974,-0.439085
509,0.009725,-0.062701,-0.392699
510,0.026510,-0.051349,-0.351439
511,0.043722,-0.045856,-0.312499
512,0.060567,-0.043353,-0.276122
513,0.075643,-0.042743,-0.245055
514,0.103353,-0.049457,-0.202696
515,0.116232,-0.057635,-0.191405
516,0.128255,-0.063617,-0.182311
517,0.135946,-0.066180,-0.176146
518,0.140218,-0.064593,-0.173644
519,0.141378,-0.056598,-0.167235
520,0.140218,-0.043964,-0.157103
521,0.138815,-0.029803,-0.143431
522,0.134725,-0.000812,-0.104491
523,0.129293,0.012067,-0.081725
524,0.122152,0.022138,-0.059264
525,0.113912,0.029828,-0.036742
526,0.102804,0.036481,-0.012084
527,0.089864,0.032880,0.010194
528,0.079366,0.029157,0.026491
529,0.055990,0.005841,0.032777
530,0.049642,-0.021869,0.053224
531,0.041036,-0.051959,0.060304
532,0.028463,-0.078998,0.081056
533,0.011190,-0.101459,0.107973
534,-0.005228,-0.122821,0.126344
535,-0.024027,-0.136737,0.160951
536,-0.076701,-0.121783,0.207094
537,-0.105692,-0.106036,0.238954
538,-0.135477,-0.089679,0.270082
539,-0.165629,-0.074420,0.301698
540,-0.192240,-0.066730,0.337038
541,-0.217692,-0.066730,0.370180
542,-0.245036,-0.069659,0.400453
543,-0.302470,-0.067157,0.458620
544,-0.331156,-0.063129,0.489625
545,-0.357645,-0.063983,0.511903
546,-0.383585,-0.067401,0.530153
547,-0.411967,-0.064105,0.542482
548,-0.443644,-0.054340,0.548707
549,-0.476908,-0.050616,0.550966
550,-0.507853,-0.059650,0.540285
551,-0.581278,-0.049823,0.509889
552,-0.619364,-0.037006,0.496461
553,-0.656718,-0.024493,0.492006
554,-0.691996,-0.013202,0.489625
555,-0.724711,-0.003558,0.491579
556,-0.756815,0.005963,0.498964
557,-0.787272,0.016705,0.508913
558,-0.841959,0.029767,0.533449
559,-0.868327,0.033795,0.539125
560,-0.891886,0.033795,0.543642
561,-0.914225,0.032269,0.544252
562,-0.934061,0.028424,0.542177
563,-0.950358,0.021893,0.543458
564,-0.964884,0.012311,0.543214
565,-0.988566,-0.016681,0.539430
566,-0.998515,-0.034320,0.536439
567,-1.007243,-0.049701,0.529726
568,-1.015116,-0.060138,0.522707
569,-1.023905,-0.065509,0.512941
570,-1.032694,-0.070026,0.502809
571,-1.039408,-0.072772,0.492067
572,-1.044291,-0.073627,0.474977
573,-1.052225,-0.071490,0.442506
574,-1.053995,-0.070270,0.421693
575,-1.055216,-0.068927,0.400636
576,-1.056315,-0.066058,0.379396
577,-1.054911,-0.062457,0.356142
578,-1.050394,-0.060199,0.330324
579,-1.044901,-0.058795,0.302492
580,-1.026224,-0.056171,0.244508
581,-1.014201,-0.055194,0.214540
582,-1.001505,-0.056537,0.182985
583,-0.986613,-0.060809,0.152101
584,-0.971293,-0.066547,0.121156
585,-0.957621,-0.071124,0.091493
586,-0.946329,-0.076068,0.064943
587,-0.927287,-0.099200,0.023317
588,-0.918620,-0.112689,0.011598
589,-0.910929,-0.124774,0.006837
590,-0.903178,-0.136371,0.006105
591,-0.895853,-0.145831,0.011049
592,-0.888224,-0.152728,0.020753
593,-0.879191,-0.157306,0.032777
594,-0.872050,-0.154620,0.051088
595,-0.854044,-0.136981,0.102174
596,-0.839213,-0.126971,0.124879
597,-0.822855,-0.120441,0.148073
598,-0.803202,-0.117450,0.177675
599,-0.784769,-0.112811,0.207338
600,-0.771159,-0.103351,0.237916
601,-0.762064,-0.087482,0.273988
602,-0.752238,-0.046466,0.343080
603,-0.747294,-0.024860,0.377443
604,-0.741495,-0.005572,0.410036
605,-0.733134,0.010785,0.439027
606,-0.723429,0.025922,0.464601
607,-0.711649,0.040570,0.487001
608,-0.698222,0.055402,0.506044
609,-0.671793,0.086224,0.543825
610,-0.655192,0.098187,0.560304
611,-0.636576,0.104535,0.575746
612,-0.616557,0.104108,0.587221
613,-0.595011,0.097211,0.592958
614,-0.573161,0.085309,0.596315
615,-0.551249,0.070905,0.598146
616,-0.528910,0.058698,0.595766
617,-0.491373,0.034222,0.582643
618,-0.472636,0.017194,0.571779
619,-0.453532,0.001080,0.562379
620,-0.439005,-0.008258,0.561342
621,-0.424723,-0.011798,0.560060
622,-0.409953,-0.007098,0.568422
623,-0.399027,0.010602,0.580385
624,-0.373331,0.046124,0.613100
625,-0.360087,0.064252,0.631776
626,-0.348124,0.079388,0.643251
627,-0.333537,0.089642,0.659853
628,-0.318705,0.099774,0.669557
629,-0.304850,0.105145,0.666139
630,-0.289042,0.101605,0.657655
631,-0.254374,0.066449,0.605775
632,-0.240885,0.036237,0.572328
633,-0.231242,0.005536,0.533449
634,-0.223429,-0.023456,0.492921
635,-0.218363,-0.050494,0.453676
636,-0.215861,-0.073138,0.413759
637,-0.215678,-0.091327,0.376405
638,-0.217631,-0.105609,0.340394
639,-0.228129,-0.119586,0.283754
640,-0.235453,-0.125262,0.259340
641,-0.241434,-0.133624,0.240541
642,-0.246073,-0.142474,0.229677
643,-0.248148,-0.147296,0.218385
644,-0.251871,-0.140521,0.214540
645,-0.258707,-0.127460,0.216493
646,-0.266032,-0.115741,0.218324
647,-0.265787,-0.121173,0.226320
648,-0.264628,-0.129108,0.227785
649,-0.262736,-0.135272,0.227296
650,-0.260172,-0.140155,0.222719
651,-0.260355,-0.142474,0.212465
652,-0.263651,-0.141009,0.197206
653,-0.271403,-0.133624,0.156435
654,-0.274943,-0.129596,0.131227
655,-0.279459,-0.127643,0.103334
656,-0.282633,-0.127154,0.075319
657,-0.283671,-0.127277,0.047487
658,-0.285380,-0.129474,0.020631
659,-0.284708,-0.136066,-0.006041
660,-0.284830,-0.134479,-0.025755
661,-0.280375,-0.171588,-0.091979
662,-0.274516,-0.201373,-0.111693
663,-0.273966,-0.198260,-0.140746
664,-0.276469,-0.181232,-0.159789
665,-0.276163,-0.162311,-0.172301
666,-0.272745,-0.139606,-0.185668
667,-0.266093,-0.115314,-0.195128
668,-0.239725,-0.093524,-0.205809
669,-0.221537,-0.088641,-0.212035
670,-0.202372,-0.083026,-0.222899
671,-0.180460,-0.081378,-0.236388
672,-0.158793,-0.079303,-0.250670
673,-0.137736,-0.077594,-0.266478
674,-0.117106,-0.077899,-0.281310
675,-0.080241,-0.074603,-0.306212
676,-0.063090,-0.070941,-0.316710
677,-0.046976,-0.063861,-0.323668
678,-0.033060,-0.054217,-0.328124
679,-0.023112,-0.041827,-0.328307
680,-0.013956,-0.027850,-0.325194
681,-0.005228,-0.013080,-0.320738
682,0.001485,0.002423,-0.314330
683,0.009908,0.031659,-0.298522
684,0.014608,0.044049,-0.289183
685,0.018697,0.053510,-0.277037
686,0.021383,0.062238,-0.262755
687,0.023702,0.069562,-0.247740
688,0.027486,0.074933,-0.233153
689,0.031332,0.080548,-0.220580
690,0.036825,0.094708,-0.192503
691,0.040853,0.099896,-0.180418
692,0.045919,0.105634,-0.170592
693,0.050619,0.112347,-0.161314
694,0.055807,0.120953,-0.152403
695,0.063924,0.129315,-0.144286
696,0.072042,0.135846,-0.133482
697,0.087606,0.153851,-0.107481
698,0.098287,0.165143,-0.092345
699,0.108419,0.177533,-0.077635
700,0.119039,0.190656,-0.063658
701,0.130331,0.204327,-0.052428
702,0.139791,0.217877,-0.045104
703,0.149313,0.230451,-0.039000
704,0.159505,0.243207,-0.036314
705,0.180441,0.267682,-0.042052
706,0.192159,0.275739,-0.047240
707,0.204244,0.282819,-0.055846
708,0.214681,0.288434,-0.065550
709,0.222738,0.293378,-0.074828
710,0.229696,0.296796,-0.085631
711,0.235922,0.298993,-0.094786
712,0.240987,0.301251,-0.113219
713,0.241354,0.301434,-0.122862
714,0.242330,0.300580,-0.130858
715,0.243307,0.299909,-0.140624
716,0.243368,0.298138,-0.153075
717,0.243429,0.295087,-0.164488
718,0.244222,0.292951,-0.178038
719,0.249593,0.283063,-0.211119
720,0.253927,0.275678,-0.227782
721,0.258688,0.267377,-0.245848
722,0.262533,0.255780,-0.266539
723,0.268270,0.243390,-0.285094
724,0.275045,0.239240,-0.298399
725,0.279195,0.242597,-0.315062
726,0.283102,0.241620,-0.329588
727,0.294454,0.221112,-0.359984
728,0.299825,0.203107,-0.380980
729,0.305929,0.182660,-0.398985
730,0.310140,0.161908,-0.421324
731,0.314047,0.142987,-0.445860
732,0.318136,0.128522,-0.470397
733,0.320638,0.117474,-0.496092
734,0.325277,0.101788,-0.539366
735,0.327230,0.097760,-0.556761
736,0.328695,0.095807,-0.569762
737,0.329855,0.095990,-0.579100
738,0.330038,0.099225,-0.586913
739,0.330953,0.102155,-0.594054
740,0.332723,0.101300,-0.601744
741,0.337545,0.093610,-0.624571
742,0.339803,0.089398,-0.638426
743,0.339864,0.083966,-0.656920
744,0.336568,0.077130,-0.679076
745,0.330892,0.071515,-0.703124
746,0.327047,0.066022,-0.727965
747,0.329305,0.056195,-0.749571
748,0.333700,0.045209,-0.767272
749,0.343282,0.027997,-0.801207
750,0.346639,0.019452,-0.818114
751,0.349569,0.011151,-0.834776
752,0.353719,0.001141,-0.845763
753,0.359029,-0.006366,-0.853941
754,0.364095,-0.008624,-0.855711
755,0.367574,-0.008929,-0.851744
756,0.372396,-0.010760,-0.840270
757,0.370565,-0.010944,-0.827818
758,0.366903,-0.009601,-0.817687
759,0.362264,-0.007648,-0.806090
760,0.355611,-0.005328,-0.792052
761,0.347738,-0.001605,-0.777586
762,0.340109,0.000714,-0.763365
763,0.320577,-0.043597,-0.746336
764,0.314779,-0.061664,-0.734496
765,0.306661,-0.063129,-0.713561
766,0.295858,-0.050738,-0.691283
767,0.284505,-0.029437,-0.666014
768,0.276205,-0.009174,-0.633910
769,0.272543,0.006390,-0.599669
770,0.272421,0.017682,-0.564940
771,0.277975,0.032697,-0.491087
772,0.281515,0.040204,-0.454039
773,0.286947,0.047467,-0.417723
774,0.293600,0.050824,-0.385375
775,0.301412,0.049725,-0.356871
776,0.311117,0.044232,-0.332640
777,0.319967,0.036359,-0.312926
778,0.332662,0.016644,-0.288207
779,0.336446,0.005780,-0.281432
780,0.338705,-0.008075,-0.278746
781,0.339132,-0.024371,-0.275939
782,0.337972,-0.039020,-0.272643
783,0.336202,-0.052631,-0.270812
784,0.333212,-0.066424,-0.268431
785,0.318258,-0.079547,-0.239073
786,0.306173,-0.071063,-0.224303
787,0.297201,-0.048663,-0.263731
788,0.297628,-0.067950,-0.276305
789,0.305624,-0.108173,-0.236693
790,0.315328,-0.157794,-0.231383
791,0.321615,-0.211993,-0.200499
792,0.314962,-0.251849,-0.141173
793,0.274252,-0.281390,-0.075133
794,0.242513,-0.298175,-0.055052
795,0.210653,-0.317218,-0.060240
796,0.175008,-0.330157,-0.068297
797,0.132650,-0.331378,-0.076537
798,0.085775,-0.314960,-0.086730
799,0.036825,-0.286334,-0.091124
800,-0.054545,-0.234882,-0.087645
801,-0.095805,-0.212237,-0.072386
802,-0.134928,-0.192035,-0.052733
803,-0.172770,-0.177203,-0.029723
804,-0.208048,-0.164935,-0.003356
805,-0.241495,-0.153216,0.023866
806,-0.275431,-0.146320,0.050783
807,-0.343119,-0.153888,0.093385
808,-0.374552,-0.162738,0.110170
809,-0.405131,-0.172137,0.124696
810,-0.433695,-0.184222,0.138856
811,-0.462809,-0.193744,0.151369
812,-0.493571,-0.199725,0.151491
813,-0.522013,-0.210834,0.152589
814,-0.547282,-0.224750,0.162599
815,-0.599955,-0.239154,0.173158
816,-0.624918,-0.244037,0.182313
817,-0.640421,-0.263446,0.166872
818,-0.664896,-0.281024,0.167665
819,-0.699747,-0.259845,0.182741
820,-0.731852,-0.205096,0.192995
821,-0.759135,-0.167621,0.190431
822,-0.782328,-0.185626,0.167909
823,-0.792155,-0.185077,0.151063
824,-0.804484,-0.188556,0.139162
825,-0.807047,-0.206805,0.134523
826,-0.811747,-0.225421,0.120607
827,-0.821024,-0.238116,0.112672
828,-0.824381,-0.252826,0.130800
829,-0.839457,-0.259296,0.189821
830,-0.855875,-0.240008,0.235170
831,-0.876383,-0.207660,0.280641
832,-0.899271,-0.167316,0.322816
833,-0.920512,-0.125751,0.365053
834,-0.937785,-0.087970,0.405824
835,-0.951212,-0.056171,0.443849
836,-0.960123,-0.028827,0.478334
837,-0.975138,0.018720,0.549684
838,-0.984965,0.040387,0.591188
839,-0.994303,0.064252,0.634523
840,-0.999125,0.081891,0.674867
841,-0.999308,0.087018,0.713502
842,-0.995951,0.081036,0.745790
843,-0.990092,0.071759,0.772890
844,-0.977763,0.051801,0.814577
845,-0.972819,0.048261,0.827699
846,-0.968790,0.048200,0.833436
847,-0.961771,0.046735,0.836488
848,-0.951456,0.045575,0.835268
849,-0.941691,0.045575,0.829591
850,-0.931742,0.046613,0.822694
851,-0.911906,0.061688,0.807741
852,-0.900370,0.070172,0.801149
853,-0.886942,0.077130,0.798036
854,-0.870768,0.085248,0.792238
855,-0.852030,0.092511,0.786623
856,-0.831156,0.097516,0.785158
857,-0.807597,0.099591,0.782106
858,-0.782511,0.098309,0.776979
859,-0.728617,0.092938,0.761720
860,-0.701517,0.088178,0.749818
861,-0.674418,0.084454,0.737489
862,-0.647196,0.079694,0.722047
863,-0.620402,0.074933,0.705690
864,-0.594340,0.071271,0.686830
865,-0.569071,0.068219,0.666994
866,-0.520853,0.062482,0.626222
867,-0.498087,0.058759,0.603761
868,-0.477030,0.054364,0.582033
869,-0.457194,0.048200,0.559633
870,-0.438517,0.042401,0.538087
871,-0.419779,0.036908,0.517335
872,-0.402933,0.030682,0.497682
873,-0.375468,0.020245,0.459230
874,-0.363078,0.014386,0.440187
875,-0.352213,0.008527,0.421937
876,-0.342753,0.001996,0.405275
877,-0.333781,-0.004901,0.388063
878,-0.325602,-0.010211,0.369997
879,-0.317484,-0.015826,0.353395
880,-0.309367,-0.027057,0.334779
881,-0.296244,-0.039569,0.304811
882,-0.288065,-0.041766,0.294252
883,-0.279032,-0.045306,0.300172
884,-0.273539,-0.040973,0.293703
885,-0.265116,-0.037006,0.280763
886,-0.256083,-0.028827,0.269350
887,-0.249735,-0.013751,0.251527
888,-0.229899,0.008222,0.229982
889,-0.215922,0.000043,0.212831
890,-0.201640,-0.022906,0.195619
891,-0.189921,-0.049945,0.176271
892,-0.181376,-0.079730,0.146608
893,-0.175150,-0.113422,0.112794
894,-0.172221,-0.146991,0.084474
895,-0.184672,-0.184039,0.048524
896,-0.196757,-0.185321,0.040285
897,-0.209208,-0.178302,0.042055
898,-0.221903,-0.164386,0.046266
899,-0.234415,-0.146381,0.054201
900,-0.246317,-0.127826,0.066591
901,-0.255228,-0.112140,0.078798
902,-0.258952,-0.100360,0.090333
903,-0.255778,-0.087665,0.113710
904,-0.250529,-0.088763,0.123476
905,-0.243388,-0.092548,0.131227
906,-0.233866,-0.097552,0.138795
907,-0.223795,-0.102130,0.145082
908,-0.215678,-0.104266,0.151124
909,-0.207926,-0.101825,0.158754
910,-0.186259,-0.095904,0.167238
911,-0.176188,-0.098773,0.173158
912,-0.177042,-0.069049,0.207216
913,-0.184183,-0.020831,0.240114
914,-0.191386,0.013165,0.247255
915,-0.181559,0.020368,0.244874
916,-0.163248,0.004620,0.235597
917,-0.141154,-0.039264,0.175905
918,-0.130167,-0.069232,0.152345
919,-0.117716,-0.103229,0.140138
920,-0.106120,-0.134967,0.135622
921,-0.099039,-0.156818,0.137697
922,-0.097758,-0.164142,0.144533
923,-0.098612,-0.161883,0.158327
924,-0.099345,-0.143207,0.178163
925,-0.104655,-0.082660,0.228822
926,-0.102885,-0.046832,0.251955
927,-0.098490,-0.008990,0.280641
928,-0.094828,0.021893,0.309206
929,-0.083720,0.040570,0.320985
930,-0.066386,0.046124,0.336732
931,-0.047587,0.041730,0.347780
932,-0.008891,0.011517,0.353761
933,0.007284,-0.003497,0.356996
934,0.020223,-0.015521,0.355226
935,0.032797,-0.025897,0.355348
936,0.043050,-0.032428,0.355958
937,0.049093,-0.033527,0.353029
938,0.052938,-0.028705,0.353029
939,0.057150,-0.004535,0.355958
940,0.059957,0.011029,0.359987
941,0.063802,0.023724,0.367128
942,0.069540,0.033917,0.374879
943,0.076864,0.042401,0.382631
944,0.086019,0.050214,0.390810
945,0.097250,0.056317,0.399660
946,0.109274,0.060956,0.407838
947,0.131429,0.067059,0.415407
948,0.141500,0.068219,0.415224
949,0.153158,0.069989,0.413087
950,0.165548,0.072919,0.408388
951,0.177145,0.075787,0.401979
952,0.190572,0.077802,0.396547
953,0.203939,0.079755,0.388917
954,0.228963,0.086408,0.367189
955,0.241476,0.090436,0.356386
956,0.255453,0.093060,0.344484
957,0.269491,0.095075,0.330629
958,0.282552,0.093854,0.313417
959,0.295309,0.087750,0.295839
960,0.308004,0.084576,0.283327
961,0.331442,0.102033,0.261659
962,0.342123,0.112653,0.248964
963,0.353048,0.119794,0.235292
964,0.366048,0.124555,0.218996
965,0.380331,0.125470,0.200319
966,0.394308,0.123273,0.179811
967,0.407858,0.119550,0.158327
968,0.421835,0.115826,0.136354
969,0.450521,0.113202,0.096254
970,0.461385,0.115277,0.077821
971,0.471212,0.117780,0.059816
972,0.479635,0.122296,0.042421
973,0.486105,0.128156,0.027467
974,0.490743,0.133649,0.015810
975,0.494405,0.138593,0.004823
976,0.501180,0.148663,-0.015440
977,0.503866,0.152875,-0.023253
978,0.507162,0.155316,-0.032347
979,0.512655,0.154645,-0.042479
980,0.519613,0.149396,-0.052733
981,0.528402,0.142438,-0.062376
982,0.537313,0.138104,-0.073058
983,0.554708,0.126325,-0.101500
984,0.565939,0.120099,-0.117369
985,0.575277,0.115521,-0.135252
986,0.583334,0.110700,-0.154173
987,0.589803,0.106793,-0.175231
988,0.594869,0.103986,-0.196898
989,0.598959,0.101666,-0.220213
990,0.602010,0.100263,-0.245482
991,0.608236,0.099713,-0.302306
992,0.610922,0.099103,-0.331664
993,0.614217,0.097638,-0.361815
994,0.619222,0.095136,-0.393126
995,0.624593,0.090985,-0.424437
996,0.630148,0.087018,-0.454894
997,0.633993,0.083539,-0.486205
998,0.639730,0.080487,-0.544676
999,0.647115,0.076337,-0.568480
1000,0.662252,0.069379,-0.591734
1001,0.681600,0.060956,-0.616698
1002,0.700887,0.047284,-0.636717
1003,0.719930,0.030743,-0.657469
1004,0.735677,0.015424,-0.690550
1005,0.756490,-0.015216,-0.744566
1006,0.764425,-0.027484,-0.777281
1007,0.771688,-0.037250,-0.806395
1008,0.776876,-0.045489,-0.832274
1009,0.780355,-0.051532,-0.856322
1010,0.783712,-0.055438,-0.875548
1011,0.784872,-0.059344,-0.891295
1012,0.784567,-0.066852,-0.908202
1013,0.772665,-0.083697,-0.924071
1014,0.762533,-0.080829,-0.933653
1015,0.751363,-0.074420,-0.934325
1016,0.739401,-0.067706,-0.936644
1017,0.726705,-0.061786,-0.943785
1018,0.712850,-0.058185,-0.953795
1019,0.698263,-0.060565,-0.964537
1020,0.666219,-0.088763,-0.976988
1021,0.644064,-0.131854,-0.987731
1022,0.621969,-0.178729,-1.000792
1023,0.602377,-0.200153,-0.996275
#end fft_input
#begin fft
bin,freq_hz,ax,ay,az
0,0.0000000,0.1010321,0.0117270,0.0008729
1,0.9765625,0.2509497,0.0136667,0.0452398
2,1.9531250,0.2401218,0.0232747,0.0945736
3,2.9296875,0.2778057,0.0166703,0.4127095
4,3.9062500,0.3520445,0.0830423,0.4289014
5,4.8828125,0.2238251,0.0738977,0.1836313
6,5.8593750,0.1171934,0.0224570,0.1670844
7,6.8359375,0.1235166,0.0815665,0.1641160
8,7.8125000,0.0620419,0.0658946,0.0280947
9,8.7890625,0.1479215,0.0330963,0.0573736
10,9.7656250,0.1242585,0.0089946,0.0630519
11,10.7421875,0.0935082,0.0225131,0.0679467
12,11.7187500,0.0726637,0.0580649,0.1196835
13,12.6953125,0.0856927,0.0556313,0.1279700
14,13.6718750,0.0192898,0.0375301,0.1260047
15,14.6484375,0.0199821,0.0145216,0.0182917
16,15.6250000,0.0384033,0.0177901,0.0183760
17,16.6015625,0.0285120,0.0083592,0.0113794
18,17.5781250,0.0309853,0.0089417,0.0386998
19,18.5546875,0.0363412,0.0062959,0.0264123
20,19.5312500,0.0187428,0.0155306,0.0095997
21,20.5078125,0.0319914,0.0262175,0.0336286
22,21.4843750,0.0200815,0.0281842,0.0540328
23,22.4609375,0.0161226,0.0190554,0.0361557
24,23.4375000,0.0054264,0.0118120,0.0183666
25,24.4140625,0.0103285,0.0123274,0.0076841
26,25.3906250,0.0130515,0.0065840,0.0156297
27,26.3671875,0.0191002,0.0054982,0.0227622
28,27.3437500,0.0076775,0.0089435,0.0067752
29,28.3203125,0.0102685,0.0087103,0.0060497
30,29.2968750,0.0116967,0.0046465,0.0142078
31,30.2734375,0.0089724,0.0169285,0.0241514
32,31.2500000,0.0067528,0.0148411,0.0175884
33,32.2265625,0.0064490,0.0029919,0.0181196
34,33.2031250,0.0016598,0.0044490,0.0099386
35,34.1796875,0.0033478,0.0088407,0.0105230
36,35.1562500,0.0049524,0.0135922,0.0174799
37,36.1328125,0.0044158,0.0082108,0.0158048
38,37.1093750,0.0061760,0.0047009,0.0152599
39,38.0859375,0.0052918,0.0004833,0.0122359
40,39.0625000,0.0021670,0.0084230,0.0085706
41,40.0390625,0.0017396,0.0100934,0.0010862
42,41.0156250,0.0017333,0.0059225,0.0014661
43,41.9921875,0.0052621,0.0044164,0.0109525
44,42.9687500,0.0009929,0.0099741,0.0130908
45,43.9453125,0.0035936,0.0125426,0.0042297
46,44.9218750,0.0035809,0.0092579,0.0048671
47,45.8984375,0.0051233,0.0058041,0.0098983
48,46.8750000,0.0041264,0.0018009,0.0111660
49,47.8515625,0.0018032,0.0057918,0.0044396
50,48.8281250,0.0006357,0.0054854,0.0069517
51,49.8046875,0.0040564,0.0088183,0.0078788
52,50.7812500,0.0033050,0.0072018,0.0050072
53,51.7578125,0.0021436,0.0037724,0.0019220
54,52.7343750,0.0015078,0.0059034,0.0069141
55,53.7109375,0.0013806,0.0020657,0.0071295
56,54.6875000,0.0012682,0.0066592,0.0019493
57,55.6640625,0.0010880,0.0052973,0.0071073
58,56.6406250,0.0048043,0.0114920,0.0127076
59,57.6171875,0.0064732,0.0140295,0.0108939
60,58.5937500,0.0021631,0.0050658,0.0052913
61,59.5703125,0.0001839,0.0044719,0.0057823
62,60.5468750,0.0023953,0.0076248,0.0044722
63,61.5234375,0.0057515,0.0102201,0.0044973
64,62.5000000,0.0038299,0.0053964,0.0055479
65,63.4765625,0.0020897,0.0076136,0.0040260
66,64.4531250,0.0017123,0.0062994,0.0050363
67,65.4296875,0.0023733,0.0023932,0.0013824
68,66.4062500,0.0026903,0.0060582,0.0022055
69,67.3828125,0.0015129,0.0051967,0.0035888
70,68.3593750,0.0003629,0.0021877,0.0022412
71,69.3359375,0.0013275,0.0075312,0.0046373
72,70.3125000,0.0015585,0.0066002,0.0046121
73,71.2890625,0.0012336,0.0031731,0.0024526
74,72.2656250,0.0008091,0.0007624,0.0025415
75,73.2421875,0.0010963,0.0022841,0.0034046
76,74.2187500,0.0009801,0.0004131,0.0025045
77,75.1953125,0.0002899,0.0010026,0.0006699
78,76.1718750,0.0009372,0.0036908,0.0003820
79,77.1484375,0.0020457,0.0064020,0.0032394
80,78.1250000,0.0013275,0.0033317,0.0041080
81,79.1015625,0.0003811,0.0057712,0.0023824
82,80.0781250,0.0002127,0.0037421,0.0025753
83,81.0546875,0.0010550,0.0040235,0.0039494
84,82.0312500,0.0019053,0.0034689,0.0015834
85,83.0078125,0.0015147,0.0018228,0.0027186
86,83.9843750,0.0004573,0.0011215,0.0024717
87,84.9609375,0.0005288,0.0011268,0.0014999
88,85.9375000,0.0009151,0.0033085,0.0002442
89,86.9140625,0.0006506,0.0021433,0.0015926
90,87.8906250,0.0003253,0.0023866,0.0036565
91,88.8671875,0.0013762,0.0036369,0.0016282
92,89.8437500,0.0011994,0.0030325,0.0027408
93,90.8203125,0.0012826,0.0040946,0.0019078
94,91.7968750,0.0011273,0.0037365,0.0012826
95,92.7734375,0.0006657,0.0016902,0.0018777
96,93.7500000,0.0007026,0.0009631,0.0012090
97,94.7265625,0.0004295,0.0021452,0.0005191
98,95.7031250,0.0007023,0.0022079,0.0013000
99,96.6796875,0.0004159,0.0007082,0.0007871
100,97.6562500,0.0002852,0.0016236,0.0017711
101,98.6328125,0.0004900,0.0022275,0.0022666
102,99.6093750,0.0003469,0.0022692,0.0011251
103,100.5859375,0.0010410,0.0020065,0.0017531
104,101.5625000,0.0006784,0.0010847,0.0010624
105,102.5390625,0.0003558,0.0006622,0.0005315
106,103.5156250,0.0004331,0.0009125,0.0012186
107,104.4921875,0.0005612,0.0014714,0.0009480
108,105.4687500,0.0004058,0.0008310,0.0008315
109,106.4453125,0.0000906,0.0010998,0.0011347
110,107.4218750,0.0006201,0.0014095,0.0008015
111,108.3984375,0.0001678,0.0009390,0.0010558
112,109.3750000,0.0007752,0.0017164,0.0011562
113,110.3515625,0.0006894,0.0013519,0.0007210
114,111.3281250,0.0006815,0.0012752,0.0007758
115,112.3046875,0.0003861,0.0012667,0.0008406
116,113.2812500,0.0004563,0.0007269,0.0004652
117,114.2578125,0.0008679,0.0009208,0.0010864
118,115.2343750,0.0008678,0.0008691,0.0014601
119,116.2109375,0.0005236,0.0009784,0.0016115
120,117.1875000,0.0005936,0.0013855,0.0003762
121,118.1640625,0.0008177,0.0006577,0.0011796
122,119.1406250,0.0008376,0.0004287,0.0004640
123,120.1171875,0.0005000,0.0010814,0.0007816
124,121.0937500,0.0002311,0.0015862,0.0002516
125,122.0703125,0.0004646,0.0020108,0.0004042
126,123.0468750,0.0007879,0.0023937,0.0015315
127,124.0234375,0.0011257,0.0018554,0.0008156
128,125.0000000,0.0005326,0.0023394,0.0018788
129,125.9765625,0.0012322,0.0013198,0.0003999
130,126.9531250,0.0013269,0.0009053,0.0007791
131,127.9296875,0.0013025,0.0006844,0.0009344
132,128.9062500,0.0006137,0.0017555,0.0007204
133,129.8828125,0.0004252,0.0014683,0.0014335
134,130.8593750,0.0005486,0.0009124,0.0003249
135,131.8359375,0.0010907,0.0007947,0.0006623
136,132.8125000,0.0011441,0.0010296,0.0015827
137,133.7890625,0.0004990,0.0008736,0.0008744
138,134.7656250,0.0003394,0.0006388,0.0008717
139,135.7421875,0.0003618,0.0002319,0.0002242
140,136.7187500,0.0002106,0.0006542,0.0005203
141,137.6953125,0.0003411,0.0005548,0.0004763
142,138.6718750,0.0004968,0.0002877,0.0002438
143,139.6484375,0.0008350,0.0011594,0.0013095
144,140.6250000,0.0010345,0.0012805,0.0010932
145,141.6015625,0.0005898,0.0015117,0.0013612
146,142.5781250,0.0006284,0.0009472,0.0012668
147,143.5546875,0.0007263,0.0004498,0.0009685
148,144.5312500,0.0006817,0.0008326,0.0004869
149,145.5078125,0.0012514,0.0006001,0.0006094
150,146.4843750,0.0008431,0.0003320,0.0006773
151,147.4609375,0.0007703,0.0017269,0.0014647
152,148.4375000,0.0010454,0.0020307,0.0013843
153,149.4140625,0.0007926,0.0007764,0.0021163
154,150.3906250,0.0002730,0.0009267,0.0007653
155,151.3671875,0.0000715,0.0011158,0.0008364
156,152.3437500,0.0004926,0.0004108,0.0000273
157,153.3203125,0.0003393,0.0005672,0.0002916
158,154.2968750,0.0005903,0.0002748,0.0010607
159,155.2734375,0.0010220,0.0011082,0.0003306
160,156.2500000,0.0007620,0.0006871,0.0005049
161,157.2265625,0.0008807,0.0008771,0.0011140
162,158.2031250,0.0002761,0.0010253,0.0012463
163,159.1796875,0.0002819,0.0003652,0.0008879
164,160.1562500,0.0002284,0.0001756,0.0002417
165,161.1328125,0.0004449,0.0008113,0.0005311
166,162.1093750,0.0007579,0.0008785,0.0004945
167,163.0859375,0.0007078,0.0010007,0.0008390
168,164.0625000,0.0002787,0.0003930,0.0002552
169,165.0390625,0.0003442,0.0008105,0.0005305
170,166.0156250,0.0002912,0.0009001,0.0005205
171,166.9921875,0.0002347,0.0008883,0.0003743
172,167.9687500,0.0001029,0.0003757,0.0009078
173,168.9453125,0.0002716,0.0002356,0.0004114
174,169.9218750,0.0002528,0.0004172,0.0007334
175,170.8984375,0.0000931,0.0008116,0.0005786
176,171.8750000,0.0000753,0.0005894,0.0004122
177,172.8515625,0.0002821,0.0008475,0.0010762
178,173.8281250,0.0001063,0.0006430,0.0007586
179,174.8046875,0.0002257,0.0003809,0.0010840
180,175.7812500,0.0001904,0.0002884,0.0004448
181,176.7578125,0.0001204,0.0002660,0.0003466
182,177.7343750,0.0001162,0.0003077,0.0004531
183,178.7109375,0.0001993,0.0003625,0.0000348
184,179.6875000,0.0001263,0.0007081,0.0003489
185,180.6640625,0.0003581,0.0006980,0.0007461
186,181.6406250,0.0002902,0.0008564,0.0001205
187,182.6171875,0.0004207,0.0015269,0.0006779
188,183.5937500,0.0002462,0.0007105,0.0002366
189,184.5703125,0.0001780,0.0002669,0.0001107
190,185.5468750,0.0002147,0.0002759,0.0004990
191,186.5234375,0.0002608,0.0002078,0.0002069
192,187.5000000,0.0001907,0.0003588,0.0003760
193,188.4765625,0.0001067,0.0003715,0.0002240
194,189.4531250,0.0000734,0.0007993,0.0003129
195,190.4296875,0.0001563,0.0002355,0.0003131
196,191.4062500,0.0000483,0.0007624,0.0006397
197,192.3828125,0.0002010,0.0006105,0.0004431
198,193.3593750,0.0004319,0.0005775,0.0008930
199,194.3359375,0.0003756,0.0005614,0.0002143
200,195.3125000,0.0000943,0.0003332,0.0006758
201,196.2890625,0.0001523,0.0003513,0.0002683
202,197.2656250,0.0002831,0.0009847,0.0005683
203,198.2421875,0.0001941,0.0010965,0.0004668
204,199.2187500,0.0002351,0.0008926,0.0007904
205,200.1953125,0.0001407,0.0004526,0.0002764
206,201.1718750,0.0001423,0.0006443,0.0005008
207,202.1484375,0.0001026,0.0004070,0.0003595
208,203.1250000,0.0001461,0.0005223,0.0004043
209,204.1015625,0.0001120,0.0003876,0.0002498
210,205.0781250,0.0001286,0.0008756,0.0006881
211,206.0546875,0.0002628,0.0008431,0.0004492
212,207.0312500,0.0002789,0.0006382,0.0003350
213,208.0078125,0.0001226,0.0003657,0.0000454
214,208.9843750,0.0000941,0.0002926,0.0004001
215,209.9609375,0.0000922,0.0004748,0.0003308
216,210.9375000,0.0001623,0.0004187,0.0003038
217,211.9140625,0.0001389,0.0001070,0.0002462
218,212.8906250,0.0002538,0.0000983,0.0003020
219,213.8671875,0.0001586,0.0002239,0.0000273
220,214.8437500,0.0001844,0.0006060,0.0006287
221,215.8203125,0.0001237,0.0006714,0.0002958
222,216.7968750,0.0000177,0.0008505,0.0010514
223,217.7734375,0.0001973,0.0006607,0.0003184
224,218.7500000,0.0003455,0.0002982,0.0002929
225,219.7265625,0.0002944,0.0002368,0.0003202
226,220.7031250,0.0000667,0.0004823,0.0005710
227,221.6796875,0.0000925,0.0002693,0.0002497
228,222.6562500,0.0001679,0.0003616,0.0004431
229,223.6328125,0.0002684,0.0005690,0.0003011
230,224.6093750,0.0002178,0.0004770,0.0009579
231,225.5859375,0.0000590,0.0002028,0.0006975
232,226.5625000,0.0001353,0.0002771,0.0002200
233,227.5390625,0.0000451,0.0004761,0.0003687
234,228.5156250,0.0000985,0.0004344,0.0001104
235,229.4921875,0.0001589,0.0003089,0.0007094
236,230.4687500,0.0001801,0.0003001,0.0006915
237,231.4453125,0.0001553,0.0001331,0.0001665
238,232.4218750,0.0001620,0.0001916,0.0001227
239,233.3984375,0.0000568,0.0000470,0.0005557
240,234.3750000,0.0002813,0.0001735,0.0002377
241,235.3515625,0.0002149,0.0004328,0.0006004
242,236.3281250,0.0001026,0.0005954,0.0004726
243,237.3046875,0.0002156,0.0003231,0.0007043
244,238.2812500,0.0002201,0.0005558,0.0002690
245,239.2578125,0.0000870,0.0005901,0.0004430
246,240.2343750,0.0001558,0.0002876,0.0002086
247,241.2109375,0.0001515,0.0005907,0.0002345
248,242.1875000,0.0000513,0.0006406,0.0003611
249,243.1640625,0.0000495,0.0005171,0.0002694
250,244.1406250,0.0001414,0.0000795,0.0001194
251,245.1171875,0.0001219,0.0003361,0.0002661
252,246.0937500,0.0001618,0.0002978,0.0002923
253,247.0703125,0.0001349,0.0001278,0.0003355
254,248.0468750,0.0001692,0.0000757,0.0001696
255,249.0234375,0.0000658,0.0000459,0.0001697
256,250.0000000,0.0001750,0.0002347,0.0003508
257,250.9765625,0.0001916,0.0002654,0.0005790
258,251.9531250,0.0002995,0.0000656,0.0005477
259,252.9296875,0.0002803,0.0000783,0.0002943
260,253.9062500,0.0003213,0.0001224,0.0001467
261,254.8828125,0.0002786,0.0002746,0.0004806
262,255.8593750,0.0002807,0.0003618,0.0004745
263,256.8359375,0.0003125,0.0000865,0.0002381
264,257.8125000,0.0002240,0.0002662,0.0002660
265,258.7890625,0.0001587,0.0005573,0.0002906
266,259.7656250,0.0002559,0.0005611,0.0005625
267,260.7421875,0.0005050,0.0007114,0.0007093
268,261.7187500,0.0001080,0.0005190,0.0004699
269,262.6953125,0.0004579,0.0001814,0.0003268
270,263.6718750,0.0007005,0.0001658,0.0005618
271,264.6484375,0.0005069,0.0004819,0.0002922
272,265.6250000,0.0002166,0.0005426,0.0002621
273,266.6015625,0.0002826,0.0005079,0.0006774
274,267.5781250,0.0003606,0.0001685,0.0002003
275,268.5546875,0.0006383,0.0002016,0.0006777
276,269.5312500,0.0005004,0.0004139,0.0005505
277,270.5078125,0.0003362,0.0001321,0.0003793
278,271.4843750,0.0002912,0.0002100,0.0003100
279,272.4609375,0.0002585,0.0001316,0.0003647
280,273.4375000,0.0001832,0.0001733,0.0001663
281,274.4140625,0.0002563,0.0003755,0.0001523
282,275.3906250,0.0003178,0.0002853,0.0001849
283,276.3671875,0.0004618,0.0004084,0.0008366
284,277.3437500,0.0004346,0.0005090,0.0006510
285,278.3203125,0.0003135,0.0002982,0.0002799
286,279.2968750,0.0004336,0.0003724,0.0004923
287,280.2734375,0.0002859,0.0001813,0.0004443
288,281.2500000,0.0003773,0.0003290,0.0002443
289,282.2265625,0.0004643,0.0002266,0.0006406
290,283.2031250,0.0005260,0.0003298,0.0000886
291,284.1796875,0.0001653,0.0004193,0.0008947
292,285.1562500,0.0005654,0.0006286,0.0010663
293,286.1328125,0.0002437,0.0004142,0.0008586
294,287.1093750,0.0000927,0.0003866,0.0007002
295,288.0859375,0.0002175,0.0004161,0.0003619
296,289.0625000,0.0002680,0.0001667,0.0003540
297,290.0390625,0.0002585,0.0001215,0.0004690
298,291.0156250,0.0004250,0.0002650,0.0003694
299,291.9921875,0.0003755,0.0002795,0.0001645
300,292.9687500,0.0002512,0.0001119,0.0002247
301,293.9453125,0.0003129,0.0005723,0.0007936
302,294.9218750,0.0000860,0.0005459,0.0005350
303,295.8984375,0.0000864,0.0002318,0.0006085
304,296.8750000,0.0001334,0.0000426,0.0000596
305,297.8515625,0.0002067,0.0001654,0.0002866
306,298.8281250,0.0004856,0.0004229,0.0005093
307,299.8046875,0.0003518,0.0001487,0.0002293
308,300.7812500,0.0001892,0.0001626,0.0002397
309,301.7578125,0.0001346,0.0001746,0.0003296
310,302.7343750,0.0001696,0.0001165,0.0002007
311,303.7109375,0.0001004,0.0002796,0.0006269
312,304.6875000,0.0001828,0.0001491,0.0007574
313,305.6640625,0.0002251,0.0003668,0.0005789
314,306.6406250,0.0001591,0.0001191,0.0000436
315,307.6171875,0.0001914,0.0002786,0.0002986
316,308.5937500,0.0001881,0.0004091,0.0004984
317,309.5703125,0.0001103,0.0002410,0.0006921
318,310.5468750,0.0001610,0.0000709,0.0002829
319,311.5234375,0.0003051,0.0000213,0.0005905
320,312.5000000,0.0001622,0.0001322,0.0000322
321,313.4765625,0.0001858,0.0002015,0.0002486
322,314.4531250,0.0001401,0.0001207,0.0002039
323,315.4296875,0.0001363,0.0001264,0.0003440
324,316.4062500,0.0000486,0.0002277,0.0002305
325,317.3828125,0.0001526,0.0001964,0.0003313
326,318.3593750,0.0002050,0.0003043,0.0001928
327,319.3359375,0.0003130,0.0005079,0.0005457
328,320.3125000,0.0002181,0.0002078,0.0002408
329,321.2890625,0.0003183,0.0001615,0.0004665
330,322.2656250,0.0002979,0.0000422,0.0001972
331,323.2421875,0.0001761,0.0001756,0.0004469
332,324.2187500,0.0000154,0.0002192,0.0001510
333,325.1953125,0.0000947,0.0002474,0.0000910
334,326.1718750,0.0003012,0.0003487,0.0002141
335,327.1484375,0.0002312,0.0002264,0.0003850
336,328.1250000,0.0002340,0.0002337,0.0000939
337,329.1015625,0.0000147,0.0002703,0.0004102
338,330.0781250,0.0004275,0.0002946,0.0002878
339,331.0546875,0.0001848,0.0002365,0.0000913
340,332.0312500,0.0000237,0.0002243,0.0004602
341,333.0078125,0.0001409,0.0002758,0.0004962
342,333.9843750,0.0002004,0.0003340,0.0002059
343,334.9609375,0.0001487,0.0004355,0.0004187
344,335.9375000,0.0001365,0.0002283,0.0001643
345,336.9140625,0.0001400,0.0002410,0.0004514
346,337.8906250,0.0000710,0.0002265,0.0000973
347,338.8671875,0.0000424,0.0001813,0.0002775
348,339.8437500,0.0001296,0.0001744,0.0003500
349,340.8203125,0.0000415,0.0000857,0.0003404
350,341.7968750,0.0000859,0.0002345,0.0000811
351,342.7734375,0.0000504,0.0004587,0.0004299
352,343.7500000,0.0000827,0.0002205,0.0000456
353,344.7265625,0.0001620,0.0003254,0.0003184
354,345.7031250,0.0000885,0.0001819,0.0001584
355,346.6796875,0.0000244,0.0001203,0.0000368
356,347.6562500,0.0000549,0.0000887,0.0003390
357,348.6328125,0.0000976,0.0001881,0.0002042
358,349.6093750,0.0001193,0.0001767,0.0001373
359,350.5859375,0.0001448,0.0002452,0.0001894
360,351.5625000,0.0000657,0.0003382,0.0003744
361,352.5390625,0.0001711,0.0004749,0.0006433
362,353.5156250,0.0000668,0.0003592,0.0004691
363,354.4921875,0.0000523,0.0003861,0.0002519
364,355.4687500,0.0002792,0.0000555,0.0001704
365,356.4453125,0.0001401,0.0001731,0.0001583
366,357.4218750,0.0000459,0.0003088,0.0001160
367,358.3984375,0.0000635,0.0002487,0.0002398
368,359.3750000,0.0001560,0.0002106,0.0004194
369,360.3515625,0.0001720,0.0002367,0.0004795
370,361.3281250,0.0001029,0.0001524,0.0002262
371,362.3046875,0.0000926,0.0000635,0.0002707
372,363.2812500,0.0001061,0.0002347,0.0003806
373,364.2578125,0.0000265,0.0001922,0.0003914
374,365.2343750,0.0001117,0.0002749,0.0002836
375,366.2109375,0.0001322,0.0001490,0.0001008
376,367.1875000,0.0001514,0.0002364,0.0001549
377,368.1640625,0.0001200,0.0002289,0.0003436
378,369.1406250,0.0000330,0.0002719,0.0002033
379,370.1171875,0.0000720,0.0000878,0.0004492
380,371.0937500,0.0002242,0.0001191,0.0003012
381,372.0703125,0.0002085,0.0002154,0.0003072
382,373.0468750,0.0000339,0.0002894,0.0003857
383,374.0234375,0.0002070,0.0002020,0.0001202
384,375.0000000,0.0002154,0.0003962,0.0003818
385,375.9765625,0.0000588,0.0001837,0.0001322
386,376.9531250,0.0001102,0.0003166,0.0001470
387,377.9296875,0.0001275,0.0003315,0.0001894
388,378.9062500,0.0000434,0.0002986,0.0004534
389,379.8828125,0.0000722,0.0001252,0.0000931
390,380.8593750,0.0001064,0.0001384,0.0002220
391,381.8359375,0.0000185,0.0000939,0.0001246
392,382.8125000,0.0000840,0.0001670,0.0003358
393,383.7890625,0.0000571,0.0001829,0.0000531
394,384.7656250,0.0000231,0.0002678,0.0003827
395,385.7421875,0.0000810,0.0000577,0.0002243
396,386.7187500,0.0001159,0.0000626,0.0004618
397,387.6953125,0.0001192,0.0000685,0.0001797
398,388.6718750,0.0002201,0.0001714,0.0003971
399,389.6484375,0.0001580,0.0001001,0.0001956
400,390.6250000,0.0002284,0.0001569,0.0005922
401,391.6015625,0.0002392,0.0001850,0.0003388
402,392.5781250,0.0002007,0.0003432,0.0005191
403,393.5546875,0.0001912,0.0001274,0.0002433
404,394.5312500,0.0001007,0.0000857,0.0004723
405,395.5078125,0.0000847,0.0002859,0.0004904
406,396.4843750,0.0002779,0.0001296,0.0002478
407,397.4609375,0.0003341,0.0002274,0.0003612
408,398.4375000,0.0001771,0.0002966,0.0003092
409,399.4140625,0.0003261,0.0001563,0.0001849
410,400.3906250,0.0004353,0.0001215,0.0003672
411,401.3671875,0.0002657,0.0003309,0.0002766
412,402.3437500,0.0001822,0.0003916,0.0003238
413,403.3203125,0.0001466,0.0002466,0.0001789
414,404.2968750,0.0002612,0.0000834,0.0001929
415,405.2734375,0.0004270,0.0001762,0.0002922
416,406.2500000,0.0003446,0.0000770,0.0004728
417,407.2265625,0.0002223,0.0001232,0.0002108
418,408.2031250,0.0002030,0.0001844,0.0001634
419,409.1796875,0.0001432,0.0001231,0.0002768
420,410.1562500,0.0001753,0.0002039,0.0001046
421,411.1328125,0.0001363,0.0001278,0.0002947
422,412.1093750,0.0002012,0.0001126,0.0003896
423,413.0859375,0.0002949,0.0002734,0.0001234
424,414.0625000,0.0003245,0.0001523,0.0004146
425,415.0390625,0.0002377,0.0002308,0.0002156
426,416.0156250,0.0003470,0.0000850,0.0005092
427,416.9921875,0.0001398,0.0001383,0.0002502
428,417.9687500,0.0002905,0.0002121,0.0004001
429,418.9453125,0.0003165,0.0002538,0.0005289
430,419.9218750,0.0003294,0.0001240,0.0001935
431,420.8984375,0.0002247,0.0002519,0.0001773
432,421.8750000,0.0003125,0.0003716,0.0006533
433,422.8515625,0.0001363,0.0002007,0.0005533
434,423.8281250,0.0000593,0.0003215,0.0004934
435,424.8046875,0.0001655,0.0001799,0.0000789
436,425.7812500,0.0001675,0.0000915,0.0002180
437,426.7578125,0.0002409,0.0001769,0.0004300
438,427.7343750,0.0003642,0.0001675,0.0001499
439,428.7109375,0.0002947,0.0001979,0.0003137
440,429.6875000,0.0002013,0.0001082,0.0002711
441,430.6640625,0.0001169,0.0002762,0.0004531
442,431.6406250,0.0000409,0.0003945,0.0007159
443,432.6171875,0.0000100,0.0002261,0.0005023
444,433.5937500,0.0002136,0.0000661,0.0004932
445,434.5703125,0.0001994,0.0002214,0.0002791
446,435.5468750,0.0003567,0.0001873,0.0002459
447,436.5234375,0.0002596,0.0001570,0.0002192
448,437.5000000,0.0001646,0.0001693,0.0003047
449,438.4765625,0.0001660,0.0000411,0.0002351
450,439.4531250,0.0001093,0.0002172,0.0002371
451,440.4296875,0.0001327,0.0001226,0.0006105
452,441.4062500,0.0002249,0.0001904,0.0004146
453,442.3828125,0.0002223,0.0003125,0.0004858
454,443.3593750,0.0001956,0.0001015,0.0002681
455,444.3359375,0.0002765,0.0002478,0.0001822
456,445.3125000,0.0002332,0.0002931,0.0006033
457,446.2890625,0.0001195,0.0001187,0.0000754
458,447.2656250,0.0002314,0.0000466,0.0006069
459,448.2421875,0.0002317,0.0001753,0.0001658
460,449.2187500,0.0001928,0.0001384,0.0001408
461,450.1953125,0.0002464,0.0001684,0.0003657
462,451.1718750,0.0001602,0.0000642,0.0002655
463,452.1484375,0.0001143,0.0000384,0.0002080
464,453.1250000,0.0001301,0.0002092,0.0003160
465,454.1015625,0.0001241,0.0001409,0.0001561
466,455.0781250,0.0001833,0.0002605,0.0003018
467,456.0546875,0.0002311,0.0001958,0.0000533
468,457.0312500,0.0002631,0.0000997,0.0003664
469,458.0078125,0.0003129,0.0001149,0.0002026
470,458.9843750,0.0002476,0.0000166,0.0002024
471,459.9609375,0.0000475,0.0000582,0.0001967
472,460.9375000,0.0001228,0.0002661,0.0000398
473,461.9140625,0.0001406,0.0001953,0.0002496
474,462.8906250,0.0003532,0.0001863,0.0000947
475,463.8671875,0.0002387,0.0001303,0.0003769
476,464.8437500,0.0002125,0.0002168,0.0002095
477,465.8203125,0.0002205,0.0001194,0.0002845
478,466.7968750,0.0003374,0.0000788,0.0002109
479,467.7734375,0.0000796,0.0000901,0.0003415
480,468.7500000,0.0000236,0.0000716,0.0001078
481,469.7265625,0.0001775,0.0002187,0.0004438
482,470.7031250,0.0001491,0.0003105,0.0002950
483,471.6796875,0.0001847,0.0003307,0.0004568
484,472.6562500,0.0001595,0.0001581,0.0003359
485,473.6328125,0.0001480,0.0002022,0.0002831
486,474.6093750,0.0001059,0.0001545,0.0002445
487,475.5859375,0.0001200,0.0000843,0.0002551
488,476.5625000,0.0000909,0.0000804,0.0001161
489,477.5390625,0.0000632,0.0001016,0.0002121
490,478.5156250,0.0000732,0.0002534,0.0003095
491,479.4921875,0.0000356,0.0003017,0.0002136
492,480.4687500,0.0000249,0.0001868,0.0002346
493,481.4453125,0.0000464,0.0002291,0.0002234
494,482.4218750,0.0001227,0.0001399,0.0001997
495,483.3984375,0.0000734,0.0000893,0.0001313
496,484.3750000,0.0000521,0.0001591,0.0001791
497,485.3515625,0.0001081,0.0002301,0.0001489
498,486.3281250,0.0001426,0.0002815,0.0002402
499,487.3046875,0.0000949,0.0001708,0.0001662
500,488.2812500,0.0001452,0.0003205,0.0001007
501,489.2578125,0.0001646,0.0003552,0.0005032
502,490.2343750,0.0000490,0.0002467,0.0002072
503,491.2109375,0.0001565,0.0002799,0.0001490
504,492.1875000,0.0002675,0.0000596,0.0002963
505,493.1640625,0.0001268,0.0001523,0.0001049
506,494.1406250,0.0000480,0.0001854,0.0003296
507,495.1171875,0.0001043,0.0002657,0.0002303
508,496.0937500,0.0001540,0.0001666,0.0001184
509,497.0703125,0.0001928,0.0002263,0.0005125
510,498.0468750,0.0001051,0.0001250,0.0002651
511,499.0234375,0.0000766,0.0000770,0.0000789
512,500.0000000,0.0000229,0.0001519,0.0004594
#end fft
#begin fft_peaks
axis,rank,bin,freq_hz,amp
ax,1,4,3.9062500,0.3520445
ax,2,3,2.9296875,0.2778057
ax,3,1,0.9765625,0.2509497
ax,4,2,1.9531250,0.2401218
ax,5,5,4.8828125,0.2238251
ay,1,4,3.9062500,0.0830423
ay,2,7,6.8359375,0.0815665
ay,3,5,4.8828125,0.0738977
ay,4,8,7.8125000,0.0658946
ay,5,12,11.7187500,0.0580649
az,1,4,3.9062500,0.4289014
az,2,3,2.9296875,0.4127095
az,3,5,4.8828125,0.1836313
az,4,6,5.8593750,0.1670844
az,5,7,6.8359375,0.1641160
#end fft_peaks
#begin timing
step,us
record,1024395
convert,6597
dc_offset,11419
normalise,59094
stats,4294659
quantization,245186
zcr,5302
orientation,24908
downsample,4838
fft_3_axes,217941
#end timing
#begin fft_timing
n,fft_us,read_us,fs_max_blocking_hz,fs_max_buffered_hz
128,6991,378.0,135.7,2311.4
256,15363,378.0,63.5,2282.9
512,33660,378.0,29.4,2253.5
1024,73310,378.0,13.6,2224.1
#end fft_timing
DONE
