run: recording 1024 samples at 1000 hz, then about 5 s of processing
#begin info
fs_hz=1000
n=1024
achieved_hz=1000.00
late_samples=0
read_us_avg=378.0
read_us_max=403
gyro_bias_x_dps=-2.1594
gyro_bias_y_dps=0.1873
gyro_bias_z_dps=-0.5088
#end info
#begin raw
i,ax_g,ay_g,az_g,gx_dps,gy_dps,gz_dps
0,0.015076,0.005249,1.043396,-0.6402,0.3049,-0.0610
1,0.015198,0.006042,1.042480,-0.6707,0.2744,0.0305
2,0.013916,0.006042,1.041870,-0.6098,0.3354,0.0000
3,0.014771,0.006165,1.042969,-0.6707,0.3659,-0.0610
4,0.015076,0.005920,1.043213,-0.6402,0.3354,-0.1220
5,0.014893,0.005005,1.042786,-0.6402,0.3659,-0.0305
6,0.014648,0.004578,1.040955,-0.7622,0.3963,-0.0305
7,0.013184,0.004700,1.040405,-0.7317,0.3963,-0.0915
8,0.012878,0.004639,1.040222,-0.6707,0.4268,-0.1220
9,0.014221,0.004150,1.039978,-0.6707,0.4878,-0.1829
10,0.015991,0.004028,1.039490,-0.6402,0.4878,-0.1524
11,0.017334,0.003052,1.038452,-0.6098,0.4878,-0.1220
12,0.016663,0.001404,1.038269,-0.5793,0.3963,-0.0610
13,0.015808,0.001526,1.038269,-0.5793,0.3659,0.0000
14,0.014832,0.002197,1.037659,-0.5488,0.3659,-0.1220
15,0.014526,0.002258,1.037964,-0.5488,0.4268,-0.0915
16,0.015808,0.003174,1.038635,-0.5488,0.4573,-0.0915
17,0.015991,0.003113,1.039062,-0.5183,0.4268,0.0610
18,0.014893,0.003174,1.039612,-0.5488,0.4268,0.0610
19,0.014038,0.004517,1.040161,-0.6707,0.4268,0.0915
20,0.013733,0.005371,1.040405,-0.6707,0.3659,0.1220
21,0.013794,0.005737,1.040344,-0.7012,0.3354,0.0305
22,0.014465,0.005981,1.040161,-0.6707,0.3354,0.0610
23,0.015259,0.006287,1.040527,-0.6098,0.3659,0.0610
24,0.014832,0.007263,1.040405,-0.5793,0.3354,0.1524
25,0.012878,0.007935,1.041138,-0.6098,0.3659,0.0915
26,0.013123,0.007690,1.041748,-0.6707,0.3659,0.0305
27,0.013367,0.006592,1.041931,-0.7012,0.3659,0.0000
28,0.013733,0.005615,1.041565,-0.7012,0.4573,-0.0305
29,0.014648,0.004822,1.042542,-0.7317,0.4878,-0.0305
30,0.015442,0.003052,1.043518,-0.7622,0.4573,-0.0610
31,0.015991,0.002869,1.043152,-0.8232,0.3963,0.0000
32,0.016846,0.003113,1.042542,-0.8537,0.3354,0.0000
33,0.015625,0.003601,1.040649,-0.8841,0.3049,-0.0610
34,0.015869,0.002991,1.040466,-0.8537,0.2744,-0.1524
35,0.017029,0.001953,1.040466,-0.8537,0.2744,-0.1220
36,0.016663,0.000854,1.039917,-0.9146,0.3354,-0.0915
37,0.015686,0.000366,1.040466,-0.8841,0.3049,-0.0915
38,0.014893,0.001221,1.041260,-0.8537,0.3354,-0.0915
39,0.013611,0.002441,1.041626,-0.7622,0.3049,-0.1220
40,0.014709,0.003479,1.041931,-0.7317,0.3049,-0.0610
41,0.015686,0.003479,1.042297,-0.6707,0.2439,-0.0305
42,0.015381,0.004089,1.043091,-0.6402,0.2744,-0.0305
43,0.015503,0.004028,1.044556,-0.5183,0.2744,0.0915
44,0.015686,0.003662,1.044739,-0.5183,0.3354,0.0610
45,0.015320,0.003418,1.045471,-0.5183,0.3659,0.0000
46,0.015442,0.003418,1.046021,-0.5488,0.3659,-0.1220
47,0.014893,0.003906,1.044495,-0.5183,0.3049,-0.1524
48,0.014221,0.003235,1.043152,-0.4878,0.3049,-0.1220
49,0.013733,0.002258,1.042297,-0.4268,0.3354,-0.0610
50,0.013306,0.001953,1.041504,-0.5183,0.3354,0.0000
51,0.014465,0.001343,1.041443,-0.4268,0.2744,-0.0610
52,0.014832,0.000122,1.040039,-0.4268,0.3659,-0.0305
53,0.014709,-0.000549,1.038696,-0.5488,0.3354,0.0000
54,0.015015,0.000122,1.038452,-0.5488,0.3049,0.0305
55,0.013916,0.001770,1.038513,-0.6098,0.3049,0.0305
56,0.012756,0.001465,1.039185,-0.6402,0.3659,0.0000
57,0.013245,0.001282,1.041321,-0.6402,0.3049,-0.0915
58,0.013123,0.002319,1.041565,-0.7622,0.3659,0.0000
59,0.011902,0.003357,1.041260,-0.7927,0.3963,-0.0610
60,0.011902,0.004089,1.042419,-0.6707,0.3659,-0.0915
61,0.013489,0.003906,1.042908,-0.6402,0.3354,-0.0610
62,0.015442,0.002747,1.041321,-0.6402,0.2744,-0.0610
63,0.015381,0.002380,1.040039,-0.6707,0.3049,-0.0610
64,0.015930,0.003235,1.039490,-0.6402,0.3049,-0.0610
65,0.016663,0.003906,1.039978,-0.7622,0.3049,-0.0610
66,0.017395,0.003296,1.040649,-0.7317,0.2439,0.0610
67,0.016907,0.002991,1.040283,-0.7012,0.2744,0.0305
68,0.015991,0.003235,1.039490,-0.7012,0.3354,0.0305
69,0.017090,0.004517,1.039978,-0.6402,0.3963,0.0610
70,0.016418,0.005005,1.039368,-0.6402,0.4268,0.1220
71,0.015381,0.004639,1.038208,-0.5183,0.3963,0.0610
72,0.014404,0.004456,1.037476,-0.5488,0.3963,0.0000
73,0.014465,0.004150,1.037048,-0.7012,0.4573,-0.1829
74,0.014221,0.003540,1.037842,-0.7317,0.4268,-0.1829
75,0.013855,0.003784,1.040100,-0.7317,0.3659,-0.0915
76,0.012695,0.003601,1.041748,-0.8232,0.3659,-0.1220
77,0.012146,0.004150,1.041443,-0.7927,0.4268,-0.0915
78,0.012146,0.004578,1.042603,-0.8232,0.3963,-0.1524
79,0.012817,0.004272,1.042908,-0.7927,0.3963,-0.1220
80,0.014343,0.004028,1.042175,-0.7317,0.3354,-0.0915
81,0.014954,0.004700,1.041809,-0.6707,0.3354,0.0000
82,0.013672,0.004211,1.042664,-0.6707,0.3354,-0.0305
83,0.013123,0.002869,1.042908,-0.6707,0.3659,-0.0610
84,0.015076,0.002686,1.041565,-0.6707,0.3659,-0.1220
85,0.015198,0.003479,1.040222,-0.5793,0.4573,-0.1524
86,0.015320,0.003723,1.039612,-0.5183,0.4268,-0.0915
87,0.014343,0.002991,1.040588,-0.4878,0.3659,-0.0610
88,0.013855,0.002136,1.041138,-0.5183,0.3659,-0.0305
89,0.014771,0.001709,1.041382,-0.5793,0.4268,-0.0915
90,0.015869,0.001953,1.042175,-0.5488,0.4878,-0.0915
91,0.016724,0.003479,1.042114,-0.5793,0.4573,-0.0610
92,0.016296,0.004211,1.041870,-0.5793,0.4878,0.0305
93,0.015747,0.005127,1.041687,-0.6098,0.3963,0.0610
94,0.015198,0.005310,1.042175,-0.6707,0.4268,0.0610
95,0.014099,0.004272,1.042358,-0.6098,0.4573,0.0610
96,0.013733,0.002747,1.042419,-0.5793,0.3963,-0.0610
97,0.014160,0.002136,1.041870,-0.4878,0.3659,-0.0305
98,0.015137,0.002197,1.040161,-0.5183,0.3659,-0.0305
99,0.016052,0.002258,1.040100,-0.6402,0.3659,0.1220
100,0.015198,0.002075,1.040833,-0.7317,0.3354,0.0915
101,0.014832,0.002258,1.041260,-0.7012,0.3354,0.1220
102,0.015015,0.002319,1.040527,-0.7317,0.3659,-0.0610
103,0.014771,0.000854,1.039795,-0.6707,0.3354,-0.0915
104,0.014526,0.000854,1.039612,-0.6402,0.3049,-0.0305
105,0.014465,0.001648,1.039856,-0.6707,0.2134,0.0610
106,0.013489,0.001770,1.040649,-0.6402,0.2134,0.0305
107,0.012756,0.002991,1.040405,-0.6098,0.3354,0.0000
108,0.013062,0.004028,1.040771,-0.6707,0.3354,-0.0305
109,0.013550,0.003418,1.041748,-0.6402,0.3049,-0.0305
110,0.014160,0.002747,1.041443,-0.5793,0.3354,-0.0305
111,0.014954,0.003662,1.041382,-0.5488,0.4268,-0.0610
112,0.015137,0.004822,1.041992,-0.5183,0.4573,0.0000
113,0.014526,0.004578,1.042603,-0.5793,0.3659,-0.1220
114,0.014160,0.004211,1.042175,-0.5793,0.3659,-0.1220
115,0.014526,0.003784,1.041565,-0.4878,0.3354,-0.1524
116,0.015198,0.004211,1.041748,-0.5488,0.3963,-0.1220
117,0.015442,0.003784,1.041748,-0.6098,0.4878,-0.1220
118,0.015625,0.003601,1.041077,-0.5793,0.4573,-0.0610
119,0.015503,0.003235,1.040771,-0.6098,0.4268,-0.0305
120,0.013855,0.003845,1.041626,-0.7012,0.3963,-0.0610
121,0.014343,0.003845,1.040588,-0.6402,0.3963,-0.0305
122,0.015381,0.004517,1.040771,-0.6402,0.3963,-0.0915
123,0.015564,0.005188,1.042236,-0.6707,0.4268,-0.1220
124,0.015564,0.005188,1.043335,-0.6707,0.4268,-0.0305
125,0.015686,0.005676,1.043701,-0.6098,0.4878,0.0305
126,0.015320,0.005981,1.043335,-0.6707,0.4878,0.0305
127,0.015015,0.005615,1.042847,-0.7317,0.4573,0.0915
128,0.014771,0.003723,1.044006,-0.7622,0.3963,0.0305
129,0.015625,0.003479,1.043457,-0.7622,0.3354,0.0305
130,0.016663,0.004028,1.042908,-0.7012,0.3049,0.0000
131,0.017273,0.004333,1.043518,-0.7317,0.3659,0.0305
132,0.016541,0.003967,1.044250,-0.7317,0.3049,0.0000
133,0.016235,0.003540,1.043152,-0.7622,0.2439,0.0305
134,0.016174,0.003906,1.042236,-0.7927,0.2439,0.0915
135,0.016907,0.004272,1.042725,-0.7927,0.2744,-0.0305
136,0.016968,0.003540,1.042725,-0.7622,0.2134,-0.1220
137,0.016602,0.003418,1.042236,-0.6402,0.1829,-0.1524
138,0.015930,0.004089,1.042053,-0.6098,0.1829,-0.1829
139,0.015686,0.005249,1.041931,-0.5488,0.2439,-0.0915
140,0.017090,0.005493,1.041687,-0.5488,0.2439,-0.0915
141,0.018188,0.004089,1.041443,-0.6098,0.3049,-0.1220
142,0.015747,0.002686,1.041077,-0.6707,0.2134,-0.0915
143,0.017334,0.004150,1.041504,-0.7012,0.2439,-0.0305
144,0.018799,0.004395,1.041260,-0.7012,0.2134,0.0610
145,0.017456,0.004211,1.040222,-0.6707,0.2134,-0.0305
146,0.014893,0.003479,1.038940,-0.7012,0.3049,-0.0610
147,0.013489,0.003357,1.037781,-0.7317,0.3049,-0.0915
148,0.013550,0.004089,1.037292,-0.6707,0.3049,-0.1524
149,0.013611,0.003540,1.037720,-0.6707,0.2744,-0.0915
150,0.013855,0.001831,1.040161,-0.6402,0.3354,-0.0305
151,0.013367,0.002258,1.039246,-0.6098,0.3354,0.0000
152,0.013550,0.002808,1.038696,-0.6098,0.3963,-0.0610
153,0.015015,0.002686,1.038696,-0.5793,0.3659,-0.0305
154,0.015808,0.002502,1.039429,-0.5793,0.3354,-0.0610
155,0.015869,0.003235,1.039978,-0.5793,0.3354,-0.0915
156,0.016235,0.004333,1.039795,-0.6098,0.3963,-0.1524
157,0.017761,0.004700,1.040710,-0.5488,0.4268,-0.1829
158,0.017334,0.004517,1.040771,-0.5793,0.4268,-0.1524
159,0.015686,0.004517,1.040222,-0.5793,0.3963,-0.1524
160,0.014709,0.003845,1.039551,-0.5488,0.3659,-0.1220
161,0.015198,0.002869,1.039185,-0.6402,0.3659,-0.1220
162,0.016174,0.003113,1.039429,-0.6707,0.3354,-0.0610
163,0.016663,0.003540,1.039001,-0.6402,0.3659,-0.1220
164,0.014954,0.003113,1.038025,-0.6098,0.3659,-0.1524
165,0.013428,0.003723,1.037781,-0.6098,0.3659,-0.1220
166,0.012939,0.004639,1.037903,-0.6402,0.3354,-0.1524
167,0.013489,0.005798,1.037781,-0.6707,0.2744,-0.1829
168,0.013367,0.005676,1.037598,-0.6707,0.3049,-0.2439
169,0.013062,0.004883,1.037292,-0.6402,0.3354,-0.1524
170,0.013184,0.004761,1.038208,-0.7012,0.3354,-0.1524
171,0.013367,0.004089,1.039368,-0.7012,0.2744,-0.1220
172,0.013916,0.002563,1.039001,-0.7317,0.3049,-0.1220
173,0.013611,0.002319,1.039429,-0.6707,0.3354,-0.0610
174,0.014832,0.001953,1.039307,-0.6402,0.3354,-0.1524
175,0.015503,0.002625,1.039001,-0.6402,0.4268,-0.1220
176,0.014526,0.004395,1.038635,-0.6098,0.3659,0.0000
177,0.013367,0.004822,1.037476,-0.5488,0.3049,-0.0305
178,0.012756,0.004395,1.037415,-0.6402,0.2744,-0.0305
179,0.014587,0.004395,1.039124,-0.7622,0.2744,0.0305
180,0.015930,0.004517,1.039856,-0.7317,0.1829,0.0915
181,0.015625,0.005188,1.039429,-0.7317,0.1829,0.0305
182,0.014893,0.006897,1.039795,-0.7927,0.1829,-0.0915
183,0.015259,0.007935,1.040283,-0.7622,0.2439,-0.0915
184,0.015625,0.007629,1.040588,-0.7622,0.3049,-0.0915
185,0.016052,0.007019,1.041016,-0.7927,0.3049,-0.0610
186,0.015991,0.003845,1.040283,-0.7622,0.3659,-0.0305
187,0.016602,0.002686,1.039001,-0.7317,0.3354,0.0000
188,0.016907,0.002625,1.038513,-0.8232,0.2744,0.0610
189,0.015564,0.001953,1.039734,-0.7927,0.3354,0.0305
190,0.014648,0.001709,1.040344,-0.7012,0.3659,-0.0915
191,0.014038,0.002563,1.039856,-0.7622,0.3659,-0.1524
192,0.013672,0.003052,1.039429,-0.7012,0.3963,-0.1220
193,0.014160,0.003601,1.039795,-0.6402,0.3963,-0.1220
194,0.016602,0.002930,1.039734,-0.6098,0.3659,0.0000
195,0.017334,0.002441,1.040100,-0.5793,0.3963,0.0000
196,0.016541,0.003235,1.040955,-0.6098,0.3963,0.0305
197,0.014465,0.003113,1.041992,-0.5488,0.4878,-0.0305
198,0.013428,0.003723,1.041748,-0.5488,0.4878,0.0305
199,0.013245,0.004883,1.042664,-0.5793,0.4878,0.0915
200,0.012756,0.005737,1.043518,-0.6402,0.5183,0.1220
201,0.015259,0.005188,1.044739,-0.6098,0.4573,0.1524
202,0.016968,0.004761,1.043396,-0.5793,0.3963,0.1220
203,0.017517,0.003967,1.041931,-0.6098,0.3659,0.0610
204,0.017090,0.003540,1.041077,-0.6098,0.3659,0.0610
205,0.016113,0.003845,1.040710,-0.6707,0.2439,0.0610
206,0.014954,0.004517,1.041565,-0.6402,0.2439,0.1220
207,0.013550,0.006287,1.042725,-0.6707,0.3049,0.0915
208,0.013306,0.007568,1.040894,-0.7622,0.3049,0.0915
209,0.014465,0.006470,1.040100,-0.6707,0.3049,0.0305
210,0.015076,0.006470,1.040527,-0.7012,0.2744,-0.0305
211,0.014282,0.006836,1.041199,-0.6707,0.2134,-0.0305
212,0.014954,0.005737,1.040588,-0.5488,0.1829,-0.1220
213,0.016052,0.004578,1.039673,-0.5793,0.2439,-0.1829
214,0.016602,0.004456,1.039490,-0.4878,0.2439,-0.1220
215,0.016846,0.004150,1.040100,-0.4878,0.2134,-0.1524
216,0.016418,0.004395,1.042603,-0.4573,0.1220,-0.0915
217,0.015747,0.005371,1.043823,-0.4268,0.1220,-0.1220
218,0.015625,0.005127,1.044556,-0.4878,0.1829,-0.1220
219,0.015564,0.005127,1.044189,-0.6098,0.2134,-0.0915
220,0.013794,0.005981,1.043823,-0.6098,0.2439,-0.0915
221,0.012756,0.006592,1.043945,-0.6098,0.2744,-0.0915
222,0.014404,0.006775,1.043762,-0.5793,0.3049,0.0000
223,0.013550,0.005188,1.041992,-0.6098,0.3049,0.0305
224,0.012878,0.004395,1.041321,-0.6098,0.3659,0.0305
225,0.014038,0.004150,1.041687,-0.6098,0.3659,0.0000
226,0.014587,0.004395,1.041565,-0.5488,0.3049,0.0610
227,0.014648,0.003662,1.041138,-0.6707,0.3659,-0.0610
228,0.014099,0.003296,1.041077,-0.6707,0.3354,-0.0915
229,0.012756,0.003052,1.041199,-0.6098,0.3354,-0.1220
230,0.013855,0.001587,1.042358,-0.6402,0.3963,-0.0610
231,0.014343,0.002808,1.042786,-0.7012,0.3963,-0.0610
232,0.015625,0.004578,1.043274,-0.7317,0.4573,0.0305
233,0.016846,0.005188,1.042358,-0.7317,0.4268,0.0305
234,0.016235,0.005371,1.041809,-0.7012,0.3963,0.0305
235,0.014709,0.005371,1.041870,-0.6707,0.4573,0.0610
236,0.013611,0.004639,1.041870,-0.5183,0.4573,0.1524
237,0.013062,0.004639,1.041809,-0.5183,0.3963,0.0610
238,0.012085,0.005676,1.041199,-0.3963,0.4268,0.0305
239,0.012207,0.005737,1.040527,-0.4268,0.4573,0.0305
240,0.012817,0.006042,1.038879,-0.5183,0.4573,0.0000
241,0.013062,0.005981,1.038391,-0.5183,0.4268,0.0000
242,0.014038,0.005432,1.039185,-0.6098,0.4268,0.0000
243,0.015442,0.005371,1.039001,-0.5793,0.4268,0.0000
244,0.016357,0.005554,1.038635,-0.4878,0.4268,0.0000
245,0.015137,0.005188,1.040771,-0.5488,0.3963,0.0000
246,0.015686,0.005127,1.040344,-0.5488,0.3963,0.0915
247,0.016357,0.003784,1.040161,-0.5793,0.3963,0.0610
248,0.016296,0.003845,1.039734,-0.5488,0.3049,0.0610
249,0.015869,0.005432,1.038940,-0.5488,0.3049,0.0305
250,0.015137,0.006409,1.038818,-0.4573,0.3049,0.0000
251,0.014526,0.007080,1.038879,-0.4573,0.3354,0.0305
252,0.012329,0.007629,1.039856,-0.4878,0.3659,-0.0610
253,0.012512,0.007568,1.039307,-0.5488,0.3659,-0.0915
254,0.012939,0.007751,1.038879,-0.5793,0.3354,-0.1220
255,0.012817,0.007629,1.038696,-0.5793,0.4268,-0.1829
256,0.012451,0.006714,1.038757,-0.6402,0.3963,-0.0915
257,0.012878,0.006042,1.038757,-0.5488,0.4268,-0.0915
258,0.012756,0.007141,1.038330,-0.5488,0.3963,-0.0610
259,0.012207,0.007263,1.038086,-0.5793,0.3963,-0.0610
260,0.013916,0.007141,1.037781,-0.5793,0.4268,0.0915
261,0.014038,0.006409,1.038391,-0.5183,0.3963,0.0915
262,0.012939,0.005188,1.038940,-0.5183,0.4268,0.1220
263,0.012268,0.003784,1.040283,-0.5793,0.3049,0.0610
264,0.012634,0.003357,1.042419,-0.6402,0.2744,0.0610
265,0.012817,0.003052,1.043091,-0.6098,0.2439,0.0305
266,0.013062,0.002747,1.044006,-0.6402,0.2439,-0.0305
267,0.013428,0.005676,1.044434,-0.5793,0.2439,0.0000
268,0.014771,0.006165,1.043091,-0.5488,0.3049,0.0915
269,0.014221,0.004028,1.042725,-0.5793,0.3049,0.0000
270,0.013855,0.002136,1.042480,-0.6098,0.2744,0.0000
271,0.015320,0.001343,1.041565,-0.6707,0.3963,0.0915
272,0.016907,0.000732,1.041687,-0.6707,0.3963,0.0915
273,0.017517,0.001343,1.042053,-0.6707,0.3963,-0.0305
274,0.016541,0.001892,1.042786,-0.7012,0.4573,-0.0915
275,0.016235,0.002380,1.043030,-0.7317,0.4268,-0.0915
276,0.016113,0.003357,1.043335,-0.6707,0.3659,-0.1220
277,0.015808,0.004700,1.043335,-0.6707,0.3354,-0.0610
278,0.015442,0.004028,1.042603,-0.6402,0.3659,-0.0610
279,0.015442,0.002563,1.041443,-0.6707,0.2439,-0.0610
280,0.015869,0.002319,1.040588,-0.5793,0.2744,-0.0915
281,0.015930,0.002747,1.040283,-0.5488,0.3049,-0.1220
282,0.013916,0.001770,1.039978,-0.5183,0.3049,-0.1829
283,0.014221,0.001831,1.040344,-0.5183,0.3354,-0.2134
284,0.014160,0.002808,1.040161,-0.4268,0.3659,-0.2134
285,0.013916,0.002747,1.039185,-0.5793,0.3049,-0.0610
286,0.013855,0.002502,1.037903,-0.6098,0.3659,-0.0915
287,0.014282,0.003052,1.038879,-0.6707,0.3963,-0.0915
288,0.015198,0.003052,1.040588,-0.6707,0.3963,-0.1220
289,0.015259,0.002991,1.040344,-0.6402,0.4268,-0.0915
290,0.014526,0.003662,1.040710,-0.6098,0.3354,-0.0915
291,0.013916,0.002563,1.041077,-0.5183,0.3354,-0.0610
292,0.013245,0.002930,1.041992,-0.5488,0.3963,-0.1220
293,0.013550,0.004211,1.042725,-0.6098,0.3659,-0.0915
294,0.013916,0.003845,1.042664,-0.6098,0.4268,-0.1220
295,0.013794,0.003784,1.041992,-0.5793,0.3963,-0.2134
296,0.016541,0.005127,1.042664,-0.5793,0.3963,-0.2439
297,0.015808,0.004700,1.042664,-0.5793,0.4268,-0.1524
298,0.014709,0.003845,1.042358,-0.7012,0.4573,-0.1220
299,0.014893,0.002930,1.042358,-0.7012,0.4878,-0.1524
300,0.014648,0.003174,1.041809,-0.7317,0.4573,-0.0610
301,0.013733,0.003601,1.039917,-0.6402,0.4268,-0.0915
302,0.013977,0.003967,1.039490,-0.6098,0.3049,-0.0915
303,0.014404,0.004395,1.039307,-0.4878,0.3354,-0.0915
304,0.013428,0.004028,1.039124,-0.5793,0.3963,-0.1220
305,0.014343,0.004395,1.039551,-0.5793,0.4878,-0.1220
306,0.015808,0.004456,1.040894,-0.5488,0.4268,-0.1220
307,0.016357,0.004883,1.042297,-0.4878,0.3354,-0.0610
308,0.017395,0.005554,1.043457,-0.5183,0.3659,-0.1220
309,0.018494,0.005798,1.043335,-0.5793,0.3659,-0.0915
310,0.017883,0.006104,1.041687,-0.7012,0.3963,0.0000
311,0.015198,0.004944,1.040405,-0.6707,0.3354,0.0000
312,0.015930,0.004028,1.039246,-0.6098,0.3354,0.0000
313,0.015503,0.003235,1.040222,-0.5793,0.2439,0.0000
314,0.015015,0.002747,1.041016,-0.6098,0.1829,0.0305
315,0.015259,0.003357,1.041260,-0.6098,0.2134,0.0610
316,0.016846,0.004822,1.042236,-0.5183,0.2439,0.0610
317,0.017822,0.005188,1.043274,-0.5488,0.2439,0.0610
318,0.016052,0.005554,1.043091,-0.5793,0.3659,0.0305
319,0.015686,0.005371,1.042175,-0.5183,0.4878,0.0305
320,0.015137,0.005920,1.042542,-0.5793,0.4268,0.0610
321,0.015076,0.006348,1.042969,-0.6707,0.4573,0.0915
322,0.015747,0.005676,1.042175,-0.6707,0.3963,0.1220
323,0.015564,0.005493,1.042175,-0.6707,0.3963,0.1220
324,0.014832,0.005310,1.042847,-0.6707,0.3963,0.1829
325,0.015137,0.004761,1.043213,-0.6402,0.3354,0.1524
326,0.015198,0.004700,1.041870,-0.6707,0.3963,0.0915
327,0.015564,0.004578,1.041626,-0.6707,0.3963,0.1220
328,0.016357,0.005066,1.041931,-0.7012,0.3049,0.0915
329,0.016785,0.004639,1.041687,-0.7012,0.3049,0.0000
330,0.015808,0.003113,1.041382,-0.7012,0.3354,-0.0610
331,0.014221,0.003052,1.041626,-0.7012,0.3659,-0.0915
332,0.014282,0.003418,1.041748,-0.6402,0.3049,-0.0305
333,0.014038,0.004639,1.040771,-0.6402,0.3354,-0.0915
334,0.014709,0.005066,1.039307,-0.5793,0.3354,-0.1829
335,0.014526,0.005798,1.039185,-0.5793,0.3049,-0.2439
336,0.014038,0.005676,1.039795,-0.5488,0.3963,-0.2439
337,0.013977,0.006653,1.040588,-0.6098,0.3354,-0.2134
338,0.013733,0.008362,1.040588,-0.6402,0.3354,-0.1220
339,0.013916,0.008911,1.039551,-0.7012,0.3659,-0.1220
340,0.014648,0.007935,1.040222,-0.7317,0.3049,-0.1524
341,0.015442,0.006653,1.041382,-0.7317,0.2744,-0.1220
342,0.014526,0.006042,1.041199,-0.7622,0.2439,-0.1524
343,0.012756,0.006226,1.040100,-0.7317,0.2744,-0.1524
344,0.012390,0.005432,1.040588,-0.8232,0.2439,-0.0915
345,0.013000,0.004639,1.041748,-0.8841,0.2744,-0.1220
346,0.013977,0.004761,1.040955,-0.7317,0.3049,-0.2439
347,0.014893,0.005493,1.040161,-0.6402,0.3049,-0.1829
348,0.015198,0.005676,1.037903,-0.6098,0.3354,-0.1524
349,0.015442,0.002991,1.038391,-0.6098,0.3963,-0.1829
350,0.015991,0.002502,1.039307,-0.6098,0.3963,-0.1524
351,0.016235,0.002869,1.039734,-0.4878,0.3354,-0.1524
352,0.016724,0.003174,1.040344,-0.4573,0.3963,-0.1524
353,0.016113,0.003784,1.040588,-0.4878,0.3963,-0.1524
354,0.015808,0.004028,1.040588,-0.4573,0.3659,-0.1524
355,0.015930,0.005981,1.039429,-0.4878,0.2439,-0.1524
356,0.014954,0.006287,1.040161,-0.5183,0.2439,-0.1829
357,0.015503,0.004944,1.041260,-0.5793,0.3049,-0.2439
358,0.016418,0.004211,1.041626,-0.4878,0.1524,-0.1829
359,0.015381,0.004578,1.041199,-0.5488,0.2134,-0.2134
360,0.014038,0.004517,1.041321,-0.5488,0.2744,-0.1220
361,0.014038,0.004211,1.041138,-0.6402,0.3049,-0.1829
362,0.016479,0.003235,1.040955,-0.6707,0.3049,-0.1524
363,0.016479,0.002625,1.041260,-0.6098,0.3049,-0.1220
364,0.017029,0.003540,1.042297,-0.5793,0.2744,-0.0610
365,0.016357,0.003723,1.042725,-0.5793,0.3049,-0.0610
366,0.014954,0.003845,1.041565,-0.5488,0.3354,-0.0305
367,0.014771,0.004211,1.040955,-0.5793,0.3049,0.0305
368,0.013855,0.004456,1.040344,-0.5793,0.3049,0.0000
369,0.013428,0.004761,1.040588,-0.6402,0.3659,0.0305
370,0.012329,0.004883,1.041016,-0.6098,0.3659,0.0915
371,0.012573,0.004089,1.041016,-0.5793,0.3963,0.0000
372,0.012878,0.003723,1.040894,-0.6402,0.3659,-0.0305
373,0.014465,0.002991,1.040344,-0.6098,0.3963,-0.0610
374,0.015869,0.001404,1.039001,-0.6098,0.3049,-0.0610
375,0.015930,0.001770,1.038574,-0.6402,0.3659,0.0000
376,0.015625,0.002625,1.038757,-0.6707,0.4268,-0.0305
377,0.015808,0.002991,1.040466,-0.6707,0.3963,-0.0915
378,0.016602,0.003479,1.041931,-0.6402,0.3963,-0.0915
379,0.015991,0.003967,1.041382,-0.6402,0.3354,-0.0305
380,0.015015,0.002930,1.041382,-0.6707,0.3354,-0.0915
381,0.013794,0.001953,1.041809,-0.6707,0.3659,-0.1220
382,0.012695,0.001770,1.041687,-0.6402,0.4268,-0.1524
383,0.013062,0.002441,1.041138,-0.6402,0.3963,-0.0915
384,0.016724,0.001160,1.039612,-0.6098,0.3659,-0.0915
385,0.017029,0.002258,1.040161,-0.6098,0.3963,0.0305
386,0.017090,0.002258,1.040222,-0.5488,0.3659,0.0610
387,0.017273,0.002319,1.039978,-0.6098,0.3354,-0.0305
388,0.016479,0.003296,1.039368,-0.6098,0.3354,-0.0915
389,0.016235,0.003052,1.040100,-0.5793,0.3963,-0.1829
390,0.016418,0.001892,1.041016,-0.5488,0.3659,-0.1524
391,0.015930,0.001892,1.040466,-0.5488,0.4268,-0.0305
392,0.016663,0.004028,1.041748,-0.5793,0.4573,0.0610
393,0.016479,0.005005,1.041809,-0.6402,0.3963,0.0915
394,0.015869,0.005371,1.041260,-0.7012,0.4573,0.0305
395,0.014954,0.004517,1.040955,-0.6402,0.3049,-0.0610
396,0.014709,0.004883,1.040588,-0.6098,0.3659,0.0000
397,0.014709,0.005310,1.040039,-0.5793,0.3963,-0.0610
398,0.014465,0.004578,1.040588,-0.6098,0.4268,-0.1220
399,0.015625,0.004639,1.040100,-0.5793,0.4878,-0.0915
400,0.015808,0.004883,1.039673,-0.4878,0.4573,-0.1220
401,0.015503,0.003967,1.040405,-0.5793,0.4573,-0.2134
402,0.015442,0.004028,1.041138,-0.5488,0.4878,-0.1829
403,0.015930,0.005066,1.042175,-0.5793,0.4268,-0.1220
404,0.016174,0.005554,1.042786,-0.5793,0.4878,-0.0915
405,0.015198,0.006348,1.041870,-0.6402,0.5183,0.0305
406,0.014160,0.005066,1.042358,-0.6707,0.3963,-0.0305
407,0.014099,0.003723,1.041992,-0.6402,0.3659,0.0305
408,0.013733,0.003784,1.041138,-0.6098,0.4573,0.0610
409,0.013977,0.003723,1.040649,-0.6098,0.4573,0.0610
410,0.013611,0.003784,1.040527,-0.5488,0.4878,0.0610
411,0.012268,0.005066,1.039673,-0.5793,0.5183,0.0000
412,0.012512,0.005188,1.038452,-0.6402,0.5488,0.0000
413,0.012634,0.004028,1.037354,-0.6402,0.5183,-0.0610
414,0.012451,0.004456,1.037415,-0.5793,0.4573,-0.1220
415,0.012695,0.004028,1.038757,-0.6098,0.5183,-0.0610
416,0.014465,0.003540,1.039185,-0.6098,0.5183,-0.1220
417,0.014771,0.002563,1.039001,-0.7012,0.4573,-0.1829
418,0.013794,0.002075,1.039978,-0.6707,0.3659,-0.2134
419,0.013916,0.001831,1.041382,-0.5793,0.3659,-0.2134
420,0.014160,0.001709,1.041992,-0.5793,0.3354,-0.2134
421,0.014465,0.002380,1.042419,-0.6402,0.3963,-0.1524
422,0.014282,0.002808,1.041687,-0.6098,0.3659,-0.1524
423,0.014526,0.003662,1.041626,-0.5793,0.3354,-0.1220
424,0.015320,0.004578,1.042664,-0.6098,0.2744,0.0305
425,0.014587,0.005310,1.042175,-0.6098,0.3354,0.0305
426,0.013672,0.005615,1.040955,-0.5488,0.4268,0.0610
427,0.015015,0.005310,1.040649,-0.5183,0.4268,0.0305
428,0.016724,0.002991,1.041321,-0.6098,0.3659,0.0305
429,0.015503,0.002075,1.041260,-0.6707,0.3354,0.0000
430,0.014648,0.002258,1.041138,-0.7012,0.3354,-0.0610
431,0.014771,0.003601,1.041138,-0.7012,0.3659,0.0000
432,0.014587,0.004028,1.040955,-0.7317,0.3659,-0.0915
433,0.013916,0.004089,1.041565,-0.6707,0.3049,-0.1524
434,0.013733,0.003357,1.041687,-0.6098,0.4268,-0.1524
435,0.013550,0.002625,1.041870,-0.6098,0.4268,-0.0610
436,0.017029,0.000854,1.044617,-0.6402,0.4573,-0.1220
437,0.017212,0.001160,1.045288,-0.6707,0.4268,-0.1220
438,0.015015,0.000977,1.045166,-0.7317,0.3659,-0.1220
439,0.013611,-0.000183,1.044312,-0.6707,0.3049,-0.1524
440,0.014282,0.000916,1.044128,-0.6098,0.3354,-0.1524
441,0.014648,0.002808,1.043640,-0.6402,0.3659,-0.0610
442,0.015503,0.003723,1.043701,-0.6707,0.3659,-0.0610
443,0.016968,0.003845,1.042969,-0.6707,0.3963,0.0610
444,0.017578,0.003418,1.041565,-0.6707,0.4268,0.0610
445,0.017334,0.003845,1.040955,-0.7012,0.3049,0.0000
446,0.015259,0.003479,1.041260,-0.6707,0.3049,0.0000
447,0.014526,0.003113,1.041016,-0.6098,0.3354,0.0000
448,0.014343,0.003113,1.039795,-0.7012,0.3659,-0.0305
449,0.013733,0.002075,1.038818,-0.6402,0.3659,-0.0610
450,0.014099,0.001587,1.038208,-0.6707,0.2744,-0.0915
451,0.014343,0.001038,1.039001,-0.7012,0.3049,-0.1220
452,0.015930,0.002563,1.040222,-0.6707,0.3354,-0.2134
453,0.016846,0.004028,1.041199,-0.6707,0.3659,-0.1524
454,0.016479,0.005005,1.041504,-0.7012,0.4573,-0.2134
455,0.016541,0.005798,1.040527,-0.7317,0.5183,-0.1524
456,0.017578,0.006042,1.040100,-0.7012,0.5488,0.0000
457,0.017944,0.005554,1.039612,-0.6707,0.5183,-0.0305
458,0.017944,0.006226,1.039734,-0.6402,0.4878,-0.1220
459,0.017395,0.006042,1.039490,-0.6707,0.4268,-0.0915
460,0.016541,0.005493,1.039124,-0.7622,0.3659,-0.0915
461,0.016113,0.005066,1.039856,-0.7927,0.3659,-0.0915
462,0.015503,0.004028,1.039612,-0.7622,0.3659,-0.0610
463,0.015076,0.003479,1.038574,-0.7317,0.3049,-0.1220
464,0.015137,0.004395,1.038330,-0.6402,0.3049,-0.1829
465,0.015930,0.005127,1.038635,-0.5183,0.3659,-0.0915
466,0.016663,0.004456,1.038330,-0.5488,0.3659,-0.0610
467,0.016174,0.004639,1.038879,-0.6402,0.3049,-0.0610
468,0.015747,0.005371,1.039673,-0.5793,0.3049,-0.0915
469,0.016052,0.005432,1.040039,-0.6098,0.3354,-0.1829
470,0.016785,0.005127,1.040527,-0.6707,0.3659,-0.1524
471,0.017456,0.005432,1.040100,-0.6402,0.3659,-0.1220
472,0.013794,0.004822,1.039368,-0.6707,0.3049,-0.0610
473,0.015076,0.004639,1.040039,-0.6707,0.3354,0.0000
474,0.015137,0.004517,1.041321,-0.6402,0.2744,-0.0305
475,0.014771,0.004944,1.041321,-0.6402,0.2439,0.0915
476,0.014954,0.005981,1.040710,-0.7012,0.1829,0.0915
477,0.014648,0.005981,1.039368,-0.6402,0.1829,0.0305
478,0.014221,0.005920,1.039429,-0.5488,0.2744,0.0000
479,0.014221,0.005859,1.040588,-0.6402,0.3354,-0.0305
480,0.014526,0.004578,1.041321,-0.5793,0.3049,0.0000
481,0.013672,0.004822,1.042358,-0.5488,0.2439,0.0305
482,0.013367,0.005554,1.042358,-0.5793,0.2134,0.1220
483,0.012878,0.004517,1.042114,-0.6707,0.1829,0.0000
484,0.011475,0.003479,1.042847,-0.6402,0.2439,-0.1220
485,0.011108,0.004150,1.043274,-0.6402,0.3049,-0.1524
486,0.010925,0.004272,1.042664,-0.6402,0.3354,-0.1829
487,0.012390,0.005066,1.041809,-0.5793,0.3963,-0.1524
488,0.012512,0.004456,1.041199,-0.6098,0.4268,-0.1220
489,0.011719,0.003906,1.041077,-0.6098,0.3659,0.0000
490,0.010254,0.004333,1.040405,-0.6707,0.3049,-0.0305
491,0.009583,0.003967,1.040588,-0.7317,0.3354,-0.0610
492,0.009399,0.004028,1.042358,-0.7317,0.3049,-0.0610
493,0.010193,0.003784,1.042053,-0.6707,0.2744,-0.0915
494,0.011841,0.002991,1.041382,-0.6098,0.2744,0.0000
495,0.013428,0.002625,1.042297,-0.6098,0.3049,0.0000
496,0.015198,0.003784,1.042542,-0.6098,0.3354,0.0000
497,0.016235,0.003601,1.041626,-0.5793,0.2744,-0.0305
498,0.016907,0.003296,1.041382,-0.6402,0.2134,0.0000
499,0.016357,0.004395,1.041565,-0.6707,0.2744,-0.0305
500,0.015442,0.005432,1.041809,-0.5793,0.3049,0.0000
501,0.015381,0.006104,1.042236,-0.5488,0.3354,0.0000
502,0.015076,0.006226,1.043213,-0.6098,0.3659,-0.0305
503,0.015137,0.006592,1.042236,-0.7317,0.3963,-0.0305
504,0.015930,0.007385,1.041931,-0.7317,0.2744,-0.0305
505,0.016968,0.006592,1.042114,-0.6402,0.2134,-0.0610
506,0.016724,0.005920,1.041565,-0.5793,0.2134,-0.1220
507,0.016479,0.006409,1.040649,-0.7012,0.3049,-0.1220
508,0.016235,0.007935,1.040771,-0.7317,0.3354,-0.0610
509,0.015503,0.006531,1.041992,-0.7012,0.3354,0.0000
510,0.014282,0.005188,1.041687,-0.6707,0.3049,-0.0305
511,0.014648,0.004456,1.041016,-0.6402,0.3659,0.0000
512,0.015564,0.005005,1.040649,-0.7012,0.4268,0.0915
513,0.015564,0.006042,1.041016,-0.7012,0.3354,0.0610
514,0.015442,0.006653,1.041565,-0.6402,0.3049,0.0610
515,0.015991,0.005920,1.042236,-0.6402,0.2439,0.0915
516,0.015442,0.004822,1.042908,-0.7012,0.2744,0.0915
517,0.016785,0.005066,1.042908,-0.6402,0.2439,0.2134
518,0.017700,0.005432,1.042053,-0.6402,0.2439,0.1829
519,0.017273,0.006531,1.041321,-0.7012,0.2134,0.1524
520,0.016235,0.005859,1.041199,-0.8537,0.3659,0.0915
521,0.015259,0.004761,1.041260,-0.8232,0.3354,-0.0305
522,0.015198,0.004517,1.040710,-0.8232,0.3354,-0.0305
523,0.014221,0.004028,1.040283,-0.7317,0.3659,0.0000
524,0.016479,0.002991,1.040833,-0.7317,0.3659,0.0000
525,0.017761,0.002747,1.040771,-0.7012,0.3659,0.0915
526,0.016846,0.002930,1.040649,-0.6402,0.3354,0.0305
527,0.016174,0.003784,1.041443,-0.5793,0.3049,0.0305
528,0.015869,0.003967,1.040955,-0.6098,0.3659,0.0000
529,0.015320,0.003052,1.039856,-0.6707,0.3659,0.0610
530,0.014526,0.003113,1.039429,-0.6707,0.3659,0.0000
531,0.015259,0.003052,1.040283,-0.6707,0.3963,-0.0305
532,0.015564,0.003479,1.041199,-0.7012,0.4268,-0.0915
533,0.015686,0.003845,1.041443,-0.6707,0.3659,-0.0915
534,0.015869,0.003540,1.041870,-0.7012,0.3659,0.0305
535,0.016113,0.003357,1.042175,-0.7622,0.4268,0.0610
536,0.015869,0.004150,1.042908,-0.7317,0.4878,-0.0305
537,0.014709,0.004639,1.043030,-0.7317,0.4268,-0.0610
538,0.014832,0.004150,1.043701,-0.7317,0.4573,-0.0305
539,0.015503,0.003357,1.043274,-0.7317,0.4268,-0.0610
540,0.014526,0.003296,1.042542,-0.7317,0.3963,-0.1524
541,0.013733,0.003174,1.042236,-0.7317,0.4268,-0.1220
542,0.013306,0.003662,1.041931,-0.5793,0.3963,-0.0610
543,0.013550,0.004395,1.041565,-0.5488,0.3354,-0.0915
544,0.013733,0.004456,1.040955,-0.5793,0.3354,0.0000
545,0.015076,0.005066,1.039429,-0.5488,0.3049,0.0305
546,0.015076,0.004761,1.040161,-0.5793,0.3659,-0.0305
547,0.014648,0.005432,1.040527,-0.6098,0.3659,-0.0610
548,0.014954,0.006042,1.040161,-0.6707,0.3659,0.0000
549,0.015625,0.007080,1.039795,-0.7012,0.3963,0.0000
550,0.015137,0.007507,1.040344,-0.7012,0.3659,-0.0305
551,0.015015,0.006348,1.041260,-0.6402,0.3659,0.0000
552,0.015808,0.004150,1.041321,-0.5793,0.4268,-0.0305
553,0.013245,0.005188,1.042419,-0.5488,0.4573,-0.0305
554,0.013123,0.005066,1.042725,-0.6402,0.4878,-0.0610
555,0.013916,0.004761,1.040955,-0.6707,0.5183,-0.0305
556,0.013794,0.005615,1.039734,-0.6098,0.3659,0.0000
557,0.013489,0.007507,1.039795,-0.5793,0.3659,0.0305
558,0.013977,0.009094,1.040833,-0.6098,0.3963,-0.0305
559,0.014832,0.009460,1.041321,-0.6402,0.3963,-0.0305
560,0.016785,0.007324,1.040955,-0.7012,0.3354,-0.0610
561,0.015869,0.005432,1.040710,-0.7012,0.4268,-0.1220
562,0.015747,0.004822,1.040222,-0.6098,0.4573,-0.0915
563,0.016235,0.005005,1.039490,-0.6098,0.3659,-0.1220
564,0.017151,0.005066,1.038635,-0.6098,0.3049,-0.1220
565,0.018188,0.004944,1.038635,-0.6098,0.2744,-0.1524
566,0.018799,0.005127,1.038574,-0.6707,0.1829,-0.2134
567,0.017395,0.004517,1.038940,-0.6707,0.1829,-0.2134
568,0.016968,0.003906,1.039246,-0.6402,0.2439,-0.1829
569,0.016785,0.003113,1.039856,-0.6707,0.3354,-0.1829
570,0.016846,0.003662,1.039856,-0.7012,0.3049,-0.1829
571,0.015930,0.004211,1.039612,-0.6707,0.2439,-0.1220
572,0.015381,0.003601,1.039673,-0.7012,0.2744,0.0000
573,0.015381,0.002808,1.039734,-0.7012,0.3354,-0.0305
574,0.014771,0.002258,1.040161,-0.6707,0.3354,0.0305
575,0.015320,0.002686,1.041870,-0.6402,0.3049,0.0000
576,0.014954,0.003723,1.042480,-0.7317,0.3049,0.0610
577,0.014832,0.003845,1.041504,-0.7622,0.3049,0.0610
578,0.014648,0.002869,1.040161,-0.7927,0.3659,0.0305
579,0.014832,0.003052,1.039490,-0.8232,0.3963,0.0305
580,0.014160,0.003967,1.040710,-0.7622,0.4573,0.0610
581,0.013916,0.003174,1.041565,-0.6707,0.4268,0.0305
582,0.014099,0.002502,1.039246,-0.6402,0.3963,0.0305
583,0.015015,0.000854,1.039062,-0.5793,0.4268,0.0610
584,0.016052,0.000427,1.039062,-0.5793,0.4268,0.0610
585,0.015930,0.001648,1.039795,-0.5488,0.3659,0.0915
586,0.014343,0.002686,1.040222,-0.4573,0.3354,-0.0305
587,0.013733,0.002808,1.040039,-0.5793,0.3354,-0.0610
588,0.014343,0.002502,1.039917,-0.5488,0.3049,-0.0305
589,0.015320,0.003052,1.038696,-0.6402,0.3354,-0.1220
590,0.015137,0.003540,1.040344,-0.6402,0.3963,-0.1524
591,0.016418,0.004211,1.041504,-0.7317,0.3354,-0.1829
592,0.016968,0.004700,1.041992,-0.7622,0.4268,-0.2134
593,0.016418,0.005371,1.042908,-0.6402,0.3963,-0.1220
594,0.015808,0.005371,1.043579,-0.6707,0.3659,-0.1524
595,0.015259,0.005127,1.042175,-0.6098,0.3049,-0.1524
596,0.015503,0.005005,1.039856,-0.7012,0.3049,-0.1829
597,0.015869,0.003540,1.040527,-0.6402,0.2744,-0.0610
598,0.015808,0.003906,1.041809,-0.5793,0.3049,-0.0915
599,0.014893,0.004761,1.043091,-0.5488,0.2744,-0.0610
600,0.014587,0.005493,1.043396,-0.5488,0.3354,-0.0305
601,0.015320,0.005066,1.042419,-0.4878,0.3049,0.0000
602,0.015564,0.003113,1.040771,-0.5183,0.2134,-0.0610
603,0.015015,0.001404,1.040466,-0.5488,0.1524,0.0305
604,0.013977,0.002991,1.043213,-0.5793,0.1524,0.0305
605,0.014526,0.003357,1.042664,-0.6098,0.1829,0.0915
606,0.015137,0.003113,1.041870,-0.6098,0.2134,0.0610
607,0.015564,0.003174,1.041809,-0.6098,0.2744,0.0000
608,0.017151,0.003723,1.041870,-0.7317,0.3963,-0.1220
609,0.017944,0.002869,1.042419,-0.7622,0.3049,-0.1524
610,0.016663,0.002380,1.042542,-0.7317,0.2744,-0.0915
611,0.014709,0.000427,1.042175,-0.7012,0.3963,0.0000
612,0.013977,0.000610,1.041260,-0.6707,0.4268,0.0915
613,0.014526,0.002075,1.040833,-0.6707,0.4573,0.0610
614,0.015686,0.003845,1.040710,-0.7012,0.4268,-0.0610
615,0.016846,0.005066,1.039673,-0.6707,0.4878,-0.1220
616,0.016418,0.005310,1.039124,-0.6098,0.4878,-0.0610
617,0.016296,0.005127,1.040161,-0.5488,0.3659,0.0000
618,0.016907,0.006409,1.040833,-0.5793,0.3354,-0.0305
619,0.016907,0.005615,1.042847,-0.6402,0.3049,-0.0915
620,0.016907,0.004822,1.042725,-0.6098,0.3963,-0.1220
621,0.017273,0.004211,1.042175,-0.6098,0.4268,-0.1220
622,0.016174,0.004456,1.041260,-0.5488,0.4268,0.0610
623,0.014038,0.004456,1.041199,-0.5793,0.4573,0.1220
624,0.013062,0.002502,1.042175,-0.5793,0.3963,0.0915
625,0.012817,0.001038,1.042480,-0.5488,0.2744,0.0305
626,0.014648,0.002014,1.041626,-0.5488,0.3354,0.0305
627,0.014587,0.005066,1.041748,-0.5488,0.3049,0.0610
628,0.013733,0.006348,1.041382,-0.5183,0.2744,0.0000
629,0.013367,0.006958,1.040771,-0.4573,0.2744,-0.0610
630,0.014160,0.007141,1.040405,-0.4573,0.2134,-0.1524
631,0.014893,0.006531,1.040039,-0.3963,0.2744,-0.0610
632,0.014648,0.007324,1.039551,-0.4573,0.3963,0.0000
633,0.014648,0.006226,1.038757,-0.4878,0.3354,-0.0305
634,0.014465,0.005493,1.038696,-0.5183,0.2744,-0.0610
635,0.014038,0.006287,1.038879,-0.5183,0.2134,-0.0915
636,0.013977,0.006714,1.039062,-0.4878,0.1829,-0.0305
637,0.013550,0.006714,1.039673,-0.6402,0.1829,0.0305
638,0.013855,0.007202,1.040771,-0.7012,0.2439,0.0915
639,0.014832,0.006470,1.040405,-0.7012,0.2744,0.0305
640,0.015259,0.005920,1.039734,-0.7012,0.3354,0.0000
641,0.014343,0.005249,1.040527,-0.7012,0.3049,-0.0915
642,0.014282,0.005371,1.041016,-0.7927,0.2134,-0.0610
643,0.014038,0.005127,1.041565,-0.7927,0.1829,-0.0305
644,0.013550,0.005432,1.042236,-0.7622,0.2744,-0.0915
645,0.013306,0.005676,1.041992,-0.7317,0.3049,-0.0305
646,0.013977,0.005554,1.041504,-0.7012,0.2744,0.0305
647,0.013550,0.005859,1.041138,-0.7622,0.3049,0.0305
648,0.015259,0.004700,1.041931,-0.7622,0.2134,0.0000
649,0.014954,0.003601,1.041443,-0.7012,0.2439,0.0915
650,0.014648,0.003296,1.040710,-0.6707,0.2744,0.0915
651,0.014221,0.004028,1.040771,-0.6402,0.3659,0.0915
652,0.013855,0.004883,1.040283,-0.6098,0.3354,0.1220
653,0.013367,0.005493,1.039917,-0.5793,0.2439,0.0610
654,0.013428,0.005310,1.039795,-0.6707,0.2439,0.0305
655,0.013000,0.005737,1.039551,-0.6707,0.1829,-0.0610
656,0.011780,0.006409,1.039368,-0.6707,0.1524,-0.0305
657,0.012695,0.006836,1.039246,-0.6402,0.1829,0.0000
658,0.014465,0.005920,1.038330,-0.7012,0.2439,-0.0305
659,0.014038,0.005249,1.037537,-0.6098,0.3354,-0.0610
660,0.012695,0.005493,1.038696,-0.5793,0.2744,-0.1220
661,0.012146,0.006226,1.040405,-0.6402,0.2744,-0.1829
662,0.011963,0.006042,1.040833,-0.6707,0.3354,-0.2134
663,0.014465,0.004944,1.039551,-0.7317,0.3963,-0.1220
664,0.015442,0.004089,1.039124,-0.7317,0.3963,-0.0915
665,0.015198,0.004272,1.037415,-0.7317,0.3963,-0.0305
666,0.013794,0.005127,1.037354,-0.6098,0.3354,-0.0305
667,0.013428,0.005432,1.038269,-0.6707,0.3049,0.0000
668,0.014160,0.005676,1.039246,-0.6402,0.3354,0.0305
669,0.015198,0.005676,1.039734,-0.6098,0.3049,0.0000
670,0.015320,0.004883,1.040710,-0.7012,0.3354,0.0000
671,0.016174,0.002991,1.040100,-0.6402,0.3354,0.0000
672,0.017212,0.002808,1.041260,-0.6402,0.3659,-0.0305
673,0.018250,0.004150,1.041260,-0.6402,0.4268,-0.0610
674,0.018066,0.004639,1.040100,-0.6707,0.3049,0.0000
675,0.018433,0.004639,1.040222,-0.6707,0.3354,0.1220
676,0.018677,0.005493,1.041565,-0.6707,0.4268,0.0915
677,0.017029,0.004822,1.042297,-0.6098,0.3659,0.0305
678,0.016418,0.003235,1.041870,-0.5488,0.3049,0.0915
679,0.016174,0.002319,1.041870,-0.5793,0.2744,0.1220
680,0.015564,0.002930,1.041199,-0.5488,0.2439,0.0915
681,0.016235,0.002563,1.040833,-0.5793,0.2134,0.1524
682,0.017334,0.002991,1.040527,-0.5793,0.2439,0.0000
683,0.016357,0.003906,1.039612,-0.5488,0.2439,0.0305
684,0.015198,0.004211,1.039185,-0.5793,0.2439,0.1220
685,0.015747,0.002197,1.040100,-0.5793,0.3049,0.1220
686,0.015320,0.001099,1.039917,-0.5488,0.3354,0.0610
687,0.014038,0.001831,1.040527,-0.6098,0.3659,0.0305
688,0.014160,0.002991,1.041504,-0.5793,0.3354,0.0000
689,0.015625,0.003113,1.041504,-0.6707,0.3354,-0.0610
690,0.015503,0.003967,1.040833,-0.6098,0.3049,0.0000
691,0.014526,0.005432,1.041016,-0.5183,0.3354,-0.0610
692,0.017090,0.005737,1.041504,-0.4878,0.3963,0.0305
693,0.017517,0.004456,1.040894,-0.5488,0.4268,0.0305
694,0.016235,0.003967,1.040527,-0.5488,0.4268,-0.0305
695,0.015198,0.004150,1.040161,-0.4878,0.3659,0.0000
696,0.014587,0.004944,1.040222,-0.5183,0.3963,-0.1220
697,0.014526,0.005188,1.039673,-0.5488,0.3963,-0.1220
698,0.015320,0.004944,1.038696,-0.6707,0.4268,-0.1829
699,0.014343,0.004517,1.040833,-0.7317,0.3659,-0.1524
700,0.013794,0.004150,1.040833,-0.6707,0.3354,-0.1220
701,0.012878,0.004456,1.040039,-0.6402,0.3659,-0.0915
702,0.012573,0.004395,1.040161,-0.6707,0.3049,-0.0610
703,0.012024,0.004211,1.040527,-0.6098,0.3354,-0.0915
704,0.012146,0.004333,1.040771,-0.5793,0.2439,-0.1220
705,0.012695,0.004883,1.041016,-0.4878,0.2744,-0.0610
706,0.012146,0.004761,1.040955,-0.5183,0.3049,0.0000
707,0.013916,0.002808,1.040833,-0.4878,0.3659,0.0610
708,0.013794,0.003113,1.040466,-0.5488,0.4573,0.0000
709,0.013306,0.003601,1.039490,-0.5793,0.4268,-0.0610
710,0.013245,0.004028,1.039246,-0.4878,0.3963,0.0305
711,0.012695,0.004883,1.039551,-0.4573,0.3049,0.0915
712,0.012024,0.005676,1.039001,-0.4878,0.3049,0.0915
713,0.012451,0.005554,1.038940,-0.5793,0.3354,0.0915
714,0.014526,0.005798,1.040833,-0.6098,0.3659,0.1220
715,0.014465,0.005676,1.041382,-0.6402,0.3659,0.0915
716,0.014893,0.005432,1.042236,-0.6098,0.3049,0.0915
717,0.014893,0.005554,1.043030,-0.6098,0.3354,0.0305
718,0.014526,0.006104,1.042419,-0.5793,0.3049,0.0305
719,0.014160,0.005493,1.041016,-0.5793,0.3354,0.0305
720,0.014709,0.005371,1.040833,-0.6707,0.3659,-0.0305
721,0.015930,0.006775,1.041504,-0.6707,0.3963,0.0305
722,0.014709,0.007446,1.040527,-0.6707,0.3659,-0.0305
723,0.014038,0.007446,1.038879,-0.7012,0.3354,-0.0305
724,0.013794,0.007141,1.037720,-0.6098,0.2744,-0.0305
725,0.013184,0.006348,1.037537,-0.6402,0.2439,0.0000
726,0.013245,0.004822,1.038757,-0.5793,0.2744,-0.0915
727,0.013611,0.003479,1.040771,-0.5183,0.3354,-0.1220
728,0.014282,0.003967,1.041748,-0.6402,0.3659,-0.1220
729,0.016052,0.004700,1.042908,-0.7622,0.3659,-0.1220
730,0.016174,0.003662,1.042297,-0.7317,0.3963,-0.0915
731,0.015686,0.003174,1.041138,-0.6707,0.3659,-0.0305
732,0.015503,0.003662,1.040527,-0.5183,0.3659,-0.0305
733,0.015198,0.004456,1.040710,-0.5183,0.3354,0.0610
734,0.014404,0.004211,1.040771,-0.5488,0.2744,0.0000
735,0.014771,0.003723,1.039917,-0.5488,0.1829,-0.0915
736,0.015381,0.003784,1.041199,-0.5183,0.2134,-0.0305
737,0.015686,0.003845,1.041931,-0.5183,0.3354,0.0305
738,0.015442,0.003784,1.042114,-0.5488,0.3659,-0.0915
739,0.014832,0.003967,1.042175,-0.6402,0.3354,-0.0305
740,0.014221,0.004272,1.042358,-0.5183,0.3963,-0.0305
741,0.012817,0.004761,1.041565,-0.5183,0.3963,-0.1220
742,0.012268,0.005371,1.041565,-0.5488,0.3354,-0.1524
743,0.010803,0.004883,1.040894,-0.4573,0.3963,-0.0305
744,0.010498,0.004639,1.039978,-0.4573,0.3963,0.0000
745,0.010376,0.005005,1.039551,-0.4878,0.4268,0.0610
746,0.010193,0.004517,1.039795,-0.5488,0.3963,0.0305
747,0.010376,0.004150,1.040466,-0.5793,0.4268,-0.0915
748,0.011230,0.003418,1.040955,-0.5793,0.4878,-0.0610
749,0.012329,0.002258,1.040955,-0.5793,0.4573,-0.0305
750,0.012634,0.002991,1.040771,-0.5793,0.3659,0.0305
751,0.013184,0.004272,1.040588,-0.5793,0.3049,-0.0305
752,0.013855,0.004211,1.040466,-0.5488,0.2744,0.0305
753,0.014160,0.002930,1.041260,-0.5793,0.3354,0.0305
754,0.014954,0.001831,1.041382,-0.7317,0.3659,0.0305
755,0.016235,0.002014,1.040771,-0.8232,0.3659,0.0305
756,0.015686,0.002380,1.040283,-0.8537,0.3659,0.0915
757,0.014343,0.002502,1.040588,-0.8232,0.3354,0.0610
758,0.012451,0.004089,1.040344,-0.8841,0.3963,0.0305
759,0.014038,0.005127,1.039978,-0.8841,0.3354,0.0305
760,0.014771,0.005981,1.041016,-0.8841,0.3963,0.0000
761,0.014893,0.006470,1.042053,-0.8841,0.3963,0.0305
762,0.015198,0.006958,1.041504,-0.7927,0.3659,0.1220
763,0.015747,0.006653,1.040466,-0.7317,0.3659,0.0305
764,0.017334,0.006287,1.039917,-0.6707,0.3659,-0.0610
765,0.018799,0.005432,1.040283,-0.7012,0.3354,-0.0915
766,0.018738,0.004822,1.040100,-0.7012,0.3354,-0.0915
767,0.018860,0.004822,1.039429,-0.6707,0.3354,-0.1220
768,0.018005,0.005066,1.039062,-0.6098,0.3049,-0.1220
769,0.016907,0.005066,1.039185,-0.7317,0.3659,-0.1220
770,0.016541,0.005371,1.039124,-0.7012,0.3659,-0.0915
771,0.016785,0.005920,1.038574,-0.7012,0.4268,-0.0305
772,0.016785,0.006836,1.038208,-0.6707,0.4573,-0.0305
773,0.016907,0.008667,1.038269,-0.7012,0.4573,0.0305
774,0.016357,0.007935,1.039246,-0.7622,0.4268,-0.0305
775,0.016113,0.006958,1.040039,-0.7012,0.4268,-0.0610
776,0.016602,0.006470,1.040100,-0.6707,0.3659,-0.0305
777,0.015991,0.005737,1.039429,-0.6402,0.3963,-0.0305
778,0.016052,0.005798,1.038696,-0.6707,0.3354,-0.0305
779,0.016846,0.006042,1.038879,-0.7012,0.3963,-0.0915
780,0.018494,0.004150,1.039001,-0.6707,0.3963,0.0000
781,0.018494,0.003601,1.039368,-0.7317,0.3659,0.0610
782,0.017700,0.002319,1.040222,-0.7927,0.4573,0.0000
783,0.016174,0.002014,1.040833,-0.7317,0.3963,-0.0305
784,0.014465,0.003174,1.041626,-0.6707,0.4573,-0.1220
785,0.013855,0.004761,1.041565,-0.6098,0.4573,-0.1829
786,0.013855,0.004883,1.040466,-0.5488,0.4573,-0.1524
787,0.014038,0.002991,1.039856,-0.5793,0.4268,-0.0305
788,0.012329,0.003845,1.039062,-0.5488,0.3659,-0.0915
789,0.012146,0.004944,1.038269,-0.5488,0.3049,-0.1829
790,0.013184,0.005554,1.038818,-0.4878,0.3354,-0.2439
791,0.014648,0.004761,1.040039,-0.6098,0.4573,-0.1524
792,0.015503,0.003662,1.040283,-0.6402,0.4878,-0.2134
793,0.015381,0.003967,1.041016,-0.7622,0.5183,-0.1829
794,0.014648,0.003845,1.041260,-0.7622,0.4878,-0.0915
795,0.016907,0.002258,1.041443,-0.7012,0.4878,-0.1220
796,0.015930,0.003418,1.042175,-0.6707,0.4878,-0.1524
797,0.014648,0.004517,1.042114,-0.6098,0.4573,-0.1220
798,0.014404,0.004028,1.041687,-0.6402,0.3963,-0.1220
799,0.015015,0.003723,1.040833,-0.6098,0.3963,-0.0610
800,0.016418,0.004395,1.041382,-0.6402,0.3659,-0.0915
801,0.016602,0.004639,1.040588,-0.7012,0.4573,-0.0915
802,0.016968,0.002991,1.039734,-0.6402,0.3963,-0.0305
803,0.016968,0.003479,1.040344,-0.6402,0.3659,0.0000
804,0.016418,0.004883,1.040405,-0.5488,0.3659,0.0000
805,0.014893,0.005310,1.039856,-0.5488,0.3963,-0.0610
806,0.013367,0.005371,1.039490,-0.4878,0.4268,-0.1220
807,0.013306,0.004822,1.038574,-0.5488,0.3659,-0.0305
808,0.013245,0.003540,1.038025,-0.5488,0.3659,0.0305
809,0.014282,0.003235,1.037781,-0.6098,0.3659,-0.0915
810,0.013977,0.003296,1.038696,-0.7012,0.3963,-0.1524
811,0.014038,0.002991,1.039856,-0.7012,0.2744,-0.1524
812,0.013367,0.003235,1.040588,-0.7317,0.2134,-0.1220
813,0.013672,0.004089,1.040588,-0.6707,0.2744,-0.2134
814,0.014526,0.004822,1.040649,-0.7012,0.3049,-0.0610
815,0.014587,0.005249,1.040222,-0.7927,0.3049,-0.0610
816,0.013611,0.004761,1.039551,-0.7927,0.3049,-0.0915
817,0.012634,0.005005,1.039246,-0.7927,0.3049,-0.1524
818,0.012817,0.004028,1.039368,-0.7317,0.2744,-0.1220
819,0.012939,0.003174,1.039001,-0.7012,0.2439,-0.0610
820,0.013306,0.003540,1.039368,-0.6707,0.1829,-0.1220
821,0.013000,0.005371,1.040771,-0.6098,0.2439,-0.1220
822,0.012024,0.005920,1.041016,-0.6098,0.3049,-0.1524
823,0.012512,0.005188,1.040955,-0.6402,0.3049,-0.0915
824,0.014404,0.004700,1.040894,-0.5793,0.3354,-0.0915
825,0.013672,0.003723,1.041077,-0.5488,0.3354,-0.0610
826,0.013000,0.004150,1.041077,-0.6707,0.2744,-0.1220
827,0.012878,0.005249,1.040955,-0.6402,0.3049,-0.0915
828,0.013367,0.006104,1.042480,-0.7317,0.4573,-0.0610
829,0.013611,0.005005,1.042847,-0.7317,0.4573,-0.0610
830,0.013611,0.003418,1.041809,-0.7622,0.4573,-0.0305
831,0.013855,0.005249,1.042358,-0.7012,0.4268,0.0305
832,0.013977,0.004822,1.042358,-0.7012,0.3659,0.0000
833,0.014465,0.004333,1.042969,-0.7317,0.3354,0.0610
834,0.014404,0.005066,1.043945,-0.7317,0.3354,0.0915
835,0.014282,0.006165,1.044495,-0.7317,0.3659,0.0610
836,0.014160,0.005676,1.044006,-0.7317,0.3963,0.0610
837,0.014038,0.004333,1.043823,-0.7927,0.3659,0.0305
838,0.014771,0.004456,1.043701,-0.8537,0.4268,-0.0610
839,0.015686,0.005005,1.044373,-0.8537,0.3963,-0.0915
840,0.015564,0.004700,1.043945,-0.7622,0.4268,0.0000
841,0.014404,0.004333,1.042786,-0.7317,0.3354,0.0000
842,0.013306,0.003845,1.043030,-0.7317,0.2134,0.0000
843,0.013306,0.003540,1.041565,-0.7317,0.2439,-0.0305
844,0.014038,0.003845,1.039673,-0.6402,0.2134,-0.0610
845,0.014465,0.004639,1.038879,-0.5488,0.2134,-0.0610
846,0.013184,0.004089,1.039185,-0.5183,0.2439,-0.0610
847,0.012878,0.003967,1.039551,-0.5488,0.3659,-0.0610
848,0.014282,0.003723,1.039978,-0.5183,0.3049,-0.0610
849,0.015137,0.003174,1.039978,-0.6098,0.3354,-0.0305
850,0.015625,0.002930,1.039978,-0.6402,0.3354,-0.0610
851,0.014771,0.002563,1.040039,-0.6707,0.3354,-0.0915
852,0.014038,0.003845,1.040283,-0.6707,0.3659,-0.0610
853,0.014343,0.004272,1.041077,-0.6707,0.4268,-0.0305
854,0.013611,0.005310,1.040955,-0.7317,0.4268,-0.0915
855,0.014465,0.006592,1.040405,-0.7622,0.4573,-0.0915
856,0.015381,0.006958,1.041016,-0.7012,0.3659,-0.0915
857,0.015930,0.006226,1.041931,-0.6098,0.3049,-0.1220
858,0.017456,0.005920,1.041748,-0.6707,0.3354,-0.0610
859,0.020081,0.005615,1.041809,-0.6707,0.3354,-0.0915
860,0.020935,0.005310,1.041321,-0.7012,0.3963,-0.0915
861,0.017151,0.005676,1.041199,-0.7317,0.4268,-0.1524
862,0.018127,0.005615,1.041687,-0.7317,0.3963,-0.1524
863,0.018188,0.005066,1.042175,-0.7012,0.3354,-0.0915
864,0.017822,0.004944,1.042419,-0.6707,0.4573,-0.1220
865,0.017212,0.004395,1.041992,-0.6707,0.4573,-0.1220
866,0.016113,0.003052,1.041931,-0.6098,0.4878,-0.1829
867,0.015381,0.002625,1.041565,-0.6402,0.4268,-0.0915
868,0.013611,0.002747,1.039978,-0.6402,0.3354,-0.0305
869,0.014221,0.002686,1.039734,-0.6707,0.3049,-0.0305
870,0.013794,0.003113,1.039490,-0.7317,0.3659,-0.0610
871,0.013000,0.003113,1.039246,-0.7317,0.3963,-0.0305
872,0.011841,0.004272,1.038574,-0.6402,0.3354,-0.0915
873,0.011353,0.005310,1.038879,-0.6098,0.3354,-0.1524
874,0.011292,0.005310,1.039917,-0.6098,0.3354,-0.0610
875,0.012024,0.005371,1.040161,-0.6402,0.3354,-0.1220
876,0.012512,0.004822,1.040955,-0.6402,0.3659,-0.1524
877,0.012756,0.004822,1.040100,-0.7317,0.3354,-0.1829
878,0.014221,0.005066,1.039124,-0.7012,0.2439,-0.1220
879,0.015381,0.004333,1.039001,-0.6098,0.1829,-0.1220
880,0.015442,0.004150,1.038574,-0.5793,0.2134,-0.0610
881,0.015198,0.003601,1.037720,-0.6098,0.3049,-0.0915
882,0.015320,0.002136,1.037598,-0.6098,0.3659,-0.0610
883,0.014160,0.002502,1.039368,-0.6402,0.3659,-0.1220
884,0.014221,0.003601,1.038940,-0.6402,0.3659,-0.1220
885,0.015381,0.003540,1.039124,-0.6098,0.4268,-0.1220
886,0.014893,0.003601,1.040161,-0.5488,0.4268,-0.0610
887,0.015076,0.004883,1.041199,-0.5183,0.3963,-0.0305
888,0.015625,0.005310,1.042175,-0.5183,0.3963,-0.0305
889,0.015320,0.004456,1.042786,-0.4573,0.3963,-0.0610
890,0.015503,0.004028,1.041687,-0.4573,0.3659,-0.0610
891,0.016663,0.004395,1.041687,-0.4268,0.3659,-0.0610
892,0.016174,0.004578,1.042114,-0.4573,0.3963,-0.0305
893,0.015381,0.004517,1.043213,-0.4268,0.4573,-0.1220
894,0.015198,0.005005,1.044556,-0.5183,0.4573,-0.1220
895,0.014465,0.004333,1.045776,-0.5488,0.3963,-0.1524
896,0.013977,0.003052,1.045837,-0.5793,0.3354,-0.1829
897,0.014343,0.004944,1.042542,-0.6098,0.2439,-0.0915
898,0.014343,0.005676,1.041992,-0.6098,0.2744,-0.0305
899,0.013733,0.004944,1.042114,-0.6402,0.3659,-0.0305
900,0.013184,0.005066,1.041138,-0.6098,0.3659,-0.0305
901,0.014221,0.005432,1.040649,-0.5793,0.3659,0.0305
902,0.015808,0.004211,1.040894,-0.5793,0.3049,0.0610
903,0.015625,0.003723,1.041687,-0.6402,0.3049,0.0305
904,0.015320,0.004211,1.041260,-0.5488,0.2439,0.0610
905,0.012878,0.004028,1.040222,-0.5488,0.2744,-0.0305
906,0.012207,0.004517,1.039551,-0.5183,0.2744,-0.0305
907,0.012939,0.004150,1.039795,-0.5183,0.2439,-0.1220
908,0.013306,0.001892,1.039795,-0.4878,0.3049,-0.1524
909,0.012878,0.000854,1.039795,-0.4573,0.2744,-0.1829
910,0.012878,0.001770,1.040100,-0.5183,0.2744,-0.1220
911,0.013428,0.002197,1.041199,-0.5183,0.3354,-0.0915
912,0.014648,0.002686,1.042114,-0.5793,0.2744,-0.0610
913,0.015137,0.002869,1.042480,-0.6098,0.2134,-0.0915
914,0.015198,0.003235,1.042908,-0.5793,0.2744,-0.0305
915,0.015259,0.003357,1.042419,-0.6098,0.3049,-0.0305
916,0.015564,0.004333,1.041016,-0.6098,0.3354,-0.0915
917,0.016296,0.004944,1.039978,-0.5488,0.3659,-0.0915
918,0.017700,0.004517,1.039001,-0.6098,0.3354,-0.1220
919,0.016724,0.002197,1.039062,-0.5793,0.2744,-0.1524
920,0.016602,0.001282,1.039246,-0.5793,0.3354,-0.0610
921,0.015503,0.000366,1.039062,-0.6402,0.3354,-0.1220
922,0.014465,0.000061,1.039978,-0.7012,0.2744,0.0000
923,0.014282,0.000427,1.041931,-0.6402,0.2744,0.0610
924,0.014221,0.001038,1.042664,-0.6098,0.3354,0.0915
925,0.014648,0.002014,1.041077,-0.6098,0.3354,0.0915
926,0.014404,0.003540,1.039917,-0.6402,0.3354,0.0915
927,0.014465,0.004333,1.040710,-0.6707,0.3354,0.0610
928,0.013916,0.003357,1.040771,-0.6098,0.3354,-0.0915
929,0.014099,0.003296,1.039856,-0.6707,0.3354,-0.0610
930,0.014709,0.004822,1.040161,-0.6707,0.2439,-0.0610
931,0.014954,0.005981,1.041077,-0.7012,0.2744,-0.0610
932,0.015930,0.006287,1.041504,-0.7012,0.3049,0.0000
933,0.014771,0.006226,1.041626,-0.7012,0.3049,-0.0305
934,0.015686,0.004456,1.043030,-0.7622,0.2439,-0.1220
935,0.015442,0.004211,1.043091,-0.7012,0.3354,-0.1524
936,0.015198,0.003906,1.042908,-0.6098,0.3354,-0.1220
937,0.015808,0.003479,1.041504,-0.6098,0.3354,-0.0915
938,0.015442,0.003357,1.040344,-0.6098,0.2439,-0.0915
939,0.014893,0.003479,1.040405,-0.6098,0.2439,-0.0915
940,0.015808,0.003845,1.039551,-0.5793,0.3049,-0.0305
941,0.013794,0.003906,1.038147,-0.5488,0.3049,0.0000
942,0.013062,0.004089,1.037292,-0.5183,0.3659,0.0305
943,0.013000,0.002869,1.037354,-0.5183,0.4268,0.0000
944,0.012817,0.002136,1.038208,-0.5793,0.4573,0.0610
945,0.013306,0.002075,1.038818,-0.4573,0.3659,0.0305
946,0.013794,0.001709,1.038940,-0.4573,0.3659,0.0000
947,0.013916,0.001648,1.039368,-0.5183,0.3049,0.0305
948,0.012878,0.002808,1.040527,-0.5488,0.2439,0.1524
949,0.012512,0.002747,1.041931,-0.6098,0.3354,0.1220
950,0.013184,0.003235,1.041626,-0.5488,0.3354,0.1220
951,0.013062,0.004639,1.041077,-0.6098,0.2744,0.0915
952,0.013306,0.005737,1.041016,-0.7012,0.3354,0.1220
953,0.014404,0.004944,1.041504,-0.6707,0.3659,0.0610
954,0.015747,0.003418,1.041870,-0.6402,0.3354,0.0305
955,0.016541,0.003906,1.041504,-0.6707,0.3049,0.0000
956,0.015137,0.005371,1.041138,-0.7622,0.3354,0.0305
957,0.015442,0.005554,1.039307,-0.7622,0.3354,-0.0610
958,0.016785,0.005798,1.038208,-0.7012,0.2744,-0.0610
959,0.018311,0.006104,1.038147,-0.6402,0.3354,-0.1220
960,0.018860,0.005432,1.038391,-0.7317,0.3659,-0.0610
961,0.018494,0.004944,1.038574,-0.7317,0.3049,0.0305
962,0.017273,0.005066,1.039368,-0.7012,0.2439,-0.0305
963,0.014648,0.004211,1.039856,-0.7622,0.2744,0.0000
964,0.015137,0.003967,1.039978,-0.7622,0.3354,0.0305
965,0.015259,0.003113,1.040833,-0.7927,0.3354,0.0305
966,0.014282,0.003845,1.042053,-0.7317,0.3049,0.0915
967,0.013123,0.004578,1.042175,-0.7012,0.3049,0.0305
968,0.012878,0.004089,1.042725,-0.7317,0.2744,0.0305
969,0.013367,0.003052,1.043091,-0.6707,0.3354,0.0305
970,0.013794,0.001953,1.042725,-0.6098,0.3963,0.0305
971,0.012878,0.002197,1.043152,-0.5793,0.4268,0.0000
972,0.012634,0.002563,1.042786,-0.5488,0.4878,-0.0305
973,0.012024,0.003296,1.043518,-0.5488,0.3659,-0.0610
974,0.012085,0.004578,1.044495,-0.4878,0.3354,-0.0305
975,0.011414,0.005066,1.044617,-0.5183,0.3659,0.0610
976,0.010376,0.004272,1.043396,-0.6098,0.4268,0.0000
977,0.011475,0.004700,1.042664,-0.5793,0.3659,0.0000
978,0.013367,0.004578,1.041809,-0.5793,0.3963,-0.0305
979,0.012878,0.005798,1.040649,-0.5488,0.3963,-0.0305
980,0.013062,0.006836,1.039978,-0.4878,0.3659,-0.0305
981,0.012329,0.007446,1.040405,-0.6402,0.2134,-0.0305
982,0.012573,0.007690,1.040344,-0.7012,0.1829,-0.0915
983,0.014221,0.007324,1.039368,-0.7622,0.1829,-0.0610
984,0.015015,0.006104,1.038330,-0.7927,0.2134,-0.0305
985,0.015259,0.003540,1.038757,-0.7927,0.2744,-0.0915
986,0.016052,0.004211,1.039490,-0.7622,0.2744,-0.0915
987,0.016479,0.004944,1.039734,-0.7012,0.3049,-0.0915
988,0.017151,0.004639,1.039368,-0.6098,0.3354,0.0000
989,0.017029,0.004211,1.039917,-0.5183,0.3963,-0.1524
990,0.015991,0.004517,1.039917,-0.5183,0.4878,-0.1220
991,0.015442,0.005249,1.039124,-0.5488,0.4573,-0.0610
992,0.016174,0.005310,1.039917,-0.5488,0.3659,0.0305
993,0.016724,0.003906,1.041321,-0.5183,0.3659,0.0610
994,0.017456,0.003418,1.042297,-0.5488,0.3963,0.0305
995,0.017212,0.002258,1.042480,-0.5183,0.4573,0.0000
996,0.017578,0.001526,1.041443,-0.5793,0.4573,0.0305
997,0.016907,0.001526,1.040344,-0.5793,0.4573,0.0000
998,0.015137,0.001648,1.040527,-0.6402,0.3963,-0.0610
999,0.014404,0.002014,1.040466,-0.6098,0.3354,-0.0305
1000,0.014893,0.001648,1.037842,-0.6707,0.3049,0.0305
1001,0.015564,0.002014,1.037964,-0.7012,0.3354,0.0610
1002,0.015259,0.002930,1.036804,-0.7622,0.3659,0.0610
1003,0.014343,0.003418,1.036255,-0.7317,0.2439,-0.0305
1004,0.012817,0.003235,1.036499,-0.7927,0.3354,0.0000
1005,0.012390,0.002075,1.036377,-0.7622,0.3659,0.0000
1006,0.012695,0.002808,1.036621,-0.7317,0.3354,-0.1220
1007,0.011719,0.004517,1.037598,-0.6707,0.3049,-0.1524
1008,0.011414,0.003418,1.038574,-0.6402,0.3354,-0.0610
1009,0.011780,0.002930,1.038147,-0.6402,0.3659,0.0000
1010,0.013062,0.001709,1.037537,-0.6707,0.3659,0.0000
1011,0.014099,0.001404,1.038574,-0.6707,0.4573,-0.0305
1012,0.014404,0.000671,1.039368,-0.7012,0.5488,-0.0610
1013,0.015198,0.000183,1.039368,-0.7317,0.4573,0.0000
1014,0.015015,0.001831,1.038208,-0.7012,0.4573,0.0305
1015,0.014648,0.002502,1.037354,-0.6707,0.3659,0.0610
1016,0.014099,0.003723,1.038269,-0.6707,0.3354,0.0000
1017,0.012512,0.004761,1.039551,-0.6707,0.3659,0.0000
1018,0.011780,0.004272,1.039551,-0.6707,0.4268,-0.0915
1019,0.011658,0.004395,1.039490,-0.6402,0.4268,-0.1220
1020,0.011963,0.004578,1.038757,-0.7012,0.5488,-0.0915
1021,0.012207,0.004089,1.038757,-0.6098,0.5793,0.0305
1022,0.012634,0.005371,1.039307,-0.5183,0.5793,-0.0305
1023,0.012695,0.004944,1.038452,-0.4878,0.5183,0.0000
#end raw
#begin stats
axis,data,min,max,mean,median,mode,mode_count,variance,std
ax,raw,0.009399,0.020935,0.014822,0.014832,0.015198,24,0.000002,0.001568
ax,zscore,-3.457597,3.897612,0.000000,0.005967,0.239465,24,1.000000,1.000000
ay,raw,-0.000549,0.009460,0.004198,0.004211,0.004028,25,0.000002,0.001521
ay,zscore,-3.121129,3.460196,-0.000000,0.009014,-0.111377,25,1.000000,1.000000
az,raw,1.036255,1.046021,1.040775,1.040771,1.041565,22,0.000002,0.001581
az,zscore,-2.859458,3.318262,0.000038,-0.002262,0.499677,22,1.000000,1.000000
gx,raw,-0.914634,-0.396341,-0.634438,-0.640244,-0.670732,146,0.007387,0.085947
gx,zscore,-3.260108,2.770277,-0.000000,-0.067551,-0.422280,146,1.000000,1.000000
gy,raw,0.121951,0.579268,0.349449,0.335366,0.335366,179,0.005583,0.074719
gy,zscore,-3.044698,3.075778,-0.000000,-0.188476,-0.188476,179,1.000000,1.000000
gz,raw,-0.243902,0.213415,-0.042486,-0.030488,-0.030488,130,0.006826,0.082619
gz,zscore,-2.437903,3.097380,0.000000,0.145229,0.145229,130,1.000000,1.000000
#end stats
#begin quantization
axis,bits,snr_db,rmse,max_abs_err,clips,delta,theory_rmse,theory_max_err,theory_snr_db
ax,16,88.94,8.701e-06,1.472e-05,0,3.052e-05,8.810e-06,1.524e-05,88.83
ax,8,40.52,2.294e-03,3.762e-03,0,7.812e-03,2.255e-03,3.902e-03,40.67
ax,4,16.68,3.567e-02,6.019e-02,0,1.250e-01,3.608e-02,6.244e-02,16.58
ay,16,89.77,8.751e-06,1.490e-05,0,3.052e-05,8.810e-06,1.524e-05,89.71
ay,8,41.42,2.290e-03,3.811e-03,0,7.812e-03,2.255e-03,3.902e-03,41.55
ay,4,17.52,3.586e-02,6.250e-02,0,1.250e-01,3.608e-02,6.244e-02,17.47
az,16,90.48,8.694e-06,1.228e-05,0,3.052e-05,8.810e-06,1.524e-05,90.36
az,8,42.33,2.222e-03,3.125e-03,0,7.812e-03,2.255e-03,3.902e-03,42.20
az,4,18.01,3.651e-02,6.250e-02,0,1.250e-01,3.608e-02,6.244e-02,18.12
gx,16,90.73,8.686e-06,1.448e-05,0,3.052e-05,8.810e-06,1.524e-05,90.60
gx,8,42.56,2.224e-03,3.677e-03,0,7.812e-03,2.255e-03,3.902e-03,42.44
gx,4,18.48,3.558e-02,5.882e-02,0,1.250e-01,3.608e-02,6.244e-02,18.36
gy,16,87.74,1.172e-05,1.429e-05,0,3.052e-05,8.810e-06,1.524e-05,90.22
gy,8,39.58,2.999e-03,3.646e-03,0,7.812e-03,2.255e-03,3.902e-03,42.06
gy,4,15.50,4.799e-02,5.833e-02,0,1.250e-01,3.608e-02,6.244e-02,17.98
gz,16,89.62,1.099e-05,1.429e-05,0,3.052e-05,8.810e-06,1.524e-05,91.54
gz,8,41.47,2.811e-03,3.646e-03,0,7.812e-03,2.255e-03,3.902e-03,43.38
gz,4,17.38,4.497e-02,5.833e-02,0,1.250e-01,3.608e-02,6.244e-02,19.30
#end quantization
#begin quant_samples
i,ax_in,ax_q16,ax_q8,ax_q4
0,-0.0138889,-0.0138855,-0.0156250,0.0000000
1,0.0046296,0.0046387,0.0078125,0.0000000
2,-0.1898148,-0.1898193,-0.1875000,-0.2500000
3,-0.0601852,-0.0601807,-0.0625000,0.0000000
4,-0.0138889,-0.0138855,-0.0156250,0.0000000
5,-0.0416667,-0.0416565,-0.0390625,0.0000000
6,-0.0787037,-0.0787048,-0.0781250,-0.1250000
7,-0.3009259,-0.3009338,-0.3046875,-0.2500000
8,-0.3472222,-0.3472290,-0.3437500,-0.3750000
9,-0.1435185,-0.1435242,-0.1406250,-0.1250000
10,0.1250000,0.1250000,0.1250000,0.1250000
11,0.3287037,0.3287048,0.3281250,0.3750000
12,0.2268518,0.2268372,0.2265625,0.2500000
13,0.0972223,0.0972290,0.0937500,0.1250000
14,-0.0509259,-0.0509338,-0.0546875,0.0000000
15,-0.0972222,-0.0972290,-0.0937500,-0.1250000
16,0.0972223,0.0972290,0.0937500,0.1250000
17,0.1250000,0.1250000,0.1250000,0.1250000
18,-0.0416667,-0.0416565,-0.0390625,0.0000000
19,-0.1712963,-0.1712952,-0.1718750,-0.1250000
20,-0.2175926,-0.2175903,-0.2187500,-0.2500000
21,-0.2083333,-0.2083435,-0.2109375,-0.2500000
22,-0.1064815,-0.1064758,-0.1093750,-0.1250000
23,0.0138889,0.0138855,0.0156250,0.0000000
24,-0.0509259,-0.0509338,-0.0546875,0.0000000
25,-0.3472222,-0.3472290,-0.3437500,-0.3750000
26,-0.3101852,-0.3101807,-0.3125000,-0.2500000
27,-0.2731481,-0.2731628,-0.2734375,-0.2500000
28,-0.2175926,-0.2175903,-0.2187500,-0.2500000
29,-0.0787037,-0.0787048,-0.0781250,-0.1250000
30,0.0416667,0.0416565,0.0390625,0.0000000
31,0.1250000,0.1250000,0.1250000,0.1250000
32,0.2546296,0.2546387,0.2578125,0.2500000
33,0.0694445,0.0694580,0.0703125,0.1250000
34,0.1064815,0.1064758,0.1093750,0.1250000
35,0.2824074,0.2824097,0.2812500,0.2500000
36,0.2268518,0.2268372,0.2265625,0.2500000
37,0.0787037,0.0787048,0.0781250,0.1250000
38,-0.0416667,-0.0416565,-0.0390625,0.0000000
39,-0.2361111,-0.2361145,-0.2343750,-0.2500000
40,-0.0694444,-0.0694580,-0.0703125,-0.1250000
41,0.0787037,0.0787048,0.0781250,0.1250000
42,0.0324074,0.0324097,0.0312500,0.0000000
43,0.0509259,0.0509338,0.0546875,0.0000000
44,0.0787037,0.0787048,0.0781250,0.1250000
45,0.0231482,0.0231628,0.0234375,0.0000000
46,0.0416667,0.0416565,0.0390625,0.0000000
47,-0.0416667,-0.0416565,-0.0390625,0.0000000
48,-0.1435185,-0.1435242,-0.1406250,-0.1250000
49,-0.2175926,-0.2175903,-0.2187500,-0.2500000
50,-0.2824074,-0.2824097,-0.2812500,-0.2500000
51,-0.1064815,-0.1064758,-0.1093750,-0.1250000
52,-0.0509259,-0.0509338,-0.0546875,0.0000000
53,-0.0694444,-0.0694580,-0.0703125,-0.1250000
54,-0.0231482,-0.0231628,-0.0234375,0.0000000
55,-0.1898148,-0.1898193,-0.1875000,-0.2500000
56,-0.3657407,-0.3657532,-0.3671875,-0.3750000
57,-0.2916667,-0.2916565,-0.2890625,-0.2500000
58,-0.3101852,-0.3101807,-0.3125000,-0.2500000
59,-0.4953704,-0.4953613,-0.4921875,-0.5000000
60,-0.4953704,-0.4953613,-0.4921875,-0.5000000
61,-0.2546296,-0.2546387,-0.2578125,-0.2500000
62,0.0416667,0.0416565,0.0390625,0.0000000
63,0.0324074,0.0324097,0.0312500,0.0000000
64,0.1157407,0.1157532,0.1171875,0.1250000
65,0.2268518,0.2268372,0.2265625,0.2500000
66,0.3379629,0.3379517,0.3359375,0.3750000
67,0.2638889,0.2638855,0.2656250,0.2500000
68,0.1250000,0.1250000,0.1250000,0.1250000
69,0.2916667,0.2916565,0.2890625,0.2500000
70,0.1898148,0.1898193,0.1875000,0.2500000
71,0.0324074,0.0324097,0.0312500,0.0000000
72,-0.1157407,-0.1157532,-0.1171875,-0.1250000
73,-0.1064815,-0.1064758,-0.1093750,-0.1250000
74,-0.1435185,-0.1435242,-0.1406250,-0.1250000
75,-0.1990741,-0.1990662,-0.1953125,-0.2500000
76,-0.3750000,-0.3750000,-0.3750000,-0.3750000
77,-0.4583334,-0.4583435,-0.4609375,-0.5000000
78,-0.4583334,-0.4583435,-0.4609375,-0.5000000
79,-0.3564815,-0.3564758,-0.3593750,-0.3750000
80,-0.1250000,-0.1250000,-0.1250000,-0.1250000
81,-0.0324074,-0.0324097,-0.0312500,0.0000000
82,-0.2268519,-0.2268372,-0.2265625,-0.2500000
83,-0.3101852,-0.3101807,-0.3125000,-0.2500000
84,-0.0138889,-0.0138855,-0.0156250,0.0000000
85,0.0046296,0.0046387,0.0078125,0.0000000
86,0.0231482,0.0231628,0.0234375,0.0000000
87,-0.1250000,-0.1250000,-0.1250000,-0.1250000
88,-0.1990741,-0.1990662,-0.1953125,-0.2500000
89,-0.0601852,-0.0601807,-0.0625000,0.0000000
90,0.1064815,0.1064758,0.1093750,0.1250000
91,0.2361111,0.2361145,0.2343750,0.2500000
92,0.1712963,0.1712952,0.1718750,0.1250000
93,0.0879629,0.0879517,0.0859375,0.1250000
94,0.0046296,0.0046387,0.0078125,0.0000000
95,-0.1620370,-0.1620483,-0.1640625,-0.1250000
96,-0.2175926,-0.2175903,-0.2187500,-0.2500000
97,-0.1527778,-0.1527710,-0.1562500,-0.1250000
98,-0.0046296,-0.0046387,-0.0078125,0.0000000
99,0.1342593,0.1342468,0.1328125,0.1250000
100,0.0046296,0.0046387,0.0078125,0.0000000
101,-0.0509259,-0.0509338,-0.0546875,0.0000000
102,-0.0231482,-0.0231628,-0.0234375,0.0000000
103,-0.0601852,-0.0601807,-0.0625000,0.0000000
104,-0.0972222,-0.0972290,-0.0937500,-0.1250000
105,-0.1064815,-0.1064758,-0.1093750,-0.1250000
106,-0.2546296,-0.2546387,-0.2578125,-0.2500000
107,-0.3657407,-0.3657532,-0.3671875,-0.3750000
108,-0.3194444,-0.3194580,-0.3203125,-0.3750000
109,-0.2453704,-0.2453613,-0.2421875,-0.2500000
110,-0.1527778,-0.1527710,-0.1562500,-0.1250000
111,-0.0324074,-0.0324097,-0.0312500,0.0000000
112,-0.0046296,-0.0046387,-0.0078125,0.0000000
113,-0.0972222,-0.0972290,-0.0937500,-0.1250000
114,-0.1527778,-0.1527710,-0.1562500,-0.1250000
115,-0.0972222,-0.0972290,-0.0937500,-0.1250000
116,0.0046296,0.0046387,0.0078125,0.0000000
117,0.0416667,0.0416565,0.0390625,0.0000000
118,0.0694445,0.0694580,0.0703125,0.1250000
119,0.0509259,0.0509338,0.0546875,0.0000000
120,-0.1990741,-0.1990662,-0.1953125,-0.2500000
121,-0.1250000,-0.1250000,-0.1250000,-0.1250000
122,0.0324074,0.0324097,0.0312500,0.0000000
123,0.0601852,0.0601807,0.0625000,0.0000000
124,0.0601852,0.0601807,0.0625000,0.0000000
125,0.0787037,0.0787048,0.0781250,0.1250000
126,0.0231482,0.0231628,0.0234375,0.0000000
127,-0.0231482,-0.0231628,-0.0234375,0.0000000
128,-0.0601852,-0.0601807,-0.0625000,0.0000000
129,0.0694445,0.0694580,0.0703125,0.1250000
130,0.2268518,0.2268372,0.2265625,0.2500000
131,0.3194445,0.3194580,0.3203125,0.3750000
132,0.2083334,0.2083435,0.2109375,0.2500000
133,0.1620370,0.1620483,0.1640625,0.1250000
134,0.1527778,0.1527710,0.1562500,0.1250000
135,0.2638889,0.2638855,0.2656250,0.2500000
136,0.2731481,0.2731628,0.2734375,0.2500000
137,0.2175926,0.2175903,0.2187500,0.2500000
138,0.1157407,0.1157532,0.1171875,0.1250000
139,0.0787037,0.0787048,0.0781250,0.1250000
140,0.2916667,0.2916565,0.2890625,0.2500000
141,0.4583334,0.4583435,0.4609375,0.5000000
142,0.0879629,0.0879517,0.0859375,0.1250000
143,0.3287037,0.3287048,0.3281250,0.3750000
144,0.5509259,0.5509338,0.5546875,0.5000000
145,0.3472223,0.3472290,0.3437500,0.3750000
146,-0.0416667,-0.0416565,-0.0390625,0.0000000
147,-0.2546296,-0.2546387,-0.2578125,-0.2500000
148,-0.2453704,-0.2453613,-0.2421875,-0.2500000
149,-0.2361111,-0.2361145,-0.2343750,-0.2500000
150,-0.1990741,-0.1990662,-0.1953125,-0.2500000
151,-0.2731481,-0.2731628,-0.2734375,-0.2500000
152,-0.2453704,-0.2453613,-0.2421875,-0.2500000
153,-0.0231482,-0.0231628,-0.0234375,0.0000000
154,0.0972223,0.0972290,0.0937500,0.1250000
155,0.1064815,0.1064758,0.1093750,0.1250000
156,0.1620370,0.1620483,0.1640625,0.1250000
157,0.3935185,0.3935242,0.3906250,0.3750000
158,0.3287037,0.3287048,0.3281250,0.3750000
159,0.0787037,0.0787048,0.0781250,0.1250000
160,-0.0694444,-0.0694580,-0.0703125,-0.1250000
161,0.0046296,0.0046387,0.0078125,0.0000000
162,0.1527778,0.1527710,0.1562500,0.1250000
163,0.2268518,0.2268372,0.2265625,0.2500000
164,-0.0324074,-0.0324097,-0.0312500,0.0000000
165,-0.2638889,-0.2638855,-0.2656250,-0.2500000
166,-0.3379630,-0.3379517,-0.3359375,-0.3750000
167,-0.2546296,-0.2546387,-0.2578125,-0.2500000
168,-0.2731481,-0.2731628,-0.2734375,-0.2500000
169,-0.3194444,-0.3194580,-0.3203125,-0.3750000
170,-0.3009259,-0.3009338,-0.3046875,-0.2500000
171,-0.2731481,-0.2731628,-0.2734375,-0.2500000
172,-0.1898148,-0.1898193,-0.1875000,-0.2500000
173,-0.2361111,-0.2361145,-0.2343750,-0.2500000
174,-0.0509259,-0.0509338,-0.0546875,0.0000000
175,0.0509259,0.0509338,0.0546875,0.0000000
176,-0.0972222,-0.0972290,-0.0937500,-0.1250000
177,-0.2731481,-0.2731628,-0.2734375,-0.2500000
178,-0.3657407,-0.3657532,-0.3671875,-0.3750000
179,-0.0879629,-0.0879517,-0.0859375,-0.1250000
180,0.1157407,0.1157532,0.1171875,0.1250000
181,0.0694445,0.0694580,0.0703125,0.1250000
182,-0.0416667,-0.0416565,-0.0390625,0.0000000
183,0.0138889,0.0138855,0.0156250,0.0000000
184,0.0694445,0.0694580,0.0703125,0.1250000
185,0.1342593,0.1342468,0.1328125,0.1250000
186,0.1250000,0.1250000,0.1250000,0.1250000
187,0.2175926,0.2175903,0.2187500,0.2500000
188,0.2638889,0.2638855,0.2656250,0.2500000
189,0.0601852,0.0601807,0.0625000,0.0000000
190,-0.0787037,-0.0787048,-0.0781250,-0.1250000
191,-0.1712963,-0.1712952,-0.1718750,-0.1250000
192,-0.2268519,-0.2268372,-0.2265625,-0.2500000
193,-0.1527778,-0.1527710,-0.1562500,-0.1250000
194,0.2175926,0.2175903,0.2187500,0.2500000
195,0.3287037,0.3287048,0.3281250,0.3750000
196,0.2083334,0.2083435,0.2109375,0.2500000
197,-0.1064815,-0.1064758,-0.1093750,-0.1250000
198,-0.2638889,-0.2638855,-0.2656250,-0.2500000
199,-0.2916667,-0.2916565,-0.2890625,-0.2500000
200,-0.3657407,-0.3657532,-0.3671875,-0.3750000
201,0.0138889,0.0138855,0.0156250,0.0000000
202,0.2731481,0.2731628,0.2734375,0.2500000
203,0.3564815,0.3564758,0.3593750,0.3750000
204,0.2916667,0.2916565,0.2890625,0.2500000
205,0.1435185,0.1435242,0.1406250,0.1250000
206,-0.0324074,-0.0324097,-0.0312500,0.0000000
207,-0.2453704,-0.2453613,-0.2421875,-0.2500000
208,-0.2824074,-0.2824097,-0.2812500,-0.2500000
209,-0.1064815,-0.1064758,-0.1093750,-0.1250000
210,-0.0138889,-0.0138855,-0.0156250,0.0000000
211,-0.1342593,-0.1342468,-0.1328125,-0.1250000
212,-0.0324074,-0.0324097,-0.0312500,0.0000000
213,0.1342593,0.1342468,0.1328125,0.1250000
214,0.2175926,0.2175903,0.2187500,0.2500000
215,0.2546296,0.2546387,0.2578125,0.2500000
216,0.1898148,0.1898193,0.1875000,0.2500000
217,0.0879629,0.0879517,0.0859375,0.1250000
218,0.0694445,0.0694580,0.0703125,0.1250000
219,0.0601852,0.0601807,0.0625000,0.0000000
220,-0.2083333,-0.2083435,-0.2109375,-0.2500000
221,-0.3657407,-0.3657532,-0.3671875,-0.3750000
222,-0.1157407,-0.1157532,-0.1171875,-0.1250000
223,-0.2453704,-0.2453613,-0.2421875,-0.2500000
224,-0.3472222,-0.3472290,-0.3437500,-0.3750000
225,-0.1712963,-0.1712952,-0.1718750,-0.1250000
226,-0.0879629,-0.0879517,-0.0859375,-0.1250000
227,-0.0787037,-0.0787048,-0.0781250,-0.1250000
228,-0.1620370,-0.1620483,-0.1640625,-0.1250000
229,-0.3657407,-0.3657532,-0.3671875,-0.3750000
230,-0.1990741,-0.1990662,-0.1953125,-0.2500000
231,-0.1250000,-0.1250000,-0.1250000,-0.1250000
232,0.0694445,0.0694580,0.0703125,0.1250000
233,0.2546296,0.2546387,0.2578125,0.2500000
234,0.1620370,0.1620483,0.1640625,0.1250000
235,-0.0694444,-0.0694580,-0.0703125,-0.1250000
236,-0.2361111,-0.2361145,-0.2343750,-0.2500000
237,-0.3194444,-0.3194580,-0.3203125,-0.3750000
238,-0.4675926,-0.4675903,-0.4687500,-0.5000000
239,-0.4490741,-0.4490662,-0.4453125,-0.5000000
240,-0.3564815,-0.3564758,-0.3593750,-0.3750000
241,-0.3194444,-0.3194580,-0.3203125,-0.3750000
242,-0.1712963,-0.1712952,-0.1718750,-0.1250000
243,0.0416667,0.0416565,0.0390625,0.0000000
244,0.1805556,0.1805420,0.1796875,0.1250000
245,-0.0046296,-0.0046387,-0.0078125,0.0000000
246,0.0787037,0.0787048,0.0781250,0.1250000
247,0.1805556,0.1805420,0.1796875,0.1250000
248,0.1712963,0.1712952,0.1718750,0.1250000
249,0.1064815,0.1064758,0.1093750,0.1250000
250,-0.0046296,-0.0046387,-0.0078125,0.0000000
251,-0.0972222,-0.0972290,-0.0937500,-0.1250000
252,-0.4305555,-0.4305420,-0.4296875,-0.3750000
253,-0.4027778,-0.4027710,-0.4062500,-0.3750000
254,-0.3379630,-0.3379517,-0.3359375,-0.3750000
255,-0.3564815,-0.3564758,-0.3593750,-0.3750000
256,-0.4120370,-0.4120483,-0.4140625,-0.3750000
257,-0.3472222,-0.3472290,-0.3437500,-0.3750000
258,-0.3657407,-0.3657532,-0.3671875,-0.3750000
259,-0.4490741,-0.4490662,-0.4453125,-0.5000000
260,-0.1898148,-0.1898193,-0.1875000,-0.2500000
261,-0.1712963,-0.1712952,-0.1718750,-0.1250000
262,-0.3379630,-0.3379517,-0.3359375,-0.3750000
263,-0.4398148,-0.4398193,-0.4375000,-0.5000000
264,-0.3842593,-0.3842468,-0.3828125,-0.3750000
265,-0.3564815,-0.3564758,-0.3593750,-0.3750000
266,-0.3194444,-0.3194580,-0.3203125,-0.3750000
267,-0.2638889,-0.2638855,-0.2656250,-0.2500000
268,-0.0601852,-0.0601807,-0.0625000,0.0000000
269,-0.1435185,-0.1435242,-0.1406250,-0.1250000
270,-0.1990741,-0.1990662,-0.1953125,-0.2500000
271,0.0231482,0.0231628,0.0234375,0.0000000
272,0.2638889,0.2638855,0.2656250,0.2500000
273,0.3564815,0.3564758,0.3593750,0.3750000
274,0.2083334,0.2083435,0.2109375,0.2500000
275,0.1620370,0.1620483,0.1640625,0.1250000
276,0.1435185,0.1435242,0.1406250,0.1250000
277,0.0972223,0.0972290,0.0937500,0.1250000
278,0.0416667,0.0416565,0.0390625,0.0000000
279,0.0416667,0.0416565,0.0390625,0.0000000
280,0.1064815,0.1064758,0.1093750,0.1250000
281,0.1157407,0.1157532,0.1171875,0.1250000
282,-0.1898148,-0.1898193,-0.1875000,-0.2500000
283,-0.1435185,-0.1435242,-0.1406250,-0.1250000
284,-0.1527778,-0.1527710,-0.1562500,-0.1250000
285,-0.1898148,-0.1898193,-0.1875000,-0.2500000
286,-0.1990741,-0.1990662,-0.1953125,-0.2500000
287,-0.1342593,-0.1342468,-0.1328125,-0.1250000
288,0.0046296,0.0046387,0.0078125,0.0000000
289,0.0138889,0.0138855,0.0156250,0.0000000
290,-0.0972222,-0.0972290,-0.0937500,-0.1250000
291,-0.1898148,-0.1898193,-0.1875000,-0.2500000
292,-0.2916667,-0.2916565,-0.2890625,-0.2500000
293,-0.2453704,-0.2453613,-0.2421875,-0.2500000
294,-0.1898148,-0.1898193,-0.1875000,-0.2500000
295,-0.2083333,-0.2083435,-0.2109375,-0.2500000
296,0.2083334,0.2083435,0.2109375,0.2500000
297,0.0972223,0.0972290,0.0937500,0.1250000
298,-0.0694444,-0.0694580,-0.0703125,-0.1250000
299,-0.0416667,-0.0416565,-0.0390625,0.0000000
300,-0.0787037,-0.0787048,-0.0781250,-0.1250000
301,-0.2175926,-0.2175903,-0.2187500,-0.2500000
302,-0.1805556,-0.1805420,-0.1796875,-0.1250000
303,-0.1157407,-0.1157532,-0.1171875,-0.1250000
304,-0.2638889,-0.2638855,-0.2656250,-0.2500000
305,-0.1250000,-0.1250000,-0.1250000,-0.1250000
306,0.0972223,0.0972290,0.0937500,0.1250000
307,0.1805556,0.1805420,0.1796875,0.1250000
308,0.3379629,0.3379517,0.3359375,0.3750000
309,0.5046296,0.5046387,0.5078125,0.5000000
310,0.4120370,0.4120483,0.4140625,0.3750000
311,0.0046296,0.0046387,0.0078125,0.0000000
312,0.1157407,0.1157532,0.1171875,0.1250000
313,0.0509259,0.0509338,0.0546875,0.0000000
314,-0.0231482,-0.0231628,-0.0234375,0.0000000
315,0.0138889,0.0138855,0.0156250,0.0000000
316,0.2546296,0.2546387,0.2578125,0.2500000
317,0.4027778,0.4027710,0.4062500,0.3750000
318,0.1342593,0.1342468,0.1328125,0.1250000
319,0.0787037,0.0787048,0.0781250,0.1250000
320,-0.0046296,-0.0046387,-0.0078125,0.0000000
321,-0.0138889,-0.0138855,-0.0156250,0.0000000
322,0.0879629,0.0879517,0.0859375,0.1250000
323,0.0601852,0.0601807,0.0625000,0.0000000
324,-0.0509259,-0.0509338,-0.0546875,0.0000000
325,-0.0046296,-0.0046387,-0.0078125,0.0000000
326,0.0046296,0.0046387,0.0078125,0.0000000
327,0.0601852,0.0601807,0.0625000,0.0000000
328,0.1805556,0.1805420,0.1796875,0.1250000
329,0.2453704,0.2453613,0.2421875,0.2500000
330,0.0972223,0.0972290,0.0937500,0.1250000
331,-0.1435185,-0.1435242,-0.1406250,-0.1250000
332,-0.1342593,-0.1342468,-0.1328125,-0.1250000
333,-0.1712963,-0.1712952,-0.1718750,-0.1250000
334,-0.0694444,-0.0694580,-0.0703125,-0.1250000
335,-0.0972222,-0.0972290,-0.0937500,-0.1250000
336,-0.1712963,-0.1712952,-0.1718750,-0.1250000
337,-0.1805556,-0.1805420,-0.1796875,-0.1250000
338,-0.2175926,-0.2175903,-0.2187500,-0.2500000
339,-0.1898148,-0.1898193,-0.1875000,-0.2500000
340,-0.0787037,-0.0787048,-0.0781250,-0.1250000
341,0.0416667,0.0416565,0.0390625,0.0000000
342,-0.0972222,-0.0972290,-0.0937500,-0.1250000
343,-0.3657407,-0.3657532,-0.3671875,-0.3750000
344,-0.4212963,-0.4212952,-0.4218750,-0.3750000
345,-0.3287037,-0.3287048,-0.3281250,-0.3750000
346,-0.1805556,-0.1805420,-0.1796875,-0.1250000
347,-0.0416667,-0.0416565,-0.0390625,0.0000000
348,0.0046296,0.0046387,0.0078125,0.0000000
349,0.0416667,0.0416565,0.0390625,0.0000000
350,0.1250000,0.1250000,0.1250000,0.1250000
351,0.1620370,0.1620483,0.1640625,0.1250000
352,0.2361111,0.2361145,0.2343750,0.2500000
353,0.1435185,0.1435242,0.1406250,0.1250000
354,0.0972223,0.0972290,0.0937500,0.1250000
355,0.1157407,0.1157532,0.1171875,0.1250000
356,-0.0324074,-0.0324097,-0.0312500,0.0000000
357,0.0509259,0.0509338,0.0546875,0.0000000
358,0.1898148,0.1898193,0.1875000,0.2500000
359,0.0324074,0.0324097,0.0312500,0.0000000
360,-0.1712963,-0.1712952,-0.1718750,-0.1250000
361,-0.1712963,-0.1712952,-0.1718750,-0.1250000
362,0.1990740,0.1990662,0.1953125,0.2500000
363,0.1990740,0.1990662,0.1953125,0.2500000
364,0.2824074,0.2824097,0.2812500,0.2500000
365,0.1805556,0.1805420,0.1796875,0.1250000
366,-0.0324074,-0.0324097,-0.0312500,0.0000000
367,-0.0601852,-0.0601807,-0.0625000,0.0000000
368,-0.1990741,-0.1990662,-0.1953125,-0.2500000
369,-0.2638889,-0.2638855,-0.2656250,-0.2500000
370,-0.4305555,-0.4305420,-0.4296875,-0.3750000
371,-0.3935185,-0.3935242,-0.3906250,-0.3750000
372,-0.3472222,-0.3472290,-0.3437500,-0.3750000
373,-0.1064815,-0.1064758,-0.1093750,-0.1250000
374,0.1064815,0.1064758,0.1093750,0.1250000
375,0.1157407,0.1157532,0.1171875,0.1250000
376,0.0694445,0.0694580,0.0703125,0.1250000
377,0.0972223,0.0972290,0.0937500,0.1250000
378,0.2175926,0.2175903,0.2187500,0.2500000
379,0.1250000,0.1250000,0.1250000,0.1250000
380,-0.0231482,-0.0231628,-0.0234375,0.0000000
381,-0.2083333,-0.2083435,-0.2109375,-0.2500000
382,-0.3750000,-0.3750000,-0.3750000,-0.3750000
383,-0.3194444,-0.3194580,-0.3203125,-0.3750000
384,0.2361111,0.2361145,0.2343750,0.2500000
385,0.2824074,0.2824097,0.2812500,0.2500000
386,0.2916667,0.2916565,0.2890625,0.2500000
387,0.3194445,0.3194580,0.3203125,0.3750000
388,0.1990740,0.1990662,0.1953125,0.2500000
389,0.1620370,0.1620483,0.1640625,0.1250000
390,0.1898148,0.1898193,0.1875000,0.2500000
391,0.1157407,0.1157532,0.1171875,0.1250000
392,0.2268518,0.2268372,0.2265625,0.2500000
393,0.1990740,0.1990662,0.1953125,0.2500000
394,0.1064815,0.1064758,0.1093750,0.1250000
395,-0.0324074,-0.0324097,-0.0312500,0.0000000
396,-0.0694444,-0.0694580,-0.0703125,-0.1250000
397,-0.0694444,-0.0694580,-0.0703125,-0.1250000
398,-0.1064815,-0.1064758,-0.1093750,-0.1250000
399,0.0694445,0.0694580,0.0703125,0.1250000
400,0.0972223,0.0972290,0.0937500,0.1250000
401,0.0509259,0.0509338,0.0546875,0.0000000
402,0.0416667,0.0416565,0.0390625,0.0000000
403,0.1157407,0.1157532,0.1171875,0.1250000
404,0.1527778,0.1527710,0.1562500,0.1250000
405,0.0046296,0.0046387,0.0078125,0.0000000
406,-0.1527778,-0.1527710,-0.1562500,-0.1250000
407,-0.1620370,-0.1620483,-0.1640625,-0.1250000
408,-0.2175926,-0.2175903,-0.2187500,-0.2500000
409,-0.1805556,-0.1805420,-0.1796875,-0.1250000
410,-0.2361111,-0.2361145,-0.2343750,-0.2500000
411,-0.4398148,-0.4398193,-0.4375000,-0.5000000
412,-0.4027778,-0.4027710,-0.4062500,-0.3750000
413,-0.3842593,-0.3842468,-0.3828125,-0.3750000
414,-0.4120370,-0.4120483,-0.4140625,-0.3750000
415,-0.3750000,-0.3750000,-0.3750000,-0.3750000
416,-0.1064815,-0.1064758,-0.1093750,-0.1250000
417,-0.0601852,-0.0601807,-0.0625000,0.0000000
418,-0.2083333,-0.2083435,-0.2109375,-0.2500000
419,-0.1898148,-0.1898193,-0.1875000,-0.2500000
420,-0.1527778,-0.1527710,-0.1562500,-0.1250000
421,-0.1064815,-0.1064758,-0.1093750,-0.1250000
422,-0.1342593,-0.1342468,-0.1328125,-0.1250000
423,-0.0972222,-0.0972290,-0.0937500,-0.1250000
424,0.0231482,0.0231628,0.0234375,0.0000000
425,-0.0879629,-0.0879517,-0.0859375,-0.1250000
426,-0.2268519,-0.2268372,-0.2265625,-0.2500000
427,-0.0231482,-0.0231628,-0.0234375,0.0000000
428,0.2361111,0.2361145,0.2343750,0.2500000
429,0.0509259,0.0509338,0.0546875,0.0000000
430,-0.0787037,-0.0787048,-0.0781250,-0.1250000
431,-0.0601852,-0.0601807,-0.0625000,0.0000000
432,-0.0879629,-0.0879517,-0.0859375,-0.1250000
433,-0.1898148,-0.1898193,-0.1875000,-0.2500000
434,-0.2175926,-0.2175903,-0.2187500,-0.2500000
435,-0.2453704,-0.2453613,-0.2421875,-0.2500000
436,0.2824074,0.2824097,0.2812500,0.2500000
437,0.3101851,0.3101807,0.3125000,0.2500000
438,-0.0231482,-0.0231628,-0.0234375,0.0000000
439,-0.2361111,-0.2361145,-0.2343750,-0.2500000
440,-0.1342593,-0.1342468,-0.1328125,-0.1250000
441,-0.0787037,-0.0787048,-0.0781250,-0.1250000
442,0.0509259,0.0509338,0.0546875,0.0000000
443,0.2731481,0.2731628,0.2734375,0.2500000
444,0.3657407,0.3657532,0.3671875,0.3750000
445,0.3287037,0.3287048,0.3281250,0.3750000
446,0.0138889,0.0138855,0.0156250,0.0000000
447,-0.0972222,-0.0972290,-0.0937500,-0.1250000
448,-0.1250000,-0.1250000,-0.1250000,-0.1250000
449,-0.2175926,-0.2175903,-0.2187500,-0.2500000
450,-0.1620370,-0.1620483,-0.1640625,-0.1250000
451,-0.1250000,-0.1250000,-0.1250000,-0.1250000
452,0.1157407,0.1157532,0.1171875,0.1250000
453,0.2546296,0.2546387,0.2578125,0.2500000
454,0.1990740,0.1990662,0.1953125,0.2500000
455,0.2083334,0.2083435,0.2109375,0.2500000
456,0.3657407,0.3657532,0.3671875,0.3750000
457,0.4212962,0.4212952,0.4218750,0.3750000
458,0.4212962,0.4212952,0.4218750,0.3750000
459,0.3379629,0.3379517,0.3359375,0.3750000
460,0.2083334,0.2083435,0.2109375,0.2500000
461,0.1435185,0.1435242,0.1406250,0.1250000
462,0.0509259,0.0509338,0.0546875,0.0000000
463,-0.0138889,-0.0138855,-0.0156250,0.0000000
464,-0.0046296,-0.0046387,-0.0078125,0.0000000
465,0.1157407,0.1157532,0.1171875,0.1250000
466,0.2268518,0.2268372,0.2265625,0.2500000
467,0.1527778,0.1527710,0.1562500,0.1250000
468,0.0879629,0.0879517,0.0859375,0.1250000
469,0.1342593,0.1342468,0.1328125,0.1250000
470,0.2453704,0.2453613,0.2421875,0.2500000
471,0.3472223,0.3472290,0.3437500,0.3750000
472,-0.2083333,-0.2083435,-0.2109375,-0.2500000
473,-0.0138889,-0.0138855,-0.0156250,0.0000000
474,-0.0046296,-0.0046387,-0.0078125,0.0000000
475,-0.0601852,-0.0601807,-0.0625000,0.0000000
476,-0.0324074,-0.0324097,-0.0312500,0.0000000
477,-0.0787037,-0.0787048,-0.0781250,-0.1250000
478,-0.1435185,-0.1435242,-0.1406250,-0.1250000
479,-0.1435185,-0.1435242,-0.1406250,-0.1250000
480,-0.0972222,-0.0972290,-0.0937500,-0.1250000
481,-0.2268519,-0.2268372,-0.2265625,-0.2500000
482,-0.2731481,-0.2731628,-0.2734375,-0.2500000
483,-0.3472222,-0.3472290,-0.3437500,-0.3750000
484,-0.5601852,-0.5601807,-0.5625000,-0.5000000
485,-0.6157407,-0.6157532,-0.6171875,-0.6250000
486,-0.6435185,-0.6435242,-0.6406250,-0.6250000
487,-0.4212963,-0.4212952,-0.4218750,-0.3750000
488,-0.4027778,-0.4027710,-0.4062500,-0.3750000
489,-0.5231481,-0.5231628,-0.5234375,-0.5000000
490,-0.7453703,-0.7453613,-0.7421875,-0.7500000
491,-0.8472222,-0.8472290,-0.8437500,-0.8750000
492,-0.8750000,-0.8750000,-0.8750000,-0.8750000
493,-0.7546296,-0.7546387,-0.7578125,-0.7500000
494,-0.5046296,-0.5046387,-0.5078125,-0.5000000
495,-0.2638889,-0.2638855,-0.2656250,-0.2500000
496,0.0046296,0.0046387,0.0078125,0.0000000
497,0.1620370,0.1620483,0.1640625,0.1250000
498,0.2638889,0.2638855,0.2656250,0.2500000
499,0.1805556,0.1805420,0.1796875,0.1250000
500,0.0416667,0.0416565,0.0390625,0.0000000
501,0.0324074,0.0324097,0.0312500,0.0000000
502,-0.0138889,-0.0138855,-0.0156250,0.0000000
503,-0.0046296,-0.0046387,-0.0078125,0.0000000
504,0.1157407,0.1157532,0.1171875,0.1250000
505,0.2731481,0.2731628,0.2734375,0.2500000
506,0.2361111,0.2361145,0.2343750,0.2500000
507,0.1990740,0.1990662,0.1953125,0.2500000
508,0.1620370,0.1620483,0.1640625,0.1250000
509,0.0509259,0.0509338,0.0546875,0.0000000
510,-0.1342593,-0.1342468,-0.1328125,-0.1250000
511,-0.0787037,-0.0787048,-0.0781250,-0.1250000
512,0.0601852,0.0601807,0.0625000,0.0000000
513,0.0601852,0.0601807,0.0625000,0.0000000
514,0.0416667,0.0416565,0.0390625,0.0000000
515,0.1250000,0.1250000,0.1250000,0.1250000
516,0.0416667,0.0416565,0.0390625,0.0000000
517,0.2453704,0.2453613,0.2421875,0.2500000
518,0.3842593,0.3842468,0.3828125,0.3750000
519,0.3194445,0.3194580,0.3203125,0.3750000
520,0.1620370,0.1620483,0.1640625,0.1250000
521,0.0138889,0.0138855,0.0156250,0.0000000
522,0.0046296,0.0046387,0.0078125,0.0000000
523,-0.1435185,-0.1435242,-0.1406250,-0.1250000
524,0.1990740,0.1990662,0.1953125,0.2500000
525,0.3935185,0.3935242,0.3906250,0.3750000
526,0.2546296,0.2546387,0.2578125,0.2500000
527,0.1527778,0.1527710,0.1562500,0.1250000
528,0.1064815,0.1064758,0.1093750,0.1250000
529,0.0231482,0.0231628,0.0234375,0.0000000
530,-0.0972222,-0.0972290,-0.0937500,-0.1250000
531,0.0138889,0.0138855,0.0156250,0.0000000
532,0.0601852,0.0601807,0.0625000,0.0000000
533,0.0787037,0.0787048,0.0781250,0.1250000
534,0.1064815,0.1064758,0.1093750,0.1250000
535,0.1435185,0.1435242,0.1406250,0.1250000
536,0.1064815,0.1064758,0.1093750,0.1250000
537,-0.0694444,-0.0694580,-0.0703125,-0.1250000
538,-0.0509259,-0.0509338,-0.0546875,0.0000000
539,0.0509259,0.0509338,0.0546875,0.0000000
540,-0.0972222,-0.0972290,-0.0937500,-0.1250000
541,-0.2175926,-0.2175903,-0.2187500,-0.2500000
542,-0.2824074,-0.2824097,-0.2812500,-0.2500000
543,-0.2453704,-0.2453613,-0.2421875,-0.2500000
544,-0.2175926,-0.2175903,-0.2187500,-0.2500000
545,-0.0138889,-0.0138855,-0.0156250,0.0000000
546,-0.0138889,-0.0138855,-0.0156250,0.0000000
547,-0.0787037,-0.0787048,-0.0781250,-0.1250000
548,-0.0324074,-0.0324097,-0.0312500,0.0000000
549,0.0694445,0.0694580,0.0703125,0.1250000
550,-0.0046296,-0.0046387,-0.0078125,0.0000000
551,-0.0231482,-0.0231628,-0.0234375,0.0000000
552,0.0972223,0.0972290,0.0937500,0.1250000
553,-0.2916667,-0.2916565,-0.2890625,-0.2500000
554,-0.3101852,-0.3101807,-0.3125000,-0.2500000
555,-0.1898148,-0.1898193,-0.1875000,-0.2500000
556,-0.2083333,-0.2083435,-0.2109375,-0.2500000
557,-0.2546296,-0.2546387,-0.2578125,-0.2500000
558,-0.1805556,-0.1805420,-0.1796875,-0.1250000
559,-0.0509259,-0.0509338,-0.0546875,0.0000000
560,0.2453704,0.2453613,0.2421875,0.2500000
561,0.1064815,0.1064758,0.1093750,0.1250000
562,0.0879629,0.0879517,0.0859375,0.1250000
563,0.1620370,0.1620483,0.1640625,0.1250000
564,0.3009259,0.3009338,0.3046875,0.2500000
565,0.4583334,0.4583435,0.4609375,0.5000000
566,0.5509259,0.5509338,0.5546875,0.5000000
567,0.3379629,0.3379517,0.3359375,0.3750000
568,0.2731481,0.2731628,0.2734375,0.2500000
569,0.2453704,0.2453613,0.2421875,0.2500000
570,0.2546296,0.2546387,0.2578125,0.2500000
571,0.1157407,0.1157532,0.1171875,0.1250000
572,0.0324074,0.0324097,0.0312500,0.0000000
573,0.0324074,0.0324097,0.0312500,0.0000000
574,-0.0601852,-0.0601807,-0.0625000,0.0000000
575,0.0231482,0.0231628,0.0234375,0.0000000
576,-0.0324074,-0.0324097,-0.0312500,0.0000000
577,-0.0509259,-0.0509338,-0.0546875,0.0000000
578,-0.0787037,-0.0787048,-0.0781250,-0.1250000
579,-0.0509259,-0.0509338,-0.0546875,0.0000000
580,-0.1527778,-0.1527710,-0.1562500,-0.1250000
581,-0.1898148,-0.1898193,-0.1875000,-0.2500000
582,-0.1620370,-0.1620483,-0.1640625,-0.1250000
583,-0.0231482,-0.0231628,-0.0234375,0.0000000
584,0.1342593,0.1342468,0.1328125,0.1250000
585,0.1157407,0.1157532,0.1171875,0.1250000
586,-0.1250000,-0.1250000,-0.1250000,-0.1250000
587,-0.2175926,-0.2175903,-0.2187500,-0.2500000
588,-0.1250000,-0.1250000,-0.1250000,-0.1250000
589,0.0231482,0.0231628,0.0234375,0.0000000
590,-0.0046296,-0.0046387,-0.0078125,0.0000000
591,0.1898148,0.1898193,0.1875000,0.2500000
592,0.2731481,0.2731628,0.2734375,0.2500000
593,0.1898148,0.1898193,0.1875000,0.2500000
594,0.0972223,0.0972290,0.0937500,0.1250000
595,0.0138889,0.0138855,0.0156250,0.0000000
596,0.0509259,0.0509338,0.0546875,0.0000000
597,0.1064815,0.1064758,0.1093750,0.1250000
598,0.0972223,0.0972290,0.0937500,0.1250000
599,-0.0416667,-0.0416565,-0.0390625,0.0000000
600,-0.0879629,-0.0879517,-0.0859375,-0.1250000
601,0.0231482,0.0231628,0.0234375,0.0000000
602,0.0601852,0.0601807,0.0625000,0.0000000
603,-0.0231482,-0.0231628,-0.0234375,0.0000000
604,-0.1805556,-0.1805420,-0.1796875,-0.1250000
605,-0.0972222,-0.0972290,-0.0937500,-0.1250000
606,-0.0046296,-0.0046387,-0.0078125,0.0000000
607,0.0601852,0.0601807,0.0625000,0.0000000
608,0.3009259,0.3009338,0.3046875,0.2500000
609,0.4212962,0.4212952,0.4218750,0.3750000
610,0.2268518,0.2268372,0.2265625,0.2500000
611,-0.0694444,-0.0694580,-0.0703125,-0.1250000
612,-0.1805556,-0.1805420,-0.1796875,-0.1250000
613,-0.0972222,-0.0972290,-0.0937500,-0.1250000
614,0.0787037,0.0787048,0.0781250,0.1250000
615,0.2546296,0.2546387,0.2578125,0.2500000
616,0.1898148,0.1898193,0.1875000,0.2500000
617,0.1712963,0.1712952,0.1718750,0.1250000
618,0.2638889,0.2638855,0.2656250,0.2500000
619,0.2638889,0.2638855,0.2656250,0.2500000
620,0.2638889,0.2638855,0.2656250,0.2500000
621,0.3194445,0.3194580,0.3203125,0.3750000
622,0.1527778,0.1527710,0.1562500,0.1250000
623,-0.1712963,-0.1712952,-0.1718750,-0.1250000
624,-0.3194444,-0.3194580,-0.3203125,-0.3750000
625,-0.3564815,-0.3564758,-0.3593750,-0.3750000
626,-0.0787037,-0.0787048,-0.0781250,-0.1250000
627,-0.0879629,-0.0879517,-0.0859375,-0.1250000
628,-0.2175926,-0.2175903,-0.2187500,-0.2500000
629,-0.2731481,-0.2731628,-0.2734375,-0.2500000
630,-0.1527778,-0.1527710,-0.1562500,-0.1250000
631,-0.0416667,-0.0416565,-0.0390625,0.0000000
632,-0.0787037,-0.0787048,-0.0781250,-0.1250000
633,-0.0787037,-0.0787048,-0.0781250,-0.1250000
634,-0.1064815,-0.1064758,-0.1093750,-0.1250000
635,-0.1712963,-0.1712952,-0.1718750,-0.1250000
636,-0.1805556,-0.1805420,-0.1796875,-0.1250000
637,-0.2453704,-0.2453613,-0.2421875,-0.2500000
638,-0.1990741,-0.1990662,-0.1953125,-0.2500000
639,-0.0509259,-0.0509338,-0.0546875,0.0000000
640,0.0138889,0.0138855,0.0156250,0.0000000
641,-0.1250000,-0.1250000,-0.1250000,-0.1250000
642,-0.1342593,-0.1342468,-0.1328125,-0.1250000
643,-0.1712963,-0.1712952,-0.1718750,-0.1250000
644,-0.2453704,-0.2453613,-0.2421875,-0.2500000
645,-0.2824074,-0.2824097,-0.2812500,-0.2500000
646,-0.1805556,-0.1805420,-0.1796875,-0.1250000
647,-0.2453704,-0.2453613,-0.2421875,-0.2500000
648,0.0138889,0.0138855,0.0156250,0.0000000
649,-0.0324074,-0.0324097,-0.0312500,0.0000000
650,-0.0787037,-0.0787048,-0.0781250,-0.1250000
651,-0.1435185,-0.1435242,-0.1406250,-0.1250000
652,-0.1990741,-0.1990662,-0.1953125,-0.2500000
653,-0.2731481,-0.2731628,-0.2734375,-0.2500000
654,-0.2638889,-0.2638855,-0.2656250,-0.2500000
655,-0.3287037,-0.3287048,-0.3281250,-0.3750000
656,-0.5138889,-0.5138855,-0.5156250,-0.5000000
657,-0.3750000,-0.3750000,-0.3750000,-0.3750000
658,-0.1064815,-0.1064758,-0.1093750,-0.1250000
659,-0.1712963,-0.1712952,-0.1718750,-0.1250000
660,-0.3750000,-0.3750000,-0.3750000,-0.3750000
661,-0.4583334,-0.4583435,-0.4609375,-0.5000000
662,-0.4861111,-0.4861145,-0.4843750,-0.5000000
663,-0.1064815,-0.1064758,-0.1093750,-0.1250000
664,0.0416667,0.0416565,0.0390625,0.0000000
665,0.0046296,0.0046387,0.0078125,0.0000000
666,-0.2083333,-0.2083435,-0.2109375,-0.2500000
667,-0.2638889,-0.2638855,-0.2656250,-0.2500000
668,-0.1527778,-0.1527710,-0.1562500,-0.1250000
669,0.0046296,0.0046387,0.0078125,0.0000000
670,0.0231482,0.0231628,0.0234375,0.0000000
671,0.1527778,0.1527710,0.1562500,0.1250000
672,0.3101851,0.3101807,0.3125000,0.2500000
673,0.4675926,0.4675903,0.4687500,0.5000000
674,0.4398148,0.4398193,0.4375000,0.5000000
675,0.4953704,0.4953613,0.4921875,0.5000000
676,0.5324073,0.5324097,0.5312500,0.5000000
677,0.2824074,0.2824097,0.2812500,0.2500000
678,0.1898148,0.1898193,0.1875000,0.2500000
679,0.1527778,0.1527710,0.1562500,0.1250000
680,0.0601852,0.0601807,0.0625000,0.0000000
681,0.1620370,0.1620483,0.1640625,0.1250000
682,0.3287037,0.3287048,0.3281250,0.3750000
683,0.1805556,0.1805420,0.1796875,0.1250000
684,0.0046296,0.0046387,0.0078125,0.0000000
685,0.0879629,0.0879517,0.0859375,0.1250000
686,0.0231482,0.0231628,0.0234375,0.0000000
687,-0.1712963,-0.1712952,-0.1718750,-0.1250000
688,-0.1527778,-0.1527710,-0.1562500,-0.1250000
689,0.0694445,0.0694580,0.0703125,0.1250000
690,0.0509259,0.0509338,0.0546875,0.0000000
691,-0.0972222,-0.0972290,-0.0937500,-0.1250000
692,0.2916667,0.2916565,0.2890625,0.2500000
693,0.3564815,0.3564758,0.3593750,0.3750000
694,0.1620370,0.1620483,0.1640625,0.1250000
695,0.0046296,0.0046387,0.0078125,0.0000000
696,-0.0879629,-0.0879517,-0.0859375,-0.1250000
697,-0.0972222,-0.0972290,-0.0937500,-0.1250000
698,0.0231482,0.0231628,0.0234375,0.0000000
699,-0.1250000,-0.1250000,-0.1250000,-0.1250000
700,-0.2083333,-0.2083435,-0.2109375,-0.2500000
701,-0.3472222,-0.3472290,-0.3437500,-0.3750000
702,-0.3935185,-0.3935242,-0.3906250,-0.3750000
703,-0.4768519,-0.4768372,-0.4765625,-0.5000000
704,-0.4583334,-0.4583435,-0.4609375,-0.5000000
705,-0.3750000,-0.3750000,-0.3750000,-0.3750000
706,-0.4583334,-0.4583435,-0.4609375,-0.5000000
707,-0.1898148,-0.1898193,-0.1875000,-0.2500000
708,-0.2083333,-0.2083435,-0.2109375,-0.2500000
709,-0.2824074,-0.2824097,-0.2812500,-0.2500000
710,-0.2916667,-0.2916565,-0.2890625,-0.2500000
711,-0.3750000,-0.3750000,-0.3750000,-0.3750000
712,-0.4768519,-0.4768372,-0.4765625,-0.5000000
713,-0.4120370,-0.4120483,-0.4140625,-0.3750000
714,-0.0972222,-0.0972290,-0.0937500,-0.1250000
715,-0.1064815,-0.1064758,-0.1093750,-0.1250000
716,-0.0416667,-0.0416565,-0.0390625,0.0000000
717,-0.0416667,-0.0416565,-0.0390625,0.0000000
718,-0.0972222,-0.0972290,-0.0937500,-0.1250000
719,-0.1527778,-0.1527710,-0.1562500,-0.1250000
720,-0.0694444,-0.0694580,-0.0703125,-0.1250000
721,0.1157407,0.1157532,0.1171875,0.1250000
722,-0.0694444,-0.0694580,-0.0703125,-0.1250000
723,-0.1712963,-0.1712952,-0.1718750,-0.1250000
724,-0.2083333,-0.2083435,-0.2109375,-0.2500000
725,-0.3009259,-0.3009338,-0.3046875,-0.2500000
726,-0.2916667,-0.2916565,-0.2890625,-0.2500000
727,-0.2361111,-0.2361145,-0.2343750,-0.2500000
728,-0.1342593,-0.1342468,-0.1328125,-0.1250000
729,0.1342593,0.1342468,0.1328125,0.1250000
730,0.1527778,0.1527710,0.1562500,0.1250000
731,0.0787037,0.0787048,0.0781250,0.1250000
732,0.0509259,0.0509338,0.0546875,0.0000000
733,0.0046296,0.0046387,0.0078125,0.0000000
734,-0.1157407,-0.1157532,-0.1171875,-0.1250000
735,-0.0601852,-0.0601807,-0.0625000,0.0000000
736,0.0324074,0.0324097,0.0312500,0.0000000
737,0.0787037,0.0787048,0.0781250,0.1250000
738,0.0416667,0.0416565,0.0390625,0.0000000
739,-0.0509259,-0.0509338,-0.0546875,0.0000000
740,-0.1435185,-0.1435242,-0.1406250,-0.1250000
741,-0.3564815,-0.3564758,-0.3593750,-0.3750000
742,-0.4398148,-0.4398193,-0.4375000,-0.5000000
743,-0.6620370,-0.6620483,-0.6640625,-0.6250000
744,-0.7083334,-0.7083435,-0.7109375,-0.7500000
745,-0.7268518,-0.7268372,-0.7265625,-0.7500000
746,-0.7546296,-0.7546387,-0.7578125,-0.7500000
747,-0.7268518,-0.7268372,-0.7265625,-0.7500000
748,-0.5972222,-0.5972290,-0.5937500,-0.6250000
749,-0.4305555,-0.4305420,-0.4296875,-0.3750000
750,-0.3842593,-0.3842468,-0.3828125,-0.3750000
751,-0.3009259,-0.3009338,-0.3046875,-0.2500000
752,-0.1990741,-0.1990662,-0.1953125,-0.2500000
753,-0.1527778,-0.1527710,-0.1562500,-0.1250000
754,-0.0324074,-0.0324097,-0.0312500,0.0000000
755,0.1620370,0.1620483,0.1640625,0.1250000
756,0.0787037,0.0787048,0.0781250,0.1250000
757,-0.1250000,-0.1250000,-0.1250000,-0.1250000
758,-0.4120370,-0.4120483,-0.4140625,-0.3750000
759,-0.1712963,-0.1712952,-0.1718750,-0.1250000
760,-0.0601852,-0.0601807,-0.0625000,0.0000000
761,-0.0416667,-0.0416565,-0.0390625,0.0000000
762,0.0046296,0.0046387,0.0078125,0.0000000
763,0.0879629,0.0879517,0.0859375,0.1250000
764,0.3287037,0.3287048,0.3281250,0.3750000
765,0.5509259,0.5509338,0.5546875,0.5000000
766,0.5416667,0.5416565,0.5390625,0.5000000
767,0.5601851,0.5601807,0.5625000,0.5000000
768,0.4305556,0.4305420,0.4296875,0.3750000
769,0.2638889,0.2638855,0.2656250,0.2500000
770,0.2083334,0.2083435,0.2109375,0.2500000
771,0.2453704,0.2453613,0.2421875,0.2500000
772,0.2453704,0.2453613,0.2421875,0.2500000
773,0.2638889,0.2638855,0.2656250,0.2500000
774,0.1805556,0.1805420,0.1796875,0.1250000
775,0.1435185,0.1435242,0.1406250,0.1250000
776,0.2175926,0.2175903,0.2187500,0.2500000
777,0.1250000,0.1250000,0.1250000,0.1250000
778,0.1342593,0.1342468,0.1328125,0.1250000
779,0.2546296,0.2546387,0.2578125,0.2500000
780,0.5046296,0.5046387,0.5078125,0.5000000
781,0.5046296,0.5046387,0.5078125,0.5000000
782,0.3842593,0.3842468,0.3828125,0.3750000
783,0.1527778,0.1527710,0.1562500,0.1250000
784,-0.1064815,-0.1064758,-0.1093750,-0.1250000
785,-0.1990741,-0.1990662,-0.1953125,-0.2500000
786,-0.1990741,-0.1990662,-0.1953125,-0.2500000
787,-0.1712963,-0.1712952,-0.1718750,-0.1250000
788,-0.4305555,-0.4305420,-0.4296875,-0.3750000
789,-0.4583334,-0.4583435,-0.4609375,-0.5000000
790,-0.3009259,-0.3009338,-0.3046875,-0.2500000
791,-0.0787037,-0.0787048,-0.0781250,-0.1250000
792,0.0509259,0.0509338,0.0546875,0.0000000
793,0.0324074,0.0324097,0.0312500,0.0000000
794,-0.0787037,-0.0787048,-0.0781250,-0.1250000
795,0.2638889,0.2638855,0.2656250,0.2500000
796,0.1157407,0.1157532,0.1171875,0.1250000
797,-0.0787037,-0.0787048,-0.0781250,-0.1250000
798,-0.1157407,-0.1157532,-0.1171875,-0.1250000
799,-0.0231482,-0.0231628,-0.0234375,0.0000000
800,0.1898148,0.1898193,0.1875000,0.2500000
801,0.2175926,0.2175903,0.2187500,0.2500000
802,0.2731481,0.2731628,0.2734375,0.2500000
803,0.2731481,0.2731628,0.2734375,0.2500000
804,0.1898148,0.1898193,0.1875000,0.2500000
805,-0.0416667,-0.0416565,-0.0390625,0.0000000
806,-0.2731481,-0.2731628,-0.2734375,-0.2500000
807,-0.2824074,-0.2824097,-0.2812500,-0.2500000
808,-0.2916667,-0.2916565,-0.2890625,-0.2500000
809,-0.1342593,-0.1342468,-0.1328125,-0.1250000
810,-0.1805556,-0.1805420,-0.1796875,-0.1250000
811,-0.1712963,-0.1712952,-0.1718750,-0.1250000
812,-0.2731481,-0.2731628,-0.2734375,-0.2500000
813,-0.2268519,-0.2268372,-0.2265625,-0.2500000
814,-0.0972222,-0.0972290,-0.0937500,-0.1250000
815,-0.0879629,-0.0879517,-0.0859375,-0.1250000
816,-0.2361111,-0.2361145,-0.2343750,-0.2500000
817,-0.3842593,-0.3842468,-0.3828125,-0.3750000
818,-0.3564815,-0.3564758,-0.3593750,-0.3750000
819,-0.3379630,-0.3379517,-0.3359375,-0.3750000
820,-0.2824074,-0.2824097,-0.2812500,-0.2500000
821,-0.3287037,-0.3287048,-0.3281250,-0.3750000
822,-0.4768519,-0.4768372,-0.4765625,-0.5000000
823,-0.4027778,-0.4027710,-0.4062500,-0.3750000
824,-0.1157407,-0.1157532,-0.1171875,-0.1250000
825,-0.2268519,-0.2268372,-0.2265625,-0.2500000
826,-0.3287037,-0.3287048,-0.3281250,-0.3750000
827,-0.3472222,-0.3472290,-0.3437500,-0.3750000
828,-0.2731481,-0.2731628,-0.2734375,-0.2500000
829,-0.2361111,-0.2361145,-0.2343750,-0.2500000
830,-0.2361111,-0.2361145,-0.2343750,-0.2500000
831,-0.1990741,-0.1990662,-0.1953125,-0.2500000
832,-0.1805556,-0.1805420,-0.1796875,-0.1250000
833,-0.1064815,-0.1064758,-0.1093750,-0.1250000
834,-0.1157407,-0.1157532,-0.1171875,-0.1250000
835,-0.1342593,-0.1342468,-0.1328125,-0.1250000
836,-0.1527778,-0.1527710,-0.1562500,-0.1250000
837,-0.1712963,-0.1712952,-0.1718750,-0.1250000
838,-0.0601852,-0.0601807,-0.0625000,0.0000000
839,0.0787037,0.0787048,0.0781250,0.1250000
840,0.0601852,0.0601807,0.0625000,0.0000000
841,-0.1157407,-0.1157532,-0.1171875,-0.1250000
842,-0.2824074,-0.2824097,-0.2812500,-0.2500000
843,-0.2824074,-0.2824097,-0.2812500,-0.2500000
844,-0.1712963,-0.1712952,-0.1718750,-0.1250000
845,-0.1064815,-0.1064758,-0.1093750,-0.1250000
846,-0.3009259,-0.3009338,-0.3046875,-0.2500000
847,-0.3472222,-0.3472290,-0.3437500,-0.3750000
848,-0.1342593,-0.1342468,-0.1328125,-0.1250000
849,-0.0046296,-0.0046387,-0.0078125,0.0000000
850,0.0694445,0.0694580,0.0703125,0.1250000
851,-0.0601852,-0.0601807,-0.0625000,0.0000000
852,-0.1712963,-0.1712952,-0.1718750,-0.1250000
853,-0.1250000,-0.1250000,-0.1250000,-0.1250000
854,-0.2361111,-0.2361145,-0.2343750,-0.2500000
855,-0.1064815,-0.1064758,-0.1093750,-0.1250000
856,0.0324074,0.0324097,0.0312500,0.0000000
857,0.1157407,0.1157532,0.1171875,0.1250000
858,0.3472223,0.3472290,0.3437500,0.3750000
859,0.7453703,0.7453613,0.7421875,0.7500000
860,0.8750000,0.8750000,0.8750000,0.8750000
861,0.3009259,0.3009338,0.3046875,0.2500000
862,0.4490740,0.4490662,0.4453125,0.5000000
863,0.4583334,0.4583435,0.4609375,0.5000000
864,0.4027778,0.4027710,0.4062500,0.3750000
865,0.3101851,0.3101807,0.3125000,0.2500000
866,0.1435185,0.1435242,0.1406250,0.1250000
867,0.0324074,0.0324097,0.0312500,0.0000000
868,-0.2361111,-0.2361145,-0.2343750,-0.2500000
869,-0.1435185,-0.1435242,-0.1406250,-0.1250000
870,-0.2083333,-0.2083435,-0.2109375,-0.2500000
871,-0.3287037,-0.3287048,-0.3281250,-0.3750000
872,-0.5046296,-0.5046387,-0.5078125,-0.5000000
873,-0.5787037,-0.5787048,-0.5781250,-0.6250000
874,-0.5879630,-0.5879517,-0.5859375,-0.6250000
875,-0.4768519,-0.4768372,-0.4765625,-0.5000000
876,-0.4027778,-0.4027710,-0.4062500,-0.3750000
877,-0.3657407,-0.3657532,-0.3671875,-0.3750000
878,-0.1435185,-0.1435242,-0.1406250,-0.1250000
879,0.0324074,0.0324097,0.0312500,0.0000000
880,0.0416667,0.0416565,0.0390625,0.0000000
881,0.0046296,0.0046387,0.0078125,0.0000000
882,0.0231482,0.0231628,0.0234375,0.0000000
883,-0.1527778,-0.1527710,-0.1562500,-0.1250000
884,-0.1435185,-0.1435242,-0.1406250,-0.1250000
885,0.0324074,0.0324097,0.0312500,0.0000000
886,-0.0416667,-0.0416565,-0.0390625,0.0000000
887,-0.0138889,-0.0138855,-0.0156250,0.0000000
888,0.0694445,0.0694580,0.0703125,0.1250000
889,0.0231482,0.0231628,0.0234375,0.0000000
890,0.0509259,0.0509338,0.0546875,0.0000000
891,0.2268518,0.2268372,0.2265625,0.2500000
892,0.1527778,0.1527710,0.1562500,0.1250000
893,0.0324074,0.0324097,0.0312500,0.0000000
894,0.0046296,0.0046387,0.0078125,0.0000000
895,-0.1064815,-0.1064758,-0.1093750,-0.1250000
896,-0.1805556,-0.1805420,-0.1796875,-0.1250000
897,-0.1250000,-0.1250000,-0.1250000,-0.1250000
898,-0.1250000,-0.1250000,-0.1250000,-0.1250000
899,-0.2175926,-0.2175903,-0.2187500,-0.2500000
900,-0.3009259,-0.3009338,-0.3046875,-0.2500000
901,-0.1435185,-0.1435242,-0.1406250,-0.1250000
902,0.0972223,0.0972290,0.0937500,0.1250000
903,0.0694445,0.0694580,0.0703125,0.1250000
904,0.0231482,0.0231628,0.0234375,0.0000000
905,-0.3472222,-0.3472290,-0.3437500,-0.3750000
906,-0.4490741,-0.4490662,-0.4453125,-0.5000000
907,-0.3379630,-0.3379517,-0.3359375,-0.3750000
908,-0.2824074,-0.2824097,-0.2812500,-0.2500000
909,-0.3472222,-0.3472290,-0.3437500,-0.3750000
910,-0.3472222,-0.3472290,-0.3437500,-0.3750000
911,-0.2638889,-0.2638855,-0.2656250,-0.2500000
912,-0.0787037,-0.0787048,-0.0781250,-0.1250000
913,-0.0046296,-0.0046387,-0.0078125,0.0000000
914,0.0046296,0.0046387,0.0078125,0.0000000
915,0.0138889,0.0138855,0.0156250,0.0000000
916,0.0601852,0.0601807,0.0625000,0.0000000
917,0.1712963,0.1712952,0.1718750,0.1250000
918,0.3842593,0.3842468,0.3828125,0.3750000
919,0.2361111,0.2361145,0.2343750,0.2500000
920,0.2175926,0.2175903,0.2187500,0.2500000
921,0.0509259,0.0509338,0.0546875,0.0000000
922,-0.1064815,-0.1064758,-0.1093750,-0.1250000
923,-0.1342593,-0.1342468,-0.1328125,-0.1250000
924,-0.1435185,-0.1435242,-0.1406250,-0.1250000
925,-0.0787037,-0.0787048,-0.0781250,-0.1250000
926,-0.1157407,-0.1157532,-0.1171875,-0.1250000
927,-0.1064815,-0.1064758,-0.1093750,-0.1250000
928,-0.1898148,-0.1898193,-0.1875000,-0.2500000
929,-0.1620370,-0.1620483,-0.1640625,-0.1250000
930,-0.0694444,-0.0694580,-0.0703125,-0.1250000
931,-0.0324074,-0.0324097,-0.0312500,0.0000000
932,0.1157407,0.1157532,0.1171875,0.1250000
933,-0.0601852,-0.0601807,-0.0625000,0.0000000
934,0.0787037,0.0787048,0.0781250,0.1250000
935,0.0416667,0.0416565,0.0390625,0.0000000
936,0.0046296,0.0046387,0.0078125,0.0000000
937,0.0972223,0.0972290,0.0937500,0.1250000
938,0.0416667,0.0416565,0.0390625,0.0000000
939,-0.0416667,-0.0416565,-0.0390625,0.0000000
940,0.0972223,0.0972290,0.0937500,0.1250000
941,-0.2083333,-0.2083435,-0.2109375,-0.2500000
942,-0.3194444,-0.3194580,-0.3203125,-0.3750000
943,-0.3287037,-0.3287048,-0.3281250,-0.3750000
944,-0.3564815,-0.3564758,-0.3593750,-0.3750000
945,-0.2824074,-0.2824097,-0.2812500,-0.2500000
946,-0.2083333,-0.2083435,-0.2109375,-0.2500000
947,-0.1898148,-0.1898193,-0.1875000,-0.2500000
948,-0.3472222,-0.3472290,-0.3437500,-0.3750000
949,-0.4027778,-0.4027710,-0.4062500,-0.3750000
950,-0.3009259,-0.3009338,-0.3046875,-0.2500000
951,-0.3194444,-0.3194580,-0.3203125,-0.3750000
952,-0.2824074,-0.2824097,-0.2812500,-0.2500000
953,-0.1157407,-0.1157532,-0.1171875,-0.1250000
954,0.0879629,0.0879517,0.0859375,0.1250000
955,0.2083334,0.2083435,0.2109375,0.2500000
956,-0.0046296,-0.0046387,-0.0078125,0.0000000
957,0.0416667,0.0416565,0.0390625,0.0000000
958,0.2453704,0.2453613,0.2421875,0.2500000
959,0.4768518,0.4768372,0.4765625,0.5000000
960,0.5601851,0.5601807,0.5625000,0.5000000
961,0.5046296,0.5046387,0.5078125,0.5000000
962,0.3194445,0.3194580,0.3203125,0.3750000
963,-0.0787037,-0.0787048,-0.0781250,-0.1250000
964,-0.0046296,-0.0046387,-0.0078125,0.0000000
965,0.0138889,0.0138855,0.0156250,0.0000000
966,-0.1342593,-0.1342468,-0.1328125,-0.1250000
967,-0.3101852,-0.3101807,-0.3125000,-0.2500000
968,-0.3472222,-0.3472290,-0.3437500,-0.3750000
969,-0.2731481,-0.2731628,-0.2734375,-0.2500000
970,-0.2083333,-0.2083435,-0.2109375,-0.2500000
971,-0.3472222,-0.3472290,-0.3437500,-0.3750000
972,-0.3842593,-0.3842468,-0.3828125,-0.3750000
973,-0.4768519,-0.4768372,-0.4765625,-0.5000000
974,-0.4675926,-0.4675903,-0.4687500,-0.5000000
975,-0.5694445,-0.5694580,-0.5703125,-0.6250000
976,-0.7268518,-0.7268372,-0.7265625,-0.7500000
977,-0.5601852,-0.5601807,-0.5625000,-0.5000000
978,-0.2731481,-0.2731628,-0.2734375,-0.2500000
979,-0.3472222,-0.3472290,-0.3437500,-0.3750000
980,-0.3194444,-0.3194580,-0.3203125,-0.3750000
981,-0.4305555,-0.4305420,-0.4296875,-0.3750000
982,-0.3935185,-0.3935242,-0.3906250,-0.3750000
983,-0.1435185,-0.1435242,-0.1406250,-0.1250000
984,-0.0231482,-0.0231628,-0.0234375,0.0000000
985,0.0138889,0.0138855,0.0156250,0.0000000
986,0.1342593,0.1342468,0.1328125,0.1250000
987,0.1990740,0.1990662,0.1953125,0.2500000
988,0.3009259,0.3009338,0.3046875,0.2500000
989,0.2824074,0.2824097,0.2812500,0.2500000
990,0.1250000,0.1250000,0.1250000,0.1250000
991,0.0416667,0.0416565,0.0390625,0.0000000
992,0.1527778,0.1527710,0.1562500,0.1250000
993,0.2361111,0.2361145,0.2343750,0.2500000
994,0.3472223,0.3472290,0.3437500,0.3750000
995,0.3101851,0.3101807,0.3125000,0.2500000
996,0.3657407,0.3657532,0.3671875,0.3750000
997,0.2638889,0.2638855,0.2656250,0.2500000
998,-0.0046296,-0.0046387,-0.0078125,0.0000000
999,-0.1157407,-0.1157532,-0.1171875,-0.1250000
1000,-0.0416667,-0.0416565,-0.0390625,0.0000000
1001,0.0601852,0.0601807,0.0625000,0.0000000
1002,0.0138889,0.0138855,0.0156250,0.0000000
1003,-0.1250000,-0.1250000,-0.1250000,-0.1250000
1004,-0.3564815,-0.3564758,-0.3593750,-0.3750000
1005,-0.4212963,-0.4212952,-0.4218750,-0.3750000
1006,-0.3750000,-0.3750000,-0.3750000,-0.3750000
1007,-0.5231481,-0.5231628,-0.5234375,-0.5000000
1008,-0.5694445,-0.5694580,-0.5703125,-0.6250000
1009,-0.5138889,-0.5138855,-0.5156250,-0.5000000
1010,-0.3194444,-0.3194580,-0.3203125,-0.3750000
1011,-0.1620370,-0.1620483,-0.1640625,-0.1250000
1012,-0.1157407,-0.1157532,-0.1171875,-0.1250000
1013,0.0046296,0.0046387,0.0078125,0.0000000
1014,-0.0231482,-0.0231628,-0.0234375,0.0000000
1015,-0.0787037,-0.0787048,-0.0781250,-0.1250000
1016,-0.1620370,-0.1620483,-0.1640625,-0.1250000
1017,-0.4027778,-0.4027710,-0.4062500,-0.3750000
1018,-0.5138889,-0.5138855,-0.5156250,-0.5000000
1019,-0.5324074,-0.5324097,-0.5312500,-0.5000000
1020,-0.4861111,-0.4861145,-0.4843750,-0.5000000
1021,-0.4490741,-0.4490662,-0.4453125,-0.5000000
1022,-0.3842593,-0.3842468,-0.3828125,-0.3750000
1023,-0.3750000,-0.3750000,-0.3750000,-0.3750000
#end quant_samples
#begin zcr
axis,crossings,per_second,rough_hz
ax,183,178.7,89.4
ay,180,175.8,87.9
az,145,141.6,70.8
gx,183,178.7,89.4
gy,217,211.9,106.0
gz,201,196.3,98.1
#end zcr
#begin orientation
i,pitch_acc,roll_acc,pitch_cf,roll_cf,yaw_gyro
0,-0.828,0.288,-0.828,0.288,0.000
1,-0.835,0.332,-0.828,0.290,0.001
2,-0.765,0.332,-0.827,0.291,0.001
3,-0.811,0.339,-0.827,0.293,0.001
4,-0.828,0.325,-0.827,0.295,0.002
5,-0.818,0.275,-0.827,0.296,0.002
6,-0.806,0.252,-0.827,0.297,0.003
7,-0.726,0.259,-0.826,0.299,0.003
8,-0.709,0.255,-0.826,0.300,0.004
9,-0.783,0.229,-0.825,0.301,0.004
10,-0.881,0.222,-0.825,0.303,0.004
11,-0.956,0.168,-0.825,0.304,0.005
12,-0.919,0.077,-0.825,0.305,0.005
13,-0.872,0.084,-0.825,0.306,0.006
14,-0.819,0.121,-0.825,0.308,0.006
15,-0.802,0.125,-0.825,0.309,0.006
16,-0.872,0.175,-0.824,0.310,0.007
17,-0.882,0.172,-0.824,0.312,0.007
18,-0.821,0.175,-0.824,0.313,0.008
19,-0.773,0.249,-0.824,0.314,0.009
20,-0.756,0.296,-0.823,0.316,0.009
21,-0.760,0.316,-0.823,0.317,0.010
22,-0.797,0.329,-0.823,0.319,0.010
23,-0.840,0.346,-0.823,0.320,0.011
24,-0.817,0.400,-0.823,0.322,0.012
25,-0.709,0.437,-0.822,0.324,0.012
26,-0.722,0.423,-0.822,0.325,0.013
27,-0.735,0.362,-0.821,0.327,0.013
28,-0.755,0.309,-0.821,0.328,0.014
29,-0.805,0.265,-0.821,0.330,0.014
30,-0.848,0.168,-0.820,0.331,0.015
31,-0.878,0.158,-0.820,0.332,0.015
32,-0.926,0.171,-0.820,0.333,0.016
33,-0.860,0.198,-0.820,0.334,0.016
34,-0.874,0.165,-0.820,0.335,0.016
35,-0.938,0.108,-0.821,0.336,0.017
36,-0.918,0.047,-0.821,0.336,0.017
37,-0.864,0.020,-0.821,0.337,0.018
38,-0.819,0.067,-0.820,0.338,0.018
39,-0.749,0.134,-0.820,0.339,0.019
40,-0.809,0.191,-0.820,0.340,0.019
41,-0.862,0.191,-0.820,0.341,0.019
42,-0.845,0.225,-0.820,0.342,0.020
43,-0.850,0.221,-0.820,0.344,0.021
44,-0.860,0.201,-0.820,0.345,0.021
45,-0.840,0.187,-0.820,0.346,0.022
46,-0.846,0.187,-0.820,0.348,0.022
47,-0.817,0.214,-0.820,0.349,0.022
48,-0.781,0.178,-0.819,0.350,0.023
49,-0.755,0.124,-0.819,0.352,0.023
50,-0.732,0.107,-0.819,0.353,0.024
51,-0.796,0.074,-0.819,0.354,0.024
52,-0.817,0.007,-0.818,0.355,0.025
53,-0.811,-0.030,-0.818,0.356,0.025
54,-0.828,0.007,-0.818,0.357,0.026
55,-0.768,0.098,-0.818,0.358,0.026
56,-0.703,0.081,-0.818,0.359,0.027
57,-0.729,0.071,-0.817,0.360,0.027
58,-0.722,0.128,-0.817,0.361,0.028
59,-0.655,0.185,-0.816,0.362,0.028
60,-0.654,0.225,-0.816,0.363,0.028
61,-0.741,0.215,-0.816,0.364,0.029
62,-0.850,0.151,-0.816,0.365,0.029
63,-0.847,0.131,-0.816,0.366,0.030
64,-0.878,0.178,-0.816,0.367,0.030
65,-0.918,0.215,-0.816,0.368,0.031
66,-0.958,0.181,-0.816,0.369,0.031
67,-0.931,0.165,-0.816,0.370,0.032
68,-0.881,0.178,-0.816,0.371,0.032
69,-0.941,0.249,-0.816,0.373,0.033
70,-0.905,0.276,-0.816,0.374,0.034
71,-0.849,0.256,-0.816,0.375,0.034
72,-0.795,0.246,-0.816,0.377,0.035
73,-0.799,0.229,-0.815,0.378,0.035
74,-0.785,0.195,-0.815,0.379,0.035
75,-0.763,0.208,-0.815,0.380,0.036
76,-0.698,0.198,-0.814,0.381,0.036
77,-0.668,0.228,-0.814,0.382,0.037
78,-0.667,0.252,-0.813,0.383,0.037
79,-0.704,0.235,-0.813,0.384,0.037
80,-0.788,0.221,-0.813,0.385,0.038
81,-0.822,0.258,-0.812,0.387,0.038
82,-0.751,0.231,-0.812,0.388,0.039
83,-0.721,0.158,-0.812,0.389,0.039
84,-0.829,0.148,-0.812,0.390,0.040
85,-0.837,0.192,-0.811,0.391,0.040
86,-0.844,0.205,-0.811,0.392,0.040
87,-0.790,0.165,-0.811,0.394,0.041
88,-0.762,0.118,-0.811,0.395,0.041
89,-0.813,0.094,-0.811,0.396,0.042
90,-0.872,0.107,-0.810,0.397,0.042
91,-0.919,0.191,-0.810,0.398,0.042
92,-0.896,0.232,-0.810,0.399,0.043
93,-0.866,0.282,-0.810,0.400,0.044
94,-0.835,0.292,-0.810,0.402,0.044
95,-0.775,0.235,-0.810,0.403,0.045
96,-0.755,0.151,-0.809,0.404,0.045
97,-0.779,0.117,-0.809,0.405,0.046
98,-0.834,0.121,-0.809,0.406,0.046
99,-0.884,0.124,-0.809,0.407,0.047
100,-0.837,0.114,-0.809,0.408,0.047
101,-0.816,0.124,-0.809,0.409,0.048
102,-0.827,0.128,-0.809,0.410,0.048
103,-0.814,0.047,-0.808,0.410,0.049
104,-0.801,0.047,-0.808,0.411,0.049
105,-0.797,0.091,-0.808,0.412,0.050
106,-0.743,0.097,-0.808,0.413,0.050
107,-0.702,0.165,-0.808,0.414,0.051
108,-0.719,0.222,-0.807,0.415,0.051
109,-0.745,0.188,-0.807,0.416,0.052
110,-0.779,0.151,-0.807,0.417,0.052
111,-0.823,0.201,-0.807,0.418,0.053
112,-0.832,0.265,-0.806,0.420,0.053
113,-0.798,0.252,-0.806,0.421,0.054
114,-0.778,0.232,-0.806,0.422,0.054
115,-0.799,0.208,-0.806,0.423,0.054
116,-0.836,0.232,-0.806,0.425,0.055
117,-0.849,0.208,-0.806,0.426,0.055
118,-0.860,0.198,-0.805,0.427,0.056
119,-0.853,0.178,-0.805,0.428,0.056
120,-0.762,0.212,-0.805,0.429,0.057
121,-0.790,0.212,-0.805,0.430,0.057
122,-0.847,0.249,-0.805,0.431,0.058
123,-0.856,0.285,-0.804,0.432,0.058
124,-0.855,0.285,-0.804,0.434,0.058
125,-0.861,0.312,-0.804,0.435,0.059
126,-0.841,0.328,-0.804,0.436,0.059
127,-0.825,0.309,-0.804,0.437,0.060
128,-0.811,0.204,-0.803,0.438,0.061
129,-0.858,0.191,-0.803,0.439,0.061
130,-0.915,0.221,-0.804,0.440,0.062
131,-0.948,0.238,-0.804,0.441,0.062
132,-0.907,0.218,-0.804,0.442,0.063
133,-0.892,0.194,-0.804,0.443,0.063
134,-0.889,0.215,-0.804,0.444,0.064
135,-0.929,0.235,-0.804,0.445,0.064
136,-0.932,0.195,-0.804,0.446,0.065
137,-0.913,0.188,-0.805,0.447,0.065
138,-0.876,0.225,-0.805,0.448,0.065
139,-0.862,0.289,-0.805,0.449,0.066
140,-0.940,0.302,-0.805,0.450,0.066
141,-1.001,0.225,-0.805,0.452,0.067
142,-0.867,0.148,-0.805,0.452,0.067
143,-0.953,0.228,-0.806,0.453,0.068
144,-1.034,0.242,-0.806,0.454,0.068
145,-0.961,0.232,-0.806,0.456,0.069
146,-0.821,0.192,-0.806,0.456,0.069
147,-0.745,0.185,-0.806,0.457,0.069
148,-0.748,0.226,-0.806,0.458,0.070
149,-0.751,0.195,-0.806,0.459,0.070
150,-0.763,0.101,-0.805,0.460,0.071
151,-0.737,0.125,-0.805,0.461,0.071
152,-0.747,0.155,-0.805,0.462,0.072
153,-0.828,0.148,-0.805,0.463,0.072
154,-0.871,0.138,-0.805,0.464,0.073
155,-0.874,0.178,-0.805,0.465,0.073
156,-0.895,0.239,-0.805,0.466,0.073
157,-0.978,0.259,-0.805,0.467,0.074
158,-0.954,0.249,-0.805,0.468,0.074
159,-0.864,0.249,-0.805,0.469,0.074
160,-0.811,0.212,-0.804,0.470,0.075
161,-0.838,0.158,-0.804,0.471,0.075
162,-0.891,0.172,-0.804,0.472,0.076
163,-0.919,0.195,-0.804,0.473,0.076
164,-0.825,0.172,-0.804,0.474,0.076
165,-0.741,0.206,-0.804,0.475,0.077
166,-0.714,0.256,-0.804,0.476,0.077
167,-0.745,0.320,-0.803,0.477,0.077
168,-0.738,0.313,-0.803,0.479,0.078
169,-0.721,0.270,-0.803,0.480,0.078
170,-0.728,0.263,-0.803,0.481,0.078
171,-0.737,0.225,-0.802,0.482,0.079
172,-0.767,0.141,-0.802,0.482,0.079
173,-0.750,0.128,-0.802,0.483,0.080
174,-0.818,0.108,-0.802,0.484,0.080
175,-0.855,0.145,-0.802,0.485,0.080
176,-0.801,0.242,-0.801,0.486,0.081
177,-0.738,0.266,-0.801,0.487,0.081
178,-0.704,0.243,-0.801,0.488,0.082
179,-0.804,0.242,-0.801,0.489,0.082
180,-0.878,0.249,-0.801,0.490,0.083
181,-0.861,0.286,-0.801,0.491,0.083
182,-0.821,0.380,-0.801,0.492,0.084
183,-0.840,0.437,-0.801,0.493,0.084
184,-0.860,0.420,-0.801,0.495,0.085
185,-0.883,0.386,-0.801,0.496,0.085
186,-0.881,0.212,-0.801,0.497,0.086
187,-0.915,0.148,-0.801,0.497,0.086
188,-0.933,0.145,-0.802,0.498,0.087
189,-0.858,0.108,-0.801,0.499,0.087
190,-0.807,0.094,-0.801,0.499,0.088
191,-0.773,0.141,-0.801,0.500,0.088
192,-0.754,0.168,-0.801,0.501,0.088
193,-0.780,0.198,-0.801,0.502,0.089
194,-0.915,0.161,-0.801,0.502,0.089
195,-0.955,0.134,-0.801,0.503,0.090
196,-0.910,0.178,-0.801,0.504,0.090
197,-0.795,0.171,-0.800,0.505,0.091
198,-0.738,0.205,-0.800,0.506,0.091
199,-0.728,0.268,-0.800,0.507,0.092
200,-0.700,0.315,-0.799,0.508,0.093
201,-0.837,0.285,-0.799,0.509,0.093
202,-0.932,0.261,-0.799,0.511,0.094
203,-0.963,0.218,-0.799,0.511,0.095
204,-0.940,0.195,-0.799,0.512,0.095
205,-0.887,0.212,-0.799,0.513,0.096
206,-0.823,0.248,-0.799,0.514,0.096
207,-0.744,0.345,-0.799,0.515,0.097
208,-0.732,0.417,-0.799,0.517,0.097
209,-0.797,0.356,-0.799,0.518,0.098
210,-0.830,0.356,-0.799,0.519,0.098
211,-0.786,0.376,-0.799,0.520,0.099
212,-0.823,0.316,-0.799,0.521,0.099
213,-0.885,0.252,-0.799,0.522,0.100
214,-0.915,0.246,-0.799,0.523,0.100
215,-0.928,0.229,-0.799,0.525,0.100
216,-0.902,0.241,-0.799,0.526,0.101
217,-0.864,0.295,-0.800,0.527,0.101
218,-0.857,0.281,-0.800,0.528,0.102
219,-0.854,0.281,-0.800,0.529,0.102
220,-0.757,0.328,-0.800,0.530,0.102
221,-0.700,0.362,-0.799,0.532,0.103
222,-0.791,0.372,-0.799,0.533,0.103
223,-0.745,0.285,-0.799,0.534,0.104
224,-0.709,0.242,-0.799,0.535,0.104
225,-0.772,0.228,-0.798,0.536,0.105
226,-0.802,0.242,-0.798,0.537,0.106
227,-0.806,0.202,-0.798,0.538,0.106
228,-0.776,0.181,-0.798,0.538,0.106
229,-0.702,0.168,-0.798,0.539,0.107
230,-0.762,0.087,-0.797,0.540,0.107
231,-0.788,0.154,-0.797,0.540,0.108
232,-0.858,0.251,-0.797,0.541,0.108
233,-0.926,0.285,-0.797,0.542,0.109
234,-0.893,0.295,-0.797,0.543,0.109
235,-0.809,0.295,-0.797,0.544,0.110
236,-0.748,0.255,-0.796,0.545,0.111
237,-0.718,0.255,-0.796,0.546,0.111
238,-0.665,0.312,-0.795,0.548,0.112
239,-0.672,0.316,-0.795,0.549,0.112
240,-0.707,0.333,-0.794,0.550,0.113
241,-0.721,0.330,-0.794,0.551,0.113
242,-0.774,0.299,-0.794,0.552,0.114
243,-0.851,0.296,-0.794,0.553,0.114
244,-0.902,0.306,-0.794,0.555,0.115
245,-0.833,0.286,-0.794,0.556,0.115
246,-0.864,0.282,-0.793,0.557,0.116
247,-0.901,0.208,-0.793,0.558,0.116
248,-0.898,0.212,-0.794,0.558,0.117
249,-0.875,0.300,-0.794,0.560,0.118
250,-0.835,0.353,-0.794,0.561,0.118
251,-0.801,0.390,-0.793,0.562,0.119
252,-0.679,0.420,-0.793,0.564,0.119
253,-0.690,0.417,-0.793,0.565,0.119
254,-0.714,0.427,-0.792,0.566,0.120
255,-0.707,0.421,-0.792,0.568,0.120
256,-0.687,0.370,-0.792,0.569,0.121
257,-0.710,0.333,-0.791,0.570,0.121
258,-0.704,0.394,-0.791,0.571,0.121
259,-0.674,0.401,-0.790,0.572,0.122
260,-0.768,0.394,-0.790,0.573,0.122
261,-0.775,0.354,-0.790,0.575,0.123
262,-0.714,0.286,-0.789,0.576,0.124
263,-0.676,0.208,-0.789,0.577,0.124
264,-0.694,0.185,-0.789,0.577,0.125
265,-0.704,0.168,-0.789,0.578,0.125
266,-0.717,0.151,-0.788,0.579,0.126
267,-0.737,0.311,-0.788,0.580,0.126
268,-0.811,0.339,-0.788,0.581,0.127
269,-0.781,0.221,-0.788,0.582,0.127
270,-0.761,0.117,-0.788,0.582,0.128
271,-0.843,0.074,-0.788,0.583,0.129
272,-0.930,0.040,-0.788,0.583,0.129
273,-0.963,0.074,-0.788,0.584,0.130
274,-0.909,0.104,-0.788,0.584,0.130
275,-0.892,0.131,-0.788,0.585,0.130
276,-0.885,0.184,-0.788,0.585,0.131
277,-0.868,0.258,-0.788,0.586,0.131
278,-0.849,0.221,-0.788,0.587,0.132
279,-0.849,0.141,-0.788,0.588,0.132
280,-0.874,0.128,-0.788,0.588,0.133
281,-0.877,0.151,-0.788,0.589,0.133
282,-0.767,0.098,-0.788,0.590,0.133
283,-0.783,0.101,-0.788,0.590,0.134
284,-0.780,0.155,-0.788,0.591,0.134
285,-0.767,0.151,-0.787,0.592,0.134
286,-0.765,0.138,-0.787,0.593,0.135
287,-0.788,0.168,-0.787,0.593,0.135
288,-0.837,0.168,-0.787,0.594,0.136
289,-0.840,0.165,-0.787,0.594,0.136
290,-0.800,0.202,-0.787,0.595,0.136
291,-0.766,0.141,-0.786,0.596,0.137
292,-0.728,0.161,-0.786,0.597,0.137
293,-0.744,0.231,-0.786,0.598,0.138
294,-0.765,0.211,-0.786,0.598,0.138
295,-0.758,0.208,-0.785,0.599,0.138
296,-0.909,0.282,-0.785,0.600,0.139
297,-0.869,0.258,-0.785,0.601,0.139
298,-0.808,0.211,-0.785,0.602,0.139
299,-0.819,0.161,-0.785,0.602,0.140
300,-0.806,0.175,-0.785,0.603,0.140
301,-0.757,0.198,-0.784,0.603,0.141
302,-0.770,0.219,-0.784,0.604,0.141
303,-0.794,0.242,-0.784,0.605,0.141
304,-0.740,0.222,-0.784,0.606,0.142
305,-0.790,0.242,-0.783,0.607,0.142
306,-0.870,0.245,-0.783,0.608,0.143
307,-0.899,0.268,-0.783,0.609,0.143
308,-0.955,0.305,-0.784,0.610,0.143
309,-1.015,0.318,-0.784,0.611,0.144
310,-0.984,0.336,-0.784,0.612,0.144
311,-0.837,0.272,-0.784,0.612,0.145
312,-0.878,0.222,-0.784,0.613,0.145
313,-0.854,0.178,-0.784,0.614,0.146
314,-0.826,0.151,-0.784,0.615,0.146
315,-0.840,0.185,-0.784,0.615,0.147
316,-0.926,0.265,-0.785,0.616,0.148
317,-0.979,0.285,-0.785,0.617,0.148
318,-0.882,0.305,-0.785,0.618,0.149
319,-0.862,0.295,-0.785,0.619,0.149
320,-0.832,0.325,-0.785,0.620,0.150
321,-0.828,0.349,-0.784,0.621,0.150
322,-0.866,0.312,-0.784,0.622,0.151
323,-0.856,0.302,-0.784,0.623,0.152
324,-0.815,0.292,-0.784,0.624,0.152
325,-0.831,0.261,-0.784,0.624,0.153
326,-0.836,0.258,-0.784,0.625,0.154
327,-0.856,0.252,-0.784,0.626,0.154
328,-0.899,0.279,-0.784,0.627,0.155
329,-0.923,0.255,-0.784,0.627,0.155
330,-0.870,0.171,-0.784,0.628,0.156
331,-0.782,0.168,-0.784,0.628,0.156
332,-0.785,0.188,-0.784,0.629,0.157
333,-0.773,0.255,-0.784,0.630,0.157
334,-0.811,0.279,-0.784,0.631,0.157
335,-0.801,0.320,-0.784,0.632,0.158
336,-0.773,0.313,-0.783,0.633,0.158
337,-0.770,0.366,-0.783,0.634,0.158
338,-0.756,0.460,-0.783,0.635,0.159
339,-0.767,0.491,-0.783,0.636,0.159
340,-0.807,0.437,-0.783,0.637,0.159
341,-0.850,0.366,-0.783,0.638,0.160
342,-0.799,0.333,-0.783,0.639,0.160
343,-0.703,0.343,-0.783,0.640,0.160
344,-0.682,0.299,-0.782,0.640,0.161
345,-0.715,0.255,-0.782,0.641,0.161
346,-0.769,0.262,-0.782,0.641,0.162
347,-0.820,0.303,-0.782,0.642,0.162
348,-0.839,0.313,-0.782,0.643,0.162
349,-0.852,0.165,-0.782,0.644,0.163
350,-0.882,0.138,-0.782,0.644,0.163
351,-0.895,0.158,-0.782,0.645,0.163
352,-0.921,0.175,-0.782,0.646,0.164
353,-0.887,0.208,-0.782,0.646,0.164
354,-0.870,0.222,-0.782,0.647,0.164
355,-0.878,0.330,-0.782,0.648,0.165
356,-0.824,0.346,-0.782,0.649,0.165
357,-0.853,0.272,-0.782,0.650,0.165
358,-0.903,0.232,-0.782,0.651,0.166
359,-0.846,0.252,-0.782,0.652,0.166
360,-0.772,0.249,-0.782,0.653,0.166
361,-0.772,0.232,-0.782,0.653,0.167
362,-0.907,0.178,-0.782,0.654,0.167
363,-0.907,0.144,-0.782,0.654,0.167
364,-0.936,0.195,-0.783,0.655,0.168
365,-0.899,0.205,-0.783,0.656,0.168
366,-0.823,0.212,-0.783,0.656,0.169
367,-0.813,0.232,-0.783,0.657,0.169
368,-0.763,0.245,-0.783,0.658,0.170
369,-0.739,0.262,-0.782,0.659,0.170
370,-0.679,0.269,-0.782,0.659,0.171
371,-0.692,0.225,-0.781,0.660,0.171
372,-0.709,0.205,-0.781,0.661,0.172
373,-0.797,0.165,-0.781,0.661,0.172
374,-0.875,0.077,-0.781,0.662,0.173
375,-0.879,0.098,-0.781,0.662,0.173
376,-0.862,0.145,-0.781,0.663,0.174
377,-0.870,0.165,-0.781,0.663,0.174
378,-0.913,0.191,-0.781,0.664,0.175
379,-0.880,0.218,-0.781,0.664,0.175
380,-0.826,0.161,-0.781,0.665,0.176
381,-0.759,0.107,-0.781,0.665,0.176
382,-0.698,0.097,-0.780,0.665,0.176
383,-0.719,0.134,-0.780,0.666,0.177
384,-0.922,0.064,-0.780,0.666,0.177
385,-0.938,0.124,-0.780,0.667,0.178
386,-0.941,0.124,-0.780,0.667,0.178
387,-0.952,0.128,-0.781,0.668,0.179
388,-0.908,0.182,-0.781,0.668,0.179
389,-0.894,0.168,-0.781,0.669,0.179
390,-0.904,0.104,-0.781,0.669,0.180
391,-0.877,0.104,-0.781,0.670,0.180
392,-0.916,0.222,-0.781,0.671,0.181
393,-0.906,0.275,-0.781,0.671,0.181
394,-0.873,0.296,-0.781,0.672,0.182
395,-0.823,0.249,-0.781,0.673,0.182
396,-0.810,0.269,-0.781,0.673,0.183
397,-0.810,0.293,-0.780,0.674,0.183
398,-0.796,0.252,-0.780,0.675,0.184
399,-0.861,0.256,-0.780,0.676,0.184
400,-0.871,0.269,-0.780,0.676,0.185
401,-0.854,0.218,-0.780,0.677,0.185
402,-0.850,0.222,-0.780,0.678,0.185
403,-0.876,0.279,-0.780,0.679,0.186
404,-0.889,0.305,-0.780,0.679,0.186
405,-0.836,0.349,-0.779,0.680,0.187
406,-0.778,0.278,-0.779,0.681,0.187
407,-0.775,0.205,-0.779,0.682,0.188
408,-0.756,0.208,-0.779,0.682,0.188
409,-0.769,0.205,-0.778,0.683,0.189
410,-0.749,0.208,-0.778,0.683,0.189
411,-0.676,0.279,-0.777,0.684,0.190
412,-0.690,0.286,-0.777,0.685,0.190
413,-0.698,0.222,-0.776,0.686,0.191
414,-0.688,0.246,-0.776,0.686,0.191
415,-0.700,0.222,-0.775,0.687,0.192
416,-0.797,0.195,-0.775,0.687,0.192
417,-0.814,0.141,-0.775,0.688,0.192
418,-0.760,0.114,-0.775,0.688,0.193
419,-0.766,0.101,-0.775,0.688,0.193
420,-0.779,0.094,-0.774,0.689,0.193
421,-0.795,0.131,-0.774,0.689,0.194
422,-0.786,0.154,-0.774,0.690,0.194
423,-0.799,0.201,-0.774,0.690,0.194
424,-0.842,0.252,-0.774,0.691,0.195
425,-0.802,0.292,-0.774,0.692,0.195
426,-0.752,0.309,-0.774,0.693,0.196
427,-0.827,0.292,-0.774,0.693,0.196
428,-0.920,0.165,-0.774,0.694,0.197
429,-0.853,0.114,-0.774,0.694,0.198
430,-0.806,0.124,-0.774,0.695,0.198
431,-0.813,0.198,-0.774,0.695,0.198
432,-0.803,0.222,-0.773,0.696,0.199
433,-0.765,0.225,-0.773,0.696,0.199
434,-0.755,0.185,-0.773,0.697,0.200
435,-0.745,0.144,-0.773,0.697,0.200
436,-0.934,0.047,-0.773,0.697,0.200
437,-0.943,0.064,-0.773,0.698,0.201
438,-0.823,0.054,-0.773,0.698,0.201
439,-0.747,-0.010,-0.773,0.698,0.202
440,-0.784,0.050,-0.772,0.698,0.202
441,-0.804,0.154,-0.772,0.698,0.202
442,-0.851,0.204,-0.772,0.699,0.203
443,-0.932,0.211,-0.772,0.699,0.203
444,-0.967,0.188,-0.773,0.700,0.204
445,-0.954,0.212,-0.773,0.700,0.204
446,-0.840,0.191,-0.773,0.701,0.205
447,-0.799,0.171,-0.773,0.701,0.205
448,-0.790,0.172,-0.773,0.702,0.206
449,-0.757,0.114,-0.772,0.702,0.206
450,-0.778,0.088,-0.772,0.702,0.207
451,-0.791,0.057,-0.772,0.702,0.207
452,-0.877,0.141,-0.772,0.703,0.207
453,-0.927,0.222,-0.772,0.703,0.208
454,-0.906,0.275,-0.772,0.704,0.208
455,-0.911,0.319,-0.772,0.705,0.209
456,-0.968,0.333,-0.772,0.705,0.209
457,-0.989,0.306,-0.773,0.706,0.209
458,-0.989,0.343,-0.773,0.707,0.210
459,-0.959,0.333,-0.773,0.708,0.210
460,-0.912,0.303,-0.773,0.708,0.211
461,-0.888,0.279,-0.773,0.709,0.211
462,-0.854,0.222,-0.773,0.709,0.212
463,-0.832,0.192,-0.773,0.709,0.212
464,-0.835,0.242,-0.773,0.710,0.212
465,-0.879,0.283,-0.773,0.711,0.213
466,-0.919,0.246,-0.773,0.712,0.213
467,-0.892,0.256,-0.773,0.712,0.214
468,-0.868,0.296,-0.773,0.713,0.214
469,-0.884,0.299,-0.773,0.714,0.214
470,-0.924,0.282,-0.773,0.714,0.215
471,-0.961,0.299,-0.774,0.715,0.215
472,-0.760,0.266,-0.774,0.716,0.216
473,-0.830,0.256,-0.773,0.716,0.216
474,-0.833,0.249,-0.774,0.717,0.217
475,-0.813,0.272,-0.774,0.717,0.217
476,-0.823,0.329,-0.774,0.718,0.218
477,-0.807,0.330,-0.774,0.719,0.218
478,-0.784,0.326,-0.774,0.720,0.219
479,-0.783,0.323,-0.774,0.720,0.219
480,-0.799,0.252,-0.773,0.721,0.220
481,-0.751,0.265,-0.773,0.722,0.220
482,-0.735,0.305,-0.773,0.722,0.221
483,-0.708,0.248,-0.773,0.723,0.221
484,-0.630,0.191,-0.773,0.723,0.222
485,-0.610,0.228,-0.772,0.724,0.222
486,-0.600,0.235,-0.772,0.724,0.223
487,-0.681,0.279,-0.771,0.725,0.223
488,-0.688,0.245,-0.771,0.726,0.223
489,-0.645,0.215,-0.771,0.726,0.224
490,-0.565,0.239,-0.770,0.727,0.224
491,-0.528,0.218,-0.769,0.727,0.225
492,-0.517,0.221,-0.769,0.728,0.225
493,-0.560,0.208,-0.768,0.728,0.226
494,-0.651,0.165,-0.768,0.728,0.226
495,-0.738,0.144,-0.768,0.729,0.227
496,-0.835,0.208,-0.768,0.729,0.227
497,-0.893,0.198,-0.768,0.730,0.228
498,-0.930,0.181,-0.768,0.730,0.228
499,-0.900,0.242,-0.768,0.731,0.229
500,-0.849,0.299,-0.769,0.731,0.229
501,-0.845,0.336,-0.769,0.732,0.230
502,-0.828,0.342,-0.768,0.733,0.230
503,-0.832,0.362,-0.768,0.734,0.231
504,-0.876,0.406,-0.769,0.735,0.231
505,-0.933,0.362,-0.769,0.735,0.231
506,-0.920,0.326,-0.769,0.736,0.232
507,-0.907,0.353,-0.769,0.737,0.232
508,-0.894,0.437,-0.769,0.738,0.233
509,-0.852,0.359,-0.769,0.738,0.233
510,-0.786,0.285,-0.769,0.739,0.234
511,-0.806,0.245,-0.769,0.739,0.234
512,-0.857,0.276,-0.769,0.740,0.235
513,-0.857,0.333,-0.769,0.741,0.235
514,-0.849,0.366,-0.769,0.741,0.236
515,-0.879,0.325,-0.769,0.742,0.237
516,-0.848,0.265,-0.769,0.743,0.237
517,-0.922,0.278,-0.770,0.743,0.238
518,-0.973,0.299,-0.770,0.744,0.239
519,-0.950,0.359,-0.770,0.744,0.239
520,-0.893,0.322,-0.770,0.745,0.240
521,-0.840,0.262,-0.770,0.745,0.240
522,-0.837,0.249,-0.770,0.746,0.241
523,-0.783,0.222,-0.770,0.746,0.241
524,-0.907,0.165,-0.770,0.746,0.242
525,-0.978,0.151,-0.771,0.746,0.242
526,-0.927,0.161,-0.771,0.747,0.243
527,-0.890,0.208,-0.771,0.747,0.243
528,-0.873,0.218,-0.771,0.748,0.244
529,-0.844,0.168,-0.771,0.748,0.245
530,-0.801,0.172,-0.771,0.748,0.245
531,-0.840,0.168,-0.771,0.749,0.245
532,-0.856,0.191,-0.771,0.749,0.246
533,-0.863,0.212,-0.771,0.750,0.246
534,-0.873,0.195,-0.771,0.750,0.247
535,-0.886,0.185,-0.771,0.750,0.247
536,-0.872,0.228,-0.771,0.751,0.248
537,-0.808,0.255,-0.770,0.751,0.248
538,-0.814,0.228,-0.770,0.751,0.249
539,-0.851,0.184,-0.770,0.752,0.249
540,-0.798,0.181,-0.770,0.752,0.250
541,-0.755,0.174,-0.770,0.752,0.250
542,-0.732,0.201,-0.769,0.753,0.250
543,-0.745,0.242,-0.769,0.753,0.251
544,-0.756,0.245,-0.769,0.754,0.251
545,-0.831,0.279,-0.769,0.755,0.252
546,-0.830,0.262,-0.769,0.755,0.252
547,-0.807,0.299,-0.769,0.756,0.253
548,-0.824,0.333,-0.769,0.756,0.253
549,-0.861,0.390,-0.769,0.757,0.254
550,-0.834,0.413,-0.769,0.758,0.254
551,-0.826,0.349,-0.769,0.759,0.255
552,-0.870,0.228,-0.769,0.759,0.255
553,-0.728,0.285,-0.768,0.760,0.256
554,-0.721,0.278,-0.768,0.760,0.256
555,-0.766,0.262,-0.768,0.761,0.257
556,-0.760,0.309,-0.767,0.761,0.257
557,-0.743,0.414,-0.767,0.762,0.258
558,-0.769,0.501,-0.767,0.763,0.258
559,-0.816,0.521,-0.767,0.764,0.259
560,-0.924,0.403,-0.767,0.765,0.259
561,-0.874,0.299,-0.767,0.766,0.260
562,-0.867,0.266,-0.767,0.766,0.260
563,-0.895,0.276,-0.767,0.767,0.260
564,-0.946,0.279,-0.767,0.767,0.261
565,-1.003,0.273,-0.768,0.768,0.261
566,-1.037,0.283,-0.768,0.768,0.261
567,-0.959,0.249,-0.768,0.769,0.262
568,-0.935,0.215,-0.769,0.769,0.262
569,-0.925,0.172,-0.769,0.770,0.262
570,-0.928,0.202,-0.769,0.770,0.263
571,-0.878,0.232,-0.769,0.770,0.263
572,-0.848,0.198,-0.769,0.771,0.264
573,-0.848,0.155,-0.769,0.771,0.264
574,-0.814,0.124,-0.769,0.771,0.265
575,-0.842,0.148,-0.769,0.771,0.265
576,-0.822,0.205,-0.769,0.772,0.266
577,-0.816,0.212,-0.769,0.772,0.266
578,-0.807,0.158,-0.769,0.772,0.267
579,-0.817,0.168,-0.769,0.772,0.267
580,-0.780,0.218,-0.769,0.772,0.268
581,-0.765,0.175,-0.769,0.773,0.268
582,-0.777,0.138,-0.768,0.773,0.269
583,-0.828,0.047,-0.768,0.773,0.270
584,-0.885,0.024,-0.768,0.773,0.270
585,-0.878,0.091,-0.768,0.773,0.271
586,-0.790,0.148,-0.768,0.774,0.271
587,-0.756,0.155,-0.768,0.774,0.272
588,-0.790,0.138,-0.768,0.775,0.272
589,-0.845,0.168,-0.768,0.775,0.273
590,-0.834,0.195,-0.768,0.775,0.273
591,-0.903,0.232,-0.768,0.776,0.273
592,-0.933,0.258,-0.768,0.776,0.274
593,-0.902,0.295,-0.768,0.777,0.274
594,-0.868,0.295,-0.768,0.777,0.274
595,-0.839,0.282,-0.768,0.778,0.275
596,-0.854,0.276,-0.768,0.778,0.275
597,-0.874,0.195,-0.768,0.778,0.275
598,-0.869,0.215,-0.768,0.779,0.276
599,-0.818,0.261,-0.768,0.779,0.276
600,-0.801,0.302,-0.768,0.780,0.277
601,-0.842,0.278,-0.768,0.781,0.277
602,-0.857,0.171,-0.769,0.781,0.278
603,-0.827,0.077,-0.769,0.781,0.278
604,-0.768,0.164,-0.769,0.782,0.279
605,-0.798,0.184,-0.769,0.782,0.279
606,-0.832,0.171,-0.769,0.782,0.280
607,-0.856,0.175,-0.769,0.783,0.280
608,-0.943,0.205,-0.769,0.783,0.281
609,-0.986,0.158,-0.769,0.783,0.281
610,-0.916,0.131,-0.770,0.783,0.282
611,-0.809,0.023,-0.770,0.783,0.282
612,-0.769,0.034,-0.769,0.783,0.283
613,-0.800,0.114,-0.769,0.783,0.283
614,-0.864,0.212,-0.769,0.784,0.284
615,-0.928,0.279,-0.769,0.784,0.284
616,-0.905,0.293,-0.769,0.785,0.285
617,-0.898,0.282,-0.769,0.785,0.285
618,-0.931,0.353,-0.769,0.786,0.286
619,-0.929,0.309,-0.769,0.787,0.286
620,-0.929,0.265,-0.770,0.787,0.286
621,-0.950,0.232,-0.770,0.788,0.287
622,-0.890,0.245,-0.770,0.788,0.287
623,-0.772,0.245,-0.769,0.789,0.288
624,-0.718,0.138,-0.769,0.789,0.289
625,-0.704,0.057,-0.769,0.789,0.289
626,-0.806,0.111,-0.769,0.789,0.290
627,-0.802,0.279,-0.769,0.790,0.290
628,-0.756,0.349,-0.769,0.791,0.291
629,-0.736,0.383,-0.769,0.791,0.291
630,-0.780,0.393,-0.769,0.792,0.292
631,-0.820,0.360,-0.769,0.793,0.292
632,-0.807,0.404,-0.768,0.794,0.292
633,-0.808,0.343,-0.768,0.795,0.293
634,-0.798,0.303,-0.768,0.796,0.293
635,-0.774,0.347,-0.768,0.796,0.294
636,-0.771,0.370,-0.768,0.797,0.294
637,-0.747,0.370,-0.768,0.798,0.295
638,-0.763,0.396,-0.768,0.798,0.295
639,-0.817,0.356,-0.768,0.799,0.296
640,-0.841,0.326,-0.768,0.800,0.296
641,-0.790,0.289,-0.768,0.800,0.297
642,-0.786,0.296,-0.768,0.800,0.297
643,-0.772,0.282,-0.768,0.801,0.298
644,-0.745,0.299,-0.768,0.801,0.298
645,-0.732,0.312,-0.768,0.802,0.299
646,-0.769,0.306,-0.768,0.802,0.299
647,-0.746,0.322,-0.768,0.802,0.300
648,-0.839,0.258,-0.768,0.803,0.300
649,-0.823,0.198,-0.768,0.803,0.301
650,-0.806,0.181,-0.768,0.803,0.302
651,-0.783,0.222,-0.768,0.804,0.302
652,-0.763,0.269,-0.767,0.804,0.303
653,-0.736,0.303,-0.767,0.805,0.303
654,-0.740,0.293,-0.767,0.805,0.304
655,-0.716,0.316,-0.767,0.806,0.304
656,-0.649,0.353,-0.767,0.806,0.305
657,-0.700,0.377,-0.767,0.807,0.305
658,-0.798,0.327,-0.767,0.807,0.306
659,-0.775,0.290,-0.767,0.808,0.306
660,-0.700,0.303,-0.766,0.808,0.307
661,-0.669,0.343,-0.766,0.809,0.307
662,-0.658,0.333,-0.766,0.810,0.307
663,-0.797,0.272,-0.766,0.810,0.308
664,-0.851,0.225,-0.766,0.810,0.308
665,-0.839,0.236,-0.766,0.810,0.308
666,-0.762,0.283,-0.765,0.811,0.309
667,-0.741,0.300,-0.765,0.811,0.309
668,-0.781,0.313,-0.765,0.812,0.310
669,-0.837,0.313,-0.765,0.812,0.311
670,-0.843,0.269,-0.765,0.813,0.311
671,-0.891,0.165,-0.765,0.813,0.312
672,-0.947,0.154,-0.765,0.813,0.312
673,-1.004,0.228,-0.766,0.814,0.312
674,-0.995,0.256,-0.766,0.814,0.313
675,-1.015,0.255,-0.766,0.814,0.314
676,-1.027,0.302,-0.767,0.815,0.314
677,-0.936,0.265,-0.767,0.815,0.315
678,-0.903,0.178,-0.767,0.816,0.315
679,-0.889,0.128,-0.767,0.816,0.316
680,-0.856,0.161,-0.767,0.816,0.317
681,-0.894,0.141,-0.767,0.816,0.317
682,-0.954,0.165,-0.768,0.817,0.318
683,-0.901,0.215,-0.768,0.817,0.318
684,-0.838,0.232,-0.768,0.817,0.319
685,-0.867,0.121,-0.768,0.818,0.320
686,-0.844,0.061,-0.768,0.818,0.320
687,-0.773,0.101,-0.768,0.818,0.321
688,-0.779,0.165,-0.768,0.818,0.321
689,-0.860,0.171,-0.768,0.818,0.322
690,-0.853,0.218,-0.768,0.819,0.322
691,-0.799,0.299,-0.768,0.819,0.323
692,-0.940,0.316,-0.768,0.820,0.323
693,-0.964,0.245,-0.768,0.820,0.324
694,-0.894,0.218,-0.768,0.821,0.324
695,-0.837,0.229,-0.768,0.821,0.325
696,-0.803,0.272,-0.768,0.822,0.325
697,-0.800,0.286,-0.768,0.822,0.325
698,-0.845,0.273,-0.768,0.823,0.326
699,-0.790,0.249,-0.768,0.823,0.326
700,-0.759,0.228,-0.767,0.823,0.326
701,-0.709,0.245,-0.767,0.824,0.327
702,-0.693,0.242,-0.767,0.824,0.327
703,-0.662,0.232,-0.767,0.824,0.328
704,-0.669,0.239,-0.766,0.825,0.328
705,-0.699,0.269,-0.766,0.825,0.329
706,-0.668,0.262,-0.766,0.826,0.329
707,-0.766,0.155,-0.766,0.826,0.330
708,-0.760,0.171,-0.765,0.826,0.330
709,-0.733,0.198,-0.765,0.827,0.331
710,-0.730,0.222,-0.765,0.827,0.331
711,-0.700,0.269,-0.764,0.828,0.332
712,-0.663,0.313,-0.764,0.828,0.332
713,-0.687,0.306,-0.764,0.829,0.333
714,-0.800,0.319,-0.764,0.830,0.334
715,-0.796,0.312,-0.764,0.830,0.334
716,-0.819,0.299,-0.764,0.831,0.335
717,-0.818,0.305,-0.764,0.831,0.335
718,-0.798,0.335,-0.764,0.832,0.336
719,-0.779,0.302,-0.763,0.832,0.336
720,-0.810,0.296,-0.763,0.833,0.337
721,-0.876,0.373,-0.763,0.833,0.337
722,-0.810,0.410,-0.763,0.834,0.338
723,-0.774,0.411,-0.763,0.834,0.338
724,-0.762,0.394,-0.763,0.835,0.339
725,-0.728,0.351,-0.763,0.836,0.339
726,-0.731,0.266,-0.763,0.836,0.340
727,-0.749,0.192,-0.763,0.836,0.340
728,-0.785,0.218,-0.762,0.837,0.341
729,-0.882,0.258,-0.763,0.837,0.341
730,-0.889,0.201,-0.763,0.837,0.341
731,-0.863,0.175,-0.763,0.837,0.342
732,-0.854,0.202,-0.763,0.838,0.342
733,-0.837,0.245,-0.763,0.838,0.343
734,-0.793,0.232,-0.763,0.838,0.343
735,-0.814,0.205,-0.763,0.839,0.344
736,-0.846,0.208,-0.763,0.839,0.344
737,-0.863,0.211,-0.763,0.840,0.345
738,-0.849,0.208,-0.763,0.840,0.345
739,-0.815,0.218,-0.763,0.840,0.346
740,-0.782,0.235,-0.763,0.841,0.346
741,-0.705,0.262,-0.762,0.841,0.347
742,-0.675,0.295,-0.762,0.842,0.347
743,-0.595,0.269,-0.761,0.842,0.347
744,-0.578,0.256,-0.761,0.843,0.348
745,-0.572,0.276,-0.760,0.843,0.349
746,-0.562,0.249,-0.760,0.844,0.349
747,-0.571,0.229,-0.759,0.844,0.349
748,-0.618,0.188,-0.758,0.844,0.350
749,-0.679,0.124,-0.758,0.844,0.350
750,-0.695,0.165,-0.758,0.845,0.351
751,-0.726,0.235,-0.758,0.845,0.351
752,-0.763,0.232,-0.757,0.845,0.352
753,-0.779,0.161,-0.757,0.846,0.353
754,-0.823,0.101,-0.757,0.846,0.353
755,-0.894,0.111,-0.757,0.845,0.354
756,-0.864,0.131,-0.757,0.845,0.354
757,-0.790,0.138,-0.757,0.845,0.355
758,-0.686,0.225,-0.757,0.845,0.355
759,-0.773,0.282,-0.757,0.845,0.356
760,-0.813,0.329,-0.757,0.846,0.356
761,-0.819,0.356,-0.757,0.846,0.357
762,-0.836,0.383,-0.757,0.846,0.358
763,-0.867,0.366,-0.757,0.847,0.358
764,-0.955,0.346,-0.757,0.847,0.358
765,-1.035,0.299,-0.757,0.848,0.359
766,-1.032,0.266,-0.758,0.848,0.359
767,-1.039,0.266,-0.758,0.848,0.360
768,-0.993,0.279,-0.759,0.849,0.360
769,-0.932,0.279,-0.759,0.849,0.360
770,-0.912,0.296,-0.759,0.849,0.361
771,-0.926,0.327,-0.759,0.850,0.361
772,-0.926,0.377,-0.759,0.850,0.362
773,-0.933,0.478,-0.759,0.851,0.362
774,-0.902,0.437,-0.759,0.852,0.363
775,-0.888,0.383,-0.759,0.852,0.363
776,-0.914,0.356,-0.759,0.853,0.364
777,-0.881,0.316,-0.759,0.853,0.364
778,-0.885,0.320,-0.759,0.853,0.365
779,-0.929,0.333,-0.760,0.854,0.365
780,-1.020,0.229,-0.760,0.854,0.366
781,-1.019,0.199,-0.760,0.854,0.366
782,-0.975,0.128,-0.760,0.854,0.367
783,-0.890,0.111,-0.760,0.854,0.367
784,-0.796,0.175,-0.760,0.854,0.368
785,-0.762,0.262,-0.760,0.855,0.368
786,-0.763,0.269,-0.760,0.855,0.368
787,-0.773,0.165,-0.759,0.855,0.369
788,-0.680,0.212,-0.759,0.856,0.369
789,-0.670,0.273,-0.759,0.856,0.370
790,-0.727,0.306,-0.759,0.857,0.370
791,-0.807,0.262,-0.758,0.857,0.370
792,-0.854,0.202,-0.758,0.857,0.370
793,-0.846,0.218,-0.758,0.857,0.371
794,-0.806,0.212,-0.758,0.857,0.371
795,-0.930,0.124,-0.758,0.857,0.372
796,-0.876,0.188,-0.758,0.857,0.372
797,-0.805,0.248,-0.758,0.858,0.372
798,-0.792,0.222,-0.758,0.858,0.373
799,-0.826,0.205,-0.758,0.858,0.373
800,-0.903,0.242,-0.758,0.859,0.374
801,-0.914,0.255,-0.758,0.859,0.374
802,-0.935,0.165,-0.758,0.859,0.374
803,-0.934,0.192,-0.758,0.859,0.375
804,-0.904,0.269,-0.758,0.860,0.375
805,-0.821,0.293,-0.758,0.860,0.376
806,-0.737,0.296,-0.758,0.861,0.376
807,-0.734,0.266,-0.758,0.861,0.377
808,-0.731,0.195,-0.757,0.861,0.377
809,-0.788,0.179,-0.757,0.861,0.378
810,-0.771,0.182,-0.757,0.862,0.378
811,-0.773,0.165,-0.757,0.862,0.378
812,-0.736,0.178,-0.757,0.862,0.379
813,-0.753,0.225,-0.757,0.862,0.379
814,-0.800,0.265,-0.757,0.862,0.380
815,-0.803,0.289,-0.757,0.862,0.380
816,-0.750,0.262,-0.757,0.863,0.380
817,-0.697,0.276,-0.756,0.863,0.381
818,-0.707,0.222,-0.756,0.863,0.381
819,-0.714,0.175,-0.756,0.863,0.382
820,-0.733,0.195,-0.756,0.863,0.382
821,-0.716,0.296,-0.756,0.864,0.382
822,-0.662,0.326,-0.756,0.864,0.383
823,-0.689,0.286,-0.755,0.864,0.383
824,-0.793,0.259,-0.755,0.865,0.384
825,-0.752,0.205,-0.755,0.865,0.384
826,-0.715,0.228,-0.755,0.865,0.384
827,-0.709,0.289,-0.755,0.866,0.385
828,-0.735,0.335,-0.754,0.866,0.385
829,-0.748,0.275,-0.754,0.866,0.386
830,-0.749,0.188,-0.754,0.866,0.386
831,-0.762,0.289,-0.754,0.867,0.387
832,-0.768,0.265,-0.753,0.867,0.387
833,-0.795,0.238,-0.753,0.867,0.388
834,-0.791,0.278,-0.753,0.867,0.388
835,-0.783,0.338,-0.753,0.868,0.389
836,-0.777,0.312,-0.753,0.868,0.390
837,-0.771,0.238,-0.753,0.868,0.390
838,-0.811,0.245,-0.753,0.868,0.391
839,-0.860,0.275,-0.753,0.868,0.391
840,-0.854,0.258,-0.753,0.868,0.392
841,-0.791,0.238,-0.753,0.869,0.392
842,-0.731,0.211,-0.753,0.869,0.393
843,-0.732,0.195,-0.753,0.869,0.393
844,-0.774,0.212,-0.753,0.869,0.393
845,-0.798,0.256,-0.753,0.869,0.394
846,-0.727,0.225,-0.753,0.870,0.394
847,-0.710,0.219,-0.752,0.870,0.395
848,-0.787,0.205,-0.752,0.870,0.395
849,-0.834,0.175,-0.752,0.870,0.396
850,-0.861,0.161,-0.752,0.871,0.396
851,-0.814,0.141,-0.752,0.871,0.397
852,-0.773,0.212,-0.752,0.871,0.397
853,-0.789,0.235,-0.752,0.871,0.398
854,-0.749,0.292,-0.752,0.871,0.398
855,-0.797,0.363,-0.752,0.872,0.398
856,-0.846,0.383,-0.752,0.872,0.399
857,-0.876,0.342,-0.752,0.873,0.399
858,-0.960,0.326,-0.752,0.873,0.400
859,-1.104,0.309,-0.752,0.873,0.400
860,-1.152,0.292,-0.753,0.874,0.400
861,-0.944,0.312,-0.753,0.874,0.401
862,-0.997,0.309,-0.753,0.874,0.401
863,-1.000,0.279,-0.754,0.875,0.402
864,-0.979,0.272,-0.754,0.875,0.402
865,-0.946,0.242,-0.754,0.875,0.402
866,-0.886,0.168,-0.754,0.875,0.403
867,-0.846,0.144,-0.754,0.875,0.403
868,-0.750,0.151,-0.754,0.875,0.404
869,-0.784,0.148,-0.754,0.875,0.404
870,-0.760,0.172,-0.754,0.875,0.405
871,-0.717,0.172,-0.753,0.875,0.405
872,-0.653,0.236,-0.753,0.876,0.405
873,-0.626,0.293,-0.753,0.876,0.406
874,-0.622,0.293,-0.752,0.876,0.406
875,-0.662,0.296,-0.752,0.877,0.407
876,-0.689,0.265,-0.752,0.877,0.407
877,-0.703,0.266,-0.751,0.877,0.407
878,-0.784,0.279,-0.751,0.877,0.408
879,-0.848,0.239,-0.752,0.878,0.408
880,-0.852,0.229,-0.752,0.878,0.408
881,-0.839,0.199,-0.752,0.878,0.409
882,-0.846,0.118,-0.752,0.878,0.409
883,-0.781,0.138,-0.752,0.878,0.410
884,-0.784,0.199,-0.752,0.878,0.410
885,-0.848,0.195,-0.752,0.879,0.411
886,-0.820,0.198,-0.751,0.879,0.411
887,-0.830,0.269,-0.751,0.879,0.411
888,-0.859,0.292,-0.751,0.880,0.412
889,-0.842,0.245,-0.751,0.880,0.412
890,-0.853,0.222,-0.751,0.881,0.413
891,-0.916,0.242,-0.752,0.881,0.413
892,-0.889,0.252,-0.752,0.881,0.414
893,-0.845,0.248,-0.751,0.882,0.414
894,-0.834,0.275,-0.751,0.882,0.415
895,-0.792,0.237,-0.751,0.883,0.415
896,-0.766,0.167,-0.751,0.883,0.415
897,-0.788,0.272,-0.751,0.883,0.416
898,-0.789,0.312,-0.751,0.884,0.416
899,-0.755,0.272,-0.751,0.884,0.417
900,-0.725,0.279,-0.751,0.884,0.417
901,-0.783,0.299,-0.751,0.885,0.418
902,-0.870,0.232,-0.751,0.885,0.418
903,-0.859,0.205,-0.751,0.885,0.419
904,-0.843,0.232,-0.751,0.885,0.419
905,-0.709,0.222,-0.751,0.886,0.420
906,-0.673,0.249,-0.751,0.886,0.420
907,-0.713,0.229,-0.750,0.886,0.421
908,-0.733,0.104,-0.750,0.886,0.421
909,-0.710,0.047,-0.750,0.886,0.421
910,-0.709,0.098,-0.750,0.887,0.422
911,-0.739,0.121,-0.750,0.887,0.422
912,-0.805,0.148,-0.750,0.887,0.423
913,-0.832,0.158,-0.750,0.887,0.423
914,-0.835,0.178,-0.750,0.887,0.423
915,-0.839,0.185,-0.750,0.887,0.424
916,-0.857,0.239,-0.750,0.887,0.424
917,-0.898,0.272,-0.750,0.888,0.425
918,-0.976,0.249,-0.751,0.888,0.425
919,-0.922,0.121,-0.751,0.888,0.425
920,-0.915,0.071,-0.751,0.888,0.426
921,-0.855,0.020,-0.751,0.888,0.426
922,-0.797,0.003,-0.751,0.888,0.427
923,-0.785,0.023,-0.751,0.887,0.427
924,-0.781,0.057,-0.751,0.887,0.428
925,-0.806,0.111,-0.751,0.887,0.429
926,-0.794,0.195,-0.751,0.887,0.429
927,-0.796,0.239,-0.751,0.888,0.430
928,-0.766,0.185,-0.751,0.888,0.430
929,-0.777,0.182,-0.751,0.888,0.431
930,-0.810,0.266,-0.751,0.888,0.431
931,-0.823,0.329,-0.751,0.888,0.432
932,-0.876,0.346,-0.751,0.889,0.432
933,-0.812,0.342,-0.751,0.889,0.433
934,-0.862,0.245,-0.751,0.889,0.433
935,-0.848,0.231,-0.751,0.889,0.433
936,-0.835,0.215,-0.751,0.890,0.434
937,-0.870,0.191,-0.751,0.890,0.434
938,-0.850,0.185,-0.751,0.890,0.434
939,-0.820,0.192,-0.751,0.890,0.435
940,-0.871,0.212,-0.752,0.890,0.435
941,-0.761,0.216,-0.751,0.890,0.436
942,-0.721,0.226,-0.751,0.891,0.436
943,-0.718,0.158,-0.751,0.891,0.437
944,-0.707,0.118,-0.751,0.891,0.438
945,-0.734,0.114,-0.750,0.891,0.438
946,-0.761,0.094,-0.750,0.891,0.439
947,-0.767,0.091,-0.750,0.891,0.439
948,-0.709,0.155,-0.750,0.891,0.440
949,-0.688,0.151,-0.750,0.891,0.440
950,-0.725,0.178,-0.749,0.892,0.441
951,-0.719,0.255,-0.749,0.892,0.442
952,-0.732,0.316,-0.749,0.892,0.442
953,-0.792,0.272,-0.749,0.892,0.443
954,-0.866,0.188,-0.749,0.893,0.443
955,-0.910,0.215,-0.749,0.893,0.444
956,-0.833,0.296,-0.749,0.893,0.444
957,-0.851,0.306,-0.749,0.893,0.445
958,-0.926,0.320,-0.750,0.893,0.445
959,-1.010,0.337,-0.750,0.894,0.446
960,-1.041,0.300,-0.750,0.894,0.446
961,-1.020,0.273,-0.751,0.894,0.447
962,-0.952,0.279,-0.751,0.895,0.447
963,-0.807,0.232,-0.751,0.895,0.448
964,-0.834,0.219,-0.751,0.895,0.448
965,-0.840,0.171,-0.751,0.895,0.449
966,-0.785,0.211,-0.751,0.895,0.449
967,-0.721,0.252,-0.751,0.895,0.450
968,-0.708,0.225,-0.751,0.895,0.450
969,-0.734,0.168,-0.751,0.895,0.451
970,-0.758,0.107,-0.751,0.895,0.452
971,-0.707,0.121,-0.750,0.895,0.452
972,-0.694,0.141,-0.750,0.895,0.452
973,-0.660,0.181,-0.749,0.895,0.453
974,-0.663,0.251,-0.749,0.896,0.453
975,-0.626,0.278,-0.749,0.896,0.454
976,-0.570,0.235,-0.748,0.896,0.454
977,-0.631,0.258,-0.748,0.897,0.455
978,-0.735,0.252,-0.747,0.897,0.455
979,-0.709,0.319,-0.747,0.897,0.456
980,-0.720,0.377,-0.747,0.898,0.456
981,-0.679,0.410,-0.747,0.898,0.457
982,-0.692,0.424,-0.747,0.899,0.457
983,-0.784,0.404,-0.747,0.899,0.458
984,-0.828,0.337,-0.747,0.900,0.458
985,-0.842,0.195,-0.747,0.900,0.459
986,-0.885,0.232,-0.747,0.900,0.459
987,-0.908,0.272,-0.747,0.900,0.460
988,-0.945,0.256,-0.748,0.900,0.460
989,-0.938,0.232,-0.748,0.900,0.460
990,-0.881,0.249,-0.748,0.901,0.461
991,-0.851,0.289,-0.748,0.901,0.461
992,-0.891,0.293,-0.748,0.901,0.462
993,-0.920,0.215,-0.748,0.902,0.462
994,-0.959,0.188,-0.748,0.902,0.463
995,-0.946,0.124,-0.748,0.902,0.463
996,-0.967,0.084,-0.748,0.902,0.464
997,-0.931,0.084,-0.749,0.902,0.464
998,-0.833,0.091,-0.749,0.902,0.465
999,-0.793,0.111,-0.748,0.902,0.465
1000,-0.822,0.091,-0.748,0.902,0.466
1001,-0.859,0.111,-0.749,0.902,0.466
1002,-0.843,0.162,-0.749,0.901,0.467
1003,-0.793,0.189,-0.749,0.901,0.468
1004,-0.708,0.179,-0.748,0.901,0.468
1005,-0.685,0.115,-0.748,0.901,0.469
1006,-0.702,0.155,-0.748,0.901,0.469
1007,-0.647,0.249,-0.748,0.901,0.469
1008,-0.630,0.189,-0.747,0.901,0.470
1009,-0.650,0.162,-0.747,0.901,0.470
1010,-0.721,0.094,-0.747,0.901,0.471
1011,-0.778,0.077,-0.746,0.901,0.471
1012,-0.794,0.037,-0.746,0.901,0.472
1013,-0.838,0.010,-0.746,0.901,0.472
1014,-0.829,0.101,-0.746,0.900,0.473
1015,-0.809,0.138,-0.746,0.900,0.473
1016,-0.778,0.205,-0.746,0.900,0.474
1017,-0.690,0.262,-0.745,0.901,0.474
1018,-0.649,0.235,-0.745,0.901,0.475
1019,-0.643,0.242,-0.745,0.901,0.475
1020,-0.660,0.252,-0.744,0.901,0.476
1021,-0.673,0.226,-0.743,0.901,0.476
1022,-0.696,0.296,-0.743,0.902,0.477
1023,-0.700,0.273,-0.743,0.902,0.477
#end orientation
#begin downsampled
i,ax_g,ay_g,az_g,gx_dps,gy_dps,gz_dps
0,0.014740,0.005875,1.042679,-0.6479,0.3201,-0.0229
1,0.014450,0.005051,1.041840,-0.6936,0.3735,-0.0686
2,0.015106,0.003967,1.039536,-0.6479,0.4726,-0.1448
3,0.015457,0.001846,1.038040,-0.5640,0.3887,-0.0686
4,0.015182,0.003494,1.039368,-0.5716,0.4345,0.0305
5,0.014313,0.005844,1.040359,-0.6631,0.3506,0.0686
6,0.013550,0.007370,1.041306,-0.6402,0.3582,0.0686
7,0.014954,0.004089,1.042694,-0.7546,0.4497,-0.0305
8,0.016342,0.002914,1.041031,-0.8613,0.2973,-0.0838
9,0.015213,0.001221,1.040817,-0.8537,0.3201,-0.0991
10,0.015320,0.003769,1.042969,-0.6402,0.2744,-0.0076
11,0.015335,0.003601,1.045181,-0.5259,0.3430,-0.0534
12,0.013931,0.002197,1.042099,-0.4649,0.3125,-0.0610
13,0.014618,0.000366,1.038925,-0.5335,0.3277,0.0076
14,0.012756,0.002106,1.040833,-0.7088,0.3582,-0.0381
15,0.014053,0.003281,1.041672,-0.6555,0.3201,-0.0686
16,0.016724,0.003357,1.040100,-0.7088,0.2820,-0.0076
17,0.016220,0.004349,1.039261,-0.6250,0.3887,0.0686
18,0.014236,0.003983,1.038116,-0.6784,0.4116,-0.1143
19,0.012451,0.004150,1.042175,-0.8079,0.3963,-0.1220
20,0.014023,0.003952,1.042389,-0.6860,0.3430,-0.0457
21,0.014984,0.003220,1.040497,-0.5640,0.4040,-0.1067
22,0.015305,0.002319,1.041702,-0.5564,0.4345,-0.0686
23,0.015335,0.004730,1.042023,-0.6174,0.4421,0.0534
24,0.014771,0.002335,1.041138,-0.5564,0.3735,0.0000
25,0.014954,0.001877,1.040604,-0.7088,0.3430,0.0152
26,0.013809,0.001816,1.040131,-0.6402,0.2668,0.0152
27,0.013931,0.003464,1.041336,-0.6098,0.3506,-0.0381
28,0.014587,0.004349,1.042084,-0.5412,0.3811,-0.0991
29,0.015442,0.003708,1.041336,-0.5869,0.4421,-0.0838
30,0.014786,0.004349,1.041306,-0.6631,0.4040,-0.0762
31,0.015396,0.005615,1.043304,-0.6707,0.4649,0.0305
32,0.016083,0.003891,1.043472,-0.7393,0.3506,0.0229
33,0.016464,0.003922,1.043091,-0.7698,0.2668,0.0229
34,0.016296,0.004074,1.042236,-0.6402,0.2058,-0.1372
35,0.017090,0.004105,1.041428,-0.6326,0.2515,-0.0838
36,0.016159,0.003860,1.039551,-0.7012,0.2591,-0.0305
37,0.013596,0.002930,1.038605,-0.6479,0.3125,-0.0686
38,0.015060,0.002808,1.039200,-0.5869,0.3582,-0.0610
39,0.016754,0.004517,1.040375,-0.5793,0.4116,-0.1601
40,0.015686,0.003342,1.039291,-0.6250,0.3582,-0.1067
41,0.013702,0.004318,1.037872,-0.6326,0.3354,-0.1524
42,0.013245,0.004852,1.038116,-0.6784,0.3125,-0.1677
43,0.014465,0.002365,1.039185,-0.6707,0.3506,-0.1143
44,0.013809,0.004501,1.038162,-0.6402,0.3049,-0.0076
45,0.015427,0.006134,1.039841,-0.7546,0.1982,-0.0152
46,0.016068,0.005295,1.040222,-0.7622,0.3277,-0.0457
47,0.015289,0.002213,1.039612,-0.7698,0.3354,-0.0381
48,0.015442,0.003006,1.039764,-0.6326,0.3887,-0.0610
49,0.014420,0.003738,1.041840,-0.5716,0.4649,0.0305
50,0.015625,0.004913,1.043396,-0.6098,0.4345,0.1143
51,0.015427,0.004547,1.041519,-0.6479,0.2896,0.0838
52,0.014282,0.006836,1.040680,-0.7012,0.2744,0.0152
53,0.016113,0.004730,1.039963,-0.5259,0.2210,-0.1448
54,0.015839,0.005005,1.043793,-0.4954,0.1601,-0.1067
55,0.013626,0.006134,1.043381,-0.6021,0.2820,-0.0381
56,0.014038,0.004150,1.041428,-0.6098,0.3506,0.0076
57,0.013763,0.002686,1.041855,-0.6555,0.3659,-0.0838
58,0.015854,0.005127,1.042328,-0.7088,0.4345,0.0381
59,0.012741,0.005173,1.041351,-0.4649,0.4345,0.0686
60,0.013840,0.005707,1.038864,-0.5564,0.4345,0.0000
61,0.015884,0.004913,1.039978,-0.5412,0.4040,0.0381
62,0.015457,0.005692,1.039093,-0.5030,0.3125,0.0305
63,0.012650,0.007645,1.039185,-0.5488,0.3735,-0.1143
64,0.012573,0.006790,1.038483,-0.5793,0.4040,-0.0762
65,0.013290,0.005630,1.038849,-0.5488,0.3887,0.0915
66,0.012985,0.003708,1.043488,-0.6174,0.2515,0.0152
67,0.014542,0.003418,1.042465,-0.6021,0.3201,0.0457
68,0.016800,0.001587,1.042389,-0.6936,0.4192,-0.0305
69,0.015701,0.003662,1.042679,-0.6631,0.3277,-0.0762
70,0.014984,0.002167,1.040298,-0.5412,0.3049,-0.1524
71,0.014053,0.002777,1.039032,-0.5716,0.3582,-0.1143
72,0.014725,0.003067,1.040680,-0.6098,0.3735,-0.0915
73,0.013626,0.003693,1.042343,-0.5869,0.3963,-0.1372
74,0.015488,0.004150,1.042511,-0.6402,0.4421,-0.1677
75,0.014191,0.003784,1.040131,-0.6174,0.3811,-0.0838
76,0.014984,0.004440,1.040466,-0.5488,0.4116,-0.1067
77,0.017242,0.005600,1.042221,-0.6174,0.3659,-0.0534
78,0.015427,0.003342,1.040436,-0.6021,0.2439,0.0229
79,0.016602,0.005234,1.042694,-0.5412,0.3354,0.0457
80,0.015381,0.005859,1.042465,-0.6479,0.4192,0.0991
81,0.015182,0.004837,1.042389,-0.6631,0.3811,0.1372
82,0.015793,0.003967,1.041656,-0.7012,0.3277,-0.0152
83,0.014389,0.004730,1.040253,-0.6098,0.3201,-0.1372
84,0.013916,0.007401,1.040131,-0.6250,0.3582,-0.1753
85,0.014343,0.006714,1.040726,-0.7393,0.2744,-0.1448
86,0.013565,0.005081,1.040863,-0.7698,0.2820,-0.1601
87,0.015717,0.003510,1.038834,-0.5793,0.3659,-0.1601
88,0.016144,0.004242,1.040237,-0.4726,0.3506,-0.1524
89,0.015564,0.005005,1.041061,-0.5335,0.2287,-0.2058
90,0.015259,0.003647,1.041168,-0.6174,0.2973,-0.1448
91,0.015778,0.003830,1.041885,-0.5716,0.3049,-0.0305
92,0.013046,0.004547,1.040741,-0.6021,0.3582,0.0305
93,0.014786,0.002472,1.039703,-0.6250,0.3582,-0.0381
94,0.016006,0.003265,1.040634,-0.6555,0.3887,-0.0610
95,0.013641,0.002274,1.041504,-0.6555,0.3811,-0.1143
96,0.017029,0.001999,1.039993,-0.5945,0.3659,-0.0076
97,0.016266,0.002533,1.040237,-0.5716,0.3811,-0.1143
98,0.015991,0.004730,1.041443,-0.6402,0.4040,0.0305
99,0.014877,0.004852,1.040329,-0.5945,0.4192,-0.0686
100,0.015671,0.004486,1.040848,-0.5488,0.4573,-0.1601
101,0.014908,0.005173,1.042252,-0.6326,0.4421,-0.0152
102,0.013397,0.004089,1.040497,-0.5869,0.4802,0.0457
103,0.012573,0.004425,1.037994,-0.6174,0.5107,-0.0610
104,0.014236,0.002502,1.039886,-0.6402,0.4268,-0.1829
105,0.014359,0.002640,1.041931,-0.6021,0.3582,-0.1601
106,0.014648,0.005203,1.041611,-0.5716,0.3659,0.0381
107,0.015411,0.002731,1.041214,-0.6707,0.3506,-0.0076
108,0.013947,0.003525,1.041519,-0.6555,0.3811,-0.1143
109,0.015717,0.000702,1.044846,-0.6784,0.3887,-0.1296
110,0.015350,0.002823,1.043610,-0.6479,0.3659,-0.0534
111,0.016174,0.003464,1.041199,-0.6631,0.3430,0.0152
112,0.014130,0.001953,1.038956,-0.6784,0.3277,-0.0762
113,0.016449,0.004349,1.040863,-0.6936,0.4192,-0.1829
114,0.017715,0.005966,1.039734,-0.6707,0.4954,-0.0610
115,0.015808,0.004517,1.039291,-0.7622,0.3506,-0.0915
116,0.015976,0.004654,1.038544,-0.5869,0.3354,-0.0991
117,0.016510,0.005341,1.040085,-0.6250,0.3430,-0.1372
118,0.014694,0.004730,1.040512,-0.6555,0.2896,0.0000
119,0.014511,0.005936,1.040024,-0.6326,0.2439,0.0229
120,0.013611,0.004868,1.042038,-0.5945,0.2363,0.0381
121,0.011475,0.004242,1.042648,-0.6250,0.3201,-0.1524
122,0.011017,0.004166,1.040817,-0.6555,0.3582,-0.0534
123,0.011215,0.003357,1.042023,-0.6555,0.2896,-0.0381
124,0.016174,0.003769,1.041779,-0.6250,0.2744,-0.0152
125,0.015259,0.006088,1.042374,-0.6174,0.3506,-0.0152
126,0.016525,0.006577,1.041565,-0.6631,0.2515,-0.0838
127,0.015167,0.006027,1.041367,-0.6860,0.3354,-0.0229
128,0.015640,0.005905,1.041367,-0.6707,0.3277,0.0762
129,0.016800,0.005463,1.042297,-0.6707,0.2439,0.1601
130,0.015228,0.004791,1.040863,-0.8079,0.3506,0.0076
131,0.016815,0.003113,1.040924,-0.6631,0.3430,0.0381
132,0.015244,0.003296,1.040131,-0.6555,0.3735,0.0076
133,0.015808,0.003555,1.041672,-0.7088,0.3963,-0.0229
134,0.015228,0.004074,1.043228,-0.7317,0.4497,-0.0457
135,0.013779,0.003632,1.042068,-0.6479,0.3887,-0.1067
136,0.014633,0.004929,1.040268,-0.5793,0.3430,-0.0152
137,0.015182,0.006744,1.040390,-0.6784,0.3735,-0.0076
138,0.014023,0.004791,1.041855,-0.6098,0.4726,-0.0381
139,0.014023,0.007919,1.040421,-0.6098,0.3811,-0.0076
140,0.016159,0.005646,1.040344,-0.6555,0.3963,-0.0991
141,0.017883,0.004913,1.038696,-0.6402,0.2363,-0.1753
142,0.016632,0.003723,1.039642,-0.6707,0.2820,-0.1677
143,0.015213,0.002838,1.040359,-0.6784,0.3125,0.0000
144,0.014816,0.003372,1.040909,-0.7774,0.3430,0.0457
145,0.014297,0.002625,1.040146,-0.6631,0.4268,0.0457
146,0.015015,0.001892,1.039780,-0.5412,0.3659,0.0152
147,0.015305,0.003326,1.040115,-0.6402,0.3430,-0.1220
148,0.016113,0.005142,1.042664,-0.6707,0.3735,-0.1601
149,0.015518,0.004303,1.041321,-0.6174,0.2896,-0.0991
150,0.015121,0.003769,1.041763,-0.5259,0.2515,-0.0152
151,0.014801,0.003159,1.042389,-0.6021,0.2058,0.0457
152,0.016617,0.002350,1.042252,-0.7317,0.3430,-0.0915
153,0.015259,0.002899,1.040619,-0.6784,0.4497,-0.0076
154,0.016632,0.005615,1.040741,-0.5945,0.3735,-0.0457
155,0.016098,0.004486,1.041840,-0.5869,0.4268,-0.0152
156,0.013779,0.002655,1.042007,-0.5564,0.3277,0.0534
157,0.014038,0.006744,1.040649,-0.4573,0.2591,-0.0686
158,0.014450,0.006332,1.038971,-0.4954,0.3049,-0.0457
159,0.014053,0.006775,1.039978,-0.6326,0.2210,0.0305
160,0.014481,0.005417,1.040710,-0.7470,0.2591,-0.0457
161,0.013596,0.005630,1.041718,-0.7393,0.2896,-0.0152
162,0.014771,0.003906,1.041214,-0.6936,0.2744,0.0686
163,0.013412,0.005356,1.039886,-0.6326,0.2515,0.0381
164,0.013245,0.006104,1.038620,-0.6555,0.2287,-0.0305
165,0.012817,0.005676,1.039871,-0.6555,0.3201,-0.1601
166,0.014465,0.004730,1.038040,-0.6860,0.3582,-0.0381
167,0.015213,0.004807,1.039948,-0.6479,0.3277,0.0076
168,0.017990,0.004059,1.040710,-0.6555,0.3582,0.0076
169,0.017075,0.003967,1.041901,-0.6021,0.3430,0.0838
170,0.016373,0.003098,1.040543,-0.5640,0.2363,0.0686
171,0.015076,0.002335,1.039932,-0.5793,0.3125,0.0838
172,0.014954,0.003876,1.041214,-0.5945,0.3277,-0.0305
173,0.016510,0.004578,1.040771,-0.5183,0.4040,0.0076
174,0.014694,0.004898,1.039856,-0.6174,0.3963,-0.1448
175,0.012817,0.004303,1.040390,-0.6479,0.3354,-0.0915
176,0.012726,0.004196,1.040894,-0.5183,0.2973,-0.0305
177,0.013260,0.003906,1.039688,-0.5183,0.3963,0.0152
178,0.013367,0.005676,1.040039,-0.5793,0.3430,0.0991
179,0.014618,0.005646,1.042175,-0.5945,0.3201,0.0457
180,0.014847,0.006760,1.040436,-0.6784,0.3659,-0.0152
181,0.013458,0.005447,1.038696,-0.5869,0.2820,-0.0610
182,0.015549,0.003876,1.042023,-0.7012,0.3735,-0.0915
183,0.014969,0.004013,1.040482,-0.5335,0.2896,-0.0152
184,0.015335,0.003845,1.041855,-0.5564,0.3125,-0.0305
185,0.012527,0.004822,1.041595,-0.5107,0.3811,-0.0838
186,0.010361,0.004578,1.039948,-0.5183,0.4116,0.0000
187,0.012344,0.003235,1.040817,-0.5793,0.4040,-0.0229
188,0.014801,0.002747,1.040970,-0.6707,0.3354,0.0305
189,0.014130,0.003525,1.040298,-0.8613,0.3582,0.0534
190,0.015152,0.006516,1.041260,-0.8232,0.3811,0.0457
191,0.018433,0.005341,1.039932,-0.6860,0.3430,-0.0915
192,0.017059,0.005356,1.038986,-0.6860,0.3659,-0.0915
193,0.016541,0.007599,1.038940,-0.7088,0.4421,-0.0229
194,0.016373,0.006012,1.039276,-0.6707,0.3735,-0.0457
195,0.017715,0.003021,1.039856,-0.7317,0.4040,0.0076
196,0.014053,0.003952,1.040878,-0.6021,0.4497,-0.1220
197,0.013077,0.004776,1.039047,-0.5488,0.3659,-0.1677
198,0.015610,0.003433,1.041000,-0.7165,0.4954,-0.1524
199,0.014999,0.003922,1.041702,-0.6326,0.4345,-0.1143
200,0.016739,0.003876,1.040512,-0.6555,0.3963,-0.0534
201,0.014496,0.005096,1.039581,-0.5335,0.3887,-0.0534
202,0.013885,0.003265,1.038589,-0.6402,0.3506,-0.0915
203,0.014038,0.004349,1.040512,-0.7241,0.2744,-0.1143
204,0.013000,0.004242,1.039291,-0.7546,0.2820,-0.1067
205,0.012711,0.005005,1.040527,-0.6326,0.2591,-0.1220
206,0.013489,0.004456,1.041000,-0.6098,0.3125,-0.0915
207,0.013611,0.004944,1.042374,-0.7317,0.4497,-0.0305
208,0.014282,0.005096,1.043442,-0.7241,0.3506,0.0534
209,0.014664,0.004868,1.043976,-0.8079,0.3963,-0.0152
210,0.014145,0.004105,1.042831,-0.7393,0.3049,-0.0076
211,0.013641,0.004135,1.039322,-0.5640,0.2591,-0.0610
212,0.014954,0.003098,1.039993,-0.6098,0.3277,-0.0610
213,0.014114,0.005005,1.040680,-0.7088,0.4192,-0.0686
214,0.017212,0.006180,1.041626,-0.6631,0.3354,-0.0915
215,0.018600,0.005417,1.041595,-0.7165,0.3887,-0.1220
216,0.016632,0.003754,1.041977,-0.6479,0.4573,-0.1296
217,0.013657,0.002914,1.039612,-0.6936,0.3506,-0.0381
218,0.011627,0.005066,1.039383,-0.6250,0.3354,-0.1067
219,0.013718,0.004761,1.039795,-0.6707,0.2820,-0.1448
220,0.015030,0.003098,1.038315,-0.6098,0.3125,-0.0838
221,0.014893,0.003906,1.039856,-0.5793,0.4040,-0.0838
222,0.015778,0.004547,1.042084,-0.4649,0.3811,-0.0534
223,0.015305,0.004608,1.043915,-0.4878,0.4268,-0.1067
224,0.014099,0.004654,1.043121,-0.6098,0.3049,-0.0838
225,0.014709,0.004608,1.041092,-0.6021,0.3354,0.0229
226,0.013336,0.004227,1.040207,-0.5335,0.2591,-0.0305
227,0.013123,0.001678,1.040222,-0.4954,0.2973,-0.1372
228,0.015060,0.003036,1.042480,-0.5945,0.2668,-0.0534
229,0.016571,0.003998,1.039764,-0.5869,0.3277,-0.1143
230,0.015213,0.000534,1.040054,-0.6402,0.3049,-0.0305
231,0.014435,0.002731,1.041092,-0.6326,0.3354,0.0838
232,0.014420,0.004364,1.040466,-0.6631,0.2973,-0.0686
233,0.015457,0.005295,1.042313,-0.7165,0.2973,-0.0762
234,0.015335,0.003555,1.041290,-0.6098,0.2896,-0.0991
235,0.013916,0.003677,1.038086,-0.5412,0.3506,0.0000
236,0.013458,0.001892,1.038834,-0.5030,0.3735,0.0305
237,0.012909,0.003357,1.041290,-0.5793,0.2973,0.1220
238,0.014999,0.004501,1.041473,-0.6707,0.3354,0.0534
239,0.016418,0.005707,1.039200,-0.7165,0.3201,-0.0534
240,0.017319,0.004913,1.039047,-0.7317,0.2973,-0.0152
241,0.014450,0.003876,1.041260,-0.7470,0.3201,0.0457
242,0.013229,0.002823,1.042923,-0.6479,0.3582,0.0229
243,0.012039,0.003876,1.043854,-0.5259,0.3887,-0.0152
244,0.012024,0.004837,1.042130,-0.5793,0.3963,-0.0152
245,0.013046,0.007324,1.040024,-0.6479,0.2363,-0.0534
246,0.015701,0.004700,1.039078,-0.7622,0.2668,-0.0762
247,0.016403,0.004654,1.039581,-0.5488,0.4192,-0.0838
248,0.016891,0.003723,1.041504,-0.5335,0.3963,0.0305
249,0.016006,0.001678,1.040695,-0.6021,0.4116,-0.0152
250,0.015015,0.002502,1.037216,-0.7165,0.3125,0.0305
251,0.012405,0.003159,1.036774,-0.7393,0.3354,-0.0686
252,0.012589,0.002365,1.038208,-0.6555,0.3811,-0.0229
253,0.014816,0.001297,1.038574,-0.7012,0.4573,0.0076
254,0.012512,0.004288,1.039215,-0.6631,0.3887,-0.0534
255,0.012375,0.004745,1.038818,-0.5793,0.5564,-0.0229
#end downsampled
#begin fft_input
i,ax,ay,az
0,0.000253,0.001051,0.002621
1,0.000376,0.001845,0.001705
2,-0.000906,0.001845,0.001095
3,-0.000052,0.001967,0.002194
4,0.000253,0.001723,0.002438
5,0.000070,0.000807,0.002011
6,-0.000174,0.000380,0.000180
7,-0.001639,0.000502,-0.000370
8,-0.001944,0.000441,-0.000553
9,-0.000601,-0.000047,-0.000797
10,0.001169,-0.000169,-0.001285
11,0.002512,-0.001146,-0.002323
12,0.001840,-0.002794,-0.002506
13,0.000986,-0.002672,-0.002506
14,0.000009,-0.002000,-0.003116
15,-0.000296,-0.001939,-0.002811
16,0.000986,-0.001024,-0.002140
17,0.001169,-0.001085,-0.001713
18,0.000070,-0.001024,-0.001163
19,-0.000784,0.000319,-0.000614
20,-0.001089,0.001173,-0.000370
21,-0.001028,0.001540,-0.000431
22,-0.000357,0.001784,-0.000614
23,0.000437,0.002089,-0.000248
24,0.000009,0.003065,-0.000370
25,-0.001944,0.003737,0.000363
26,-0.001700,0.003493,0.000973
27,-0.001455,0.002394,0.001156
28,-0.001089,0.001418,0.000790
29,-0.000174,0.000624,0.001766
30,0.000620,-0.001146,0.002743
31,0.001169,-0.001329,0.002377
32,0.002024,-0.001085,0.001766
33,0.000803,-0.000597,-0.000126
34,0.001047,-0.001207,-0.000309
35,0.002207,-0.002245,-0.000309
36,0.001840,-0.003343,-0.000858
37,0.000864,-0.003832,-0.000309
38,0.000070,-0.002977,0.000485
39,-0.001211,-0.001756,0.000851
40,-0.000113,-0.000719,0.001156
41,0.000864,-0.000719,0.001522
42,0.000559,-0.000108,0.002316
43,0.000681,-0.000169,0.003781
44,0.000864,-0.000536,0.003964
45,0.000498,-0.000780,0.004696
46,0.000620,-0.000780,0.005245
47,0.000070,-0.000291,0.003720
48,-0.000601,-0.000963,0.002377
49,-0.001089,-0.001939,0.001522
50,-0.001517,-0.002245,0.000729
51,-0.000357,-0.002855,0.000668
52,0.000009,-0.004076,-0.000736
53,-0.000113,-0.004747,-0.002079
54,0.000192,-0.004076,-0.002323
55,-0.000906,-0.002428,-0.002262
56,-0.002066,-0.002733,-0.001590
57,-0.001578,-0.002916,0.000546
58,-0.001700,-0.001878,0.000790
59,-0.002920,-0.000841,0.000485
60,-0.002920,-0.000108,0.001644
61,-0.001333,-0.000291,0.002133
62,0.000620,-0.001451,0.000546
63,0.000559,-0.001817,-0.000736
64,0.001108,-0.000963,-0.001285
65,0.001840,-0.000291,-0.000797
66,0.002573,-0.000902,-0.000126
67,0.002085,-0.001207,-0.000492
68,0.001169,-0.000963,-0.001285
69,0.002268,0.000319,-0.000797
70,0.001596,0.000807,-0.001407
71,0.000559,0.000441,-0.002567
72,-0.000418,0.000258,-0.003299
73,-0.000357,-0.000047,-0.003727
74,-0.000601,-0.000658,-0.002933
75,-0.000967,-0.000414,-0.000675
76,-0.002127,-0.000597,0.000973
77,-0.002676,-0.000047,0.000668
78,-0.002676,0.000380,0.001827
79,-0.002005,0.000075,0.002133
80,-0.000479,-0.000169,0.001400
81,0.000131,0.000502,0.001034
82,-0.001150,0.000014,0.001889
83,-0.001700,-0.001329,0.002133
84,0.000253,-0.001512,0.000790
85,0.000376,-0.000719,-0.000553
86,0.000498,-0.000475,-0.001163
87,-0.000479,-0.001207,-0.000187
88,-0.000967,-0.002061,0.000363
89,-0.000052,-0.002489,0.000607
90,0.001047,-0.002245,0.001400
91,0.001901,-0.000719,0.001339
92,0.001474,0.000014,0.001095
93,0.000925,0.000929,0.000912
94,0.000376,0.001112,0.001400
95,-0.000723,0.000075,0.001583
96,-0.001089,-0.001451,0.001644
97,-0.000662,-0.002061,0.001095
98,0.000315,-0.002000,-0.000614
99,0.001230,-0.001939,-0.000675
100,0.000376,-0.002123,0.000057
101,0.000009,-0.001939,0.000485
102,0.000192,-0.001878,-0.000248
103,-0.000052,-0.003343,-0.000980
104,-0.000296,-0.003343,-0.001163
105,-0.000357,-0.002550,-0.000919
106,-0.001333,-0.002428,-0.000126
107,-0.002066,-0.001207,-0.000370
108,-0.001761,-0.000169,-0.000004
109,-0.001272,-0.000780,0.000973
110,-0.000662,-0.001451,0.000668
111,0.000131,-0.000536,0.000607
112,0.000315,0.000624,0.001217
113,-0.000296,0.000380,0.001827
114,-0.000662,0.000014,0.001400
115,-0.000296,-0.000414,0.000790
116,0.000376,0.000014,0.000973
117,0.000620,-0.000414,0.000973
118,0.000803,-0.000597,0.000302
119,0.000681,-0.000963,-0.000004
120,-0.000967,-0.000353,0.000851
121,-0.000479,-0.000353,-0.000187
122,0.000559,0.000319,-0.000004
123,0.000742,0.000990,0.001461
124,0.000742,0.000990,0.002560
125,0.000864,0.001479,0.002926
126,0.000498,0.001784,0.002560
127,0.000192,0.001418,0.002072
128,-0.000052,-0.000475,0.003231
129,0.000803,-0.000719,0.002682
130,0.001840,-0.000169,0.002133
131,0.002451,0.000136,0.002743
132,0.001718,-0.000230,0.003475
133,0.001413,-0.000658,0.002377
134,0.001352,-0.000291,0.001461
135,0.002085,0.000075,0.001950
136,0.002146,-0.000658,0.001950
137,0.001779,-0.000780,0.001461
138,0.001108,-0.000108,0.001278
139,0.000864,0.001051,0.001156
140,0.002268,0.001295,0.000912
141,0.003366,-0.000108,0.000668
142,0.000925,-0.001512,0.000302
143,0.002512,-0.000047,0.000729
144,0.003977,0.000197,0.000485
145,0.002634,0.000014,-0.000553
146,0.000070,-0.000719,-0.001835
147,-0.001333,-0.000841,-0.002994
148,-0.001272,-0.000108,-0.003483
149,-0.001211,-0.000658,-0.003055
150,-0.000967,-0.002367,-0.000614
151,-0.001455,-0.001939,-0.001529
152,-0.001272,-0.001390,-0.002079
153,0.000192,-0.001512,-0.002079
154,0.000986,-0.001695,-0.001346
155,0.001047,-0.000963,-0.000797
156,0.001413,0.000136,-0.000980
157,0.002939,0.000502,-0.000065
158,0.002512,0.000319,-0.000004
159,0.000864,0.000319,-0.000553
160,-0.000113,-0.000353,-0.001224
161,0.000376,-0.001329,-0.001590
162,0.001352,-0.001085,-0.001346
163,0.001840,-0.000658,-0.001774
164,0.000131,-0.001085,-0.002750
165,-0.001394,-0.000475,-0.002994
166,-0.001883,0.000441,-0.002872
167,-0.001333,0.001601,-0.002994
168,-0.001455,0.001479,-0.003177
169,-0.001761,0.000685,-0.003483
170,-0.001639,0.000563,-0.002567
171,-0.001455,-0.000108,-0.001407
172,-0.000906,-0.001634,-0.001774
173,-0.001211,-0.001878,-0.001346
174,0.000009,-0.002245,-0.001468
175,0.000681,-0.001573,-0.001774
176,-0.000296,0.000197,-0.002140
177,-0.001455,0.000624,-0.003299
178,-0.002066,0.000197,-0.003361
179,-0.000235,0.000197,-0.001652
180,0.001108,0.000319,-0.000919
181,0.000803,0.000990,-0.001346
182,0.000070,0.002699,-0.000980
183,0.000437,0.003737,-0.000492
184,0.000803,0.003432,-0.000187
185,0.001230,0.002821,0.000241
186,0.001169,-0.000353,-0.000492
187,0.001779,-0.001512,-0.001774
188,0.002085,-0.001573,-0.002262
189,0.000742,-0.002245,-0.001041
190,-0.000174,-0.002489,-0.000431
191,-0.000784,-0.001634,-0.000919
192,-0.001150,-0.001146,-0.001346
193,-0.000662,-0.000597,-0.000980
194,0.001779,-0.001268,-0.001041
195,0.002512,-0.001756,-0.000675
196,0.001718,-0.000963,0.000180
197,-0.000357,-0.001085,0.001217
198,-0.001394,-0.000475,0.000973
199,-0.001578,0.000685,0.001889
200,-0.002066,0.001540,0.002743
201,0.000437,0.000990,0.003964
202,0.002146,0.000563,0.002621
203,0.002695,-0.000230,0.001156
204,0.002268,-0.000658,0.000302
205,0.001291,-0.000353,-0.000065
206,0.000131,0.000319,0.000790
207,-0.001272,0.002089,0.001950
208,-0.001517,0.003371,0.000118
209,-0.000357,0.002272,-0.000675
210,0.000253,0.002272,-0.000248
211,-0.000540,0.002638,0.000424
212,0.000131,0.001540,-0.000187
213,0.001230,0.000380,-0.001102
214,0.001779,0.000258,-0.001285
215,0.002024,-0.000047,-0.000675
216,0.001596,0.000197,0.001827
217,0.000925,0.001173,0.003048
218,0.000803,0.000929,0.003781
219,0.000742,0.000929,0.003414
220,-0.001028,0.001784,0.003048
221,-0.002066,0.002394,0.003170
222,-0.000418,0.002577,0.002987
223,-0.001272,0.000990,0.001217
224,-0.001944,0.000197,0.000546
225,-0.000784,-0.000047,0.000912
226,-0.000235,0.000197,0.000790
227,-0.000174,-0.000536,0.000363
228,-0.000723,-0.000902,0.000302
229,-0.002066,-0.001146,0.000424
230,-0.000967,-0.002611,0.001583
231,-0.000479,-0.001390,0.002011
232,0.000803,0.000380,0.002499
233,0.002024,0.000990,0.001583
234,0.001413,0.001173,0.001034
235,-0.000113,0.001173,0.001095
236,-0.001211,0.000441,0.001095
237,-0.001761,0.000441,0.001034
238,-0.002737,0.001479,0.000424
239,-0.002615,0.001540,-0.000248
240,-0.002005,0.001845,-0.001896
241,-0.001761,0.001784,-0.002384
242,-0.000784,0.001234,-0.001590
243,0.000620,0.001173,-0.001774
244,0.001535,0.001356,-0.002140
245,0.000315,0.000990,-0.000004
246,0.000864,0.000929,-0.000431
247,0.001535,-0.000414,-0.000614
248,0.001474,-0.000353,-0.001041
249,0.001047,0.001234,-0.001835
250,0.000315,0.002211,-0.001957
251,-0.000296,0.002882,-0.001896
252,-0.002493,0.003432,-0.000919
253,-0.002310,0.003371,-0.001468
254,-0.001883,0.003554,-0.001896
255,-0.002005,0.003432,-0.002079
256,-0.002371,0.002516,-0.002018
257,-0.001944,0.001845,-0.002018
258,-0.002066,0.002943,-0.002445
259,-0.002615,0.003065,-0.002689
260,-0.000906,0.002943,-0.002994
261,-0.000784,0.002211,-0.002384
262,-0.001883,0.000990,-0.001835
263,-0.002554,-0.000414,-0.000492
264,-0.002188,-0.000841,0.001644
265,-0.002005,-0.001146,0.002316
266,-0.001761,-0.001451,0.003231
267,-0.001394,0.001479,0.003659
268,-0.000052,0.001967,0.002316
269,-0.000601,-0.000169,0.001950
270,-0.000967,-0.002061,0.001705
271,0.000498,-0.002855,0.000790
272,0.002085,-0.003465,0.000912
273,0.002695,-0.002855,0.001278
274,0.001718,-0.002306,0.002011
275,0.001413,-0.001817,0.002255
276,0.001291,-0.000841,0.002560
277,0.000986,0.000502,0.002560
278,0.000620,-0.000169,0.001827
279,0.000620,-0.001634,0.000668
280,0.001047,-0.001878,-0.000187
281,0.001108,-0.001451,-0.000492
282,-0.000906,-0.002428,-0.000797
283,-0.000601,-0.002367,-0.000431
284,-0.000662,-0.001390,-0.000614
285,-0.000906,-0.001451,-0.001590
286,-0.000967,-0.001695,-0.002872
287,-0.000540,-0.001146,-0.001896
288,0.000376,-0.001146,-0.000187
289,0.000437,-0.001207,-0.000431
290,-0.000296,-0.000536,-0.000065
291,-0.000906,-0.001634,0.000302
292,-0.001578,-0.001268,0.001217
293,-0.001272,0.000014,0.001950
294,-0.000906,-0.000353,0.001889
295,-0.001028,-0.000414,0.001217
296,0.001718,0.000929,0.001889
297,0.000986,0.000502,0.001889
298,-0.000113,-0.000353,0.001583
299,0.000070,-0.001268,0.001583
300,-0.000174,-0.001024,0.001034
301,-0.001089,-0.000597,-0.000858
302,-0.000845,-0.000230,-0.001285
303,-0.000418,0.000197,-0.001468
304,-0.001394,-0.000169,-0.001652
305,-0.000479,0.000197,-0.001224
306,0.000986,0.000258,0.000118
307,0.001535,0.000685,0.001522
308,0.002573,0.001356,0.002682
309,0.003671,0.001601,0.002560
310,0.003061,0.001906,0.000912
311,0.000376,0.000746,-0.000370
312,0.001108,-0.000169,-0.001529
313,0.000681,-0.000963,-0.000553
314,0.000192,-0.001451,0.000241
315,0.000437,-0.000841,0.000485
316,0.002024,0.000624,0.001461
317,0.003000,0.000990,0.002499
318,0.001230,0.001356,0.002316
319,0.000864,0.001173,0.001400
320,0.000315,0.001723,0.001766
321,0.000253,0.002150,0.002194
322,0.000925,0.001479,0.001400
323,0.000742,0.001295,0.001400
324,0.000009,0.001112,0.002072
325,0.000315,0.000563,0.002438
326,0.000376,0.000502,0.001095
327,0.000742,0.000380,0.000851
328,0.001535,0.000868,0.001156
329,0.001962,0.000441,0.000912
330,0.000986,-0.001085,0.000607
331,-0.000601,-0.001146,0.000851
332,-0.000540,-0.000780,0.000973
333,-0.000784,0.000441,-0.000004
334,-0.000113,0.000868,-0.001468
335,-0.000296,0.001601,-0.001590
336,-0.000784,0.001479,-0.000980
337,-0.000845,0.002455,-0.000187
338,-0.001089,0.004164,-0.000187
339,-0.000906,0.004713,-0.001224
340,-0.000174,0.003737,-0.000553
341,0.000620,0.002455,0.000607
342,-0.000296,0.001845,0.000424
343,-0.002066,0.002028,-0.000675
344,-0.002432,0.001234,-0.000187
345,-0.001822,0.000441,0.000973
346,-0.000845,0.000563,0.000180
347,0.000070,0.001295,-0.000614
348,0.000376,0.001479,-0.002872
349,0.000620,-0.001207,-0.002384
350,0.001169,-0.001695,-0.001468
351,0.001413,-0.001329,-0.001041
352,0.001901,-0.001024,-0.000431
353,0.001291,-0.000414,-0.000187
354,0.000986,-0.000169,-0.000187
355,0.001108,0.001784,-0.001346
356,0.000131,0.002089,-0.000614
357,0.000681,0.000746,0.000485
358,0.001596,0.000014,0.000851
359,0.000559,0.000380,0.000424
360,-0.000784,0.000319,0.000546
361,-0.000784,0.000014,0.000363
362,0.001657,-0.000963,0.000180
363,0.001657,-0.001573,0.000485
364,0.002207,-0.000658,0.001522
365,0.001535,-0.000475,0.001950
366,0.000131,-0.000353,0.000790
367,-0.000052,0.000014,0.000180
368,-0.000967,0.000258,-0.000431
369,-0.001394,0.000563,-0.000187
370,-0.002493,0.000685,0.000241
371,-0.002249,-0.000108,0.000241
372,-0.001944,-0.000475,0.000118
373,-0.000357,-0.001207,-0.000431
374,0.001047,-0.002794,-0.001774
375,0.001108,-0.002428,-0.002201
376,0.000803,-0.001573,-0.002018
377,0.000986,-0.001207,-0.000309
378,0.001779,-0.000719,0.001156
379,0.001169,-0.000230,0.000607
380,0.000192,-0.001268,0.000607
381,-0.001028,-0.002245,0.001034
382,-0.002127,-0.002428,0.000912
383,-0.001761,-0.001756,0.000363
384,0.001901,-0.003038,-0.001163
385,0.002207,-0.001939,-0.000614
386,0.002268,-0.001939,-0.000553
387,0.002451,-0.001878,-0.000797
388,0.001657,-0.000902,-0.001407
389,0.001413,-0.001146,-0.000675
390,0.001596,-0.002306,0.000241
391,0.001108,-0.002306,-0.000309
392,0.001840,-0.000169,0.000973
393,0.001657,0.000807,0.001034
394,0.001047,0.001173,0.000485
395,0.000131,0.000319,0.000180
396,-0.000113,0.000685,-0.000187
397,-0.000113,0.001112,-0.000736
398,-0.000357,0.000380,-0.000187
399,0.000803,0.000441,-0.000675
400,0.000986,0.000685,-0.001102
401,0.000681,-0.000230,-0.000370
402,0.000620,-0.000169,0.000363
403,0.001108,0.000868,0.001400
404,0.001352,0.001356,0.002011
405,0.000376,0.002150,0.001095
406,-0.000662,0.000868,0.001583
407,-0.000723,-0.000475,0.001217
408,-0.001089,-0.000414,0.000363
409,-0.000845,-0.000475,-0.000126
410,-0.001211,-0.000414,-0.000248
411,-0.002554,0.000868,-0.001102
412,-0.002310,0.000990,-0.002323
413,-0.002188,-0.000169,-0.003422
414,-0.002371,0.000258,-0.003361
415,-0.002127,-0.000169,-0.002018
416,-0.000357,-0.000658,-0.001590
417,-0.000052,-0.001634,-0.001774
418,-0.001028,-0.002123,-0.000797
419,-0.000906,-0.002367,0.000607
420,-0.000662,-0.002489,0.001217
421,-0.000357,-0.001817,0.001644
422,-0.000540,-0.001390,0.000912
423,-0.000296,-0.000536,0.000851
424,0.000498,0.000380,0.001889
425,-0.000235,0.001112,0.001400
426,-0.001150,0.001418,0.000180
427,0.000192,0.001112,-0.000126
428,0.001901,-0.001207,0.000546
429,0.000681,-0.002123,0.000485
430,-0.000174,-0.001939,0.000363
431,-0.000052,-0.000597,0.000363
432,-0.000235,-0.000169,0.000180
433,-0.000906,-0.000108,0.000790
434,-0.001089,-0.000841,0.000912
435,-0.001272,-0.001573,0.001095
436,0.002207,-0.003343,0.003842
437,0.002390,-0.003038,0.004513
438,0.000192,-0.003221,0.004391
439,-0.001211,-0.004381,0.003536
440,-0.000540,-0.003282,0.003353
441,-0.000174,-0.001390,0.002865
442,0.000681,-0.000475,0.002926
443,0.002146,-0.000353,0.002194
444,0.002756,-0.000780,0.000790
445,0.002512,-0.000353,0.000180
446,0.000437,-0.000719,0.000485
447,-0.000296,-0.001085,0.000241
448,-0.000479,-0.001085,-0.000980
449,-0.001089,-0.002123,-0.001957
450,-0.000723,-0.002611,-0.002567
451,-0.000479,-0.003160,-0.001774
452,0.001108,-0.001634,-0.000553
453,0.002024,-0.000169,0.000424
454,0.001657,0.000807,0.000729
455,0.001718,0.001601,-0.000248
456,0.002756,0.001845,-0.000675
457,0.003122,0.001356,-0.001163
458,0.003122,0.002028,-0.001041
459,0.002573,0.001845,-0.001285
460,0.001718,0.001295,-0.001652
461,0.001291,0.000868,-0.000919
462,0.000681,-0.000169,-0.001163
463,0.000253,-0.000719,-0.002201
464,0.000315,0.000197,-0.002445
465,0.001108,0.000929,-0.002140
466,0.001840,0.000258,-0.002445
467,0.001352,0.000441,-0.001896
468,0.000925,0.001173,-0.001102
469,0.001230,0.001234,-0.000736
470,0.001962,0.000929,-0.000248
471,0.002634,0.001234,-0.000675
472,-0.001028,0.000624,-0.001407
473,0.000253,0.000441,-0.000736
474,0.000315,0.000319,0.000546
475,-0.000052,0.000746,0.000546
476,0.000131,0.001784,-0.000065
477,-0.000174,0.001784,-0.001407
478,-0.000601,0.001723,-0.001346
479,-0.000601,0.001662,-0.000187
480,-0.000296,0.000380,0.000546
481,-0.001150,0.000624,0.001583
482,-0.001455,0.001356,0.001583
483,-0.001944,0.000319,0.001339
484,-0.003348,-0.000719,0.002072
485,-0.003714,-0.000047,0.002499
486,-0.003897,0.000075,0.001889
487,-0.002432,0.000868,0.001034
488,-0.002310,0.000258,0.000424
489,-0.003103,-0.000291,0.000302
490,-0.004568,0.000136,-0.000370
491,-0.005240,-0.000230,-0.000187
492,-0.005423,-0.000169,0.001583
493,-0.004629,-0.000414,0.001278
494,-0.002981,-0.001207,0.000607
495,-0.001394,-0.001573,0.001522
496,0.000376,-0.000414,0.001766
497,0.001413,-0.000597,0.000851
498,0.002085,-0.000902,0.000607
499,0.001535,0.000197,0.000790
500,0.000620,0.001234,0.001034
501,0.000559,0.001906,0.001461
502,0.000253,0.002028,0.002438
503,0.000315,0.002394,0.001461
504,0.001108,0.003188,0.001156
505,0.002146,0.002394,0.001339
506,0.001901,0.001723,0.000790
507,0.001657,0.002211,-0.000126
508,0.001413,0.003737,-0.000004
509,0.000681,0.002333,0.001217
510,-0.000540,0.000990,0.000912
511,-0.000174,0.000258,0.000241
512,0.000742,0.000807,-0.000126
513,0.000742,0.001845,0.000241
514,0.000620,0.002455,0.000790
515,0.001169,0.001723,0.001461
516,0.000620,0.000624,0.002133
517,0.001962,0.000868,0.002133
518,0.002878,0.001234,0.001278
519,0.002451,0.002333,0.000546
520,0.001413,0.001662,0.000424
521,0.000437,0.000563,0.000485
522,0.000376,0.000319,-0.000065
523,-0.000601,-0.000169,-0.000492
524,0.001657,-0.001207,0.000057
525,0.002939,-0.001451,-0.000004
526,0.002024,-0.001268,-0.000126
527,0.001352,-0.000414,0.000668
528,0.001047,-0.000230,0.000180
529,0.000498,-0.001146,-0.000919
530,-0.000296,-0.001085,-0.001346
531,0.000437,-0.001146,-0.000492
532,0.000742,-0.000719,0.000424
533,0.000864,-0.000353,0.000668
534,0.001047,-0.000658,0.001095
535,0.001291,-0.000841,0.001400
536,0.001047,-0.000047,0.002133
537,-0.000113,0.000441,0.002255
538,0.000009,-0.000047,0.002926
539,0.000681,-0.000841,0.002499
540,-0.000296,-0.000902,0.001766
541,-0.001089,-0.001024,0.001461
542,-0.001517,-0.000536,0.001156
543,-0.001272,0.000197,0.000790
544,-0.001089,0.000258,0.000180
545,0.000253,0.000868,-0.001346
546,0.000253,0.000563,-0.000614
547,-0.000174,0.001234,-0.000248
548,0.000131,0.001845,-0.000614
549,0.000803,0.002882,-0.000980
550,0.000315,0.003310,-0.000431
551,0.000192,0.002150,0.000485
552,0.000986,-0.000047,0.000546
553,-0.001578,0.000990,0.001644
554,-0.001700,0.000868,0.001950
555,-0.000906,0.000563,0.000180
556,-0.001028,0.001418,-0.001041
557,-0.001333,0.003310,-0.000980
558,-0.000845,0.004897,0.000057
559,0.000009,0.005263,0.000546
560,0.001962,0.003127,0.000180
561,0.001047,0.001234,-0.000065
562,0.000925,0.000624,-0.000553
563,0.001413,0.000807,-0.001285
564,0.002329,0.000868,-0.002140
565,0.003366,0.000746,-0.002140
566,0.003977,0.000929,-0.002201
567,0.002573,0.000319,-0.001835
568,0.002146,-0.000291,-0.001529
569,0.001962,-0.001085,-0.000919
570,0.002024,-0.000536,-0.000919
571,0.001108,0.000014,-0.001163
572,0.000559,-0.000597,-0.001102
573,0.000559,-0.001390,-0.001041
574,-0.000052,-0.001939,-0.000614
575,0.000498,-0.001512,0.001095
576,0.000131,-0.000475,0.001705
577,0.000009,-0.000353,0.000729
578,-0.000174,-0.001329,-0.000614
579,0.000009,-0.001146,-0.001285
580,-0.000662,-0.000230,-0.000065
581,-0.000906,-0.001024,0.000790
582,-0.000723,-0.001695,-0.001529
583,0.000192,-0.003343,-0.001713
584,0.001230,-0.003770,-0.001713
585,0.001108,-0.002550,-0.000980
586,-0.000479,-0.001512,-0.000553
587,-0.001089,-0.001390,-0.000736
588,-0.000479,-0.001695,-0.000858
589,0.000498,-0.001146,-0.002079
590,0.000315,-0.000658,-0.000431
591,0.001596,0.000014,0.000729
592,0.002146,0.000502,0.001217
593,0.001596,0.001173,0.002133
594,0.000986,0.001173,0.002804
595,0.000437,0.000929,0.001400
596,0.000681,0.000807,-0.000919
597,0.001047,-0.000658,-0.000248
598,0.000986,-0.000291,0.001034
599,0.000070,0.000563,0.002316
600,-0.000235,0.001295,0.002621
601,0.000498,0.000868,0.001644
602,0.000742,-0.001085,-0.000004
603,0.000192,-0.002794,-0.000309
604,-0.000845,-0.001207,0.002438
605,-0.000296,-0.000841,0.001889
606,0.000315,-0.001085,0.001095
607,0.000742,-0.001024,0.001034
608,0.002329,-0.000475,0.001095
609,0.003122,-0.001329,0.001644
610,0.001840,-0.001817,0.001766
611,-0.000113,-0.003770,0.001400
612,-0.000845,-0.003587,0.000485
613,-0.000296,-0.002123,0.000057
614,0.000864,-0.000353,-0.000065
615,0.002024,0.000868,-0.001102
616,0.001596,0.001112,-0.001652
617,0.001474,0.000929,-0.000614
618,0.002085,0.002211,0.000057
619,0.002085,0.001418,0.002072
620,0.002085,0.000624,0.001950
621,0.002451,0.000014,0.001400
622,0.001352,0.000258,0.000485
623,-0.000784,0.000258,0.000424
624,-0.001761,-0.001695,0.001400
625,-0.002005,-0.003160,0.001705
626,-0.000174,-0.002184,0.000851
627,-0.000235,0.000868,0.000973
628,-0.001089,0.002150,0.000607
629,-0.001455,0.002760,-0.000004
630,-0.000662,0.002943,-0.000370
631,0.000070,0.002333,-0.000736
632,-0.000174,0.003127,-0.001224
633,-0.000174,0.002028,-0.002018
634,-0.000357,0.001295,-0.002079
635,-0.000784,0.002089,-0.001896
636,-0.000845,0.002516,-0.001713
637,-0.001272,0.002516,-0.001102
638,-0.000967,0.003004,-0.000004
639,0.000009,0.002272,-0.000370
640,0.000437,0.001723,-0.001041
641,-0.000479,0.001051,-0.000248
642,-0.000540,0.001173,0.000241
643,-0.000784,0.000929,0.000790
644,-0.001272,0.001234,0.001461
645,-0.001517,0.001479,0.001217
646,-0.000845,0.001356,0.000729
647,-0.001272,0.001662,0.000363
648,0.000437,0.000502,0.001156
649,0.000131,-0.000597,0.000668
650,-0.000174,-0.000902,-0.000065
651,-0.000601,-0.000169,-0.000004
652,-0.000967,0.000685,-0.000492
653,-0.001455,0.001295,-0.000858
654,-0.001394,0.001112,-0.000980
655,-0.001822,0.001540,-0.001224
656,-0.003042,0.002211,-0.001407
657,-0.002127,0.002638,-0.001529
658,-0.000357,0.001723,-0.002445
659,-0.000784,0.001051,-0.003238
660,-0.002127,0.001295,-0.002079
661,-0.002676,0.002028,-0.000370
662,-0.002859,0.001845,0.000057
663,-0.000357,0.000746,-0.001224
664,0.000620,-0.000108,-0.001652
665,0.000376,0.000075,-0.003361
666,-0.001028,0.000929,-0.003422
667,-0.001394,0.001234,-0.002506
668,-0.000662,0.001479,-0.001529
669,0.000376,0.001479,-0.001041
670,0.000498,0.000685,-0.000065
671,0.001352,-0.001207,-0.000675
672,0.002390,-0.001390,0.000485
673,0.003427,-0.000047,0.000485
674,0.003244,0.000441,-0.000675
675,0.003610,0.000441,-0.000553
676,0.003855,0.001295,0.000790
677,0.002207,0.000624,0.001522
678,0.001596,-0.000963,0.001095
679,0.001352,-0.001878,0.001095
680,0.000742,-0.001268,0.000424
681,0.001413,-0.001634,0.000057
682,0.002512,-0.001207,-0.000248
683,0.001535,-0.000291,-0.001163
684,0.000376,0.000014,-0.001590
685,0.000925,-0.002000,-0.000675
686,0.000498,-0.003099,-0.000858
687,-0.000784,-0.002367,-0.000248
688,-0.000662,-0.001207,0.000729
689,0.000803,-0.001085,0.000729
690,0.000681,-0.000230,0.000057
691,-0.000296,0.001234,0.000241
692,0.002268,0.001540,0.000729
693,0.002695,0.000258,0.000118
694,0.001413,-0.000230,-0.000248
695,0.000376,-0.000047,-0.000614
696,-0.000235,0.000746,-0.000553
697,-0.000296,0.000990,-0.001102
698,0.000498,0.000746,-0.002079
699,-0.000479,0.000319,0.000057
700,-0.001028,-0.000047,0.000057
701,-0.001944,0.000258,-0.000736
702,-0.002249,0.000197,-0.000614
703,-0.002798,0.000014,-0.000248
704,-0.002676,0.000136,-0.000004
705,-0.002127,0.000685,0.000241
706,-0.002676,0.000563,0.000180
707,-0.000906,-0.001390,0.000057
708,-0.001028,-0.001085,-0.000309
709,-0.001517,-0.000597,-0.001285
710,-0.001578,-0.000169,-0.001529
711,-0.002127,0.000685,-0.001224
712,-0.002798,0.001479,-0.001774
713,-0.002371,0.001356,-0.001835
714,-0.000296,0.001601,0.000057
715,-0.000357,0.001479,0.000607
716,0.000070,0.001234,0.001461
717,0.000070,0.001356,0.002255
718,-0.000296,0.001906,0.001644
719,-0.000662,0.001295,0.000241
720,-0.000113,0.001173,0.000057
721,0.001108,0.002577,0.000729
722,-0.000113,0.003249,-0.000248
723,-0.000784,0.003249,-0.001896
724,-0.001028,0.002943,-0.003055
725,-0.001639,0.002150,-0.003238
726,-0.001578,0.000624,-0.002018
727,-0.001211,-0.000719,-0.000004
728,-0.000540,-0.000230,0.000973
729,0.001230,0.000502,0.002133
730,0.001352,-0.000536,0.001522
731,0.000864,-0.001024,0.000363
732,0.000681,-0.000536,-0.000248
733,0.000376,0.000258,-0.000065
734,-0.000418,0.000014,-0.000004
735,-0.000052,-0.000475,-0.000858
736,0.000559,-0.000414,0.000424
737,0.000864,-0.000353,0.001156
738,0.000620,-0.000414,0.001339
739,0.000009,-0.000230,0.001400
740,-0.000601,0.000075,0.001583
741,-0.002005,0.000563,0.000790
742,-0.002554,0.001173,0.000790
743,-0.004019,0.000685,0.000118
744,-0.004324,0.000441,-0.000797
745,-0.004446,0.000807,-0.001224
746,-0.004629,0.000319,-0.000980
747,-0.004446,-0.000047,-0.000309
748,-0.003592,-0.000780,0.000180
749,-0.002493,-0.001939,0.000180
750,-0.002188,-0.001207,-0.000004
751,-0.001639,0.000075,-0.000187
752,-0.000967,0.000014,-0.000309
753,-0.000662,-0.001268,0.000485
754,0.000131,-0.002367,0.000607
755,0.001413,-0.002184,-0.000004
756,0.000864,-0.001817,-0.000492
757,-0.000479,-0.001695,-0.000187
758,-0.002371,-0.000108,-0.000431
759,-0.000784,0.000929,-0.000797
760,-0.000052,0.001784,0.000241
761,0.000070,0.002272,0.001278
762,0.000376,0.002760,0.000729
763,0.000925,0.002455,-0.000309
764,0.002512,0.002089,-0.000858
765,0.003977,0.001234,-0.000492
766,0.003916,0.000624,-0.000675
767,0.004038,0.000624,-0.001346
768,0.003183,0.000868,-0.001713
769,0.002085,0.000868,-0.001590
770,0.001718,0.001173,-0.001652
771,0.001962,0.001723,-0.002201
772,0.001962,0.002638,-0.002567
773,0.002085,0.004469,-0.002506
774,0.001535,0.003737,-0.001529
775,0.001291,0.002760,-0.000736
776,0.001779,0.002272,-0.000675
777,0.001169,0.001540,-0.001346
778,0.001230,0.001601,-0.002079
779,0.002024,0.001845,-0.001896
780,0.003671,-0.000047,-0.001774
781,0.003671,-0.000597,-0.001407
782,0.002878,-0.001878,-0.000553
783,0.001352,-0.002184,0.000057
784,-0.000357,-0.001024,0.000851
785,-0.000967,0.000563,0.000790
786,-0.000967,0.000685,-0.000309
787,-0.000784,-0.001207,-0.000919
788,-0.002493,-0.000353,-0.001713
789,-0.002676,0.000746,-0.002506
790,-0.001639,0.001356,-0.001957
791,-0.000174,0.000563,-0.000736
792,0.000681,-0.000536,-0.000492
793,0.000559,-0.000230,0.000241
794,-0.000174,-0.000353,0.000485
795,0.002085,-0.001939,0.000668
796,0.001108,-0.000780,0.001400
797,-0.000174,0.000319,0.001339
798,-0.000418,-0.000169,0.000912
799,0.000192,-0.000475,0.000057
800,0.001596,0.000197,0.000607
801,0.001779,0.000441,-0.000187
802,0.002146,-0.001207,-0.001041
803,0.002146,-0.000719,-0.000431
804,0.001596,0.000685,-0.000370
805,0.000070,0.001112,-0.000919
806,-0.001455,0.001173,-0.001285
807,-0.001517,0.000624,-0.002201
808,-0.001578,-0.000658,-0.002750
809,-0.000540,-0.000963,-0.002994
810,-0.000845,-0.000902,-0.002079
811,-0.000784,-0.001207,-0.000919
812,-0.001455,-0.000963,-0.000187
813,-0.001150,-0.000108,-0.000187
814,-0.000296,0.000624,-0.000126
815,-0.000235,0.001051,-0.000553
816,-0.001211,0.000563,-0.001224
817,-0.002188,0.000807,-0.001529
818,-0.002005,-0.000169,-0.001407
819,-0.001883,-0.001024,-0.001774
820,-0.001517,-0.000658,-0.001407
821,-0.001822,0.001173,-0.000004
822,-0.002798,0.001723,0.000241
823,-0.002310,0.000990,0.000180
824,-0.000418,0.000502,0.000118
825,-0.001150,-0.000475,0.000302
826,-0.001822,-0.000047,0.000302
827,-0.001944,0.001051,0.000180
828,-0.001455,0.001906,0.001705
829,-0.001211,0.000807,0.002072
830,-0.001211,-0.000780,0.001034
831,-0.000967,0.001051,0.001583
832,-0.000845,0.000624,0.001583
833,-0.000357,0.000136,0.002194
834,-0.000418,0.000868,0.003170
835,-0.000540,0.001967,0.003720
836,-0.000662,0.001479,0.003231
837,-0.000784,0.000136,0.003048
838,-0.000052,0.000258,0.002926
839,0.000864,0.000807,0.003597
840,0.000742,0.000502,0.003170
841,-0.000418,0.000136,0.002011
842,-0.001517,-0.000353,0.002255
843,-0.001517,-0.000658,0.000790
844,-0.000784,-0.000353,-0.001102
845,-0.000357,0.000441,-0.001896
846,-0.001639,-0.000108,-0.001590
847,-0.001944,-0.000230,-0.001224
848,-0.000540,-0.000475,-0.000797
849,0.000315,-0.001024,-0.000797
850,0.000803,-0.001268,-0.000797
851,-0.000052,-0.001634,-0.000736
852,-0.000784,-0.000353,-0.000492
853,-0.000479,0.000075,0.000302
854,-0.001211,0.001112,0.000180
855,-0.000357,0.002394,-0.000370
856,0.000559,0.002760,0.000241
857,0.001108,0.002028,0.001156
858,0.002634,0.001723,0.000973
859,0.005258,0.001418,0.001034
860,0.006113,0.001112,0.000546
861,0.002329,0.001479,0.000424
862,0.003305,0.001418,0.000912
863,0.003366,0.000868,0.001400
864,0.003000,0.000746,0.001644
865,0.002390,0.000197,0.001217
866,0.001291,-0.001146,0.001156
867,0.000559,-0.001573,0.000790
868,-0.001211,-0.001451,-0.000797
869,-0.000601,-0.001512,-0.001041
870,-0.001028,-0.001085,-0.001285
871,-0.001822,-0.001085,-0.001529
872,-0.002981,0.000075,-0.002201
873,-0.003470,0.001112,-0.001896
874,-0.003531,0.001112,-0.000858
875,-0.002798,0.001173,-0.000614
876,-0.002310,0.000624,0.000180
877,-0.002066,0.000624,-0.000675
878,-0.000601,0.000868,-0.001652
879,0.000559,0.000136,-0.001774
880,0.000620,-0.000047,-0.002201
881,0.000376,-0.000597,-0.003055
882,0.000498,-0.002061,-0.003177
883,-0.000662,-0.001695,-0.001407
884,-0.000601,-0.000597,-0.001835
885,0.000559,-0.000658,-0.001652
886,0.000070,-0.000597,-0.000614
887,0.000253,0.000685,0.000424
888,0.000803,0.001112,0.001400
889,0.000498,0.000258,0.002011
890,0.000681,-0.000169,0.000912
891,0.001840,0.000197,0.000912
892,0.001352,0.000380,0.001339
893,0.000559,0.000319,0.002438
894,0.000376,0.000807,0.003781
895,-0.000357,0.000136,0.005001
896,-0.000845,-0.001146,0.005062
897,-0.000479,0.000746,0.001766
898,-0.000479,0.001479,0.001217
899,-0.001089,0.000746,0.001339
900,-0.001639,0.000868,0.000363
901,-0.000601,0.001234,-0.000126
902,0.000986,0.000014,0.000118
903,0.000803,-0.000475,0.000912
904,0.000498,0.000014,0.000485
905,-0.001944,-0.000169,-0.000553
906,-0.002615,0.000319,-0.001224
907,-0.001883,-0.000047,-0.000980
908,-0.001517,-0.002306,-0.000980
909,-0.001944,-0.003343,-0.000980
910,-0.001944,-0.002428,-0.000675
911,-0.001394,-0.002000,0.000424
912,-0.000174,-0.001512,0.001339
913,0.000315,-0.001329,0.001705
914,0.000376,-0.000963,0.002133
915,0.000437,-0.000841,0.001644
916,0.000742,0.000136,0.000241
917,0.001474,0.000746,-0.000797
918,0.002878,0.000319,-0.001774
919,0.001901,-0.002000,-0.001713
920,0.001779,-0.002916,-0.001529
921,0.000681,-0.003832,-0.001713
922,-0.000357,-0.004137,-0.000797
923,-0.000540,-0.003770,0.001156
924,-0.000601,-0.003160,0.001889
925,-0.000174,-0.002184,0.000302
926,-0.000418,-0.000658,-0.000858
927,-0.000357,0.000136,-0.000065
928,-0.000906,-0.000841,-0.000004
929,-0.000723,-0.000902,-0.000919
930,-0.000113,0.000624,-0.000614
931,0.000131,0.001784,0.000302
932,0.001108,0.002089,0.000729
933,-0.000052,0.002028,0.000851
934,0.000864,0.000258,0.002255
935,0.000620,0.000014,0.002316
936,0.000376,-0.000291,0.002133
937,0.000986,-0.000719,0.000729
938,0.000620,-0.000841,-0.000431
939,0.000070,-0.000719,-0.000370
940,0.000986,-0.000353,-0.001224
941,-0.001028,-0.000291,-0.002628
942,-0.001761,-0.000108,-0.003483
943,-0.001822,-0.001329,-0.003422
944,-0.002005,-0.002061,-0.002567
945,-0.001517,-0.002123,-0.001957
946,-0.001028,-0.002489,-0.001835
947,-0.000906,-0.002550,-0.001407
948,-0.001944,-0.001390,-0.000248
949,-0.002310,-0.001451,0.001156
950,-0.001639,-0.000963,0.000851
951,-0.001761,0.000441,0.000302
952,-0.001517,0.001540,0.000241
953,-0.000418,0.000746,0.000729
954,0.000925,-0.000780,0.001095
955,0.001718,-0.000291,0.000729
956,0.000315,0.001173,0.000363
957,0.000620,0.001356,-0.001468
958,0.001962,0.001601,-0.002567
959,0.003488,0.001906,-0.002628
960,0.004038,0.001234,-0.002384
961,0.003671,0.000746,-0.002201
962,0.002451,0.000868,-0.001407
963,-0.000174,0.000014,-0.000919
964,0.000315,-0.000230,-0.000797
965,0.000437,-0.001085,0.000057
966,-0.000540,-0.000353,0.001278
967,-0.001700,0.000380,0.001400
968,-0.001944,-0.000108,0.001950
969,-0.001455,-0.001146,0.002316
970,-0.001028,-0.002245,0.001950
971,-0.001944,-0.002000,0.002377
972,-0.002188,-0.001634,0.002011
973,-0.002798,-0.000902,0.002743
974,-0.002737,0.000380,0.003720
975,-0.003409,0.000868,0.003842
976,-0.004446,0.000075,0.002621
977,-0.003348,0.000502,0.001889
978,-0.001455,0.000380,0.001034
979,-0.001944,0.001601,-0.000126
980,-0.001761,0.002638,-0.000797
981,-0.002493,0.003249,-0.000370
982,-0.002249,0.003493,-0.000431
983,-0.000601,0.003127,-0.001407
984,0.000192,0.001906,-0.002445
985,0.000437,-0.000658,-0.002018
986,0.001230,0.000014,-0.001285
987,0.001657,0.000746,-0.001041
988,0.002329,0.000441,-0.001407
989,0.002207,0.000014,-0.000858
990,0.001169,0.000319,-0.000858
991,0.000620,0.001051,-0.001652
992,0.001352,0.001112,-0.000858
993,0.001901,-0.000291,0.000546
994,0.002634,-0.000780,0.001522
995,0.002390,-0.001939,0.001705
996,0.002756,-0.002672,0.000668
997,0.002085,-0.002672,-0.000431
998,0.000315,-0.002550,-0.000248
999,-0.000418,-0.002184,-0.000309
1000,0.000070,-0.002550,-0.002933
1001,0.000742,-0.002184,-0.002811
1002,0.000437,-0.001268,-0.003971
1003,-0.000479,-0.000780,-0.004520
1004,-0.002005,-0.000963,-0.004276
1005,-0.002432,-0.002123,-0.004398
1006,-0.002127,-0.001390,-0.004154
1007,-0.003103,0.000319,-0.003177
1008,-0.003409,-0.000780,-0.002201
1009,-0.003042,-0.001268,-0.002628
1010,-0.001761,-0.002489,-0.003238
1011,-0.000723,-0.002794,-0.002201
1012,-0.000418,-0.003526,-0.001407
1013,0.000376,-0.004015,-0.001407
1014,0.000192,-0.002367,-0.002567
1015,-0.000174,-0.001695,-0.003422
1016,-0.000723,-0.000475,-0.002506
1017,-0.002310,0.000563,-0.001224
1018,-0.003042,0.000075,-0.001224
1019,-0.003164,0.000197,-0.001285
1020,-0.002859,0.000380,-0.002018
1021,-0.002615,-0.000108,-0.002018
1022,-0.002188,0.001173,-0.001468
1023,-0.002127,0.000746,-0.002323
#end fft_input
#begin fft
bin,freq_hz,ax,ay,az
0,0.0000000,0.0001689,0.0002747,0.0001143
1,0.9765625,0.0002354,0.0002601,0.0002466
2,1.9531250,0.0001922,0.0002419,0.0002271
3,2.9296875,0.0001036,0.0002007,0.0001762
4,3.9062500,0.0002358,0.0003022,0.0001837
5,4.8828125,0.0002742,0.0002480,0.0001823
6,5.8593750,0.0000416,0.0003997,0.0000369
7,6.8359375,0.0001063,0.0004384,0.0000236
8,7.8125000,0.0001984,0.0002991,0.0001624
9,8.7890625,0.0003009,0.0001403,0.0002260
10,9.7656250,0.0001841,0.0004080,0.0005892
11,10.7421875,0.0002338,0.0001061,0.0003457
12,11.7187500,0.0003890,0.0002942,0.0000909
13,12.6953125,0.0006596,0.0006191,0.0004151
14,13.6718750,0.0003796,0.0004757,0.0001168
15,14.6484375,0.0003474,0.0000944,0.0002036
16,15.6250000,0.0003262,0.0002375,0.0001206
17,16.6015625,0.0003496,0.0001152,0.0003416
18,17.5781250,0.0004277,0.0000424,0.0004167
19,18.5546875,0.0005335,0.0003889,0.0003626
20,19.5312500,0.0004246,0.0005142,0.0004322
21,20.5078125,0.0002829,0.0003853,0.0001738
22,21.4843750,0.0000389,0.0002114,0.0001895
23,22.4609375,0.0002655,0.0002740,0.0002339
24,23.4375000,0.0003432,0.0005362,0.0002351
25,24.4140625,0.0004437,0.0002612,0.0002819
26,25.3906250,0.0000890,0.0001912,0.0002920
27,26.3671875,0.0004150,0.0003630,0.0000314
28,27.3437500,0.0003878,0.0002834,0.0001401
29,28.3203125,0.0002627,0.0000845,0.0003557
30,29.2968750,0.0001404,0.0001613,0.0001904
31,30.2734375,0.0002577,0.0002030,0.0001850
32,31.2500000,0.0002071,0.0001566,0.0001259
33,32.2265625,0.0001361,0.0000947,0.0001391
34,33.2031250,0.0001283,0.0000975,0.0001154
35,34.1796875,0.0003413,0.0002443,0.0001436
36,35.1562500,0.0002943,0.0002383,0.0000121
37,36.1328125,0.0001717,0.0001556,0.0001548
38,37.1093750,0.0002153,0.0003337,0.0003215
39,38.0859375,0.0001638,0.0001801,0.0000514
40,39.0625000,0.0000880,0.0000978,0.0000873
41,40.0390625,0.0000646,0.0000108,0.0001217
42,41.0156250,0.0002842,0.0001410,0.0000179
43,41.9921875,0.0002281,0.0001880,0.0002498
44,42.9687500,0.0001618,0.0001087,0.0003085
45,43.9453125,0.0002057,0.0001360,0.0000462
46,44.9218750,0.0001146,0.0001288,0.0002985
47,45.8984375,0.0001093,0.0000991,0.0002002
48,46.8750000,0.0003452,0.0002118,0.0000344
49,47.8515625,0.0002858,0.0001789,0.0000422
50,48.8281250,0.0000830,0.0000930,0.0001060
51,49.8046875,0.0001693,0.0002658,0.0002578
52,50.7812500,0.0001408,0.0002845,0.0003427
53,51.7578125,0.0001494,0.0000269,0.0001203
54,52.7343750,0.0001782,0.0001614,0.0003586
55,53.7109375,0.0001472,0.0002302,0.0002676
56,54.6875000,0.0001811,0.0001031,0.0001619
57,55.6640625,0.0001561,0.0001104,0.0000518
58,56.6406250,0.0001357,0.0001009,0.0001882
59,57.6171875,0.0000336,0.0002455,0.0001538
60,58.5937500,0.0000604,0.0001262,0.0002832
61,59.5703125,0.0001318,0.0002002,0.0002033
62,60.5468750,0.0001047,0.0001226,0.0001851
63,61.5234375,0.0001498,0.0001000,0.0001704
64,62.5000000,0.0001353,0.0001232,0.0001474
65,63.4765625,0.0002471,0.0001235,0.0003655
66,64.4531250,0.0001394,0.0000950,0.0003207
67,65.4296875,0.0001058,0.0001774,0.0000222
68,66.4062500,0.0001119,0.0002237,0.0000626
69,67.3828125,0.0002204,0.0002551,0.0001797
70,68.3593750,0.0000807,0.0002695,0.0002120
71,69.3359375,0.0002411,0.0002701,0.0001335
72,70.3125000,0.0000460,0.0001691,0.0001509
73,71.2890625,0.0001457,0.0002159,0.0001447
74,72.2656250,0.0000702,0.0000470,0.0000873
75,73.2421875,0.0001759,0.0000783,0.0001934
76,74.2187500,0.0003284,0.0001704,0.0001512
77,75.1953125,0.0002489,0.0000903,0.0001003
78,76.1718750,0.0001910,0.0001403,0.0000597
79,77.1484375,0.0002232,0.0000707,0.0001682
80,78.1250000,0.0000900,0.0001379,0.0001182
81,79.1015625,0.0000454,0.0001133,0.0000996
82,80.0781250,0.0000706,0.0002100,0.0001575
83,81.0546875,0.0000772,0.0002042,0.0002082
84,82.0312500,0.0001406,0.0000751,0.0000602
85,83.0078125,0.0000760,0.0001146,0.0001432
86,83.9843750,0.0000634,0.0001271,0.0000590
87,84.9609375,0.0001166,0.0001615,0.0000819
88,85.9375000,0.0001073,0.0001092,0.0001234
89,86.9140625,0.0002590,0.0001215,0.0001208
90,87.8906250,0.0001375,0.0001771,0.0001006
91,88.8671875,0.0000489,0.0001906,0.0001232
92,89.8437500,0.0001198,0.0001779,0.0001474
93,90.8203125,0.0002225,0.0001265,0.0001774
94,91.7968750,0.0000966,0.0000566,0.0000736
95,92.7734375,0.0000824,0.0001069,0.0001569
96,93.7500000,0.0000693,0.0001582,0.0000388
97,94.7265625,0.0000852,0.0001366,0.0000993
98,95.7031250,0.0001555,0.0000959,0.0001035
99,96.6796875,0.0001725,0.0001987,0.0001436
100,97.6562500,0.0000939,0.0001978,0.0000990
101,98.6328125,0.0002656,0.0001448,0.0000570
102,99.6093750,0.0002106,0.0001369,0.0000409
103,100.5859375,0.0001147,0.0001534,0.0000066
104,101.5625000,0.0001679,0.0000279,0.0001421
105,102.5390625,0.0000790,0.0001686,0.0001400
106,103.5156250,0.0000794,0.0002926,0.0000675
107,104.4921875,0.0000817,0.0002276,0.0001247
108,105.4687500,0.0001888,0.0000210,0.0000437
109,106.4453125,0.0001451,0.0000812,0.0001217
110,107.4218750,0.0001191,0.0001265,0.0000738
111,108.3984375,0.0001516,0.0000631,0.0000443
112,109.3750000,0.0001372,0.0000934,0.0001564
113,110.3515625,0.0000138,0.0000711,0.0000911
114,111.3281250,0.0000496,0.0000793,0.0000907
115,112.3046875,0.0001040,0.0000993,0.0000660
116,113.2812500,0.0001505,0.0000799,0.0000721
117,114.2578125,0.0001325,0.0000808,0.0000362
118,115.2343750,0.0001581,0.0000763,0.0001354
119,116.2109375,0.0001785,0.0001272,0.0001453
120,117.1875000,0.0000949,0.0001358,0.0000844
121,118.1640625,0.0000800,0.0000992,0.0001142
122,119.1406250,0.0000479,0.0001089,0.0001829
123,120.1171875,0.0000867,0.0000938,0.0001083
124,121.0937500,0.0001414,0.0000796,0.0000930
125,122.0703125,0.0001582,0.0000496,0.0001248
126,123.0468750,0.0001651,0.0000473,0.0001265
127,124.0234375,0.0000708,0.0000916,0.0001219
128,125.0000000,0.0001097,0.0000415,0.0000419
129,125.9765625,0.0000645,0.0000467,0.0000507
130,126.9531250,0.0000415,0.0001108,0.0000408
131,127.9296875,0.0000759,0.0002006,0.0000172
132,128.9062500,0.0001219,0.0001298,0.0000749
133,129.8828125,0.0000681,0.0000814,0.0001472
134,130.8593750,0.0000339,0.0001258,0.0001171
135,131.8359375,0.0000542,0.0001338,0.0000468
136,132.8125000,0.0001482,0.0000669,0.0000404
137,133.7890625,0.0001500,0.0001236,0.0000603
138,134.7656250,0.0000973,0.0001493,0.0000561
139,135.7421875,0.0001520,0.0001386,0.0000613
140,136.7187500,0.0002107,0.0001993,0.0000720
141,137.6953125,0.0001218,0.0001945,0.0001219
142,138.6718750,0.0000273,0.0001188,0.0001467
143,139.6484375,0.0000881,0.0000640,0.0000832
144,140.6250000,0.0000963,0.0000403,0.0000706
145,141.6015625,0.0000592,0.0001086,0.0000524
146,142.5781250,0.0000613,0.0000782,0.0000467
147,143.5546875,0.0000654,0.0001251,0.0000596
148,144.5312500,0.0000619,0.0002018,0.0000837
149,145.5078125,0.0000404,0.0000777,0.0000974
150,146.4843750,0.0000426,0.0000700,0.0000317
151,147.4609375,0.0001321,0.0001054,0.0000170
152,148.4375000,0.0001055,0.0000505,0.0001100
153,149.4140625,0.0000602,0.0000555,0.0001135
154,150.3906250,0.0000266,0.0000655,0.0000234
155,151.3671875,0.0000366,0.0000242,0.0000277
156,152.3437500,0.0000753,0.0000435,0.0000903
157,153.3203125,0.0000472,0.0000316,0.0001262
158,154.2968750,0.0000766,0.0000215,0.0001506
159,155.2734375,0.0000339,0.0000380,0.0001016
160,156.2500000,0.0001485,0.0000697,0.0000353
161,157.2265625,0.0002221,0.0000899,0.0001237
162,158.2031250,0.0001034,0.0000823,0.0001343
163,159.1796875,0.0000627,0.0000531,0.0000766
164,160.1562500,0.0000806,0.0000428,0.0000630
165,161.1328125,0.0000996,0.0000416,0.0000779
166,162.1093750,0.0000474,0.0000764,0.0000853
167,163.0859375,0.0000543,0.0000796,0.0000683
168,164.0625000,0.0001252,0.0000345,0.0000907
169,165.0390625,0.0001069,0.0000313,0.0000682
170,166.0156250,0.0001253,0.0000879,0.0000743
171,166.9921875,0.0001211,0.0000711,0.0000435
172,167.9687500,0.0000879,0.0000492,0.0000233
173,168.9453125,0.0000270,0.0000111,0.0000672
174,169.9218750,0.0000432,0.0000452,0.0000626
175,170.8984375,0.0000275,0.0000515,0.0000727
176,171.8750000,0.0000380,0.0000758,0.0000603
177,172.8515625,0.0000447,0.0000407,0.0000110
178,173.8281250,0.0000347,0.0000363,0.0000269
179,174.8046875,0.0000875,0.0000615,0.0000121
180,175.7812500,0.0001595,0.0000632,0.0000483
181,176.7578125,0.0000762,0.0000511,0.0000781
182,177.7343750,0.0000456,0.0000979,0.0001035
183,178.7109375,0.0001102,0.0000772,0.0001717
184,179.6875000,0.0001064,0.0000876,0.0001209
185,180.6640625,0.0000651,0.0001080,0.0000742
186,181.6406250,0.0000660,0.0001913,0.0000586
187,182.6171875,0.0000221,0.0001070,0.0000450
188,183.5937500,0.0000186,0.0000555,0.0000276
189,184.5703125,0.0000605,0.0000706,0.0000626
190,185.5468750,0.0001150,0.0000365,0.0000886
191,186.5234375,0.0001049,0.0000594,0.0001236
192,187.5000000,0.0000549,0.0000533,0.0000745
193,188.4765625,0.0000188,0.0000275,0.0000501
194,189.4531250,0.0000626,0.0000107,0.0000755
195,190.4296875,0.0000273,0.0000570,0.0000530
196,191.4062500,0.0000554,0.0000429,0.0000112
197,192.3828125,0.0000427,0.0000516,0.0000569
198,193.3593750,0.0001060,0.0000586,0.0001203
199,194.3359375,0.0000802,0.0000835,0.0000243
200,195.3125000,0.0000283,0.0000769,0.0000418
201,196.2890625,0.0000389,0.0000584,0.0000468
202,197.2656250,0.0000276,0.0000111,0.0000173
203,198.2421875,0.0000314,0.0000220,0.0000490
204,199.2187500,0.0000817,0.0000381,0.0000286
205,200.1953125,0.0000583,0.0000678,0.0000326
206,201.1718750,0.0000368,0.0000304,0.0000362
207,202.1484375,0.0000324,0.0000135,0.0000470
208,203.1250000,0.0000671,0.0000257,0.0000643
209,204.1015625,0.0001059,0.0000296,0.0000413
210,205.0781250,0.0000471,0.0000117,0.0000576
211,206.0546875,0.0000542,0.0000290,0.0000742
212,207.0312500,0.0000544,0.0000437,0.0000235
213,208.0078125,0.0000118,0.0000824,0.0000744
214,208.9843750,0.0000147,0.0000785,0.0001123
215,209.9609375,0.0000633,0.0000523,0.0000879
216,210.9375000,0.0001048,0.0001039,0.0000753
217,211.9140625,0.0000905,0.0000665,0.0000681
218,212.8906250,0.0000648,0.0000613,0.0000332
219,213.8671875,0.0000334,0.0000757,0.0000076
220,214.8437500,0.0000144,0.0000737,0.0000361
221,215.8203125,0.0000473,0.0000245,0.0000582
222,216.7968750,0.0000362,0.0001223,0.0000946
223,217.7734375,0.0000709,0.0000974,0.0000565
224,218.7500000,0.0000319,0.0000876,0.0000267
225,219.7265625,0.0000240,0.0000847,0.0000299
226,220.7031250,0.0000330,0.0000864,0.0000307
227,221.6796875,0.0000371,0.0000949,0.0000610
228,222.6562500,0.0000251,0.0001135,0.0000443
229,223.6328125,0.0000553,0.0001008,0.0000391
230,224.6093750,0.0000495,0.0000426,0.0000685
231,225.5859375,0.0000656,0.0000465,0.0000692
232,226.5625000,0.0000286,0.0000373,0.0000349
233,227.5390625,0.0000572,0.0000618,0.0000304
234,228.5156250,0.0000281,0.0000587,0.0000495
235,229.4921875,0.0000534,0.0000498,0.0000430
236,230.4687500,0.0000598,0.0000358,0.0000322
237,231.4453125,0.0000513,0.0000526,0.0000424
238,232.4218750,0.0000635,0.0000418,0.0000367
239,233.3984375,0.0000612,0.0000687,0.0000453
240,234.3750000,0.0000517,0.0000701,0.0000466
241,235.3515625,0.0000373,0.0000646,0.0000319
242,236.3281250,0.0000637,0.0000603,0.0000629
243,237.3046875,0.0000959,0.0000501,0.0000596
244,238.2812500,0.0000642,0.0000456,0.0000330
245,239.2578125,0.0000428,0.0000405,0.0000310
246,240.2343750,0.0000111,0.0000584,0.0000537
247,241.2109375,0.0000530,0.0000370,0.0000365
248,242.1875000,0.0001344,0.0000449,0.0000550
249,243.1640625,0.0001141,0.0000372,0.0000504
250,244.1406250,0.0000551,0.0000392,0.0000694
251,245.1171875,0.0000354,0.0000190,0.0000547
252,246.0937500,0.0000146,0.0000434,0.0000023
253,247.0703125,0.0000131,0.0000349,0.0000631
254,248.0468750,0.0000474,0.0000235,0.0000350
255,249.0234375,0.0000547,0.0000499,0.0000288
256,250.0000000,0.0000768,0.0000641,0.0000553
257,250.9765625,0.0000621,0.0000106,0.0000579
258,251.9531250,0.0000421,0.0000354,0.0000132
259,252.9296875,0.0000781,0.0000039,0.0000261
260,253.9062500,0.0000298,0.0000232,0.0000115
261,254.8828125,0.0000263,0.0000240,0.0000148
262,255.8593750,0.0000430,0.0000487,0.0000224
263,256.8359375,0.0000748,0.0000249,0.0000279
264,257.8125000,0.0000524,0.0000287,0.0000423
265,258.7890625,0.0000549,0.0000424,0.0000063
266,259.7656250,0.0000456,0.0000466,0.0000342
267,260.7421875,0.0000397,0.0000465,0.0000537
268,261.7187500,0.0000460,0.0000348,0.0000553
269,262.6953125,0.0000209,0.0000253,0.0000523
270,263.6718750,0.0000079,0.0000518,0.0000134
271,264.6484375,0.0000180,0.0000775,0.0000248
272,265.6250000,0.0000125,0.0000212,0.0000119
273,266.6015625,0.0000171,0.0000496,0.0000107
274,267.5781250,0.0000184,0.0000627,0.0000366
275,268.5546875,0.0000372,0.0000634,0.0000325
276,269.5312500,0.0000598,0.0000396,0.0000607
277,270.5078125,0.0000217,0.0000400,0.0000484
278,271.4843750,0.0000204,0.0000460,0.0000288
279,272.4609375,0.0000143,0.0000551,0.0000424
280,273.4375000,0.0000165,0.0000284,0.0000525
281,274.4140625,0.0000052,0.0000049,0.0000782
282,275.3906250,0.0000346,0.0000129,0.0000437
283,276.3671875,0.0000205,0.0000435,0.0000227
284,277.3437500,0.0000203,0.0000166,0.0000440
285,278.3203125,0.0000417,0.0000516,0.0000214
286,279.2968750,0.0000478,0.0000496,0.0000435
287,280.2734375,0.0000049,0.0000261,0.0000570
288,281.2500000,0.0000083,0.0000102,0.0000360
289,282.2265625,0.0000569,0.0000051,0.0000423
290,283.2031250,0.0000269,0.0000491,0.0000321
291,284.1796875,0.0000528,0.0000361,0.0000388
292,285.1562500,0.0000430,0.0000418,0.0000481
293,286.1328125,0.0000402,0.0000067,0.0000251
294,287.1093750,0.0001033,0.0000378,0.0000274
295,288.0859375,0.0000603,0.0000254,0.0000404
296,289.0625000,0.0000424,0.0000409,0.0000209
297,290.0390625,0.0000052,0.0000425,0.0000210
298,291.0156250,0.0000587,0.0000248,0.0000200
299,291.9921875,0.0000512,0.0000735,0.0000368
300,292.9687500,0.0000521,0.0000388,0.0000613
301,293.9453125,0.0000521,0.0000069,0.0000554
302,294.9218750,0.0000389,0.0000223,0.0000546
303,295.8984375,0.0000375,0.0000144,0.0000439
304,296.8750000,0.0000548,0.0000222,0.0000349
305,297.8515625,0.0000704,0.0000237,0.0000143
306,298.8281250,0.0000531,0.0000190,0.0000247
307,299.8046875,0.0000286,0.0000155,0.0000384
308,300.7812500,0.0000411,0.0000076,0.0000389
309,301.7578125,0.0000308,0.0000180,0.0000412
310,302.7343750,0.0000181,0.0000424,0.0000413
311,303.7109375,0.0000422,0.0000438,0.0000440
312,304.6875000,0.0000436,0.0000443,0.0000346
313,305.6640625,0.0000616,0.0000341,0.0000081
314,306.6406250,0.0000466,0.0000162,0.0000159
315,307.6171875,0.0000392,0.0000349,0.0000124
316,308.5937500,0.0000552,0.0000312,0.0000053
317,309.5703125,0.0000279,0.0000188,0.0000122
318,310.5468750,0.0000558,0.0000265,0.0000358
319,311.5234375,0.0000529,0.0000359,0.0000288
320,312.5000000,0.0000281,0.0000391,0.0000222
321,313.4765625,0.0000136,0.0000320,0.0000263
322,314.4531250,0.0000152,0.0000336,0.0000229
323,315.4296875,0.0000321,0.0000394,0.0000682
324,316.4062500,0.0000293,0.0000262,0.0000574
325,317.3828125,0.0000291,0.0000174,0.0000418
326,318.3593750,0.0000320,0.0000138,0.0000370
327,319.3359375,0.0000158,0.0000083,0.0000090
328,320.3125000,0.0000560,0.0000272,0.0000110
329,321.2890625,0.0000936,0.0000286,0.0000249
330,322.2656250,0.0000354,0.0000134,0.0000311
331,323.2421875,0.0000179,0.0000130,0.0000222
332,324.2187500,0.0000198,0.0000183,0.0000297
333,325.1953125,0.0000306,0.0000215,0.0000178
334,326.1718750,0.0000405,0.0000216,0.0000091
335,327.1484375,0.0000234,0.0000456,0.0000337
336,328.1250000,0.0000190,0.0000252,0.0000281
337,329.1015625,0.0000274,0.0000176,0.0000081
338,330.0781250,0.0000391,0.0000075,0.0000216
339,331.0546875,0.0000507,0.0000078,0.0000179
340,332.0312500,0.0000515,0.0000166,0.0000226
341,333.0078125,0.0000515,0.0000230,0.0000044
342,333.9843750,0.0000270,0.0000145,0.0000428
343,334.9609375,0.0000161,0.0000015,0.0000599
344,335.9375000,0.0000017,0.0000032,0.0000170
345,336.9140625,0.0000258,0.0000105,0.0000196
346,337.8906250,0.0000164,0.0000225,0.0000330
347,338.8671875,0.0000033,0.0000523,0.0000193
348,339.8437500,0.0000199,0.0000668,0.0000079
349,340.8203125,0.0000301,0.0000189,0.0000092
350,341.7968750,0.0000037,0.0000221,0.0000286
351,342.7734375,0.0000201,0.0000406,0.0000174
352,343.7500000,0.0000317,0.0000591,0.0000097
353,344.7265625,0.0000331,0.0000473,0.0000320
354,345.7031250,0.0000463,0.0000257,0.0000361
355,346.6796875,0.0000579,0.0000090,0.0000138
356,347.6562500,0.0000484,0.0000138,0.0000205
357,348.6328125,0.0000347,0.0000191,0.0000341
358,349.6093750,0.0000153,0.0000355,0.0000409
359,350.5859375,0.0000217,0.0000488,0.0000243
360,351.5625000,0.0000178,0.0000292,0.0000317
361,352.5390625,0.0000162,0.0000359,0.0000043
362,353.5156250,0.0000152,0.0000543,0.0000083
363,354.4921875,0.0000182,0.0000209,0.0000096
364,355.4687500,0.0000225,0.0000207,0.0000126
365,356.4453125,0.0000198,0.0000227,0.0000169
366,357.4218750,0.0000337,0.0000295,0.0000302
367,358.3984375,0.0000150,0.0000107,0.0000127
368,359.3750000,0.0000178,0.0000079,0.0000114
369,360.3515625,0.0000255,0.0000243,0.0000126
370,361.3281250,0.0000125,0.0000161,0.0000112
371,362.3046875,0.0000248,0.0000329,0.0000187
372,363.2812500,0.0000157,0.0000141,0.0000222
373,364.2578125,0.0000064,0.0000206,0.0000092
374,365.2343750,0.0000151,0.0000371,0.0000174
375,366.2109375,0.0000081,0.0000462,0.0000057
376,367.1875000,0.0000239,0.0000238,0.0000127
377,368.1640625,0.0000079,0.0000136,0.0000114
378,369.1406250,0.0000184,0.0000012,0.0000056
379,370.1171875,0.0000268,0.0000251,0.0000079
380,371.0937500,0.0000356,0.0000218,0.0000261
381,372.0703125,0.0000208,0.0000117,0.0000298
382,373.0468750,0.0000176,0.0000105,0.0000145
383,374.0234375,0.0000261,0.0000086,0.0000091
384,375.0000000,0.0000203,0.0000144,0.0000065
385,375.9765625,0.0000319,0.0000130,0.0000293
386,376.9531250,0.0000307,0.0000157,0.0000247
387,377.9296875,0.0000094,0.0000265,0.0000089
388,378.9062500,0.0000498,0.0000239,0.0000206
389,379.8828125,0.0000319,0.0000233,0.0000245
390,380.8593750,0.0000135,0.0000312,0.0000224
391,381.8359375,0.0000071,0.0000181,0.0000227
392,382.8125000,0.0000197,0.0000063,0.0000285
393,383.7890625,0.0000178,0.0000120,0.0000232
394,384.7656250,0.0000162,0.0000082,0.0000225
395,385.7421875,0.0000075,0.0000081,0.0000211
396,386.7187500,0.0000195,0.0000208,0.0000026
397,387.6953125,0.0000041,0.0000270,0.0000125
398,388.6718750,0.0000252,0.0000097,0.0000041
399,389.6484375,0.0000216,0.0000204,0.0000143
400,390.6250000,0.0000375,0.0000231,0.0000082
401,391.6015625,0.0000224,0.0000272,0.0000231
402,392.5781250,0.0000093,0.0000047,0.0000328
403,393.5546875,0.0000241,0.0000126,0.0000151
404,394.5312500,0.0000425,0.0000155,0.0000185
405,395.5078125,0.0000233,0.0000106,0.0000209
406,396.4843750,0.0000083,0.0000103,0.0000042
407,397.4609375,0.0000205,0.0000178,0.0000281
408,398.4375000,0.0000105,0.0000071,0.0000202
409,399.4140625,0.0000197,0.0000295,0.0000142
410,400.3906250,0.0000044,0.0000264,0.0000239
411,401.3671875,0.0000194,0.0000201,0.0000109
412,402.3437500,0.0000225,0.0000157,0.0000082
413,403.3203125,0.0000149,0.0000131,0.0000118
414,404.2968750,0.0000274,0.0000231,0.0000158
415,405.2734375,0.0000525,0.0000107,0.0000062
416,406.2500000,0.0000424,0.0000062,0.0000167
417,407.2265625,0.0000058,0.0000162,0.0000118
418,408.2031250,0.0000105,0.0000127,0.0000235
419,409.1796875,0.0000104,0.0000075,0.0000322
420,410.1562500,0.0000184,0.0000155,0.0000202
421,411.1328125,0.0000286,0.0000224,0.0000331
422,412.1093750,0.0000036,0.0000170,0.0000354
423,413.0859375,0.0000069,0.0000014,0.0000167
424,414.0625000,0.0000169,0.0000033,0.0000191
425,415.0390625,0.0000141,0.0000016,0.0000171
426,416.0156250,0.0000218,0.0000166,0.0000077
427,416.9921875,0.0000261,0.0000210,0.0000029
428,417.9687500,0.0000119,0.0000146,0.0000059
429,418.9453125,0.0000101,0.0000121,0.0000237
430,419.9218750,0.0000217,0.0000024,0.0000252
431,420.8984375,0.0000291,0.0000184,0.0000192
432,421.8750000,0.0000105,0.0000375,0.0000089
433,422.8515625,0.0000385,0.0000191,0.0000191
434,423.8281250,0.0000354,0.0000113,0.0000181
435,424.8046875,0.0000091,0.0000059,0.0000035
436,425.7812500,0.0000111,0.0000057,0.0000085
437,426.7578125,0.0000139,0.0000056,0.0000134
438,427.7343750,0.0000203,0.0000027,0.0000190
439,428.7109375,0.0000282,0.0000047,0.0000177
440,429.6875000,0.0000378,0.0000187,0.0000206
441,430.6640625,0.0000385,0.0000211,0.0000109
442,431.6406250,0.0000548,0.0000116,0.0000206
443,432.6171875,0.0000399,0.0000139,0.0000253
444,433.5937500,0.0000201,0.0000147,0.0000286
445,434.5703125,0.0000175,0.0000021,0.0000119
446,435.5468750,0.0000076,0.0000102,0.0000059
447,436.5234375,0.0000020,0.0000180,0.0000089
448,437.5000000,0.0000090,0.0000125,0.0000086
449,438.4765625,0.0000098,0.0000040,0.0000227
450,439.4531250,0.0000220,0.0000180,0.0000205
451,440.4296875,0.0000371,0.0000130,0.0000310
452,441.4062500,0.0000206,0.0000180,0.0000211
453,442.3828125,0.0000339,0.0000077,0.0000094
454,443.3593750,0.0000227,0.0000152,0.0000128
455,444.3359375,0.0000113,0.0000212,0.0000224
456,445.3125000,0.0000166,0.0000172,0.0000091
457,446.2890625,0.0000025,0.0000126,0.0000045
458,447.2656250,0.0000121,0.0000137,0.0000113
459,448.2421875,0.0000081,0.0000105,0.0000187
460,449.2187500,0.0000114,0.0000154,0.0000191
461,450.1953125,0.0000180,0.0000077,0.0000171
462,451.1718750,0.0000181,0.0000098,0.0000150
463,452.1484375,0.0000218,0.0000182,0.0000308
464,453.1250000,0.0000275,0.0000114,0.0000160
465,454.1015625,0.0000233,0.0000123,0.0000187
466,455.0781250,0.0000108,0.0000101,0.0000159
467,456.0546875,0.0000086,0.0000115,0.0000019
468,457.0312500,0.0000252,0.0000146,0.0000109
469,458.0078125,0.0000453,0.0000190,0.0000081
470,458.9843750,0.0000323,0.0000245,0.0000078
471,459.9609375,0.0000091,0.0000202,0.0000065
472,460.9375000,0.0000161,0.0000089,0.0000164
473,461.9140625,0.0000215,0.0000233,0.0000085
474,462.8906250,0.0000088,0.0000228,0.0000123
475,463.8671875,0.0000151,0.0000169,0.0000134
476,464.8437500,0.0000060,0.0000185,0.0000069
477,465.8203125,0.0000192,0.0000051,0.0000024
478,466.7968750,0.0000186,0.0000038,0.0000072
479,467.7734375,0.0000175,0.0000209,0.0000017
480,468.7500000,0.0000299,0.0000210,0.0000067
481,469.7265625,0.0000246,0.0000069,0.0000164
482,470.7031250,0.0000142,0.0000107,0.0000321
483,471.6796875,0.0000131,0.0000266,0.0000202
484,472.6562500,0.0000264,0.0000247,0.0000137
485,473.6328125,0.0000200,0.0000225,0.0000137
486,474.6093750,0.0000075,0.0000194,0.0000082
487,475.5859375,0.0000155,0.0000137,0.0000082
488,476.5625000,0.0000368,0.0000171,0.0000040
489,477.5390625,0.0000243,0.0000127,0.0000153
490,478.5156250,0.0000110,0.0000132,0.0000148
491,479.4921875,0.0000161,0.0000210,0.0000143
492,480.4687500,0.0000130,0.0000236,0.0000189
493,481.4453125,0.0000086,0.0000185,0.0000185
494,482.4218750,0.0000114,0.0000211,0.0000085
495,483.3984375,0.0000222,0.0000072,0.0000184
496,484.3750000,0.0000320,0.0000035,0.0000226
497,485.3515625,0.0000311,0.0000072,0.0000070
498,486.3281250,0.0000087,0.0000119,0.0000182
499,487.3046875,0.0000095,0.0000157,0.0000056
500,488.2812500,0.0000123,0.0000150,0.0000073
501,489.2578125,0.0000184,0.0000254,0.0000029
502,490.2343750,0.0000252,0.0000216,0.0000090
503,491.2109375,0.0000194,0.0000123,0.0000083
504,492.1875000,0.0000148,0.0000179,0.0000180
505,493.1640625,0.0000161,0.0000119,0.0000089
506,494.1406250,0.0000169,0.0000090,0.0000092
507,495.1171875,0.0000123,0.0000100,0.0000092
508,496.0937500,0.0000196,0.0000043,0.0000092
509,497.0703125,0.0000236,0.0000213,0.0000099
510,498.0468750,0.0000072,0.0000197,0.0000059
511,499.0234375,0.0000077,0.0000166,0.0000082
512,500.0000000,0.0000086,0.0000069,0.0000077
#end fft
#begin fft_peaks
axis,rank,bin,freq_hz,amp
ax,1,13,12.6953125,0.0006596
ax,2,19,18.5546875,0.0005335
ax,3,25,24.4140625,0.0004437
ax,4,18,17.5781250,0.0004277
ax,5,20,19.5312500,0.0004246
ay,1,13,12.6953125,0.0006191
ay,2,24,23.4375000,0.0005362
ay,3,20,19.5312500,0.0005142
ay,4,14,13.6718750,0.0004757
ay,5,7,6.8359375,0.0004384
az,1,10,9.7656250,0.0005892
az,2,20,19.5312500,0.0004322
az,3,18,17.5781250,0.0004167
az,4,13,12.6953125,0.0004151
az,5,65,63.4765625,0.0003655
#end fft_peaks
#begin timing
step,us
record,1024402
convert,6539
dc_offset,12371
normalise,61862
stats,4220738
quantization,243067
zcr,5320
orientation,25298
downsample,4803
fft_3_axes,217292
#end timing
#begin fft_timing
n,fft_us,read_us,fs_max_blocking_hz,fs_max_buffered_hz
128,7027,378.0,135.0,2309.9
256,15315,378.0,63.7,2283.9
512,33526,378.0,29.5,2254.8
1024,72974,378.0,13.6,2225.7
#end fft_timing
DONE
