trial,feature_index,start_index,end_index,start_sensor_timestamp_us,end_sensor_timestamp_us,baseline_normalized,raw_peak,raw_rms,raw_variance,lp035_peak,lp035_rms,lp035_variance,lp015_peak,lp015_rms,lp015_variance,gyro_peak_raw,compute_us,time_s
still,0,60,79,7020040,7481242,0.514802575,0.000578284,0.000430483,4.31349401e-09,0.000447376,0.000392484,2.74614598e-09,0.00038105,0.000327408,6.57063337e-09,3.7416575,378,1.917536
still,1,70,89,7262879,7723935,0.514802575,0.000517249,0.000408128,3.24492389e-09,0.000479079,0.00040928,1.08764586e-09,0.000443364,0.000392316,7.30905502e-10,2.82842708,303,2.160229
still,2,80,99,7505571,7967080,0.514802575,0.000669837,0.000434355,1.99474586e-08,0.000574966,0.000404793,8.14214651e-09,0.00046217,0.000391417,2.00277239e-09,3.0,302,2.403374
still,3,90,109,7748209,8209808,0.514802575,0.000913978,0.000624577,5.48892126e-08,0.000836109,0.000572011,4.06411753e-08,0.000726268,0.000506526,1.96237246e-08,3.0,299,2.646102
still,4,100,119,7991406,8452452,0.514802575,0.000975013,0.000840658,1.06268806e-08,0.000942936,0.00081491,1.17231681e-08,0.000867079,0.000733175,1.59760221e-08,2.44948983,280,2.888746
still,5,110,129,8234083,8695301,0.514802575,0.000975013,0.000806321,1.6594697e-08,0.000942936,0.000819297,1.15372128e-08,0.000867079,0.000804209,3.1706473e-09,3.7416575,297,3.131595
still,6,120,139,8476715,8937951,0.514802575,0.00088346,0.000728559,8.12456413e-09,0.000836986,0.000741946,4.36703784e-09,0.000847276,0.000759745,1.94902894e-09,3.7416575,286,3.374245
still,7,130,149,8719582,9180591,0.514802575,0.00088346,0.000656621,3.38094597e-08,0.000829592,0.000648626,2.12101161e-08,0.000783494,0.000669099,9.23029386e-09,3.60555124,278,3.616885
still,8,140,159,8962219,9423230,0.514802575,0.001036048,0.00073624,5.65141243e-08,0.000980127,0.000696465,3.53987697e-08,0.000868492,0.000668533,1.15117266e-08,3.31662488,279,3.859524
still,9,150,169,9204857,9665990,0.514802575,0.001097083,0.000963098,9.84996174e-09,0.001058594,0.000935784,1.38652466e-08,0.000995396,0.000860282,1.63109204e-08,3.31662488,296,4.102284
still,10,160,179,9447560,9908630,0.514802575,0.001097083,0.000886428,2.80769236e-08,0.001058594,0.000910706,2.04614652e-08,0.000995396,0.00090862,6.39782094e-09,2.44948983,279,4.344924
still,11,170,189,9690261,10151328,0.514802575,0.00100553,0.000791187,1.14577182e-08,0.000927401,0.000796743,7.99480659e-09,0.000956253,0.000822559,4.4671089e-09,2.82842708,275,4.587622
still,12,180,199,9932892,10394510,0.514802575,0.00100553,0.000789157,1.05974703e-08,0.000911769,0.000785245,6.3643264e-09,0.000848494,0.000789301,1.81912896e-09,3.31662488,298,4.830804
still,13,190,209,10175593,10637255,0.514802575,0.000944495,0.000764387,9.69555813e-09,0.00089645,0.000760568,5.29973665e-09,0.000844584,0.000766996,2.06424655e-09,3.31662488,295,5.073549
still,14,200,219,10418843,10879885,0.514802575,0.000944495,0.000767876,3.4655002e-08,0.000910849,0.000774897,1.6210503e-08,0.000866201,0.000773814,4.49870896e-09,3.7416575,285,5.316179
still,15,210,229,10661526,11122687,0.514802575,0.000913978,0.000641977,4.56323543e-08,0.000910849,0.000658006,3.89069856e-08,0.000866201,0.000685344,2.02830834e-08,3.7416575,296,5.558981
still,16,220,239,10904163,11365333,0.514802575,0.00088346,0.000700312,3.74759313e-08,0.000824236,0.000666254,3.12785669e-08,0.000779317,0.000643029,1.04059418e-08,3.31662488,279,5.801627
still,17,230,249,11146958,11607973,0.514802575,0.001036048,0.000895901,6.18594242e-09,0.000990837,0.000873285,6.70023725e-09,0.000923071,0.000809794,8.73341133e-09,3.1622777,280,6.044267
still,18,240,259,11389599,11850863,0.514802575,0.001036048,0.000884653,1.071266e-08,0.000990837,0.000877487,6.1357488e-09,0.000923071,0.000860906,1.69616177e-09,2.44948983,297,6.287157
still,19,250,269,11632235,12093491,0.514802575,0.000913978,0.000794432,4.21545998e-09,0.000866556,0.000803125,1.63864167e-09,0.000885585,0.000824203,6.95835444e-10,3.31662488,289,6.529785
still,20,260,279,11875134,12336132,0.514802575,0.001066566,0.000907613,1.69108565e-08,0.001048467,0.000888329,1.1365718e-08,0.000986302,0.000861442,4.44695125e-09,3.31662488,276,6.772426
still,21,270,289,12117766,12578879,0.514802575,0.001066566,0.000928274,1.59403209e-08,0.001048467,0.000928155,9.88023796e-09,0.000989186,0.00091244,3.57831498e-09,3.1622777,292,7.015173
still,22,280,299,12360396,12821946,0.514802575,0.00100553,0.000782354,9.36224254e-09,0.001030614,0.000815616,1.05654551e-08,0.000989186,0.000852296,6.89466884e-09,2.44948983,303,7.25824
still,23,290,309,12603153,13064774,0.514802575,0.001188636,0.00086751,3.18512324e-08,0.001107702,0.0008281,1.7521902e-08,0.000979651,0.000810064,5.11305309e-09,2.44948983,292,7.501068
still,24,300,319,12846368,13307471,0.514802575,0.001188636,0.001064573,2.27830907e-08,0.001155052,0.001025134,2.56489138e-08,0.001101904,0.000959237,1.89458811e-08,2.44948983,286,7.743765
still,25,310,329,13089048,13550321,0.514802575,0.001493812,0.001256583,1.82343152e-08,0.00142666,0.001234802,1.33538779e-08,0.001321663,0.001161985,1.13752313e-08,2.44948983,299,7.986615
still,26,320,339,13331883,13792961,0.514802575,0.001493812,0.001189169,4.68014102e-08,0.00142666,0.001200211,3.08223701e-08,0.001321663,0.001196775,9.91555638e-09,2.44948983,289,8.229255
still,27,330,349,13574589,14035592,0.514802575,0.001188636,0.000988396,5.61489477e-09,0.001276148,0.001024191,8.4066798e-09,0.001288035,0.001080717,8.45016057e-09,2.44948983,277,8.471886
still,28,340,359,13817231,14278355,0.514802575,0.001280189,0.001084387,1.27836273e-08,0.00119833,0.001059346,8.51129212e-09,0.001145586,0.001045142,2.75643264e-09,2.82842708,298,8.714649
still,29,350,369,14059852,14521003,0.514802575,0.001310706,0.001208063,6.71287514e-09,0.001276984,0.001183955,8.20316526e-09,0.001232108,0.001141544,6.70682088e-09,3.31662488,279,8.957297
still,30,360,379,14302636,14763630,0.514802575,0.001310706,0.001218716,2.7915168e-09,0.001276984,0.001217073,1.13727916e-09,0.001232108,0.001203153,3.72687575e-10,3.31662488,275,9.199924
still,31,370,389,14545267,15006496,0.514802575,0.001371741,0.001259923,6.94815672e-09,0.001346531,0.001253169,4.49757698e-09,0.001303362,0.001238963,1.91457694e-09,3.31662488,299,9.44279
still,32,380,399,14787925,15249556,0.514802575,0.001432776,0.001345899,4.59779237e-09,0.001414411,0.001336941,1.98108485e-09,0.001367616,0.001308034,1.74820847e-09,3.1622777,299,9.68585
still,33,390,409,15030769,15492281,0.514802575,0.001432776,0.00126444,1.49109647e-08,0.001414411,0.001275273,1.00913419e-08,0.001367616,0.001289631,3.96808586e-09,3.1622777,298,9.928575
still,34,400,419,15273886,15735081,0.514802575,0.001280189,0.001170124,3.26207994e-09,0.001256057,0.001186376,1.5500683e-09,0.001306539,0.001217243,1.49274715e-09,2.44948983,298,10.171375
still,35,410,429,15516552,15977719,0.514802575,0.001280189,0.001146925,6.12467144e-09,0.001230249,0.001144219,3.60275454e-09,0.001213346,0.001157775,1.82256932e-09,2.44948983,285,10.414013
still,36,420,439,15759346,16220358,0.514802575,0.001219153,0.001007291,3.89660459e-08,0.001181743,0.001037295,2.07975217e-08,0.001149978,0.001079001,7.47863194e-09,3.1622777,277,10.656652
still,37,430,449,16001988,16463250,0.514802575,0.001219153,0.000853,2.9946921e-08,0.001181743,0.000877568,2.87287044e-08,0.001149978,0.000928955,1.96662329e-08,3.31662488,295,10.899544
still,38,440,459,16244620,16705892,0.514802575,0.000913978,0.000843663,7.88928212e-09,0.000889179,0.000824756,7.0076247e-09,0.000874082,0.000833491,1.18646126e-09,3.31662488,284,11.142186
still,39,450,469,16487525,16948522,0.514802575,0.001036048,0.000910693,2.47780818e-09,0.000979768,0.000901057,9.337936e-10,0.000938956,0.000883384,6.30321961e-10,2.82842708,278,11.384816
still,40,460,479,16730160,17191135,0.514802575,0.001249671,0.001074829,1.86264513e-08,0.001199271,0.001045371,1.57046303e-08,0.001145778,0.000994185,9.6055528e-09,3.31662488,284,11.627429
still,41,470,489,16972782,17433901,0.514802575,0.001249671,0.001171057,1.80382476e-09,0.001199271,0.001157336,2.05958339e-09,0.001159008,0.001114641,3.48928131e-09,4.12310553,291,11.870195
still,42,480,499,17215474,17676944,0.514802575,0.001188636,0.001096068,4.69582639e-09,0.001185745,0.001111323,3.68453201e-09,0.001159008,0.001121194,1.48999557e-09,4.12310553,300,12.113238
still,43,490,509,17458171,17919733,0.514802575,0.001127601,0.001010724,7.79124854e-09,0.001114204,0.001031725,3.94294908e-09,0.001129614,0.001060549,2.13668017e-09,3.1622777,297,12.356027
still,44,500,519,17701291,18162544,0.514802575,0.001127601,0.000991897,9.74457492e-09,0.001075285,0.000987042,5.07200593e-09,0.001066757,0.000999058,2.30596386e-09,3.1622777,292,12.598838
still,45,510,529,17944011,18405195,0.514802575,0.001402259,0.001108732,1.9989123e-08,0.001303281,0.00106742,1.42098323e-08,0.001199353,0.00103391,6.34061381e-09,3.31662488,286,12.841489
still,46,520,539,18186814,18647829,0.514802575,0.001402259,0.001226292,1.44575577e-08,0.001375077,0.001218598,1.02849372e-08,0.001282608,0.001175083,7.9708764e-09,3.31662488,282,13.084123
still,47,530,549,18429458,18890602,0.514802575,0.001402259,0.001148087,1.99401062e-08,0.001375077,0.001171557,1.67614329e-08,0.001282608,0.001180128,6.15737461e-09,2.44948983,298,13.326896
still,48,540,559,18672101,19133242,0.514802575,0.001097083,0.000968633,8.75198136e-09,0.001083204,0.000993908,6.67821443e-09,0.00115939,0.001047745,5.99617866e-09,3.0,279,13.569536
still,49,550,569,18914878,19375880,0.514802575,0.001066566,0.000943985,8.06574363e-09,0.001041632,0.000941995,5.01793318e-09,0.001056762,0.000961202,2.63747513e-09,3.1622777,281,13.812174
still,50,560,579,19157509,19618733,0.514802575,0.001066566,0.000984388,3.61500208e-09,0.001041632,0.000970759,3.25025451e-09,0.000995931,0.000961332,1.33748779e-09,3.1622777,299,14.055027
still,51,570,589,19400141,19861374,0.514802575,0.00100553,0.000951509,1.82343152e-09,0.001017045,0.000963105,1.12914944e-09,0.000995931,0.000969287,4.0397255e-10,3.1622777,284,14.297668
still,52,580,599,19643005,20104450,0.514802575,0.001249671,0.001033611,1.78691389e-08,0.001205918,0.001015241,1.12839887e-08,0.001111896,0.000991636,3.9889847e-09,3.31662488,302,14.540744
still,53,590,609,19885643,20347338,0.514802575,0.001249671,0.001043839,1.70579087e-08,0.001205918,0.001035596,1.01132275e-08,0.001111896,0.001022639,3.39760664e-09,3.31662488,300,14.783632
still,54,600,619,20128790,20589978,0.514802575,0.001036048,0.000885729,9.89162618e-09,0.001107693,0.000919829,9.02605901e-09,0.001094739,0.000962227,5.79056403e-09,2.23606801,286,15.026272
still,55,610,629,20371616,20832611,0.514802575,0.001036048,0.000886412,1.11660671e-08,0.001012075,0.000879645,6.50866072e-09,0.000968005,0.000891,2.62243982e-09,3.0,284,15.268905
still,56,620,639,20614247,21075297,0.514802575,0.001127601,0.000959901,9.05833762e-08,0.001096298,0.000952648,2.45108393e-08,0.001037763,0.000933706,7.43854356e-09,3.0,282,15.511591
still,57,630,649,20856883,21318164,0.514802575,0.001158118,0.000850059,2.07694739e-07,0.001096298,0.000804691,1.16647378e-07,0.001037763,0.000813181,5.00748273e-08,3.1622777,308,15.754458
still,58,640,659,21099712,21560798,0.514802575,0.001158118,0.000855025,1.42078164e-07,0.001018562,0.000793267,9.73363032e-08,0.000920411,0.000752134,2.90687542e-08,3.1622777,281,15.997092
still,59,650,669,21342441,21803430,0.514802575,0.001097083,0.001005973,4.16399226e-09,0.001056517,0.000996183,1.60235469e-09,0.001012404,0.000931336,3.62468255e-09,2.44948983,275,16.239724
still,60,660,679,21585061,22046211,0.514802575,0.001066566,0.000945835,1.47639135e-08,0.001056517,0.000955743,8.4567322e-09,0.001012404,0.000956954,2.56694488e-09,2.44948983,297,16.482505
still,61,670,689,21827693,22288861,0.514802575,0.00100553,0.000870614,7.20304483e-09,0.00101502,0.000877365,5.65959946e-09,0.001006444,0.000898551,3.45011264e-09,3.31662488,279,16.725155
still,62,680,699,22070488,22531922,0.514802575,0.001188636,0.000974497,1.14307593e-08,0.001121907,0.000941095,9.44068024e-09,0.001044956,0.000914509,4.25884572e-09,3.31662488,290,16.968216
still,63,690,709,22313129,22774868,0.514802575,0.001249671,0.001078213,9.1049035e-09,0.00119696,0.001070061,6.73939082e-09,0.001122736,0.001032966,5.47345813e-09,3.0,304,17.211162
still,64,700,719,22556294,23017514,0.514802575,0.001249671,0.00106382,7.5094011e-09,0.00119696,0.00107356,4.86578067e-09,0.001122736,0.001067705,1.11861675e-09,2.44948983,278,17.453808
still,65,710,729,22799153,23260153,0.514802575,0.001280189,0.001091991,9.32302946e-09,0.001237913,0.001069447,5.01996711e-09,0.001160192,0.001058774,1.4779582e-09,3.1622777,283,17.696447
still,66,720,739,23041782,23502916,0.514802575,0.001432776,0.001287949,2.09792661e-08,0.001414626,0.001252133,2.21026821e-08,0.001356692,0.001191158,1.51066411e-08,3.1622777,289,17.93921
still,67,730,749,23284420,23745557,0.514802575,0.001432776,0.001402591,9.8033959e-10,0.001428602,0.001391139,1.34686706e-09,0.001399504,0.001341998,3.90986399e-09,3.1622777,284,18.181851
still,68,740,759,23527183,23988210,0.514802575,0.001432776,0.001344256,4.26202629e-09,0.001428602,0.001353788,3.27570771e-09,0.001399504,0.001357332,1.1619401e-09,3.1622777,279,18.424504
still,69,750,769,23769824,24231082,0.514802575,0.001310706,0.00124917,2.69348299e-09,0.00133377,0.001263666,2.23332619e-09,0.001363128,0.001292573,1.87482274e-09,3.1622777,292,18.667376
still,70,760,779,24012474,24473714,0.514802575,0.001280189,0.001180296,5.81096282e-09,0.001286768,0.001200157,2.78594592e-09,0.001302689,0.001227802,1.84332849e-09,3.1622777,286,18.910008
still,71,770,789,24255360,24716358,0.514802575,0.001310706,0.001175877,9.9479952e-09,0.001264209,0.001168897,5.20381827e-09,0.001219915,0.001175263,1.83812199e-09,3.1622777,282,19.152652
still,72,780,799,24497980,24959388,0.514802575,0.001310706,0.001149034,1.12224371e-08,0.001264209,0.001142931,6.58154198e-09,0.001219328,0.001150233,1.75491777e-09,3.31662488,298,19.395682
still,73,790,809,24740619,25202217,0.514802575,0.001402259,0.00121756,1.93224918e-08,0.001347397,0.001210169,1.23302256e-08,0.001285187,0.001191772,4.35881597e-09,3.31662488,300,19.638511
still,74,800,819,24983763,25444853,0.514802575,0.001402259,0.001306336,4.76445017e-09,0.001347397,0.001283805,3.05457815e-09,0.001304548,0.001251715,2.03078021e-09,3.1622777,279,19.881147
still,75,810,829,25226489,25687544,0.514802575,0.001402259,0.001212868,1.12028305e-08,0.001344389,0.001232927,6.15164319e-09,0.001304548,0.001249216,2.01380979e-09,2.44948983,276,20.123838
still,76,820,839,25469117,25930351,0.514802575,0.001463294,0.001229798,1.95969869e-08,0.001410185,0.001220539,1.13972954e-08,0.001318089,0.001219812,3.70347242e-09,2.44948983,292,20.366645
still,77,830,849,25711808,26172984,0.514802575,0.001463294,0.00129608,1.00386773e-08,0.001410185,0.001280082,9.0042791e-09,0.001321559,0.001257596,4.63688243e-09,2.23606801,281,20.609278
still,78,840,859,25954622,26415614,0.514802575,0.001341224,0.001191887,1.57736631e-08,0.001386049,0.001211671,1.40027695e-08,0.001321559,0.001233522,6.68356526e-09,3.1622777,283,20.851908
still,79,850,869,26197244,26658406,0.514802575,0.001280189,0.001117602,8.7715879e-09,0.001220593,0.001127342,3.94865474e-09,0.001255212,0.001156211,1.41731127e-09,3.1622777,291,21.0947
still,80,860,879,26439881,26901036,0.514802575,0.001371741,0.001171477,6.59523414e-09,0.001274716,0.00116182,2.5093525e-09,0.001211268,0.001153957,6.13510298e-10,3.1622777,286,21.33733
still,81,870,889,26682679,27143669,0.514802575,0.001524329,0.001342723,2.14302227e-08,0.001463029,0.001309631,1.9241442e-08,0.001414173,0.001257664,1.18659916e-08,2.44948983,284,21.579963
still,82,880,899,26925301,27386864,0.514802575,0.001524329,0.001194049,3.97370826e-07,0.001480806,0.00122042,2.31958466e-07,0.001440326,0.001236352,7.63917134e-08,2.23606801,306,21.823158
still,83,890,909,27167941,27629600,0.514802575,0.001493812,0.00092355,2.77789013e-07,0.001480806,0.000911476,1.75263636e-07,0.001440326,0.000957753,8.60569988e-08,2.23606801,302,22.065894
still,84,900,919,27411197,27872246,0.514802575,0.001158118,0.00081554,1.99428029e-07,0.001026884,0.000747681,1.05034182e-07,0.000934109,0.00074246,2.97819028e-08,2.44948983,280,22.30854
still,85,910,929,27653884,28115016,0.514802575,0.001554847,0.001080409,3.81398649e-07,0.001498341,0.000960512,2.17098204e-07,0.001256404,0.000835977,6.98320611e-08,2.44948983,295,22.55131
still,86,920,939,27896507,28357647,0.514802575,0.001554847,0.001304184,9.39434901e-08,0.001498341,0.00123587,9.14697641e-08,0.001296192,0.001104165,6.80042113e-08,3.1622777,283,22.793941
still,87,930,949,28139293,28600283,0.514802575,0.001432776,0.001192239,1.66559689e-08,0.001475393,0.001212289,1.67536791e-08,0.001296192,0.001197378,4.17290913e-09,3.1622777,283,23.036577
still,88,940,959,28381913,28842984,0.514802575,0.001341224,0.00117789,7.39911288e-09,0.001281641,0.001169511,5.36415978e-09,0.001229561,0.001171644,1.49899093e-09,3.1622777,283,23.279278
still,89,950,969,28624547,29085787,0.514802575,0.001280189,0.001171773,3.56843599e-09,0.001281133,0.00117549,2.34969622e-09,0.001229561,0.001176728,7.81703146e-10,2.44948983,292,23.522081
still,90,960,979,28867349,29328418,0.514802575,0.001341224,0.001225605,4.83062301e-09,0.00130901,0.001219617,3.63239439e-09,0.001265096,0.001204494,1.97334016e-09,2.44948983,282,23.764712
still,91,970,989,29110061,29571047,0.514802575,0.001341224,0.00120243,7.86967558e-09,0.00130901,0.00120558,5.21391019e-09,0.001265096,0.001206169,1.7421885e-09,2.23606801,283,24.007341
still,92,980,999,29352687,29814206,0.514802575,0.001219153,0.00114225,2.20331309e-09,0.001190945,0.001146569,6.40665409e-10,0.001192758,0.00116313,1.36896855e-10,2.23606801,304,24.2505
still,93,990,1009,29595312,30056979,0.514802575,0.001280189,0.001171455,2.78416423e-09,0.001232775,0.001168342,1.38694445e-09,0.001199504,0.001164226,4.14284051e-10,3.1622777,292,24.493273
still,94,1000,1019,29838566,30299626,0.514802575,0.001280189,0.001160167,4.99973174e-09,0.001232775,0.001164308,2.73518808e-09,0.001202452,0.001166496,8.28569768e-10,3.31662488,280,24.73592
still,95,1010,1029,30081254,30542465,0.514802575,0.001249671,0.001135083,3.2939409e-09,0.001218652,0.00113765,2.00915728e-09,0.001202452,0.001146157,9.5346264e-10,3.31662488,298,24.978759
still,96,1020,1039,30323921,30785097,0.514802575,0.001280189,0.001193363,4.20565671e-09,0.001257572,0.001179043,3.06713721e-09,0.001218147,0.001164408,1.591282e-09,2.44948983,286,25.221391
still,97,1030,1049,30566736,31027747,0.514802575,0.001341224,0.001080145,2.55425021e-07,0.001285976,0.001106428,1.23127364e-07,0.001250555,0.001133583,3.64062305e-08,3.1622777,275,25.464041
still,98,1040,1059,30809368,31270508,0.514802575,0.001341224,0.000872753,2.85474868e-07,0.001285976,0.000833936,1.8042995e-07,0.001250555,0.000866947,9.13898564e-08,3.1622777,299,25.706802
still,99,1050,1069,31052010,31513156,0.514802575,0.001402259,0.001026502,1.73174527e-07,0.001300125,0.000920339,1.46546412e-07,0.001148328,0.000820928,5.4990575e-08,3.31662488,277,25.94945
still,100,1060,1079,31294795,31755782,0.514802575,0.001493812,0.001310681,2.51064962e-08,0.001442757,0.001271219,2.75007569e-08,0.00136692,0.001156999,3.34014697e-08,3.31662488,283,26.192076
still,101,1070,1089,31537419,31998593,0.514802575,0.001493812,0.001431949,2.10527928e-09,0.001464645,0.001423875,1.07170584e-09,0.001432034,0.001360007,5.16636334e-09,3.0,301,26.434887
still,102,1080,1099,31780044,32241684,0.514802575,0.001493812,0.001361107,8.86962237e-09,0.001464645,0.001368698,6.33187591e-09,0.001432034,0.001372894,2.24988472e-09,2.23606801,304,26.677978
still,103,1090,1109,32022877,32484421,0.514802575,0.001432776,0.001311878,3.23512062e-09,0.001374602,0.001314229,1.06379516e-09,0.001382676,0.001329084,4.11671336e-10,4.0,299,26.920715
still,104,1100,1119,32266013,32727051,0.514802575,0.001432776,0.001314746,2.73514744e-09,0.001374602,0.001318294,9.26333676e-10,0.001341908,0.001320664,2.57146998e-10,4.12310553,280,27.163345
still,105,1110,1129,32508692,32969824,0.514802575,0.001493812,0.001321839,5.49970469e-09,0.001417833,0.001314305,2.15279705e-09,0.001366579,0.001313045,5.59543966e-10,4.12310553,296,27.406118
still,106,1120,1139,32751392,33212481,0.514802575,0.001524329,0.001390586,6.02663741e-09,0.001460221,0.001372657,4.01969347e-09,0.001421976,0.001352789,2.22745999e-09,3.1622777,281,27.648775
still,107,1130,1149,32994100,33455167,0.514802575,0.00189054,0.001595991,3.55863246e-08,0.00183691,0.001554265,2.55077645e-08,0.001721225,0.001489255,1.36942234e-08,3.31662488,283,27.891461
still,108,1140,1159,33236748,33697942,0.514802575,0.00189054,0.001614195,4.59289064e-08,0.00183691,0.001622572,2.63610304e-08,0.001732889,0.001596446,9.70682024e-09,3.31662488,297,28.134236
still,109,1150,1169,33479432,33940588,0.514802575,0.001798987,0.001276851,6.02198107e-08,0.001823637,0.001351684,7.18044638e-08,0.001732889,0.001437682,4.63355713e-08,2.23606801,279,28.376882
still,110,1160,1179,33722217,34183223,0.514802575,0.001341224,0.001116291,9.26420896e-09,0.001255857,0.001119308,5.1853668e-09,0.001399024,0.001187514,7.61098029e-09,2.0,275,28.619517
still,111,1170,1189,33964853,34426007,0.514802575,0.001371741,0.00121528,9.59507318e-09,0.001322293,0.0012038,8.03263855e-09,0.001264519,0.001189198,3.59169161e-09,2.0,289,28.862301
still,112,1180,1199,34207488,34669041,0.514802575,0.001737952,0.001414642,4.12208254e-08,0.001655461,0.001373967,2.61034587e-08,0.001528217,0.001309605,1.10937374e-08,2.23606801,304,29.105335
still,113,1190,1209,34450279,34911782,0.514802575,0.001737952,0.001446456,3.22433667e-08,0.001655461,0.00143174,2.27660945e-08,0.001528217,0.001400641,9.71752989e-09,2.23606801,293,29.348076
still,114,1200,1219,34693384,35154663,0.514802575,0.001524329,0.001345088,6.61484112e-09,0.001600561,0.00137656,7.26511562e-09,0.001527634,0.001396943,3.29753869e-09,2.44948983,295,29.590957
still,115,1210,1229,34936052,35397309,0.514802575,0.001432776,0.00132933,5.14433163e-09,0.001404247,0.00133309,1.70060022e-09,0.001383607,0.001343394,7.15350556e-10,3.0,289,29.833603
still,116,1220,1239,35178939,35639955,0.514802575,0.001371741,0.00120847,1.16170237e-08,0.001337767,0.001227317,7.45343165e-09,0.001329046,0.001262905,4.51762583e-09,3.0,284,30.076249
still,117,1230,1249,35421578,35882778,0.514802575,0.001188636,0.001015479,1.46952902e-08,0.0011972,0.001043793,1.46209434e-08,0.001263272,0.001108833,1.28019816e-08,3.0,306,30.319072
still,118,1240,1259,35664225,36125446,0.514802575,0.001310706,0.001065384,2.79862423e-08,0.001249464,0.001050167,1.87242753e-08,0.001163889,0.001048549,5.79035753e-09,2.44948983,281,30.56174
still,119,1250,1269,35907059,36368091,0.514802575,0.001402259,0.001219119,7.7348794e-09,0.001323895,0.001183316,6.24464169e-09,0.001248507,0.001135986,5.12363618e-09,2.44948983,283,30.804385
still,120,1260,1279,36149713,36610796,0.514802575,0.001402259,0.001235398,1.44379502e-08,0.001363114,0.001242126,7.23588878e-09,0.001305646,0.001224459,3.21805693e-09,3.1622777,277,31.04709
still,121,1270,1289,36392357,36853586,0.514802575,0.001554847,0.001277022,3.64171622e-08,0.001487185,0.001255504,1.9141593e-08,0.001350242,0.001236512,5.02938269e-09,3.1622777,296,31.28988
still,122,1280,1299,36635137,37096650,0.514802575,0.001615882,0.001369958,3.86743966e-08,0.001554564,0.001349697,3.19228906e-08,0.001444421,0.00131336,1.52802658e-08,3.31662488,294,31.532944
still,123,1290,1309,36877854,37339386,0.514802575,0.001615882,0.001393979,1.15091864e-08,0.001554564,0.001405277,7.4687776e-09,0.001444421,0.001386921,1.26952526e-09,3.31662488,303,31.77568
still,124,1300,1319,37120982,37582198,0.514802575,0.001432776,0.001309821,5.97026784e-09,0.001406077,0.001311211,3.01287373e-09,0.001382847,0.001329623,1.30328448e-09,3.1622777,297,32.018492
still,125,1310,1329,37363658,37824848,0.514802575,0.001310706,0.001196982,5.64675595e-09,0.001315168,0.00121212,4.26817159e-09,0.001345854,0.00124832,3.48680151e-09,3.1622777,287,32.261142
still,126,1320,1339,37606471,38067515,0.514802575,0.001280189,0.00119671,4.96051822e-09,0.001265639,0.001198647,2.74766432e-09,0.001263634,0.001208632,8.14842471e-10,3.1622777,274,32.503809
still,127,1330,1349,37849115,38310319,0.514802575,0.001280189,0.001199427,4.12722967e-09,0.001265639,0.001204958,2.36546405e-09,0.001240187,0.001206407,7.3727524e-10,3.1622777,291,32.746613
still,128,1340,1359,38091787,38552959,0.514802575,0.001219153,0.001105929,2.83073054e-09,0.00123192,0.001119864,3.35966388e-09,0.001232071,0.00114704,2.78474865e-09,2.44948983,281,32.989253
still,129,1350,1369,38334593,38795594,0.514802575,0.001280189,0.001124011,5.94085758e-09,0.001216251,0.001122496,3.42373663e-09,0.001162814,0.00112477,1.00067343e-09,2.23606801,281,33.231888
still,130,1360,1379,38577224,39038360,0.514802575,0.001280189,0.001100158,1.06342329e-08,0.001216251,0.001101397,6.62974697e-09,0.001162814,0.001107669,2.45563037e-09,2.23606801,298,33.474654
still,131,1370,1389,38819856,39281008,0.514802575,0.001341224,0.001139814,1.8261275e-08,0.00129197,0.001130045,1.22890843e-08,0.001218849,0.001117463,4.34601288e-09,2.44948983,286,33.717302
still,132,1380,1399,39062637,39524056,0.514802575,0.001341224,0.001144598,1.88323222e-08,0.00129197,0.001144033,1.16787965e-08,0.001218849,0.001136956,3.66493413e-09,3.0,295,33.96035
still,133,1390,1409,39305282,39766958,0.514802575,0.001280189,0.001102756,1.31365495e-08,0.001230554,0.001110659,7.18046955e-09,0.001191523,0.001119554,2.23529906e-09,3.0,308,34.203252
still,134,1400,1419,39548378,40009620,0.514802575,0.001280189,0.001036181,3.00449546e-08,0.001230554,0.001041246,2.11271283e-08,0.001167888,0.001059115,8.66960992e-09,3.1622777,281,34.445914
still,135,1410,1429,39791243,40252256,0.514802575,0.001310706,0.0010597,3.54760377e-08,0.001253588,0.001045183,2.41369144e-08,0.001163668,0.001037013,7.76216957e-09,3.1622777,279,34.68855
still,136,1420,1439,40033882,40494891,0.514802575,0.001310706,0.001171238,6.00703043e-09,0.001253588,0.001148312,4.54406113e-09,0.001163668,0.00111072,3.18034354e-09,3.1622777,282,34.931185
still,137,1430,1449,40276519,40737708,0.514802575,0.001219153,0.001087722,6.50945475e-09,0.001189914,0.001105054,3.15921822e-09,0.001158979,0.00111838,9.8997521e-10,3.1622777,291,35.174002
still,138,1440,1459,40519271,40980351,0.514802575,0.001249671,0.001102057,7.98731659e-09,0.001189914,0.00110078,4.4129993e-09,0.001158979,0.001101234,1.44644707e-09,3.1622777,285,35.416645
still,139,1450,1469,40761983,41223038,0.514802575,0.001249671,0.001160546,2.20331309e-09,0.001195828,0.001141054,2.47522802e-09,0.001171074,0.001123355,1.4789997e-09,2.44948983,279,35.659332
still,140,1460,1479,41004614,41465843,0.514802575,0.001249671,0.001147209,6.81090917e-09,0.001226922,0.001158415,3.0735019e-09,0.001200174,0.001157466,7.83110965e-10,2.44948983,292,35.902137
still,141,1470,1489,41247299,41708487,0.514802575,0.001249671,0.001065264,1.07445216e-08,0.001226922,0.00108605,8.22747293e-09,0.001200174,0.001109015,4.32555103e-09,2.23606801,289,36.144781
still,142,1480,1499,41490117,41951557,0.514802575,0.001219153,0.001051378,6.90159041e-09,0.001144003,0.001039642,3.5413843e-09,0.001100994,0.001047384,1.03501652e-09,2.44948983,294,36.387851
still,143,1490,1509,41732753,42194470,0.514802575,0.001219153,0.001078276,5.79380677e-09,0.001144003,0.001074199,3.70592335e-09,0.001104985,0.001066199,1.50499935e-09,2.44948983,304,36.630764
still,144,1500,1519,41975886,42437130,0.514802575,0.001249671,0.00106751,1.23792379e-08,0.001196147,0.001060009,6.38096509e-09,0.001112829,0.001059537,2.01106976e-09,3.31662488,281,36.873424
still,145,1510,1529,42218742,42679748,0.514802575,0.001249671,0.001113603,1.36536789e-08,0.00121488,0.001102722,1.02538217e-08,0.001158578,0.001087746,4.31400737e-09,3.31662488,278,37.116042
still,146,1520,1539,42461393,42922624,0.514802575,0.001432776,0.001217539,1.53790774e-08,0.001377899,0.001197878,8.13738943e-09,0.001288633,0.001162797,2.65321143e-09,3.1622777,297,37.358918
still,147,1530,1549,42704011,43165277,0.514802575,0.001463294,0.001336853,1.34404548e-08,0.001421221,0.00130647,1.28640785e-08,0.00137852,0.001261982,8.73723494e-09,3.1622777,280,37.601571
still,148,1540,1559,42946896,43407927,0.514802575,0.001615882,0.00145825,7.92849608e-09,0.001564494,0.001443504,5.73293502e-09,0.001504337,0.001396668,4.91338836e-09,3.1622777,279,37.844221
still,149,1550,1569,43189542,43650713,0.514802575,0.001615882,0.001497793,2.93121527e-09,0.001564494,0.001495389,1.58276514e-09,0.001504337,0.00147208,1.3761402e-09,3.1622777,291,38.087007
still,150,1560,1579,43432186,43893375,0.514802575,0.001493812,0.001401399,6.46043752e-09,0.001516808,0.001418474,5.58172442e-09,0.001501416,0.001440653,3.08909631e-09,3.0,285,38.329669
still,151,1570,1589,43674994,44136021,0.514802575,0.001402259,0.0013205,1.77441462e-09,0.001417745,0.001329681,8.85031881e-10,0.001453185,0.001359683,1.52320934e-09,3.1622777,284,38.572315
still,152,1580,1599,43917642,44379145,0.514802575,0.001402259,0.001322031,1.79157056e-09,0.001351729,0.0013206,3.63177127e-10,0.001357246,0.001327676,1.0937537e-10,3.1622777,303,38.815439
still,153,1590,1609,44160290,44622072,0.514802575,0.001615882,0.00142593,1.14969322e-08,0.001549787,0.001405539,7.4940969e-09,0.001493029,0.001376847,3.64584984e-09,3.31662488,296,39.058366
still,154,1600,1619,44403635,44864710,0.514802575,0.001646399,0.001510984,1.09283354e-08,0.001618763,0.001507549,5.82938586e-09,0.001557184,0.001475994,4.2864654e-09,3.31662488,286,39.301004
still,155,1610,1629,44646346,45107367,0.514802575,0.001646399,0.001402136,2.65770052e-08,0.001618763,0.001415644,2.14980316e-08,0.001557184,0.001436353,9.90874671e-09,3.0,276,39.543661
still,156,1620,1639,44888973,45350150,0.514802575,0.001524329,0.001340239,1.01244567e-08,0.00143906,0.001331905,4.30096136e-09,0.001409823,0.001353642,7.58480167e-10,2.82842708,297,39.786444
still,157,1630,1649,45131637,45592802,0.514802575,0.00176847,0.001530048,2.32806127e-08,0.001696495,0.001506566,1.82148765e-08,0.001599608,0.001457386,1.03757775e-08,3.1622777,279,40.029096
still,158,1640,1659,45374434,45835437,0.514802575,0.00176847,0.00162673,5.79380677e-09,0.001696495,0.001615512,2.68606803e-09,0.001619608,0.001572571,3.03707481e-09,3.31662488,275,40.271731
still,159,1650,1669,45617064,46078317,0.514802575,0.001676917,0.001490996,1.50849749e-08,0.001646836,0.001513771,1.14396242e-08,0.001619608,0.001540188,5.40139e-09,3.31662488,298,40.514611
still,160,1660,1679,45859730,46320962,0.514802575,0.001493812,0.00139259,2.96797809e-09,0.001509068,0.00140045,2.19398211e-09,0.001560984,0.00143709,3.04583936e-09,3.31662488,285,40.757256
still,161,1670,1689,46102588,46563618,0.514802575,0.001829505,0.001571493,3.47628411e-08,0.001803129,0.001527981,2.64364314e-08,0.00169694,0.00148337,1.15352553e-08,3.0,276,40.999912
still,162,1680,1699,46345237,46806748,0.514802575,0.001860023,0.001684257,1.51854598e-08,0.001823042,0.001671364,1.18885211e-08,0.001729886,0.00162595,8.76651907e-09,3.0,299,41.243042
still,163,1690,1709,46587881,47049500,0.514802575,0.001860023,0.001692137,1.07249142e-08,0.001823042,0.001700609,6.26001206e-09,0.001729886,0.001687655,1.40939516e-09,3.60555124,298,41.485794
still,164,1700,1719,46831076,47292137,0.514802575,0.001829505,0.001635191,1.91631864e-08,0.001780173,0.00164814,1.00122531e-08,0.001722506,0.001660015,3.2096048e-09,3.60555124,285,41.728431
still,165,1710,1729,47073771,47535018,0.514802575,0.001646399,0.001364482,4.03017597e-08,0.001680123,0.001414023,4.00118867e-08,0.001694957,0.001493064,2.73847146e-08,3.31662488,293,41.971312
still,166,1720,1739,47316414,47777675,0.514802575,0.001524329,0.001301367,2.03395947e-08,0.001436748,0.001302675,1.26308891e-08,0.001490461,0.001339015,5.55260238e-09,3.31662488,286,42.213969
still,167,1730,1749,47559298,48020300,0.514802575,0.001554847,0.001431642,5.77419978e-09,0.001490327,0.001400661,5.20094234e-09,0.001451556,0.001368239,3.08029069e-09,3.7416575,284,42.456594
still,168,1740,1759,47801936,48262943,0.514802575,0.001615882,0.00147247,4.79140949e-09,0.001549131,0.001455971,2.66698819e-09,0.001504837,0.001433297,1.75361847e-09,3.7416575,276,42.699237
still,169,1750,1769,48044572,48505702,0.514802575,0.001707435,0.001571471,9.5558601e-09,0.001676479,0.001561533,7.20293203e-09,0.001616624,0.001528939,4.84559992e-09,3.31662488,297,42.941996
still,170,1760,1779,48287274,48748346,0.514802575,0.001707435,0.001544133,1.47541098e-08,0.001676479,0.001551794,9.6990691e-09,0.001616624,0.001551145,3.04174219e-09,3.31662488,279,43.18464
still,171,1770,1789,48529971,48991017,0.514802575,0.001585364,0.001443438,9.20293797e-09,0.001566901,0.001465749,3.7811807e-09,0.001585912,0.001494482,1.71659709e-09,3.1622777,282,43.427311
still,172,1780,1799,48772609,49234200,0.514802575,0.001615882,0.001471098,1.46952902e-08,0.001578222,0.001456783,7.27139637e-09,0.001509707,0.001455204,2.21679808e-09,3.1622777,305,43.670494
still,173,1790,1809,49015286,49476997,0.514802575,0.001676917,0.001555389,1.17542712e-08,0.001642013,0.001528471,1.22061746e-08,0.001603329,0.001499152,6.24385343e-09,3.1622777,292,43.913291
still,174,1800,1819,49258587,49719637,0.514802575,0.001707435,0.001603441,4.36006031e-09,0.001660857,0.001594961,1.62949276e-09,0.001616583,0.001571959,7.63839769e-10,3.1622777,284,44.155931
still,175,1810,1829,49501271,49962418,0.514802575,0.00189054,0.001670179,1.3849747e-08,0.001818854,0.001650209,7.76033016e-09,0.001747647,0.00162555,3.31181438e-09,2.44948983,291,44.398712
still,176,1820,1839,49743902,50205073,0.514802575,0.00189054,0.001642516,2.34570742e-08,0.001818854,0.001656615,1.37090249e-08,0.001747647,0.001657561,4.08667589e-09,3.31662488,285,44.641367
still,177,1830,1849,49986687,50447717,0.514802575,0.001737952,0.001443505,1.8653411e-08,0.001790539,0.001494102,2.12166087e-08,0.001746193,0.001551805,1.42916388e-08,3.31662488,281,44.884011
still,178,1840,1859,50229336,50690575,0.514802575,0.001585364,0.001410152,9.8303552e-09,0.001514395,0.001406097,5.77670667e-09,0.001536152,0.001430159,3.1153955e-09,3.0,302,45.126869
still,179,1850,1869,50471987,50933229,0.514802575,0.001585364,0.001381023,1.36536789e-08,0.001514395,0.001378648,8.39754843e-09,0.001464962,0.001389829,2.57727906e-09,2.44948983,290,45.369523
still,180,1860,1879,50714857,51175878,0.514802575,0.001554847,0.001370322,1.34894725e-08,0.001499105,0.001382968,7.38830064e-09,0.001455556,0.001387924,2.2235116e-09,2.82842708,277,45.612172
still,181,1870,1889,50957497,51418660,0.514802575,0.001554847,0.001333023,1.9753841e-08,0.001499105,0.001336118,1.28957945e-08,0.001437667,0.001346463,4.86247176e-09,2.82842708,302,45.854954
still,182,1880,1899,51200146,51661788,0.514802575,0.001432776,0.001300576,9.84996174e-09,0.00141383,0.001297234,6.35549702e-09,0.001364852,0.001306367,1.91436977e-09,2.82842708,296,46.098082
still,183,1890,1909,51442939,51904516,0.514802575,0.001432776,0.001322086,6.18594242e-09,0.00141383,0.001320483,3.76192544e-09,0.001364852,0.001315241,1.22623089e-09,3.1622777,299,46.34081
still,184,1900,1919,51686107,52147216,0.514802575,0.001432776,0.001283329,4.36006031e-09,0.001384856,0.001281112,2.04805173e-09,0.001351157,0.001290392,9.15323039e-10,3.1622777,280,46.58351
still,185,1910,1929,51928791,52390014,0.514802575,0.001493812,0.001335404,5.08551157e-09,0.001390947,0.001320243,3.07616643e-09,0.001358764,0.001307882,1.43529644e-09,3.0,286,46.826308
still,186,1920,1939,52171552,52632663,0.514802575,0.001676917,0.001468631,1.64697036e-08,0.001604625,0.001457014,1.14903215e-08,0.001530914,0.001416092,6.83316781e-09,3.0,277,47.068957
still,187,1930,1949,52414286,52875315,0.514802575,0.001676917,0.001535308,5.89184079e-09,0.001604625,0.001523677,2.47159315e-09,0.001530914,0.001492443,1.10380027e-09,3.0,282,47.311609
still,188,1940,1959,52656926,53118126,0.514802575,0.001554847,0.001420309,1.28890142e-08,0.001529035,0.001439688,7.66950858e-09,0.001512191,0.001463672,2.98062552e-09,3.0,295,47.55442
still,189,1950,1969,52899581,53360783,0.514802575,0.001524329,0.001357205,6.41877307e-09,0.001511284,0.001366879,5.19711874e-09,0.001507777,0.001391911,3.50268747e-09,2.82842708,285,47.797077
still,190,1960,1979,53142403,53603439,0.514802575,0.001646399,0.001399706,1.04504191e-08,0.001548707,0.00137139,4.56317961e-09,0.001455695,0.001363354,1.01035913e-09,3.0,276,48.039733
still,191,1970,1989,53385047,53846282,0.514802575,0.001676917,0.001530944,2.12733686e-08,0.00164335,0.001510369,1.72099382e-08,0.00158584,0.001468874,1.00370422e-08,3.0,292,48.282576
still,192,1980,1999,53627717,54089335,0.514802575,0.001676917,0.001613318,1.65677383e-09,0.00164335,0.001611326,3.64662106e-10,0.00160074,0.001576929,9.03182195e-10,3.60555124,299,48.525629
still,193,1990,2009,53870553,54332118,0.514802575,0.001646399,0.001549963,3.98017841e-09,0.001618884,0.001559476,2.47020271e-09,0.00160074,0.001569131,1.05500686e-09,3.60555124,293,48.768412
still,194,2000,2019,54113709,54574931,0.514802575,0.001585364,0.001484081,2.96797809e-09,0.001556382,0.001497617,1.15559895e-09,0.001572247,0.001519091,9.6527364e-10,3.1622777,300,49.011225
still,195,2010,2029,54356389,54817598,0.514802575,0.001707435,0.001529071,1.03401313e-08,0.001665287,0.001511876,5.36402567e-09,0.001594488,0.001503815,1.51702939e-09,3.31662488,279,49.253892
still,196,2020,2039,54599213,55060239,0.514802575,0.00176847,0.001635217,8.7715879e-09,0.001719658,0.001606878,8.76728468e-09,0.001677952,0.001571864,5.47374768e-09,3.31662488,284,49.496533
still,197,2030,2049,54841868,55303078,0.514802575,0.00176847,0.001650521,3.71548681e-09,0.001719658,0.001656703,1.75390424e-09,0.001677952,0.001642459,8.60193416e-10,3.31662488,299,49.739372
still,198,2040,2059,55084502,55545733,0.514802575,0.001676917,0.001605934,2.47780818e-09,0.001704699,0.001614275,2.25685803e-09,0.001677797,0.001625749,1.23872135e-09,2.82842708,278,49.982027
still,199,2050,2069,55327357,55788371,0.514802575,0.00189054,0.001668158,1.20973896e-08,0.001811655,0.001661705,8.09770384e-09,0.001730826,0.001647674,3.31234618e-09,2.82842708,276,50.224665
still,200,2060,2079,55570001,56031011,0.514802575,0.00189054,0.001571865,4.10051508e-08,0.001811655,0.001592374,2.96785437e-08,0.001730826,0.001613124,1.16527044e-08,2.82842708,282,50.467305
still,201,2070,2089,55812637,56273799,0.514802575,0.001676917,0.001452946,1.03401313e-08,0.001601538,0.001456132,6.3666139e-09,0.001650506,0.001493797,4.56607729e-09,3.31662488,288,50.710093
still,202,2080,2099,56055370,56516862,0.514802575,0.001707435,0.001581959,8.97991015e-09,0.001678655,0.001563303,1.00301553e-08,0.001623585,0.001534133,5.95279559e-09,3.31662488,302,50.953156
still,203,2090,2109,56298078,56759682,0.514802575,0.00176847,0.001662597,3.28413741e-09,0.00171042,0.001653794,1.42328849e-09,0.001672933,0.00162218,1.02028441e-09,3.31662488,300,51.195976
still,204,2100,2119,56541224,57002491,0.514802575,0.00176847,0.00159495,1.67907659e-08,0.00171042,0.001607883,9.64606439e-09,0.001672933,0.001619501,3.02982106e-09,3.1622777,297,51.438785
still,205,2110,2129,56783959,57245144,0.514802575,0.001646399,0.001476761,8.65394778e-09,0.00167515,0.001502563,7.82000331e-09,0.001668953,0.001538613,5.74558001e-09,2.82842708,290,51.681438
still,206,2120,2139,57026770,57487794,0.514802575,0.001524329,0.001395311,6.4800445e-09,0.001486815,0.001402046,3.68745678e-09,0.001486986,0.001433515,2.57689492e-09,3.0,278,51.924088
still,207,2130,2149,57269411,57730579,0.514802575,0.001829505,0.001505751,4.2495269e-08,0.001771116,0.001467269,2.63972663e-08,0.001646154,0.001439843,8.57697025e-09,3.7416575,298,52.166873
still,208,2140,2159,57512061,57973247,0.514802575,0.001829505,0.001652075,1.97048242e-08,0.001771116,0.001631713,1.92750524e-08,0.001688266,0.001579103,1.40712054e-08,3.7416575,281,52.409541
still,209,2150,2169,57754864,58215883,0.514802575,0.00176847,0.001497585,3.10375508e-08,0.00177019,0.001541634,2.84820253e-08,0.001688266,0.001569796,1.23762954e-08,3.7416575,282,52.652177
still,210,2160,2179,57997510,58458753,0.514802575,0.001554847,0.00138702,8.96030361e-09,0.001507612,0.001390136,5.79138337e-09,0.001580658,0.00142975,4.74767914e-09,3.0,299,52.895047
still,211,2170,2189,58240146,58701407,0.514802575,0.001646399,0.001481903,1.04406163e-08,0.001602132,0.001451788,8.150006e-09,0.001537782,0.001432005,3.27072436e-09,3.60555124,286,53.137701
still,212,2180,2199,58483030,58944488,0.514802575,0.001707435,0.001574162,8.37945269e-09,0.001667736,0.001569116,5.85971183e-09,0.001617971,0.001536437,4.49224036e-09,3.60555124,302,53.380782
still,213,2190,2209,58725680,59187386,0.514802575,0.001707435,0.001455802,3.76719984e-08,0.001667736,0.001485211,2.99242903e-08,0.001617971,0.001509661,1.21661844e-08,3.60555124,300,53.62368
still,214,2200,2219,58968816,59430054,0.514802575,0.001646399,0.001424583,3.02336712e-08,0.001623138,0.001413906,1.88382889e-08,0.001557739,0.00142748,6.53111609e-09,3.7416575,289,53.866348
still,215,2210,2229,59211671,59672697,0.514802575,0.001676917,0.001576701,6.69326816e-09,0.001628134,0.001543028,9.44772971e-09,0.001591251,0.00149944,7.18000059e-09,3.7416575,277,54.108991
still,216,2220,2239,59454322,59915391,0.514802575,0.00176847,0.001608641,6.4800445e-09,0.001709178,0.001613046,2.93005775e-09,0.001654445,0.001593143,1.48667612e-09,3.7416575,283,54.351685
still,217,2230,2249,59696962,60158221,0.514802575,0.00176847,0.00164176,5.05855224e-09,0.001709178,0.001638115,2.22734298e-09,0.001654445,0.001625078,4.22969187e-10,3.60555124,301,54.594515
still,218,2240,2259,59939776,60400883,0.514802575,0.001737952,0.001647191,2.74495071e-09,0.001697122,0.001641949,1.04427333e-09,0.001671008,0.001635776,4.08259898e-10,3.60555124,287,54.837177
still,219,2250,2269,60182500,60643533,0.514802575,0.001737952,0.00149002,3.58314085e-08,0.001697122,0.001525243,2.53554526e-08,0.001671008,0.001567051,1.16970849e-08,3.60555124,276,55.079827
still,220,2260,2279,60425155,60886309,0.514802575,0.001524329,0.001321154,7.8304625e-09,0.001583628,0.00135237,9.58873247e-09,0.001613259,0.001411059,9.91851667e-09,2.82842708,298,55.322603
still,221,2270,2289,60667800,61128962,0.514802575,0.001493812,0.001355335,5.43108092e-09,0.001454253,0.001334733,3.09669224e-09,0.001400772,0.001338027,6.60701216e-10,3.1622777,282,55.565256
still,222,2280,2299,60910580,61372022,0.514802575,0.001524329,0.001436167,5.63450175e-09,0.001502328,0.001415974,5.42003864e-09,0.001471324,0.001390712,3.30237371e-09,3.1622777,290,55.808316
still,223,2290,2309,61153228,61614997,0.514802575,0.001524329,0.001444083,1.11636166e-08,0.001520402,0.001459037,4.21076329e-09,0.00149666,0.001449957,1.19580712e-09,3.1622777,304,56.051291
still,224,2300,2319,61396419,61857676,0.514802575,0.001524329,0.001322038,1.87514446e-08,0.001520402,0.001349311,1.50430191e-08,0.00149666,0.001381368,8.32838509e-09,4.12310553,283,56.29397
still,225,2310,2329,61639281,62100334,0.514802575,0.001402259,0.001264842,7.88192978e-09,0.001367924,0.001253944,3.45457596e-09,0.00134605,0.001276912,1.43753698e-09,4.2426405,284,56.536628
still,226,2320,2339,61881943,62343109,0.514802575,0.001493812,0.001377448,1.21047428e-08,0.001472984,0.001352381,1.12166977e-08,0.001430096,0.001323792,5.73945735e-09,4.2426405,290,56.779403
still,227,2330,2349,62124599,62585758,0.514802575,0.001493812,0.001416928,2.7915168e-09,0.001472984,0.001411995,1.27837174e-09,0.001430096,0.00139275,6.96162239e-10,3.7416575,281,57.022052
still,228,2340,2359,62367382,62828394,0.514802575,0.001585364,0.001422777,6.60748878e-09,0.00152362,0.00142965,3.12764237e-09,0.001473889,0.00142382,1.05638676e-09,3.7416575,283,57.264688
still,229,2350,2369,62610023,63071228,0.514802575,0.001585364,0.001461691,9.14411746e-09,0.00152362,0.001450538,4.43593118e-09,0.00147812,0.00143697,1.05533338e-09,3.7416575,294,57.507522
still,230,2360,2379,62852659,63313891,0.514802575,0.001554847,0.001396846,1.09896064e-08,0.001519323,0.001400364,6.29356034e-09,0.00147812,0.001413631,1.80610238e-09,3.1622777,281,57.750185
still,231,2370,2389,63095507,63556548,0.514802575,0.001707435,0.001437143,1.77907127e-08,0.001618616,0.001425347,9.9406677e-09,0.001530827,0.001417337,3.04227599e-09,3.31662488,284,57.992842
still,232,2380,2399,63338157,63799572,0.514802575,0.001707435,0.00151326,8.47748627e-09,0.001618616,0.001502822,6.6866801e-09,0.001547469,0.001477104,4.21031965e-09,3.31662488,295,58.235866
still,233,2390,2409,63580810,64042372,0.514802575,0.001585364,0.001358618,2.78293883e-08,0.001596297,0.001399324,2.4902613e-08,0.001547469,0.001435464,1.17798241e-08,2.23606801,304,58.478666
still,234,2400,2419,63823931,64285023,0.514802575,0.001432776,0.001290975,1.27052003e-08,0.001395782,0.001296371,8.0814484e-09,0.00145285,0.001325697,4.21955448e-09,2.23606801,286,58.721317
still,235,2410,2429,64066648,64527718,0.514802575,0.001463294,0.001388124,3.28413741e-09,0.001440287,0.001365354,4.02321554e-09,0.001407213,0.00134165,2.33216557e-09,2.44948983,285,58.964012
still,236,2420,2439,64309296,64770550,0.514802575,0.001463294,0.001251457,4.06326239e-08,0.001440287,0.001266315,2.87103973e-08,0.001407213,0.001295857,1.20210764e-08,3.0,307,59.206844
still,237,2430,2449,64551984,65013230,0.514802575,0.001676917,0.001301456,6.19059925e-08,0.001580833,0.001276947,3.66886606e-08,0.001458165,0.001267051,1.15373345e-08,3.1622777,279,59.449524
still,238,2440,2459,64794829,65255871,0.514802575,0.00201261,0.001707215,4.83773052e-08,0.001912414,0.001641966,5.75296249e-08,0.001806885,0.001520274,4.68158698e-08,3.60555124,283,59.692165
still,239,2450,2469,65037497,65498708,0.514802575,0.00201261,0.001762942,2.47437694e-08,0.001912414,0.001756103,1.5848318e-08,0.001806885,0.001703078,7.46860618e-09,3.60555124,288,59.935002
still,240,2460,2479,65280136,65741358,0.514802575,0.001737952,0.001563892,1.96950205e-08,0.001827153,0.00160958,1.46378392e-08,0.001796545,0.001654441,7.39996109e-09,3.60555124,285,60.177652
still,241,2470,2489,65522982,65984012,0.514802575,0.001676917,0.001440053,1.73985766e-08,0.001659184,0.001460752,1.49208111e-08,0.001659063,0.001509836,1.11345021e-08,3.0,283,60.420306
still,242,2480,2499,65765624,66227221,0.514802575,0.001798987,0.001529077,2.99273136e-08,0.001724578,0.001493307,2.1724208e-08,0.001642199,0.001474307,7.16768067e-09,3.0,299,60.663515
still,243,2490,2509,66008271,66469958,0.514802575,0.001798987,0.00156114,2.56334275e-08,0.001724578,0.001555006,1.6415507e-08,0.001647406,0.001535433,6.08036421e-09,2.82842708,298,60.906252
still,244,2500,2519,66251552,66712605,0.514802575,0.001737952,0.001529331,1.60775693e-08,0.001707897,0.001531368,1.00218606e-08,0.001647406,0.001535047,3.37366424e-09,2.82842708,285,61.148899
still,245,2510,2529,66494230,66955433,0.514802575,0.00176847,0.001676253,8.42111714e-09,0.001753086,0.001649774,1.06479802e-08,0.001707871,0.001608417,7.74821896e-09,3.60555124,296,61.391727
still,246,2520,2539,66736872,67198086,0.514802575,0.00176847,0.001645513,1.27713731e-08,0.001753086,0.001661144,8.21150081e-09,0.001707871,0.001657038,2.3010549e-09,3.60555124,286,61.63438
still,247,2530,2549,66979710,67440719,0.514802575,0.001676917,0.001504673,5.40167111e-09,0.001707979,0.001531155,6.1754406e-09,0.001703228,0.001571803,5.26512833e-09,3.60555124,275,61.877013
still,248,2540,2559,67222358,67683393,0.514802575,0.001585364,0.001473843,4.32329728e-09,0.001538411,0.001480834,1.43767476e-09,0.001560983,0.001501576,8.13840661e-10,3.60555124,275,62.119687
still,249,2550,2569,67464980,67926180,0.514802575,0.00176847,0.001537369,1.25581499e-08,0.001691036,0.001512198,5.91284666e-09,0.00160023,0.001497255,1.62789027e-09,3.60555124,298,62.362474
still,250,2560,2579,67707730,68168835,0.514802575,0.001798987,0.001624986,1.02543519e-08,0.001728819,0.001605898,1.0287679e-08,0.001646942,0.001574045,6.49047482e-09,2.82842708,288,62.605129
still,251,2570,2589,67950456,68411491,0.514802575,0.001798987,0.001639619,2.92876434e-09,0.001728819,0.001646085,1.62867886e-09,0.001646942,0.001633776,1.43324894e-10,3.0,275,62.847785
still,252,2580,2599,68193118,68654681,0.514802575,0.001921058,0.001731614,1.58104266e-08,0.001866312,0.001707999,1.13323385e-08,0.001807873,0.001678505,4.8547073e-09,3.0,300,63.090975
still,253,2590,2609,68435753,68897447,0.514802575,0.00201261,0.001874129,7.48979456e-09,0.001973074,0.001843938,7.99153632e-09,0.001911114,0.00179192,7.02690706e-09,3.0,297,63.333741
still,254,2600,2619,68679023,69140100,0.514802575,0.00201261,0.001810927,2.22144949e-08,0.001973074,0.001814385,1.27889422e-08,0.001911114,0.001818107,4.05019396e-09,3.60555124,279,63.576394
still,255,2610,2629,68921719,69383031,0.514802575,0.001982093,0.001801654,2.1655701e-08,0.001959177,0.001813012,1.21017266e-08,0.001891672,0.001817644,3.5853116e-09,3.60555124,299,63.819325
still,256,2620,2639,69164397,69625693,0.514802575,0.001982093,0.001791138,1.64108831e-08,0.001959177,0.00180086,1.06443999e-08,0.001890427,0.001803092,3.51361362e-09,3.0,281,64.061987
still,257,2630,2649,69407313,69868338,0.514802575,0.001707435,0.001616474,7.20304483e-09,0.001764003,0.001644471,5.61964031e-09,0.001815625,0.00169427,5.25334931e-09,3.31662488,281,64.304632
still,258,2640,2659,69649960,70111135,0.514802575,0.00189054,0.001650003,1.77907127e-08,0.001816433,0.001634727,9.82776083e-09,0.001739337,0.001637831,3.0386389e-09,3.60555124,295,64.547429
still,259,2650,2669,69892601,70353782,0.514802575,0.00189054,0.001705667,1.55481848e-08,0.001823982,0.001698732,1.11112354e-08,0.001764975,0.001681939,4.85042895e-09,3.60555124,286,64.790076
still,260,2660,2679,70135407,70596441,0.514802575,0.001829505,0.001672378,1.08695149e-08,0.001823982,0.001684506,7.79995801e-09,0.001764975,0.00168808,2.65737343e-09,3.60555124,276,65.032735
still,261,2670,2689,70378052,70839281,0.514802575,0.00176847,0.001652254,4.43848736e-09,0.001712223,0.001642165,2.35911091e-09,0.001686196,0.001647678,4.94742136e-10,3.60555124,289,65.275575
still,262,2680,2699,70620703,71082356,0.514802575,0.001798987,0.001659796,4.15663992e-09,0.001739018,0.001656422,1.83056958e-09,0.001695622,0.001653893,5.25798016e-10,3.1622777,301,65.51865
still,263,2690,2709,70863553,71325112,0.514802575,0.001798987,0.001645044,5.87223381e-09,0.001739018,0.001645629,3.08867487e-09,0.001695622,0.001649311,9.7853758e-10,3.60555124,294,65.761406
still,264,2700,2719,71106696,71567756,0.514802575,0.001707435,0.001601714,3.67627329e-09,0.001674086,0.001616185,1.50693968e-09,0.001681276,0.001629901,4.95028185e-10,3.60555124,284,66.00405
still,265,2710,2729,71349380,71810551,0.514802575,0.001676917,0.001579,4.20320578e-09,0.001667376,0.001585605,2.86244428e-09,0.001647902,0.001595417,1.34136979e-09,3.60555124,287,66.246845
still,266,2720,2739,71592091,72053197,0.514802575,0.001615882,0.001566012,1.59550262e-09,0.001599496,0.001562502,6.89380885e-10,0.001586691,0.001568798,8.52006028e-11,3.60555124,284,66.489491
still,267,2730,2749,71834817,72295889,0.514802575,0.001615882,0.001547996,2.53662868e-09,0.001599496,0.001551412,1.37189204e-09,0.001586691,0.001558075,5.5461502e-10,3.0,275,66.732183
still,268,2740,2759,72077462,72538713,0.514802575,0.00176847,0.001595794,9.39900513e-09,0.00170097,0.001588545,5.75460168e-09,0.001640304,0.001577518,2.15885154e-09,3.0,291,66.975007
still,269,2750,2769,72320153,72781372,0.514802575,0.001860023,0.001721845,7.97996424e-09,0.001828206,0.001706329,5.05151698e-09,0.001761457,0.001667138,4.08117362e-09,3.31662488,281,67.217666
still,270,2760,2779,72562987,73024016,0.514802575,0.001860023,0.001608447,3.67039124e-08,0.001828206,0.001628606,2.5055417e-08,0.001761457,0.00164826,9.35835853e-09,3.31662488,283,67.46031
still,271,2770,2789,72805640,73266802,0.514802575,0.001921058,0.001617622,4.72915781e-08,0.001868368,0.001594992,2.89784886e-08,0.001757572,0.001594041,9.1536867e-09,2.82842708,286,67.703096
still,272,2780,2799,73048284,73509863,0.514802575,0.001921058,0.001747261,1.73789692e-08,0.001868368,0.001723963,1.77452273e-08,0.001773553,0.001681375,1.10710471e-08,3.0,305,67.946157
still,273,2790,2809,73291071,73752637,0.514802575,0.001798987,0.001721222,5.72518299e-09,0.001842186,0.001731274,4.52063675e-09,0.001773553,0.00172603,1.20918209e-09,3.7416575,293,68.188931
still,274,2800,2819,73534240,73995473,0.514802575,0.001798987,0.001652326,9.9896597e-09,0.001778367,0.001655736,5.80005866e-09,0.001741274,0.001674135,2.1342732e-09,4.35889912,298,68.431767
still,275,2810,2829,73776916,74238128,0.514802575,0.001646399,0.001500868,1.2636577e-08,0.00170536,0.001522969,1.05419903e-08,0.00171815,0.001571778,7.95679433e-09,4.35889912,287,68.674422
still,276,2820,2839,74019748,74480773,0.514802575,0.001737952,0.001539989,2.59667431e-08,0.001704165,0.001543919,1.49644349e-08,0.001633189,0.001544776,4.56468774e-09,3.60555124,276,68.917067
still,277,2830,2849,74262398,74723523,0.514802575,0.001737952,0.001530433,3.91743664e-08,0.001704165,0.00151884,2.33217194e-08,0.001633189,0.001517534,7.78974485e-09,3.1622777,302,69.159817
still,278,2840,2859,74505033,74966176,0.514802575,0.00189054,0.001601425,5.89649709e-08,0.001830658,0.0015828,4.26969246e-08,0.001715641,0.001556649,1.61075436e-08,2.44948983,280,69.40247
still,279,2850,2869,74747797,75208822,0.514802575,0.00189054,0.001674214,1.73397561e-08,0.001830658,0.00167325,9.81003367e-09,0.001715641,0.001641619,2.55794186e-09,3.7416575,283,69.645116
still,280,2860,2879,74990444,75451514,0.514802575,0.001615882,0.001553545,7.32803817e-10,0.00162454,0.001564856,5.86424464e-10,0.001662118,0.001590946,1.04914522e-09,3.7416575,276,69.887808
still,281,2870,2889,75233090,75694299,0.514802575,0.001554847,0.001500989,3.39197492e-09,0.001562952,0.001515256,1.90835037e-09,0.001586091,0.001537958,1.19726296e-09,3.60555124,291,70.130593
still,282,2880,2899,75475853,75937389,0.514802575,0.001982093,0.001595381,4.37133418e-08,0.001901102,0.001555625,2.24365874e-08,0.001734181,0.001531903,6.30737107e-09,4.35889912,301,70.373683
still,283,2890,2909,75718570,76180166,0.514802575,0.001982093,0.001712436,3.44368761e-08,0.001908087,0.001692663,2.87566678e-08,0.0017802,0.001648379,1.59838381e-08,4.35889912,296,70.61646
still,284,2900,2919,75961751,76422960,0.514802575,0.001921058,0.00165303,1.24405089e-08,0.001908087,0.001685427,1.23532392e-08,0.0017802,0.001689118,3.74840292e-09,3.7416575,301,70.859254
still,285,2910,2929,76204452,76665619,0.514802575,0.001676917,0.001535521,6.57807853e-09,0.001645078,0.001545763,4.72228079e-09,0.001654921,0.001581086,3.7765342e-09,3.7416575,288,71.101913
still,286,2920,2939,76447246,76908286,0.514802575,0.001829505,0.00160172,2.42241904e-08,0.001800036,0.001575942,1.50003901e-08,0.001712267,0.001563526,4.64072913e-09,4.47213602,275,71.34458
still,287,2930,2949,76689897,77151147,0.514802575,0.001829505,0.001720317,7.96771005e-09,0.001800036,0.001696213,7.63871189e-09,0.001724159,0.001657212,5.93655392e-09,4.47213602,293,71.587441
still,288,2940,2959,76932572,77393798,0.514802575,0.001798987,0.00168915,5.51686075e-09,0.001778306,0.00170657,2.89101876e-09,0.001733563,0.001706152,6.47503717e-10,3.60555124,287,71.830092
still,289,2950,2969,77175421,77636442,0.514802575,0.001829505,0.001698846,7.47754036e-09,0.001755631,0.001697147,4.01480316e-09,0.001733563,0.001695714,1.21721799e-09,3.60555124,277,72.072736
still,290,2960,2979,77418065,77879237,0.514802575,0.00189054,0.001774236,4.43848736e-09,0.001835087,0.001754806,4.31352021e-09,0.001797996,0.001731107,2.63429345e-09,3.1622777,296,72.315531
still,291,2970,2989,77660703,78121892,0.514802575,0.00189054,0.001743033,7.44077733e-09,0.001835087,0.001748746,4.61461935e-09,0.001797996,0.001750885,1.47114509e-09,3.1622777,279,72.558186
still,292,2980,2999,77903510,78364983,0.514802575,0.00176847,0.001668518,2.65672018e-09,0.001797684,0.001684378,1.9266766e-09,0.001793567,0.001707399,1.39144829e-09,3.1622777,299,72.801277
tap,0,60,79,7019908,7481191,0.515551746,0.000469983,0.000338358,1.03523855e-08,0.000376252,0.000295204,4.08222034e-09,0.000312189,0.000241066,3.01771141e-09,2.44948983,372,1.917644
tap,1,70,89,7262814,7723891,0.515551746,0.000622571,0.000419281,2.06336972e-08,0.000551674,0.000400549,1.65213068e-08,0.000468389,0.000356168,9.42582812e-09,3.0,305,2.160344
tap,2,80,99,7505503,7967060,0.515551746,0.000622571,0.000438383,1.01367109e-08,0.000551674,0.000435993,5.83248161e-09,0.000468389,0.000413331,1.49447776e-09,3.0,314,2.403513
tap,3,90,109,7748168,8209894,0.515551746,0.000714123,0.000461655,1.67907659e-08,0.000641469,0.000433598,9.08293085e-09,0.000544729,0.000417159,2.72628231e-09,3.0,287,2.646347
tap,4,100,119,7991491,8452548,0.515551746,0.000744641,0.000587227,1.09283354e-08,0.000679689,0.000566483,1.1553073e-08,0.000607104,0.000523462,8.5809484e-09,3.0,286,2.889001
tap,5,110,129,8234167,8695381,0.515551746,0.000744641,0.000571139,7.83291298e-09,0.000679689,0.000580276,5.11177856e-09,0.000607104,0.00057244,1.181931e-09,3.0,298,3.131834
tap,6,120,139,8476812,8938049,0.515551746,0.000866711,0.000673441,2.63196661e-08,0.000821226,0.000650115,1.78192872e-08,0.000739318,0.000617362,7.00926606e-09,3.1622777,279,3.374502
tap,7,130,149,8719667,9180696,0.515551746,0.000866711,0.000745778,6.55847154e-09,0.000821226,0.000732051,4.34289271e-09,0.000744694,0.000698675,2.97640068e-09,3.1622777,281,3.617149
tap,8,140,159,8962313,9423352,0.515551746,0.000988781,0.000797087,1.6214816e-08,0.000945648,0.000783736,1.0073104e-08,0.000857126,0.000757784,3.73721543e-09,3.0,281,3.859805
tap,9,150,169,9204960,9666176,0.515551746,0.000988781,0.00085568,7.59763186e-09,0.000945648,0.000844853,4.33611591e-09,0.000860663,0.000818942,2.6833773e-09,2.23606801,294,4.102629
tap,10,160,179,9447738,9908833,0.515551746,0.000897229,0.000709485,1.79867799e-08,0.000882591,0.000735455,1.51787523e-08,0.000860663,0.000768742,8.11229306e-09,2.44948983,286,4.345286
tap,11,170,189,9690455,10151528,0.515551746,0.000714123,0.000627035,3.86989019e-09,0.000704243,0.000631249,2.25199837e-09,0.000772817,0.000663741,2.27180164e-09,2.44948983,285,4.587981
tap,12,180,199,9933101,10394753,0.515551746,0.000775158,0.000660793,4.34045333e-09,0.000740169,0.000657887,2.33641062e-09,0.000702461,0.000655376,7.52050644e-10,3.31662488,309,4.831206
tap,13,190,209,10175794,10637561,0.515551746,0.000775158,0.000657912,4.55612792e-09,0.000740169,0.000659002,2.26142993e-09,0.000702461,0.000657942,6.39442443e-10,3.31662488,294,5.074014
tap,14,200,219,10419128,10880216,0.515551746,0.000836194,0.000719509,5.83056936e-09,0.000809315,0.000698408,4.32506031e-09,0.000765092,0.000678102,1.95084593e-09,3.0,285,5.316669
tap,15,210,229,10661834,11123062,0.515551746,0.003619373,0.001883934,3.30163402e-06,0.002523098,0.001456236,2.10561188e-06,0.001760293,0.000927068,9.02836916e-07,16.5227108,296,5.559515
tap,16,220,239,10904481,11365726,0.515551746,0.003619373,0.002188077,5.01001568e-06,0.002523098,0.001616253,2.68271151e-06,0.001760293,0.000931985,8.48386491e-07,16.5227108,290,5.802179
tap,17,230,249,11147339,11608363,0.515551746,0.004833996,0.002998445,1.91512027e-06,0.004403713,0.002505104,2.24783071e-06,0.003478662,0.001781435,1.84097689e-06,11.7898264,283,6.044816
tap,18,240,259,11389995,11851225,0.515551746,0.004833996,0.002963857,3.30526132e-06,0.004458182,0.002805691,1.88711567e-06,0.003640763,0.002422511,6.74084731e-07,16.6733322,294,6.287678
tap,19,250,269,11632639,12093877,0.515551746,0.004559338,0.001251103,8.002512e-07,0.004458182,0.001617986,1.10861504e-06,0.003640763,0.00186521,7.58988562e-07,16.6733322,282,6.53033
tap,20,260,279,11875495,12336520,0.515551746,0.000805676,0.000582746,1.82931357e-08,0.00076662,0.000611218,1.5374164e-08,0.001272573,0.000845636,5.6550465e-08,2.82842708,281,6.772973
tap,21,270,289,12118141,12579300,0.515551746,0.000744641,0.000503246,1.24601155e-08,0.000639226,0.000493521,6.46786891e-09,0.000746062,0.000559866,8.13178325e-09,2.44948983,294,7.015753
tap,22,280,299,12360782,12822368,0.515551746,0.000805676,0.000558349,5.96316021e-08,0.000730059,0.000548898,2.40193374e-08,0.000651315,0.000541761,6.38111208e-09,7.07106781,296,7.258821
tap,23,290,309,12603575,13065114,0.515551746,0.003063977,0.001621787,1.41924738e-06,0.002752054,0.001263703,7.58743169e-07,0.001922511,0.000883595,2.32785453e-07,9.0,298,7.501567
tap,24,300,319,12846702,13307808,0.515551746,0.003063977,0.002230444,5.23647395e-06,0.002752054,0.001709744,3.06946777e-06,0.001922511,0.001049825,1.03265165e-06,12.0415945,281,7.744261
tap,25,310,329,13089384,13550605,0.515551746,0.002917469,0.001676403,2.6682294e-06,0.002571812,0.001293968,1.63697257e-06,0.00163139,0.000748612,5.76428647e-07,12.0415945,302,7.987058
tap,26,320,339,13332147,13793251,0.515551746,0.001141369,0.000783422,2.10062259e-08,0.000904543,0.000706142,1.14882553e-07,0.000702503,0.000536394,1.90066672e-07,10.4880886,279,8.229704
tap,27,330,349,13574883,14035913,0.515551746,0.000958264,0.000685985,2.51457092e-08,0.000904543,0.000698748,2.04320594e-08,0.000702503,0.00063183,3.05112202e-09,3.0,282,8.472366
tap,28,340,359,13817519,14278715,0.515551746,0.001171887,0.000813212,6.36240351e-08,0.001107103,0.000761337,4.26929349e-08,0.000963612,0.00070534,1.68158072e-08,2.44948983,291,8.715168
tap,29,350,369,14060180,14521377,0.515551746,0.001202404,0.001086142,1.6712338e-08,0.001169356,0.001041532,2.53880398e-08,0.00112624,0.000945445,2.74794318e-08,2.44948983,285,8.95783
tap,30,360,379,14302983,14764018,0.515551746,0.003094494,0.002066459,8.23151935e-07,0.002909198,0.001855057,5.50780782e-07,0.002429966,0.001538494,2.71598281e-07,10.7703295,275,9.200471
tap,31,370,389,14545643,15006903,0.515551746,0.003094494,0.001931002,1.96617884e-06,0.002909198,0.00180166,1.13726151e-06,0.002429966,0.001645357,3.67342551e-07,10.7703295,290,9.443356
tap,32,380,399,14788292,15249968,0.515551746,0.002117932,0.001209509,9.34506203e-07,0.001989748,0.001117676,5.62930381e-07,0.002131391,0.001159753,2.75657385e-07,8.0,300,9.686421
tap,33,390,409,15031174,15492732,0.515551746,0.002117932,0.001401645,5.03352907e-07,0.001926481,0.001269481,3.52041723e-07,0.001517733,0.001118793,1.38297835e-07,11.7473402,295,9.929185
tap,34,400,419,15274313,15735540,0.515551746,0.001995862,0.001129991,6.29255432e-08,0.001926481,0.001198607,6.26972174e-08,0.001517733,0.001196899,1.91785217e-08,11.7473402,299,10.171993
tap,35,410,429,15517009,15978206,0.515551746,0.001202404,0.001063058,9.12696141e-09,0.001170501,0.001056504,5.50955548e-09,0.001138392,0.001077192,1.84388571e-09,2.44948983,281,10.414659
tap,36,420,439,15759818,16220834,0.515551746,0.001049817,0.000910362,2.21042062e-08,0.00109276,0.000947778,1.42088979e-08,0.001113125,0.000995729,7.1150339e-09,2.23606801,284,10.657287
tap,37,430,449,16002472,16463660,0.515551746,0.001019299,0.000860575,2.19007849e-08,0.001022386,0.00086173,1.51219995e-08,0.001025689,0.000886543,7.94975996e-09,2.44948983,299,10.900113
tap,38,440,459,16245096,16706333,0.515551746,0.001049817,0.000923455,1.23792379e-08,0.001010467,0.000907105,1.20172457e-08,0.00096351,0.000889196,5.17313659e-09,2.44948983,279,11.142786
tap,39,450,469,16487947,16948971,0.515551746,0.001049817,0.000827718,1.03533658e-07,0.001010467,0.000845774,3.7197736e-08,0.00096351,0.000868823,1.25601945e-08,9.05538559,284,11.385424
tap,40,460,479,16730599,17191605,0.515551746,0.003735363,0.001671433,1.38389385e-06,0.00282544,0.001294758,6.4068638e-07,0.001991468,0.000997559,1.77676398e-07,9.05538559,283,11.628058
tap,41,470,489,16973235,17434424,0.515551746,0.004803479,0.002847894,1.60355125e-06,0.003637148,0.002602191,1.45141462e-06,0.002978227,0.002127276,9.7005068e-07,9.05538559,294,11.870877
tap,42,480,499,17215993,17677484,0.515551746,0.004803479,0.002432803,1.8160888e-06,0.003637148,0.002481291,1.31136517e-06,0.002978227,0.002341322,4.263959e-07,10.1980391,299,12.113937
tap,43,490,509,17458697,17920328,0.515551746,0.001416028,0.000993882,1.21816996e-07,0.002384004,0.001204036,1.53640741e-07,0.002682046,0.001546584,1.99779677e-07,17.5783958,293,12.356781
tap,44,500,519,17701886,18163128,0.515551746,0.001416028,0.000918479,1.0560953e-07,0.001285799,0.000925312,7.06320612e-08,0.001294244,0.001033024,5.423233e-08,17.5783958,299,12.599581
tap,45,510,529,17944612,18405781,0.515551746,0.000775158,0.000700036,3.96792421e-09,0.000748705,0.000696813,1.59671087e-09,0.000921859,0.000768667,2.6807554e-09,3.0,276,12.842234
tap,46,520,539,18187398,18648429,0.515551746,0.000775158,0.000650136,1.05165928e-08,0.000748705,0.000666235,7.28717264e-09,0.000746689,0.000694648,3.64563224e-09,2.44948983,277,13.084882
tap,47,530,549,18430051,18891230,0.515551746,0.000683606,0.000568524,4.69582639e-09,0.00072592,0.000589168,3.6218013e-09,0.000731158,0.000618836,2.68137046e-09,7.07106781,293,13.327683
tap,48,540,559,18672694,19133898,0.515551746,0.002056897,0.001017829,4.04632686e-07,0.001704494,0.00080383,1.67069373e-07,0.001200739,0.000661918,4.28233266e-08,9.94987392,288,13.570351
tap,49,550,569,18915504,19376550,0.515551746,0.005505383,0.002245554,1.93566825e-06,0.003716471,0.001733752,8.18878561e-07,0.00261044,0.001356572,4.02105257e-07,14.3527002,284,13.813003
tap,50,560,579,19158168,19619408,0.515551746,0.005505383,0.003320776,3.06498009e-06,0.0046476,0.003108574,1.43729483e-06,0.003923374,0.002653006,7.91073489e-07,39.5727196,288,14.055861
tap,51,570,589,19400824,19862069,0.515551746,0.004772961,0.002663987,3.62244032e-06,0.0046476,0.002725829,2.83959048e-06,0.003923374,0.002553877,1.07812536e-06,39.5727196,285,14.298522
tap,52,580,599,19643679,20105156,0.515551746,0.001019299,0.000810033,4.81934913e-08,0.001039393,0.000849851,1.94433232e-08,0.002110912,0.001253271,1.0433574e-07,3.60555124,291,14.541609
tap,53,590,609,19886333,20348024,0.515551746,0.005810559,0.002874672,4.63911147e-06,0.005105729,0.002133789,2.19370668e-06,0.003427252,0.001509663,6.21370588e-07,15.0665188,303,14.784477
tap,54,600,619,20129481,20590690,0.515551746,0.005810559,0.003402334,7.45660736e-06,0.005341738,0.002923527,4.1099388e-06,0.003900259,0.002346938,1.38660698e-06,15.0665188,281,15.027143
tap,55,610,629,20372316,20833347,0.515551746,0.005780041,0.002046008,3.54751546e-06,0.005341738,0.002176031,2.97070414e-06,0.003900259,0.002064258,1.28213321e-06,21.0950222,282,15.2698
tap,56,620,639,20614959,21076063,0.515551746,0.001629651,0.000753537,4.24281154e-07,0.001318763,0.00059065,1.87971935e-07,0.001306728,0.000751633,1.62120486e-07,21.0950222,280,15.512516
tap,57,630,649,20857612,21318911,0.515551746,0.000805676,0.000380512,9.12205909e-08,0.000339647,0.000276293,3.17711187e-08,0.00033566,0.000298886,1.05508435e-09,11.4455233,299,15.755364
tap,58,640,659,21100430,21561567,0.515551746,0.00037843,0.000286942,3.68607678e-09,0.000327308,0.000280233,1.48329893e-09,0.000309921,0.000283449,5.19467968e-10,1.73205078,285,15.99802
tap,59,650,669,21343191,21804218,0.515551746,0.000653088,0.000416135,8.32577873e-08,0.000592187,0.000353694,1.81765534e-08,0.000481451,0.00032403,5.08187892e-09,6.40312433,285,16.240671
tap,60,660,679,21585836,22047017,0.515551746,0.001416028,0.000715139,4.39317119e-07,0.000993803,0.000481978,1.81663267e-07,0.000549487,0.000317085,4.70981151e-08,11.7473402,298,16.48347
tap,61,670,689,21828478,22289686,0.515551746,0.002917469,0.001781111,2.7093522e-06,0.002514181,0.001340903,1.43078489e-06,0.001709888,0.000800649,5.50444781e-07,14.8996649,290,16.726139
tap,62,680,699,22071293,22532792,0.515551746,0.002917469,0.001834751,3.36217249e-06,0.002514181,0.001392249,1.88633908e-06,0.001709888,0.000837945,5.85610621e-07,14.8996649,298,16.969245
tap,63,690,709,22313950,22775735,0.515551746,0.001629651,0.000858418,1.28140186e-07,0.001025106,0.000679828,7.1018504e-08,0.000853204,0.00047761,1.60034929e-07,13.6381817,301,17.212188
tap,64,700,719,22557146,23018400,0.515551746,0.000683606,0.000513877,9.4382191e-09,0.000652226,0.000528236,7.40074846e-09,0.00054646,0.000494885,1.11085419e-09,3.7416575,289,17.454853
tap,65,710,729,22800018,23261064,0.515551746,0.001873791,0.000822858,2.94677818e-07,0.001449852,0.000626301,1.06665361e-07,0.000971343,0.000520223,2.42445457e-08,10.4403067,275,17.697517
tap,66,720,739,23042666,23503902,0.515551746,0.003192127,0.001292622,1.37252198e-06,0.001636774,0.000993097,4.59607577e-07,0.001305468,0.000812217,1.36885191e-07,11.7473402,295,17.940355
tap,67,730,749,23285329,23746562,0.515551746,0.003375232,0.002097161,3.96942187e-06,0.002856013,0.00179737,2.99986209e-06,0.002010007,0.001240077,1.56834494e-06,16.1245155,285,18.183015
tap,68,740,759,23528189,23989214,0.515551746,0.003375232,0.001825443,2.69733323e-06,0.002856013,0.001595654,1.63887853e-06,0.002010007,0.001065391,4.12417677e-07,16.1245155,290,18.425667
tap,69,750,769,23770828,24232036,0.515551746,0.0005005,0.000322127,1.79279594e-08,0.000448767,0.000284416,2.83946783e-08,0.000855337,0.000348973,1.227598e-07,11.874342,301,18.668489
tap,70,760,779,24013478,24474690,0.515551746,0.000561535,0.000410787,1.69990882e-08,0.00051337,0.00037835,8.18546919e-09,0.000426397,0.000280165,7.93022537e-09,2.82842708,276,18.911143
tap,71,770,789,24256318,24717338,0.515551746,0.003582776,0.001344829,1.04189257e-06,0.002590433,0.000910398,3.76624768e-07,0.00159906,0.000620385,1.202812e-07,10.2956305,282,19.153791
tap,72,780,799,24498954,24960408,0.515551746,0.003857434,0.002248884,1.75901346e-06,0.003444353,0.002059977,1.17484853e-06,0.002649567,0.001667254,6.88488114e-07,11.1803398,295,19.396861
tap,73,790,809,24741607,25203258,0.515551746,0.003857434,0.002138703,9.6074257e-07,0.003444353,0.002136126,6.29964404e-07,0.002649567,0.001926034,1.4101478e-07,11.1803398,301,19.639711
tap,74,800,819,24984781,25445913,0.515551746,0.001904309,0.001171698,4.25494335e-07,0.001771834,0.001185552,2.7223993e-07,0.001678569,0.00136103,1.4114454e-07,7.68114567,284,19.882366
tap,75,810,829,25227530,25688592,0.515551746,0.001293957,0.000488864,5.38794603e-08,0.001593059,0.00064868,1.14392336e-07,0.001620878,0.000854574,1.28279453e-07,7.68114567,280,20.125045
tap,76,820,839,25470186,25931384,0.515551746,0.000561535,0.000447008,4.20565671e-09,0.000509534,0.00044026,1.37513934e-09,0.000608927,0.000498757,2.55347388e-09,3.1622777,299,20.367837
tap,77,830,849,25712857,26174029,0.515551746,0.000561535,0.000388401,9.26175758e-09,0.000509534,0.00039667,5.85608539e-09,0.00048964,0.000420296,3.33681394e-09,3.0,284,20.610482
tap,78,840,859,25955656,26416686,0.515551746,0.003338635,0.002028891,2.06017125e-06,0.003043338,0.001757362,1.30788499e-06,0.002378832,0.001319751,6.39146776e-07,14.4568319,276,20.853139
tap,79,850,869,26198303,26659498,0.515551746,0.003338635,0.002047563,1.91302479e-06,0.003043338,0.001819977,9.8995622e-07,0.002378832,0.001534638,2.84328337e-07,14.4568319,301,21.095951
tap,80,860,879,26440953,26902159,0.515551746,0.002667248,0.001603612,1.03067748e-06,0.002431225,0.001470854,5.50564607e-07,0.001984052,0.001390774,1.63093176e-07,16.1864147,279,21.338612
tap,81,870,889,26683779,27144807,0.515551746,0.002667248,0.001589407,1.06302878e-06,0.002431225,0.001435332,6.12176279e-07,0.001984052,0.00130994,1.96710886e-07,19.7230835,280,21.58126
tap,82,880,899,26926422,27388055,0.515551746,0.000592053,0.000444449,8.85001494e-09,0.001052755,0.000542286,2.13175111e-08,0.001430641,0.000789758,6.78983688e-08,19.7230835,296,21.824508
tap,83,890,909,27169070,27630802,0.515551746,0.000592053,0.000456329,4.45074155e-09,0.000540583,0.000458792,1.90748395e-09,0.000623763,0.000516518,3.90377952e-09,3.1622777,296,22.067255
tap,84,900,919,27412387,27873453,0.515551746,0.004046619,0.001940819,3.18820889e-06,0.002919322,0.001463173,1.93750043e-06,0.002009255,0.000894814,8.1984524e-07,21.3775578,287,22.309906
tap,85,910,929,27655077,28116276,0.515551746,0.004046619,0.002107597,3.63710637e-06,0.003046847,0.001630806,1.81924372e-06,0.002200418,0.00112408,6.45127499e-07,21.3775578,305,22.552729
tap,86,920,939,27897716,28358947,0.515551746,0.003283679,0.000933412,8.94057393e-07,0.003046847,0.000822262,5.61286242e-07,0.002200418,0.000793444,2.80805608e-07,16.1554947,291,22.7954
tap,87,930,949,28140559,28601610,0.515551746,0.000872791,0.000496563,1.94572889e-08,0.000541061,0.000438032,1.60157894e-08,0.000500489,0.000408731,5.45431478e-09,8.30662346,282,23.038063
tap,88,940,959,28383222,28844304,0.515551746,0.000927746,0.000565421,3.14875251e-07,0.000718133,0.000463105,1.59346484e-07,0.000500489,0.000401653,5.1608889e-08,8.30662346,280,23.280757
tap,89,950,969,28625870,29087088,0.515551746,0.000927746,0.000561412,2.82347599e-07,0.000771893,0.000469629,1.99541802e-07,0.000511829,0.000338113,1.17643736e-07,2.23606801,298,23.523541
tap,90,960,979,28868642,29329735,0.515551746,0.002917469,0.001536975,1.92900188e-06,0.002543433,0.001177038,1.26822783e-06,0.001701645,0.000701575,4.88056173e-07,11.2249718,286,23.766188
tap,91,970,989,29111362,29572394,0.515551746,0.004986584,0.00254334,6.77011712e-06,0.003345941,0.001897344,3.77236665e-06,0.001875613,0.001094298,1.15616217e-06,14.2478065,281,24.008847
tap,92,980,999,29353999,29815581,0.515551746,0.004986584,0.002778158,3.26560917e-06,0.003452912,0.002517575,3.17659078e-06,0.002814916,0.001880681,2.26464067e-06,14.2478065,300,24.252034
tap,93,990,1009,29596660,30058349,0.515551746,0.003735363,0.001871183,2.17530237e-06,0.003452912,0.0020129,1.93658298e-06,0.002814916,0.001787026,6.88786712e-07,11.5758371,298,24.494802
tap,94,1000,1019,29839913,30301009,0.515551746,0.000592053,0.000339126,3.62627613e-08,0.000698856,0.000369095,2.4958721e-08,0.001496965,0.000720568,1.03699769e-07,11.5758371,276,24.737462
tap,95,1010,1029,30082624,30543856,0.515551746,0.000592053,0.000351944,1.70848667e-08,0.000489185,0.000346339,8.52383675e-09,0.000467678,0.000398089,4.23980673e-09,2.44948983,289,24.980309
tap,96,1020,1039,30325295,30786499,0.515551746,0.000897229,0.000336269,6.89056129e-08,0.000549304,0.000254489,2.36506048e-08,0.000420901,0.000274481,1.25951284e-08,12.8062487,284,25.222952
tap,97,1030,1049,30568124,31029140,0.515551746,0.001171887,0.000735546,2.28504902e-07,0.001053469,0.000657493,1.76991222e-07,0.000783268,0.000512623,8.37542506e-08,12.8062487,281,25.465593
tap,98,1040,1059,30810763,31271919,0.515551746,0.002880871,0.001679257,6.00053567e-07,0.002295531,0.001464761,3.74538416e-07,0.001920613,0.001143825,2.24002193e-07,10.8166542,293,25.708372
tap,99,1050,1069,31053402,31514564,0.515551746,0.002880871,0.001608489,7.60182274e-07,0.002295531,0.001503806,3.86317651e-07,0.001920613,0.001367308,1.27349381e-07,7.54983425,285,25.951017
tap,100,1060,1079,31296193,31757213,0.515551746,0.000866711,0.000702771,1.24772715e-08,0.001688633,0.000874628,7.8036094e-08,0.001716751,0.001054536,9.17858774e-08,7.54983425,273,26.193666
tap,101,1070,1089,31538837,32000085,0.515551746,0.000866711,0.000600905,5.53499711e-08,0.000821427,0.000616592,3.23416668e-08,0.000841102,0.000705532,1.66770542e-08,2.44948983,293,26.436538
tap,102,1080,1099,31781478,32243166,0.515551746,0.000714123,0.000320037,3.94562174e-08,0.000783871,0.000391775,5.17903048e-08,0.000785454,0.000480754,4.37279008e-08,3.7416575,298,26.679619
tap,103,1090,1109,32024361,32485962,0.515551746,0.001568615,0.0005186,1.78076235e-07,0.000959788,0.000357587,6.86041296e-08,0.000608425,0.000291287,1.81325815e-08,11.3578167,294,26.922415
tap,104,1100,1119,32267567,32728609,0.515551746,0.005505383,0.003071651,4.98967347e-06,0.004986503,0.002471198,3.34337778e-06,0.003710288,0.001673337,1.52845109e-06,18.1107712,289,27.165062
tap,105,1110,1129,32510234,32971424,0.515551746,0.005505383,0.003348953,4.41108432e-06,0.005136068,0.003075113,2.47441949e-06,0.003965819,0.002572143,1.05773256e-06,18.1107712,290,27.407877
tap,106,1120,1139,32752977,33214065,0.515551746,0.00541383,0.001444495,1.36334597e-06,0.005136068,0.001884028,1.87954652e-06,0.003965819,0.00207541,1.17003935e-06,14.2478065,285,27.650518
tap,107,1130,1149,32995697,33456769,0.515551746,0.000408947,0.000283874,3.63705976e-09,0.000618055,0.000347608,1.1423995e-08,0.001405271,0.000722413,1.09473944e-07,5.47722578,284,27.893222
tap,108,1140,1159,33238336,33699616,0.515551746,0.000683606,0.000371712,2.78882088e-08,0.000586892,0.000323732,1.29356595e-08,0.000488808,0.000364572,5.3651954e-09,3.0,288,28.136069
tap,109,1150,1169,33481034,33942273,0.515551746,0.000994861,0.000517484,2.10211766e-07,0.000708563,0.000395824,7.90554599e-08,0.000582048,0.000350427,2.09972712e-08,16.4012203,287,28.378726
tap,110,1160,1179,33723890,34184924,0.515551746,0.004925549,0.002570343,4.02643855e-06,0.003810273,0.00214423,2.55202212e-06,0.002872906,0.001478579,1.08686049e-06,16.4012203,283,28.621377
tap,111,1170,1189,33966540,34427701,0.515551746,0.004925549,0.002571517,3.80345023e-06,0.003810273,0.002183933,2.14154261e-06,0.002872906,0.001705409,6.71489772e-07,14.6969385,296,28.864154
tap,112,1180,1199,34209189,34670774,0.515551746,0.001110852,0.000808385,2.99640788e-07,0.001623364,0.000832333,1.24098975e-07,0.002122095,0.001102812,1.1287571e-07,8.1240387,295,29.107227
tap,113,1190,1209,34451974,34913525,0.515551746,0.001110852,0.00093708,1.53398625e-08,0.001058401,0.000931101,6.58529054e-09,0.000998972,0.000934823,1.7571663e-09,7.54983425,299,29.349978
tap,114,1200,1219,34695105,35156495,0.515551746,0.001080334,0.00087419,8.12701462e-09,0.001058401,0.000886443,7.1271784e-09,0.000998972,0.000901383,3.53701268e-09,3.0,310,29.592948
tap,115,1210,1229,34937810,35399171,0.515551746,0.001080334,0.000905891,7.771642e-09,0.001015432,0.000898201,5.12130294e-09,0.000955215,0.000892437,1.80291859e-09,2.44948983,284,29.835624
tap,116,1220,1239,35180783,35641817,0.515551746,0.003765881,0.002243143,1.73777687e-06,0.003414458,0.002006237,9.9311831e-07,0.002605509,0.001625514,4.75088768e-07,8.06225777,282,30.07827
tap,117,1230,1249,35423442,35884632,0.515551746,0.003765881,0.002338234,5.02711009e-06,0.003414458,0.001999128,3.23430868e-06,0.002605509,0.001581542,1.19510003e-06,8.06225777,296,30.321085
tap,118,1240,1259,35666087,36127290,0.515551746,0.003344715,0.00202749,1.59925492e-06,0.002750843,0.001652934,9.39911046e-07,0.002107865,0.001231343,1.21209621e-06,12.3693171,291,30.563743
tap,119,1250,1269,35908906,36369947,0.515551746,0.003344715,0.00187852,3.20942581e-06,0.002750843,0.001572556,1.88738102e-06,0.002107865,0.001170193,6.17225509e-07,12.3693171,289,30.8064
tap,120,1260,1279,36151558,36612638,0.515551746,0.001171887,0.000929757,3.64171622e-08,0.001101126,0.000833221,1.75707271e-07,0.001109224,0.000660683,3.95190341e-07,4.5825758,284,31.049091
tap,121,1270,1289,36394215,36855434,0.515551746,0.001171887,0.00105942,4.39927383e-09,0.001101126,0.001040086,2.75678858e-09,0.001049133,0.000886716,2.80855709e-08,3.0,293,31.291887
tap,122,1280,1299,36637003,37098504,0.515551746,0.001232922,0.001093862,2.40085158e-08,0.00119146,0.001096835,5.08623277e-09,0.001145938,0.001052412,4.44703918e-09,6.40312433,301,31.534957
tap,123,1290,1309,36879707,37341291,0.515551746,0.001232922,0.000817812,2.67544465e-07,0.00119146,0.000854768,2.0127554e-07,0.001145938,0.000902413,9.42573084e-08,8.60232544,294,31.777744
tap,124,1300,1319,37122870,37584142,0.515551746,0.000592053,0.000202712,3.38315185e-08,0.000723915,0.000290284,5.36126089e-08,0.000940035,0.000464437,7.9358478e-08,8.60232544,290,32.020595
tap,125,1310,1329,37365562,37826789,0.515551746,0.000714123,0.000397909,9.24558197e-08,0.000653342,0.000320117,5.85344673e-08,0.000488608,0.000252334,1.74979602e-08,8.54400349,284,32.263242
tap,126,1320,1339,37608416,38069438,0.515551746,0.000744641,0.00061833,2.39080308e-08,0.000695386,0.000573086,4.13027332e-08,0.000633968,0.000475794,3.67517248e-08,8.54400349,278,32.505891
tap,127,1330,1349,37851056,38312323,0.515551746,0.000744641,0.000623856,5.6761662e-09,0.000695386,0.000632012,3.71000719e-09,0.000639274,0.000598476,1.05236841e-09,2.82842708,295,32.748776
tap,128,1340,1359,38093732,38554981,0.515551746,0.000836194,0.00064807,1.18106403e-08,0.000777918,0.000643733,7.02249325e-09,0.000703477,0.0006282,2.36205211e-09,2.82842708,277,32.991434
tap,129,1350,1369,38336599,38797627,0.515551746,0.001788318,0.000976772,1.00037767e-06,0.001220567,0.000792607,6.5179887e-07,0.000703779,0.000586283,2.67903061e-07,7.34846926,284,33.23408
tap,130,1360,1379,38579248,39040414,0.515551746,0.002154529,0.001421346,1.91037543e-06,0.001367528,0.000870637,7.24621202e-07,0.00071082,0.000458339,2.1422386e-07,10.0995045,297,33.476867
tap,131,1370,1389,38821893,39283069,0.515551746,0.004742444,0.00259205,5.94237463e-06,0.003541384,0.001812767,3.07730875e-06,0.002253136,0.000966178,9.41243342e-07,10.630146,288,33.719522
tap,132,1380,1399,39064688,39526145,0.515551746,0.004742444,0.002352,3.99347209e-06,0.003541384,0.001925221,2.51506458e-06,0.002253136,0.001338193,1.01755597e-06,10.630146,295,33.962598
tap,133,1390,1409,39307339,39769121,0.515551746,0.001019299,0.000474037,2.03395947e-08,0.002658654,0.000939975,3.44399467e-07,0.00206806,0.001057383,2.19015575e-07,7.68114567,299,34.205574
tap,134,1400,1419,39550470,40011788,0.515551746,0.000469983,0.000324058,1.34772174e-08,0.000437946,0.000345971,1.08938519e-08,0.000745126,0.000488308,2.3497346e-08,2.44948983,286,34.448241
tap,135,1410,1429,39793405,40254437,0.515551746,0.003186047,0.001587206,1.62584172e-06,0.002840043,0.001175314,8.46589898e-07,0.001905117,0.000770839,2.65077943e-07,11.2249718,275,34.69089
tap,136,1420,1439,40036055,40497089,0.515551746,0.003186047,0.00197748,1.90896367e-06,0.00298325,0.001738462,1.12291048e-06,0.002290242,0.001401853,4.83125575e-07,11.2249718,280,34.933542
tap,137,1430,1449,40278703,40739861,0.515551746,0.003125012,0.001570257,9.7152633e-07,0.00298325,0.001608079,5.89907529e-07,0.002290242,0.001510432,1.58186452e-07,8.48528099,297,35.176314
tap,138,1440,1459,40521421,40982520,0.515551746,0.001782238,0.001067688,4.74641211e-07,0.001603954,0.001023763,2.74338703e-07,0.001459833,0.001069389,1.21045488e-07,10.2469511,280,35.418973
tap,139,1450,1469,40764140,41225211,0.515551746,0.000683606,0.000336603,4.92596109e-08,0.000785371,0.000390194,5.59392881e-08,0.001054874,0.00057439,8.17237042e-08,10.2469511,277,35.661664
tap,140,1460,1479,41006786,41468037,0.515551746,0.000408947,0.000255084,7.30352978e-09,0.000352831,0.000241622,5.57005286e-09,0.000325706,0.000279505,4.86524654e-10,2.44948983,287,35.90449
tap,141,1470,1489,41249473,41710697,0.515551746,0.000714123,0.000387368,2.48883702e-08,0.000591141,0.000343767,1.23116103e-08,0.000462401,0.000308028,3.77289355e-09,2.44948983,279,36.14715
tap,142,1480,1499,41492309,41953747,0.515551746,0.001910388,0.001035266,9.7005579e-07,0.001415541,0.000751287,3.35286245e-07,0.001069236,0.000562334,8.90386919e-08,7.0,303,36.3902
tap,143,1490,1509,41734961,42196684,0.515551746,0.002154529,0.001376415,1.94688323e-06,0.001924404,0.001098005,1.23903635e-06,0.001069236,0.000712113,5.33741456e-07,7.0,310,36.633137
tap,144,1500,1519,41978107,42439357,0.515551746,0.002154529,0.001078549,1.22213783e-06,0.001924404,0.000942349,8.93453261e-07,0.001063294,0.000544316,2.65042445e-07,9.69536018,291,36.87581
tap,145,1510,1529,42220962,42682024,0.515551746,0.000927746,0.000603149,2.15282563e-08,0.000679858,0.000569056,1.62057779e-08,0.000531333,0.000428368,4.62611526e-08,9.69536018,277,37.118477
tap,146,1520,1539,42463633,42924884,0.515551746,0.000653088,0.000482846,6.82316337e-09,0.000664399,0.000499933,6.71431666e-09,0.000531333,0.000484446,1.34149958e-09,2.23606801,294,37.361337
tap,147,1530,1549,42706290,43167537,0.515551746,0.000933826,0.000484057,9.8318252e-08,0.000489735,0.000432963,1.18529851e-08,0.000471504,0.000445514,2.24101737e-09,11.4017544,284,37.60399
tap,148,1540,1559,42949159,43410192,0.515551746,0.002490222,0.000956803,8.28315819e-07,0.001498778,0.000731362,5.22107939e-07,0.000895316,0.000494773,2.56925801e-07,15.2970581,279,37.846645
tap,149,1550,1569,43191815,43652967,0.515551746,0.002490222,0.001032668,5.76537672e-07,0.001498778,0.000868721,2.48577919e-07,0.001062558,0.000659957,1.37501431e-07,15.2970581,304,38.08942
tap,150,1560,1579,43434462,43895629,0.515551746,0.001666248,0.000577466,3.41599303e-07,0.001409177,0.000579564,2.92636514e-07,0.001062558,0.000549953,1.57032247e-07,12.1243553,283,38.332082
tap,151,1570,1589,43677249,44138281,0.515551746,0.000622571,0.000432876,5.01223093e-08,0.000546362,0.000377874,4.18900074e-08,0.000464565,0.00028338,6.244506e-08,6.16441393,284,38.574734
tap,152,1580,1599,43919894,44381448,0.515551746,0.000622571,0.000484656,5.59773872e-09,0.000546362,0.000474439,3.71277964e-09,0.000465378,0.000409523,7.17155046e-09,3.0,300,38.817901
tap,153,1590,1609,44162550,44624362,0.515551746,0.000561535,0.000444826,3.57578855e-09,0.000519629,0.000452362,1.84482796e-09,0.000466907,0.000445322,4.0967224e-10,5.47722578,294,39.060815
tap,154,1600,1619,44405901,44867025,0.515551746,0.000561535,0.00041637,8.44464471e-08,0.000506682,0.000402093,3.47776666e-08,0.000467813,0.000410232,1.00058272e-08,7.14142847,285,39.303478
tap,155,1610,1629,44648636,45109669,0.515551746,0.000811756,0.000366641,1.37580855e-07,0.000502785,0.000333523,1.16974824e-07,0.000467813,0.00029204,7.78134526e-08,7.14142847,287,39.546122
tap,156,1620,1639,44891288,45352456,0.515551746,0.000811756,0.000393832,1.59344395e-07,0.000502785,0.000330324,1.14779659e-07,0.000303865,0.00018477,3.59277368e-08,12.083046,300,39.788909
tap,157,1630,1649,45133942,45595099,0.515551746,0.0005005,0.000342366,1.63202019e-08,0.000432859,0.000309658,1.29725651e-08,0.000303865,0.000238695,1.35599592e-08,12.083046,286,40.031552
tap,158,1640,1659,45376725,45837762,0.515551746,0.00037843,0.000253031,4.6468096e-09,0.000337542,0.000254848,2.70525891e-09,0.000292161,0.000251835,8.32383773e-10,2.82842708,273,40.274215
tap,159,1650,1669,45619373,46080616,0.515551746,0.002185047,0.000724554,5.47644617e-07,0.000883692,0.000422121,1.56631472e-07,0.00044637,0.000287588,3.38248501e-08,17.9164734,292,40.517069
tap,160,1660,1679,45862031,46323284,0.515551746,0.002423108,0.001287469,1.74469801e-06,0.001454606,0.000843259,7.41634721e-07,0.000903347,0.000466664,2.26058887e-07,20.322401,285,40.759737
tap,161,1670,1689,46104893,46565947,0.515551746,0.002423108,0.001177417,1.45927459e-06,0.001454606,0.000857248,7.69060363e-07,0.000903347,0.000467015,2.24987389e-07,20.322401,281,41.0024
tap,162,1680,1699,46347550,46809085,0.515551746,0.001293957,0.000572678,3.09924559e-07,0.001163272,0.000494095,1.96991422e-07,0.000616434,0.000292899,4.76051726e-08,8.66025448,307,41.245538
tap,163,1690,1709,46590210,47051893,0.515551746,0.000866711,0.000606767,2.61358523e-08,0.000782108,0.000547882,4.92352606e-08,0.000653642,0.00043224,4.49118497e-08,7.34846926,295,41.488346
tap,164,1700,1719,46833483,47294533,0.515551746,0.000866711,0.000625674,1.59893377e-08,0.000782108,0.000617891,9.71604575e-09,0.000653642,0.000569544,5.26758459e-09,2.23606801,285,41.730986
tap,165,1710,1729,47076163,47537391,0.515551746,0.000592053,0.000452207,3.92135813e-08,0.000668069,0.000486299,2.50926139e-08,0.000644333,0.000523927,1.05647552e-08,9.05538559,298,41.973844
tap,166,1720,1739,47318800,47780050,0.515551746,0.001110852,0.000600244,1.4523485e-07,0.000939467,0.000508225,7.43563567e-08,0.000696914,0.000452221,2.21690859e-08,9.05538559,281,42.216503
tap,167,1730,1749,47561670,48022698,0.515551746,0.001141369,0.000777664,1.17974061e-07,0.001049472,0.000724699,9.58557454e-08,0.000844099,0.000627608,5.1817547e-08,11.4017544,282,42.459151
tap,168,1740,1759,47804314,48265337,0.515551746,0.001141369,0.000603094,8.09049742e-08,0.001049472,0.000646101,7.16464888e-08,0.000844099,0.000642555,2.7344434e-08,11.4017544,281,42.70179
tap,169,1750,1769,48046960,48508162,0.515551746,0.000744641,0.000492026,3.27703017e-08,0.000694739,0.000482253,2.01943029e-08,0.000636279,0.000498621,6.60136834e-09,5.09901953,293,42.944615
tap,170,1760,1779,48289719,48750820,0.515551746,0.004382312,0.00137267,1.98297948e-06,0.002307407,0.000736756,5.17528462e-07,0.000924051,0.000496932,1.28747729e-07,17.2916164,287,43.187273
tap,171,1770,1789,48532436,48993526,0.515551746,0.004382312,0.002614428,6.20364744e-06,0.003830045,0.002018103,3.15513216e-06,0.002505188,0.001348078,1.3318097e-06,18.2756672,287,43.429979
tap,172,1780,1799,48775086,49236742,0.515551746,0.004260242,0.002788407,7.93658364e-06,0.003830045,0.002454651,6.33355876e-06,0.002505188,0.001592987,2.6069979e-06,18.2756672,309,43.673195
tap,173,1790,1809,49017794,49479569,0.515551746,0.003002942,0.001659313,1.85953502e-06,0.002419001,0.001548993,1.25384588e-06,0.001659967,0.001017662,3.18514793e-07,10.0995045,294,43.916022
tap,174,1800,1819,49261139,49722244,0.515551746,0.000750721,0.000416764,1.82352963e-07,0.0009914,0.000335291,8.7158205e-08,0.001298364,0.000492935,8.14099428e-08,7.54983425,280,44.158697
tap,175,1810,1829,49503849,49965130,0.515551746,0.000714123,0.000503625,2.99273136e-08,0.000668633,0.000456205,2.61907097e-08,0.00058303,0.000396312,1.26603278e-08,3.1622777,300,44.401583
tap,176,1820,1839,49746511,50207801,0.515551746,0.000720203,0.000600823,2.67740546e-07,0.000668633,0.000529049,1.26619284e-07,0.000584384,0.000464857,3.45797627e-08,7.34846926,283,44.644254
tap,177,1830,1849,49989418,50450452,0.515551746,0.001269519,0.000599878,3.78241964e-07,0.000853822,0.00048509,2.47693208e-07,0.000584384,0.000361487,1.25513793e-07,10.7703295,287,44.886905
tap,178,1840,1859,50232068,50693320,0.515551746,0.003735363,0.0018523,2.68761073e-06,0.003146234,0.001347456,1.53195901e-06,0.002071641,0.000797118,5.5202895e-07,10.7703295,303,45.129773
tap,179,1850,1869,50474719,50935991,0.515551746,0.003735363,0.002244283,2.87546095e-06,0.003362007,0.001938336,1.50580968e-06,0.002605106,0.001519189,6.66539847e-07,6.08276272,281,45.372444
tap,180,1860,1879,50717602,51178638,0.515551746,0.00352174,0.001379972,1.38936423e-06,0.003362007,0.001464376,1.18333685e-06,0.002605106,0.001381703,5.08575851e-07,5.47722578,284,45.615091
tap,181,1870,1889,50960258,51421445,0.515551746,0.000592053,0.000469149,8.14662204e-09,0.000565502,0.000459776,6.55746435e-09,0.00082163,0.000592684,7.2597186e-09,2.44948983,290,45.857898
tap,182,1880,1899,51202905,51664551,0.515551746,0.000927746,0.000599516,5.53769291e-08,0.000832435,0.000543479,2.27993692e-08,0.000678024,0.000524633,6.07105211e-09,5.19615221,304,46.101004
tap,183,1890,1909,51445724,51907326,0.515551746,0.0032776,0.001245685,1.09199038e-06,0.002181326,0.000765458,2.96214182e-07,0.001228671,0.000554466,5.77383041e-08,11.5758371,296,46.343779
tap,184,1900,1919,51688905,52150048,0.515551746,0.005902112,0.003019598,3.82305689e-06,0.004155423,0.002621851,2.80325889e-06,0.00342463,0.001960909,1.4726005e-06,17.7200451,281,46.586501
tap,185,1910,1929,51931602,52392843,0.515551746,0.005902112,0.003059465,3.5551891e-06,0.004155423,0.002962565,2.05039487e-06,0.003544046,0.002583754,6.41022268e-07,17.7200451,295,46.829296
tap,186,1920,1939,52174392,52635518,0.515551746,0.003887951,0.001283959,1.18465209e-06,0.003932998,0.001552911,1.37052825e-06,0.003544046,0.001819707,1.01082196e-06,9.89949512,275,47.071971
tap,187,1930,1949,52417111,52878173,0.515551746,0.0005005,0.000414579,2.24497754e-09,0.000456328,0.000415164,6.19122864e-10,0.001049851,0.000650027,3.36667366e-08,3.0,281,47.314626
tap,188,1940,1959,52659785,53120998,0.515551746,0.002093494,0.000979535,9.20585421e-07,0.001349546,0.000731149,5.1730808e-07,0.000899218,0.000520877,2.8395084e-07,33.1209908,290,47.557451
tap,189,1950,1969,52902435,53363649,0.515551746,0.002154529,0.001376284,1.04567914e-06,0.001800334,0.000963588,3.86780868e-07,0.001202517,0.000612883,1.42364527e-07,33.1209908,287,47.800102
tap,190,1960,1979,53145271,53606308,0.515551746,0.003466785,0.001532602,1.79442327e-06,0.002551368,0.001253987,8.19119918e-07,0.001815511,0.00100721,2.60172442e-07,14.0356684,281,48.042761
tap,191,1970,1989,53387916,53849192,0.515551746,0.003466785,0.001203564,1.51102427e-06,0.002551368,0.001099691,1.16696128e-06,0.001815511,0.000898906,5.53181564e-07,14.0356684,300,48.285645
tap,192,1980,1999,53630634,54092328,0.515551746,0.000836194,0.000437872,1.2401295e-08,0.000588782,0.000438214,4.43660042e-09,0.000374282,0.000270885,2.3694701e-08,7.54983425,301,48.528781
tap,193,1990,2009,53873475,54335072,0.515551746,0.003796399,0.001124996,9.18213004e-07,0.00214068,0.000640108,2.04567612e-07,0.001160583,0.000425814,4.30782516e-08,14.5945196,298,48.771525
tap,194,2000,2019,54116652,54577918,0.515551746,0.003857434,0.002145312,3.30723424e-06,0.003336986,0.001807984,1.72585464e-06,0.002371247,0.001363653,6.86804867e-07,14.5945196,300,49.014371
tap,195,2010,2029,54359351,54820577,0.515551746,0.003857434,0.001888875,3.14044678e-06,0.003336986,0.001735451,2.25748681e-06,0.002371247,0.001329789,7.80154891e-07,14.3527002,290,49.25703
tap,196,2020,2039,54602198,55063242,0.515551746,0.001086414,0.000595169,2.84386686e-07,0.000778712,0.000497606,2.13018538e-07,0.000566103,0.000390199,2.12959248e-08,8.60232544,278,49.499695
tap,197,2030,2049,54844844,55306125,0.515551746,0.000836194,0.000519142,3.73975016e-08,0.000717832,0.000492418,1.6421218e-08,0.000566103,0.00045346,4.01265776e-09,6.63324976,299,49.742578
tap,198,2040,2059,55087507,55548775,0.515551746,0.000744641,0.000537225,2.70965842e-08,0.000679214,0.000514994,1.92876752e-08,0.000603357,0.000487108,7.20833304e-09,3.0,285,49.985228
tap,199,2050,2069,55330402,55791433,0.515551746,0.001141369,0.000724635,2.50574794e-08,0.000925655,0.000667763,8.76565487e-09,0.000782291,0.000605883,6.64217614e-09,7.28010988,275,50.227886
tap,200,2060,2079,55573044,56034087,0.515551746,0.00126344,0.000851854,2.91501521e-07,0.0011448,0.000806924,1.12932312e-07,0.001002495,0.000753607,3.03756874e-08,7.28010988,280,50.47054
tap,201,2070,2089,55815696,56276898,0.515551746,0.00126344,0.000813482,4.45603547e-07,0.0011448,0.000723102,2.80498938e-07,0.001002495,0.000640382,1.07629262e-07,7.21110249,289,50.713351
tap,202,2080,2099,56058418,56519966,0.515551746,0.001202404,0.000771724,2.38663659e-07,0.000933431,0.000660815,1.83188064e-07,0.000808613,0.000536624,5.61935239e-08,6.40312433,303,50.956419
tap,203,2090,2109,56301172,56762811,0.515551746,0.001202404,0.000736156,3.59269943e-08,0.000933431,0.000736768,1.74141108e-08,0.000808613,0.000694305,6.7276571e-09,6.16441393,297,51.199264
tap,204,2100,2119,56544326,57005660,0.515551746,0.000805676,0.000633963,9.04608299e-09,0.000880481,0.000661963,8.45082582e-09,0.000808173,0.000680129,3.6434189e-09,2.44948983,294,51.442113
tap,205,2110,2129,56787079,57248324,0.515551746,0.000988781,0.000703116,1.74377897e-08,0.000850728,0.000670818,5.00334973e-09,0.000755417,0.000656127,1.25379995e-09,3.0,286,51.684777
tap,206,2120,2139,57029934,57490991,0.515551746,0.000988781,0.0007074,6.51043514e-08,0.000893484,0.000697937,1.82481139e-08,0.000816753,0.000690599,5.13381915e-09,16.1245155,284,51.927444
tap,207,2130,2149,57272593,57733811,0.515551746,0.001202404,0.000694664,2.70894787e-07,0.000893484,0.000621442,8.1924461e-08,0.000816753,0.000638601,2.63854162e-08,36.110939,297,52.170264
tap,208,2140,2159,57515266,57976478,0.515551746,0.001538098,0.00074596,3.85263632e-07,0.000800847,0.00052406,1.19054071e-07,0.000726969,0.000470606,3.86060672e-08,36.110939,279,52.412931
tap,209,2150,2169,57758083,58219123,0.515551746,0.001538098,0.000744414,1.83284285e-07,0.000796528,0.000638787,1.03508185e-07,0.000698195,0.000541557,4.47392198e-08,8.60232544,278,52.655576
tap,210,2160,2179,58000742,58461992,0.515551746,0.000836194,0.000607288,2.30281764e-08,0.000796528,0.000626382,1.93162995e-08,0.000698195,0.000610176,5.46812817e-09,2.44948983,297,52.898445
tap,211,2170,2189,58243387,58704654,0.515551746,0.001416028,0.000549937,7.97604249e-08,0.000646666,0.000488114,1.2131382e-08,0.000636504,0.000521419,4.32876357e-09,6.78233004,283,53.141107
tap,212,2180,2199,58486274,58947713,0.515551746,0.004010022,0.002006577,1.52585926e-06,0.003061344,0.001747914,1.12806106e-06,0.002323334,0.001313056,5.46069543e-07,14.1421356,302,53.384166
tap,213,2190,2209,58728933,59190626,0.515551746,0.004010022,0.002160454,2.64506389e-06,0.003061344,0.001985196,1.53597216e-06,0.002323334,0.001675053,4.77310095e-07,14.422205,297,53.627079
tap,214,2200,2219,58972042,59433308,0.515551746,0.002178967,0.001050709,1.00271825e-06,0.002459475,0.00106017,8.30328587e-07,0.002279381,0.001140098,5.28906071e-07,14.422205,289,53.869761
tap,215,2210,2229,59214913,59675970,0.515551746,0.00138551,0.000664201,1.17876027e-07,0.00063922,0.000543016,7.31559942e-08,0.000588743,0.000506033,1.15621049e-08,13.0384045,284,54.112423
tap,216,2220,2239,59457576,59918670,0.515551746,0.000653088,0.000558659,3.7841108e-09,0.00063922,0.000557352,2.14606399e-09,0.000588743,0.000548634,4.99619845e-10,2.23606801,281,54.355123
tap,217,2230,2249,59700238,60161488,0.515551746,0.000622571,0.00050652,2.37707824e-08,0.000574777,0.000512979,5.91803806e-09,0.000554295,0.000526608,1.33763478e-09,6.78233004,292,54.597941
tap,218,2240,2259,59943048,60404149,0.515551746,0.005139172,0.002559445,3.8430685e-06,0.004397755,0.001973129,2.18813443e-06,0.003077213,0.001301651,7.61660316e-07,10.9544516,288,54.840602
tap,219,2250,2269,60185759,60646799,0.515551746,0.006909192,0.003888852,3.34563174e-06,0.005327404,0.003606627,2.76925903e-06,0.003962863,0.002953329,1.98601538e-06,17.3781471,282,55.083252
tap,220,2260,2279,60428413,60889581,0.515551746,0.006909192,0.002956792,4.48103401e-06,0.005327404,0.003108991,3.62161973e-06,0.003962863,0.002968953,1.39977749e-06,17.3781471,294,55.326034
tap,221,2270,2289,60671074,61132236,0.515551746,0.000744641,0.00052587,5.25069866e-08,0.0020001,0.000783594,1.62180086e-07,0.002946281,0.001396303,4.51955031e-07,9.53939247,278,55.568689
tap,222,2280,2299,60913845,61375296,0.515551746,0.000744641,0.000626165,8.71521877e-09,0.00069828,0.000594528,6.03444539e-09,0.000836941,0.000700296,7.35125827e-09,3.1622777,291,55.811749
tap,223,2290,2309,61156503,61618279,0.515551746,0.000775158,0.00057913,1.20459223e-08,0.000714861,0.000588235,5.67514435e-09,0.000675521,0.000618017,1.49537771e-09,2.23606801,304,56.054732
tap,224,2300,2319,61399665,61860941,0.515551746,0.001202404,0.000817347,8.06427271e-08,0.001125654,0.000756848,4.87556017e-08,0.000957097,0.000687528,1.64614702e-08,1.73205078,286,56.297394
tap,225,2310,2329,61642557,62103609,0.515551746,0.001202404,0.000981673,3.54490762e-08,0.001141835,0.000947703,3.83764625e-08,0.001013887,0.000872066,2.74687399e-08,2.44948983,277,56.540062
tap,226,2320,2339,61885219,62346394,0.515551746,0.001171887,0.000858305,2.05160562e-08,0.001141835,0.000896935,2.08689028e-08,0.001013887,0.000906568,7.586892e-09,2.44948983,292,56.782847
tap,227,2330,2349,62127879,62589046,0.515551746,0.000805676,0.000646098,2.13591471e-08,0.000832878,0.000682752,1.60916576e-08,0.000895795,0.000748047,1.18565698e-08,2.44948983,283,57.025499
tap,228,2340,2359,62370672,62831698,0.515551746,0.000683606,0.000538956,1.23424745e-08,0.000698362,0.000544766,9.457783e-09,0.000748947,0.000590381,8.38887892e-09,2.44948983,282,57.268151
tap,229,2350,2369,62613311,63074550,0.515551746,0.000805676,0.000661891,1.84573421e-08,0.000781813,0.000632006,1.86107287e-08,0.000724026,0.000599877,8.19618773e-09,1.73205078,300,57.511003
tap,230,2360,2379,62855961,63317227,0.515551746,0.000805676,0.000680383,1.27836273e-08,0.000781813,0.000685032,7.61937446e-09,0.000724026,0.000667645,2.48729037e-09,2.44948983,280,57.75368
tap,231,2370,2389,63098841,63559877,0.515551746,0.000714123,0.000553668,5.03894526e-09,0.000737225,0.000577046,5.92815308e-09,0.000721278,0.000608865,4.46154846e-09,3.0,283,57.99633
tap,232,2380,2399,63341496,63802937,0.515551746,0.000561535,0.000527172,8.11230971e-10,0.000550532,0.000525776,2.22683941e-10,0.000580332,0.000541171,3.45640572e-10,3.46410155,294,58.23939
tap,233,2390,2409,63584140,64045813,0.515551746,0.000775158,0.000618345,8.35984526e-09,0.000722465,0.000602135,6.58437216e-09,0.000662472,0.000577519,3.17950044e-09,3.46410155,313,58.482266
tap,234,2400,2419,63827349,64288487,0.515551746,0.000775158,0.000673919,3.56843599e-09,0.000722465,0.000659359,2.14812634e-09,0.000668828,0.000634481,1.30036415e-09,3.0,281,58.72494
tap,235,2410,2429,64070098,64531174,0.515551746,0.000714123,0.000554584,2.17904963e-08,0.000695783,0.000570289,1.46760584e-08,0.000668828,0.000596401,6.20719831e-09,2.44948983,283,58.967627
tap,236,2420,2439,64312755,64774015,0.515551746,0.000927746,0.000624072,4.28874034e-08,0.000816756,0.000604364,2.68704131e-08,0.000711972,0.000584697,8.641317e-09,3.31662488,298,59.210468
tap,237,2430,2449,64555442,65016685,0.515551746,0.000927746,0.000754148,1.49991946e-08,0.000824272,0.000736269,1.07861727e-08,0.000775046,0.000688129,8.58233395e-09,3.31662488,287,59.453138
tap,238,2440,2459,64798294,65259350,0.515551746,0.000866711,0.000639397,2.23517415e-08,0.000824272,0.000655469,1.71881512e-08,0.000775046,0.000669873,7.5624742e-09,3.1622777,276,59.695803
tap,239,2450,2469,65040957,65502156,0.515551746,0.000622571,0.000458588,9.51909662e-09,0.000571839,0.000479187,5.49247936e-09,0.000638201,0.000533866,4.63655336e-09,2.44948983,297,59.938609
tap,240,2460,2479,65283614,65744821,0.515551746,0.000469983,0.000370206,4.26202629e-09,0.000518436,0.000384871,4.57030014e-09,0.000549918,0.000423767,4.87344254e-09,2.23606801,281,60.181274
tap,241,2470,2489,65526435,65987472,0.515551746,0.000805676,0.000511024,3.16919252e-08,0.00072988,0.00046451,2.09268636e-08,0.000614293,0.000426017,7.30224636e-09,2.44948983,284,60.423925
tap,242,2480,2499,65769090,66230749,0.515551746,0.000805676,0.000574359,2.25085956e-08,0.00072988,0.000565988,1.49099664e-08,0.000633527,0.000531223,7.79965781e-09,3.0,307,60.667202
tap,243,2490,2509,66011734,66473551,0.515551746,0.000683606,0.000465902,1.08327523e-08,0.000713684,0.000493166,1.29256497e-08,0.000633527,0.000511577,6.52255538e-09,3.0,290,60.910004
tap,244,2500,2519,66255126,66716209,0.515551746,0.000866711,0.0005936,3.35545703e-08,0.000788947,0.000567822,2.57840395e-08,0.000674888,0.000531475,1.03583168e-08,2.44948983,287,61.152662
tap,245,2510,2529,66497824,66959021,0.515551746,0.000866711,0.000685599,9.4382191e-09,0.000788947,0.00066608,4.79194862e-09,0.000674888,0.000623897,2.86995228e-09,2.44948983,295,61.395474
tap,246,2520,2539,66740476,67201686,0.515551746,0.000744641,0.000634821,4.12722967e-09,0.000680909,0.000638396,9.9801567e-10,0.000661939,0.000639782,1.90916963e-10,1.73205078,287,61.638139
tap,247,2530,2549,66983311,67444336,0.515551746,0.000805676,0.000611286,1.47908732e-08,0.00070427,0.000598293,7.13178494e-09,0.000661939,0.000603796,2.51614263e-09,2.44948983,276,61.880789
tap,248,2540,2559,67225946,67687043,0.515551746,0.000805676,0.000515686,2.73784317e-08,0.00070427,0.000524558,1.47449509e-08,0.000637976,0.000549016,4.29591562e-09,2.44948983,282,62.123496
tap,249,2550,2569,67468600,67929876,0.515551746,0.000683606,0.000435206,9.9504466e-09,0.000697037,0.000461257,1.05962145e-08,0.000637976,0.000486319,6.02522299e-09,3.0,292,62.366329
tap,250,2560,2579,67711421,68172541,0.515551746,0.000469983,0.000354922,1.50457618e-08,0.000452654,0.000360514,9.9536795e-09,0.000440618,0.000386864,4.66157912e-09,3.0,282,62.608994
tap,251,2570,2589,67954153,68415199,0.515551746,0.000408947,0.000233765,4.55612792e-09,0.000418859,0.000254523,4.57502125e-09,0.000428201,0.000293441,4.32629887e-09,2.44948983,274,62.851652
tap,252,2580,2599,68196807,68658370,0.515551746,0.000561535,0.000367631,2.03788077e-08,0.000500073,0.000334441,1.45008048e-08,0.000429646,0.00029843,5.40932366e-09,2.44948983,300,63.094823
tap,253,2590,2609,68439465,68901135,0.515551746,0.000561535,0.000444627,4.80366369e-09,0.000500073,0.000423083,5.53442003e-09,0.000435696,0.000385016,4.60473437e-09,2.44948983,298,63.337588
tap,254,2600,2619,68682706,69143795,0.515551746,0.000653088,0.000472384,6.88933621e-09,0.000597967,0.000458316,2.86529778e-09,0.000525651,0.000439224,9.4301655e-10,2.82842708,277,63.580248
tap,255,2610,2629,68925410,69386687,0.515551746,0.000653088,0.000489445,1.20459223e-08,0.000617259,0.000489609,6.42997078e-09,0.000553311,0.00047921,2.20882379e-09,2.82842708,298,63.82314
tap,256,2620,2639,69168092,69629364,0.515551746,0.004925549,0.002111854,2.981742e-06,0.003993356,0.00144785,1.23576513e-06,0.002465308,0.00092343,3.42667874e-07,16.6733322,280,64.065817
tap,257,2630,2649,69410965,69872031,0.515551746,0.004925549,0.002817397,5.94853145e-06,0.00443984,0.00229699,3.07738969e-06,0.003104995,0.001736946,1.02687716e-06,16.6733322,283,64.308484
tap,258,2640,2659,69653630,70114827,0.515551746,0.00629884,0.003325489,8.83490793e-06,0.00443984,0.002762497,3.55276575e-06,0.003104995,0.002228944,7.50990693e-07,15.1327457,287,64.55128
tap,259,2650,2669,69896296,70357478,0.515551746,0.00629884,0.002830488,7.26306871e-06,0.004357253,0.00213706,3.63770982e-06,0.002946671,0.001643734,1.31021477e-06,15.1327457,285,64.793931
tap,260,2660,2679,70139102,70600138,0.515551746,0.002276599,0.000774438,6.28142743e-07,0.001553677,0.000534237,2.98458275e-07,0.000464016,0.000240975,7.42618234e-09,13.4536238,283,65.036591
tap,261,2670,2689,70381748,70842988,0.515551746,0.0005005,0.000407075,6.18594242e-09,0.000465179,0.000380743,8.51045812e-09,0.000432092,0.000338592,6.72856704e-09,2.82842708,292,65.279441
tap,262,2680,2699,70624406,71086048,0.515551746,0.002789319,0.001702466,1.17447371e-06,0.002583227,0.001486581,8.28777217e-07,0.002041401,0.001104628,4.16267795e-07,21.9544983,304,65.522501
tap,263,2690,2709,70867267,71328819,0.515551746,0.002789319,0.001722477,1.15546743e-06,0.002583227,0.001557126,6.69763949e-07,0.002041401,0.001327057,2.15496172e-07,21.9544983,288,65.765272
tap,264,2700,2719,71110423,71571476,0.515551746,0.001049817,0.000703307,8.00545257e-08,0.00147498,0.000803521,5.63423826e-08,0.001662553,0.000990522,5.77544761e-08,19.3390789,278,66.007929
tap,265,2710,2729,71353093,71814259,0.515551746,0.005383313,0.002632924,3.82645158e-06,0.00464839,0.001972756,1.86119348e-06,0.00315127,0.001374658,5.60403123e-07,15.2643375,291,66.250712
tap,266,2720,2739,71595818,72056916,0.515551746,0.005383313,0.003293191,5.01555451e-06,0.005032696,0.002947955,2.9138821e-06,0.003931398,0.002429929,1.24535723e-06,14.2828569,281,66.493369
tap,267,2730,2749,71838532,72299635,0.515551746,0.005200207,0.003422616,4.23041047e-06,0.005032696,0.003193313,2.44941748e-06,0.003931398,0.00277587,6.53031634e-07,13.1529465,275,66.736088
tap,268,2740,2759,72081182,72542458,0.515551746,0.004986584,0.002910829,4.27843725e-06,0.00431082,0.002627459,2.40193549e-06,0.003658119,0.002431751,7.13915028e-07,10.4880886,296,66.978911
tap,269,2750,2769,72323907,72785116,0.515551746,0.00428468,0.002446125,2.87426724e-06,0.004301671,0.002371406,1.46239097e-06,0.003658119,0.002301486,4.64545934e-07,19.7230835,277,67.221569
tap,270,2760,2779,72566726,73027772,0.515551746,0.004071057,0.002690234,2.85564079e-06,0.003393839,0.002181671,1.23841107e-06,0.002856432,0.001945733,3.53255075e-07,19.7230835,283,67.464225
tap,271,2770,2789,72809383,73270575,0.515551746,0.00516969,0.002966749,3.86011379e-06,0.004787639,0.002704671,2.29498141e-06,0.003659208,0.0023675,7.95908022e-07,17.5783958,291,67.707028
tap,272,2780,2799,73052039,73513617,0.515551746,0.00516969,0.002574303,3.75704349e-06,0.004787639,0.002557605,2.70977762e-06,0.003659208,0.002330121,9.6472286e-07,13.7477274,300,67.95007
tap,273,2790,2809,73294848,73756376,0.515551746,0.001416028,0.000725193,1.67292498e-07,0.001186749,0.000738801,7.45134008e-08,0.002077877,0.001115371,1.51253857e-07,18.1383572,287,68.192829
tap,274,2800,2819,73537969,73999259,0.515551746,0.001599133,0.001038034,2.54836806e-07,0.001385808,0.000876712,1.0632283e-07,0.001109165,0.000820543,2.27297751e-08,18.1383572,292,68.435712
tap,275,2810,2829,73780657,74241924,0.515551746,0.001599133,0.001011543,2.26799102e-07,0.001428428,0.000962144,1.28496452e-07,0.001173949,0.000913663,4.06114853e-08,13.9642401,284,68.678377
tap,276,2820,2839,74023531,74484564,0.515551746,0.003436267,0.002134014,4.10007397e-06,0.003087793,0.001766671,3.00733882e-06,0.002121286,0.001202348,1.5216383e-06,19.1049728,276,68.921017
tap,277,2830,2849,74266189,74727345,0.515551746,0.003436267,0.002077979,3.54141775e-06,0.003087793,0.001653272,1.94853351e-06,0.002121286,0.001078162,6.31331829e-07,19.1049728,303,69.163798
tap,278,2840,2859,74508826,74970008,0.515551746,0.000866711,0.000492986,1.77291952e-07,0.000933843,0.000365023,1.35952376e-07,0.001357806,0.000479501,1.70994795e-07,13.1529465,278,69.406461
tap,279,2850,2869,74751625,75212657,0.515551746,0.00150758,0.000831858,6.63285504e-07,0.001295445,0.000607376,2.80749049e-07,0.000871701,0.000397148,1.09012674e-07,14.1774473,280,69.64911
tap,280,2860,2879,74994273,75455356,0.515551746,0.00150758,0.001007248,1.05661002e-06,0.001295445,0.000760331,5.97033931e-07,0.000871701,0.00045199,1.98556762e-07,14.1774473,277,69.891809
tap,281,2870,2889,75236922,75698149,0.515551746,0.001452625,0.000937838,7.90474757e-07,0.001186403,0.00078589,5.96061397e-07,0.000797924,0.000478991,2.1639471e-07,10.9544516,299,70.134602
tap,282,2880,2899,75479695,75941218,0.515551746,0.00126344,0.001040509,1.63202019e-08,0.001175112,0.000974889,2.36688657e-08,0.001067377,0.000793008,6.38172246e-08,9.89949512,296,70.377671
tap,283,2890,2909,75722427,76183972,0.515551746,0.003308117,0.002130363,1.0270503e-06,0.002941314,0.001953773,7.02245756e-07,0.00249709,0.001601058,4.02943385e-07,11.5758371,297,70.620425
tap,284,2900,2919,75965540,76426765,0.515551746,0.003308117,0.002129278,1.04640219e-06,0.002941314,0.002014527,5.75506874e-07,0.00249709,0.001840642,1.75210417e-07,12.1243553,297,70.863218
tap,285,2910,2929,76208246,76669429,0.515551746,0.00138551,0.001040214,2.8907763e-08,0.001712225,0.001159321,3.58344177e-08,0.002040769,0.001401934,7.57870913e-08,12.1243553,286,71.105882
tap,286,2920,2939,76451040,76912104,0.515551746,0.001629651,0.001102976,4.50858155e-08,0.00136468,0.001080642,1.66900873e-08,0.001338166,0.001131826,1.03261878e-08,10.2469511,274,71.348557
tap,287,2930,2949,76693708,77154944,0.515551746,0.001629651,0.001115553,6.04967518e-08,0.00136468,0.001100876,2.47150226e-08,0.001228759,0.001102641,6.88625246e-09,11.4455233,292,71.591397
tap,288,2940,2959,76936378,77397612,0.515551746,0.001293957,0.00101455,3.19860295e-08,0.001339927,0.001045316,1.88169833e-08,0.001228759,0.001065207,7.93902633e-09,11.4455233,289,71.834065
tap,289,2950,2969,77179219,77640273,0.515551746,0.001202404,0.000939507,1.71461385e-08,0.001087817,0.000933941,7.76218112e-09,0.001043616,0.000957156,3.70299191e-09,13.0384045,283,72.076726
tap,290,2960,2979,77421882,77883105,0.515551746,0.003643811,0.002190594,1.68477231e-06,0.003354557,0.001856454,1.04539754e-06,0.002665534,0.001456378,4.10224601e-07,13.0384045,307,72.319558
tap,291,2970,2989,77664546,78125775,0.515551746,0.003643811,0.002370452,1.52055316e-06,0.00340239,0.002195009,8.20864386e-07,0.002789387,0.001940909,3.27405814e-07,10.2956305,282,72.562228
tap,292,2980,2999,77907381,78368862,0.515551746,0.003491223,0.00129883,3.93437233e-07,0.00340239,0.001478157,4.1688051e-07,0.002789387,0.001648226,2.72699793e-07,10.9544516,300,72.805315
tilt,0,60,79,7020080,7481325,0.515409112,0.001615167,0.000769866,5.03627404e-07,0.001093872,0.000506167,1.99529594e-07,0.000686981,0.000318195,8.14511898e-08,92.2333984,375,1.917611
tilt,1,70,89,7262932,7724013,0.515409112,0.001615167,0.000733709,5.52313508e-07,0.001093872,0.000533566,2.57078369e-07,0.000686981,0.000365993,7.84155381e-08,76.68116,307,2.160299
tilt,2,80,99,7505630,7967204,0.515409112,0.00107038,0.000547027,8.77673462e-08,0.000829633,0.00051914,1.48402549e-07,0.000563922,0.000396058,1.33237449e-07,12.2065554,309,2.40349
tilt,3,90,109,7748298,8210046,0.515409112,0.00107038,0.00050177,7.90251695e-08,0.000829633,0.000496903,3.81594272e-08,0.000526177,0.000428208,4.63905492e-09,87.3441467,290,2.646332
tilt,4,100,119,7991627,8452695,0.515409112,0.001375556,0.000773268,1.89881973e-07,0.001155548,0.000679178,1.1632148e-07,0.000878744,0.000558033,4.42819216e-08,99.0,279,2.888981
tilt,5,110,129,8234321,8695594,0.515409112,0.001375556,0.000900784,8.6946314e-08,0.001155548,0.000821374,5.11466881e-08,0.000878744,0.000722336,2.55116423e-08,99.0,299,3.13188
tilt,6,120,139,8476965,8938238,0.515409112,0.001375556,0.000900631,4.77817496e-08,0.001172608,0.000857428,1.98271104e-08,0.001022819,0.000823743,7.2571118e-09,14.3527002,283,3.374524
tilt,7,130,149,8719875,9180894,0.515409112,0.001375556,0.000960874,4.34388449e-08,0.00124364,0.000964821,1.97082242e-08,0.001084083,0.000936704,7.59547714e-09,19.2093735,275,3.61718
tilt,8,140,159,8962508,9423540,0.515409112,0.001375556,0.000974535,3.47138243e-08,0.00124364,0.000972372,1.88556333e-08,0.001084083,0.000959432,5.11462117e-09,19.2093735,280,3.859826
tilt,9,150,169,9205158,9666337,0.515409112,0.001192451,0.000927626,2.49888551e-08,0.001111743,0.00091941,1.20285114e-08,0.001027082,0.000923799,3.52049545e-09,17.2916164,288,4.102623
tilt,10,160,179,9447905,9908992,0.515409112,0.001345038,0.000895386,4.34780598e-08,0.001152267,0.000877641,1.72530397e-08,0.001027082,0.000882711,5.90355409e-09,33.301651,284,4.345278
tilt,11,170,189,9690614,10151692,0.515409112,0.001345038,0.000812331,1.02592537e-07,0.001152267,0.000803579,5.23981315e-08,0.0010137,0.000819356,1.57963738e-08,33.301651,281,4.587978
tilt,12,180,199,9933257,10394946,0.515409112,0.001222968,0.000787725,8.49954408e-08,0.001134288,0.000775989,4.45266858e-08,0.0010137,0.000774964,1.46356365e-08,21.7944946,306,4.831232
tilt,13,190,209,10175959,10637731,0.515409112,0.001222968,0.000929223,3.39785689e-08,0.001079017,0.000890431,1.78179069e-08,0.00097022,0.000843633,1.04216377e-08,21.7944946,295,5.074017
tilt,14,200,219,10419312,10880363,0.515409112,0.001131415,0.000921301,1.56143576e-08,0.001079017,0.000928235,6.62518351e-09,0.00097022,0.000910778,1.06129217e-09,11.4455233,276,5.316649
tilt,15,210,229,10662007,11123211,0.515409112,0.001131415,0.00093952,9.75192727e-09,0.001025426,0.000927911,1.9002111e-09,0.000962337,0.000916362,5.05459008e-10,10.1980391,294,5.559497
tilt,16,220,239,10904625,11365877,0.515409112,0.001558661,0.001066331,5.53377178e-08,0.00137866,0.001005483,2.16721181e-08,0.001185811,0.000963059,6.19164764e-09,19.2613602,279,5.802163
tilt,17,230,249,11147487,11608520,0.515409112,0.001985908,0.001112012,2.70992814e-07,0.001673804,0.001099811,1.29694456e-07,0.00139027,0.001069349,3.65856816e-08,58.0861435,283,6.044806
tilt,18,240,259,11390143,11851411,0.515409112,0.002382636,0.001414945,6.5627853e-07,0.002103328,0.001247454,3.48448935e-07,0.001600281,0.001100193,9.87312976e-08,58.0861435,296,6.287697
tilt,19,250,269,11632783,12094080,0.515409112,0.002382636,0.001458937,4.67766568e-07,0.002103328,0.001372355,3.2842297e-07,0.00166728,0.00124556,1.29577856e-07,152.121658,280,6.530366
tilt,20,260,279,11875689,12336722,0.515409112,0.002046943,0.001245656,1.17334387e-07,0.002083593,0.001314999,1.02803526e-07,0.00166728,0.001309603,3.32735755e-08,152.121658,284,6.773008
tilt,21,270,289,12118347,12579557,0.515409112,0.002443671,0.001555406,2.09682369e-07,0.002054508,0.001500256,1.12524525e-07,0.001752308,0.001413849,5.08473364e-08,235.314682,290,7.015843
tilt,22,280,299,12360983,12822611,0.515409112,0.002443671,0.001667209,4.4807399e-07,0.002054508,0.001610894,1.27417223e-07,0.001752308,0.001544922,2.42994706e-08,305.499603,303,7.258897
tilt,23,290,309,12603828,13065416,0.515409112,0.002443671,0.001200618,8.27649216e-07,0.001930789,0.001104686,3.87297405e-07,0.001678941,0.001180498,1.78076249e-07,351.786865,291,7.501702
tilt,24,300,319,12846996,13308140,0.515409112,0.005765557,0.002771243,5.1048828e-06,0.00486635,0.002184868,3.63038566e-06,0.003317976,0.001426365,1.98199564e-06,375.033325,284,7.744426
tilt,25,310,329,13089693,13550937,0.515409112,0.005826592,0.003673057,2.41988005e-06,0.005249992,0.00347911,2.10023427e-06,0.004017739,0.002820677,1.81006624e-06,455.887054,299,7.987223
tilt,26,320,339,13332484,13793620,0.515409112,0.014310479,0.007810187,2.04910445e-05,0.012928838,0.006615187,1.19129161e-05,0.009669909,0.005075593,4.40729491e-06,573.009583,283,8.229906
tilt,27,330,349,13575210,14036271,0.515409112,0.019162774,0.01423909,2.31320206e-05,0.018471973,0.012924733,2.6621799e-05,0.016216237,0.010541567,1.99989733e-05,573.009583,284,8.472557
tilt,28,340,359,13817883,14279098,0.515409112,0.027127862,0.01931804,1.08310949e-05,0.024257544,0.018200604,7.72352087e-06,0.021199176,0.016055146,9.11292864e-06,486.385651,298,8.715384
tilt,29,350,369,14060541,14521759,0.515409112,0.036130548,0.027619192,4.42663107e-05,0.034708116,0.026030835,3.73855613e-05,0.031250607,0.023128714,2.60510802e-05,486.385651,286,8.958045
tilt,30,360,379,14303372,14764405,0.515409112,0.050260186,0.038633138,4.42496305e-05,0.047602721,0.036454648,4.09258531e-05,0.042680848,0.03254158,3.68801661e-05,484.38208,279,9.200691
tilt,31,370,389,14546026,15007305,0.515409112,0.064237237,0.051035084,7.05016927e-05,0.061305847,0.048556261,6.6144209e-05,0.055945694,0.043996036,5.68713068e-05,486.96405,302,9.443591
tilt,32,380,399,14788725,15250353,0.515409112,0.075528741,0.063702397,5.33418817e-05,0.072611965,0.061401881,5.42050613e-05,0.067892894,0.056634787,5.63734749e-05,486.96405,300,9.686639
tilt,33,390,409,15031579,15493077,0.515409112,0.086331964,0.075994805,5.10212405e-05,0.084135421,0.073887005,5.14754967e-05,0.080061585,0.069208294,5.31713478e-05,566.718628,308,9.929363
tilt,34,400,419,15274677,15735881,0.515409112,0.114041924,0.09373077,0.000165722,0.110798918,0.090062432,0.000136201,0.102004327,0.08378797,9.94559218e-05,693.998535,300,10.172167
tilt,35,410,429,15517353,15978545,0.515409112,0.140317559,0.116171345,0.000216564,0.13485986,0.111481212,0.000212439,0.125007406,0.103384353,0.000181336,693.998535,291,10.414831
tilt,36,420,439,15760160,16221203,0.515409112,0.160123467,0.140611693,0.000235463,0.157860696,0.136259213,0.000233153,0.149434924,0.1271891,0.000217196,580.188782,290,10.657489
tilt,37,430,449,16002816,16464095,0.515409112,0.164914727,0.156500354,3.59614127e-05,0.162086189,0.154029816,5.4061543e-05,0.158512607,0.147203714,9.46305868e-05,521.293579,300,10.900381
tilt,38,440,459,16245476,16706765,0.515409112,0.192044854,0.170088425,0.000136791,0.186992005,0.167268053,9.39871229e-05,0.178226739,0.16174905,6.83140451e-05,484.351105,287,11.143051
tilt,39,450,469,16488372,16949421,0.515409112,0.208646417,0.191197649,0.000180223,0.206210852,0.187137872,0.000191134,0.199036494,0.179700986,0.000163749,484.351105,289,11.385707
tilt,40,460,479,16731030,17192099,0.515409112,0.209317803,0.205090359,2.14094668e-05,0.20819889,0.203190267,3.73703037e-05,0.206145495,0.197297603,6.93970132e-05,404.228882,280,11.628385
tilt,41,470,489,16973687,17434885,0.515409112,0.209317803,0.207649931,6.26838925e-07,0.20819889,0.207550377,1.88963128e-07,0.206986725,0.205404311,3.62809442e-06,112.120468,300,11.871171
tilt,42,480,499,17216443,17677961,0.515409112,0.210355401,0.208211109,1.81592213e-06,0.209838301,0.208196491,1.04973401e-06,0.208904997,0.207579866,7.97714107e-07,49.5378647,301,12.114247
tilt,43,490,509,17459163,17920795,0.515409112,0.210355401,0.208796322,1.50713481e-06,0.209838301,0.208607227,7.43721386e-07,0.208904997,0.208283231,2.08159207e-07,61.0163918,298,12.357081
tilt,44,500,519,17702289,18163627,0.515409112,0.209745049,0.206750318,8.88252362e-06,0.209289849,0.207307637,4.10754001e-06,0.208821028,0.207794458,1.23380823e-06,218.908661,304,12.599913
tilt,45,510,529,17945074,18406308,0.515409112,0.209012628,0.199609071,3.80056948e-05,0.209192827,0.201052472,3.67344141e-05,0.208821028,0.203238219,2.29523554e-05,218.908661,284,12.842594
tilt,46,520,539,18187898,18648979,0.515409112,0.197232842,0.190719411,2.47244057e-05,0.200253159,0.192488149,1.99097955e-05,0.203510165,0.195621043,1.94095898e-05,364.248535,284,13.085265
tilt,47,530,549,18430576,18891802,0.515409112,0.193021417,0.178693026,0.000115133,0.193466485,0.181439772,9.25947666e-05,0.195424497,0.185661197,6.22150465e-05,488.861938,297,13.328088
tilt,48,540,559,18673246,19134468,0.515409112,0.177671075,0.158484846,0.000179976,0.180938244,0.16236797,0.000166905,0.185827672,0.16918917,0.000137326,592.987366,287,13.570754
tilt,49,550,569,18916082,19377118,0.515409112,0.155454278,0.134539664,0.00020061,0.160644606,0.138838813,0.000207773,0.16844371,0.147423595,0.000194843,592.987366,288,13.813404
tilt,50,560,579,19158731,19620011,0.515409112,0.131253839,0.114612587,8.1611636e-05,0.137151048,0.118243285,9.48166548e-05,0.14628908,0.126136392,0.000124049,580.119812,307,14.056297
tilt,51,570,589,19401386,19862679,0.515409112,0.113767266,0.100600101,7.38014194e-05,0.115977779,0.103098162,7.28426811e-05,0.123295821,0.109045275,8.18456671e-05,433.452423,285,14.298965
tilt,52,580,599,19644296,20105798,0.515409112,0.09582293,0.087715141,4.51556255e-05,0.09962412,0.089862041,4.29313798e-05,0.106786296,0.094963364,5.19199158e-05,436.909607,304,14.542084
tilt,53,590,609,19886949,20348743,0.515409112,0.085630059,0.07474798,7.52315598e-05,0.088552937,0.077257082,6.75571636e-05,0.093763836,0.082222968,6.16364187e-05,513.168579,309,14.785029
tilt,54,600,619,20130194,20591427,0.515409112,0.073545098,0.059723746,7.59773527e-05,0.076685674,0.062377203,8.44085941e-05,0.081750095,0.067933723,8.2936224e-05,513.168579,291,15.027713
tilt,55,610,629,20373023,20834088,0.515409112,0.05676043,0.049051844,1.35490671e-05,0.060442965,0.050822243,1.85940641e-05,0.066640131,0.055273138,3.27045013e-05,473.449036,279,15.270374
tilt,56,620,639,20615696,21076793,0.515409112,0.049771905,0.041713648,3.44008472e-05,0.050062139,0.043149818,3.06074321e-05,0.053479284,0.046316773,2.70344731e-05,438.846222,281,15.513079
tilt,57,630,649,20858354,21319599,0.515409112,0.040830255,0.032080326,3.50233417e-05,0.042773545,0.033937432,3.24069328e-05,0.046037886,0.037454959,3.04527762e-05,468.909363,300,15.755885
tilt,58,640,659,21101131,21562252,0.515409112,0.032865167,0.023529418,2.42858801e-05,0.033704285,0.024977839,2.82769648e-05,0.036787398,0.028289285,3.02617223e-05,468.909363,287,15.998538
tilt,59,650,669,21343866,21804919,0.515409112,0.02035296,0.016401533,1.84662728e-05,0.022143446,0.017516479,1.42089873e-05,0.026438506,0.02034221,1.46560831e-05,470.383881,280,16.241205
tilt,60,660,679,21586526,22047737,0.515409112,0.018338799,0.010503253,1.44627436e-05,0.018818272,0.011690996,1.74107679e-05,0.020380666,0.014000393,1.75072889e-05,470.383881,300,16.484023
tilt,61,670,689,21829183,22290405,0.515409112,0.007779717,0.006090062,2.0208131e-06,0.008762877,0.006581315,1.9626666e-06,0.012093311,0.008376224,4.17164483e-06,332.977478,282,16.726691
tilt,62,680,699,22072018,22533456,0.515409112,0.006528497,0.004138633,9.5460314e-07,0.006751187,0.004486966,1.25758356e-06,0.007911718,0.00545839,1.89129696e-06,265.052826,297,16.969742
tilt,63,690,709,22314672,22776411,0.515409112,0.003537774,0.002926431,2.64542166e-07,0.003777344,0.003082943,2.11174864e-07,0.004862307,0.003652735,4.11815733e-07,247.630768,310,17.212697
tilt,64,700,719,22557825,23019082,0.515409112,0.003018975,0.001836089,7.9220257e-07,0.003253324,0.002044349,8.08255322e-07,0.003594295,0.002470521,7.00051884e-07,204.963409,286,17.455368
tilt,65,710,729,22800689,23261737,0.515409112,0.001157403,0.000833831,5.50240061e-08,0.001806829,0.000956155,6.60042111e-08,0.002372147,0.001345278,1.85345627e-07,178.005615,287,17.698023
tilt,66,720,739,23043348,23504502,0.515409112,0.001554132,0.000924599,1.62491275e-07,0.001302492,0.000915304,5.37292835e-08,0.001150698,0.000976144,1.23788471e-08,249.266922,299,17.940788
tilt,67,730,749,23286001,23747165,0.515409112,0.001554132,0.000778072,5.92250103e-07,0.001302492,0.000739291,4.58489665e-07,0.001122713,0.000717529,2.45225266e-07,249.266922,287,18.183451
tilt,68,740,759,23528779,23989815,0.515409112,0.002164483,0.000750735,4.83650524e-07,0.000686493,0.00041114,1.25130299e-07,0.000522416,0.000239472,5.97056833e-08,231.166611,284,18.426101
tilt,69,750,769,23771430,24232695,0.515409112,0.003237128,0.001138575,1.03899083e-06,0.001839261,0.000825737,3.92623519e-07,0.001044288,0.000580522,1.43386273e-07,194.36821,297,18.668981
tilt,70,760,779,24014076,24475369,0.515409112,0.003237128,0.001203144,4.96257712e-07,0.001839261,0.001038848,1.38180724e-07,0.001051477,0.000845065,3.22620327e-08,126.554337,279,18.911655
tilt,71,770,789,24256985,24718027,0.515409112,0.001619697,0.000939,8.79952741e-08,0.001274556,0.000887435,3.8207467e-08,0.001051477,0.000848891,1.0533708e-08,103.179459,283,19.154313
tilt,72,780,799,24499639,24961090,0.515409112,0.00107038,0.000767737,3.08292268e-08,0.000893131,0.0007479,6.45844e-09,0.00085893,0.000775233,1.46990431e-09,52.1632042,293,19.397376
tilt,73,790,809,24742295,25203943,0.515409112,0.00107038,0.000676192,3.76058256e-08,0.000893131,0.000687845,1.6847421e-08,0.000821712,0.000717008,5.91011728e-09,52.1632042,298,19.640229
tilt,74,800,819,24985464,25446609,0.515409112,0.000795722,0.000494691,7.44077733e-09,0.000857705,0.000538492,1.32020819e-08,0.000817814,0.000594762,1.16552402e-08,50.2493782,279,19.882895
tilt,75,810,829,25228219,25689316,0.515409112,0.001131415,0.000742123,7.57214229e-08,0.001052247,0.000682607,5.48451447e-08,0.000886664,0.000617536,2.0672237e-08,23.7907543,282,20.125602
tilt,76,820,839,25470874,25932119,0.515409112,0.001131415,0.000784671,6.56925529e-08,0.001052247,0.000753359,3.95125208e-08,0.000886664,0.000709419,1.4207277e-08,21.0475655,298,20.368405
tilt,77,830,849,25713584,26174781,0.515409112,0.001100898,0.000665291,3.66916591e-08,0.000885412,0.000662898,1.50410154e-08,0.000850135,0.000681909,5.79076032e-09,113.318138,286,20.611067
tilt,78,840,859,25956392,26417431,0.515409112,0.001772285,0.000791725,2.16125656e-07,0.001089249,0.000655206,6.34926344e-08,0.000787147,0.000625915,1.45775363e-08,150.049988,275,20.853717
tilt,79,850,869,26199052,26660252,0.515409112,0.006258368,0.003623834,5.9311792e-06,0.005740097,0.003058563,4.34626463e-06,0.00446566,0.002180796,2.01819444e-06,357.363953,293,21.096538
tilt,80,860,879,26441694,26902924,0.515409112,0.006258368,0.003888757,9.08739457e-06,0.005740097,0.003528645,5.56116356e-06,0.004565193,0.002877667,1.79006224e-06,451.469818,284,21.33921
tilt,81,870,889,26684523,27145574,0.515409112,0.005129218,0.002066622,4.36324399e-06,0.005526289,0.002011524,3.25486508e-06,0.004565193,0.002066633,1.70400153e-06,451.469818,284,21.58186
tilt,82,880,899,26927190,27388791,0.515409112,0.009244561,0.003959932,1.2335622e-05,0.007166765,0.002894685,6.89090075e-06,0.004591393,0.001839344,3.30434841e-06,520.115356,299,21.825077
tilt,83,890,909,27169840,27631533,0.515409112,0.012845635,0.00866586,1.54150819e-05,0.011712913,0.007753571,1.49434843e-05,0.009991325,0.005971954,1.1720005e-05,524.224182,304,22.067819
tilt,84,900,919,27413117,27874211,0.515409112,0.026059747,0.017109985,3.56575069e-05,0.024473958,0.015378262,2.81541884e-05,0.020318724,0.012437515,2.03701672e-05,541.104431,295,22.310497
tilt,85,910,929,27655811,28117037,0.515409112,0.032926202,0.024812549,2.2254049e-05,0.029805042,0.023235666,2.57662592e-05,0.026877124,0.020230299,2.64883707e-05,541.104431,303,22.553323
tilt,86,920,939,27898484,28359713,0.515409112,0.039579034,0.033279389,3.16892069e-05,0.038515605,0.032050908,2.924104e-05,0.035757698,0.028886419,2.63640537e-05,439.167389,289,22.795999
tilt,87,930,949,28141326,28602359,0.515409112,0.044644952,0.039594613,5.74526757e-06,0.04311819,0.03837705,7.07288791e-06,0.040779676,0.03574279,1.17292028e-05,425.799255,283,23.038645
tilt,88,940,959,28383986,28845064,0.515409112,0.062192559,0.048695479,6.92107414e-05,0.059614059,0.046510145,5.335655e-05,0.054065663,0.043190569,3.27963021e-05,475.701599,283,23.28135
tilt,89,950,969,28626625,29087853,0.515409112,0.077237725,0.061016902,6.39341078e-05,0.071796596,0.058332928,5.85556327e-05,0.065657914,0.053931452,5.23586015e-05,504.653351,303,23.524139
tilt,90,960,979,28869404,29330496,0.515409112,0.085904717,0.075371563,9.71749891e-05,0.084346406,0.073053613,9.09143987e-05,0.080331147,0.06786406,7.81614424e-05,504.653351,293,23.766782
tilt,91,970,989,29112124,29573154,0.515409112,0.100644708,0.090257704,5.49345306e-05,0.09949261,0.087706201,5.7109598e-05,0.094625928,0.082131326,6.39693962e-05,446.798615,283,24.00944
tilt,92,980,999,29354773,29816321,0.515409112,0.100644708,0.098140351,1.22115014e-05,0.099917084,0.096779861,2.11834992e-05,0.098619312,0.093063496,3.20845897e-05,373.579987,304,24.252607
tilt,93,990,1009,29597419,30059081,0.515409112,0.108945489,0.10216146,1.24733113e-05,0.107564948,0.101387762,7.23168796e-06,0.104565896,0.099316895,6.22287962e-06,294.472412,297,24.495367
tilt,94,1000,1019,29840662,30301739,0.515409112,0.113614678,0.108376823,2.20337785e-05,0.112868853,0.107167855,2.28775131e-05,0.110867821,0.104891419,1.80161639e-05,301.623932,285,24.738025
tilt,95,1010,1029,30083356,30544652,0.515409112,0.120481133,0.113528743,8.63590958e-06,0.118198954,0.112529516,5.76866341e-06,0.115317896,0.110476166,6.96688085e-06,301.623932,304,24.980938
tilt,96,1020,1039,30326042,30787342,0.515409112,0.121183038,0.116602935,1.02556722e-05,0.119911581,0.116170511,8.5618758e-06,0.117559582,0.114818938,7.13050167e-06,247.339844,283,25.223628
tilt,97,1030,1049,30568931,31029989,0.515409112,0.135251641,0.124321103,5.09041776e-05,0.133517817,0.122836404,3.42231319e-05,0.129025936,0.120312504,1.77232411e-05,294.334839,282,25.466275
tilt,98,1040,1059,30811604,31272773,0.515409112,0.143186212,0.135119915,4.0202692e-05,0.141906455,0.132859722,5.06556455e-05,0.138565287,0.129066065,4.43886231e-05,294.334839,304,25.709059
tilt,99,1050,1069,31054254,31515443,0.515409112,0.154569268,0.144866168,3.39475295e-05,0.152697027,0.143078402,3.14710483e-05,0.148660943,0.13930054,3.19437163e-05,251.354324,283,25.951729
tilt,100,1060,1079,31297057,31758092,0.515409112,0.162290215,0.153629467,2.57014049e-05,0.160007641,0.151953012,2.68169202e-05,0.156639904,0.148520887,2.87719845e-05,244.067612,289,26.194378
tilt,101,1070,1089,31539709,32000919,0.515409112,0.164426446,0.160540268,1.29725784e-05,0.163867787,0.159506962,1.42244278e-05,0.162295878,0.156692773,1.78506304e-05,192.093735,306,26.437205
tilt,102,1080,1099,31782356,32244002,0.515409112,0.167539239,0.164015219,1.84306532e-06,0.166160628,0.163442314,1.303094e-06,0.164636701,0.161754519,3.54005147e-06,118.122818,302,26.680288
tilt,103,1090,1109,32025197,32486764,0.515409112,0.167966485,0.165446147,2.7991905e-06,0.167160779,0.165258452,2.12320788e-06,0.165877342,0.164450362,1.9943825e-06,89.4986038,305,26.92305
tilt,104,1100,1119,32268334,32729435,0.515409112,0.167966485,0.165993601,5.61842398e-07,0.167160779,0.166037187,2.99600145e-07,0.165877342,0.165701926,2.62650094e-08,49.5681343,296,27.165721
tilt,105,1110,1129,32511042,32972271,0.515409112,0.16613543,0.16424121,5.59356249e-06,0.165854871,0.16473563,2.93332596e-06,0.165806547,0.165169954,9.8845965e-07,67.6609192,295,27.408557
tilt,106,1120,1139,32753824,33214926,0.515409112,0.16613543,0.162988022,4.87644411e-06,0.16584146,0.163174108,3.5414796e-06,0.165746689,0.163646847,1.93977849e-06,67.6609192,289,27.651212
tilt,107,1130,1149,32996544,33457643,0.515409112,0.164792657,0.161755666,3.98948214e-06,0.164015904,0.161847696,2.37465201e-06,0.163344264,0.162291229,6.94727759e-07,115.178123,288,27.893929
tilt,108,1140,1159,33239191,33700518,0.515409112,0.162473321,0.157666042,1.84831531e-05,0.163229853,0.158865556,1.13269014e-05,0.163180396,0.160148889,5.83304109e-06,234.772232,310,28.136804
tilt,109,1150,1169,33481910,33943186,0.515409112,0.159055352,0.148760617,5.12209874e-05,0.159291178,0.150326699,4.92540996e-05,0.160328358,0.153215244,3.45598086e-05,234.772232,294,28.379472
tilt,110,1160,1179,33724798,34185834,0.515409112,0.144986749,0.139417455,2.5568164e-05,0.148560137,0.141174883,1.9280678e-05,0.152993664,0.144606203,2.02000407e-05,365.518799,288,28.62212
tilt,111,1170,1189,33967456,34428637,0.515409112,0.143643975,0.128695726,0.000107122,0.142879143,0.131296828,8.0499113e-05,0.144483402,0.135209024,5.39370041e-05,615.293396,296,28.864923
tilt,112,1180,1199,34210100,34671711,0.515409112,0.127347589,0.108706743,0.000197051,0.129928693,0.11230354,0.000185008,0.134719238,0.118925422,0.000145631,615.293396,307,29.107997
tilt,113,1190,1209,34452915,34914508,0.515409112,0.10363543,0.087493397,8.91732767e-05,0.109937415,0.091014177,0.00011061,0.118323132,0.098774731,0.000131569,611.040894,297,29.350794
tilt,114,1200,1219,34696073,35157432,0.515409112,0.086057305,0.070388451,0.000123009,0.089745045,0.073750064,0.000113214,0.097025558,0.080636978,0.000108189,667.187378,302,29.593718
tilt,115,1210,1229,34938782,35400103,0.515409112,0.073972344,0.053448711,0.000108652,0.07556536,0.056810543,0.000118327,0.080477521,0.063357837,0.000117369,667.187378,290,29.836389
tilt,116,1220,1239,35181709,35642781,0.515409112,0.051389337,0.038298819,8.64744203e-05,0.053364251,0.040914394,7.6722178e-05,0.060494132,0.046844173,7.94092182e-05,630.54895,279,30.079067
tilt,117,1230,1249,35424370,35885562,0.515409112,0.03799212,0.026095163,4.93503496e-05,0.039604917,0.028186522,4.96267014e-05,0.045088045,0.033056282,5.76674748e-05,639.256592,302,30.321848
tilt,118,1240,1259,35667047,36128243,0.515409112,0.023313165,0.015392385,5.52410448e-05,0.023030765,0.016719455,4.94767875e-05,0.029439604,0.020811487,4.74747424e-05,639.256592,284,30.564529
tilt,119,1250,1269,35909847,36370877,0.515409112,0.010251641,0.005521206,4.14633632e-06,0.014799672,0.007197015,9.7489974e-06,0.019818561,0.010952835,2.04848199e-05,632.788269,285,30.807163
tilt,120,1260,1279,36152508,36613571,0.515409112,0.005277276,0.003207245,1.93814117e-06,0.005928298,0.003549599,1.6687635e-06,0.008763052,0.005174768,3.77325705e-06,421.410736,281,31.049857
tilt,121,1270,1289,36395145,36856363,0.515409112,0.005068183,0.003094818,9.9682e-06,0.003899158,0.002613777,7.19140007e-06,0.003867424,0.002496857,4.9180594e-06,379.948669,301,31.292649
tilt,122,1280,1299,36637917,37099440,0.515409112,0.005068183,0.002513711,4.212774e-06,0.003899158,0.001967134,2.17643537e-06,0.00197992,0.001126154,8.59578108e-07,366.72879,296,31.535726
tilt,123,1290,1309,36880639,37342205,0.515409112,0.003328681,0.001675109,1.6243124e-06,0.00282351,0.001359638,9.47658633e-07,0.002040367,0.00104231,2.83836868e-07,177.101669,299,31.778491
tilt,124,1300,1319,37123783,37584992,0.515409112,0.003328681,0.001720104,1.14916384e-06,0.00282351,0.001564189,7.43443251e-07,0.002040367,0.001326596,2.7033434e-07,177.101669,295,32.021278
tilt,125,1310,1329,37366483,37827660,0.515409112,0.001406074,0.000863209,1.30568978e-07,0.002220166,0.001051689,1.77332154e-07,0.001945223,0.001163464,1.01804552e-07,31.9217796,285,32.263946
tilt,126,1320,1339,37609276,38070323,0.515409112,0.001375556,0.000833341,1.62834397e-07,0.001087532,0.00076693,8.4437139e-08,0.001017215,0.000803679,3.98392141e-08,32.3728294,273,32.506609
tilt,127,1330,1349,37851932,38313207,0.515409112,0.001284003,0.000691659,1.35590767e-07,0.001066109,0.000670459,6.83884372e-08,0.000876264,0.0006849,1.51341213e-08,32.3728294,292,32.749493
tilt,128,1340,1359,38094606,38555864,0.515409112,0.001284003,0.000544317,1.70135479e-07,0.001066109,0.000575541,1.34638355e-07,0.000876264,0.000585559,6.24214628e-08,26.324894,287,32.99215
tilt,129,1350,1369,38337484,38798508,0.515409112,0.000307441,0.000161014,2.69078694e-08,0.000318821,0.000158177,2.4060778e-08,0.000509222,0.000242363,3.34721935e-08,12.2474489,286,33.234794
tilt,130,1360,1379,38580131,39041328,0.515409112,0.000307441,0.00015852,2.56138219e-08,0.000167615,0.000108858,1.21939302e-08,0.000104914,6.01408165e-05,1.9712969e-09,27.9284801,297,33.477614
tilt,131,1370,1389,38822784,39283999,0.515409112,0.001589179,0.000452814,1.93016603e-07,0.000821231,0.0002262,4.68989784e-08,0.000375272,0.000109782,9.16897758e-09,102.415817,286,33.720285
tilt,132,1380,1399,39065603,39527081,0.515409112,0.001772285,0.000960622,9.52605773e-07,0.001338421,0.000696137,4.5438216e-07,0.000815696,0.000419836,1.2647989e-07,316.117065,297,33.963367
tilt,133,1390,1409,39308271,39770024,0.515409112,0.00308001,0.001385152,1.67952749e-06,0.002200305,0.001026933,1.02288209e-06,0.001352244,0.000629945,4.11155838e-07,453.24054,308,34.20631
tilt,134,1400,1419,39551414,40012686,0.515409112,0.007810235,0.004152686,6.51018763e-06,0.006866295,0.003485861,4.66548136e-06,0.005194968,0.002507972,2.66672805e-06,486.421631,298,34.448972
tilt,135,1410,1429,39794308,40255360,0.515409112,0.013852715,0.008603628,1.01474942e-05,0.012497435,0.007646304,8.96172241e-06,0.010244639,0.006079253,7.00998726e-06,486.421631,283,34.691646
tilt,136,1420,1439,40036967,40498021,0.515409112,0.022000909,0.014719314,1.85184578e-05,0.020093221,0.013454387,1.58992404e-05,0.017099513,0.011287506,1.27829051e-05,508.177124,288,34.934307
tilt,137,1430,1449,40279626,40740845,0.515409112,0.033445001,0.02384505,4.02478503e-05,0.031544637,0.02203574,3.53234677e-05,0.027426928,0.01886371,2.73855963e-05,513.142273,296,35.177131
tilt,138,1440,1459,40522387,40983515,0.515409112,0.037717462,0.03212148,1.92733657e-05,0.036420334,0.030689633,2.37949004e-05,0.034117673,0.027488565,2.72612375e-05,513.142273,291,35.419801
tilt,139,1450,1469,40765119,41226219,0.515409112,0.046842217,0.039610241,2.21230381e-05,0.0456702,0.038270213,1.91015258e-05,0.042523433,0.03531836,1.86448903e-05,342.270355,287,35.662505
tilt,140,1460,1479,41007782,41469055,0.515409112,0.055020928,0.046802443,1.82958226e-05,0.052575804,0.045310095,1.84525067e-05,0.049352836,0.042513445,1.90772659e-05,343.169067,294,35.905341
tilt,141,1470,1489,41250483,41711710,0.515409112,0.06155169,0.055224929,3.32109734e-05,0.06114006,0.053780191,3.14107233e-05,0.058468636,0.050672833,2.68282434e-05,343.169067,286,36.147996
tilt,142,1480,1499,41493326,41954790,0.515409112,0.06936419,0.062436145,1.03499741e-05,0.067196205,0.061089717,1.15624351e-05,0.064354517,0.058236454,1.5868836e-05,358.228973,306,36.391076
tilt,143,1490,1509,41735981,42197765,0.515409112,0.082273126,0.071522497,5.57933264e-05,0.080756813,0.06964656,4.63917706e-05,0.076338783,0.066321321,3.25493452e-05,388.16748,308,36.634051
tilt,144,1500,1519,41979192,42440439,0.515409112,0.093198419,0.083086021,4.28384258e-05,0.091339372,0.080868214,4.57765193e-05,0.087022349,0.076693445,4.43610582e-05,388.16748,296,36.876725
tilt,145,1510,1529,42222043,42683114,0.515409112,0.1014992,0.092785627,3.28971032e-05,0.099670015,0.091034539,3.32594968e-05,0.096144758,0.087199271,3.55574297e-05,303.161682,284,37.1194
tilt,146,1520,1539,42464719,42926028,0.515409112,0.114865899,0.103029013,4.61488228e-05,0.112404376,0.101044938,3.9305461e-05,0.107544139,0.097174071,3.52676829e-05,325.163025,303,37.362314
tilt,147,1530,1549,42707381,43168701,0.515409112,0.122708917,0.113221414,3.57174571e-05,0.1202062,0.111325875,3.77864957e-05,0.116597354,0.107449003,3.89761439e-05,325.163025,288,37.604987
tilt,148,1540,1559,42950298,43411363,0.515409112,0.131620049,0.122882262,3.21960574e-05,0.129802883,0.121261336,3.04073578e-05,0.126369029,0.117551275,3.14745625e-05,262.141174,282,37.847649
tilt,149,1550,1569,43192979,43654148,0.515409112,0.1405617,0.132275403,2.56937652e-05,0.138655499,0.130570188,2.75450253e-05,0.135375872,0.12697418,2.98357477e-05,263.098846,304,38.090434
tilt,150,1560,1579,43435625,43896832,0.515409112,0.150205255,0.142224014,3.80951236e-05,0.149373531,0.140408948,3.82598295e-05,0.14599289,0.136660114,3.55044244e-05,271.136505,291,38.333118
tilt,151,1570,1589,43678433,44139484,0.515409112,0.15807879,0.151225254,1.96542784e-05,0.156784326,0.149555147,2.36171869e-05,0.153827578,0.14602606,2.78263629e-05,271.136505,290,38.57577
tilt,152,1580,1599,43921102,44382658,0.515409112,0.160184503,0.157203689,9.33787123e-06,0.159829617,0.156239852,1.16149338e-05,0.158585921,0.153654709,1.52861064e-05,159.15715,310,38.818944
tilt,153,1590,1609,44163751,44625567,0.515409112,0.167447686,0.162110373,8.92519529e-06,0.166463226,0.161206752,7.22227151e-06,0.164132327,0.159187168,7.57991847e-06,135.355087,300,39.061853
tilt,154,1600,1619,44407073,44868232,0.515409112,0.167539239,0.165830359,4.29902411e-06,0.167247802,0.165182874,5.89226738e-06,0.166427433,0.163616017,6.79772575e-06,135.355087,284,39.304518
tilt,155,1610,1629,44649839,45110898,0.515409112,0.167539239,0.166757107,2.24230618e-07,0.167247802,0.166779995,1.10344708e-07,0.166615069,0.166134879,3.02946347e-07,36.5513344,289,39.547184
tilt,156,1620,1639,44892500,45353731,0.515409112,0.167661309,0.166690335,3.5618433e-07,0.167435616,0.166635707,1.85823055e-07,0.167043,0.166515067,5.2276284e-08,24.2074375,298,39.790017
tilt,157,1630,1649,45135166,45596408,0.515409112,0.167661309,0.166547775,6.60207206e-07,0.167435616,0.166606113,3.77167879e-07,0.167097166,0.166618437,1.17120464e-07,48.1352272,295,40.032694
tilt,158,1640,1659,45378007,45839084,0.515409112,0.167386651,0.165195376,1.55133591e-06,0.16741848,0.165562242,1.31488355e-06,0.167097166,0.165962294,7.49785328e-07,48.1352272,283,40.27537
tilt,159,1650,1669,45620680,46081987,0.515409112,0.165647149,0.16431962,5.21097035e-07,0.16560106,0.164396703,4.00108206e-07,0.16601029,0.164756477,4.08581883e-07,56.0713844,305,40.518273
tilt,160,1660,1679,45863379,46324659,0.515409112,0.165097833,0.1631625,4.01454918e-06,0.164780974,0.163500726,1.73160458e-06,0.164531365,0.163902879,5.62493369e-07,250.018005,287,40.760945
tilt,161,1670,1689,46106266,46567327,0.515409112,0.164182305,0.156362116,4.06514549e-05,0.164546326,0.157882586,3.38805107e-05,0.164479002,0.159916118,1.91545402e-05,313.063904,292,41.003613
tilt,162,1680,1699,46348928,46810554,0.515409112,0.155881524,0.143008634,9.93999842e-05,0.158404648,0.145918354,7.98366079e-05,0.160809755,0.150296822,5.62814849e-05,626.166138,314,41.24684
tilt,163,1690,1709,46591593,47053328,0.515409112,0.145383477,0.122293286,0.000266634,0.147172451,0.126691088,0.00022986,0.150797263,0.13372618,0.000167551,863.32959,305,41.489614
tilt,164,1700,1719,46834895,47295986,0.515409112,0.120298028,0.093294255,0.000349878,0.125089392,0.098656893,0.000344725,0.133149981,0.108680122,0.000299963,863.32959,284,41.732272
tilt,165,1710,1729,47077601,47538884,0.515409112,0.087827325,0.065127179,0.000184101,0.095016114,0.07003054,0.000214931,0.106534414,0.080609366,0.000251755,856.294922,294,41.97517
tilt,166,1720,1739,47320253,47781564,0.515409112,0.061307549,0.043858103,0.000124587,0.066030793,0.047521193,0.00013794,0.076704733,0.056240655,0.000164633,779.347168,285,42.21785
tilt,167,1730,1749,47563169,48024225,0.515409112,0.040677667,0.026982253,6.84825563e-05,0.045005403,0.029989382,7.91843038e-05,0.053437039,0.036948942,9.9963799e-05,779.347168,286,42.460511
tilt,168,1740,1759,47805833,48266880,0.515409112,0.025785089,0.01537592,3.02953226e-05,0.028156841,0.017428877,3.76484126e-05,0.034340739,0.022438219,5.16396969e-05,666.181641,281,42.703166
tilt,169,1750,1769,48048489,48509656,0.515409112,0.013211846,0.00808665,8.98944654e-06,0.014677008,0.009172146,1.09094779e-05,0.019640498,0.012451175,1.82092551e-05,513.086731,303,42.945942
tilt,170,1760,1779,48291222,48752317,0.515409112,0.006497979,0.004071529,2.05208607e-06,0.007679094,0.004672608,2.86732438e-06,0.010725551,0.006586365,5.63934236e-06,423.199707,290,43.188603
tilt,171,1770,1789,48533931,48995010,0.515409112,0.00283587,0.002106274,4.79922789e-07,0.003695529,0.002359095,6.26734845e-07,0.00549208,0.003372044,1.40463567e-06,304.021393,286,43.431296
tilt,172,1780,1799,48776584,49238212,0.515409112,0.001889825,0.001101763,6.85676468e-07,0.002153331,0.00123343,5.48106186e-07,0.002972829,0.001743488,5.71086786e-07,232.22403,310,43.674498
tilt,173,1790,1809,49019275,49481046,0.515409112,0.001432061,0.000542346,2.91709824e-07,0.00157531,0.000632502,4.18726273e-07,0.001767394,0.00080193,4.65319743e-07,210.040466,291,43.917332
tilt,174,1800,1819,49262621,49723697,0.515409112,0.000704169,0.000365234,4.1907064e-08,0.000512435,0.000323374,1.72108068e-08,0.000280885,0.00018971,1.48466633e-08,110.022728,277,44.159983
tilt,175,1810,1829,49505318,49966533,0.515409112,0.000551581,0.000369476,3.19982828e-08,0.000477641,0.000328917,1.52970257e-08,0.000408544,0.000284781,7.90282684e-09,52.23983,298,44.402819
tilt,176,1820,1839,49747966,50209205,0.515409112,0.000551581,0.000384796,1.29404823e-08,0.000477641,0.00038536,3.61171359e-09,0.000420062,0.000363405,1.22937904e-09,48.5283432,280,44.645491
tilt,177,1830,1849,49990813,50451856,0.515409112,0.000704169,0.000450979,3.87332153e-08,0.000634162,0.000415478,1.86201559e-08,0.000521379,0.000382608,5.1353255e-09,65.122963,283,44.888142
tilt,178,1840,1859,50233468,50694745,0.515409112,0.001650214,0.000934011,2.54346645e-07,0.001449796,0.000786689,1.63200056e-07,0.00113339,0.000616462,7.07052826e-08,149.763153,296,45.131031
tilt,179,1850,1869,50476120,50937405,0.515409112,0.003816962,0.002011109,1.03034665e-06,0.003171944,0.001733491,7.0538573e-07,0.002434362,0.001350021,3.80097532e-07,347.168549,279,45.373691
tilt,180,1860,1879,50719015,51180049,0.515409112,0.003877997,0.002516566,5.2340597e-06,0.003171944,0.00189498,2.48214974e-06,0.002434362,0.001447593,7.25867494e-07,373.077728,277,45.616335
tilt,181,1870,1889,50961668,51422852,0.515409112,0.004061103,0.002663563,7.29648082e-06,0.002903541,0.001861251,3.63211461e-06,0.002280119,0.001161755,1.00734758e-06,487.19812,288,45.859138
tilt,182,1880,1899,51204318,51665932,0.515409112,0.010099053,0.006196887,2.05222783e-05,0.009260039,0.005296227,1.79189226e-05,0.007193718,0.003633502,9.65340496e-06,494.005066,304,46.102218
tilt,183,1890,1909,51447134,51908746,0.515409112,0.013181329,0.008515029,5.76491357e-06,0.010890229,0.007678338,4.18409354e-06,0.008988077,0.006320836,4.4001099e-06,494.005066,295,46.345032
tilt,184,1900,1919,51690316,52151454,0.515409112,0.016233087,0.0126336,1.66915031e-05,0.015574936,0.011934602,1.3273612e-05,0.014275476,0.010377342,8.44900569e-06,483.169739,292,46.58774
tilt,185,1910,1929,51933020,52394316,0.515409112,0.028623223,0.020747881,3.05148601e-05,0.027573019,0.019105749,2.44463605e-05,0.023822451,0.016349308,1.74561717e-05,468.030975,297,46.830602
tilt,186,1920,1939,52175866,52636976,0.515409112,0.03207171,0.026809061,1.60248853e-05,0.030588405,0.025463315,1.85255155e-05,0.028348377,0.022924077,1.85566239e-05,468.030975,289,47.073262
tilt,187,1930,1949,52418590,52879640,0.515409112,0.035459161,0.031324398,1.00622536e-05,0.034723051,0.030634398,8.16647116e-06,0.033069026,0.02869552,8.6738919e-06,244.167969,281,47.315926
tilt,188,1940,1959,52661243,53122424,0.515409112,0.037625909,0.035386693,3.12491807e-06,0.036908995,0.034853145,3.93290975e-06,0.035999142,0.0332569,5.58714237e-06,251.025894,302,47.55871
tilt,189,1950,1969,52903908,53365078,0.515409112,0.049527764,0.039893422,1.56028489e-05,0.046185791,0.038755909,9.21446281e-06,0.042582557,0.037086051,5.79844846e-06,395.093658,291,47.801364
tilt,190,1960,1979,53146698,53607736,0.515409112,0.055600762,0.048864767,4.46154475e-05,0.054776099,0.047218639,4.56442279e-05,0.052200291,0.044193994,3.29137033e-05,395.093658,279,48.044022
tilt,191,1970,1989,53389349,53850573,0.515409112,0.066281915,0.057638068,1.64905957e-05,0.063742727,0.056010094,1.62960366e-05,0.060131054,0.052716326,2.06495094e-05,368.108673,293,48.286859
tilt,192,1980,1999,53632006,54093662,0.515409112,0.075559258,0.066190824,3.74106961e-05,0.073444895,0.064424843,3.59280779e-05,0.069865942,0.061152957,3.03782376e-05,328.015259,310,48.529948
tilt,193,1990,2009,53874849,54336436,0.515409112,0.082578301,0.074929148,1.85312108e-05,0.080108844,0.073426306,2.07624522e-05,0.077294163,0.070119172,2.51350171e-05,322.031067,296,48.772722
tilt,194,2000,2019,54118019,54579303,0.515409112,0.094266534,0.084978648,4.74500478e-05,0.093168445,0.083122902,4.21767612e-05,0.089239173,0.079430699,3.45326548e-05,312.028839,306,49.015589
tilt,195,2010,2029,54360709,54821978,0.515409112,0.097898126,0.093325064,1.07881732e-05,0.096676581,0.09182585,1.8190545e-05,0.094678871,0.088481307,2.54694056e-05,310.020966,286,49.258264
tilt,196,2020,2039,54603583,55064630,0.515409112,0.105832696,0.098197311,1.07461781e-05,0.103207394,0.097250827,7.71659052e-06,0.100409001,0.095025167,8.92583284e-06,291.116821,285,49.500916
tilt,197,2030,2049,54846244,55307480,0.515409112,0.117520928,0.10782025,5.62409033e-05,0.1161732,0.106015146,5.03297444e-05,0.112408295,0.102711096,3.50520926e-05,291.116821,302,49.743766
tilt,198,2040,2059,55088894,55550183,0.515409112,0.121762872,0.115514778,8.99623046e-06,0.119358398,0.114029326,1.23089183e-05,0.11670313,0.110941,1.86534523e-05,291.091064,285,49.986469
tilt,199,2050,2069,55331768,55792835,0.515409112,0.126920342,0.120098196,1.81416633e-05,0.1251816,0.119216211,1.35220587e-05,0.122731313,0.117148466,1.15639257e-05,168.002975,283,50.229121
tilt,200,2060,2079,55574450,56035482,0.515409112,0.133420587,0.126921833,1.46642003e-05,0.131702602,0.125772938,1.38315234e-05,0.129290357,0.123353668,1.37919131e-05,157.079605,288,50.471768
tilt,201,2070,2089,55817099,56278305,0.515409112,0.136808038,0.133088678,1.00361748e-05,0.136035323,0.132152125,1.20675721e-05,0.134456322,0.129781097,1.37517671e-05,156.108932,296,50.714591
tilt,202,2080,2099,56059847,56521365,0.515409112,0.144773126,0.138723761,1.40317568e-05,0.143858746,0.137585208,1.10866639e-05,0.141124487,0.135356471,9.62139165e-06,152.983658,308,50.957651
tilt,203,2090,2109,56302573,56764195,0.515409112,0.148557305,0.143605217,1.18085307e-05,0.147363946,0.142492235,1.25251961e-05,0.145391658,0.140506849,1.15473611e-05,152.983658,302,51.200481
tilt,204,2100,2119,56545737,57007073,0.515409112,0.150113702,0.147390917,5.01442446e-06,0.149538785,0.146976218,4.94775304e-06,0.148248434,0.145410404,5.95428173e-06,108.535706,301,51.443359
tilt,205,2110,2129,56788479,57249730,0.515409112,0.150113702,0.147385508,4.28381691e-06,0.149538785,0.147657797,2.42962687e-06,0.148248434,0.147292241,6.64284243e-07,65.8103333,291,51.686016
tilt,206,2120,2139,57031345,57492380,0.515409112,0.14736712,0.14469929,2.14344141e-06,0.147988349,0.145077974,2.55202667e-06,0.148012251,0.1457735,2.04471985e-06,63.5609932,288,51.928666
tilt,207,2130,2149,57273997,57735181,0.515409112,0.146237969,0.144438118,1.13532144e-06,0.145799413,0.14439036,6.5823599e-07,0.145282745,0.144636869,1.33141384e-07,303.229279,301,52.171467
tilt,208,2140,2159,57516648,57977840,0.515409112,0.146237969,0.137726083,8.29368352e-05,0.145799413,0.139441252,5.61916487e-05,0.145240083,0.141395509,2.37444871e-05,412.899506,294,52.414126
tilt,209,2150,2169,57759453,58220504,0.515409112,0.141141534,0.120763868,0.000141384,0.143561408,0.12449313,0.000137307,0.144392774,0.129879773,0.000100457,450.885803,283,52.65679
tilt,210,2160,2179,58002109,58463376,0.515409112,0.121183038,0.104507983,7.03377799e-05,0.123512723,0.107137002,8.55964596e-05,0.129232973,0.113199987,9.55080381e-05,450.885803,297,52.899662
tilt,211,2170,2189,58244770,58706042,0.515409112,0.099546075,0.093825832,2.14420849e-05,0.102671407,0.095399737,2.10067443e-05,0.110237315,0.099902928,3.24799725e-05,420.805176,288,53.142328
tilt,212,2180,2199,58487651,58949122,0.515409112,0.095212579,0.082633324,7.91663685e-05,0.096439816,0.085049316,6.94238323e-05,0.099505268,0.089326151,5.33854356e-05,600.771179,301,53.385408
tilt,213,2190,2209,58730307,59191986,0.515409112,0.084012628,0.066057146,0.000125955,0.086189628,0.069381103,0.000122722,0.089813828,0.075175561,0.000102111,752.503174,309,53.628272
tilt,214,2200,2219,58973453,59434659,0.515409112,0.065610528,0.04683385,0.000163328,0.068693206,0.05056579,0.000153028,0.074470498,0.057485409,0.000135137,866.963074,286,53.870945
tilt,215,2210,2229,59216271,59677314,0.515409112,0.046201348,0.027885247,0.000134544,0.049221229,0.031362996,0.000136849,0.055994835,0.038426477,0.000139121,923.587036,288,54.1136
tilt,216,2220,2239,59458928,59920030,0.515409112,0.022061944,0.012381942,6.91805898e-05,0.025729176,0.014532098,7.60945975e-05,0.03430596,0.020506503,9.39665538e-05,923.587036,282,54.356316
tilt,217,2230,2249,59701579,60162886,0.515409112,0.004331231,0.001924349,2.67117775e-06,0.008022775,0.00311888,5.65819755e-06,0.01598987,0.007469411,2.08735216e-05,814.20575,307,54.599172
tilt,218,2240,2259,59944395,60405565,0.515409112,0.005678535,0.002995531,5.07434515e-06,0.004832953,0.002445123,4.08016649e-06,0.004431436,0.002269574,5.24677216e-06,527.434326,286,54.841851
tilt,219,2250,2269,60187169,60648202,0.515409112,0.005678535,0.003422837,2.63185871e-06,0.004832953,0.003175657,1.99458873e-06,0.003524159,0.002469007,1.65029041e-06,401.419983,284,55.084488
tilt,220,2260,2279,60429833,60891026,0.515409112,0.004396796,0.001874522,8.48118702e-07,0.004629672,0.002254826,1.10950918e-06,0.003524159,0.002358632,5.05121306e-07,79.2590714,287,55.327312
tilt,221,2270,2289,60672461,61133678,0.515409112,0.002225518,0.001179295,1.14012505e-06,0.001917642,0.001156112,6.79752133e-07,0.002203886,0.001389707,4.11560222e-07,109.667679,280,55.569964
tilt,222,2280,2299,60915295,61376775,0.515409112,0.00296247,0.001460589,1.70309238e-06,0.001981339,0.001133826,9.04180524e-07,0.001263818,0.000886799,2.93767641e-07,115.334297,292,55.813061
tilt,223,2290,2309,61157943,61619817,0.515409112,0.00296247,0.0017103,5.51744904e-07,0.001981339,0.001491448,5.99129521e-07,0.001680804,0.00117719,3.35816793e-07,115.334297,305,56.056103
tilt,224,2300,2319,61401150,61862484,0.515409112,0.002291083,0.001612131,1.48335175e-07,0.001891245,0.001578216,5.04253025e-08,0.001680804,0.001489766,2.60082868e-08,74.0877838,281,56.29877
tilt,225,2310,2329,61644095,62105145,0.515409112,0.002565742,0.001581838,1.41293896e-07,0.002020527,0.001533215,3.30108346e-08,0.001718008,0.00153034,6.62184485e-09,75.2728348,283,56.541431
tilt,226,2320,2339,61886755,62347926,0.515409112,0.002565742,0.001514342,2.69113002e-07,0.002020527,0.001504342,9.08661367e-08,0.001718008,0.001517812,2.19796339e-08,81.6578217,289,56.784212
tilt,227,2330,2349,62129409,62590579,0.515409112,0.001619697,0.001354229,1.19983753e-07,0.001837512,0.001389576,6.75046642e-08,0.001684951,0.001416519,2.74646667e-08,81.6578217,282,57.026865
tilt,228,2340,2359,62372195,62833237,0.515409112,0.001467109,0.001333294,9.85241222e-09,0.001429975,0.00132327,6.43178666e-09,0.001379856,0.001326766,1.70481507e-09,8.94427204,284,57.269523
tilt,229,2350,2369,62614845,63076090,0.515409112,0.001436591,0.001278972,1.108764e-08,0.001400247,0.001283094,7.43884687e-09,0.001374633,0.001294868,3.30102212e-09,5.91608,292,57.512376
tilt,230,2360,2379,62857507,63318748,0.515409112,0.001436591,0.001229034,3.13316516e-08,0.001372505,0.001243135,1.4171423e-08,0.00132507,0.001259882,3.43014595e-09,3.1622777,280,57.755034
tilt,231,2370,2389,63100365,63561384,0.515409112,0.001375556,0.001068687,3.70960467e-08,0.001372505,0.001098574,3.55203898e-08,0.00132507,0.001145117,2.12102529e-08,1.73205078,283,57.99767
tilt,232,2380,2399,63343016,63804447,0.515409112,0.001131415,0.000953675,7.69321495e-09,0.001036612,0.000957219,3.7044221e-09,0.001068315,0.000999021,8.19906309e-10,2.23606801,291,58.240733
tilt,233,2390,2409,63585648,64047257,0.515409112,0.001039863,0.000877351,2.09890698e-08,0.001027514,0.000909352,1.20998197e-08,0.001018158,0.000941031,5.40155165e-09,2.82842708,304,58.483543
tilt,234,2400,2419,63828812,64289928,0.515409112,0.000917792,0.000765959,2.07243784e-08,0.000914968,0.000769673,1.47702222e-08,0.000940239,0.000807179,9.74665415e-09,2.82842708,279,58.726214
tilt,235,2410,2429,64071534,64532634,0.515409112,0.000887275,0.000709102,1.18523048e-08,0.000833605,0.000702149,6.455807e-09,0.000785807,0.000722088,1.16263965e-09,2.82842708,278,58.96892
tilt,236,2420,2439,64314197,64775427,0.515409112,0.000856757,0.00059354,1.60261012e-08,0.000833605,0.000617865,1.43125332e-08,0.000785807,0.000653706,8.46221759e-09,2.0,297,59.211713
tilt,237,2430,2449,64556899,65018084,0.515409112,0.000704169,0.000545369,8.57551985e-09,0.000641296,0.000550351,4.29424984e-09,0.000673341,0.000572563,1.69387249e-09,1.41421354,279,59.45437
tilt,238,2440,2459,64799700,65260745,0.515409112,0.000704169,0.000611845,2.93121527e-09,0.000642014,0.000605797,9.6925723e-10,0.000624052,0.00059117,4.89263518e-10,1.73205078,277,59.697031
tilt,239,2450,2469,65042351,65503539,0.515409112,0.000673652,0.000537715,1.18228945e-08,0.000642014,0.000548527,8.52137738e-09,0.000624052,0.0005618,3.64187636e-09,2.0,289,59.939825
tilt,240,2460,2479,65285007,65746187,0.515409112,0.000612617,0.000467218,5.53646773e-09,0.000564866,0.00046621,2.46547804e-09,0.000581797,0.000488042,1.61724767e-09,2.0,281,60.182473
tilt,241,2470,2489,65527813,65988826,0.515409112,0.000612617,0.000479654,8.94804941e-09,0.000592442,0.000479383,4.55438709e-09,0.000542353,0.000480096,1.27767763e-09,2.23606801,280,60.425112
tilt,242,2480,2499,65770452,66232035,0.515409112,0.000612617,0.000397504,1.1322922e-08,0.000592442,0.000422661,9.01752362e-09,0.000542353,0.000444461,4.4682098e-09,3.1622777,296,60.668321
tilt,243,2490,2509,66013093,66474771,0.515409112,0.000460029,0.00027528,7.69566544e-09,0.000417219,0.000291737,6.53399601e-09,0.00043611,0.000331734,5.62050229e-09,3.1622777,298,60.911057
tilt,244,2500,2519,66256364,66717445,0.515409112,0.000429511,0.000261292,6.36240349e-09,0.000373278,0.000244011,2.7587943e-09,0.000308171,0.000254232,1.06302922e-09,1.73205078,279,61.153731
tilt,245,2510,2529,66499049,66960228,0.515409112,0.000521064,0.000417202,1.43595232e-08,0.000506509,0.000388186,1.45843975e-08,0.000466691,0.000341386,8.92291574e-09,1.73205078,296,61.396514
tilt,246,2520,2539,66741708,67202890,0.515409112,0.000521064,0.000402734,4.05345903e-08,0.000511603,0.000408927,2.33753583e-08,0.000474847,0.000392218,6.8007826e-09,2.44948983,284,61.639176
tilt,247,2530,2549,66984505,67445548,0.515409112,0.000521064,0.000260362,2.2986512e-08,0.000511603,0.000269347,2.01410459e-08,0.000474847,0.000294065,1.26132197e-08,2.44948983,277,61.881834
tilt,248,2540,2559,67227159,67688237,0.515409112,0.000398993,0.000278572,8.7715879e-09,0.000351614,0.000256886,8.64973426e-09,0.000290232,0.00024156,2.75984213e-09,2.23606801,277,62.124523
tilt,249,2550,2569,67469813,67931017,0.515409112,0.000429511,0.000332199,2.36261832e-09,0.000381766,0.000324916,8.74939565e-10,0.000352021,0.000303662,5.99008731e-10,2.23606801,298,62.367303
tilt,250,2560,2579,67712570,68173668,0.515409112,0.001497626,0.00095098,2.72620184e-07,0.00141991,0.000860715,1.93867322e-07,0.001140459,0.000685924,1.05418074e-07,2.23606801,277,62.609954
tilt,251,2570,2589,67955290,68416317,0.515409112,0.001497626,0.001002784,1.83578379e-07,0.00141991,0.000942861,9.40487286e-08,0.001140459,0.000842717,2.83553391e-08,2.44948983,279,62.852603
tilt,252,2580,2599,68197929,68659490,0.515409112,0.000643134,0.000571475,1.90185867e-09,0.000792476,0.000608577,3.94154842e-09,0.00091381,0.000690644,9.77292025e-09,3.0,298,63.095776
tilt,253,2590,2609,68440581,68902231,0.515409112,0.000643134,0.000556672,4.16399226e-09,0.000610925,0.000551724,1.59083258e-09,0.000637283,0.000577503,1.29635958e-09,3.0,301,63.338517
tilt,254,2600,2619,68683815,69144881,0.515409112,0.00082624,0.000629329,1.19478879e-08,0.000772011,0.000604343,7.28426741e-09,0.000699748,0.00058712,2.60264676e-09,1.73205078,281,63.581167
tilt,255,2610,2629,68926511,69387769,0.515409112,0.000917792,0.000771326,9.9014299e-09,0.000878302,0.000744349,7.86258791e-09,0.000819872,0.000698759,6.35202957e-09,2.23606801,292,63.824055
tilt,256,2620,2639,69169181,69630414,0.515409112,0.001100898,0.000929904,1.17248609e-08,0.001053722,0.000902483,8.99372665e-09,0.00099002,0.000846003,7.728711e-09,2.23606801,281,64.0667
tilt,257,2630,2649,69412042,69873061,0.515409112,0.001314521,0.001092934,9.74457492e-09,0.001239675,0.001058773,8.0945064e-09,0.001156212,0.000997262,8.10455614e-09,2.23606801,284,64.309347
tilt,258,2640,2659,69654681,70115875,0.515409112,0.001314521,0.001182388,5.33304734e-09,0.00125519,0.001173102,4.43178827e-09,0.00120751,0.001130625,5.20439958e-09,1.73205078,300,64.552161
tilt,259,2650,2669,69897329,70358520,0.515409112,0.001284003,0.001201277,3.02679837e-09,0.00125519,0.001200411,1.48021206e-09,0.001211484,0.001184513,2.32316208e-10,2.23606801,286,64.794806
tilt,260,2660,2679,70140146,70601182,0.515409112,0.001284003,0.001192155,3.08561865e-09,0.00124242,0.001192498,1.3256658e-09,0.001222101,0.001191461,4.11715301e-10,2.23606801,277,65.037468
tilt,261,2670,2689,70382792,70844028,0.515409112,0.001345038,0.001209655,4.95071495e-09,0.001295028,0.001211065,1.92670568e-09,0.001246186,0.001204894,5.00847419e-10,2.23606801,294,65.280314
tilt,262,2680,2699,70625447,71087101,0.515409112,0.001345038,0.001085604,3.79857066e-08,0.001295028,0.001109018,2.44445812e-08,0.001246186,0.001141315,9.80148851e-09,2.23606801,301,65.523387
tilt,263,2690,2709,70868316,71329886,0.515409112,0.001100898,0.000787475,2.65279884e-08,0.001174692,0.000846058,3.30928206e-08,0.001203936,0.000938924,2.9082409e-08,1.41421354,292,65.766172
tilt,264,2700,2719,71111476,71572533,0.515409112,0.000765204,0.000648121,2.63711342e-09,0.000800475,0.000665582,2.73554313e-09,0.00090548,0.00072956,6.16302165e-09,1.73205078,284,66.008819
tilt,265,2710,2729,71354153,71815332,0.515409112,0.000795722,0.000673434,4.00958866e-09,0.000755156,0.000658411,1.56049473e-09,0.000706637,0.000664203,4.70230299e-10,1.73205078,290,66.251618
tilt,266,2720,2739,71596906,72057994,0.515409112,0.00082624,0.00071207,7.24470928e-09,0.000796229,0.000709554,4.35717418e-09,0.000757696,0.000696664,2.07815365e-09,2.44948983,286,66.49428
tilt,267,2730,2749,71839601,72300682,0.515409112,0.000917792,0.000743856,1.19086748e-08,0.000852902,0.000731011,5.94789551e-09,0.000778157,0.000716909,1.44831369e-09,2.44948983,282,66.736968
tilt,268,2740,2759,72082256,72543487,0.515409112,0.000917792,0.000766585,1.20189626e-08,0.000864932,0.000759559,8.54316795e-09,0.000812495,0.000747117,3.47887941e-09,1.73205078,291,66.979773
tilt,269,2750,2769,72324948,72786119,0.515409112,0.000887275,0.000724041,7.0094277e-09,0.000864932,0.000741425,6.27145136e-09,0.000812495,0.000748691,2.4586535e-09,3.0,275,67.222405
tilt,270,2760,2779,72567755,73028760,0.515409112,0.000765204,0.000685304,1.39943468e-09,0.00073676,0.000680374,4.43029085e-10,0.000732218,0.000693744,2.78322254e-10,3.0,283,67.465046
tilt,271,2770,2789,72810382,73271544,0.515409112,0.000765204,0.00065102,8.67355432e-09,0.000746715,0.00065926,4.91044272e-09,0.000720749,0.000671852,1.55255853e-09,2.44948983,296,67.70783
tilt,272,2780,2799,73053023,73514622,0.515409112,0.000795722,0.000681379,1.31831158e-08,0.000775459,0.000676517,8.0237168e-09,0.000725596,0.000669479,2.49017873e-09,2.23606801,294,67.950908
tilt,273,2790,2809,73295822,73757370,0.515409112,0.000795722,0.000719127,4.15663992e-09,0.000775459,0.000701435,2.94473801e-09,0.000725596,0.000685172,1.22515842e-09,2.23606801,293,68.193656
tilt,274,2800,2819,73538953,74000324,0.515409112,0.000765204,0.000578714,2.51555129e-08,0.000723536,0.000606726,1.7523943e-08,0.000717805,0.000639469,7.54168994e-09,1.73205078,307,68.43661
tilt,275,2810,2829,73781642,74242997,0.515409112,0.000704169,0.000529057,1.71436872e-08,0.000716276,0.000530873,1.15751984e-08,0.000701836,0.000551671,5.80473403e-09,2.23606801,286,68.679283
tilt,276,2820,2839,74024612,74485638,0.515409112,0.000917792,0.00070678,1.73618131e-08,0.00087179,0.000661598,1.79565125e-08,0.000785803,0.000609876,1.03024681e-08,2.82842708,285,68.921924
tilt,277,2830,2849,74267267,74728456,0.515409112,0.001161933,0.00092018,1.93004348e-08,0.001095319,0.000877891,1.70950363e-08,0.001001103,0.000801117,1.52238647e-08,2.82842708,294,69.164742
tilt,278,2840,2859,74509902,74971114,0.515409112,0.001161933,0.0009126,3.07924633e-08,0.001095319,0.000920968,1.80219091e-08,0.001006917,0.000900168,5.74690562e-09,2.82842708,282,69.4074
tilt,279,2850,2869,74752730,75213766,0.515409112,0.001039863,0.000799974,1.22444409e-08,0.001075909,0.000827514,1.23661773e-08,0.001006917,0.000852712,6.37687192e-09,2.44948983,283,69.650052
tilt,280,2860,2879,74995383,75456431,0.515409112,0.00094831,0.000839103,3.85028365e-09,0.000905953,0.000820685,2.63185473e-09,0.000868807,0.000813126,7.25815518e-10,2.44948983,282,69.892717
tilt,281,2870,2889,75238025,75699267,0.515409112,0.000978827,0.000898873,4.61739935e-09,0.000960113,0.00088844,3.59590535e-09,0.00092911,0.000866426,2.36834197e-09,2.44948983,290,70.135553
tilt,282,2880,2899,75480820,75942364,0.515409112,0.001222968,0.00098245,1.68887995e-08,0.001162706,0.000953544,7.49848095e-09,0.001053734,0.000923071,2.36387554e-09,2.44948983,302,70.37865
tilt,283,2890,2909,75723540,76185154,0.515409112,0.001345038,0.001139979,2.7733806e-08,0.001254118,0.001109492,2.44008846e-08,0.001194485,0.001055349,1.52139402e-08,2.44948983,289,70.62144
tilt,284,2900,2919,75966727,76427984,0.515409112,0.001345038,0.001159588,1.65775409e-08,0.001254118,0.00117593,7.37231565e-09,0.001198498,0.001155025,1.78893422e-09,1.73205078,299,70.86427
tilt,285,2910,2929,76209433,76670642,0.515409112,0.001222968,0.001052845,1.85553775e-08,0.001220971,0.001058055,1.35769625e-08,0.001198498,0.001081898,7.29742355e-09,1.73205078,278,71.106928
tilt,286,2920,2939,76452262,76913295,0.515409112,0.001222968,0.001070541,1.40776758e-08,0.001159233,0.00105273,9.63499946e-09,0.001106232,0.001050879,2.63435895e-09,2.23606801,274,71.349581
tilt,287,2930,2949,76694908,77156169,0.515409112,0.001222968,0.001085372,9.8303552e-09,0.001169579,0.001100992,3.63709463e-09,0.001132884,0.001095619,7.03484548e-10,2.23606801,298,71.592455
tilt,288,2940,2959,76937592,77398850,0.515409112,0.001222968,0.00101132,1.06758974e-08,0.001169579,0.00102217,8.12881584e-09,0.001132884,0.001042098,4.34979119e-09,2.23606801,279,71.835136
tilt,289,2950,2969,77180450,77641502,0.515409112,0.001009345,0.000937217,2.19596052e-09,0.000986525,0.000939385,8.27389767e-10,0.001007219,0.000964668,6.42256137e-10,2.23606801,275,72.077788
tilt,290,2960,2979,77423115,77884300,0.515409112,0.000978827,0.000900951,2.78416423e-09,0.00097315,0.000912796,1.37032974e-09,0.000975694,0.000928762,7.85003562e-10,2.23606801,290,72.320586
tilt,291,2970,2989,77665774,78126950,0.515409112,0.000978827,0.000781063,1.59403209e-08,0.000948812,0.000802917,1.25390372e-08,0.000934793,0.000840017,7.32899208e-09,2.44948983,286,72.563236
tilt,292,2980,2999,77908574,78370001,0.515409112,0.000917792,0.00073368,1.01832772e-08,0.000876216,0.000728337,5.56331559e-09,0.000852438,0.000748702,2.6113498e-09,2.44948983,293,72.806287
lift,0,60,79,7020078,7481337,0.515319824,0.013214111,0.006582487,3.74735677e-05,0.010574826,0.005496629,2.23858748e-05,0.006962794,0.003900615,7.16734939e-06,560.552429,385,1.917628
lift,1,70,89,7262952,7724048,0.515319824,0.00491333,0.002719474,4.23198844e-06,0.007132326,0.002797611,7.27023553e-06,0.006442133,0.002536548,6.5802883e-06,560.552429,299,2.160339
lift,2,80,99,7505658,7967261,0.515319824,0.007598877,0.003667992,1.40091013e-05,0.004372866,0.002829676,8.33502236e-06,0.002527205,0.001697509,3.0222518e-06,263.16156,305,2.403552
lift,3,90,109,7748324,8210008,0.515319824,0.007598877,0.003617878,1.1952621e-05,0.004372866,0.002564433,5.62148398e-06,0.002527205,0.001372104,1.34937795e-06,521.189026,299,2.646299
lift,4,100,119,7991595,8452674,0.515319824,0.005065918,0.002482451,4.84698512e-06,0.003304858,0.001892569,2.42950023e-06,0.002007598,0.000985229,7.38257938e-07,521.189026,279,2.888965
lift,5,110,129,8234283,8695571,0.515319824,0.005065918,0.002111819,2.07922903e-06,0.003304858,0.001738146,1.32361197e-06,0.002007598,0.001294697,5.5821431e-07,107.084076,290,3.131862
lift,6,120,139,8476938,8938240,0.515319824,0.003173828,0.001528638,1.19272761e-06,0.002417017,0.00147293,5.81964457e-07,0.001894141,0.001395436,1.49365022e-07,107.084076,288,3.374531
lift,7,130,149,8719851,9180888,0.515319824,0.003173828,0.00140087,6.98126768e-07,0.002417017,0.001307242,3.79710144e-07,0.001769454,0.001224527,1.20159512e-07,92.6228943,284,3.617179
lift,8,140,159,8962507,9423540,0.515319824,0.000976562,0.000751284,1.76338568e-08,0.000868683,0.000753145,7.6098674e-09,0.001044705,0.000851694,4.50807169e-09,32.7108536,276,3.859831
lift,9,150,169,9205164,9666310,0.515319824,0.000915527,0.000702037,9.1759782e-09,0.000868683,0.00072058,7.23079241e-09,0.000860859,0.000755659,5.26878008e-09,19.646883,299,4.102601
lift,10,160,179,9447876,9908963,0.515319824,0.000732422,0.000602055,4.94091124e-09,0.000671888,0.000613674,2.05031281e-09,0.000731062,0.000650752,2.37675035e-09,19.646883,278,4.345254
lift,11,170,189,9690582,10151649,0.515319824,0.000854492,0.000656944,1.78323754e-08,0.000819702,0.000631927,8.40305336e-09,0.000733554,0.000622329,2.32176989e-09,14.1421356,277,4.58794
lift,12,180,199,9933228,10394822,0.515319824,0.000915527,0.000726132,2.05160562e-08,0.000875673,0.000718505,1.26848504e-08,0.00079837,0.000692815,6.2479133e-09,10.0498753,302,4.831113
lift,13,190,209,10175915,10637563,0.515319824,0.000915527,0.000703064,1.73789692e-08,0.000875673,0.000708188,1.10703383e-08,0.00079837,0.000703864,3.4975931e-09,10.0498753,301,5.073854
lift,14,200,219,10419153,10880203,0.515319824,0.000915527,0.000715733,9.30097155e-09,0.000810987,0.000701968,5.79889692e-09,0.000748687,0.000695304,1.92594607e-09,14.1421356,284,5.316494
lift,15,210,229,10661833,11123049,0.515319824,0.001678467,0.00096394,1.01651409e-07,0.001428284,0.00087006,4.26347877e-08,0.001134227,0.000796831,1.36120473e-08,65.0384521,297,5.55934
lift,16,220,239,10904474,11365709,0.515319824,0.02230835,0.006080994,2.50771132e-05,0.012119733,0.003685426,7.36639231e-06,0.007007928,0.002387685,2.42432361e-06,399.085205,285,5.802
lift,17,230,249,11147320,11608363,0.515319824,0.120361328,0.067838706,0.002315936,0.108275101,0.057091974,0.001797345,0.082058273,0.038941827,0.000880248,494.541199,276,6.044654
lift,18,240,259,11389980,11851212,0.515319824,0.120361328,0.074002378,0.002133319,0.108275101,0.069696128,0.001319185,0.082452476,0.05811929,0.000534403,494.541199,297,6.287503
lift,19,250,269,11632627,12093873,0.515319824,0.107208252,0.053730264,0.002811035,0.097867049,0.052038211,0.002841479,0.082452476,0.046680663,0.001746984,615.5802,291,6.530164
lift,20,260,279,11875490,12336526,0.515319824,0.136779785,0.095936373,0.001703582,0.127175018,0.088679656,0.001914624,0.104115285,0.067318812,0.001981492,615.5802,281,6.772817
lift,21,270,289,12118151,12579303,0.515319824,0.136779785,0.088420399,0.003154219,0.127175018,0.089579605,0.002098549,0.104115285,0.080017872,0.000607124,576.694885,299,7.015594
lift,22,280,299,12360795,12822370,0.515319824,0.070068359,0.02948636,0.00091137,0.091162443,0.038231947,0.001435576,0.09593825,0.047334123,0.001370958,576.694885,299,7.258661
lift,23,290,309,12603589,13065124,0.515319824,0.025543213,0.018875178,9.35335324e-05,0.024583207,0.017940432,5.4434836e-05,0.019137751,0.012169297,0.000105869,445.135925,294,7.501415
lift,24,300,319,12846705,13307848,0.515319824,0.023498535,0.010071334,5.65876354e-05,0.024203572,0.011258359,6.17607721e-05,0.01649875,0.010167951,2.39252491e-05,288.480499,284,7.744139
lift,25,310,329,13089402,13550681,0.515319824,0.025939941,0.014076724,0.000102857,0.022466229,0.01267947,6.71501102e-05,0.016875587,0.010466103,2.4601975e-05,293.402466,291,7.986972
lift,26,320,339,13332227,13793336,0.515319824,0.025939941,0.015325661,0.000107792,0.022466229,0.013611192,6.12142822e-05,0.016875587,0.011251626,1.60527541e-05,463.630249,281,8.229627
lift,27,330,349,13574952,14035989,0.515319824,0.016784668,0.008569124,3.86475798e-05,0.013547164,0.007215865,1.83686004e-05,0.010385472,0.007346813,3.23689892e-06,463.630249,280,8.47228
lift,28,340,359,13817600,14278791,0.515319824,0.007873535,0.00449727,4.31186663e-06,0.010509368,0.005274476,3.8704593e-06,0.009816421,0.00608385,2.44982971e-06,338.724091,294,8.715082
lift,29,350,369,14060256,14521427,0.515319824,0.006317139,0.003100464,1.93806022e-06,0.006367938,0.003439935,2.04547632e-06,0.006228568,0.004035587,1.7336547e-06,402.208893,284,8.957718
lift,30,360,379,14303060,14764089,0.515319824,0.003082275,0.002151067,5.87311603e-07,0.002810232,0.002228511,2.100724e-07,0.003399832,0.002597882,1.2568357e-07,402.208893,274,9.20038
lift,31,370,389,14545696,15006947,0.515319824,0.003082275,0.001712319,7.75593207e-07,0.002810232,0.001784063,6.48969603e-07,0.002694093,0.001950247,3.96735601e-07,64.2495117,294,9.443238
lift,32,380,399,14788364,15249998,0.515319824,0.001586914,0.00114021,1.08550544e-07,0.001425417,0.001128538,5.38838372e-08,0.001626362,0.001280068,1.17384385e-08,46.1519241,304,9.686289
lift,33,390,409,15031218,15492805,0.515319824,0.001586914,0.00118764,7.65547119e-08,0.001425417,0.001161702,3.65092876e-08,0.001338984,0.001173683,1.42274386e-08,25.6320114,290,9.929096
lift,34,400,419,15274389,15735589,0.515319824,0.001556396,0.001248986,8.13583787e-08,0.001472702,0.00121297,4.8361993e-08,0.001356787,0.00118855,1.68596282e-08,16.1245155,292,10.17188
lift,35,410,429,15517073,15978254,0.515319824,0.004974365,0.002264057,1.28560498e-06,0.003914086,0.001884272,5.54270116e-07,0.002808584,0.001577924,1.84082069e-07,159.263931,280,10.414545
lift,36,420,439,15759861,16220904,0.515319824,0.071411133,0.025146529,0.000431976,0.050636753,0.017079245,0.000195008,0.030587479,0.010337621,6.66655387e-05,501.406036,282,10.657195
lift,37,430,449,16002525,16463762,0.515319824,0.117523193,0.074678421,0.00176998,0.107461311,0.068177201,0.001658807,0.084822297,0.051745895,0.001068394,750.179321,297,10.900053
lift,38,440,459,16245172,16706422,0.515319824,0.117523193,0.082629018,0.006267253,0.107461311,0.074334659,0.003978711,0.084822297,0.058891289,0.00128956,750.179321,279,11.142713
lift,39,450,469,16488040,16949069,0.515319824,0.135345459,0.09949217,0.003260555,0.130368397,0.09109237,0.004447268,0.107170746,0.068097375,0.003954608,750.031311,288,11.38536
lift,40,460,479,16730688,17191716,0.515319824,0.135345459,0.095553726,0.003265376,0.130368397,0.095893294,0.00203694,0.107170746,0.081308365,0.000596744,777.29657,287,11.628007
lift,41,470,489,16973335,17434560,0.515319824,0.096099854,0.036375482,0.001374657,0.112744153,0.047090035,0.002017248,0.105510108,0.054210421,0.001615436,777.29657,294,11.870851
lift,42,480,499,17216116,17677609,0.515319824,0.022705078,0.019562276,3.84503619e-06,0.020975584,0.01829849,1.36637189e-05,0.024493827,0.013551539,0.000157736,406.040649,305,12.1139
lift,43,490,509,17458834,17920441,0.515319824,0.020477295,0.015428332,1.35941016e-05,0.020153942,0.016181404,1.21566925e-05,0.016515467,0.014486347,2.29746911e-06,291.073883,297,12.356732
lift,44,500,519,17701980,18163251,0.515319824,0.0128479,0.009820674,1.37610848e-05,0.015486493,0.010844282,1.08948814e-05,0.015785651,0.012147134,6.57676946e-06,210.335449,294,12.599542
lift,45,510,529,17944715,18405912,0.515319824,0.012512207,0.006712598,9.76977026e-06,0.011942801,0.007208579,7.80131813e-06,0.012514998,0.008401325,6.45168438e-06,210.335449,287,12.842203
lift,46,520,539,18187527,18648573,0.515319824,0.009033203,0.004729604,4.8498282e-06,0.007094,0.004432288,2.34416552e-06,0.006702902,0.00509666,1.44804062e-06,166.174606,276,13.084864
lift,47,530,549,18430186,18891372,0.515319824,0.004760742,0.002851941,2.21669234e-06,0.004153769,0.002873887,1.0409384e-06,0.004850162,0.003458232,5.92269316e-07,270.229523,295,13.327663
lift,48,540,559,18672842,19134034,0.515319824,0.003997803,0.001999891,9.12205962e-07,0.00409918,0.00220522,6.92453681e-07,0.00395301,0.002530431,4.99504835e-07,270.229523,276,13.570325
lift,49,550,569,18915650,19376690,0.515319824,0.002746582,0.001828179,3.55333867e-07,0.00238079,0.001747763,1.41142252e-07,0.002205768,0.001821264,5.71380092e-08,227.565369,284,13.812981
lift,50,560,579,19158305,19619608,0.515319824,0.002197266,0.001506406,1.86107655e-07,0.002011279,0.00147775,9.87448476e-08,0.00182995,0.00154501,2.75835209e-08,79.605278,307,14.055899
lift,51,570,589,19400955,19862283,0.515319824,0.001373291,0.001149444,2.31629717e-08,0.0015987,0.001200078,2.01930061e-08,0.001690638,0.001312713,2.72787976e-08,22.3383083,279,14.298574
lift,52,580,599,19643889,20105367,0.515319824,0.001373291,0.001051263,2.67118022e-08,0.001272653,0.001068105,1.17542588e-08,0.001226222,0.001128342,5.21443821e-09,18.1383572,301,14.541658
lift,53,590,609,19886551,20348324,0.515319824,0.001251221,0.001054492,2.04768413e-08,0.001233108,0.001061514,1.3818722e-08,0.001201717,0.001071424,5.21313481e-09,7.34846926,299,14.784615
lift,54,600,619,20129747,20590976,0.515319824,0.001342773,0.001174273,1.34404548e-08,0.001293542,0.001135377,1.06434069e-08,0.001220544,0.001101142,5.0849871e-09,7.34846926,287,15.027267
lift,55,610,629,20372609,20833636,0.515319824,0.008636475,0.002964332,3.91762069e-06,0.005694466,0.002157146,1.37307597e-06,0.00366844,0.001659539,4.34961038e-07,97.1287842,275,15.269927
lift,56,620,639,20615243,21076338,0.515319824,0.12411499,0.061363574,0.002254104,0.110205129,0.048015717,0.001467651,0.076275691,0.030786453,0.000616314,532.068604,285,15.512629
lift,57,630,649,20857901,21319175,0.515319824,0.12411499,0.078307182,0.002121362,0.112050816,0.073473416,0.001345087,0.086941034,0.060522314,0.000772862,629.65863,294,15.755466
lift,58,640,659,21100735,21561838,0.515319824,0.139282227,0.095955521,0.008646361,0.125114501,0.088521853,0.008150168,0.090130776,0.065421611,0.004248097,726.612671,287,15.998129
lift,59,650,669,21343454,21804499,0.515319824,0.139282227,0.108484268,0.000884224,0.125309408,0.102832764,0.001023632,0.105592534,0.080414787,0.001676593,740.445801,283,16.24079
lift,60,660,679,21586108,22047292,0.515319824,0.125671387,0.071835466,0.003640362,0.125309408,0.078364119,0.003264632,0.105592534,0.075987786,0.00142236,750.531799,300,16.483583
lift,61,670,689,21828765,22289957,0.515319824,0.031219482,0.023551187,0.000205183,0.050530367,0.025295725,0.00055025,0.074437715,0.03131761,0.000925753,750.531799,278,16.726248
lift,62,680,699,22071578,22533007,0.515319824,0.031219482,0.023411306,2.25500641e-05,0.028641129,0.023825852,1.13286904e-05,0.021988092,0.017927334,2.34642899e-05,527.069275,292,16.969298
lift,63,690,709,22314221,22775976,0.515319824,0.027587891,0.021377278,3.08587619e-05,0.025294187,0.021660166,9.81621088e-06,0.023091529,0.020886989,1.83920861e-06,416.430054,306,17.212267
lift,64,700,719,22557380,23018654,0.515319824,0.027587891,0.015586765,0.00011462,0.025294187,0.015856314,8.55416644e-05,0.023091529,0.016751813,4.21594553e-05,416.430054,280,17.454945
lift,65,710,729,22800259,23261299,0.515319824,0.006256104,0.002315709,1.35495429e-06,0.011491297,0.004160378,7.41323311e-06,0.016606346,0.007809102,1.87049679e-05,350.730652,276,17.69759
lift,66,720,739,23042921,23504074,0.515319824,0.002227783,0.001543191,1.48175871e-07,0.001966031,0.001559704,7.28571968e-08,0.004548857,0.002693899,8.89244688e-07,93.0,296,17.940365
lift,67,730,749,23285565,23746725,0.515319824,0.001647949,0.001126529,5.47299053e-08,0.001469888,0.00118168,3.18051857e-08,0.002168108,0.001519092,1.15160326e-07,40.7308235,279,18.183016
lift,68,740,759,23528350,23989362,0.515319824,0.001159668,0.000828455,5.72003629e-08,0.001130264,0.000856586,4.90936282e-08,0.001369515,0.00101507,5.86316553e-08,20.248457,284,18.425653
lift,69,750,769,23770987,24232186,0.515319824,0.001068115,0.000809982,4.56127468e-08,0.000969554,0.000787039,2.69698127e-08,0.000951981,0.000815027,7.04473901e-09,14.1421356,288,18.668477
lift,70,760,779,24013623,24474848,0.515319824,0.001434326,0.001126301,3.64098116e-08,0.001356038,0.001066811,2.91836809e-08,0.001232526,0.000979556,2.08291924e-08,8.66025448,278,18.911139
lift,71,770,789,24256461,24717485,0.515319824,0.001434326,0.001162616,5.52200768e-08,0.001362076,0.001166688,2.78363782e-08,0.001257855,0.001128974,1.10433954e-08,7.81024981,282,19.153776
lift,72,780,799,24499112,24960554,0.515319824,0.001373291,0.001008766,5.15536052e-08,0.001362076,0.001026483,3.74550271e-08,0.001257855,0.001057622,1.89111942e-08,12.2065554,293,19.396845
lift,73,790,809,24741751,25203397,0.515319824,0.037536621,0.012089189,0.000107443,0.024734387,0.007739905,4.25233114e-05,0.014299659,0.004544298,1.31078821e-05,501.399048,303,19.639688
lift,74,800,819,24984923,25446061,0.515319824,0.114898682,0.068088137,0.002013048,0.107515216,0.05768013,0.001618135,0.083754182,0.040500067,0.000856999,530.747559,279,19.882352
lift,75,810,829,25227671,25688752,0.515319824,0.114898682,0.082290947,0.004523546,0.107515216,0.073873013,0.002287837,0.086850978,0.060319737,0.000723406,921.901306,280,20.125043
lift,76,820,839,25470325,25931562,0.515319824,0.161560059,0.114951484,0.008760001,0.152130947,0.105039962,0.009345866,0.119701803,0.076248989,0.005960758,921.901306,299,20.367853
lift,77,830,849,25713019,26174219,0.515319824,0.161560059,0.116877638,0.003336071,0.152130947,0.114200048,0.001830129,0.12076661,0.092700981,0.000913734,998.131775,289,20.61051
lift,78,840,859,25955833,26416882,0.515319824,0.126800537,0.060576361,0.003799727,0.139146894,0.069293439,0.004355678,0.12076661,0.071072787,0.002775514,998.131775,279,20.853173
lift,79,850,869,26198496,26659674,0.515319824,0.052124023,0.036916193,0.000153432,0.048395988,0.034332808,0.000193602,0.042292327,0.025848435,0.00052975,900.644775,296,21.095965
lift,80,860,879,26441146,26902334,0.515319824,0.044433594,0.022448443,0.000105487,0.047009151,0.026181778,0.000135107,0.031276807,0.024324441,3.55205588e-05,365.116425,278,21.338625
lift,81,870,889,26683953,27144986,0.515319824,0.017913818,0.010958594,2.19689588e-05,0.020067669,0.012384323,1.87479106e-05,0.023638675,0.015578291,2.15800953e-05,365.116425,282,21.581277
lift,82,880,899,26926602,27388220,0.515319824,0.013122559,0.006340731,2.85895708e-05,0.011802639,0.006609721,2.57397984e-05,0.013346525,0.008388536,2.26870467e-05,332.302582,304,21.824511
lift,83,890,909,27169251,27630999,0.515319824,0.004486084,0.002407738,5.10471637e-06,0.003119345,0.001924218,2.51541974e-06,0.005824127,0.002713671,1.10278165e-06,332.302582,291,22.06729
lift,84,900,919,27412569,27873663,0.515319824,0.004272461,0.002026078,1.19155368e-06,0.003119345,0.002020618,6.06871083e-07,0.002706686,0.002035095,2.14211198e-07,305.150787,285,22.309954
lift,85,910,929,27655276,28116479,0.515319824,0.00201416,0.001214814,4.13497417e-07,0.001772295,0.001159772,2.61881467e-07,0.001810276,0.001315409,1.82975668e-07,187.213776,291,22.55277
lift,86,920,939,27897931,28359141,0.515319824,0.001434326,0.001074483,1.89330521e-07,0.001255997,0.000993308,1.25741209e-07,0.001180815,0.00099304,2.17369711e-08,48.76474,286,22.795432
lift,87,930,949,28140758,28601783,0.515319824,0.001312256,0.001012108,8.06721436e-08,0.001255997,0.001054539,4.2383387e-08,0.001180815,0.001056401,1.2052192e-08,48.76474,282,23.038074
lift,88,940,959,28383405,28844486,0.515319824,0.001220703,0.000718687,2.36565739e-07,0.001190238,0.000707601,1.76693376e-07,0.00116391,0.000774928,1.08964713e-07,26.551836,280,23.280777
lift,89,950,969,28626042,29087331,0.515319824,0.001342773,0.00093261,3.5086353e-07,0.001263593,0.000811961,2.30443604e-07,0.001085547,0.000692409,7.38300293e-08,25.1992054,293,23.523622
lift,90,960,979,28868875,29329986,0.515319824,0.103027344,0.032961436,0.000880386,0.067377836,0.020231232,0.000333074,0.037234776,0.010986251,9.59665617e-05,482.728699,289,23.766277
lift,91,970,989,29111605,29572641,0.515319824,0.152130127,0.088988774,0.003211168,0.135535091,0.081562988,0.002710877,0.101037398,0.061782572,0.001670233,1148.90295,275,24.008932
lift,92,980,999,29354251,29815829,0.515319824,0.154418945,0.114367247,0.013748639,0.137757763,0.099664725,0.009881044,0.101037398,0.070188321,0.003681656,1148.90295,297,24.25212
lift,93,990,1009,29596904,30058591,0.515319824,0.158203125,0.121619225,0.00197055,0.151972726,0.113911666,0.003370405,0.122274637,0.087148532,0.004121996,987.207703,298,24.494882
lift,94,1000,1019,29840162,30301249,0.515319824,0.158203125,0.097474113,0.006992454,0.151972726,0.101130947,0.005442516,0.122274637,0.089367256,0.001871495,1066.70984,283,24.73754
lift,95,1010,1029,30082868,30544144,0.515319824,0.069610596,0.047506683,0.001139884,0.0782561,0.048394874,0.001938475,0.097716078,0.046949223,0.002284529,1066.70984,298,24.980435
lift,96,1020,1039,30325537,30786800,0.515319824,0.069610596,0.038243495,0.000376403,0.06248251,0.040395696,0.000310617,0.038957343,0.030501161,4.59021023e-05,566.229614,280,25.223091
lift,97,1030,1049,30568416,31029447,0.515319824,0.021728516,0.014116386,3.87582398e-05,0.029518854,0.01693937,4.98210604e-05,0.033063676,0.021365305,5.12740837e-05,416.65094,279,25.465738
lift,98,1040,1059,30811070,31272232,0.515319824,0.015075684,0.006296435,1.65722083e-05,0.016039692,0.007757537,2.193271e-05,0.019853767,0.011147621,2.93713361e-05,338.569061,296,25.708523
lift,99,1050,1069,31053716,31514891,0.515319824,0.003143311,0.001946139,3.9257452e-07,0.003877795,0.002245002,5.73304475e-07,0.007933248,0.004239342,3.49311858e-06,278.097107,279,25.951182
lift,100,1060,1079,31296507,31757553,0.515319824,0.001800537,0.001401701,3.41623828e-08,0.001727046,0.0014261,2.42709228e-08,0.003070127,0.001991737,2.74797628e-07,26.6833286,282,26.193844
lift,101,1070,1089,31539160,32000383,0.515319824,0.001434326,0.001218641,4.91248139e-08,0.001377854,0.001248934,2.23609928e-08,0.001681498,0.00140827,2.42923812e-08,17.7482395,290,26.436674
lift,102,1080,1099,31781817,32243463,0.515319824,0.001403809,0.000974199,6.60038132e-08,0.001377854,0.00101868,6.07130765e-08,0.001410161,0.001120273,4.83727222e-08,4.5825758,300,26.679754
lift,103,1090,1109,32024663,32486209,0.515319824,0.001312256,0.000967869,4.70048315e-08,0.001202044,0.000953923,2.83936569e-08,0.001083014,0.000969085,7.34539496e-09,8.1240387,296,26.9225
lift,104,1100,1119,32267816,32728869,0.515319824,0.001312256,0.001073898,1.98910894e-08,0.001202044,0.001053982,7.47984696e-09,0.001083014,0.001021265,2.10793094e-09,8.1240387,281,27.16516
lift,105,1110,1129,32510491,32971644,0.515319824,0.001159668,0.001049423,5.89184079e-09,0.001104181,0.001033706,2.41823539e-09,0.00107276,0.001028496,5.80836101e-10,8.1240387,300,27.407935
lift,106,1120,1139,32753202,33214293,0.515319824,0.001159668,0.001060414,3.24492389e-09,0.001105792,0.001058681,1.59954694e-09,0.001088071,0.001054194,6.03002314e-10,7.14142847,279,27.650584
lift,107,1130,1149,32995912,33456994,0.515319824,0.031555176,0.009065148,6.34932212e-05,0.018573634,0.005341184,2.02186836e-05,0.01021419,0.00308604,5.447891e-06,172.394897,283,27.893285
lift,108,1140,1159,33238557,33699843,0.515319824,0.117919922,0.069082618,0.00227985,0.108372293,0.058518089,0.001815446,0.083945915,0.040448964,0.000922537,831.315796,304,28.136134
lift,109,1150,1169,33481265,33942517,0.515319824,0.117919922,0.079251468,0.003907661,0.108372293,0.072002731,0.002083805,0.084972501,0.058757272,0.00068873,959.276794,281,28.378808
lift,110,1160,1179,33724127,34185176,0.515319824,0.15032959,0.10376963,0.007092112,0.140890464,0.095181242,0.007768887,0.109705843,0.0697897,0.005048749,959.276794,286,28.621467
lift,111,1170,1189,33966786,34427985,0.515319824,0.15032959,0.10991513,0.002175776,0.140890464,0.107117489,0.001193988,0.111107327,0.087062083,0.000840372,1181.78589,298,28.864276
lift,112,1180,1199,34209446,34671053,0.515319824,0.119049072,0.060409874,0.003631859,0.129805133,0.068254612,0.003913226,0.111107327,0.069459945,0.002328044,1181.78589,304,29.107344
lift,113,1190,1209,34452262,34913817,0.515319824,0.045776367,0.035249516,0.000133868,0.044320699,0.03265271,0.000235084,0.049060971,0.026070196,0.000617756,1149.02258,291,29.350108
lift,114,1200,1219,34695391,35156703,0.515319824,0.04574585,0.023780262,0.00015348,0.044320699,0.026460866,0.000155854,0.030396953,0.023353571,3.5826531e-05,568.692383,291,29.592994
lift,115,1210,1229,34938092,35399361,0.515319824,0.015136719,0.01121713,6.45087948e-06,0.017065153,0.012217095,5.76630146e-06,0.022154197,0.015178119,1.22132185e-05,448.696991,286,29.835652
lift,116,1220,1239,35180979,35642004,0.515319824,0.013946533,0.007854423,1.77274285e-05,0.012645254,0.008227175,1.38130179e-05,0.01298276,0.00976818,1.0583133e-05,297.623932,282,30.078295
lift,117,1230,1249,35423626,35884806,0.515319824,0.004241943,0.00244458,1.01605087e-06,0.006541069,0.003161559,1.97053009e-06,0.009243388,0.005021309,4.58722798e-06,297.623932,297,30.321097
lift,118,1240,1259,35666265,36127464,0.515319824,0.001831055,0.001150942,1.27392667e-07,0.002576353,0.001405155,2.81472239e-07,0.004042537,0.002261708,8.60469242e-07,22.7156334,285,30.563755
lift,119,1250,1269,35909087,36370113,0.515319824,0.000946045,0.000752894,1.06342329e-08,0.001094903,0.000802144,1.81282773e-08,0.001759413,0.001116294,1.00269339e-07,13.3790884,276,30.806404
lift,120,1260,1279,36151738,36612819,0.515319824,0.000762939,0.000643588,5.73253534e-09,0.000722974,0.000655986,2.06516959e-09,0.00094051,0.00075048,8.28071567e-09,10.0995045,276,31.04911
lift,121,1270,1289,36394375,36855603,0.515319824,0.000671387,0.000580797,4.89189445e-09,0.000650458,0.000589913,2.26967289e-09,0.000724606,0.000626655,2.70625988e-09,9.0,299,31.291894
lift,122,1280,1299,36637160,37098695,0.515319824,0.000915527,0.000650926,1.57319986e-08,0.000797649,0.00062542,8.34433411e-09,0.000717492,0.000611959,2.3775617e-09,8.30662346,292,31.534986
lift,123,1290,1309,36879883,37341409,0.515319824,0.000915527,0.000731913,8.58777405e-09,0.00079901,0.000714963,5.22228616e-09,0.000748762,0.000687363,3.46566265e-09,9.05538559,301,31.7777
lift,124,1300,1319,37123018,37584261,0.515319824,0.000854492,0.000677325,1.27346106e-08,0.00079901,0.000696805,6.31844932e-09,0.000748762,0.000704544,1.84198645e-09,14.2478065,292,32.020552
lift,125,1310,1329,37365687,37826919,0.515319824,0.022491455,0.006245215,3.10847313e-05,0.012763897,0.003572468,9.3843928e-06,0.006900106,0.002026517,2.46014747e-06,318.102173,289,32.26321
lift,126,1320,1339,37608539,38069585,0.515319824,0.117279053,0.067216262,0.002301057,0.106607191,0.056516547,0.001792739,0.081450738,0.038496152,0.000881817,645.63147,276,32.505876
lift,127,1330,1349,37851188,38312447,0.515319824,0.117279053,0.077470168,0.002712796,0.106607191,0.071855739,0.001410561,0.082700536,0.059796058,0.000572237,858.004089,298,32.748738
lift,128,1340,1359,38093860,38555114,0.515319824,0.162139893,0.108299464,0.008845689,0.149731249,0.098304719,0.008904675,0.112485208,0.071178839,0.005325307,858.004089,280,32.991405
lift,129,1350,1369,38336723,38797765,0.515319824,0.162139893,0.116902597,0.001917748,0.149731249,0.112151362,0.00123693,0.114411965,0.089623637,0.001172774,850.217041,288,33.234056
lift,130,1360,1379,38579383,39040567,0.515319824,0.123931885,0.064715333,0.003874635,0.136031792,0.073139116,0.003930856,0.114411965,0.074828856,0.00216018,850.217041,297,33.476858
lift,131,1370,1389,38822027,39283228,0.515319824,0.054656982,0.036113087,0.000308786,0.048657428,0.034140889,0.000549442,0.062116791,0.03042734,0.000956432,840.71991,288,33.719519
lift,132,1380,1399,39064843,39526289,0.515319824,0.050415039,0.027724933,0.000112203,0.048657428,0.030579204,0.000111991,0.030322425,0.025719171,1.05721809e-05,370.743835,294,33.96258
lift,133,1390,1409,39307495,39769285,0.515319824,0.024475098,0.014998657,4.29732093e-05,0.024146201,0.016334198,4.216998e-05,0.025728116,0.018946534,3.29470381e-05,370.743835,298,34.205576
lift,134,1400,1419,39550610,40011950,0.515319824,0.009063721,0.006445212,7.00202372e-06,0.012609581,0.007604466,8.04571482e-06,0.017405959,0.010675956,1.38404983e-05,213.433838,287,34.448241
lift,135,1410,1429,39793570,40254605,0.515319824,0.007415771,0.003171986,4.00728231e-06,0.00791067,0.003862774,5.43127908e-06,0.009714951,0.005485869,7.1249824e-06,196.898453,282,34.690896
lift,136,1420,1439,40036217,40497260,0.515319824,0.001586914,0.001227418,8.32577873e-08,0.001836187,0.001308805,4.59056006e-08,0.003917213,0.002184783,5.18082629e-07,34.2928581,276,34.933551
lift,137,1430,1449,40278875,40740029,0.515319824,0.001464844,0.00113659,3.94194539e-08,0.00146409,0.001160537,3.57665893e-08,0.001835951,0.001362492,7.01829484e-08,23.9582977,295,35.17632
lift,138,1440,1459,40521593,40982687,0.515319824,0.001464844,0.001178192,4.55857888e-08,0.001366832,0.001166256,2.99994159e-08,0.001296411,0.001186042,6.93663882e-09,14.1774473,283,35.418978
lift,139,1450,1469,40764311,41225401,0.515319824,0.001464844,0.001212589,2.59201777e-08,0.001366832,0.001217679,1.18579971e-08,0.001296411,0.001207084,2.9797782e-09,12.0415945,277,35.661692
lift,140,1460,1479,41006957,41468219,0.515319824,0.001220703,0.000946389,6.04869463e-08,0.001155539,0.000986405,3.87268844e-08,0.001182438,0.001057618,2.07676736e-08,9.11043358,297,35.90451
lift,141,1470,1489,41249666,41710861,0.515319824,0.002471924,0.001029963,3.23166489e-07,0.001747078,0.000863594,1.0215382e-07,0.001199997,0.000864217,3.34297386e-08,38.9486847,282,36.147152
lift,142,1480,1499,41492498,41953928,0.515319824,0.137329102,0.058286723,0.002351128,0.111744396,0.042639401,0.001318013,0.071326494,0.025696049,0.000485338,778.208862,304,36.390219
lift,143,1490,1509,41735132,42196874,0.515319824,0.140075684,0.088783026,0.002482488,0.127453968,0.083301924,0.001928717,0.098209269,0.067052953,0.001292187,1348.57886,302,36.633165
lift,144,1500,1519,41978291,42439535,0.515319824,0.142272949,0.105945893,0.011599247,0.134167418,0.096990377,0.009826045,0.098209269,0.07177709,0.004434123,1348.57886,287,36.875826
lift,145,1510,1529,42221149,42682191,0.515319824,0.142272949,0.113461874,0.000962151,0.135573074,0.106296696,0.001737294,0.108847842,0.081721961,0.002649334,867.143616,279,37.118482
lift,146,1520,1539,42463801,42925089,0.515319824,0.138183594,0.081617527,0.002805274,0.135573074,0.089470372,0.002289508,0.108847842,0.08572007,0.000774174,869.966064,298,37.36138
lift,147,1530,1549,42706452,43167744,0.515319824,0.060424805,0.038137019,0.00136723,0.077912956,0.041159987,0.001783105,0.091132112,0.046618026,0.001711378,869.966064,288,37.604035
lift,148,1540,1559,42949363,43410412,0.515319824,0.049682617,0.038107231,9.41057574e-05,0.043926563,0.036498573,7.00305308e-05,0.034581393,0.026795484,0.000225887,574.263855,283,37.846703
lift,149,1550,1569,43192009,43653195,0.515319824,0.041046143,0.023154609,0.000226962,0.041818861,0.025832416,0.000222562,0.034581393,0.025621038,9.45534325e-05,440.886597,294,38.089486
lift,150,1560,1579,43434687,43895865,0.515319824,0.007995605,0.005430984,2.59939725e-06,0.016927229,0.007273364,9.81864468e-06,0.024628326,0.012298899,3.01363703e-05,319.405701,283,38.332156
lift,151,1570,1589,43677472,44138523,0.515319824,0.010437012,0.006843573,3.49719221e-06,0.008726088,0.006480508,2.05774518e-06,0.008430063,0.00706137,2.73273912e-07,309.672394,275,38.574814
lift,152,1580,1599,43920136,44381661,0.515319824,0.010437012,0.005726557,1.13300392e-05,0.008726088,0.005870698,7.47135755e-06,0.00779528,0.006153777,2.94137612e-06,266.732086,296,38.817952
lift,153,1590,1609,44162788,44624492,0.515319824,0.005981445,0.002132631,1.99199121e-06,0.007288183,0.002924719,3.63418576e-06,0.007396998,0.00383743,3.67805364e-06,140.556046,301,39.060783
lift,154,1600,1619,44406029,44867174,0.515319824,0.00189209,0.001256921,8.26695858e-08,0.001637145,0.00121696,4.34536384e-08,0.002281453,0.001633688,1.31480178e-07,34.7131081,282,39.303465
lift,155,1610,1629,44648777,45109823,0.515319824,0.001190186,0.000933085,3.71034008e-08,0.001141702,0.000976535,2.59099601e-08,0.001481055,0.001143776,3.48709715e-08,11.0905361,282,39.546114
lift,156,1620,1639,44891437,45352630,0.515319824,0.001190186,0.000898145,3.3162436e-08,0.001097478,0.000893672,2.15429041e-08,0.001163136,0.000938909,1.26179572e-08,14.5602198,289,39.788921
lift,157,1630,1649,45134089,45595292,0.515319824,0.001708984,0.001238352,6.91237424e-08,0.001533108,0.001159584,6.55283322e-08,0.001381665,0.001066464,3.72701084e-08,17.2916164,285,40.031583
lift,158,1640,1659,45376905,45837957,0.515319824,0.030426025,0.008564267,5.38666274e-05,0.017450113,0.005063755,1.62767844e-05,0.00971802,0.003054238,4.5415004e-06,224.946655,275,40.274248
lift,159,1650,1669,45619559,46080846,0.515319824,0.124176025,0.072028771,0.002520698,0.113233998,0.060969252,0.00199348,0.087262489,0.042000666,0.001000671,638.731567,290,40.517137
lift,160,1660,1679,45862264,46323516,0.515319824,0.124176025,0.080383465,0.003269071,0.113233998,0.074684121,0.001817978,0.088061668,0.061893344,0.000655899,714.284973,278,40.759807
lift,161,1670,1689,46105119,46566167,0.515319824,0.14440918,0.093728736,0.00654814,0.137513742,0.085260458,0.006851469,0.101126298,0.063976675,0.004300548,752.756287,287,41.002458
lift,162,1680,1699,46347780,46809348,0.515319824,0.14440918,0.109118022,0.001103486,0.13827157,0.105256289,0.000895099,0.111390606,0.084647074,0.001224062,752.756287,308,41.245639
lift,163,1690,1709,46590431,47052093,0.515319824,0.139678955,0.068561144,0.003103598,0.13827157,0.07762263,0.002952939,0.111390606,0.078117162,0.00136842,741.685913,303,41.488384
lift,164,1700,1719,46833680,47294767,0.515319824,0.049530029,0.033009607,0.000582526,0.049772128,0.031967599,0.000889366,0.072666213,0.034549512,0.001167955,741.685913,284,41.731058
lift,165,1710,1729,47076370,47537732,0.515319824,0.049530029,0.037752144,0.000120713,0.047044795,0.037327908,6.75094479e-05,0.038862959,0.029347697,0.000127624,447.54776,301,41.974023
lift,166,1720,1739,47319031,47780413,0.515319824,0.048797607,0.025064429,0.000192316,0.047044795,0.02800102,0.000197731,0.038862959,0.028292123,8.63915035e-05,247.236725,287,42.216704
lift,167,1730,1749,47562017,48023057,0.515319824,0.0128479,0.008306171,1.77446743e-05,0.017510112,0.009964897,2.09546139e-05,0.025280373,0.014832195,3.58813663e-05,246.215347,276,42.459348
lift,168,1740,1759,47804680,48265706,0.515319824,0.008728027,0.00323428,5.02377679e-06,0.009850505,0.004271301,7.82013831e-06,0.013160856,0.006831833,1.32022795e-05,211.277069,274,42.701997
lift,169,1750,1769,48047322,48508506,0.515319824,0.00201416,0.001364736,2.2709321e-07,0.001705329,0.001359198,1.3561413e-07,0.004325429,0.00240035,8.94009872e-07,38.34058,292,42.944797
lift,170,1760,1779,48290056,48751166,0.515319824,0.00201416,0.001328216,1.1531489e-07,0.001688563,0.001272064,7.65570993e-08,0.001598992,0.00142846,1.15233111e-08,26.1533928,276,43.187457
lift,171,1770,1789,48532776,48993836,0.515319824,0.001312256,0.001166015,1.18106403e-08,0.001407693,0.001197181,8.99575969e-09,0.001489439,0.001272076,1.21153335e-08,26.1533928,283,43.430127
lift,172,1780,1799,48775429,49237044,0.515319824,0.001403809,0.001096533,1.9731784e-08,0.001255572,0.001113125,4.94777996e-09,0.001220494,0.001151877,2.50614329e-09,21.1187115,305,43.673335
lift,173,1790,1809,49018107,49479829,0.515319824,0.001708984,0.001123279,5.05757173e-08,0.00141819,0.001086314,1.62798733e-08,0.001220026,0.00108881,4.99018782e-09,13.4536238,291,43.91612
lift,174,1800,1819,49261408,49722496,0.515319824,0.068450928,0.02149537,0.000360128,0.044103015,0.013402558,0.000138337,0.024825865,0.007528824,4.10157948e-05,452.994476,288,44.158787
lift,175,1810,1829,49504107,49965275,0.515319824,0.143554688,0.089167915,0.003090532,0.131750524,0.079279885,0.002776818,0.102771252,0.057780564,0.001623145,661.7099,294,44.401566
lift,176,1820,1839,49746766,50207930,0.515319824,0.143554688,0.094651699,0.006451294,0.131750524,0.087259032,0.003842475,0.102771252,0.071354687,0.001168518,972.116272,285,44.644221
lift,177,1830,1849,49989551,50450583,0.515319824,0.150848389,0.106537998,0.005685815,0.147589698,0.097147003,0.006991989,0.118278384,0.073183559,0.005405869,972.116272,280,44.886874
lift,178,1840,1859,50232198,50693462,0.515319824,0.150848389,0.126012638,0.001040086,0.147589698,0.123578049,0.000631557,0.126446649,0.10253755,0.000951179,1113.10461,296,45.129753
lift,179,1850,1869,50474850,50936111,0.515319824,0.145385742,0.083092742,0.005718193,0.14681831,0.089484766,0.004994352,0.126446649,0.089920983,0.002428147,1182.43689,287,45.372402
lift,180,1860,1879,50717732,51178762,0.515319824,0.068847656,0.048708979,0.000811478,0.064057767,0.047175061,0.001408611,0.085024491,0.043140478,0.001955771,1182.43689,284,45.615053
lift,181,1870,1889,50960377,51421558,0.515319824,0.068847656,0.040120658,0.000447018,0.064057767,0.042475343,0.000369096,0.043284286,0.033870775,6.87088094e-05,739.979065,300,45.857849
lift,182,1880,1899,51203036,51664632,0.515319824,0.026153564,0.01313217,4.26757754e-05,0.034819856,0.016960625,7.29317606e-05,0.038103238,0.02237981,8.10328481e-05,377.552643,298,46.100923
lift,183,1890,1909,51445841,51907384,0.515319824,0.012878418,0.006158554,9.53973085e-06,0.013940411,0.007235026,1.20670418e-05,0.018942719,0.010709072,2.15636097e-05,377.552643,292,46.343675
lift,184,1900,1919,51688986,52150106,0.515319824,0.005096436,0.00311904,3.47058835e-06,0.004631047,0.003256505,2.64030723e-06,0.007471093,0.004788782,3.75387344e-06,241.024902,282,46.586397
lift,185,1910,1929,51931661,52392901,0.515319824,0.004730225,0.002229058,2.42423266e-06,0.003806002,0.001936507,1.23391226e-06,0.004341586,0.002411474,1.01151147e-06,241.024902,294,46.829192
lift,186,1920,1939,52174453,52635586,0.515319824,0.006195068,0.003256055,2.73554929e-06,0.004930092,0.002982604,1.94650852e-06,0.003812024,0.002607683,8.64496428e-07,296.180695,283,47.071877
lift,187,1930,1949,52417178,52878232,0.515319824,0.006195068,0.003039703,1.67023143e-06,0.004930092,0.003115675,8.96886433e-07,0.003812024,0.00297112,1.94093175e-07,296.180695,277,47.314523
lift,188,1940,1959,52659848,53121029,0.515319824,0.003112793,0.001893,4.39986195e-07,0.002880537,0.001975572,3.74748595e-07,0.002909936,0.002213724,2.93183831e-07,127.773239,297,47.55732
lift,189,1950,1969,52902497,53363695,0.515319824,0.001556396,0.001169783,9.83280575e-08,0.00149909,0.001227426,6.01526004e-08,0.001917152,0.001473253,7.20316456e-08,26.6833286,278,47.799986
lift,190,1960,1979,53145312,53606335,0.515319824,0.001281738,0.000812507,3.98287443e-08,0.001394397,0.000894724,5.75274364e-08,0.001508924,0.001052851,6.73472506e-08,11.0905361,274,48.042626
lift,191,1970,1989,53387959,53849198,0.515319824,0.001159668,0.000802038,2.96160568e-08,0.001003002,0.000769612,1.41120793e-08,0.000918452,0.000802685,4.15684598e-09,20.8086529,298,48.285489
lift,192,1980,1999,53630626,54092254,0.515319824,0.005279541,0.001636181,1.21791504e-06,0.003045582,0.001141875,2.97746993e-07,0.001891738,0.000939119,7.06652577e-08,42.2137413,293,48.528545
lift,193,1990,2009,53873467,54334986,0.515319824,0.124084473,0.055088751,0.001982262,0.103417017,0.041469276,0.001182219,0.068143681,0.025700679,0.00046207,443.501984,300,48.771277
lift,194,2000,2019,54116577,54577810,0.515319824,0.124084473,0.078520745,0.001759818,0.112049326,0.074037932,0.001356121,0.087001503,0.060284711,0.000916167,670.381226,292,49.014101
lift,195,2010,2029,54359259,54820479,0.515319824,0.1590271,0.098648123,0.00986454,0.141871393,0.088127695,0.008160057,0.089690343,0.064845666,0.003728732,670.381226,292,49.25677
lift,196,2020,2039,54602083,55063126,0.515319824,0.161376953,0.120029494,0.001766253,0.152441576,0.113122039,0.0024261,0.122067921,0.087729603,0.003063909,964.631531,288,49.499417
lift,197,2030,2049,54844744,55306005,0.515319824,0.161376953,0.089844525,0.004715807,0.152441576,0.096830346,0.003967329,0.122067921,0.089851081,0.001428458,976.431274,297,49.742296
lift,198,2040,2059,55087396,55548679,0.515319824,0.072631836,0.046197701,0.001291345,0.069713347,0.045311552,0.001869907,0.092319302,0.045995288,0.002076371,976.431274,279,49.98497
lift,199,2050,2069,55330288,55791331,0.515319824,0.072631836,0.046071541,0.000621205,0.066362701,0.044487011,0.000386976,0.047423795,0.033531103,0.000223621,598.727844,281,50.227622
lift,200,2060,2079,55572946,56033984,0.515319824,0.044311523,0.016829142,0.000127247,0.055107143,0.023137193,0.000242594,0.046956953,0.026365111,0.00016916,433.510101,281,50.470275
lift,201,2070,2089,55815598,56276794,0.515319824,0.011688232,0.007374022,1.37990144e-05,0.010941097,0.007430655,6.67185213e-06,0.017238393,0.010883353,8.41852489e-06,265.625671,297,50.713085
lift,202,2080,2099,56058349,56519850,0.515319824,0.011688232,0.004858874,1.33104129e-05,0.010941097,0.005475514,1.34064447e-05,0.011015362,0.006665336,1.09537303e-05,262.423309,291,50.956141
lift,203,2090,2109,56301068,56762679,0.515319824,0.001373291,0.001111087,1.83593085e-08,0.001917247,0.001238187,7.03029165e-08,0.004601773,0.002440421,1.06701964e-06,29.8496227,290,51.19897
lift,204,2100,2119,56544186,57005495,0.515319824,0.001159668,0.001019442,6.87218016e-09,0.001099532,0.001028379,2.2208726e-09,0.001762869,0.001285579,4.32763118e-08,19.4164886,300,51.441786
lift,205,2110,2129,56786952,57248160,0.515319824,0.00112915,0.000801863,6.90060978e-08,0.001088536,0.000852818,5.42038799e-08,0.001210186,0.000964834,4.04015306e-08,9.05538559,285,51.684451
lift,206,2120,2139,57029769,57490826,0.515319824,0.000762939,0.000501362,2.60182113e-08,0.000850486,0.000537367,2.95088768e-08,0.000966488,0.000648164,3.52676924e-08,7.54983425,274,51.927117
lift,207,2130,2149,57272427,57733626,0.515319824,0.001251221,0.000692016,8.40249034e-08,0.001047296,0.000612975,4.82387849e-08,0.000847983,0.000569102,1.48198199e-08,10.0498753,290,52.169917
lift,208,2140,2159,57515087,57976296,0.515319824,0.071258545,0.021922223,0.000391749,0.044922568,0.013171046,0.00014094,0.024558943,0.007133899,3.99739068e-05,533.39856,286,52.412587
lift,209,2150,2169,57757901,58218949,0.515319824,0.119293213,0.073291689,0.002038397,0.107007772,0.066265985,0.001855917,0.081886843,0.049232531,0.001129792,1058.42761,284,52.65524
lift,210,2160,2179,58000561,58461785,0.515319824,0.131408691,0.08735048,0.007201842,0.107007772,0.076072611,0.004294911,0.081886843,0.058342613,0.001328231,1058.42761,299,52.898076
lift,211,2170,2189,58243212,58704444,0.515319824,0.147888184,0.106535703,0.004242678,0.138447762,0.098755829,0.005423862,0.108587734,0.073937617,0.004577363,1031.36707,284,53.140735
lift,212,2180,2199,58486064,58947488,0.515319824,0.147888184,0.096074224,0.003928682,0.138447762,0.097762033,0.002724097,0.108587734,0.082318902,0.00072746,938.377869,308,53.383779
lift,213,2190,2209,58728711,59190426,0.515319824,0.076477051,0.033144608,0.001133315,0.098770216,0.040738113,0.001654866,0.101505309,0.049334846,0.001513196,938.377869,300,53.626717
lift,214,2200,2219,58971838,59433100,0.515319824,0.046569824,0.031808145,0.00016021,0.043309469,0.030119231,0.000155328,0.031315643,0.022681255,0.000315024,627.953796,285,53.869391
lift,215,2210,2229,59214715,59675766,0.515319824,0.046539307,0.024297442,0.000171323,0.043309469,0.026687132,0.000158603,0.031315643,0.024251135,4.17706682e-05,175.553406,277,54.112057
lift,216,2220,2239,59457371,59918473,0.515319824,0.015625,0.007836715,2.21105871e-05,0.019658482,0.00985582,3.31204387e-05,0.024133991,0.013889506,4.23665945e-05,175.553406,282,54.354764
lift,217,2230,2249,59700033,60161294,0.515319824,0.006256104,0.004314747,3.40927795e-06,0.006519137,0.004406759,2.23816278e-06,0.011091715,0.006189156,3.47690366e-06,194.489075,299,54.597585
lift,218,2240,2259,59942866,60403954,0.515319824,0.006256104,0.004212764,3.68059659e-06,0.005787909,0.004175981,2.37551944e-06,0.005419455,0.004434308,9.647631e-07,194.489075,287,54.840245
lift,219,2250,2269,60185574,60646606,0.515319824,0.003845215,0.001857854,4.20161285e-07,0.004795986,0.00232452,9.8819453e-07,0.005079878,0.002984347,1.18235675e-06,77.5499802,276,55.082897
lift,220,2260,2279,60428222,60889433,0.515319824,0.001678467,0.001348432,2.8946976e-08,0.001698002,0.001391155,2.16794686e-08,0.002380407,0.00170752,1.05579687e-07,27.9105721,306,55.325724
lift,221,2270,2289,60670870,61132091,0.515319824,0.001434326,0.001168269,1.36169163e-08,0.001359315,0.001190174,8.30958502e-09,0.001576448,0.001305843,1.88239946e-08,9.05538559,279,55.568382
lift,222,2280,2299,60913715,61375165,0.515319824,0.00112915,0.001044241,4.53652138e-09,0.001176303,0.001062347,2.68921063e-09,0.001274342,0.00112196,5.31619815e-09,8.0,291,55.811456
lift,223,2290,2309,61156357,61618159,0.515319824,0.001403809,0.001123196,2.19105886e-08,0.001326912,0.001103502,1.26622045e-08,0.001222113,0.00109273,3.81786291e-09,9.11043358,307,56.05445
lift,224,2300,2319,61399539,61860824,0.515319824,0.002960205,0.001502197,2.73818642e-07,0.002282034,0.001327968,9.04714799e-08,0.001747235,0.001221124,2.78765221e-08,20.1246109,279,56.297115
lift,225,2310,2329,61642433,62103481,0.515319824,0.125091553,0.051847134,0.001853379,0.100071833,0.037671775,0.001017189,0.063502789,0.02271032,0.00037028,445.472778,279,56.539772
lift,226,2320,2339,61885092,62346282,0.515319824,0.13092041,0.081991471,0.002036396,0.118290447,0.076986492,0.001648596,0.091001429,0.061859883,0.001119054,983.161255,290,56.782573
lift,227,2330,2349,62127750,62588939,0.515319824,0.161956787,0.102238625,0.010862472,0.1423807,0.091052376,0.008600341,0.091001429,0.066902928,0.003695886,1114.27283,284,57.02523
lift,228,2340,2359,62370551,62831591,0.515319824,0.162414551,0.11654973,0.001983692,0.152113095,0.109676093,0.002656297,0.117753841,0.084593229,0.003227569,1114.27283,289,57.267882
lift,229,2350,2369,62613207,63074434,0.515319824,0.162414551,0.086037286,0.004502674,0.152113095,0.093513764,0.003928662,0.117753841,0.085894033,0.001412679,888.049561,301,57.510725
lift,230,2360,2379,62855860,63317110,0.515319824,0.04019165,0.020866375,0.000328109,0.06514287,0.026228661,0.000720175,0.087300345,0.037719849,0.001079992,888.049561,282,57.753401
lift,231,2370,2389,63098713,63559773,0.515319824,0.029205322,0.023175122,1.42805937e-05,0.026717149,0.022577815,9.9103234e-06,0.022870492,0.016045034,7.60014434e-05,488.117828,278,57.996064
lift,232,2380,2399,63341382,63802841,0.515319824,0.029205322,0.02284498,4.36205876e-05,0.026717149,0.023138676,1.80068234e-05,0.023537604,0.021319915,5.5600749e-06,406.274536,302,58.239132
lift,233,2390,2409,63584040,64045759,0.515319824,0.025360107,0.013691631,0.000121426,0.024494242,0.014910339,0.000112391,0.023537604,0.016339846,6.66444166e-05,265.426086,296,58.48205
lift,234,2400,2419,63827304,64288423,0.515319824,0.003997803,0.002458617,5.77208993e-06,0.008530039,0.002945353,6.42662781e-06,0.014573957,0.006028859,1.41891731e-05,207.513855,286,58.724714
lift,235,2410,2429,64070036,64531127,0.515319824,0.003997803,0.002646228,5.35902643e-07,0.002968573,0.002323189,4.20099553e-07,0.002809719,0.002480708,4.61713507e-08,179.368332,280,58.967418
lift,236,2420,2439,64312688,64773965,0.515319824,0.003631592,0.002662674,3.38302925e-07,0.002990201,0.002532845,1.4461277e-07,0.002753114,0.002470483,3.53835002e-08,179.368332,293,59.210256
lift,237,2430,2449,64555394,65016631,0.515319824,0.003295898,0.002173229,7.26980601e-07,0.002990201,0.002241221,4.13879661e-07,0.002756712,0.002340574,1.44574827e-07,127.236,285,59.452922
lift,238,2440,2459,64798238,65259283,0.515319824,0.0027771,0.001318963,2.19250495e-07,0.002915616,0.001526669,3.317638e-07,0.002756712,0.001770577,2.80342448e-07,41.7731972,281,59.695574
lift,239,2450,2469,65040895,65502057,0.515319824,0.001159668,0.001009182,7.69321495e-09,0.001110477,0.001015422,3.8810124e-09,0.001436418,0.001161762,2.05609749e-08,19.1311264,293,59.938348
lift,240,2460,2479,65283546,65744719,0.515319824,0.001983643,0.001203279,8.22774444e-08,0.001573485,0.001135857,3.83828893e-08,0.001368852,0.001111394,1.17845643e-08,12.1655254,284,60.18101
lift,241,2470,2489,65526329,65987381,0.515319824,0.116333008,0.048722915,0.001662872,0.093840286,0.035274606,0.000907013,0.059306569,0.021077501,0.000324454,378.170593,278,60.423672
lift,242,2480,2499,65768983,66230622,0.515319824,0.117828369,0.074785315,0.00152677,0.106315538,0.070211574,0.001333949,0.080987655,0.056395482,0.000931661,1216.2384,307,60.666913
lift,243,2490,2509,66011646,66473483,0.515319824,0.149749756,0.08938846,0.008388486,0.126596317,0.079735592,0.006427574,0.080987655,0.060020152,0.002658905,1216.2384,295,60.909774
lift,244,2500,2519,66255037,66716155,0.515319824,0.150848389,0.108925946,0.002168237,0.141735777,0.102076031,0.002958675,0.110861041,0.078227744,0.003243476,1046.12476,286,61.152446
lift,245,2510,2529,66497758,66958949,0.515319824,0.150848389,0.085831858,0.004134336,0.141735777,0.091443077,0.003352961,0.110861041,0.082223445,0.001089051,802.441895,305,61.39524
lift,246,2520,2539,66740417,67201618,0.515319824,0.045501709,0.029733595,0.000650334,0.070541643,0.033590503,0.00115695,0.088006563,0.040612213,0.001397929,802.441895,282,61.637909
lift,247,2530,2549,66983234,67444279,0.515319824,0.0390625,0.029451394,7.48680675e-05,0.036109209,0.029042598,3.8531812e-05,0.026504735,0.021214088,9.35944031e-05,548.905273,282,61.88057
lift,248,2540,2559,67225884,67686970,0.515319824,0.02923584,0.016453395,0.000115676,0.032002509,0.018582733,0.000123934,0.026504735,0.019127162,6.17860997e-05,282.026581,278,62.123261
lift,249,2550,2569,67468543,67929764,0.515319824,0.009399414,0.006265267,1.14337389e-05,0.010404612,0.006532898,5.08330413e-06,0.017258357,0.009416707,7.16089335e-06,250.077988,299,62.366055
lift,250,2560,2579,67711308,68172429,0.515319824,0.009368896,0.00556528,5.84798045e-06,0.008237437,0.005730355,4.60377123e-06,0.008420962,0.006389949,3.14409112e-06,168.038681,278,62.60872
lift,251,2570,2589,67954038,68415074,0.515319824,0.005645752,0.003421353,2.78125026e-06,0.005000925,0.003347497,1.04931689e-06,0.006254238,0.004076564,8.43528482e-07,202.70668,283,62.851365
lift,252,2580,2599,68196697,68658263,0.515319824,0.006561279,0.00404583,4.15227714e-06,0.005855623,0.003968942,1.91917047e-06,0.004829095,0.003878433,4.95504082e-07,202.70668,299,63.094554
lift,253,2590,2609,68439340,68900996,0.515319824,0.006561279,0.003489782,4.54899873e-06,0.005855623,0.003504888,3.12190491e-06,0.004829095,0.003446443,1.20421714e-06,185.687912,301,63.337287
lift,254,2600,2619,68682595,69143659,0.515319824,0.001861572,0.001239517,1.26169695e-07,0.001956881,0.001355442,1.33594227e-07,0.003031609,0.001907611,3.79117239e-07,18.1383572,277,63.57995
lift,255,2610,2629,68925276,69386533,0.515319824,0.001403809,0.0009554,2.47927862e-08,0.001171759,0.000966355,8.52004245e-09,0.001573396,0.001161243,3.73440794e-08,15.8429794,292,63.822824
lift,256,2620,2639,69167953,69629193,0.515319824,0.001037598,0.000825725,1.88323222e-08,0.000928921,0.000827734,9.12274967e-09,0.001064627,0.000905124,1.04192698e-08,18.411953,279,64.065484
lift,257,2630,2649,69410809,69871831,0.515319824,0.061584473,0.017391698,0.000252857,0.035540607,0.009816482,7.84667998e-05,0.01885641,0.005262853,2.08451581e-05,455.37677,283,64.308122
lift,258,2640,2659,69653457,70114616,0.515319824,0.1434021,0.083485715,0.003022661,0.126845375,0.07441739,0.002633313,0.095204763,0.053818081,0.001492604,913.87146,293,64.550907
lift,259,2650,2669,69896097,70357268,0.515319824,0.1434021,0.08877819,0.005936864,0.126845375,0.080613419,0.003493784,0.095204763,0.064788543,0.001060876,1223.10547,286,64.793559
lift,260,2660,2679,70138887,70599924,0.515319824,0.160064697,0.10569147,0.005144006,0.147502616,0.096794881,0.006326599,0.114258528,0.072161369,0.005012725,1223.10547,279,65.036215
lift,261,2670,2689,70381535,70842797,0.515319824,0.160064697,0.108412132,0.002774854,0.147502616,0.106631309,0.001644983,0.114258528,0.088182248,0.0006711,1037.01257,295,65.279088
lift,262,2680,2699,70624190,71085874,0.515319824,0.105987549,0.043563671,0.00159368,0.123329334,0.055901952,0.002097887,0.113017879,0.064734183,0.001508625,770.61145,301,65.522165
lift,263,2690,2709,70867078,71328665,0.515319824,0.053161621,0.033138026,0.00034678,0.048676897,0.029377263,0.000434249,0.044862878,0.025208138,0.000662979,732.369446,293,65.764956
lift,264,2700,2719,71110231,71571343,0.515319824,0.053161621,0.03478799,0.000273855,0.048676897,0.034096979,0.00016689,0.037344176,0.02782608,8.98103595e-05,455.900208,281,66.007634
lift,265,2710,2729,71352946,71814131,0.515319824,0.037536621,0.015040863,0.000101667,0.043298833,0.019588849,0.000161259,0.037344176,0.022240765,0.000109446,186.531494,292,66.250422
lift,266,2720,2739,71595692,72056776,0.515319824,0.00579834,0.003925568,5.72964109e-06,0.007629717,0.004585792,5.43848228e-06,0.01601666,0.00862362,1.61963815e-05,165.199875,276,66.493067
lift,267,2730,2749,71838397,72299476,0.515319824,0.004638672,0.002202896,4.38818597e-06,0.005205603,0.002291855,3.20197887e-06,0.00727106,0.003628565,4.27578379e-06,128.693436,281,66.735767
lift,268,2740,2759,72081040,72542276,0.515319824,0.00881958,0.004694879,1.45212696e-05,0.007575792,0.003654024,8.66367282e-06,0.005184536,0.002533735,2.54455381e-06,278.497742,300,66.978567
lift,269,2750,2769,72323751,72784950,0.515319824,0.00881958,0.004764404,8.83270968e-06,0.007575792,0.004308186,6.59080024e-06,0.005184536,0.003497187,2.81043117e-06,278.497742,278,67.221241
lift,270,2760,2779,72566549,73027606,0.515319824,0.003967285,0.00182921,1.00712975e-06,0.005970929,0.002581019,2.40297027e-06,0.005001948,0.002920793,1.63157563e-06,101.336075,279,67.463897
lift,271,2770,2789,72809220,73270410,0.515319824,0.001281738,0.001063703,1.03925792e-07,0.001202479,0.001050655,3.30402795e-08,0.002208984,0.001402347,7.59912089e-08,101.336075,297,67.706701
lift,272,2780,2799,73051873,73513491,0.515319824,0.001281738,0.001152498,4.8134674e-09,0.001236866,0.001153126,2.11761297e-09,0.001286878,0.001193564,1.17933208e-09,5.09901953,303,67.949782
lift,273,2790,2809,73294680,73756224,0.515319824,0.001281738,0.001166654,5.90899685e-09,0.001236866,0.001173522,1.63707936e-09,0.001207912,0.001176985,3.56589841e-10,3.7416575,298,68.192515
lift,274,2800,2819,73537814,73999096,0.515319824,0.001251221,0.001048624,1.75382746e-08,0.001211428,0.001060994,1.34384182e-08,0.001190146,0.001093351,7.50234896e-09,4.5825758,293,68.435387
lift,275,2810,2829,73780512,74241745,0.515319824,0.001037598,0.000900812,6.80355638e-09,0.001017244,0.000923253,4.28170743e-09,0.001095378,0.000973528,3.68767217e-09,4.89897966,284,68.678036
lift,276,2820,2839,74023369,74484388,0.515319824,0.001251221,0.001003212,2.71039383e-08,0.001201558,0.000978318,1.61516061e-08,0.001104189,0.000960438,5.07545339e-09,4.89897966,282,68.920679
lift,277,2830,2849,74266004,74727220,0.515319824,0.001464844,0.001188482,1.47908732e-08,0.00133948,0.001140565,1.59814542e-08,0.001246411,0.00107972,1.24106866e-08,4.5825758,310,69.163511
lift,278,2840,2859,74508656,74969900,0.515319824,0.001525879,0.001313763,1.67907659e-08,0.001472899,0.001306232,1.10956976e-08,0.001374054,0.001254493,8.98561048e-09,5.0,286,69.406191
lift,279,2850,2869,74751509,75212545,0.515319824,0.001525879,0.001321045,1.16930002e-08,0.001472899,0.001328162,6.54606236e-09,0.001374054,0.001311853,1.19956534e-09,5.0,279,69.648836
lift,280,2860,2879,74994167,75455260,0.515319824,0.001342773,0.001204536,5.43108092e-09,0.0012959,0.001215794,3.59137964e-09,0.001297437,0.001243766,2.43276221e-09,4.5825758,277,69.891551
lift,281,2870,2889,75236811,75698049,0.515319824,0.001495361,0.001180522,1.38718049e-08,0.001362521,0.001165706,4.66881778e-09,0.001254221,0.00117975,1.80357185e-09,4.5825758,299,70.13434
lift,282,2880,2899,75479596,75941136,0.515319824,0.001586914,0.001374376,3.82724568e-08,0.001543925,0.001342159,3.32667827e-08,0.001444749,0.001287886,1.81267852e-08,4.5825758,295,70.377427
lift,283,2890,2909,75722323,76183888,0.515319824,0.001586914,0.001391665,2.24767349e-08,0.001543925,0.001403826,1.34609478e-08,0.001444749,0.001380436,3.50768992e-09,4.5825758,305,70.620179
lift,284,2900,2919,75965460,76426729,0.515319824,0.001373291,0.001242088,4.0463517e-09,0.001431345,0.001266507,5.07077624e-09,0.001432702,0.001303199,4.51613724e-09,5.47722578,295,70.86302
lift,285,2910,2929,76208171,76669396,0.515319824,0.001312256,0.001114832,2.35869686e-08,0.001262847,0.001139874,1.41279777e-08,0.001263347,0.001185701,7.37692751e-09,5.91608,288,71.105687
lift,286,2920,2939,76451004,76912046,0.515319824,0.001098633,0.000965822,9.16617449e-09,0.001166768,0.000988904,9.40928579e-09,0.001208466,0.001041435,9.21284382e-09,5.91608,273,71.348337
lift,287,2930,2949,76693656,77154916,0.515319824,0.001037598,0.000938037,2.2645843e-09,0.000978683,0.000934977,1.085803e-09,0.000971788,0.000954299,9.9919753e-11,5.09901953,290,71.591207
lift,288,2940,2959,76936335,77397577,0.515319824,0.00112915,0.000970991,4.20320578e-09,0.001071418,0.000958916,1.59905789e-09,0.001013319,0.000954,4.10040696e-10,6.40312433,283,71.833868
lift,289,2950,2969,77179194,77640229,0.515319824,0.001312256,0.001104509,1.362672e-08,0.001251127,0.001072047,1.15576543e-08,0.001178609,0.001031659,6.76711442e-09,6.40312433,284,72.07652
lift,290,2960,2979,77421845,77883049,0.515319824,0.001312256,0.001156632,1.11636166e-08,0.001261841,0.001160945,5.56570567e-09,0.001202649,0.001133955,3.15820592e-09,4.89897966,293,72.31934
lift,291,2970,2989,77664497,78125714,0.515319824,0.001434326,0.001185579,2.26924095e-08,0.00134554,0.001175066,1.30981438e-08,0.001249913,0.001157715,3.57040042e-09,4.89897966,285,72.562005
lift,292,2980,2999,77907327,78368801,0.515319824,0.001434326,0.00119255,1.73789692e-08,0.00134554,0.001183206,1.20961666e-08,0.001254687,0.001173703,4.27347313e-09,4.35889912,296,72.805092
