block,start_index,end_index,start_sensor_timestamp_us,end_sensor_timestamp_us,fs_hz,fft_us,peak_hz,peak_magnitude,bin,freq_hz,magnitude
0,60,123,7020078,8549734,41.1857300,2935,1.93058109,0.00307975900,0,0.00000000,0.000405684000
0,60,123,7020078,8549734,41.1857300,2935,1.93058109,0.00307975900,1,0.643527031,0.000468634000
0,60,123,7020078,8549734,41.1857300,2935,1.93058109,0.00307975900,2,1.28705406,0.00282884500
0,60,123,7020078,8549734,41.1857300,2935,1.93058109,0.00307975900,3,1.93058109,0.00307975900
0,60,123,7020078,8549734,41.1857300,2935,1.93058109,0.00307975900,4,2.57410812,0.00218789900
0,60,123,7020078,8549734,41.1857300,2935,1.93058109,0.00307975900,5,3.21763515,0.00245611900
0,60,123,7020078,8549734,41.1857300,2935,1.93058109,0.00307975900,6,3.86116219,0.000300463000
0,60,123,7020078,8549734,41.1857300,2935,1.93058109,0.00307975900,7,4.50468922,0.000567036000
0,60,123,7020078,8549734,41.1857300,2935,1.93058109,0.00307975900,8,5.14821625,0.000182787000
0,60,123,7020078,8549734,41.1857300,2935,1.93058109,0.00307975900,9,5.79174328,0.000365504000
0,60,123,7020078,8549734,41.1857300,2935,1.93058109,0.00307975900,10,6.43527031,0.000761557000
0,60,123,7020078,8549734,41.1857300,2935,1.93058109,0.00307975900,11,7.07879734,0.000851236000
0,60,123,7020078,8549734,41.1857300,2935,1.93058109,0.00307975900,12,7.72232437,0.00119123000
0,60,123,7020078,8549734,41.1857300,2935,1.93058109,0.00307975900,13,8.36585140,0.000830298000
0,60,123,7020078,8549734,41.1857300,2935,1.93058109,0.00307975900,14,9.00937843,0.000540048000
0,60,123,7020078,8549734,41.1857300,2935,1.93058109,0.00307975900,15,9.65290546,0.000302335000
0,60,123,7020078,8549734,41.1857300,2935,1.93058109,0.00307975900,16,10.2964325,0.000101460000
0,60,123,7020078,8549734,41.1857300,2935,1.93058109,0.00307975900,17,10.9399595,0.000227882000
0,60,123,7020078,8549734,41.1857300,2935,1.93058109,0.00307975900,18,11.5834866,0.000416941000
0,60,123,7020078,8549734,41.1857300,2935,1.93058109,0.00307975900,19,12.2270136,0.000375307000
0,60,123,7020078,8549734,41.1857300,2935,1.93058109,0.00307975900,20,12.8705406,0.000212502000
0,60,123,7020078,8549734,41.1857300,2935,1.93058109,0.00307975900,21,13.5140676,0.000192815000
0,60,123,7020078,8549734,41.1857300,2935,1.93058109,0.00307975900,22,14.1575947,0.000329508000
0,60,123,7020078,8549734,41.1857300,2935,1.93058109,0.00307975900,23,14.8011217,0.000178999000
0,60,123,7020078,8549734,41.1857300,2935,1.93058109,0.00307975900,24,15.4446487,4.72094937e-05
0,60,123,7020078,8549734,41.1857300,2935,1.93058109,0.00307975900,25,16.0881767,0.000179934000
0,60,123,7020078,8549734,41.1857300,2935,1.93058109,0.00307975900,26,16.7317028,0.000187008000
0,60,123,7020078,8549734,41.1857300,2935,1.93058109,0.00307975900,27,17.3752289,0.000218552000
0,60,123,7020078,8549734,41.1857300,2935,1.93058109,0.00307975900,28,18.0187569,0.000320117000
0,60,123,7020078,8549734,41.1857300,2935,1.93058109,0.00307975900,29,18.6622849,0.000138678000
0,60,123,7020078,8549734,41.1857300,2935,1.93058109,0.00307975900,30,19.3058109,2.89183277e-05
0,60,123,7020078,8549734,41.1857300,2935,1.93058109,0.00307975900,31,19.9493370,4.22110782e-05
0,60,123,7020078,8549734,41.1857300,2935,1.93058109,0.00307975900,32,20.5928650,1.60091056e-05
1,124,187,8574030,10103070,41.2023239,2910,0.643786311,0.000188691000,0,0.00000000,4.82821735e-05
1,124,187,8574030,10103070,41.2023239,2910,0.643786311,0.000188691000,1,0.643786311,0.000188691000
1,124,187,8574030,10103070,41.2023239,2910,0.643786311,0.000188691000,2,1.28757262,7.53619886e-05
1,124,187,8574030,10103070,41.2023239,2910,0.643786311,0.000188691000,3,1.93135893,0.000175922000
1,124,187,8574030,10103070,41.2023239,2910,0.643786311,0.000188691000,4,2.57514524,0.000168276000
1,124,187,8574030,10103070,41.2023239,2910,0.643786311,0.000188691000,5,3.21893167,0.000105952000
1,124,187,8574030,10103070,41.2023239,2910,0.643786311,0.000188691000,6,3.86271787,6.17759643e-05
1,124,187,8574030,10103070,41.2023239,2910,0.643786311,0.000188691000,7,4.50650406,5.12976359e-05
1,124,187,8574030,10103070,41.2023239,2910,0.643786311,0.000188691000,8,5.15029049,5.74433316e-05
1,124,187,8574030,10103070,41.2023239,2910,0.643786311,0.000188691000,9,5.79407692,2.56402669e-05
1,124,187,8574030,10103070,41.2023239,2910,0.643786311,0.000188691000,10,6.43786335,2.26787139e-05
1,124,187,8574030,10103070,41.2023239,2910,0.643786311,0.000188691000,11,7.08164930,3.89304545e-05
1,124,187,8574030,10103070,41.2023239,2910,0.643786311,0.000188691000,12,7.72543573,4.60547592e-05
1,124,187,8574030,10103070,41.2023239,2910,0.643786311,0.000188691000,13,8.36922169,5.00079579e-05
1,124,187,8574030,10103070,41.2023239,2910,0.643786311,0.000188691000,14,9.01300812,2.15507513e-05
1,124,187,8574030,10103070,41.2023239,2910,0.643786311,0.000188691000,15,9.65679455,1.82983183e-05
1,124,187,8574030,10103070,41.2023239,2910,0.643786311,0.000188691000,16,10.3005810,1.65685449e-05
1,124,187,8574030,10103070,41.2023239,2910,0.643786311,0.000188691000,17,10.9443674,5.82432494e-06
1,124,187,8574030,10103070,41.2023239,2910,0.643786311,0.000188691000,18,11.5881538,1.55484902e-05
1,124,187,8574030,10103070,41.2023239,2910,0.643786311,0.000188691000,19,12.2319403,1.29396429e-05
1,124,187,8574030,10103070,41.2023239,2910,0.643786311,0.000188691000,20,12.8757267,3.20018948e-05
1,124,187,8574030,10103070,41.2023239,2910,0.643786311,0.000188691000,21,13.5195122,1.20478861e-05
1,124,187,8574030,10103070,41.2023239,2910,0.643786311,0.000188691000,22,14.1632986,1.23128582e-05
1,124,187,8574030,10103070,41.2023239,2910,0.643786311,0.000188691000,23,14.8070850,7.69184953e-06
1,124,187,8574030,10103070,41.2023239,2910,0.643786311,0.000188691000,24,15.4508715,9.75206967e-06
1,124,187,8574030,10103070,41.2023239,2910,0.643786311,0.000188691000,25,16.0946579,7.65090317e-06
1,124,187,8574030,10103070,41.2023239,2910,0.643786311,0.000188691000,26,16.7384434,6.35827701e-06
1,124,187,8574030,10103070,41.2023239,2910,0.643786311,0.000188691000,27,17.3822308,3.34627862e-06
1,124,187,8574030,10103070,41.2023239,2910,0.643786311,0.000188691000,28,18.0260162,1.71686713e-05
1,124,187,8574030,10103070,41.2023239,2910,0.643786311,0.000188691000,29,18.6698036,4.62294975e-06
1,124,187,8574030,10103070,41.2023239,2910,0.643786311,0.000188691000,30,19.3135891,3.40536053e-06
1,124,187,8574030,10103070,41.2023239,2910,0.643786311,0.000188691000,31,19.9573765,9.63731873e-06
1,124,187,8574030,10103070,41.2023239,2910,0.643786311,0.000188691000,32,20.6011620,5.84090778e-08
2,188,251,10127361,11656893,41.1890678,2943,0.643579185,0.0236195850,0,0.00000000,0.0118749330
2,188,251,10127361,11656893,41.1890678,2943,0.643579185,0.0236195850,1,0.643579185,0.0236195850
2,188,251,10127361,11656893,41.1890678,2943,0.643579185,0.0236195850,2,1.28715837,0.00795586600
2,188,251,10127361,11656893,41.1890678,2943,0.643579185,0.0236195850,3,1.93073750,0.00574867100
2,188,251,10127361,11656893,41.1890678,2943,0.643579185,0.0236195850,4,2.57431674,0.00389644600
2,188,251,10127361,11656893,41.1890678,2943,0.643579185,0.0236195850,5,3.21789598,0.00213059000
2,188,251,10127361,11656893,41.1890678,2943,0.643579185,0.0236195850,6,3.86147499,0.000878327000
2,188,251,10127361,11656893,41.1890678,2943,0.643579185,0.0236195850,7,4.50505447,0.000733582000
2,188,251,10127361,11656893,41.1890678,2943,0.643579185,0.0236195850,8,5.14863348,0.000778862000
2,188,251,10127361,11656893,41.1890678,2943,0.643579185,0.0236195850,9,5.79221249,0.000524685000
2,188,251,10127361,11656893,41.1890678,2943,0.643579185,0.0236195850,10,6.43579197,0.000129815000
2,188,251,10127361,11656893,41.1890678,2943,0.643579185,0.0236195850,11,7.07937098,0.000143155000
2,188,251,10127361,11656893,41.1890678,2943,0.643579185,0.0236195850,12,7.72294998,0.000255622000
2,188,251,10127361,11656893,41.1890678,2943,0.643579185,0.0236195850,13,8.36652946,0.000451207000
2,188,251,10127361,11656893,41.1890678,2943,0.643579185,0.0236195850,14,9.01010895,0.000321985000
2,188,251,10127361,11656893,41.1890678,2943,0.643579185,0.0236195850,15,9.65368748,0.000232476000
2,188,251,10127361,11656893,41.1890678,2943,0.643579185,0.0236195850,16,10.2972670,0.000135426000
2,188,251,10127361,11656893,41.1890678,2943,0.643579185,0.0236195850,17,10.9408464,0.000232406000
2,188,251,10127361,11656893,41.1890678,2943,0.643579185,0.0236195850,18,11.5844250,0.000221084000
2,188,251,10127361,11656893,41.1890678,2943,0.643579185,0.0236195850,19,12.2280045,0.000205808000
2,188,251,10127361,11656893,41.1890678,2943,0.643579185,0.0236195850,20,12.8715839,0.000169833000
2,188,251,10127361,11656893,41.1890678,2943,0.643579185,0.0236195850,21,13.5151625,0.000135713000
2,188,251,10127361,11656893,41.1890678,2943,0.643579185,0.0236195850,22,14.1587420,0.000172863000
2,188,251,10127361,11656893,41.1890678,2943,0.643579185,0.0236195850,23,14.8023214,0.000168990000
2,188,251,10127361,11656893,41.1890678,2943,0.643579185,0.0236195850,24,15.4459000,0.000185439000
2,188,251,10127361,11656893,41.1890678,2943,0.643579185,0.0236195850,25,16.0894794,0.000150157000
2,188,251,10127361,11656893,41.1890678,2943,0.643579185,0.0236195850,26,16.7330589,0.000123218000
2,188,251,10127361,11656893,41.1890678,2943,0.643579185,0.0236195850,27,17.3766384,0.000189666000
2,188,251,10127361,11656893,41.1890678,2943,0.643579185,0.0236195850,28,18.0202179,0.000162442000
2,188,251,10127361,11656893,41.1890678,2943,0.643579185,0.0236195850,29,18.6637955,0.000133527000
2,188,251,10127361,11656893,41.1890678,2943,0.643579185,0.0236195850,30,19.3073750,0.000156084000
2,188,251,10127361,11656893,41.1890678,2943,0.643579185,0.0236195850,31,19.9509544,0.000145489000
2,188,251,10127361,11656893,41.1890678,2943,0.643579185,0.0236195850,32,20.5945339,7.90456313e-05
3,252,315,11681188,13210725,41.1889343,2950,0.643577099,0.0734341670,0,0.00000000,0.0115443590
3,252,315,11681188,13210725,41.1889343,2950,0.643577099,0.0734341670,1,0.643577099,0.0734341670
3,252,315,11681188,13210725,41.1889343,2950,0.643577099,0.0734341670,2,1.28715420,0.0586502740
3,252,315,11681188,13210725,41.1889343,2950,0.643577099,0.0734341670,3,1.93073130,0.0212520550
3,252,315,11681188,13210725,41.1889343,2950,0.643577099,0.0734341670,4,2.57430840,0.00844291600
3,252,315,11681188,13210725,41.1889343,2950,0.643577099,0.0734341670,5,3.21788549,0.00140129700
3,252,315,11681188,13210725,41.1889343,2950,0.643577099,0.0734341670,6,3.86146259,0.00102924100
3,252,315,11681188,13210725,41.1889343,2950,0.643577099,0.0734341670,7,4.50503969,0.000786768000
3,252,315,11681188,13210725,41.1889343,2950,0.643577099,0.0734341670,8,5.14861679,0.000493150000
3,252,315,11681188,13210725,41.1889343,2950,0.643577099,0.0734341670,9,5.79219389,0.000315773000
3,252,315,11681188,13210725,41.1889343,2950,0.643577099,0.0734341670,10,6.43577099,0.000242214000
3,252,315,11681188,13210725,41.1889343,2950,0.643577099,0.0734341670,11,7.07934809,0.000885026000
3,252,315,11681188,13210725,41.1889343,2950,0.643577099,0.0734341670,12,7.72292519,0.000792855000
3,252,315,11681188,13210725,41.1889343,2950,0.643577099,0.0734341670,13,8.36650276,0.000227677000
3,252,315,11681188,13210725,41.1889343,2950,0.643577099,0.0734341670,14,9.01007938,0.000301077000
3,252,315,11681188,13210725,41.1889343,2950,0.643577099,0.0734341670,15,9.65365601,0.000225709000
3,252,315,11681188,13210725,41.1889343,2950,0.643577099,0.0734341670,16,10.2972336,0.000171110000
3,252,315,11681188,13210725,41.1889343,2950,0.643577099,0.0734341670,17,10.9408112,0.000273103000
3,252,315,11681188,13210725,41.1889343,2950,0.643577099,0.0734341670,18,11.5843878,9.72113325e-05
3,252,315,11681188,13210725,41.1889343,2950,0.643577099,0.0734341670,19,12.2279644,0.000233892000
3,252,315,11681188,13210725,41.1889343,2950,0.643577099,0.0734341670,20,12.8715420,0.000122753000
3,252,315,11681188,13210725,41.1889343,2950,0.643577099,0.0734341670,21,13.5151196,0.000258433000
3,252,315,11681188,13210725,41.1889343,2950,0.643577099,0.0734341670,22,14.1586962,7.53252960e-05
3,252,315,11681188,13210725,41.1889343,2950,0.643577099,0.0734341670,23,14.8022728,0.000216042000
3,252,315,11681188,13210725,41.1889343,2950,0.643577099,0.0734341670,24,15.4458504,0.000129689000
3,252,315,11681188,13210725,41.1889343,2950,0.643577099,0.0734341670,25,16.0894279,0.000146629000
3,252,315,11681188,13210725,41.1889343,2950,0.643577099,0.0734341670,26,16.7330055,0.000209205000
3,252,315,11681188,13210725,41.1889343,2950,0.643577099,0.0734341670,27,17.3765812,0.000145047000
3,252,315,11681188,13210725,41.1889343,2950,0.643577099,0.0734341670,28,18.0201588,0.000131800000
3,252,315,11681188,13210725,41.1889343,2950,0.643577099,0.0734341670,29,18.6637363,0.000231553000
3,252,315,11681188,13210725,41.1889343,2950,0.643577099,0.0734341670,30,19.3073120,7.37456856e-05
3,252,315,11681188,13210725,41.1889343,2950,0.643577099,0.0734341670,31,19.9508896,0.000186747000
3,252,315,11681188,13210725,41.1889343,2950,0.643577099,0.0734341670,32,20.5944672,5.29860764e-05
4,316,379,13235022,14764089,41.2015953,2904,3.21887469,0.00442154400,0,0.00000000,0.000839536000
4,316,379,13235022,14764089,41.2015953,2904,3.21887469,0.00442154400,1,0.643774927,0.00324872200
4,316,379,13235022,14764089,41.2015953,2904,3.21887469,0.00442154400,2,1.28754985,0.00117832100
4,316,379,13235022,14764089,41.2015953,2904,3.21887469,0.00442154400,3,1.93132472,0.00151029100
4,316,379,13235022,14764089,41.2015953,2904,3.21887469,0.00442154400,4,2.57509971,0.00390193000
4,316,379,13235022,14764089,41.2015953,2904,3.21887469,0.00442154400,5,3.21887469,0.00442154400
4,316,379,13235022,14764089,41.2015953,2904,3.21887469,0.00442154400,6,3.86264944,0.00302854100
4,316,379,13235022,14764089,41.2015953,2904,3.21887469,0.00442154400,7,4.50642443,0.00109821400
4,316,379,13235022,14764089,41.2015953,2904,3.21887469,0.00442154400,8,5.15019941,2.70825781e-05
4,316,379,13235022,14764089,41.2015953,2904,3.21887469,0.00442154400,9,5.79397440,0.000308207000
4,316,379,13235022,14764089,41.2015953,2904,3.21887469,0.00442154400,10,6.43774939,0.000436823000
4,316,379,13235022,14764089,41.2015953,2904,3.21887469,0.00442154400,11,7.08152437,0.000256497000
4,316,379,13235022,14764089,41.2015953,2904,3.21887469,0.00442154400,12,7.72529888,9.70155365e-05
4,316,379,13235022,14764089,41.2015953,2904,3.21887469,0.00442154400,13,8.36907387,8.14821748e-05
4,316,379,13235022,14764089,41.2015953,2904,3.21887469,0.00442154400,14,9.01284885,0.000155802000
4,316,379,13235022,14764089,41.2015953,2904,3.21887469,0.00442154400,15,9.65662384,0.000145646000
4,316,379,13235022,14764089,41.2015953,2904,3.21887469,0.00442154400,16,10.3003988,7.49289455e-05
4,316,379,13235022,14764089,41.2015953,2904,3.21887469,0.00442154400,17,10.9441738,0.000178314000
4,316,379,13235022,14764089,41.2015953,2904,3.21887469,0.00442154400,18,11.5879488,0.000337837000
4,316,379,13235022,14764089,41.2015953,2904,3.21887469,0.00442154400,19,12.2317238,0.000311909000
4,316,379,13235022,14764089,41.2015953,2904,3.21887469,0.00442154400,20,12.8754988,0.000156735000
4,316,379,13235022,14764089,41.2015953,2904,3.21887469,0.00442154400,21,13.5192738,0.000105954000
4,316,379,13235022,14764089,41.2015953,2904,3.21887469,0.00442154400,22,14.1630487,5.72548734e-05
4,316,379,13235022,14764089,41.2015953,2904,3.21887469,0.00442154400,23,14.8068237,9.67556753e-06
4,316,379,13235022,14764089,41.2015953,2904,3.21887469,0.00442154400,24,15.4505978,2.42852017e-05
4,316,379,13235022,14764089,41.2015953,2904,3.21887469,0.00442154400,25,16.0943737,1.14619496e-05
4,316,379,13235022,14764089,41.2015953,2904,3.21887469,0.00442154400,26,16.7381477,1.99432861e-06
4,316,379,13235022,14764089,41.2015953,2904,3.21887469,0.00442154400,27,17.3819237,6.93783721e-05
4,316,379,13235022,14764089,41.2015953,2904,3.21887469,0.00442154400,28,18.0256977,7.59911552e-05
4,316,379,13235022,14764089,41.2015953,2904,3.21887469,0.00442154400,29,18.6694736,6.91062150e-05
4,316,379,13235022,14764089,41.2015953,2904,3.21887469,0.00442154400,30,19.3132477,4.81841337e-05
4,316,379,13235022,14764089,41.2015953,2904,3.21887469,0.00442154400,31,19.9570236,6.06980275e-05
4,316,379,13235022,14764089,41.2015953,2904,3.21887469,0.00442154400,32,20.6007977,7.73486590e-06
5,380,443,14788364,16317967,41.1871567,2918,0.643549323,0.0135453460,0,0.00000000,0.00819673900
5,380,443,14788364,16317967,41.1871567,2918,0.643549323,0.0135453460,1,0.643549323,0.0135453460
5,380,443,14788364,16317967,41.1871567,2918,0.643549323,0.0135453460,2,1.28709865,0.00343159800
5,380,443,14788364,16317967,41.1871567,2918,0.643549323,0.0135453460,3,1.93064797,0.00243181600
5,380,443,14788364,16317967,41.1871567,2918,0.643549323,0.0135453460,4,2.57419729,0.00214492600
5,380,443,14788364,16317967,41.1871567,2918,0.643549323,0.0135453460,5,3.21774673,0.00156563700
5,380,443,14788364,16317967,41.1871567,2918,0.643549323,0.0135453460,6,3.86129594,0.00116655100
5,380,443,14788364,16317967,41.1871567,2918,0.643549323,0.0135453460,7,4.50484514,0.000666211000
5,380,443,14788364,16317967,41.1871567,2918,0.643549323,0.0135453460,8,5.14839458,0.000489539000
5,380,443,14788364,16317967,41.1871567,2918,0.643549323,0.0135453460,9,5.79194403,0.000647663000
5,380,443,14788364,16317967,41.1871567,2918,0.643549323,0.0135453460,10,6.43549347,0.000661088000
5,380,443,14788364,16317967,41.1871567,2918,0.643549323,0.0135453460,11,7.07904243,0.000776120000
5,380,443,14788364,16317967,41.1871567,2918,0.643549323,0.0135453460,12,7.72259188,0.000520244000
5,380,443,14788364,16317967,41.1871567,2918,0.643549323,0.0135453460,13,8.36614132,0.000525370000
5,380,443,14788364,16317967,41.1871567,2918,0.643549323,0.0135453460,14,9.00969028,0.000395281000
5,380,443,14788364,16317967,41.1871567,2918,0.643549323,0.0135453460,15,9.65324020,0.000318653000
5,380,443,14788364,16317967,41.1871567,2918,0.643549323,0.0135453460,16,10.2967892,0.000408207000
5,380,443,14788364,16317967,41.1871567,2918,0.643549323,0.0135453460,17,10.9403381,0.000348856000
5,380,443,14788364,16317967,41.1871567,2918,0.643549323,0.0135453460,18,11.5838881,0.000326703000
5,380,443,14788364,16317967,41.1871567,2918,0.643549323,0.0135453460,19,12.2274370,0.000337340000
5,380,443,14788364,16317967,41.1871567,2918,0.643549323,0.0135453460,20,12.8709869,0.000337893000
5,380,443,14788364,16317967,41.1871567,2918,0.643549323,0.0135453460,21,13.5145359,0.000328700000
5,380,443,14788364,16317967,41.1871567,2918,0.643549323,0.0135453460,22,14.1580849,0.000315875000
5,380,443,14788364,16317967,41.1871567,2918,0.643549323,0.0135453460,23,14.8016348,0.000292261000
5,380,443,14788364,16317967,41.1871567,2918,0.643549323,0.0135453460,24,15.4451838,0.000287360000
5,380,443,14788364,16317967,41.1871567,2918,0.643549323,0.0135453460,25,16.0887337,0.000310944000
5,380,443,14788364,16317967,41.1871567,2918,0.643549323,0.0135453460,26,16.7322826,0.000314396000
5,380,443,14788364,16317967,41.1871567,2918,0.643549323,0.0135453460,27,17.3758316,0.000282775000
5,380,443,14788364,16317967,41.1871567,2918,0.643549323,0.0135453460,28,18.0193806,0.000239585000
5,380,443,14788364,16317967,41.1871567,2918,0.643549323,0.0135453460,29,18.6629295,0.000268798000
5,380,443,14788364,16317967,41.1871567,2918,0.643549323,0.0135453460,30,19.3064804,0.000283511000
5,380,443,14788364,16317967,41.1871567,2918,0.643549323,0.0135453460,31,19.9500294,0.000285557000
5,380,443,14788364,16317967,41.1871567,2918,0.643549323,0.0135453460,32,20.5935783,0.000129438000
6,444,507,16342251,17871860,41.1869965,2962,0.643546820,0.0779980790,0,0.00000000,0.0176498010
6,444,507,16342251,17871860,41.1869965,2962,0.643546820,0.0779980790,1,0.643546820,0.0779980790
6,444,507,16342251,17871860,41.1869965,2962,0.643546820,0.0779980790,2,1.28709364,0.0617151970
6,444,507,16342251,17871860,41.1869965,2962,0.643546820,0.0779980790,3,1.93064046,0.0233286270
6,444,507,16342251,17871860,41.1869965,2962,0.643546820,0.0779980790,4,2.57418728,0.00857750500
6,444,507,16342251,17871860,41.1869965,2962,0.643546820,0.0779980790,5,3.21773410,0.00500095900
6,444,507,16342251,17871860,41.1869965,2962,0.643546820,0.0779980790,6,3.86128092,0.00309200800
6,444,507,16342251,17871860,41.1869965,2962,0.643546820,0.0779980790,7,4.50482750,0.00233421700
6,444,507,16342251,17871860,41.1869965,2962,0.643546820,0.0779980790,8,5.14837456,0.000197735000
6,444,507,16342251,17871860,41.1869965,2962,0.643546820,0.0779980790,9,5.79192162,0.000508068000
6,444,507,16342251,17871860,41.1869965,2962,0.643546820,0.0779980790,10,6.43546820,0.000501163000
6,444,507,16342251,17871860,41.1869965,2962,0.643546820,0.0779980790,11,7.07901478,0.00143404600
6,444,507,16342251,17871860,41.1869965,2962,0.643546820,0.0779980790,12,7.72256184,0.000423463000
6,444,507,16342251,17871860,41.1869965,2962,0.643546820,0.0779980790,13,8.36610889,0.000691661000
6,444,507,16342251,17871860,41.1869965,2962,0.643546820,0.0779980790,14,9.00965500,0.000217760000
6,444,507,16342251,17871860,41.1869965,2962,0.643546820,0.0779980790,15,9.65320206,0.000347065000
6,444,507,16342251,17871860,41.1869965,2962,0.643546820,0.0779980790,16,10.2967491,0.000395084000
6,444,507,16342251,17871860,41.1869965,2962,0.643546820,0.0779980790,17,10.9402962,0.000461243000
6,444,507,16342251,17871860,41.1869965,2962,0.643546820,0.0779980790,18,11.5838432,0.000227101000
6,444,507,16342251,17871860,41.1869965,2962,0.643546820,0.0779980790,19,12.2273893,0.000311416000
6,444,507,16342251,17871860,41.1869965,2962,0.643546820,0.0779980790,20,12.8709364,0.000395944000
6,444,507,16342251,17871860,41.1869965,2962,0.643546820,0.0779980790,21,13.5144835,6.44870224e-05
6,444,507,16342251,17871860,41.1869965,2962,0.643546820,0.0779980790,22,14.1580296,0.000472793000
6,444,507,16342251,17871860,41.1869965,2962,0.643546820,0.0779980790,23,14.8015766,0.000255730000
6,444,507,16342251,17871860,41.1869965,2962,0.643546820,0.0779980790,24,15.4451237,0.000256482000
6,444,507,16342251,17871860,41.1869965,2962,0.643546820,0.0779980790,25,16.0886707,0.000249394000
6,444,507,16342251,17871860,41.1869965,2962,0.643546820,0.0779980790,26,16.7322178,0.000355625000
6,444,507,16342251,17871860,41.1869965,2962,0.643546820,0.0779980790,27,17.3757648,0.000214248000
6,444,507,16342251,17871860,41.1869965,2962,0.643546820,0.0779980790,28,18.0193100,0.000278369000
6,444,507,16342251,17871860,41.1869965,2962,0.643546820,0.0779980790,29,18.6628571,0.000188059000
6,444,507,16342251,17871860,41.1869965,2962,0.643546820,0.0779980790,30,19.3064041,0.000290570000
6,444,507,16342251,17871860,41.1869965,2962,0.643546820,0.0779980790,31,19.9499512,0.000251046000
6,444,507,16342251,17871860,41.1869965,2962,0.643546820,0.0779980790,32,20.5934982,0.000122325000
7,508,571,17896155,19425221,41.2016220,2929,0.643775344,0.00188889900,0,0.00000000,0.000579912000
7,508,571,17896155,19425221,41.2016220,2929,0.643775344,0.00188889900,1,0.643775344,0.00188889900
7,508,571,17896155,19425221,41.2016220,2929,0.643775344,0.00188889900,2,1.28755069,0.000277342000
7,508,571,17896155,19425221,41.2016220,2929,0.643775344,0.00188889900,3,1.93132603,0.000360437000
7,508,571,17896155,19425221,41.2016220,2929,0.643775344,0.00188889900,4,2.57510138,0.00145503800
7,508,571,17896155,19425221,41.2016220,2929,0.643775344,0.00188889900,5,3.21887684,0.00155626100
7,508,571,17896155,19425221,41.2016220,2929,0.643775344,0.00188889900,6,3.86265206,0.000431315000
7,508,571,17896155,19425221,41.2016220,2929,0.643775344,0.00188889900,7,4.50642729,0.000261158000
7,508,571,17896155,19425221,41.2016220,2929,0.643775344,0.00188889900,8,5.15020275,0.000207078000
7,508,571,17896155,19425221,41.2016220,2929,0.643775344,0.00188889900,9,5.79397821,8.02278362e-05
7,508,571,17896155,19425221,41.2016220,2929,0.643775344,0.00188889900,10,6.43775368,0.000396152000
7,508,571,17896155,19425221,41.2016220,2929,0.643775344,0.00188889900,11,7.08152866,0.000120908000
7,508,571,17896155,19425221,41.2016220,2929,0.643775344,0.00188889900,12,7.72530413,0.000536218000
7,508,571,17896155,19425221,41.2016220,2929,0.643775344,0.00188889900,13,8.36907959,0.000628626000
7,508,571,17896155,19425221,41.2016220,2929,0.643775344,0.00188889900,14,9.01285458,0.000248003000
7,508,571,17896155,19425221,41.2016220,2929,0.643775344,0.00188889900,15,9.65663052,9.34425320e-05
7,508,571,17896155,19425221,41.2016220,2929,0.643775344,0.00188889900,16,10.3004055,4.13471892e-05
7,508,571,17896155,19425221,41.2016220,2929,0.643775344,0.00188889900,17,10.9441805,5.70639851e-05
7,508,571,17896155,19425221,41.2016220,2929,0.643775344,0.00188889900,18,11.5879564,0.000103122000
7,508,571,17896155,19425221,41.2016220,2929,0.643775344,0.00188889900,19,12.2317314,1.82293477e-05
7,508,571,17896155,19425221,41.2016220,2929,0.643775344,0.00188889900,20,12.8755074,7.14469341e-05
7,508,571,17896155,19425221,41.2016220,2929,0.643775344,0.00188889900,21,13.5192823,9.80981990e-05
7,508,571,17896155,19425221,41.2016220,2929,0.643775344,0.00188889900,22,14.1630573,1.09033534e-05
7,508,571,17896155,19425221,41.2016220,2929,0.643775344,0.00188889900,23,14.8068333,3.78263570e-05
7,508,571,17896155,19425221,41.2016220,2929,0.643775344,0.00188889900,24,15.4506083,1.21717110e-05
7,508,571,17896155,19425221,41.2016220,2929,0.643775344,0.00188889900,25,16.0943832,2.85614656e-05
7,508,571,17896155,19425221,41.2016220,2929,0.643775344,0.00188889900,26,16.7381592,1.51278043e-05
7,508,571,17896155,19425221,41.2016220,2929,0.643775344,0.00188889900,27,17.3819351,5.09400736e-05
7,508,571,17896155,19425221,41.2016220,2929,0.643775344,0.00188889900,28,18.0257092,2.99777926e-05
7,508,571,17896155,19425221,41.2016220,2929,0.643775344,0.00188889900,29,18.6694851,4.23486193e-05
7,508,571,17896155,19425221,41.2016220,2929,0.643775344,0.00188889900,30,19.3132610,4.11524883e-05
7,508,571,17896155,19425221,41.2016220,2929,0.643775344,0.00188889900,31,19.9570351,1.82634046e-05
7,508,571,17896155,19425221,41.2016220,2929,0.643775344,0.00188889900,32,20.6008110,1.04769959e-05
8,572,635,19449512,20979225,41.1841965,2948,0.643503070,0.00604756900,0,0.00000000,0.00402556500
8,572,635,19449512,20979225,41.1841965,2948,0.643503070,0.00604756900,1,0.643503070,0.00604756900
8,572,635,19449512,20979225,41.1841965,2948,0.643503070,0.00604756900,2,1.28700614,0.00142952400
8,572,635,19449512,20979225,41.1841965,2948,0.643503070,0.00604756900,3,1.93050921,0.00136520300
8,572,635,19449512,20979225,41.1841965,2948,0.643503070,0.00604756900,4,2.57401228,0.00119015600
8,572,635,19449512,20979225,41.1841965,2948,0.643503070,0.00604756900,5,3.21751547,0.00099841500
8,572,635,19449512,20979225,41.1841965,2948,0.643503070,0.00604756900,6,3.86101842,0.000864565000
8,572,635,19449512,20979225,41.1841965,2948,0.643503070,0.00604756900,7,4.50452137,0.000757670000
8,572,635,19449512,20979225,41.1841965,2948,0.643503070,0.00604756900,8,5.14802456,0.000594595000
8,572,635,19449512,20979225,41.1841965,2948,0.643503070,0.00604756900,9,5.79152775,0.000530679000
8,572,635,19449512,20979225,41.1841965,2948,0.643503070,0.00604756900,10,6.43503094,0.000539041000
8,572,635,19449512,20979225,41.1841965,2948,0.643503070,0.00604756900,11,7.07853365,0.000456014000
8,572,635,19449512,20979225,41.1841965,2948,0.643503070,0.00604756900,12,7.72203684,0.000390192000
8,572,635,19449512,20979225,41.1841965,2948,0.643503070,0.00604756900,13,8.36553955,0.000301731000
8,572,635,19449512,20979225,41.1841965,2948,0.643503070,0.00604756900,14,9.00904274,0.000339494000
8,572,635,19449512,20979225,41.1841965,2948,0.643503070,0.00604756900,15,9.65254593,0.000336063000
8,572,635,19449512,20979225,41.1841965,2948,0.643503070,0.00604756900,16,10.2960491,0.000329647000
8,572,635,19449512,20979225,41.1841965,2948,0.643503070,0.00604756900,17,10.9395523,0.000318571000
8,572,635,19449512,20979225,41.1841965,2948,0.643503070,0.00604756900,18,11.5830555,0.000306140000
8,572,635,19449512,20979225,41.1841965,2948,0.643503070,0.00604756900,19,12.2265587,0.000300907000
8,572,635,19449512,20979225,41.1841965,2948,0.643503070,0.00604756900,20,12.8700619,0.000297993000
8,572,635,19449512,20979225,41.1841965,2948,0.643503070,0.00604756900,21,13.5135641,0.000267677000
8,572,635,19449512,20979225,41.1841965,2948,0.643503070,0.00604756900,22,14.1570673,0.000253761000
8,572,635,19449512,20979225,41.1841965,2948,0.643503070,0.00604756900,23,14.8005705,0.000256843000
8,572,635,19449512,20979225,41.1841965,2948,0.643503070,0.00604756900,24,15.4440737,0.000251510000
8,572,635,19449512,20979225,41.1841965,2948,0.643503070,0.00604756900,25,16.0875759,0.000258782000
8,572,635,19449512,20979225,41.1841965,2948,0.643503070,0.00604756900,26,16.7310791,0.000244221000
8,572,635,19449512,20979225,41.1841965,2948,0.643503070,0.00604756900,27,17.3745823,0.000244036000
8,572,635,19449512,20979225,41.1841965,2948,0.643503070,0.00604756900,28,18.0180855,0.000243496000
8,572,635,19449512,20979225,41.1841965,2948,0.643503070,0.00604756900,29,18.6615887,0.000233046000
8,572,635,19449512,20979225,41.1841965,2948,0.643503070,0.00604756900,30,19.3050919,0.000236203000
8,572,635,19449512,20979225,41.1841965,2948,0.643503070,0.00604756900,31,19.9485950,0.000223234000
8,572,635,19449512,20979225,41.1841965,2948,0.643503070,0.00604756900,32,20.5920982,0.000116912000
9,636,699,21003526,22533007,41.1904411,2951,0.643600643,0.0931754340,0,0.00000000,0.0300180860
9,636,699,21003526,22533007,41.1904411,2951,0.643600643,0.0931754340,1,0.643600643,0.0931754340
9,636,699,21003526,22533007,41.1904411,2951,0.643600643,0.0931754340,2,1.28720129,0.0709189400
9,636,699,21003526,22533007,41.1904411,2951,0.643600643,0.0931754340,3,1.93080187,0.0165417030
9,636,699,21003526,22533007,41.1904411,2951,0.643600643,0.0931754340,4,2.57440257,0.00575223100
9,636,699,21003526,22533007,41.1904411,2951,0.643600643,0.0931754340,5,3.21800327,0.00629666200
9,636,699,21003526,22533007,41.1904411,2951,0.643600643,0.0931754340,6,3.86160374,0.00610496000
9,636,699,21003526,22533007,41.1904411,2951,0.643600643,0.0931754340,7,4.50520468,0.00154009100
9,636,699,21003526,22533007,41.1904411,2951,0.643600643,0.0931754340,8,5.14880514,0.000548196000
9,636,699,21003526,22533007,41.1904411,2951,0.643600643,0.0931754340,9,5.79240561,0.00129832400
9,636,699,21003526,22533007,41.1904411,2951,0.643600643,0.0931754340,10,6.43600655,0.000721838000
9,636,699,21003526,22533007,41.1904411,2951,0.643600643,0.0931754340,11,7.07960701,0.00114064800
9,636,699,21003526,22533007,41.1904411,2951,0.643600643,0.0931754340,12,7.72320747,0.00139144400
9,636,699,21003526,22533007,41.1904411,2951,0.643600643,0.0931754340,13,8.36680794,0.000886918000
9,636,699,21003526,22533007,41.1904411,2951,0.643600643,0.0931754340,14,9.01040936,0.000154059000
9,636,699,21003526,22533007,41.1904411,2951,0.643600643,0.0931754340,15,9.65400982,0.000365783000
9,636,699,21003526,22533007,41.1904411,2951,0.643600643,0.0931754340,16,10.2976103,0.000313028000
9,636,699,21003526,22533007,41.1904411,2951,0.643600643,0.0931754340,17,10.9412107,0.000209587000
9,636,699,21003526,22533007,41.1904411,2951,0.643600643,0.0931754340,18,11.5848112,0.000220589000
9,636,699,21003526,22533007,41.1904411,2951,0.643600643,0.0931754340,19,12.2284126,0.000336472000
9,636,699,21003526,22533007,41.1904411,2951,0.643600643,0.0931754340,20,12.8720131,0.000199727000
9,636,699,21003526,22533007,41.1904411,2951,0.643600643,0.0931754340,21,13.5156136,0.000353870000
9,636,699,21003526,22533007,41.1904411,2951,0.643600643,0.0931754340,22,14.1592140,0.000215585000
9,636,699,21003526,22533007,41.1904411,2951,0.643600643,0.0931754340,23,14.8028145,0.000226375000
9,636,699,21003526,22533007,41.1904411,2951,0.643600643,0.0931754340,24,15.4464149,0.000213353000
9,636,699,21003526,22533007,41.1904411,2951,0.643600643,0.0931754340,25,16.0900154,0.000220494000
9,636,699,21003526,22533007,41.1904411,2951,0.643600643,0.0931754340,26,16.7336159,0.000213883000
9,636,699,21003526,22533007,41.1904411,2951,0.643600643,0.0931754340,27,17.3772182,9.81921243e-05
9,636,699,21003526,22533007,41.1904411,2951,0.643600643,0.0931754340,28,18.0208187,0.000306094000
9,636,699,21003526,22533007,41.1904411,2951,0.643600643,0.0931754340,29,18.6644192,0.000177610000
9,636,699,21003526,22533007,41.1904411,2951,0.643600643,0.0931754340,30,19.3080196,0.000209056000
9,636,699,21003526,22533007,41.1904411,2951,0.643600643,0.0931754340,31,19.9516201,0.000177471000
9,636,699,21003526,22533007,41.1904411,2951,0.643600643,0.0931754340,32,20.5952206,9.44829649e-05
10,700,763,22557380,24086419,41.2023506,2917,0.643786728,0.00400331400,0,0.00000000,0.00229678600
10,700,763,22557380,24086419,41.2023506,2917,0.643786728,0.00400331400,1,0.643786728,0.00400331400
10,700,763,22557380,24086419,41.2023506,2917,0.643786728,0.00400331400,2,1.28757346,0.00120024700
10,700,763,22557380,24086419,41.2023506,2917,0.643786728,0.00400331400,3,1.93136024,0.00113208500
10,700,763,22557380,24086419,41.2023506,2917,0.643786728,0.00400331400,4,2.57514691,0.000742071000
10,700,763,22557380,24086419,41.2023506,2917,0.643786728,0.00400331400,5,3.21893358,0.000320010000
10,700,763,22557380,24086419,41.2023506,2917,0.643786728,0.00400331400,6,3.86272049,0.000341724000
10,700,763,22557380,24086419,41.2023506,2917,0.643786728,0.00400331400,7,4.50650692,0.000175667000
10,700,763,22557380,24086419,41.2023506,2917,0.643786728,0.00400331400,8,5.15029383,0.000138709000
10,700,763,22557380,24086419,41.2023506,2917,0.643786728,0.00400331400,9,5.79408073,4.31169277e-05
10,700,763,22557380,24086419,41.2023506,2917,0.643786728,0.00400331400,10,6.43786716,0.000175006000
10,700,763,22557380,24086419,41.2023506,2917,0.643786728,0.00400331400,11,7.08165407,5.70530638e-05
10,700,763,22557380,24086419,41.2023506,2917,0.643786728,0.00400331400,12,7.72544098,0.000124196000
10,700,763,22557380,24086419,41.2023506,2917,0.643786728,0.00400331400,13,8.36922741,0.000219392000
10,700,763,22557380,24086419,41.2023506,2917,0.643786728,0.00400331400,14,9.01301384,0.000120436000
10,700,763,22557380,24086419,41.2023506,2917,0.643786728,0.00400331400,15,9.65680122,4.56027112e-05
10,700,763,22557380,24086419,41.2023506,2917,0.643786728,0.00400331400,16,10.3005877,6.30288769e-05
10,700,763,22557380,24086419,41.2023506,2917,0.643786728,0.00400331400,17,10.9443741,3.23234703e-05
10,700,763,22557380,24086419,41.2023506,2917,0.643786728,0.00400331400,18,11.5881615,9.69583256e-05
10,700,763,22557380,24086419,41.2023506,2917,0.643786728,0.00400331400,19,12.2319479,0.000119738000
10,700,763,22557380,24086419,41.2023506,2917,0.643786728,0.00400331400,20,12.8757343,5.42117188e-05
10,700,763,22557380,24086419,41.2023506,2917,0.643786728,0.00400331400,21,13.5195217,8.44057128e-05
10,700,763,22557380,24086419,41.2023506,2917,0.643786728,0.00400331400,22,14.1633081,7.83258135e-05
10,700,763,22557380,24086419,41.2023506,2917,0.643786728,0.00400331400,23,14.8070946,2.92912951e-05
10,700,763,22557380,24086419,41.2023506,2917,0.643786728,0.00400331400,24,15.4508820,3.05973658e-05
10,700,763,22557380,24086419,41.2023506,2917,0.643786728,0.00400331400,25,16.0946674,4.02616528e-05
10,700,763,22557380,24086419,41.2023506,2917,0.643786728,0.00400331400,26,16.7384548,4.86197089e-05
10,700,763,22557380,24086419,41.2023506,2917,0.643786728,0.00400331400,27,17.3822422,6.60336727e-05
10,700,763,22557380,24086419,41.2023506,2917,0.643786728,0.00400331400,28,18.0260277,7.99176475e-05
10,700,763,22557380,24086419,41.2023506,2917,0.643786728,0.00400331400,29,18.6698151,5.33617487e-05
10,700,763,22557380,24086419,41.2023506,2917,0.643786728,0.00400331400,30,19.3136024,3.43048409e-05
10,700,763,22557380,24086419,41.2023506,2917,0.643786728,0.00400331400,31,19.9573879,4.46149818e-05
10,700,763,22557380,24086419,41.2023506,2917,0.643786728,0.00400331400,32,20.6011753,1.58084492e-05
11,764,827,24110690,25640174,41.1903610,2928,0.643599391,0.0331337230,0,0.00000000,0.00629787600
11,764,827,24110690,25640174,41.1903610,2928,0.643599391,0.0331337230,1,0.643599391,0.0331337230
11,764,827,24110690,25640174,41.1903610,2928,0.643599391,0.0331337230,2,1.28719878,0.0190442390
11,764,827,24110690,25640174,41.1903610,2928,0.643599391,0.0331337230,3,1.93079817,0.0113550360
11,764,827,24110690,25640174,41.1903610,2928,0.643599391,0.0331337230,4,2.57439756,0.00505176600
11,764,827,24110690,25640174,41.1903610,2928,0.643599391,0.0331337230,5,3.21799707,0.00097924900
11,764,827,24110690,25640174,41.1903610,2928,0.643599391,0.0331337230,6,3.86159635,0.000758539000
11,764,827,24110690,25640174,41.1903610,2928,0.643599391,0.0331337230,7,4.50519562,0.000720252000
11,764,827,24110690,25640174,41.1903610,2928,0.643599391,0.0331337230,8,5.14879513,0.000200794000
11,764,827,24110690,25640174,41.1903610,2928,0.643599391,0.0331337230,9,5.79239464,0.000493929000
11,764,827,24110690,25640174,41.1903610,2928,0.643599391,0.0331337230,10,6.43599415,0.000178241000
11,764,827,24110690,25640174,41.1903610,2928,0.643599391,0.0331337230,11,7.07959318,0.000324914000
11,764,827,24110690,25640174,41.1903610,2928,0.643599391,0.0331337230,12,7.72319269,0.000524508000
11,764,827,24110690,25640174,41.1903610,2928,0.643599391,0.0331337230,13,8.36679173,0.000242920000
11,764,827,24110690,25640174,41.1903610,2928,0.643599391,0.0331337230,14,9.01039124,0.000266465000
11,764,827,24110690,25640174,41.1903610,2928,0.643599391,0.0331337230,15,9.65399075,0.000313412000
11,764,827,24110690,25640174,41.1903610,2928,0.643599391,0.0331337230,16,10.2975903,0.000218909000
11,764,827,24110690,25640174,41.1903610,2928,0.643599391,0.0331337230,17,10.9411898,0.000185837000
11,764,827,24110690,25640174,41.1903610,2928,0.643599391,0.0331337230,18,11.5847893,0.000304440000
11,764,827,24110690,25640174,41.1903610,2928,0.643599391,0.0331337230,19,12.2283888,0.000217217000
11,764,827,24110690,25640174,41.1903610,2928,0.643599391,0.0331337230,20,12.8719883,0.000146439000
11,764,827,24110690,25640174,41.1903610,2928,0.643599391,0.0331337230,21,13.5155869,0.000213498000
11,764,827,24110690,25640174,41.1903610,2928,0.643599391,0.0331337230,22,14.1591864,0.000149121000
11,764,827,24110690,25640174,41.1903610,2928,0.643599391,0.0331337230,23,14.8027859,0.000168542000
11,764,827,24110690,25640174,41.1903610,2928,0.643599391,0.0331337230,24,15.4463854,0.000183834000
11,764,827,24110690,25640174,41.1903610,2928,0.643599391,0.0331337230,25,16.0899849,0.000149258000
11,764,827,24110690,25640174,41.1903610,2928,0.643599391,0.0331337230,26,16.7335835,0.000163999000
11,764,827,24110690,25640174,41.1903610,2928,0.643599391,0.0331337230,27,17.3771839,0.000172847000
11,764,827,24110690,25640174,41.1903610,2928,0.643599391,0.0331337230,28,18.0207825,0.000143595000
11,764,827,24110690,25640174,41.1903610,2928,0.643599391,0.0331337230,29,18.6643829,0.000178742000
11,764,827,24110690,25640174,41.1903610,2928,0.643599391,0.0331337230,30,19.3079815,0.000173390000
11,764,827,24110690,25640174,41.1903610,2928,0.643599391,0.0331337230,31,19.9515820,0.000130488000
11,764,827,24110690,25640174,41.1903610,2928,0.643599391,0.0331337230,32,20.5951805,7.72011179e-05
12,828,891,25664446,27193517,41.2014885,2937,0.643773258,0.0721388160,0,0.00000000,0.0263029990
12,828,891,25664446,27193517,41.2014885,2937,0.643773258,0.0721388160,1,0.643773258,0.0721388160
12,828,891,25664446,27193517,41.2014885,2937,0.643773258,0.0721388160,2,1.28754652,0.0412277990
12,828,891,25664446,27193517,41.2014885,2937,0.643773258,0.0721388160,3,1.93131971,0.0140964460
12,828,891,25664446,27193517,41.2014885,2937,0.643773258,0.0721388160,4,2.57509303,0.00151803200
12,828,891,25664446,27193517,41.2014885,2937,0.643773258,0.0721388160,5,3.21886635,0.00196232100
12,828,891,25664446,27193517,41.2014885,2937,0.643773258,0.0721388160,6,3.86263943,0.00267201100
12,828,891,25664446,27193517,41.2014885,2937,0.643773258,0.0721388160,7,4.50641298,0.000461755000
12,828,891,25664446,27193517,41.2014885,2937,0.643773258,0.0721388160,8,5.15018606,0.000468643000
12,828,891,25664446,27193517,41.2014885,2937,0.643773258,0.0721388160,9,5.79395914,0.000545392000
12,828,891,25664446,27193517,41.2014885,2937,0.643773258,0.0721388160,10,6.43773270,0.000634108000
12,828,891,25664446,27193517,41.2014885,2937,0.643773258,0.0721388160,11,7.08150578,0.000439929000
12,828,891,25664446,27193517,41.2014885,2937,0.643773258,0.0721388160,12,7.72527885,0.000711533000
12,828,891,25664446,27193517,41.2014885,2937,0.643773258,0.0721388160,13,8.36905193,0.000401218000
12,828,891,25664446,27193517,41.2014885,2937,0.643773258,0.0721388160,14,9.01282597,0.000391515000
12,828,891,25664446,27193517,41.2014885,2937,0.643773258,0.0721388160,15,9.65659904,0.000281428000
12,828,891,25664446,27193517,41.2014885,2937,0.643773258,0.0721388160,16,10.3003721,0.000183832000
12,828,891,25664446,27193517,41.2014885,2937,0.643773258,0.0721388160,17,10.9441452,0.000193818000
12,828,891,25664446,27193517,41.2014885,2937,0.643773258,0.0721388160,18,11.5879183,0.000266101000
12,828,891,25664446,27193517,41.2014885,2937,0.643773258,0.0721388160,19,12.2316923,0.000122552000
12,828,891,25664446,27193517,41.2014885,2937,0.643773258,0.0721388160,20,12.8754654,0.000239455000
12,828,891,25664446,27193517,41.2014885,2937,0.643773258,0.0721388160,21,13.5192385,0.000202993000
12,828,891,25664446,27193517,41.2014885,2937,0.643773258,0.0721388160,22,14.1630116,0.000124240000
12,828,891,25664446,27193517,41.2014885,2937,0.643773258,0.0721388160,23,14.8067846,0.000189546000
12,828,891,25664446,27193517,41.2014885,2937,0.643773258,0.0721388160,24,15.4505577,0.000145067000
12,828,891,25664446,27193517,41.2014885,2937,0.643773258,0.0721388160,25,16.0943317,0.000157930000
12,828,891,25664446,27193517,41.2014885,2937,0.643773258,0.0721388160,26,16.7381039,0.000177891000
12,828,891,25664446,27193517,41.2014885,2937,0.643773258,0.0721388160,27,17.3818779,0.000113385000
12,828,891,25664446,27193517,41.2014885,2937,0.643773258,0.0721388160,28,18.0256519,0.000146350000
12,828,891,25664446,27193517,41.2014885,2937,0.643773258,0.0721388160,29,18.6694241,0.000204067000
12,828,891,25664446,27193517,41.2014885,2937,0.643773258,0.0721388160,30,19.3131981,0.000117754000
12,828,891,25664446,27193517,41.2014885,2937,0.643773258,0.0721388160,31,19.9569702,0.000118886000
12,828,891,25664446,27193517,41.2014885,2937,0.643773258,0.0721388160,32,20.6007442,8.78827619e-05
13,892,955,27217809,28747363,41.1884766,2954,1.28713989,0.000580028000,0,0.00000000,8.45256278e-05
13,892,955,27217809,28747363,41.1884766,2954,1.28713989,0.000580028000,1,0.643569946,0.000252299000
13,892,955,27217809,28747363,41.1884766,2954,1.28713989,0.000580028000,2,1.28713989,0.000580028000
13,892,955,27217809,28747363,41.1884766,2954,1.28713989,0.000580028000,3,1.93070984,0.000211452000
13,892,955,27217809,28747363,41.1884766,2954,1.28713989,0.000580028000,4,2.57427979,0.000396271000
13,892,955,27217809,28747363,41.1884766,2954,1.28713989,0.000580028000,5,3.21784973,0.000557220000
13,892,955,27217809,28747363,41.1884766,2954,1.28713989,0.000580028000,6,3.86141968,0.000253352000
13,892,955,27217809,28747363,41.1884766,2954,1.28713989,0.000580028000,7,4.50498962,4.33620947e-05
13,892,955,27217809,28747363,41.1884766,2954,1.28713989,0.000580028000,8,5.14855957,3.75232261e-05
13,892,955,27217809,28747363,41.1884766,2954,1.28713989,0.000580028000,9,5.79212952,7.27345312e-05
13,892,955,27217809,28747363,41.1884766,2954,1.28713989,0.000580028000,10,6.43569946,6.58040071e-05
13,892,955,27217809,28747363,41.1884766,2954,1.28713989,0.000580028000,11,7.07926941,6.23537408e-05
13,892,955,27217809,28747363,41.1884766,2954,1.28713989,0.000580028000,12,7.72283936,5.12532562e-05
13,892,955,27217809,28747363,41.1884766,2954,1.28713989,0.000580028000,13,8.36640930,7.24307236e-05
13,892,955,27217809,28747363,41.1884766,2954,1.28713989,0.000580028000,14,9.00997925,6.71900552e-05
13,892,955,27217809,28747363,41.1884766,2954,1.28713989,0.000580028000,15,9.65354919,2.63775269e-05
13,892,955,27217809,28747363,41.1884766,2954,1.28713989,0.000580028000,16,10.2971191,2.53175218e-05
13,892,955,27217809,28747363,41.1884766,2954,1.28713989,0.000580028000,17,10.9406891,1.42571351e-05
13,892,955,27217809,28747363,41.1884766,2954,1.28713989,0.000580028000,18,11.5842590,2.08637499e-05
13,892,955,27217809,28747363,41.1884766,2954,1.28713989,0.000580028000,19,12.2278290,5.30201214e-06
13,892,955,27217809,28747363,41.1884766,2954,1.28713989,0.000580028000,20,12.8713989,2.23929907e-05
13,892,955,27217809,28747363,41.1884766,2954,1.28713989,0.000580028000,21,13.5149689,6.51440341e-05
13,892,955,27217809,28747363,41.1884766,2954,1.28713989,0.000580028000,22,14.1585388,1.89417330e-05
13,892,955,27217809,28747363,41.1884766,2954,1.28713989,0.000580028000,23,14.8021088,2.82510860e-05
13,892,955,27217809,28747363,41.1884766,2954,1.28713989,0.000580028000,24,15.4456787,1.47265607e-05
13,892,955,27217809,28747363,41.1884766,2954,1.28713989,0.000580028000,25,16.0892487,5.97752842e-06
13,892,955,27217809,28747363,41.1884766,2954,1.28713989,0.000580028000,26,16.7328186,3.40313318e-06
13,892,955,27217809,28747363,41.1884766,2954,1.28713989,0.000580028000,27,17.3763885,6.40039298e-06
13,892,955,27217809,28747363,41.1884766,2954,1.28713989,0.000580028000,28,18.0199585,1.75388047e-05
13,892,955,27217809,28747363,41.1884766,2954,1.28713989,0.000580028000,29,18.6635284,1.13359709e-05
13,892,955,27217809,28747363,41.1884766,2954,1.28713989,0.000580028000,30,19.3070984,1.86642134e-05
13,892,955,27217809,28747363,41.1884766,2954,1.28713989,0.000580028000,31,19.9506683,1.00412497e-05
13,892,955,27217809,28747363,41.1884766,2954,1.28713989,0.000580028000,32,20.5942383,1.78103824e-06
14,956,1019,28771673,30301249,41.1878853,2954,1.28712142,0.119875550,0,0.00000000,0.00422032500
14,956,1019,28771673,30301249,41.1878853,2954,1.28712142,0.119875550,1,0.643560708,0.111781240
14,956,1019,28771673,30301249,41.1878853,2954,1.28712142,0.119875550,2,1.28712142,0.119875550
14,956,1019,28771673,30301249,41.1878853,2954,1.28712142,0.119875550,3,1.93068218,0.0567283850
14,956,1019,28771673,30301249,41.1878853,2954,1.28712142,0.119875550,4,2.57424283,0.0230778750
14,956,1019,28771673,30301249,41.1878853,2954,1.28712142,0.119875550,5,3.21780348,0.00943505800
14,956,1019,28771673,30301249,41.1878853,2954,1.28712142,0.119875550,6,3.86136436,0.00294364500
14,956,1019,28771673,30301249,41.1878853,2954,1.28712142,0.119875550,7,4.50492477,0.00283545300
14,956,1019,28771673,30301249,41.1878853,2954,1.28712142,0.119875550,8,5.14848566,0.000372167000
14,956,1019,28771673,30301249,41.1878853,2954,1.28712142,0.119875550,9,5.79204655,0.000657945000
14,956,1019,28771673,30301249,41.1878853,2954,1.28712142,0.119875550,10,6.43560696,0.000751071000
14,956,1019,28771673,30301249,41.1878853,2954,1.28712142,0.119875550,11,7.07916784,0.000834807000
14,956,1019,28771673,30301249,41.1878853,2954,1.28712142,0.119875550,12,7.72272873,0.000742998000
14,956,1019,28771673,30301249,41.1878853,2954,1.28712142,0.119875550,13,8.36628914,0.000934259000
14,956,1019,28771673,30301249,41.1878853,2954,1.28712142,0.119875550,14,9.00984955,0.000748653000
14,956,1019,28771673,30301249,41.1878853,2954,1.28712142,0.119875550,15,9.65341091,0.000223100000
14,956,1019,28771673,30301249,41.1878853,2954,1.28712142,0.119875550,16,10.2969713,0.000256213000
14,956,1019,28771673,30301249,41.1878853,2954,1.28712142,0.119875550,17,10.9405317,0.000291245000
14,956,1019,28771673,30301249,41.1878853,2954,1.28712142,0.119875550,18,11.5840931,0.000216249000
14,956,1019,28771673,30301249,41.1878853,2954,1.28712142,0.119875550,19,12.2276535,0.000178229000
14,956,1019,28771673,30301249,41.1878853,2954,1.28712142,0.119875550,20,12.8712139,0.000224912000
14,956,1019,28771673,30301249,41.1878853,2954,1.28712142,0.119875550,21,13.5147753,0.000248167000
14,956,1019,28771673,30301249,41.1878853,2954,1.28712142,0.119875550,22,14.1583357,0.000141564000
14,956,1019,28771673,30301249,41.1878853,2954,1.28712142,0.119875550,23,14.8018961,0.000207901000
14,956,1019,28771673,30301249,41.1878853,2954,1.28712142,0.119875550,24,15.4454575,0.000177021000
14,956,1019,28771673,30301249,41.1878853,2954,1.28712142,0.119875550,25,16.0890179,0.000145846000
14,956,1019,28771673,30301249,41.1878853,2954,1.28712142,0.119875550,26,16.7325783,0.000202842000
14,956,1019,28771673,30301249,41.1878853,2954,1.28712142,0.119875550,27,17.3761387,9.82737387e-05
14,956,1019,28771673,30301249,41.1878853,2954,1.28712142,0.119875550,28,18.0196991,0.000287549000
14,956,1019,28771673,30301249,41.1878853,2954,1.28712142,0.119875550,29,18.6632614,8.34416339e-05
14,956,1019,28771673,30301249,41.1878853,2954,1.28712142,0.119875550,30,19.3068218,0.000238246000
14,956,1019,28771673,30301249,41.1878853,2954,1.28712142,0.119875550,31,19.9503822,0.000117250000
14,956,1019,28771673,30301249,41.1878853,2954,1.28712142,0.119875550,32,20.5939426,9.20450316e-05
15,1020,1083,30325537,31854617,41.2012444,2904,0.643769443,0.0130910860,0,0.00000000,0.00530017100
15,1020,1083,30325537,31854617,41.2012444,2904,0.643769443,0.0130910860,1,0.643769443,0.0130910860
15,1020,1083,30325537,31854617,41.2012444,2904,0.643769443,0.0130910860,2,1.28753889,0.00239548000
15,1020,1083,30325537,31854617,41.2012444,2904,0.643769443,0.0130910860,3,1.93130827,0.00134893400
15,1020,1083,30325537,31854617,41.2012444,2904,0.643769443,0.0130910860,4,2.57507777,0.00199064100
15,1020,1083,30325537,31854617,41.2012444,2904,0.643769443,0.0130910860,5,3.21884727,0.000743354000
15,1020,1083,30325537,31854617,41.2012444,2904,0.643769443,0.0130910860,6,3.86261654,0.000579953000
15,1020,1083,30325537,31854617,41.2012444,2904,0.643769443,0.0130910860,7,4.50638628,0.000376449000
15,1020,1083,30325537,31854617,41.2012444,2904,0.643769443,0.0130910860,8,5.15015554,0.000386507000
15,1020,1083,30325537,31854617,41.2012444,2904,0.643769443,0.0130910860,9,5.79392481,0.000349945000
15,1020,1083,30325537,31854617,41.2012444,2904,0.643769443,0.0130910860,10,6.43769455,0.000421309000
15,1020,1083,30325537,31854617,41.2012444,2904,0.643769443,0.0130910860,11,7.08146381,0.000529095000
15,1020,1083,30325537,31854617,41.2012444,2904,0.643769443,0.0130910860,12,7.72523308,0.000165306000
15,1020,1083,30325537,31854617,41.2012444,2904,0.643769443,0.0130910860,13,8.36900234,0.000597407000
15,1020,1083,30325537,31854617,41.2012444,2904,0.643769443,0.0130910860,14,9.01277256,0.000199299000
15,1020,1083,30325537,31854617,41.2012444,2904,0.643769443,0.0130910860,15,9.65654182,0.000307977000
15,1020,1083,30325537,31854617,41.2012444,2904,0.643769443,0.0130910860,16,10.3003111,0.000260470000
15,1020,1083,30325537,31854617,41.2012444,2904,0.643769443,0.0130910860,17,10.9440804,0.000139255000
15,1020,1083,30325537,31854617,41.2012444,2904,0.643769443,0.0130910860,18,11.5878496,0.000235818000
15,1020,1083,30325537,31854617,41.2012444,2904,0.643769443,0.0130910860,19,12.2316198,0.000257086000
15,1020,1083,30325537,31854617,41.2012444,2904,0.643769443,0.0130910860,20,12.8753891,0.000197651000
15,1020,1083,30325537,31854617,41.2012444,2904,0.643769443,0.0130910860,21,13.5191584,0.000168716000
15,1020,1083,30325537,31854617,41.2012444,2904,0.643769443,0.0130910860,22,14.1629276,0.000181008000
15,1020,1083,30325537,31854617,41.2012444,2904,0.643769443,0.0130910860,23,14.8066969,0.000189775000
15,1020,1083,30325537,31854617,41.2012444,2904,0.643769443,0.0130910860,24,15.4504662,0.000168181000
15,1020,1083,30325537,31854617,41.2012444,2904,0.643769443,0.0130910860,25,16.0942364,0.000186766000
15,1020,1083,30325537,31854617,41.2012444,2904,0.643769443,0.0130910860,26,16.7380047,0.000143373000
15,1020,1083,30325537,31854617,41.2012444,2904,0.643769443,0.0130910860,27,17.3817749,0.000176136000
15,1020,1083,30325537,31854617,41.2012444,2904,0.643769443,0.0130910860,28,18.0255451,0.000178845000
15,1020,1083,30325537,31854617,41.2012444,2904,0.643769443,0.0130910860,29,18.6693134,0.000176343000
15,1020,1083,30325537,31854617,41.2012444,2904,0.643769443,0.0130910860,30,19.3130836,0.000137106000
15,1020,1083,30325537,31854617,41.2012444,2904,0.643769443,0.0130910860,31,19.9568520,0.000167810000
15,1020,1083,30325537,31854617,41.2012444,2904,0.643769443,0.0130910860,32,20.6006222,8.19821641e-05
16,1084,1147,31878889,33408417,41.1891785,2915,0.643580914,0.000377763000,0,0.00000000,0.000272724000
16,1084,1147,31878889,33408417,41.1891785,2915,0.643580914,0.000377763000,1,0.643580914,0.000377763000
16,1084,1147,31878889,33408417,41.1891785,2915,0.643580914,0.000377763000,2,1.28716183,9.03902097e-05
16,1084,1147,31878889,33408417,41.1891785,2915,0.643580914,0.000377763000,3,1.93074274,0.000171780000
16,1084,1147,31878889,33408417,41.1891785,2915,0.643580914,0.000377763000,4,2.57432365,0.000134596000
16,1084,1147,31878889,33408417,41.1891785,2915,0.643580914,0.000377763000,5,3.21790457,5.82806452e-05
16,1084,1147,31878889,33408417,41.1891785,2915,0.643580914,0.000377763000,6,3.86148548,0.000153982000
16,1084,1147,31878889,33408417,41.1891785,2915,0.643580914,0.000377763000,7,4.50506639,4.20961472e-05
16,1084,1147,31878889,33408417,41.1891785,2915,0.643580914,0.000377763000,8,5.14864731,7.27732248e-05
16,1084,1147,31878889,33408417,41.1891785,2915,0.643580914,0.000377763000,9,5.79222822,5.68721035e-05
16,1084,1147,31878889,33408417,41.1891785,2915,0.643580914,0.000377763000,10,6.43580914,9.68856679e-05
16,1084,1147,31878889,33408417,41.1891785,2915,0.643580914,0.000377763000,11,7.07939005,6.48632549e-05
16,1084,1147,31878889,33408417,41.1891785,2915,0.643580914,0.000377763000,12,7.72297096,5.02452378e-05
16,1084,1147,31878889,33408417,41.1891785,2915,0.643580914,0.000377763000,13,8.36655235,5.81523301e-05
16,1084,1147,31878889,33408417,41.1891785,2915,0.643580914,0.000377763000,14,9.01013279,5.27932235e-05
16,1084,1147,31878889,33408417,41.1891785,2915,0.643580914,0.000377763000,15,9.65371323,4.43782949e-05
16,1084,1147,31878889,33408417,41.1891785,2915,0.643580914,0.000377763000,16,10.2972946,4.65166988e-05
16,1084,1147,31878889,33408417,41.1891785,2915,0.643580914,0.000377763000,17,10.9408760,5.05159980e-05
16,1084,1147,31878889,33408417,41.1891785,2915,0.643580914,0.000377763000,18,11.5844564,3.77087012e-05
16,1084,1147,31878889,33408417,41.1891785,2915,0.643580914,0.000377763000,19,12.2280369,4.14774180e-05
16,1084,1147,31878889,33408417,41.1891785,2915,0.643580914,0.000377763000,20,12.8716183,3.45046823e-05
16,1084,1147,31878889,33408417,41.1891785,2915,0.643580914,0.000377763000,21,13.5151997,6.09434637e-05
16,1084,1147,31878889,33408417,41.1891785,2915,0.643580914,0.000377763000,22,14.1587801,4.04244632e-05
16,1084,1147,31878889,33408417,41.1891785,2915,0.643580914,0.000377763000,23,14.8023605,2.87676881e-05
16,1084,1147,31878889,33408417,41.1891785,2915,0.643580914,0.000377763000,24,15.4459419,3.87465365e-05
16,1084,1147,31878889,33408417,41.1891785,2915,0.643580914,0.000377763000,25,16.0895233,3.22800220e-05
16,1084,1147,31878889,33408417,41.1891785,2915,0.643580914,0.000377763000,26,16.7331047,3.59525579e-05
16,1084,1147,31878889,33408417,41.1891785,2915,0.643580914,0.000377763000,27,17.3766842,3.47931122e-05
16,1084,1147,31878889,33408417,41.1891785,2915,0.643580914,0.000377763000,28,18.0202656,4.68950850e-05
16,1084,1147,31878889,33408417,41.1891785,2915,0.643580914,0.000377763000,29,18.6638470,2.70690812e-05
16,1084,1147,31878889,33408417,41.1891785,2915,0.643580914,0.000377763000,30,19.3074265,3.54959733e-05
16,1084,1147,31878889,33408417,41.1891785,2915,0.643580914,0.000377763000,31,19.9510078,3.64404727e-05
16,1084,1147,31878889,33408417,41.1891785,2915,0.643580914,0.000377763000,32,20.5945892,1.64137798e-05
17,1148,1211,33432685,34962358,41.1852722,2931,0.643519878,0.112354249,0,0.00000000,0.0388049630
17,1148,1211,33432685,34962358,41.1852722,2931,0.643519878,0.112354249,1,0.643519878,0.112354249
17,1148,1211,33432685,34962358,41.1852722,2931,0.643519878,0.112354249,2,1.28703976,0.0929347870
17,1148,1211,33432685,34962358,41.1852722,2931,0.643519878,0.112354249,3,1.93055964,0.0216161140
17,1148,1211,33432685,34962358,41.1852722,2931,0.643519878,0.112354249,4,2.57407951,0.00355811100
17,1148,1211,33432685,34962358,41.1852722,2931,0.643519878,0.112354249,5,3.21759939,0.00403985300
17,1148,1211,33432685,34962358,41.1852722,2931,0.643519878,0.112354249,6,3.86111927,0.00427829300
17,1148,1211,33432685,34962358,41.1852722,2931,0.643519878,0.112354249,7,4.50463915,0.00124617300
17,1148,1211,33432685,34962358,41.1852722,2931,0.643519878,0.112354249,8,5.14815903,4.19072415e-05
17,1148,1211,33432685,34962358,41.1852722,2931,0.643519878,0.112354249,9,5.79167891,0.000581537000
17,1148,1211,33432685,34962358,41.1852722,2931,0.643519878,0.112354249,10,6.43519878,0.000449238000
17,1148,1211,33432685,34962358,41.1852722,2931,0.643519878,0.112354249,11,7.07871866,0.000854168000
17,1148,1211,33432685,34962358,41.1852722,2931,0.643519878,0.112354249,12,7.72223854,0.000888860000
17,1148,1211,33432685,34962358,41.1852722,2931,0.643519878,0.112354249,13,8.36575890,0.000579036000
17,1148,1211,33432685,34962358,41.1852722,2931,0.643519878,0.112354249,14,9.00927830,0.000408783000
17,1148,1211,33432685,34962358,41.1852722,2931,0.643519878,0.112354249,15,9.65279770,0.000304549000
17,1148,1211,33432685,34962358,41.1852722,2931,0.643519878,0.112354249,16,10.2963181,4.92244137e-05
17,1148,1211,33432685,34962358,41.1852722,2931,0.643519878,0.112354249,17,10.9398384,7.58053055e-05
17,1148,1211,33432685,34962358,41.1852722,2931,0.643519878,0.112354249,18,11.5833578,0.99789584e-04
17,1148,1211,33432685,34962358,41.1852722,2931,0.643519878,0.112354249,19,12.2268772,0.000188648000
17,1148,1211,33432685,34962358,41.1852722,2931,0.643519878,0.112354249,20,12.8703976,0.000208386000
17,1148,1211,33432685,34962358,41.1852722,2931,0.643519878,0.112354249,21,13.5139179,4.94278167e-05
17,1148,1211,33432685,34962358,41.1852722,2931,0.643519878,0.112354249,22,14.1574373,6.70184590e-05
17,1148,1211,33432685,34962358,41.1852722,2931,0.643519878,0.112354249,23,14.8009567,8.69080310e-05
17,1148,1211,33432685,34962358,41.1852722,2931,0.643519878,0.112354249,24,15.4444771,3.50689947e-05
17,1148,1211,33432685,34962358,41.1852722,2931,0.643519878,0.112354249,25,16.0879974,1.24158694e-05
17,1148,1211,33432685,34962358,41.1852722,2931,0.643519878,0.112354249,26,16.7315178,9.28717113e-05
17,1148,1211,33432685,34962358,41.1852722,2931,0.643519878,0.112354249,27,17.3750362,0.000181035000
17,1148,1211,33432685,34962358,41.1852722,2931,0.643519878,0.112354249,28,18.0185566,0.000105035000
17,1148,1211,33432685,34962358,41.1852722,2931,0.643519878,0.112354249,29,18.6620770,5.84846158e-05
17,1148,1211,33432685,34962358,41.1852722,2931,0.643519878,0.112354249,30,19.3055954,4.74864639e-05
17,1148,1211,33432685,34962358,41.1852722,2931,0.643519878,0.112354249,31,19.9491158,2.83031291e-05
17,1148,1211,33432685,34962358,41.1852722,2931,0.643519878,0.112354249,32,20.5926361,2.18666878e-06
18,1212,1275,34986633,36515711,41.2012978,2905,0.643770278,0.00406216600,0,0.00000000,0.00114162800
18,1212,1275,34986633,36515711,41.2012978,2905,0.643770278,0.00406216600,1,0.643770278,0.00406216600
18,1212,1275,34986633,36515711,41.2012978,2905,0.643770278,0.00406216600,2,1.28754056,0.00117361800
18,1212,1275,34986633,36515711,41.2012978,2905,0.643770278,0.00406216600,3,1.93131089,0.000693927000
18,1212,1275,34986633,36515711,41.2012978,2905,0.643770278,0.00406216600,4,2.57508111,0.000659363000
18,1212,1275,34986633,36515711,41.2012978,2905,0.643770278,0.00406216600,5,3.21885133,0.000772030000
18,1212,1275,34986633,36515711,41.2012978,2905,0.643770278,0.00406216600,6,3.86262178,0.000648271000
18,1212,1275,34986633,36515711,41.2012978,2905,0.643770278,0.00406216600,7,4.50639200,0.000259079000
18,1212,1275,34986633,36515711,41.2012978,2905,0.643770278,0.00406216600,8,5.15016222,0.000137677000
18,1212,1275,34986633,36515711,41.2012978,2905,0.643770278,0.00406216600,9,5.79393244,7.88859531e-05
18,1212,1275,34986633,36515711,41.2012978,2905,0.643770278,0.00406216600,10,6.43770266,8.11748093e-05
18,1212,1275,34986633,36515711,41.2012978,2905,0.643770278,0.00406216600,11,7.08147287,0.000171000000
18,1212,1275,34986633,36515711,41.2012978,2905,0.643770278,0.00406216600,12,7.72524357,0.000171573000
18,1212,1275,34986633,36515711,41.2012978,2905,0.643770278,0.00406216600,13,8.36901379,0.000135315000
18,1212,1275,34986633,36515711,41.2012978,2905,0.643770278,0.00406216600,14,9.01278400,7.67796362e-05
18,1212,1275,34986633,36515711,41.2012978,2905,0.643770278,0.00406216600,15,9.65655422,0.000137738000
18,1212,1275,34986633,36515711,41.2012978,2905,0.643770278,0.00406216600,16,10.3003244,3.41797090e-05
18,1212,1275,34986633,36515711,41.2012978,2905,0.643770278,0.00406216600,17,10.9440947,0.000140624000
18,1212,1275,34986633,36515711,41.2012978,2905,0.643770278,0.00406216600,18,11.5878649,0.000137979000
18,1212,1275,34986633,36515711,41.2012978,2905,0.643770278,0.00406216600,19,12.2316351,7.37211147e-05
18,1212,1275,34986633,36515711,41.2012978,2905,0.643770278,0.00406216600,20,12.8754053,3.98812621e-05
18,1212,1275,34986633,36515711,41.2012978,2905,0.643770278,0.00406216600,21,13.5191755,9.33719043e-05
18,1212,1275,34986633,36515711,41.2012978,2905,0.643770278,0.00406216600,22,14.1629457,9.15406259e-05
18,1212,1275,34986633,36515711,41.2012978,2905,0.643770278,0.00406216600,23,14.8067160,6.28401385e-05
18,1212,1275,34986633,36515711,41.2012978,2905,0.643770278,0.00406216600,24,15.4504871,3.31607039e-05
18,1212,1275,34986633,36515711,41.2012978,2905,0.643770278,0.00406216600,25,16.0942574,7.46884605e-05
18,1212,1275,34986633,36515711,41.2012978,2905,0.643770278,0.00406216600,26,16.7380276,3.46517404e-05
18,1212,1275,34986633,36515711,41.2012978,2905,0.643770278,0.00406216600,27,17.3817978,0.000100548000
18,1212,1275,34986633,36515711,41.2012978,2905,0.643770278,0.00406216600,28,18.0255680,6.70800645e-05
18,1212,1275,34986633,36515711,41.2012978,2905,0.643770278,0.00406216600,29,18.6693382,2.65913000e-05
18,1212,1275,34986633,36515711,41.2012978,2905,0.643770278,0.00406216600,30,19.3131084,4.60376243e-05
18,1212,1275,34986633,36515711,41.2012978,2905,0.643770278,0.00406216600,31,19.9568787,2.46744618e-05
18,1212,1275,34986633,36515711,41.2012978,2905,0.643770278,0.00406216600,32,20.6006489,2.07475711e-05
19,1276,1339,36539985,38069585,41.1872368,2920,0.643550575,0.0193191580,0,0.00000000,0.0110229570
19,1276,1339,36539985,38069585,41.1872368,2920,0.643550575,0.0193191580,1,0.643550575,0.0193191580
19,1276,1339,36539985,38069585,41.1872368,2920,0.643550575,0.0193191580,2,1.28710115,0.00617436700
19,1276,1339,36539985,38069585,41.1872368,2920,0.643550575,0.0193191580,3,1.93065166,0.00458393600
19,1276,1339,36539985,38069585,41.1872368,2920,0.643550575,0.0193191580,4,2.57420230,0.00299803200
19,1276,1339,36539985,38069585,41.1872368,2920,0.643550575,0.0193191580,5,3.21775293,0.00167780600
19,1276,1339,36539985,38069585,41.1872368,2920,0.643550575,0.0193191580,6,3.86130333,0.000617048000
19,1276,1339,36539985,38069585,41.1872368,2920,0.643550575,0.0193191580,7,4.50485420,0.000120278000
19,1276,1339,36539985,38069585,41.1872368,2920,0.643550575,0.0193191580,8,5.14840460,0.000508523000
19,1276,1339,36539985,38069585,41.1872368,2920,0.643550575,0.0193191580,9,5.79195499,0.000601573000
19,1276,1339,36539985,38069585,41.1872368,2920,0.643550575,0.0193191580,10,6.43550587,0.000549733000
19,1276,1339,36539985,38069585,41.1872368,2920,0.643550575,0.0193191580,11,7.07905626,0.000516526000
19,1276,1339,36539985,38069585,41.1872368,2920,0.643550575,0.0193191580,12,7.72260666,0.000452964000
19,1276,1339,36539985,38069585,41.1872368,2920,0.643550575,0.0193191580,13,8.36615753,0.000366482000
19,1276,1339,36539985,38069585,41.1872368,2920,0.643550575,0.0193191580,14,9.00970840,0.000302489000
19,1276,1339,36539985,38069585,41.1872368,2920,0.643550575,0.0193191580,15,9.65325832,0.000313921000
19,1276,1339,36539985,38069585,41.1872368,2920,0.643550575,0.0193191580,16,10.2968092,0.000336813000
19,1276,1339,36539985,38069585,41.1872368,2920,0.643550575,0.0193191580,17,10.9403601,0.000316910000
19,1276,1339,36539985,38069585,41.1872368,2920,0.643550575,0.0193191580,18,11.5839100,0.000246547000
19,1276,1339,36539985,38069585,41.1872368,2920,0.643550575,0.0193191580,19,12.2274609,0.000216197000
19,1276,1339,36539985,38069585,41.1872368,2920,0.643550575,0.0193191580,20,12.8710117,0.000235823000
19,1276,1339,36539985,38069585,41.1872368,2920,0.643550575,0.0193191580,21,13.5145617,0.000293453000
19,1276,1339,36539985,38069585,41.1872368,2920,0.643550575,0.0193191580,22,14.1581125,0.000273194000
19,1276,1339,36539985,38069585,41.1872368,2920,0.643550575,0.0193191580,23,14.8016634,0.000270676000
19,1276,1339,36539985,38069585,41.1872368,2920,0.643550575,0.0193191580,24,15.4452133,0.000234320000
19,1276,1339,36539985,38069585,41.1872368,2920,0.643550575,0.0193191580,25,16.0887642,0.000233347000
19,1276,1339,36539985,38069585,41.1872368,2920,0.643550575,0.0193191580,26,16.7323151,0.000232555000
19,1276,1339,36539985,38069585,41.1872368,2920,0.643550575,0.0193191580,27,17.3758659,0.000223515000
19,1276,1339,36539985,38069585,41.1872368,2920,0.643550575,0.0193191580,28,18.0194168,0.000222933000
19,1276,1339,36539985,38069585,41.1872368,2920,0.643550575,0.0193191580,29,18.6629658,0.000237263000
19,1276,1339,36539985,38069585,41.1872368,2920,0.643550575,0.0193191580,30,19.3065166,0.000233540000
19,1276,1339,36539985,38069585,41.1872368,2920,0.643550575,0.0193191580,31,19.9500675,0.000228456000
19,1276,1339,36539985,38069585,41.1872368,2920,0.643550575,0.0193191580,32,20.5936184,0.000107788000
20,1340,1403,38093860,39623442,41.1877251,2946,0.643558204,0.0883960800,0,0.00000000,0.00580732000
20,1340,1403,38093860,39623442,41.1877251,2946,0.643558204,0.0883960800,1,0.643558204,0.0883960800
20,1340,1403,38093860,39623442,41.1877251,2946,0.643558204,0.0883960800,2,1.28711641,0.0648576100
20,1340,1403,38093860,39623442,41.1877251,2946,0.643558204,0.0883960800,3,1.93067455,0.0124666820
20,1340,1403,38093860,39623442,41.1877251,2946,0.643558204,0.0883960800,4,2.57423282,0.00907342100
20,1340,1403,38093860,39623442,41.1877251,2946,0.643558204,0.0883960800,5,3.21779108,0.00247300900
20,1340,1403,38093860,39623442,41.1877251,2946,0.643558204,0.0883960800,6,3.86134911,0.00182111000
20,1340,1403,38093860,39623442,41.1877251,2946,0.643558204,0.0883960800,7,4.50490761,0.00156041800
20,1340,1403,38093860,39623442,41.1877251,2946,0.643558204,0.0883960800,8,5.14846563,0.000763473000
20,1340,1403,38093860,39623442,41.1877251,2946,0.643558204,0.0883960800,9,5.79202366,0.000593278000
20,1340,1403,38093860,39623442,41.1877251,2946,0.643558204,0.0883960800,10,6.43558216,0.000716873000
20,1340,1403,38093860,39623442,41.1877251,2946,0.643558204,0.0883960800,11,7.07914019,0.000641357000
20,1340,1403,38093860,39623442,41.1877251,2946,0.643558204,0.0883960800,12,7.72269821,0.000191813000
20,1340,1403,38093860,39623442,41.1877251,2946,0.643558204,0.0883960800,13,8.36625671,0.000590758000
20,1340,1403,38093860,39623442,41.1877251,2946,0.643558204,0.0883960800,14,9.00981522,0.000427211000
20,1340,1403,38093860,39623442,41.1877251,2946,0.643558204,0.0883960800,15,9.65337276,0.000268838000
20,1340,1403,38093860,39623442,41.1877251,2946,0.643558204,0.0883960800,16,10.2969313,0.000315190000
20,1340,1403,38093860,39623442,41.1877251,2946,0.643558204,0.0883960800,17,10.9404898,0.000359226000
20,1340,1403,38093860,39623442,41.1877251,2946,0.643558204,0.0883960800,18,11.5840473,0.000160273000
20,1340,1403,38093860,39623442,41.1877251,2946,0.643558204,0.0883960800,19,12.2276058,0.000257284000
20,1340,1403,38093860,39623442,41.1877251,2946,0.643558204,0.0883960800,20,12.8711643,0.000289570000
20,1340,1403,38093860,39623442,41.1877251,2946,0.643558204,0.0883960800,21,13.5147219,0.000257389000
20,1340,1403,38093860,39623442,41.1877251,2946,0.643558204,0.0883960800,22,14.1582804,0.000257295000
20,1340,1403,38093860,39623442,41.1877251,2946,0.643558204,0.0883960800,23,14.8018389,0.000205058000
20,1340,1403,38093860,39623442,41.1877251,2946,0.643558204,0.0883960800,24,15.4453964,0.000244968000
20,1340,1403,38093860,39623442,41.1877251,2946,0.643558204,0.0883960800,25,16.0889549,0.000244730000
20,1340,1403,38093860,39623442,41.1877251,2946,0.643558204,0.0883960800,26,16.7325134,0.000129850000
20,1340,1403,38093860,39623442,41.1877251,2946,0.643558204,0.0883960800,27,17.3760719,0.000307351000
20,1340,1403,38093860,39623442,41.1877251,2946,0.643558204,0.0883960800,28,18.0196304,0.000227308000
20,1340,1403,38093860,39623442,41.1877251,2946,0.643558204,0.0883960800,29,18.6631870,0.000206250000
20,1340,1403,38093860,39623442,41.1877251,2946,0.643558204,0.0883960800,30,19.3067455,0.000257981000
20,1340,1403,38093860,39623442,41.1877251,2946,0.643558204,0.0883960800,31,19.9503040,0.000179227000
20,1340,1403,38093860,39623442,41.1877251,2946,0.643558204,0.0883960800,32,20.5938625,0.000105873000
21,1404,1467,39647733,41176819,41.2010841,2909,0.643766940,0.00137929500,0,0.00000000,0.000713068000
21,1404,1467,39647733,41176819,41.2010841,2909,0.643766940,0.00137929500,1,0.643766940,0.00137929500
21,1404,1467,39647733,41176819,41.2010841,2909,0.643766940,0.00137929500,2,1.28753388,0.000304183000
21,1404,1467,39647733,41176819,41.2010841,2909,0.643766940,0.00137929500,3,1.93130088,0.000580071000
21,1404,1467,39647733,41176819,41.2010841,2909,0.643766940,0.00137929500,4,2.57506776,0.000219964000
21,1404,1467,39647733,41176819,41.2010841,2909,0.643766940,0.00137929500,5,3.21883464,5.25411262e-05
21,1404,1467,39647733,41176819,41.2010841,2909,0.643766940,0.00137929500,6,3.86260176,8.44357116e-05
21,1404,1467,39647733,41176819,41.2010841,2909,0.643766940,0.00137929500,7,4.50636864,3.02322674e-05
21,1404,1467,39647733,41176819,41.2010841,2909,0.643766940,0.00137929500,8,5.15013552,3.29930549e-05
21,1404,1467,39647733,41176819,41.2010841,2909,0.643766940,0.00137929500,9,5.79390240,7.06799318e-05
21,1404,1467,39647733,41176819,41.2010841,2909,0.643766940,0.00137929500,10,6.43766928,7.43056215e-05
21,1404,1467,39647733,41176819,41.2010841,2909,0.643766940,0.00137929500,11,7.08143616,0.000107866000
21,1404,1467,39647733,41176819,41.2010841,2909,0.643766940,0.00137929500,12,7.72520351,5.76174599e-05
21,1404,1467,39647733,41176819,41.2010841,2909,0.643766940,0.00137929500,13,8.36896992,7.56478174e-05
21,1404,1467,39647733,41176819,41.2010841,2909,0.643766940,0.00137929500,14,9.01273727,3.89502815e-05
21,1404,1467,39647733,41176819,41.2010841,2909,0.643766940,0.00137929500,15,9.65650368,2.43991632e-05
21,1404,1467,39647733,41176819,41.2010841,2909,0.643766940,0.00137929500,16,10.3002710,2.39604757e-05
21,1404,1467,39647733,41176819,41.2010841,2909,0.643766940,0.00137929500,17,10.9440384,2.15907145e-05
21,1404,1467,39647733,41176819,41.2010841,2909,0.643766940,0.00137929500,18,11.5878048,1.86541290e-05
21,1404,1467,39647733,41176819,41.2010841,2909,0.643766940,0.00137929500,19,12.2315722,1.95254194e-05
21,1404,1467,39647733,41176819,41.2010841,2909,0.643766940,0.00137929500,20,12.8753386,3.81351341e-05
21,1404,1467,39647733,41176819,41.2010841,2909,0.643766940,0.00137929500,21,13.5191059,1.36145689e-05
21,1404,1467,39647733,41176819,41.2010841,2909,0.643766940,0.00137929500,22,14.1628723,1.41712469e-05
21,1404,1467,39647733,41176819,41.2010841,2909,0.643766940,0.00137929500,23,14.8066397,1.23183443e-05
21,1404,1467,39647733,41176819,41.2010841,2909,0.643766940,0.00137929500,24,15.4504070,1.33634729e-05
21,1404,1467,39647733,41176819,41.2010841,2909,0.643766940,0.00137929500,25,16.0941734,2.44975578e-05
21,1404,1467,39647733,41176819,41.2010841,2909,0.643766940,0.00137929500,26,16.7379398,2.96437352e-05
21,1404,1467,39647733,41176819,41.2010841,2909,0.643766940,0.00137929500,27,17.3817081,1.42460047e-05
21,1404,1467,39647733,41176819,41.2010841,2909,0.643766940,0.00137929500,28,18.0254745,2.45676944e-05
21,1404,1467,39647733,41176819,41.2010841,2909,0.643766940,0.00137929500,29,18.6692410,3.99314376e-06
21,1404,1467,39647733,41176819,41.2010841,2909,0.643766940,0.00137929500,30,19.3130074,1.94348847e-05
21,1404,1467,39647733,41176819,41.2010841,2909,0.643766940,0.00137929500,31,19.9567757,1.93945704e-05
21,1404,1467,39647733,41176819,41.2010841,2909,0.643766940,0.00137929500,32,20.6005421,7.30536476e-06
22,1468,1531,41201097,42730718,41.1866722,2941,0.643541753,0.104094923,0,0.00000000,0.0308049380
22,1468,1531,41201097,42730718,41.1866722,2941,0.643541753,0.104094923,1,0.643541753,0.104094923
22,1468,1531,41201097,42730718,41.1866722,2941,0.643541753,0.104094923,2,1.28708351,0.0957622600
22,1468,1531,41201097,42730718,41.1866722,2941,0.643541753,0.104094923,3,1.93062520,0.0485662710
22,1468,1531,41201097,42730718,41.1866722,2941,0.643541753,0.104094923,4,2.57416701,0.0143618570
22,1468,1531,41201097,42730718,41.1866722,2941,0.643541753,0.104094923,5,3.21770883,0.00644504900
22,1468,1531,41201097,42730718,41.1866722,2941,0.643541753,0.104094923,6,3.86125040,0.00586871800
22,1468,1531,41201097,42730718,41.1866722,2941,0.643541753,0.104094923,7,4.50479221,0.00332160200
22,1468,1531,41201097,42730718,41.1866722,2941,0.643541753,0.104094923,8,5.14833403,0.000533058000
22,1468,1531,41201097,42730718,41.1866722,2941,0.643541753,0.104094923,9,5.79187584,0.000373139000
22,1468,1531,41201097,42730718,41.1866722,2941,0.643541753,0.104094923,10,6.43541765,0.000793913000
22,1468,1531,41201097,42730718,41.1866722,2941,0.643541753,0.104094923,11,7.07895947,0.000427319000
22,1468,1531,41201097,42730718,41.1866722,2941,0.643541753,0.104094923,12,7.72250080,0.00103441400
22,1468,1531,41201097,42730718,41.1866722,2941,0.643541753,0.104094923,13,8.36604309,0.000824076000
22,1468,1531,41201097,42730718,41.1866722,2941,0.643541753,0.104094923,14,9.00958443,0.000555759000
22,1468,1531,41201097,42730718,41.1866722,2941,0.643541753,0.104094923,15,9.65312672,0.000149987000
22,1468,1531,41201097,42730718,41.1866722,2941,0.643541753,0.104094923,16,10.2966681,0.000157707000
22,1468,1531,41201097,42730718,41.1866722,2941,0.643541753,0.104094923,17,10.9402094,0.000227766000
22,1468,1531,41201097,42730718,41.1866722,2941,0.643541753,0.104094923,18,11.5837517,5.64903558e-05
22,1468,1531,41201097,42730718,41.1866722,2941,0.643541753,0.104094923,19,12.2272930,0.000406592000
22,1468,1531,41201097,42730718,41.1866722,2941,0.643541753,0.104094923,20,12.8708353,0.000291961000
22,1468,1531,41201097,42730718,41.1866722,2941,0.643541753,0.104094923,21,13.5143766,0.000408056000
22,1468,1531,41201097,42730718,41.1866722,2941,0.643541753,0.104094923,22,14.1579189,0.000150194000
22,1468,1531,41201097,42730718,41.1866722,2941,0.643541753,0.104094923,23,14.8014603,0.000115683000
22,1468,1531,41201097,42730718,41.1866722,2941,0.643541753,0.104094923,24,15.4450016,0.000123088000
22,1468,1531,41201097,42730718,41.1866722,2941,0.643541753,0.104094923,25,16.0885429,0.000101619000
22,1468,1531,41201097,42730718,41.1866722,2941,0.643541753,0.104094923,26,16.7320862,0.000176384000
22,1468,1531,41201097,42730718,41.1866722,2941,0.643541753,0.104094923,27,17.3756275,9.04305767e-05
22,1468,1531,41201097,42730718,41.1866722,2941,0.643541753,0.104094923,28,18.0191689,0.000157948000
22,1468,1531,41201097,42730718,41.1866722,2941,0.643541753,0.104094923,29,18.6627102,0.000106234000
22,1468,1531,41201097,42730718,41.1866722,2941,0.643541753,0.104094923,30,19.3062534,7.11486490e-05
22,1468,1531,41201097,42730718,41.1866722,2941,0.643541753,0.104094923,31,19.9497948,0.000123139000
22,1468,1531,41201097,42730718,41.1866722,2941,0.643541753,0.104094923,32,20.5933361,5.43887974e-05
23,1532,1595,42755023,44284120,41.2007866,2906,0.643762290,0.0175699030,0,0.00000000,0.00192724200
23,1532,1595,42755023,44284120,41.2007866,2906,0.643762290,0.0175699030,1,0.643762290,0.0175699030
23,1532,1595,42755023,44284120,41.2007866,2906,0.643762290,0.0175699030,2,1.28752458,0.0140414330
23,1532,1595,42755023,44284120,41.2007866,2906,0.643762290,0.0175699030,3,1.93128681,0.00482876200
23,1532,1595,42755023,44284120,41.2007866,2906,0.643762290,0.0175699030,4,2.57504916,0.00230020600
23,1532,1595,42755023,44284120,41.2007866,2906,0.643762290,0.0175699030,5,3.21881151,0.00288301800
23,1532,1595,42755023,44284120,41.2007866,2906,0.643762290,0.0175699030,6,3.86257362,0.00203319400
23,1532,1595,42755023,44284120,41.2007866,2906,0.643762290,0.0175699030,7,4.50633621,0.00099810200
23,1532,1595,42755023,44284120,41.2007866,2906,0.643762290,0.0175699030,8,5.15009832,0.000326993000
23,1532,1595,42755023,44284120,41.2007866,2906,0.643762290,0.0175699030,9,5.79386044,0.000637309000
23,1532,1595,42755023,44284120,41.2007866,2906,0.643762290,0.0175699030,10,6.43762302,0.000651723000
23,1532,1595,42755023,44284120,41.2007866,2906,0.643762290,0.0175699030,11,7.08138514,0.000331558000
23,1532,1595,42755023,44284120,41.2007866,2906,0.643762290,0.0175699030,12,7.72514725,0.000196663000
23,1532,1595,42755023,44284120,41.2007866,2906,0.643762290,0.0175699030,13,8.36890984,0.000341594000
23,1532,1595,42755023,44284120,41.2007866,2906,0.643762290,0.0175699030,14,9.01267242,0.000283912000
23,1532,1595,42755023,44284120,41.2007866,2906,0.643762290,0.0175699030,15,9.65643406,0.000185329000
23,1532,1595,42755023,44284120,41.2007866,2906,0.643762290,0.0175699030,16,10.3001966,0.000110834000
23,1532,1595,42755023,44284120,41.2007866,2906,0.643762290,0.0175699030,17,10.9439592,0.000117191000
23,1532,1595,42755023,44284120,41.2007866,2906,0.643762290,0.0175699030,18,11.5877209,0.000221637000
23,1532,1595,42755023,44284120,41.2007866,2906,0.643762290,0.0175699030,19,12.2314835,0.000220343000
23,1532,1595,42755023,44284120,41.2007866,2906,0.643762290,0.0175699030,20,12.8752460,6.04687475e-05
23,1532,1595,42755023,44284120,41.2007866,2906,0.643762290,0.0175699030,21,13.5190077,6.17535252e-05
23,1532,1595,42755023,44284120,41.2007866,2906,0.643762290,0.0175699030,22,14.1627703,0.000230112000
23,1532,1595,42755023,44284120,41.2007866,2906,0.643762290,0.0175699030,23,14.8065329,0.000149606000
23,1532,1595,42755023,44284120,41.2007866,2906,0.643762290,0.0175699030,24,15.4502945,8.65178869e-05
23,1532,1595,42755023,44284120,41.2007866,2906,0.643762290,0.0175699030,25,16.0940571,0.000126573000
23,1532,1595,42755023,44284120,41.2007866,2906,0.643762290,0.0175699030,26,16.7378197,0.000127434000
23,1532,1595,42755023,44284120,41.2007866,2906,0.643762290,0.0175699030,27,17.3815823,0.000131431000
23,1532,1595,42755023,44284120,41.2007866,2906,0.643762290,0.0175699030,28,18.0253448,7.10055018e-05
23,1532,1595,42755023,44284120,41.2007866,2906,0.643762290,0.0175699030,29,18.6691055,0.000107167000
23,1532,1595,42755023,44284120,41.2007866,2906,0.643762290,0.0175699030,30,19.3128681,0.000126653000
23,1532,1595,42755023,44284120,41.2007866,2906,0.643762290,0.0175699030,31,19.9566307,0.000104697000
23,1532,1595,42755023,44284120,41.2007866,2906,0.643762290,0.0175699030,32,20.6003933,4.77654278e-05
24,1596,1659,44308391,45837957,41.1881523,2954,0.643564880,0.00153379400,0,0.00000000,0.000944199000
24,1596,1659,44308391,45837957,41.1881523,2954,0.643564880,0.00153379400,1,0.643564880,0.00153379400
24,1596,1659,44308391,45837957,41.1881523,2954,0.643564880,0.00153379400,2,1.28712976,0.000116981000
24,1596,1659,44308391,45837957,41.1881523,2954,0.643564880,0.00153379400,3,1.93069458,0.000353224000
24,1596,1659,44308391,45837957,41.1881523,2954,0.643564880,0.00153379400,4,2.57425952,0.000175214000
24,1596,1659,44308391,45837957,41.1881523,2954,0.643564880,0.00153379400,5,3.21782446,0.000313263000
24,1596,1659,44308391,45837957,41.1881523,2954,0.643564880,0.00153379400,6,3.86138916,0.000249325000
24,1596,1659,44308391,45837957,41.1881523,2954,0.643564880,0.00153379400,7,4.50495434,0.000212518000
24,1596,1659,44308391,45837957,41.1881523,2954,0.643564880,0.00153379400,8,5.14851904,0.000198813000
24,1596,1659,44308391,45837957,41.1881523,2954,0.643564880,0.00153379400,9,5.79208374,0.000190318000
24,1596,1659,44308391,45837957,41.1881523,2954,0.643564880,0.00153379400,10,6.43564892,0.000136495000
24,1596,1659,44308391,45837957,41.1881523,2954,0.643564880,0.00153379400,11,7.07921362,0.000162366000
24,1596,1659,44308391,45837957,41.1881523,2954,0.643564880,0.00153379400,12,7.72277832,0.000167954000
24,1596,1659,44308391,45837957,41.1881523,2954,0.643564880,0.00153379400,13,8.36634350,0.000144554000
24,1596,1659,44308391,45837957,41.1881523,2954,0.643564880,0.00153379400,14,9.00990868,0.000158151000
24,1596,1659,44308391,45837957,41.1881523,2954,0.643564880,0.00153379400,15,9.65347290,0.000129978000
24,1596,1659,44308391,45837957,41.1881523,2954,0.643564880,0.00153379400,16,10.2970381,0.000129313000
24,1596,1659,44308391,45837957,41.1881523,2954,0.643564880,0.00153379400,17,10.9406033,0.000110704000
24,1596,1659,44308391,45837957,41.1881523,2954,0.643564880,0.00153379400,18,11.5841675,0.000133055000
24,1596,1659,44308391,45837957,41.1881523,2954,0.643564880,0.00153379400,19,12.2277327,0.000108618000
24,1596,1659,44308391,45837957,41.1881523,2954,0.643564880,0.00153379400,20,12.8712978,9.72911861e-05
24,1596,1659,44308391,45837957,41.1881523,2954,0.643564880,0.00153379400,21,13.5148621,9.78023513e-05
24,1596,1659,44308391,45837957,41.1881523,2954,0.643564880,0.00153379400,22,14.1584272,8.94992250e-05
24,1596,1659,44308391,45837957,41.1881523,2954,0.643564880,0.00153379400,23,14.8019924,9.14214311e-05
24,1596,1659,44308391,45837957,41.1881523,2954,0.643564880,0.00153379400,24,15.4455566,8.91648657e-05
24,1596,1659,44308391,45837957,41.1881523,2954,0.643564880,0.00153379400,25,16.0891228,9.42749889e-05
24,1596,1659,44308391,45837957,41.1881523,2954,0.643564880,0.00153379400,26,16.7326870,9.23261091e-05
24,1596,1659,44308391,45837957,41.1881523,2954,0.643564880,0.00153379400,27,17.3762512,8.76659893e-05
24,1596,1659,44308391,45837957,41.1881523,2954,0.643564880,0.00153379400,28,18.0198174,8.76396794e-05
24,1596,1659,44308391,45837957,41.1881523,2954,0.643564880,0.00153379400,29,18.6633816,9.30035590e-05
24,1596,1659,44308391,45837957,41.1881523,2954,0.643564880,0.00153379400,30,19.3069458,8.48538536e-05
24,1596,1659,44308391,45837957,41.1881523,2954,0.643564880,0.00153379400,31,19.9505119,9.18711653e-05
24,1596,1659,44308391,45837957,41.1881523,2954,0.643564880,0.00153379400,32,20.5940762,4.28960587e-05
25,1660,1723,45862264,47391824,41.1883163,2955,0.643567443,0.113325492,0,0.00000000,0.0436543490
25,1660,1723,45862264,47391824,41.1883163,2955,0.643567443,0.113325492,1,0.643567443,0.113325492
25,1660,1723,45862264,47391824,41.1883163,2955,0.643567443,0.113325492,2,1.28713489,0.0754202900
25,1660,1723,45862264,47391824,41.1883163,2955,0.643567443,0.113325492,3,1.93070233,0.0166064370
25,1660,1723,45862264,47391824,41.1883163,2955,0.643567443,0.113325492,4,2.57426977,0.00372280600
25,1660,1723,45862264,47391824,41.1883163,2955,0.643567443,0.113325492,5,3.21783733,0.00464972600
25,1660,1723,45862264,47391824,41.1883163,2955,0.643567443,0.113325492,6,3.86140466,0.00183698500
25,1660,1723,45862264,47391824,41.1883163,2955,0.643567443,0.113325492,7,4.50497198,0.000909884000
25,1660,1723,45862264,47391824,41.1883163,2955,0.643567443,0.113325492,8,5.14853954,0.000487601000
25,1660,1723,45862264,47391824,41.1883163,2955,0.643567443,0.113325492,9,5.79210711,0.000759586000
25,1660,1723,45862264,47391824,41.1883163,2955,0.643567443,0.113325492,10,6.43567467,0.000861518000
25,1660,1723,45862264,47391824,41.1883163,2955,0.643567443,0.113325492,11,7.07924175,0.000350018000
25,1660,1723,45862264,47391824,41.1883163,2955,0.643567443,0.113325492,12,7.72280931,5.61616972e-05
25,1660,1723,45862264,47391824,41.1883163,2955,0.643567443,0.113325492,13,8.36637688,0.000302213000
25,1660,1723,45862264,47391824,41.1883163,2955,0.643567443,0.113325492,14,9.00994396,0.000477437000
25,1660,1723,45862264,47391824,41.1883163,2955,0.643567443,0.113325492,15,9.65351200,0.000399356000
25,1660,1723,45862264,47391824,41.1883163,2955,0.643567443,0.113325492,16,10.2970791,3.19484457e-05
25,1660,1723,45862264,47391824,41.1883163,2955,0.643567443,0.113325492,17,10.9406462,0.000128684000
25,1660,1723,45862264,47391824,41.1883163,2955,0.643567443,0.113325492,18,11.5842142,0.000134628000
25,1660,1723,45862264,47391824,41.1883163,2955,0.643567443,0.113325492,19,12.2277813,0.000404690000
25,1660,1723,45862264,47391824,41.1883163,2955,0.643567443,0.113325492,20,12.8713493,0.000469946000
25,1660,1723,45862264,47391824,41.1883163,2955,0.643567443,0.113325492,21,13.5149164,0.000282210000
25,1660,1723,45862264,47391824,41.1883163,2955,0.643567443,0.113325492,22,14.1584835,0.000145639000
25,1660,1723,45862264,47391824,41.1883163,2955,0.643567443,0.113325492,23,14.8020515,3.74984187e-05
25,1660,1723,45862264,47391824,41.1883163,2955,0.643567443,0.113325492,24,15.4456186,1.67425585e-05
25,1660,1723,45862264,47391824,41.1883163,2955,0.643567443,0.113325492,25,16.0891857,3.14087806e-05
25,1660,1723,45862264,47391824,41.1883163,2955,0.643567443,0.113325492,26,16.7327538,4.59443975e-05
25,1660,1723,45862264,47391824,41.1883163,2955,0.643567443,0.113325492,27,17.3763218,7.01777962e-05
25,1660,1723,45862264,47391824,41.1883163,2955,0.643567443,0.113325492,28,18.0198879,4.86938072e-05
25,1660,1723,45862264,47391824,41.1883163,2955,0.643567443,0.113325492,29,18.6634560,8.41958232e-05
25,1660,1723,45862264,47391824,41.1883163,2955,0.643567443,0.113325492,30,19.3070240,7.77934608e-05
25,1660,1723,45862264,47391824,41.1883163,2955,0.643567443,0.113325492,31,19.9505901,3.48772223e-05
25,1660,1723,45862264,47391824,41.1883163,2955,0.643567443,0.113325492,32,20.5941582,6.62118418e-06
26,1724,1787,47416133,48945271,41.1996841,2904,0.643745065,0.00520837500,0,0.00000000,0.00218010300
26,1724,1787,47416133,48945271,41.1996841,2904,0.643745065,0.00520837500,1,0.643745065,0.00520837500
26,1724,1787,47416133,48945271,41.1996841,2904,0.643745065,0.00520837500,2,1.28749013,0.00172612700
26,1724,1787,47416133,48945271,41.1996841,2904,0.643745065,0.00520837500,3,1.93123519,0.000446199000
26,1724,1787,47416133,48945271,41.1996841,2904,0.643745065,0.00520837500,4,2.57498026,0.000757304000
26,1724,1787,47416133,48945271,41.1996841,2904,0.643745065,0.00520837500,5,3.21872520,0.00101367400
26,1724,1787,47416133,48945271,41.1996841,2904,0.643745065,0.00520837500,6,3.86247039,0.000112660000
26,1724,1787,47416133,48945271,41.1996841,2904,0.643745065,0.00520837500,7,4.50621557,0.000205249000
26,1724,1787,47416133,48945271,41.1996841,2904,0.643745065,0.00520837500,8,5.14996052,0.000182201000
26,1724,1787,47416133,48945271,41.1996841,2904,0.643745065,0.00520837500,9,5.79370546,0.000151445000
26,1724,1787,47416133,48945271,41.1996841,2904,0.643745065,0.00520837500,10,6.43745041,0.000227459000
26,1724,1787,47416133,48945271,41.1996841,2904,0.643745065,0.00520837500,11,7.08119583,0.000150477000
26,1724,1787,47416133,48945271,41.1996841,2904,0.643745065,0.00520837500,12,7.72494078,0.000223938000
26,1724,1787,47416133,48945271,41.1996841,2904,0.643745065,0.00520837500,13,8.36868572,0.000186895000
26,1724,1787,47416133,48945271,41.1996841,2904,0.643745065,0.00520837500,14,9.01243114,0.000149111000
26,1724,1787,47416133,48945271,41.1996841,2904,0.643745065,0.00520837500,15,9.65617561,0.000125765000
26,1724,1787,47416133,48945271,41.1996841,2904,0.643745065,0.00520837500,16,10.2999210,0.000162889000
26,1724,1787,47416133,48945271,41.1996841,2904,0.643745065,0.00520837500,17,10.9436665,0.000106260000
26,1724,1787,47416133,48945271,41.1996841,2904,0.643745065,0.00520837500,18,11.5874109,8.24762598e-05
26,1724,1787,47416133,48945271,41.1996841,2904,0.643745065,0.00520837500,19,12.2311563,0.000199272000
26,1724,1787,47416133,48945271,41.1996841,2904,0.643745065,0.00520837500,20,12.8749008,9.77625736e-05
26,1724,1787,47416133,48945271,41.1996841,2904,0.643745065,0.00520837500,21,13.5186462,0.000124175000
26,1724,1787,47416133,48945271,41.1996841,2904,0.643745065,0.00520837500,22,14.1623917,6.10058514e-05
26,1724,1787,47416133,48945271,41.1996841,2904,0.643745065,0.00520837500,23,14.8061361,0.000106055000
26,1724,1787,47416133,48945271,41.1996841,2904,0.643745065,0.00520837500,24,15.4498816,0.000107543000
26,1724,1787,47416133,48945271,41.1996841,2904,0.643745065,0.00520837500,25,16.0936260,7.95384610e-05
26,1724,1787,47416133,48945271,41.1996841,2904,0.643745065,0.00520837500,26,16.7373714,9.00475557e-05
26,1724,1787,47416133,48945271,41.1996841,2904,0.643745065,0.00520837500,27,17.3811169,9.42207321e-05
26,1724,1787,47416133,48945271,41.1996841,2904,0.643745065,0.00520837500,28,18.0248623,0.000112081000
26,1724,1787,47416133,48945271,41.1996841,2904,0.643745065,0.00520837500,29,18.6686077,6.05030791e-05
26,1724,1787,47416133,48945271,41.1996841,2904,0.643745065,0.00520837500,30,19.3123512,8.68646299e-05
26,1724,1787,47416133,48945271,41.1996841,2904,0.643745065,0.00520837500,31,19.9560966,8.01799094e-05
26,1724,1787,47416133,48945271,41.1996841,2904,0.643745065,0.00520837500,32,20.5998421,4.53893256e-05
27,1788,1851,48969543,50499116,41.1879654,2934,0.643561959,0.0903819430,0,0.00000000,0.0366345940
27,1788,1851,48969543,50499116,41.1879654,2934,0.643561959,0.0903819430,1,0.643561959,0.0903819430
27,1788,1851,48969543,50499116,41.1879654,2934,0.643561959,0.0903819430,2,1.28712392,0.0776261690
27,1788,1851,48969543,50499116,41.1879654,2934,0.643561959,0.0903819430,3,1.93068588,0.0389575620
27,1788,1851,48969543,50499116,41.1879654,2934,0.643561959,0.0903819430,4,2.57424784,0.0179056390
27,1788,1851,48969543,50499116,41.1879654,2934,0.643561959,0.0903819430,5,3.21780968,0.00677246400
27,1788,1851,48969543,50499116,41.1879654,2934,0.643561959,0.0903819430,6,3.86137176,0.00274465100
27,1788,1851,48969543,50499116,41.1879654,2934,0.643561959,0.0903819430,7,4.50493383,0.000899438000
27,1788,1851,48969543,50499116,41.1879654,2934,0.643561959,0.0903819430,8,5.14849567,0.000917361000
27,1788,1851,48969543,50499116,41.1879654,2934,0.643561959,0.0903819430,9,5.79205751,0.000852872000
27,1788,1851,48969543,50499116,41.1879654,2934,0.643561959,0.0903819430,10,6.43561935,0.000539942000
27,1788,1851,48969543,50499116,41.1879654,2934,0.643561959,0.0903819430,11,7.07918167,0.00098734900
27,1788,1851,48969543,50499116,41.1879654,2934,0.643561959,0.0903819430,12,7.72274351,0.000516169000
27,1788,1851,48969543,50499116,41.1879654,2934,0.643561959,0.0903819430,13,8.36630535,0.000255016000
27,1788,1851,48969543,50499116,41.1879654,2934,0.643561959,0.0903819430,14,9.00986767,0.000780162000
27,1788,1851,48969543,50499116,41.1879654,2934,0.643561959,0.0903819430,15,9.65342903,0.000334482000
27,1788,1851,48969543,50499116,41.1879654,2934,0.643561959,0.0903819430,16,10.2969913,0.000486679000
27,1788,1851,48969543,50499116,41.1879654,2934,0.643561959,0.0903819430,17,10.9405537,0.000500537000
27,1788,1851,48969543,50499116,41.1879654,2934,0.643561959,0.0903819430,18,11.5841150,0.000389480000
27,1788,1851,48969543,50499116,41.1879654,2934,0.643561959,0.0903819430,19,12.2276773,0.000417684000
27,1788,1851,48969543,50499116,41.1879654,2934,0.643561959,0.0903819430,20,12.8712387,0.000400680000
27,1788,1851,48969543,50499116,41.1879654,2934,0.643561959,0.0903819430,21,13.5148010,0.000326557000
27,1788,1851,48969543,50499116,41.1879654,2934,0.643561959,0.0903819430,22,14.1583633,0.000404784000
27,1788,1851,48969543,50499116,41.1879654,2934,0.643561959,0.0903819430,23,14.8019247,0.000355205000
27,1788,1851,48969543,50499116,41.1879654,2934,0.643561959,0.0903819430,24,15.4454870,0.000349220000
27,1788,1851,48969543,50499116,41.1879654,2934,0.643561959,0.0903819430,25,16.0890484,0.000342504000
27,1788,1851,48969543,50499116,41.1879654,2934,0.643561959,0.0903819430,26,16.7326107,0.000358399000
27,1788,1851,48969543,50499116,41.1879654,2934,0.643561959,0.0903819430,27,17.3761730,0.000312418000
27,1788,1851,48969543,50499116,41.1879654,2934,0.643561959,0.0903819430,28,18.0197353,0.000305684000
27,1788,1851,48969543,50499116,41.1879654,2934,0.643561959,0.0903819430,29,18.6632977,0.000411015000
27,1788,1851,48969543,50499116,41.1879654,2934,0.643561959,0.0903819430,30,19.3068581,0.000334836000
27,1788,1851,48969543,50499116,41.1879654,2934,0.643561959,0.0903819430,31,19.9504204,0.000319612000
27,1788,1851,48969543,50499116,41.1879654,2934,0.643561959,0.0903819430,32,20.5939827,0.000167285000
28,1852,1915,50523413,52052992,41.1878052,2921,0.643559456,0.0332668800,0,0.00000000,0.0158133880
28,1852,1915,50523413,52052992,41.1878052,2921,0.643559456,0.0332668800,1,0.643559456,0.0332668800
28,1852,1915,50523413,52052992,41.1878052,2921,0.643559456,0.0332668800,2,1.28711891,0.0229848340
28,1852,1915,50523413,52052992,41.1878052,2921,0.643559456,0.0332668800,3,1.93067837,0.0118609010
28,1852,1915,50523413,52052992,41.1878052,2921,0.643559456,0.0332668800,4,2.57423782,0.00305856100
28,1852,1915,50523413,52052992,41.1878052,2921,0.643559456,0.0332668800,5,3.21779728,0.00112083000
28,1852,1915,50523413,52052992,41.1878052,2921,0.643559456,0.0332668800,6,3.86135674,0.00230736000
28,1852,1915,50523413,52052992,41.1878052,2921,0.643559456,0.0332668800,7,4.50491619,0.000677656000
28,1852,1915,50523413,52052992,41.1878052,2921,0.643559456,0.0332668800,8,5.14847565,0.000860618000
28,1852,1915,50523413,52052992,41.1878052,2921,0.643559456,0.0332668800,9,5.79203510,0.000894636000
28,1852,1915,50523413,52052992,41.1878052,2921,0.643559456,0.0332668800,10,6.43559456,0.000652971000
28,1852,1915,50523413,52052992,41.1878052,2921,0.643559456,0.0332668800,11,7.07915401,0.000413856000
28,1852,1915,50523413,52052992,41.1878052,2921,0.643559456,0.0332668800,12,7.72271347,0.00116222600
28,1852,1915,50523413,52052992,41.1878052,2921,0.643559456,0.0332668800,13,8.36627293,0.000265662000
28,1852,1915,50523413,52052992,41.1878052,2921,0.643559456,0.0332668800,14,9.00983238,0.000518374000
28,1852,1915,50523413,52052992,41.1878052,2921,0.643559456,0.0332668800,15,9.65339184,0.000544818000
28,1852,1915,50523413,52052992,41.1878052,2921,0.643559456,0.0332668800,16,10.2969513,0.000411188000
28,1852,1915,50523413,52052992,41.1878052,2921,0.643559456,0.0332668800,17,10.9405107,0.000451084000
28,1852,1915,50523413,52052992,41.1878052,2921,0.643559456,0.0332668800,18,11.5840702,0.000449816000
28,1852,1915,50523413,52052992,41.1878052,2921,0.643559456,0.0332668800,19,12.2276297,0.000410943000
28,1852,1915,50523413,52052992,41.1878052,2921,0.643559456,0.0332668800,20,12.8711891,0.000348899000
28,1852,1915,50523413,52052992,41.1878052,2921,0.643559456,0.0332668800,21,13.5147486,0.000426833000
28,1852,1915,50523413,52052992,41.1878052,2921,0.643559456,0.0332668800,22,14.1583080,0.000315460000
28,1852,1915,50523413,52052992,41.1878052,2921,0.643559456,0.0332668800,23,14.8018675,0.000375639000
28,1852,1915,50523413,52052992,41.1878052,2921,0.643559456,0.0332668800,24,15.4454269,0.000336957000
28,1852,1915,50523413,52052992,41.1878052,2921,0.643559456,0.0332668800,25,16.0889854,0.000344263000
28,1852,1915,50523413,52052992,41.1878052,2921,0.643559456,0.0332668800,26,16.7325459,0.000373134000
28,1852,1915,50523413,52052992,41.1878052,2921,0.643559456,0.0332668800,27,17.3761063,0.000224683000
28,1852,1915,50523413,52052992,41.1878052,2921,0.643559456,0.0332668800,28,18.0196648,0.000407877000
28,1852,1915,50523413,52052992,41.1878052,2921,0.643559456,0.0332668800,29,18.6632233,0.000317663000
28,1852,1915,50523413,52052992,41.1878052,2921,0.643559456,0.0332668800,30,19.3067837,0.000319955000
28,1852,1915,50523413,52052992,41.1878052,2921,0.643559456,0.0332668800,31,19.9503441,0.000303572000
28,1852,1915,50523413,52052992,41.1878052,2921,0.643559456,0.0332668800,32,20.5939026,0.000162313000
29,1916,1979,52077258,53606335,41.2013245,2926,0.643770695,0.00122135400,0,0.00000000,0.000232354000
29,1916,1979,52077258,53606335,41.2013245,2926,0.643770695,0.00122135400,1,0.643770695,0.00122135400
29,1916,1979,52077258,53606335,41.2013245,2926,0.643770695,0.00122135400,2,1.28754139,0.000586518000
29,1916,1979,52077258,53606335,41.2013245,2926,0.643770695,0.00122135400,3,1.93131208,0.000180660000
29,1916,1979,52077258,53606335,41.2013245,2926,0.643770695,0.00122135400,4,2.57508278,0.000488192000
29,1916,1979,52077258,53606335,41.2013245,2926,0.643770695,0.00122135400,5,3.21885347,0.000586855000
29,1916,1979,52077258,53606335,41.2013245,2926,0.643770695,0.00122135400,6,3.86262417,0.000354236000
29,1916,1979,52077258,53606335,41.2013245,2926,0.643770695,0.00122135400,7,4.50639486,0.000190808000
29,1916,1979,52077258,53606335,41.2013245,2926,0.643770695,0.00122135400,8,5.15016556,0.000167906000
29,1916,1979,52077258,53606335,41.2013245,2926,0.643770695,0.00122135400,9,5.79393625,0.000221943000
29,1916,1979,52077258,53606335,41.2013245,2926,0.643770695,0.00122135400,10,6.43770695,0.000199217000
29,1916,1979,52077258,53606335,41.2013245,2926,0.643770695,0.00122135400,11,7.08147764,9.26074922e-05
29,1916,1979,52077258,53606335,41.2013245,2926,0.643770695,0.00122135400,12,7.72524834,0.000131206000
29,1916,1979,52077258,53606335,41.2013245,2926,0.643770695,0.00122135400,13,8.36901855,0.000142127000
29,1916,1979,52077258,53606335,41.2013245,2926,0.643770695,0.00122135400,14,9.01278973,0.000105574000
29,1916,1979,52077258,53606335,41.2013245,2926,0.643770695,0.00122135400,15,9.65656090,7.93646166e-05
29,1916,1979,52077258,53606335,41.2013245,2926,0.643770695,0.00122135400,16,10.3003311,5.30889694e-05
29,1916,1979,52077258,53606335,41.2013245,2926,0.643770695,0.00122135400,17,10.9441013,7.82592676e-05
29,1916,1979,52077258,53606335,41.2013245,2926,0.643770695,0.00122135400,18,11.5878725,0.000109127000
29,1916,1979,52077258,53606335,41.2013245,2926,0.643770695,0.00122135400,19,12.2316437,0.000111571000
29,1916,1979,52077258,53606335,41.2013245,2926,0.643770695,0.00122135400,20,12.8754139,0.000154147000
29,1916,1979,52077258,53606335,41.2013245,2926,0.643770695,0.00122135400,21,13.5191841,0.000114758000
29,1916,1979,52077258,53606335,41.2013245,2926,0.643770695,0.00122135400,22,14.1629553,6.34758899e-05
29,1916,1979,52077258,53606335,41.2013245,2926,0.643770695,0.00122135400,23,14.8067265,2.38019417e-05
29,1916,1979,52077258,53606335,41.2013245,2926,0.643770695,0.00122135400,24,15.4504967,8.35759056e-06
29,1916,1979,52077258,53606335,41.2013245,2926,0.643770695,0.00122135400,25,16.0942669,4.97092924e-06
29,1916,1979,52077258,53606335,41.2013245,2926,0.643770695,0.00122135400,26,16.7380371,1.02214434e-05
29,1916,1979,52077258,53606335,41.2013245,2926,0.643770695,0.00122135400,27,17.3818092,3.18121961e-05
29,1916,1979,52077258,53606335,41.2013245,2926,0.643770695,0.00122135400,28,18.0255795,3.40708679e-05
29,1916,1979,52077258,53606335,41.2013245,2926,0.643770695,0.00122135400,29,18.6693497,2.04589484e-05
29,1916,1979,52077258,53606335,41.2013245,2926,0.643770695,0.00122135400,30,19.3131218,1.37128989e-05
29,1916,1979,52077258,53606335,41.2013245,2926,0.643770695,0.00122135400,31,19.9568920,9.23999596e-06
29,1916,1979,52077258,53606335,41.2013245,2926,0.643770695,0.00122135400,32,20.6006622,2.57793346e-07
30,1980,2043,53630626,55160190,41.1882095,2943,0.643565774,0.106412694,0,0.00000000,0.0245938860
30,1980,2043,53630626,55160190,41.1882095,2943,0.643565774,0.106412694,1,0.643565774,0.106412694
30,1980,2043,53630626,55160190,41.1882095,2943,0.643565774,0.106412694,2,1.28713155,0.0929668990
30,1980,2043,53630626,55160190,41.1882095,2943,0.643565774,0.106412694,3,1.93069732,0.0352224780
30,1980,2043,53630626,55160190,41.1882095,2943,0.643565774,0.106412694,4,2.57426310,0.00898783300
30,1980,2043,53630626,55160190,41.1882095,2943,0.643565774,0.106412694,5,3.21782875,0.00752033800
30,1980,2043,53630626,55160190,41.1882095,2943,0.643565774,0.106412694,6,3.86139464,0.00425870900
30,1980,2043,53630626,55160190,41.1882095,2943,0.643565774,0.106412694,7,4.50496054,0.00167310100
30,1980,2043,53630626,55160190,41.1882095,2943,0.643565774,0.106412694,8,5.14852619,0.000427507000
30,1980,2043,53630626,55160190,41.1882095,2943,0.643565774,0.106412694,9,5.79209185,0.000689131000
30,1980,2043,53630626,55160190,41.1882095,2943,0.643565774,0.106412694,10,6.43565750,0.000484332000
30,1980,2043,53630626,55160190,41.1882095,2943,0.643565774,0.106412694,11,7.07922363,0.000513465000
30,1980,2043,53630626,55160190,41.1882095,2943,0.643565774,0.106412694,12,7.72278929,0.000548017000
30,1980,2043,53630626,55160190,41.1882095,2943,0.643565774,0.106412694,13,8.36635494,0.000934505000
30,1980,2043,53630626,55160190,41.1882095,2943,0.643565774,0.106412694,14,9.00992107,0.000676184000
30,1980,2043,53630626,55160190,41.1882095,2943,0.643565774,0.106412694,15,9.65348625,0.000238727000
30,1980,2043,53630626,55160190,41.1882095,2943,0.643565774,0.106412694,16,10.2970524,2.61161527e-05
30,1980,2043,53630626,55160190,41.1882095,2943,0.643565774,0.106412694,17,10.9406185,0.000119667000
30,1980,2043,53630626,55160190,41.1882095,2943,0.643565774,0.106412694,18,11.5841837,0.000294499000
30,1980,2043,53630626,55160190,41.1882095,2943,0.643565774,0.106412694,19,12.2277498,0.000433512000
30,1980,2043,53630626,55160190,41.1882095,2943,0.643565774,0.106412694,20,12.8713150,0.000338010000
30,1980,2043,53630626,55160190,41.1882095,2943,0.643565774,0.106412694,21,13.5148811,0.000181088000
30,1980,2043,53630626,55160190,41.1882095,2943,0.643565774,0.106412694,22,14.1584473,2.59307231e-05
30,1980,2043,53630626,55160190,41.1882095,2943,0.643565774,0.106412694,23,14.8020124,4.67002385e-05
30,1980,2043,53630626,55160190,41.1882095,2943,0.643565774,0.106412694,24,15.4455786,1.91673859e-05
30,1980,2043,53630626,55160190,41.1882095,2943,0.643565774,0.106412694,25,16.0891438,4.66643862e-05
30,1980,2043,53630626,55160190,41.1882095,2943,0.643565774,0.106412694,26,16.7327099,8.99824141e-05
30,1980,2043,53630626,55160190,41.1882095,2943,0.643565774,0.106412694,27,17.3762760,0.000164377000
30,1980,2043,53630626,55160190,41.1882095,2943,0.643565774,0.106412694,28,18.0198421,0.000130279000
30,1980,2043,53630626,55160190,41.1882095,2943,0.643565774,0.106412694,29,18.6634083,6.33303198e-05
30,1980,2043,53630626,55160190,41.1882095,2943,0.643565774,0.106412694,30,19.3069725,4.77498027e-05
30,1980,2043,53630626,55160190,41.1882095,2943,0.643565774,0.106412694,31,19.9505386,5.20290516e-05
30,1980,2043,53630626,55160190,41.1882095,2943,0.643565774,0.106412694,32,20.5941048,1.10495819e-05
31,2044,2107,55184490,56714096,41.1870766,2931,0.643548071,0.0183161910,0,0.00000000,0.00272675200
31,2044,2107,55184490,56714096,41.1870766,2931,0.643548071,0.0183161910,1,0.643548071,0.0183161910
31,2044,2107,55184490,56714096,41.1870766,2931,0.643548071,0.0183161910,2,1.28709614,0.0102196570
31,2044,2107,55184490,56714096,41.1870766,2931,0.643548071,0.0183161910,3,1.93064427,0.0105243340
31,2044,2107,55184490,56714096,41.1870766,2931,0.643548071,0.0183161910,4,2.57419229,0.00339742500
31,2044,2107,55184490,56714096,41.1870766,2931,0.643548071,0.0183161910,5,3.21774030,0.00184063000
31,2044,2107,55184490,56714096,41.1870766,2931,0.643548071,0.0183161910,6,3.86128855,0.00134154500
31,2044,2107,55184490,56714096,41.1870766,2931,0.643548071,0.0183161910,7,4.50483656,0.000136393000
31,2044,2107,55184490,56714096,41.1870766,2931,0.643548071,0.0183161910,8,5.14838457,0.000256311000
31,2044,2107,55184490,56714096,41.1870766,2931,0.643548071,0.0183161910,9,5.79193258,0.000160437000
31,2044,2107,55184490,56714096,41.1870766,2931,0.643548071,0.0183161910,10,6.43548059,8.26853272e-05
31,2044,2107,55184490,56714096,41.1870766,2931,0.643548071,0.0183161910,11,7.07902861,0.000207353000
31,2044,2107,55184490,56714096,41.1870766,2931,0.643548071,0.0183161910,12,7.72257710,0.000306033000
31,2044,2107,55184490,56714096,41.1870766,2931,0.643548071,0.0183161910,13,8.36612511,0.000214568000
31,2044,2107,55184490,56714096,41.1870766,2931,0.643548071,0.0183161910,14,9.00967312,0.000120640000
31,2044,2107,55184490,56714096,41.1870766,2931,0.643548071,0.0183161910,15,9.65322113,0.000138639000
31,2044,2107,55184490,56714096,41.1870766,2931,0.643548071,0.0183161910,16,10.2967691,7.57605219e-05
31,2044,2107,55184490,56714096,41.1870766,2931,0.643548071,0.0183161910,17,10.9403172,0.000267613000
31,2044,2107,55184490,56714096,41.1870766,2931,0.643548071,0.0183161910,18,11.5838652,0.000414276000
31,2044,2107,55184490,56714096,41.1870766,2931,0.643548071,0.0183161910,19,12.2274132,0.000380493000
31,2044,2107,55184490,56714096,41.1870766,2931,0.643548071,0.0183161910,20,12.8709612,0.000331245000
31,2044,2107,55184490,56714096,41.1870766,2931,0.643548071,0.0183161910,21,13.5145092,0.000288297000
31,2044,2107,55184490,56714096,41.1870766,2931,0.643548071,0.0183161910,22,14.1580572,0.000224758000
31,2044,2107,55184490,56714096,41.1870766,2931,0.643548071,0.0183161910,23,14.8016052,9.59163285e-05
31,2044,2107,55184490,56714096,41.1870766,2931,0.643548071,0.0183161910,24,15.4451542,3.49429460e-05
31,2044,2107,55184490,56714096,41.1870766,2931,0.643548071,0.0183161910,25,16.0887012,7.76124350e-05
31,2044,2107,55184490,56714096,41.1870766,2931,0.643548071,0.0183161910,26,16.7322502,0.000127073000
31,2044,2107,55184490,56714096,41.1870766,2931,0.643548071,0.0183161910,27,17.3757973,0.000170723000
31,2044,2107,55184490,56714096,41.1870766,2931,0.643548071,0.0183161910,28,18.0193462,0.000139835000
31,2044,2107,55184490,56714096,41.1870766,2931,0.643548071,0.0183161910,29,18.6628933,6.10171838e-05
31,2044,2107,55184490,56714096,41.1870766,2931,0.643548071,0.0183161910,30,19.3064423,4.83468022e-05
31,2044,2107,55184490,56714096,41.1870766,2931,0.643548071,0.0183161910,31,19.9499893,3.95693745e-05
31,2044,2107,55184490,56714096,41.1870766,2931,0.643548071,0.0183161910,32,20.5935383,1.48725374e-05
32,2108,2171,56738372,58267488,41.2002754,2911,0.643754303,0.0286257230,0,0.00000000,0.0112892030
32,2108,2171,56738372,58267488,41.2002754,2911,0.643754303,0.0286257230,1,0.643754303,0.0286257230
32,2108,2171,56738372,58267488,41.2002754,2911,0.643754303,0.0286257230,2,1.28750861,0.0123046480
32,2108,2171,56738372,58267488,41.2002754,2911,0.643754303,0.0286257230,3,1.93126297,0.00900811400
32,2108,2171,56738372,58267488,41.2002754,2911,0.643754303,0.0286257230,4,2.57501721,0.00559852000
32,2108,2171,56738372,58267488,41.2002754,2911,0.643754303,0.0286257230,5,3.21877146,0.00323461700
32,2108,2171,56738372,58267488,41.2002754,2911,0.643754303,0.0286257230,6,3.86252594,0.00194154800
32,2108,2171,56738372,58267488,41.2002754,2911,0.643754303,0.0286257230,7,4.50627995,0.00121180100
32,2108,2171,56738372,58267488,41.2002754,2911,0.643754303,0.0286257230,8,5.15003443,0.000604174000
32,2108,2171,56738372,58267488,41.2002754,2911,0.643754303,0.0286257230,9,5.79378891,0.000128862000
32,2108,2171,56738372,58267488,41.2002754,2911,0.643754303,0.0286257230,10,6.43754292,0.000331126000
32,2108,2171,56738372,58267488,41.2002754,2911,0.643754303,0.0286257230,11,7.08129740,0.000410294000
32,2108,2171,56738372,58267488,41.2002754,2911,0.643754303,0.0286257230,12,7.72505188,0.000241841000
32,2108,2171,56738372,58267488,41.2002754,2911,0.643754303,0.0286257230,13,8.36880589,5.81767955e-05
32,2108,2171,56738372,58267488,41.2002754,2911,0.643754303,0.0286257230,14,9.01255989,0.000173554000
32,2108,2171,56738372,58267488,41.2002754,2911,0.643754303,0.0286257230,15,9.65631485,0.000163149000
32,2108,2171,56738372,58267488,41.2002754,2911,0.643754303,0.0286257230,16,10.3000689,2.68893178e-05
32,2108,2171,56738372,58267488,41.2002754,2911,0.643754303,0.0286257230,17,10.9438229,0.000124194000
32,2108,2171,56738372,58267488,41.2002754,2911,0.643754303,0.0286257230,18,11.5875778,0.000116389000
32,2108,2171,56738372,58267488,41.2002754,2911,0.643754303,0.0286257230,19,12.2313318,9.17144267e-05
32,2108,2171,56738372,58267488,41.2002754,2911,0.643754303,0.0286257230,20,12.8750858,0.000102425000
32,2108,2171,56738372,58267488,41.2002754,2911,0.643754303,0.0286257230,21,13.5188408,1.86644208e-05
32,2108,2171,56738372,58267488,41.2002754,2911,0.643754303,0.0286257230,22,14.1625948,7.63504711e-05
32,2108,2171,56738372,58267488,41.2002754,2911,0.643754303,0.0286257230,23,14.8063488,6.42619770e-05
32,2108,2171,56738372,58267488,41.2002754,2911,0.643754303,0.0286257230,24,15.4501038,6.72241721e-05
32,2108,2171,56738372,58267488,41.2002754,2911,0.643754303,0.0286257230,25,16.0938568,5.71899901e-05
32,2108,2171,56738372,58267488,41.2002754,2911,0.643754303,0.0286257230,26,16.7376118,5.20809655e-05
32,2108,2171,56738372,58267488,41.2002754,2911,0.643754303,0.0286257230,27,17.3813667,8.93439488e-05
32,2108,2171,56738372,58267488,41.2002754,2911,0.643754303,0.0286257230,28,18.0251198,5.05017226e-05
32,2108,2171,56738372,58267488,41.2002754,2911,0.643754303,0.0286257230,29,18.6688747,3.46436422e-05
32,2108,2171,56738372,58267488,41.2002754,2911,0.643754303,0.0286257230,30,19.3126297,6.09155641e-05
32,2108,2171,56738372,58267488,41.2002754,2911,0.643754303,0.0286257230,31,19.9563828,4.55529291e-05
32,2108,2171,56738372,58267488,41.2002754,2911,0.643754303,0.0286257230,32,20.6001377,3.55761908e-05
33,2172,2235,58291761,59821364,41.1871567,2957,0.643549323,0.0720946790,0,0.00000000,0.0157154610
33,2172,2235,58291761,59821364,41.1871567,2957,0.643549323,0.0720946790,1,0.643549323,0.0720946790
33,2172,2235,58291761,59821364,41.1871567,2957,0.643549323,0.0720946790,2,1.28709865,0.0355426710
33,2172,2235,58291761,59821364,41.1871567,2957,0.643549323,0.0720946790,3,1.93064797,0.00976919200
33,2172,2235,58291761,59821364,41.1871567,2957,0.643549323,0.0720946790,4,2.57419729,0.0117546290
33,2172,2235,58291761,59821364,41.1871567,2957,0.643549323,0.0720946790,5,3.21774673,0.00691166200
33,2172,2235,58291761,59821364,41.1871567,2957,0.643549323,0.0720946790,6,3.86129594,0.00358326300
33,2172,2235,58291761,59821364,41.1871567,2957,0.643549323,0.0720946790,7,4.50484514,0.000525331000
33,2172,2235,58291761,59821364,41.1871567,2957,0.643549323,0.0720946790,8,5.14839458,8.84102470e-05
33,2172,2235,58291761,59821364,41.1871567,2957,0.643549323,0.0720946790,9,5.79194403,0.000555362000
33,2172,2235,58291761,59821364,41.1871567,2957,0.643549323,0.0720946790,10,6.43549347,0.000304242000
33,2172,2235,58291761,59821364,41.1871567,2957,0.643549323,0.0720946790,11,7.07904243,0.000650130000
33,2172,2235,58291761,59821364,41.1871567,2957,0.643549323,0.0720946790,12,7.72259188,0.000678569000
33,2172,2235,58291761,59821364,41.1871567,2957,0.643549323,0.0720946790,13,8.36614132,0.000431780000
33,2172,2235,58291761,59821364,41.1871567,2957,0.643549323,0.0720946790,14,9.00969028,0.000175663000
33,2172,2235,58291761,59821364,41.1871567,2957,0.643549323,0.0720946790,15,9.65324020,0.000236904000
33,2172,2235,58291761,59821364,41.1871567,2957,0.643549323,0.0720946790,16,10.2967892,0.000116062000
33,2172,2235,58291761,59821364,41.1871567,2957,0.643549323,0.0720946790,17,10.9403381,7.31101671e-05
33,2172,2235,58291761,59821364,41.1871567,2957,0.643549323,0.0720946790,18,11.5838881,0.000111168000
33,2172,2235,58291761,59821364,41.1871567,2957,0.643549323,0.0720946790,19,12.2274370,0.000244979000
33,2172,2235,58291761,59821364,41.1871567,2957,0.643549323,0.0720946790,20,12.8709869,6.09343543e-05
33,2172,2235,58291761,59821364,41.1871567,2957,0.643549323,0.0720946790,21,13.5145359,0.000111585000
33,2172,2235,58291761,59821364,41.1871567,2957,0.643549323,0.0720946790,22,14.1580849,6.24508457e-05
33,2172,2235,58291761,59821364,41.1871567,2957,0.643549323,0.0720946790,23,14.8016348,5.73622848e-05
33,2172,2235,58291761,59821364,41.1871567,2957,0.643549323,0.0720946790,24,15.4451838,7.79951649e-05
33,2172,2235,58291761,59821364,41.1871567,2957,0.643549323,0.0720946790,25,16.0887337,5.57191953e-05
33,2172,2235,58291761,59821364,41.1871567,2957,0.643549323,0.0720946790,26,16.7322826,9.35773119e-05
33,2172,2235,58291761,59821364,41.1871567,2957,0.643549323,0.0720946790,27,17.3758316,0.000126183000
33,2172,2235,58291761,59821364,41.1871567,2957,0.643549323,0.0720946790,28,18.0193806,5.80186416e-05
33,2172,2235,58291761,59821364,41.1871567,2957,0.643549323,0.0720946790,29,18.6629295,4.62664241e-05
33,2172,2235,58291761,59821364,41.1871567,2957,0.643549323,0.0720946790,30,19.3064804,9.50951639e-05
33,2172,2235,58291761,59821364,41.1871567,2957,0.643549323,0.0720946790,31,19.9500294,4.19035199e-05
33,2172,2235,58291761,59821364,41.1871567,2957,0.643549323,0.0720946790,32,20.5935783,2.24242791e-05
34,2236,2299,59845663,61375165,41.1898766,2946,0.643591821,0.00130096700,0,0.00000000,0.000378624000
34,2236,2299,59845663,61375165,41.1898766,2946,0.643591821,0.00130096700,1,0.643591821,0.00130096700
34,2236,2299,59845663,61375165,41.1898766,2946,0.643591821,0.00130096700,2,1.28718364,0.000519316000
34,2236,2299,59845663,61375165,41.1898766,2946,0.643591821,0.00130096700,3,1.93077540,0.000417274000
34,2236,2299,59845663,61375165,41.1898766,2946,0.643591821,0.00130096700,4,2.57436728,0.000297363000
34,2236,2299,59845663,61375165,41.1898766,2946,0.643591821,0.00130096700,5,3.21795917,0.000193098000
34,2236,2299,59845663,61375165,41.1898766,2946,0.643591821,0.00130096700,6,3.86155081,6.52414373e-05
34,2236,2299,59845663,61375165,41.1898766,2946,0.643591821,0.00130096700,7,4.50514269,5.37007792e-05
34,2236,2299,59845663,61375165,41.1898766,2946,0.643591821,0.00130096700,8,5.14873457,1.63595284e-05
34,2236,2299,59845663,61375165,41.1898766,2946,0.643591821,0.00130096700,9,5.79232645,7.44481758e-06
34,2236,2299,59845663,61375165,41.1898766,2946,0.643591821,0.00130096700,10,6.43591833,7.47826789e-06
34,2236,2299,59845663,61375165,41.1898766,2946,0.643591821,0.00130096700,11,7.07951021,3.83592300e-05
34,2236,2299,59845663,61375165,41.1898766,2946,0.643591821,0.00130096700,12,7.72310162,0.000122788000
34,2236,2299,59845663,61375165,41.1898766,2946,0.643591821,0.00130096700,13,8.36669350,0.000119359000
34,2236,2299,59845663,61375165,41.1898766,2946,0.643591821,0.00130096700,14,9.01028538,4.71037595e-05
34,2236,2299,59845663,61375165,41.1898766,2946,0.643591821,0.00130096700,15,9.65387726,1.69243501e-05
34,2236,2299,59845663,61375165,41.1898766,2946,0.643591821,0.00130096700,16,10.2974691,1.49963951e-05
34,2236,2299,59845663,61375165,41.1898766,2946,0.643591821,0.00130096700,17,10.9410610,1.55205905e-05
34,2236,2299,59845663,61375165,41.1898766,2946,0.643591821,0.00130096700,18,11.5846529,1.89554482e-05
34,2236,2299,59845663,61375165,41.1898766,2946,0.643591821,0.00130096700,19,12.2282448,3.19414935e-05
34,2236,2299,59845663,61375165,41.1898766,2946,0.643591821,0.00130096700,20,12.8718367,7.16878920e-05
34,2236,2299,59845663,61375165,41.1898766,2946,0.643591821,0.00130096700,21,13.5154285,3.39454886e-05
34,2236,2299,59845663,61375165,41.1898766,2946,0.643591821,0.00130096700,22,14.1590204,2.58957203e-05
34,2236,2299,59845663,61375165,41.1898766,2946,0.643591821,0.00130096700,23,14.8026123,1.69942739e-05
34,2236,2299,59845663,61375165,41.1898766,2946,0.643591821,0.00130096700,24,15.4462032,8.11529571e-06
34,2236,2299,59845663,61375165,41.1898766,2946,0.643591821,0.00130096700,25,16.0897961,8.84088058e-06
34,2236,2299,59845663,61375165,41.1898766,2946,0.643591821,0.00130096700,26,16.7333870,5.39927487e-06
34,2236,2299,59845663,61375165,41.1898766,2946,0.643591821,0.00130096700,27,17.3769798,1.23477601e-05
34,2236,2299,59845663,61375165,41.1898766,2946,0.643591821,0.00130096700,28,18.0205708,1.64867795e-05
34,2236,2299,59845663,61375165,41.1898766,2946,0.643591821,0.00130096700,29,18.6641636,1.66424522e-05
34,2236,2299,59845663,61375165,41.1898766,2946,0.643591821,0.00130096700,30,19.3077545,3.01638579e-06
34,2236,2299,59845663,61375165,41.1898766,2946,0.643591821,0.00130096700,31,19.9513474,6.67189715e-06
34,2236,2299,59845663,61375165,41.1898766,2946,0.643591821,0.00130096700,32,20.5949383,2.68685176e-06
35,2300,2363,61399539,62928659,41.2001686,2930,0.643752635,0.104366526,0,0.00000000,0.0248889480
35,2300,2363,61399539,62928659,41.2001686,2930,0.643752635,0.104366526,1,0.643752635,0.104366526
35,2300,2363,61399539,62928659,41.2001686,2930,0.643752635,0.104366526,2,1.28750527,0.0958717990
35,2300,2363,61399539,62928659,41.2001686,2930,0.643752635,0.104366526,3,1.93125796,0.0408011300
35,2300,2363,61399539,62928659,41.2001686,2930,0.643752635,0.104366526,4,2.57501054,0.0101994250
35,2300,2363,61399539,62928659,41.2001686,2930,0.643752635,0.104366526,5,3.21876311,0.00892473600
35,2300,2363,61399539,62928659,41.2001686,2930,0.643752635,0.104366526,6,3.86251593,0.00413255400
35,2300,2363,61399539,62928659,41.2001686,2930,0.643752635,0.104366526,7,4.50626850,0.00117661900
35,2300,2363,61399539,62928659,41.2001686,2930,0.643752635,0.104366526,8,5.15002108,0.000135631000
35,2300,2363,61399539,62928659,41.2001686,2930,0.643752635,0.104366526,9,5.79377365,0.000516263000
35,2300,2363,61399539,62928659,41.2001686,2930,0.643752635,0.104366526,10,6.43752623,0.000714170000
35,2300,2363,61399539,62928659,41.2001686,2930,0.643752635,0.104366526,11,7.08127880,0.000864216000
35,2300,2363,61399539,62928659,41.2001686,2930,0.643752635,0.104366526,12,7.72503185,0.000684713000
35,2300,2363,61399539,62928659,41.2001686,2930,0.643752635,0.104366526,13,8.36878395,0.000120511000
35,2300,2363,61399539,62928659,41.2001686,2930,0.643752635,0.104366526,14,9.01253700,0.000111522000
35,2300,2363,61399539,62928659,41.2001686,2930,0.643752635,0.104366526,15,9.65628910,0.000155376000
35,2300,2363,61399539,62928659,41.2001686,2930,0.643752635,0.104366526,16,10.3000422,0.000101025000
35,2300,2363,61399539,62928659,41.2001686,2930,0.643752635,0.104366526,17,10.9437952,6.17387332e-05
35,2300,2363,61399539,62928659,41.2001686,2930,0.643752635,0.104366526,18,11.5875473,8.22867430e-05
35,2300,2363,61399539,62928659,41.2001686,2930,0.643752635,0.104366526,19,12.2313004,0.000193017000
35,2300,2363,61399539,62928659,41.2001686,2930,0.643752635,0.104366526,20,12.8750525,0.000138049000
35,2300,2363,61399539,62928659,41.2001686,2930,0.643752635,0.104366526,21,13.5188055,4.84924451e-05
35,2300,2363,61399539,62928659,41.2001686,2930,0.643752635,0.104366526,22,14.1625576,7.27099749e-05
35,2300,2363,61399539,62928659,41.2001686,2930,0.643752635,0.104366526,23,14.8063107,6.39034688e-05
35,2300,2363,61399539,62928659,41.2001686,2930,0.643752635,0.104366526,24,15.4500637,1.96538091e-05
35,2300,2363,61399539,62928659,41.2001686,2930,0.643752635,0.104366526,25,16.0938168,4.41542027e-05
35,2300,2363,61399539,62928659,41.2001686,2930,0.643752635,0.104366526,26,16.7375679,0.000127962000
35,2300,2363,61399539,62928659,41.2001686,2930,0.643752635,0.104366526,27,17.3813210,0.000195825000
35,2300,2363,61399539,62928659,41.2001686,2930,0.643752635,0.104366526,28,18.0250740,0.000134891000
35,2300,2363,61399539,62928659,41.2001686,2930,0.643752635,0.104366526,29,18.6688271,4.58694588e-05
35,2300,2363,61399539,62928659,41.2001686,2930,0.643752635,0.104366526,30,19.3125782,7.94139475e-05
35,2300,2363,61399539,62928659,41.2001686,2930,0.643752635,0.104366526,31,19.9563313,7.33245532e-05
35,2300,2363,61399539,62928659,41.2001686,2930,0.643752635,0.104366526,32,20.6000843,5.57679186e-06
36,2364,2427,62952934,64482546,41.1869164,2944,0.643545568,0.0146803870,0,0.00000000,0.000850531000
36,2364,2427,62952934,64482546,41.1869164,2944,0.643545568,0.0146803870,1,0.643545568,0.0146803870
36,2364,2427,62952934,64482546,41.1869164,2944,0.643545568,0.0146803870,2,1.28709114,0.00977913200
36,2364,2427,62952934,64482546,41.1869164,2944,0.643545568,0.0146803870,3,1.93063664,0.00436443000
36,2364,2427,62952934,64482546,41.1869164,2944,0.643545568,0.0146803870,4,2.57418227,0.00260643700
36,2364,2427,62952934,64482546,41.1869164,2944,0.643545568,0.0146803870,5,3.21772790,0.00251174000
36,2364,2427,62952934,64482546,41.1869164,2944,0.643545568,0.0146803870,6,3.86127329,0.00133623900
36,2364,2427,62952934,64482546,41.1869164,2944,0.643545568,0.0146803870,7,4.50481892,0.000830100000
36,2364,2427,62952934,64482546,41.1869164,2944,0.643545568,0.0146803870,8,5.14836454,0.000330754000
36,2364,2427,62952934,64482546,41.1869164,2944,0.643545568,0.0146803870,9,5.79191017,0.000497546000
36,2364,2427,62952934,64482546,41.1869164,2944,0.643545568,0.0146803870,10,6.43545580,0.000910567000
36,2364,2427,62952934,64482546,41.1869164,2944,0.643545568,0.0146803870,11,7.07900143,0.000517590000
36,2364,2427,62952934,64482546,41.1869164,2944,0.643545568,0.0146803870,12,7.72254658,0.000217293000
36,2364,2427,62952934,64482546,41.1869164,2944,0.643545568,0.0146803870,13,8.36609268,0.000224357000
36,2364,2427,62952934,64482546,41.1869164,2944,0.643545568,0.0146803870,14,9.00963783,3.48615863e-05
36,2364,2427,62952934,64482546,41.1869164,2944,0.643545568,0.0146803870,15,9.65318394,0.000130497000
36,2364,2427,62952934,64482546,41.1869164,2944,0.643545568,0.0146803870,16,10.2967291,6.78158967e-05
36,2364,2427,62952934,64482546,41.1869164,2944,0.643545568,0.0146803870,17,10.9402742,2.16949517e-05
36,2364,2427,62952934,64482546,41.1869164,2944,0.643545568,0.0146803870,18,11.5838203,7.74547359e-05
36,2364,2427,62952934,64482546,41.1869164,2944,0.643545568,0.0146803870,19,12.2273655,0.000142507000
36,2364,2427,62952934,64482546,41.1869164,2944,0.643545568,0.0146803870,20,12.8709116,0.000159576000
36,2364,2427,62952934,64482546,41.1869164,2944,0.643545568,0.0146803870,21,13.5144567,9.01460140e-05
36,2364,2427,62952934,64482546,41.1869164,2944,0.643545568,0.0146803870,22,14.1580029,3.27370030e-05
36,2364,2427,62952934,64482546,41.1869164,2944,0.643545568,0.0146803870,23,14.8015480,3.06494471e-05
36,2364,2427,62952934,64482546,41.1869164,2944,0.643545568,0.0146803870,24,15.4450932,1.65621857e-05
36,2364,2427,62952934,64482546,41.1869164,2944,0.643545568,0.0146803870,25,16.0886383,3.58424217e-05
36,2364,2427,62952934,64482546,41.1869164,2944,0.643545568,0.0146803870,26,16.7321854,6.52150620e-05
36,2364,2427,62952934,64482546,41.1869164,2944,0.643545568,0.0146803870,27,17.3757305,5.08771256e-05
36,2364,2427,62952934,64482546,41.1869164,2944,0.643545568,0.0146803870,28,18.0192757,1.43400601e-05
36,2364,2427,62952934,64482546,41.1869164,2944,0.643545568,0.0146803870,29,18.6628208,1.00259293e-05
36,2364,2427,62952934,64482546,41.1869164,2944,0.643545568,0.0146803870,30,19.3063679,6.72816031e-06
36,2364,2427,62952934,64482546,41.1869164,2944,0.643545568,0.0146803870,31,19.9499130,1.06590677e-05
36,2364,2427,62952934,64482546,41.1869164,2944,0.643545568,0.0146803870,32,20.5934582,3.12943484e-06
37,2428,2491,64506837,66035912,41.2013817,2913,0.643771589,0.0156463870,0,0.00000000,0.00962855100
37,2428,2491,64506837,66035912,41.2013817,2913,0.643771589,0.0156463870,1,0.643771589,0.0156463870
37,2428,2491,64506837,66035912,41.2013817,2913,0.643771589,0.0156463870,2,1.28754318,0.00418208800
37,2428,2491,64506837,66035912,41.2013817,2913,0.643771589,0.0156463870,3,1.93131471,0.00362498800
37,2428,2491,64506837,66035912,41.2013817,2913,0.643771589,0.0156463870,4,2.57508636,0.00309599400
37,2428,2491,64506837,66035912,41.2013817,2913,0.643771589,0.0156463870,5,3.21885800,0.00202862400
37,2428,2491,64506837,66035912,41.2013817,2913,0.643771589,0.0156463870,6,3.86262941,0.00111299000
37,2428,2491,64506837,66035912,41.2013817,2913,0.643771589,0.0156463870,7,4.50640106,0.000504948000
37,2428,2491,64506837,66035912,41.2013817,2913,0.643771589,0.0156463870,8,5.15017271,0.000277366000
37,2428,2491,64506837,66035912,41.2013817,2913,0.643771589,0.0156463870,9,5.79394436,0.000429985000
37,2428,2491,64506837,66035912,41.2013817,2913,0.643771589,0.0156463870,10,6.43771601,0.000572735000
37,2428,2491,64506837,66035912,41.2013817,2913,0.643771589,0.0156463870,11,7.08148766,0.000577614000
37,2428,2491,64506837,66035912,41.2013817,2913,0.643771589,0.0156463870,12,7.72525883,0.000519988000
37,2428,2491,64506837,66035912,41.2013817,2913,0.643771589,0.0156463870,13,8.36903095,0.000466353000
37,2428,2491,64506837,66035912,41.2013817,2913,0.643771589,0.0156463870,14,9.01280212,0.000431678000
37,2428,2491,64506837,66035912,41.2013817,2913,0.643771589,0.0156463870,15,9.65657425,0.000357694000
37,2428,2491,64506837,66035912,41.2013817,2913,0.643771589,0.0156463870,16,10.3003454,0.000369846000
37,2428,2491,64506837,66035912,41.2013817,2913,0.643771589,0.0156463870,17,10.9441166,0.000338904000
37,2428,2491,64506837,66035912,41.2013817,2913,0.643771589,0.0156463870,18,11.5878887,0.000327789000
37,2428,2491,64506837,66035912,41.2013817,2913,0.643771589,0.0156463870,19,12.2316599,0.000244842000
37,2428,2491,64506837,66035912,41.2013817,2913,0.643771589,0.0156463870,20,12.8754320,0.000298309000
37,2428,2491,64506837,66035912,41.2013817,2913,0.643771589,0.0156463870,21,13.5192032,0.000307889000
37,2428,2491,64506837,66035912,41.2013817,2913,0.643771589,0.0156463870,22,14.1629753,0.000282926000
37,2428,2491,64506837,66035912,41.2013817,2913,0.643771589,0.0156463870,23,14.8067465,0.000299349000
37,2428,2491,64506837,66035912,41.2013817,2913,0.643771589,0.0156463870,24,15.4505177,0.000272154000
37,2428,2491,64506837,66035912,41.2013817,2913,0.643771589,0.0156463870,25,16.0942898,0.000256953000
37,2428,2491,64506837,66035912,41.2013817,2913,0.643771589,0.0156463870,26,16.7380619,0.000256981000
37,2428,2491,64506837,66035912,41.2013817,2913,0.643771589,0.0156463870,27,17.3818321,0.000266485000
37,2428,2491,64506837,66035912,41.2013817,2913,0.643771589,0.0156463870,28,18.0256042,0.000248133000
37,2428,2491,64506837,66035912,41.2013817,2913,0.643771589,0.0156463870,29,18.6693764,0.000280622000
37,2428,2491,64506837,66035912,41.2013817,2913,0.643771589,0.0156463870,30,19.3131485,0.000252819000
37,2428,2491,64506837,66035912,41.2013817,2913,0.643771589,0.0156463870,31,19.9569187,0.000249165000
37,2428,2491,64506837,66035912,41.2013817,2913,0.643771589,0.0156463870,32,20.6006908,0.000123798000
38,2492,2555,66060206,67589862,41.1857300,2930,0.643527031,0.0840730740,0,0.00000000,0.0130174000
38,2492,2555,66060206,67589862,41.1857300,2930,0.643527031,0.0840730740,1,0.643527031,0.0840730740
38,2492,2555,66060206,67589862,41.1857300,2930,0.643527031,0.0840730740,2,1.28705406,0.0631267500
38,2492,2555,66060206,67589862,41.1857300,2930,0.643527031,0.0840730740,3,1.93058109,0.0194183810
38,2492,2555,66060206,67589862,41.1857300,2930,0.643527031,0.0840730740,4,2.57410812,0.00439729700
38,2492,2555,66060206,67589862,41.1857300,2930,0.643527031,0.0840730740,5,3.21763515,0.00129757700
38,2492,2555,66060206,67589862,41.1857300,2930,0.643527031,0.0840730740,6,3.86116219,0.00153565900
38,2492,2555,66060206,67589862,41.1857300,2930,0.643527031,0.0840730740,7,4.50468922,0.000468216000
38,2492,2555,66060206,67589862,41.1857300,2930,0.643527031,0.0840730740,8,5.14821625,0.000569220000
38,2492,2555,66060206,67589862,41.1857300,2930,0.643527031,0.0840730740,9,5.79174328,0.000920675000
38,2492,2555,66060206,67589862,41.1857300,2930,0.643527031,0.0840730740,10,6.43527031,0.000209172000
38,2492,2555,66060206,67589862,41.1857300,2930,0.643527031,0.0840730740,11,7.07879734,0.000446003000
38,2492,2555,66060206,67589862,41.1857300,2930,0.643527031,0.0840730740,12,7.72232437,0.000423412000
38,2492,2555,66060206,67589862,41.1857300,2930,0.643527031,0.0840730740,13,8.36585140,0.000306583000
38,2492,2555,66060206,67589862,41.1857300,2930,0.643527031,0.0840730740,14,9.00937843,0.000835509000
38,2492,2555,66060206,67589862,41.1857300,2930,0.643527031,0.0840730740,15,9.65290546,0.000167222000
38,2492,2555,66060206,67589862,41.1857300,2930,0.643527031,0.0840730740,16,10.2964325,0.000352986000
38,2492,2555,66060206,67589862,41.1857300,2930,0.643527031,0.0840730740,17,10.9399595,0.000279993000
38,2492,2555,66060206,67589862,41.1857300,2930,0.643527031,0.0840730740,18,11.5834866,0.000602300000
38,2492,2555,66060206,67589862,41.1857300,2930,0.643527031,0.0840730740,19,12.2270136,0.000105912000
38,2492,2555,66060206,67589862,41.1857300,2930,0.643527031,0.0840730740,20,12.8705406,0.000444070000
38,2492,2555,66060206,67589862,41.1857300,2930,0.643527031,0.0840730740,21,13.5140676,0.000352593000
38,2492,2555,66060206,67589862,41.1857300,2930,0.643527031,0.0840730740,22,14.1575947,0.000217680000
38,2492,2555,66060206,67589862,41.1857300,2930,0.643527031,0.0840730740,23,14.8011217,0.000271740000
38,2492,2555,66060206,67589862,41.1857300,2930,0.643527031,0.0840730740,24,15.4446487,0.000265202000
38,2492,2555,66060206,67589862,41.1857300,2930,0.643527031,0.0840730740,25,16.0881767,0.000324902000
38,2492,2555,66060206,67589862,41.1857300,2930,0.643527031,0.0840730740,26,16.7317028,0.000228501000
38,2492,2555,66060206,67589862,41.1857300,2930,0.643527031,0.0840730740,27,17.3752289,0.000254316000
38,2492,2555,66060206,67589862,41.1857300,2930,0.643527031,0.0840730740,28,18.0187569,0.000298089000
38,2492,2555,66060206,67589862,41.1857300,2930,0.643527031,0.0840730740,29,18.6622849,0.000222424000
38,2492,2555,66060206,67589862,41.1857300,2930,0.643527031,0.0840730740,30,19.3058109,0.000305914000
38,2492,2555,66060206,67589862,41.1857300,2930,0.643527031,0.0840730740,31,19.9493370,0.000225184000
38,2492,2555,66060206,67589862,41.1857300,2930,0.643527031,0.0840730740,32,20.5928650,0.000120013000
39,2556,2619,67614141,69143659,41.1894455,2955,3.21792555,0.00178298000,0,0.00000000,0.000166268000
39,2556,2619,67614141,69143659,41.1894455,2955,3.21792555,0.00178298000,1,0.643585086,0.000716493000
39,2556,2619,67614141,69143659,41.1894455,2955,3.21792555,0.00178298000,2,1.28717017,0.00140057400
39,2556,2619,67614141,69143659,41.1894455,2955,3.21792555,0.00178298000,3,1.93075526,0.000851120000
39,2556,2619,67614141,69143659,41.1894455,2955,3.21792555,0.00178298000,4,2.57434034,0.00162671000
39,2556,2619,67614141,69143659,41.1894455,2955,3.21792555,0.00178298000,5,3.21792555,0.00178298000
39,2556,2619,67614141,69143659,41.1894455,2955,3.21792555,0.00178298000,6,3.86151052,0.00113411500
39,2556,2619,67614141,69143659,41.1894455,2955,3.21792555,0.00178298000,7,4.50509548,0.000107692000
39,2556,2619,67614141,69143659,41.1894455,2955,3.21792555,0.00178298000,8,5.14868069,0.000143440000
39,2556,2619,67614141,69143659,41.1894455,2955,3.21792555,0.00178298000,9,5.79226589,0.000264465000
39,2556,2619,67614141,69143659,41.1894455,2955,3.21792555,0.00178298000,10,6.43585110,0.000440596000
39,2556,2619,67614141,69143659,41.1894455,2955,3.21792555,0.00178298000,11,7.07943583,0.000340776000
39,2556,2619,67614141,69143659,41.1894455,2955,3.21792555,0.00178298000,12,7.72302103,0.000149045000
39,2556,2619,67614141,69143659,41.1894455,2955,3.21792555,0.00178298000,13,8.36660576,7.97982272e-05
39,2556,2619,67614141,69143659,41.1894455,2955,3.21792555,0.00178298000,14,9.01019096,0.000110691000
39,2556,2619,67614141,69143659,41.1894455,2955,3.21792555,0.00178298000,15,9.65377617,8.89237259e-05
39,2556,2619,67614141,69143659,41.1894455,2955,3.21792555,0.00178298000,16,10.2973614,2.16232853e-05
39,2556,2619,67614141,69143659,41.1894455,2955,3.21792555,0.00178298000,17,10.9409466,0.000128738000
39,2556,2619,67614141,69143659,41.1894455,2955,3.21792555,0.00178298000,18,11.5845318,0.000209408000
39,2556,2619,67614141,69143659,41.1894455,2955,3.21792555,0.00178298000,19,12.2281170,0.000155002000
39,2556,2619,67614141,69143659,41.1894455,2955,3.21792555,0.00178298000,20,12.8717022,0.000111627000
39,2556,2619,67614141,69143659,41.1894455,2955,3.21792555,0.00178298000,21,13.5152864,6.17376927e-05
39,2556,2619,67614141,69143659,41.1894455,2955,3.21792555,0.00178298000,22,14.1588717,2.54714683e-05
39,2556,2619,67614141,69143659,41.1894455,2955,3.21792555,0.00178298000,23,14.8024569,2.97050697e-05
39,2556,2619,67614141,69143659,41.1894455,2955,3.21792555,0.00178298000,24,15.4460421,1.47758835e-05
39,2556,2619,67614141,69143659,41.1894455,2955,3.21792555,0.00178298000,25,16.0896263,2.67126303e-05
39,2556,2619,67614141,69143659,41.1894455,2955,3.21792555,0.00178298000,26,16.7332115,2.43125956e-05
39,2556,2619,67614141,69143659,41.1894455,2955,3.21792555,0.00178298000,27,17.3767967,5.15421554e-05
39,2556,2619,67614141,69143659,41.1894455,2955,3.21792555,0.00178298000,28,18.0203819,2.97131860e-05
39,2556,2619,67614141,69143659,41.1894455,2955,3.21792555,0.00178298000,29,18.6639671,3.04155560e-05
39,2556,2619,67614141,69143659,41.1894455,2955,3.21792555,0.00178298000,30,19.3075523,4.41874611e-05
39,2556,2619,67614141,69143659,41.1894455,2955,3.21792555,0.00178298000,31,19.9511375,0.99179323e-05
39,2556,2619,67614141,69143659,41.1894455,2955,3.21792555,0.00178298000,32,20.5947227,8.09790345e-06
40,2620,2683,69167953,70696983,41.2025909,2932,0.643790483,0.0921191570,0,0.00000000,0.0333237910
40,2620,2683,69167953,70696983,41.2025909,2932,0.643790483,0.0921191570,1,0.643790483,0.0921191570
40,2620,2683,69167953,70696983,41.2025909,2932,0.643790483,0.0921191570,2,1.28758097,0.0810343550
40,2620,2683,69167953,70696983,41.2025909,2932,0.643790483,0.0921191570,3,1.93137145,0.0392067470
40,2620,2683,69167953,70696983,41.2025909,2932,0.643790483,0.0921191570,4,2.57516193,0.0200488920
40,2620,2683,69167953,70696983,41.2025909,2932,0.643790483,0.0921191570,5,3.21895242,0.0148294370
40,2620,2683,69167953,70696983,41.2025909,2932,0.643790483,0.0921191570,6,3.86274290,0.00748832700
40,2620,2683,69167953,70696983,41.2025909,2932,0.643790483,0.0921191570,7,4.50653362,0.00135850300
40,2620,2683,69167953,70696983,41.2025909,2932,0.643790483,0.0921191570,8,5.15032387,0.000370436000
40,2620,2683,69167953,70696983,41.2025909,2932,0.643790483,0.0921191570,9,5.79411411,0.00101002400
40,2620,2683,69167953,70696983,41.2025909,2932,0.643790483,0.0921191570,10,6.43790483,0.000206703000
40,2620,2683,69167953,70696983,41.2025909,2932,0.643790483,0.0921191570,11,7.08169556,0.000914208000
40,2620,2683,69167953,70696983,41.2025909,2932,0.643790483,0.0921191570,12,7.72548580,0.00099363900
40,2620,2683,69167953,70696983,41.2025909,2932,0.643790483,0.0921191570,13,8.36927605,0.000873215000
40,2620,2683,69167953,70696983,41.2025909,2932,0.643790483,0.0921191570,14,9.01306725,0.000177628000
40,2620,2683,69167953,70696983,41.2025909,2932,0.643790483,0.0921191570,15,9.65685749,0.000253542000
40,2620,2683,69167953,70696983,41.2025909,2932,0.643790483,0.0921191570,16,10.3006477,0.000224548000
40,2620,2683,69167953,70696983,41.2025909,2932,0.643790483,0.0921191570,17,10.9444380,0.000101519000
40,2620,2683,69167953,70696983,41.2025909,2932,0.643790483,0.0921191570,18,11.5882282,0.000223352000
40,2620,2683,69167953,70696983,41.2025909,2932,0.643790483,0.0921191570,19,12.2320194,0.000449829000
40,2620,2683,69167953,70696983,41.2025909,2932,0.643790483,0.0921191570,20,12.8758097,0.000178573000
40,2620,2683,69167953,70696983,41.2025909,2932,0.643790483,0.0921191570,21,13.5195999,0.000363047000
40,2620,2683,69167953,70696983,41.2025909,2932,0.643790483,0.0921191570,22,14.1633911,9.80954996e-05
40,2620,2683,69167953,70696983,41.2025909,2932,0.643790483,0.0921191570,23,14.8071814,0.000185542000
40,2620,2683,69167953,70696983,41.2025909,2932,0.643790483,0.0921191570,24,15.4509716,0.000141830000
40,2620,2683,69167953,70696983,41.2025909,2932,0.643790483,0.0921191570,25,16.0947628,0.000150525000
40,2620,2683,69167953,70696983,41.2025909,2932,0.643790483,0.0921191570,26,16.7385521,0.000152708000
40,2620,2683,69167953,70696983,41.2025909,2932,0.643790483,0.0921191570,27,17.3823433,0.000129402000
40,2620,2683,69167953,70696983,41.2025909,2932,0.643790483,0.0921191570,28,18.0261345,0.000166173000
40,2620,2683,69167953,70696983,41.2025909,2932,0.643790483,0.0921191570,29,18.6699238,0.000181870000
40,2620,2683,69167953,70696983,41.2025909,2932,0.643790483,0.0921191570,30,19.3137150,0.000139739000
40,2620,2683,69167953,70696983,41.2025909,2932,0.643790483,0.0921191570,31,19.9575043,0.000177949000
40,2620,2683,69167953,70696983,41.2025909,2932,0.643790483,0.0921191570,32,20.6012955,6.79877475e-05
41,2684,2747,70721267,72250896,41.1864586,2922,0.643538415,0.0224374890,0,0.00000000,0.00717900900
41,2684,2747,70721267,72250896,41.1864586,2922,0.643538415,0.0224374890,1,0.643538415,0.0224374890
41,2684,2747,70721267,72250896,41.1864586,2922,0.643538415,0.0224374890,2,1.28707683,0.0174929350
41,2684,2747,70721267,72250896,41.1864586,2922,0.643538415,0.0224374890,3,1.93061519,0.00964249900
41,2684,2747,70721267,72250896,41.1864586,2922,0.643538415,0.0224374890,4,2.57415366,0.00535860800
41,2684,2747,70721267,72250896,41.1864586,2922,0.643538415,0.0224374890,5,3.21769214,0.00263369300
41,2684,2747,70721267,72250896,41.1864586,2922,0.643538415,0.0224374890,6,3.86123037,0.000870935000
41,2684,2747,70721267,72250896,41.1864586,2922,0.643538415,0.0224374890,7,4.50476885,0.000580292000
41,2684,2747,70721267,72250896,41.1864586,2922,0.643538415,0.0224374890,8,5.14830732,0.000730391000
41,2684,2747,70721267,72250896,41.1864586,2922,0.643538415,0.0224374890,9,5.79184580,0.000227905000
41,2684,2747,70721267,72250896,41.1864586,2922,0.643538415,0.0224374890,10,6.43538427,9.13116151e-05
41,2684,2747,70721267,72250896,41.1864586,2922,0.643538415,0.0224374890,11,7.07892275,0.000613395000
41,2684,2747,70721267,72250896,41.1864586,2922,0.643538415,0.0224374890,12,7.72246075,0.000123213000
41,2684,2747,70721267,72250896,41.1864586,2922,0.643538415,0.0224374890,13,8.36599922,0.000161000000
41,2684,2747,70721267,72250896,41.1864586,2922,0.643538415,0.0224374890,14,9.00953770,0.000330151000
41,2684,2747,70721267,72250896,41.1864586,2922,0.643538415,0.0224374890,15,9.65307617,8.88719720e-05
41,2684,2747,70721267,72250896,41.1864586,2922,0.643538415,0.0224374890,16,10.2966146,0.000234492000
41,2684,2747,70721267,72250896,41.1864586,2922,0.643538415,0.0224374890,17,10.9401531,0.000103038000
41,2684,2747,70721267,72250896,41.1864586,2922,0.643538415,0.0224374890,18,11.5836916,0.000240191000
41,2684,2747,70721267,72250896,41.1864586,2922,0.643538415,0.0224374890,19,12.2272301,0.000278181000
41,2684,2747,70721267,72250896,41.1864586,2922,0.643538415,0.0224374890,20,12.8707685,0.000134870000
41,2684,2747,70721267,72250896,41.1864586,2922,0.643538415,0.0224374890,21,13.5143070,0.000140746000
41,2684,2747,70721267,72250896,41.1864586,2922,0.643538415,0.0224374890,22,14.1578455,0.000166818000
41,2684,2747,70721267,72250896,41.1864586,2922,0.643538415,0.0224374890,23,14.8013840,0.000135490000
41,2684,2747,70721267,72250896,41.1864586,2922,0.643538415,0.0224374890,24,15.4449215,0.000148445000
41,2684,2747,70721267,72250896,41.1864586,2922,0.643538415,0.0224374890,25,16.0884609,0.000121436000
41,2684,2747,70721267,72250896,41.1864586,2922,0.643538415,0.0224374890,26,16.7319984,0.000148554000
41,2684,2747,70721267,72250896,41.1864586,2922,0.643538415,0.0224374890,27,17.3755379,0.000129500000
41,2684,2747,70721267,72250896,41.1864586,2922,0.643538415,0.0224374890,28,18.0190754,0.000175900000
41,2684,2747,70721267,72250896,41.1864586,2922,0.643538415,0.0224374890,29,18.6626148,9.84854982e-05
41,2684,2747,70721267,72250896,41.1864586,2922,0.643538415,0.0224374890,30,19.3061523,0.000132809000
41,2684,2747,70721267,72250896,41.1864586,2922,0.643538415,0.0224374890,31,19.9496918,0.000116299000
41,2684,2747,70721267,72250896,41.1864586,2922,0.643538415,0.0224374890,32,20.5932293,6.91975355e-05
42,2748,2811,72275168,73804774,41.1870766,2922,0.643548071,0.00119024700,0,0.00000000,0.000307001000
42,2748,2811,72275168,73804774,41.1870766,2922,0.643548071,0.00119024700,1,0.643548071,0.00119024700
42,2748,2811,72275168,73804774,41.1870766,2922,0.643548071,0.00119024700,2,1.28709614,0.000852619000
42,2748,2811,72275168,73804774,41.1870766,2922,0.643548071,0.00119024700,3,1.93064427,0.000682329000
42,2748,2811,72275168,73804774,41.1870766,2922,0.643548071,0.00119024700,4,2.57419229,0.000367452000
42,2748,2811,72275168,73804774,41.1870766,2922,0.643548071,0.00119024700,5,3.21774030,0.000179454000
42,2748,2811,72275168,73804774,41.1870766,2922,0.643548071,0.00119024700,6,3.86128855,0.000330607000
42,2748,2811,72275168,73804774,41.1870766,2922,0.643548071,0.00119024700,7,4.50483656,0.000222618000
42,2748,2811,72275168,73804774,41.1870766,2922,0.643548071,0.00119024700,8,5.14838457,8.04296858e-05
42,2748,2811,72275168,73804774,41.1870766,2922,0.643548071,0.00119024700,9,5.79193258,6.04704210e-05
42,2748,2811,72275168,73804774,41.1870766,2922,0.643548071,0.00119024700,10,6.43548059,0.000161056000
42,2748,2811,72275168,73804774,41.1870766,2922,0.643548071,0.00119024700,11,7.07902861,0.000203427000
42,2748,2811,72275168,73804774,41.1870766,2922,0.643548071,0.00119024700,12,7.72257710,0.000114738000
42,2748,2811,72275168,73804774,41.1870766,2922,0.643548071,0.00119024700,13,8.36612511,6.43262383e-05
42,2748,2811,72275168,73804774,41.1870766,2922,0.643548071,0.00119024700,14,9.00967312,6.71334482e-05
42,2748,2811,72275168,73804774,41.1870766,2922,0.643548071,0.00119024700,15,9.65322113,2.28967180e-05
42,2748,2811,72275168,73804774,41.1870766,2922,0.643548071,0.00119024700,16,10.2967691,4.49838583e-05
42,2748,2811,72275168,73804774,41.1870766,2922,0.643548071,0.00119024700,17,10.9403172,3.12965308e-05
42,2748,2811,72275168,73804774,41.1870766,2922,0.643548071,0.00119024700,18,11.5838652,3.29251811e-05
42,2748,2811,72275168,73804774,41.1870766,2922,0.643548071,0.00119024700,19,12.2274132,4.81306299e-05
42,2748,2811,72275168,73804774,41.1870766,2922,0.643548071,0.00119024700,20,12.8709612,3.10084247e-05
42,2748,2811,72275168,73804774,41.1870766,2922,0.643548071,0.00119024700,21,13.5145092,4.93230684e-05
42,2748,2811,72275168,73804774,41.1870766,2922,0.643548071,0.00119024700,22,14.1580572,5.00216258e-05
42,2748,2811,72275168,73804774,41.1870766,2922,0.643548071,0.00119024700,23,14.8016052,8.10215988e-06
42,2748,2811,72275168,73804774,41.1870766,2922,0.643548071,0.00119024700,24,15.4451542,1.49786736e-05
42,2748,2811,72275168,73804774,41.1870766,2922,0.643548071,0.00119024700,25,16.0887012,6.96132292e-06
42,2748,2811,72275168,73804774,41.1870766,2922,0.643548071,0.00119024700,26,16.7322502,1.40524105e-05
42,2748,2811,72275168,73804774,41.1870766,2922,0.643548071,0.00119024700,27,17.3757973,4.08373262e-06
42,2748,2811,72275168,73804774,41.1870766,2922,0.643548071,0.00119024700,28,18.0193462,8.83910889e-06
42,2748,2811,72275168,73804774,41.1870766,2922,0.643548071,0.00119024700,29,18.6628933,2.45813295e-05
42,2748,2811,72275168,73804774,41.1870766,2922,0.643548071,0.00119024700,30,19.3064423,1.17758171e-05
42,2748,2811,72275168,73804774,41.1870766,2922,0.643548071,0.00119024700,31,19.9499893,1.42497236e-05
42,2748,2811,72275168,73804774,41.1870766,2922,0.643548071,0.00119024700,32,20.5935383,2.91667811e-06
43,2812,2875,73829049,75358144,41.2008400,2911,0.643763125,0.000244713000,0,0.00000000,5.39927088e-05
43,2812,2875,73829049,75358144,41.2008400,2911,0.643763125,0.000244713000,1,0.643763125,0.000244713000
43,2812,2875,73829049,75358144,41.2008400,2911,0.643763125,0.000244713000,2,1.28752625,0.000112197000
43,2812,2875,73829049,75358144,41.2008400,2911,0.643763125,0.000244713000,3,1.93128943,4.29490859e-05
43,2812,2875,73829049,75358144,41.2008400,2911,0.643763125,0.000244713000,4,2.57505250,0.000116271000
43,2812,2875,73829049,75358144,41.2008400,2911,0.643763125,0.000244713000,5,3.21881557,6.47739789e-05
43,2812,2875,73829049,75358144,41.2008400,2911,0.643763125,0.000244713000,6,3.86257887,3.88293587e-05
43,2812,2875,73829049,75358144,41.2008400,2911,0.643763125,0.000244713000,7,4.50634193,1.91180731e-05
43,2812,2875,73829049,75358144,41.2008400,2911,0.643763125,0.000244713000,8,5.15010500,4.33037712e-06
43,2812,2875,73829049,75358144,41.2008400,2911,0.643763125,0.000244713000,9,5.79386806,3.54111785e-06
43,2812,2875,73829049,75358144,41.2008400,2911,0.643763125,0.000244713000,10,6.43763113,3.25533892e-06
43,2812,2875,73829049,75358144,41.2008400,2911,0.643763125,0.000244713000,11,7.08139420,1.15842930e-05
43,2812,2875,73829049,75358144,41.2008400,2911,0.643763125,0.000244713000,12,7.72515774,7.33771776e-06
43,2812,2875,73829049,75358144,41.2008400,2911,0.643763125,0.000244713000,13,8.36892033,1.38786270e-05
43,2812,2875,73829049,75358144,41.2008400,2911,0.643763125,0.000244713000,14,9.01268387,2.05497033e-05
43,2812,2875,73829049,75358144,41.2008400,2911,0.643763125,0.000244713000,15,9.65644646,1.32970970e-05
43,2812,2875,73829049,75358144,41.2008400,2911,0.643763125,0.000244713000,16,10.3002100,3.17440049e-06
43,2812,2875,73829049,75358144,41.2008400,2911,0.643763125,0.000244713000,17,10.9439735,3.17867170e-06
43,2812,2875,73829049,75358144,41.2008400,2911,0.643763125,0.000244713000,18,11.5877361,3.35528557e-06
43,2812,2875,73829049,75358144,41.2008400,2911,0.643763125,0.000244713000,19,12.2314997,8.91959371e-06
43,2812,2875,73829049,75358144,41.2008400,2911,0.643763125,0.000244713000,20,12.8752623,9.07644244e-06
43,2812,2875,73829049,75358144,41.2008400,2911,0.643763125,0.000244713000,21,13.5190258,6.77437492e-06
43,2812,2875,73829049,75358144,41.2008400,2911,0.643763125,0.000244713000,22,14.1627884,6.85721125e-06
43,2812,2875,73829049,75358144,41.2008400,2911,0.643763125,0.000244713000,23,14.8065519,5.06923880e-06
43,2812,2875,73829049,75358144,41.2008400,2911,0.643763125,0.000244713000,24,15.4503155,2.53421763e-06
43,2812,2875,73829049,75358144,41.2008400,2911,0.643763125,0.000244713000,25,16.0940781,4.79754272e-06
43,2812,2875,73829049,75358144,41.2008400,2911,0.643763125,0.000244713000,26,16.7378407,8.31094621e-06
43,2812,2875,73829049,75358144,41.2008400,2911,0.643763125,0.000244713000,27,17.3816051,3.29179716e-06
43,2812,2875,73829049,75358144,41.2008400,2911,0.643763125,0.000244713000,28,18.0253677,5.48808248e-06
43,2812,2875,73829049,75358144,41.2008400,2911,0.643763125,0.000244713000,29,18.6691303,4.83738222e-06
43,2812,2875,73829049,75358144,41.2008400,2911,0.643763125,0.000244713000,30,19.3128929,6.95621611e-06
43,2812,2875,73829049,75358144,41.2008400,2911,0.643763125,0.000244713000,31,19.9566574,3.52322513e-06
43,2812,2875,73829049,75358144,41.2008400,2911,0.643763125,0.000244713000,32,20.6004200,9.39853918e-07
44,2876,2939,75382418,76912046,41.1864853,2959,0.643538833,0.000222187000,0,0.00000000,6.10336311e-05
44,2876,2939,75382418,76912046,41.1864853,2959,0.643538833,0.000222187000,1,0.643538833,0.000222187000
44,2876,2939,75382418,76912046,41.1864853,2959,0.643538833,0.000222187000,2,1.28707767,5.46937400e-05
44,2876,2939,75382418,76912046,41.1864853,2959,0.643538833,0.000222187000,3,1.93061650,0.000111090000
44,2876,2939,75382418,76912046,41.1864853,2959,0.643538833,0.000222187000,4,2.57415533,1.56462499e-05
44,2876,2939,75382418,76912046,41.1864853,2959,0.643538833,0.000222187000,5,3.21769428,1.99662151e-05
44,2876,2939,75382418,76912046,41.1864853,2959,0.643538833,0.000222187000,6,3.86123300,3.75302983e-05
44,2876,2939,75382418,76912046,41.1864853,2959,0.643538833,0.000222187000,7,4.50477171,5.49306378e-06
44,2876,2939,75382418,76912046,41.1864853,2959,0.643538833,0.000222187000,8,5.14831066,1.01290396e-05
44,2876,2939,75382418,76912046,41.1864853,2959,0.643538833,0.000222187000,9,5.79184961,7.09667711e-06
44,2876,2939,75382418,76912046,41.1864853,2959,0.643538833,0.000222187000,10,6.43538857,9.66809239e-06
44,2876,2939,75382418,76912046,41.1864853,2959,0.643538833,0.000222187000,11,7.07892704,1.04564013e-05
44,2876,2939,75382418,76912046,41.1864853,2959,0.643538833,0.000222187000,12,7.72246599,2.54033363e-05
44,2876,2939,75382418,76912046,41.1864853,2959,0.643538833,0.000222187000,13,8.36600494,1.41375429e-05
44,2876,2939,75382418,76912046,41.1864853,2959,0.643538833,0.000222187000,14,9.00954342,9.04507669e-06
44,2876,2939,75382418,76912046,41.1864853,2959,0.643538833,0.000222187000,15,9.65308285,9.13703843e-06
44,2876,2939,75382418,76912046,41.1864853,2959,0.643538833,0.000222187000,16,10.2966213,2.82716769e-06
44,2876,2939,75382418,76912046,41.1864853,2959,0.643538833,0.000222187000,17,10.9401598,7.47710556e-06
44,2876,2939,75382418,76912046,41.1864853,2959,0.643538833,0.000222187000,18,11.5836992,1.08141038e-05
44,2876,2939,75382418,76912046,41.1864853,2959,0.643538833,0.000222187000,19,12.2272377,6.32172078e-06
44,2876,2939,75382418,76912046,41.1864853,2959,0.643538833,0.000222187000,20,12.8707771,9.74844352e-06
44,2876,2939,75382418,76912046,41.1864853,2959,0.643538833,0.000222187000,21,13.5143156,1.02984676e-05
44,2876,2939,75382418,76912046,41.1864853,2959,0.643538833,0.000222187000,22,14.1578541,7.40128553e-06
44,2876,2939,75382418,76912046,41.1864853,2959,0.643538833,0.000222187000,23,14.8013935,6.37045332e-06
44,2876,2939,75382418,76912046,41.1864853,2959,0.643538833,0.000222187000,24,15.4449320,1.79197093e-06
44,2876,2939,75382418,76912046,41.1864853,2959,0.643538833,0.000222187000,25,16.0884705,6.27848522e-06
44,2876,2939,75382418,76912046,41.1864853,2959,0.643538833,0.000222187000,26,16.7320099,7.01399449e-06
44,2876,2939,75382418,76912046,41.1864853,2959,0.643538833,0.000222187000,27,17.3755493,4.42264036e-06
44,2876,2939,75382418,76912046,41.1864853,2959,0.643538833,0.000222187000,28,18.0190868,5.44320869e-07
44,2876,2939,75382418,76912046,41.1864853,2959,0.643538833,0.000222187000,29,18.6626263,2.91264359e-06
44,2876,2939,75382418,76912046,41.1864853,2959,0.643538833,0.000222187000,30,19.3061657,4.59894409e-06
44,2876,2939,75382418,76912046,41.1864853,2959,0.643538833,0.000222187000,31,19.9497032,1.55476221e-06
44,2876,2939,75382418,76912046,41.1864853,2959,0.643538833,0.000222187000,32,20.5932426,9.05714557e-07
