index,storage_timestamp_us,sensor_timestamp_us,ax,ay,az,gx,gy,gz,mx,my,mz
0,5577065,5563709,6,-196,8340,-33,-3,33,39,39,-353
1,5589059,5588226,8,-237,10445,-26,-3,32,49,48,-442
2,5613058,5612583,8,-277,12550,-18,-1,31,59,58,-532
3,5637058,5636854,11,-316,14657,3,2,30,69,67,-620
4,5663058,5661122,9,-349,16769,11,5,-3,79,77,-710
5,5687058,5685384,8,-350,16771,18,7,-5,80,78,-709
6,5711058,5709646,-55,-352,16822,18,8,-3,80,78,-710
7,5735058,5733905,-39,-370,16822,-2,5,-22,81,78,-709
8,5759058,5758164,-19,-381,16818,0,5,-70,81,77,-710
9,5783058,5782426,-38,-359,16831,10,7,-127,81,77,-709
10,5807058,5806689,-32,-338,16834,17,9,-184,79,77,-709
11,5831058,5830950,-26,-326,16833,25,10,-228,79,77,-709
12,5857058,5855221,-23,-329,16832,45,12,-254,78,77,-709
13,5881058,5879482,-17,-305,16876,50,10,-272,76,76,-710
14,5905058,5903742,49,-274,16879,41,3,-277,75,75,-711
15,5929058,5928006,27,-251,16908,21,-7,-258,75,73,-711
16,5953058,5952266,27,-248,16906,-17,-17,-206,74,75,-712
17,5977058,5976529,51,-272,16915,-50,-27,-145,73,74,-712
18,6001058,6000792,66,-305,16925,-79,-35,-83,75,75,-711
19,6025063,6025057,68,-321,16956,-103,-42,-35,74,75,-712
20,6051058,6049321,64,-335,16984,-129,-51,-7,75,73,-712
21,6075058,6073583,76,-378,16960,-154,-57,19,76,75,-712
22,6099058,6097846,108,-430,16973,-175,-58,37,76,75,-711
23,6123058,6122105,105,-461,17012,-208,-61,50,76,75,-711
24,6147058,6146366,40,-506,17014,-243,-74,52,76,75,-708
25,6171058,6170625,30,-593,16933,-270,-96,38,76,76,-707
26,6195058,6194887,27,-679,16844,-263,-121,16,74,78,-706
27,6221058,6219155,57,-734,16787,-241,-148,-12,74,78,-704
28,6245058,6243416,109,-780,16746,-203,-170,-35,72,80,-703
29,6269058,6267677,155,-818,16737,-161,-185,-64,70,81,-702
30,6293058,6291939,201,-848,16706,-122,-192,-98,70,80,-702
31,6317058,6316198,267,-861,16640,-64,-189,-131,69,80,-700
32,6341687,6340583,368,-849,16640,3,-172,-155,68,81,-702
33,6365686,6364906,465,-821,16713,54,-148,-162,68,80,-701
34,6389686,6389179,535,-780,16800,67,-118,-152,68,80,-701
35,6413686,6413443,567,-770,16855,63,-94,-134,69,80,-702
36,6439686,6437712,580,-760,16876,48,-82,-115,69,80,-702
37,6463686,6461971,578,-729,16889,44,-81,-92,68,80,-702
38,6487686,6486234,558,-733,16896,48,-95,-73,67,82,-703
39,6511686,6510498,624,-738,16886,53,-113,-64,66,82,-704
40,6535686,6534760,701,-722,16893,59,-128,-55,65,81,-703
41,6559686,6559022,728,-691,16903,58,-136,-53,64,82,-703
42,6583686,6583284,746,-692,16889,61,-143,-63,63,80,-705
43,6607686,6607545,786,-693,16871,57,-139,-77,61,79,-704
44,6633687,6631814,837,-675,16850,59,-108,-98,61,79,-703
45,6657686,6656074,865,-658,16864,47,-58,-120,61,78,-703
46,6681686,6680331,856,-655,16884,7,3,-141,62,79,-703
47,6705686,6704592,793,-690,16902,-44,65,-151,62,79,-702
48,6729686,6728851,719,-723,16926,-100,111,-152,63,79,-701
49,6753686,6753113,643,-792,16913,-139,146,-138,63,77,-702
50,6777686,6777375,557,-862,16941,-161,158,-118,62,79,-701
51,6801686,6801637,467,-891,16965,-170,150,-96,62,80,-700
52,6827686,6825902,386,-950,17006,-179,122,-78,63,81,-701
53,6851686,6850162,340,-1039,16975,-166,94,-65,63,81,-701
54,6875686,6874425,357,-1090,16940,-118,72,-52,62,81,-701
55,6899686,6898688,373,-1090,16971,-49,78,-36,63,82,-702
56,6923686,6922947,343,-1148,16971,31,107,-29,63,81,-703
57,6947686,6947210,319,-1076,16979,115,150,-33,64,82,-703
58,6971686,6971470,289,-982,16973,173,216,-40,66,81,-704
59,6997686,6995741,260,-957,16933,209,294,-36,68,79,-706
60,7021690,7020078,177,-905,16898,233,372,-26,69,78,-707
61,7045687,7044380,108,-843,16875,240,433,-21,72,78,-707
62,7069686,7068647,3,-772,16783,251,455,-39,75,76,-708
63,7093686,7092914,-155,-695,16669,277,399,-72,75,74,-709
64,7117509,7117301,-186,-518,16552,307,237,-83,75,73,-710
65,7143509,7141622,-148,-405,16453,313,16,-83,75,71,-711
66,7167509,7165896,-4,-262,16453,294,-198,-81,73,71,-711
67,7191509,7190161,179,-80,16503,263,-362,-108,70,70,-712
68,7215509,7214425,418,65,16579,204,-440,-150,69,69,-710
69,7239509,7238689,518,86,16675,141,-481,-182,66,68,-711
70,7263509,7262952,559,51,16757,93,-523,-179,63,68,-708
71,7287509,7287216,660,0,16869,34,-526,-156,62,69,-706
72,7311509,7311483,696,-110,16964,-35,-433,-144,61,70,-706
73,7337509,7335746,717,-197,17047,-94,-298,-140,60,71,-705
74,7361509,7360011,688,-325,17025,-129,-173,-141,60,71,-703
75,7385509,7384275,586,-470,17000,-134,-104,-119,59,72,-703
76,7409509,7408542,491,-604,16913,-103,-127,-78,58,71,-703
77,7433509,7432806,547,-575,16928,-59,-171,-36,58,72,-704
78,7457509,7457072,674,-494,16982,-45,-176,-7,57,72,-706
79,7481509,7481337,778,-448,16973,-49,-157,10,57,72,-705
80,7507510,7505658,862,-416,16977,-55,-141,15,57,72,-704
81,7531509,7529921,905,-427,16985,-53,-121,16,55,73,-704
82,7555509,7554185,914,-426,16998,-42,-97,21,55,73,-705
83,7579509,7578448,946,-422,16982,-31,-70,22,55,73,-705
84,7603509,7602715,966,-413,17010,-21,-34,16,54,74,-705
85,7627509,7626981,955,-434,16936,-18,-11,12,54,74,-705
86,7651509,7651248,938,-464,16908,-15,-1,10,55,74,-704
87,7677510,7675521,938,-468,16895,-13,-4,11,54,73,-705
88,7701509,7699784,934,-478,16887,-10,-9,13,52,74,-707
89,7725509,7724048,943,-505,16888,-12,-12,11,53,73,-706
90,7749509,7748324,1040,-457,16706,3,-14,10,53,72,-707
91,7773509,7772589,1059,-492,16637,57,-6,22,54,71,-707
92,7797509,7796854,1017,-462,16699,114,3,35,55,69,-707
93,7821509,7821122,964,-416,16769,150,6,33,54,68,-706
94,7845509,7845393,951,-391,16773,178,15,32,53,67,-707
95,7871509,7869668,927,-369,16761,203,29,26,54,67,-706
96,7894581,7894002,914,-298,16792,226,39,19,55,65,-707
97,7920581,7918712,894,-204,16810,228,77,27,57,66,-708
98,7944580,7942993,824,-212,16984,198,149,22,57,67,-708
99,7968580,7967261,782,-161,17073,122,233,9,57,67,-709
100,7992581,7991595,780,-176,17023,53,326,6,57,68,-710
101,8016580,8015887,753,-193,16966,10,424,18,58,68,-710
102,8040580,8040152,654,-172,16930,-18,486,25,61,68,-710
103,8064580,8064416,575,-126,16908,-35,511,32,63,69,-711
104,8090581,8088690,465,-133,16884,-50,517,43,65,70,-711
105,8114580,8112951,338,-176,16866,-47,491,40,65,70,-712
106,8138580,8137215,182,-180,16850,-31,425,45,68,71,-711
107,8162580,8161478,61,-182,16812,-12,327,49,70,70,-712
108,8186580,8185746,-32,-175,16767,-1,192,49,72,71,-712
109,8210580,8210008,-42,-161,16847,8,73,48,73,71,-714
110,8234580,8234283,11,-171,16918,5,25,50,74,70,-713
111,8258580,8258549,-4,-223,16938,8,-1,51,74,71,-713
112,8284580,8282812,25,-244,16968,7,-19,53,75,69,-713
113,8308580,8307077,48,-243,16933,15,-27,58,75,68,-712
114,8332580,8331342,59,-241,16970,27,-24,60,74,67,-712
115,8356580,8355604,105,-215,17008,40,3,57,73,68,-711
116,8380580,8379870,117,-189,17052,51,49,49,72,68,-711
117,8404580,8404136,68,-181,16980,55,69,39,73,68,-712
118,8428580,8428402,6,-154,16948,63,49,30,71,71,-711
119,8454580,8452674,-6,-120,16970,58,38,25,71,69,-712
120,8478580,8476938,-23,-115,16927,55,43,18,71,70,-712
121,8502580,8501206,-31,-98,16948,51,43,13,71,70,-713
122,8526580,8525468,-33,-98,16916,49,33,12,72,69,-714
123,8550580,8549734,-32,-107,16867,55,16,13,72,68,-714
124,8575559,8574030,-32,-102,16852,69,12,12,73,66,-715
125,8599559,8598320,-32,-78,16879,86,17,11,73,65,-716
126,8623559,8622585,-39,-55,16896,99,19,11,73,63,-717
127,8647559,8646852,-43,-31,16910,105,19,9,73,63,-716
128,8673107,8671256,-55,-5,16929,104,18,8,71,61,-717
129,8697106,8695571,-61,16,16944,98,16,5,71,61,-718
130,8721106,8719851,-61,39,16960,91,17,3,71,62,-718
131,8745106,8744116,-78,74,16990,77,15,0,72,62,-720
132,8769106,8768381,-72,83,16986,58,9,-2,72,63,-720
133,8793106,8792646,-61,74,16955,38,3,-3,73,63,-720
134,8817106,8816908,-57,70,16936,23,0,-2,73,64,-719
135,8843107,8841182,-56,69,16919,17,0,-2,74,62,-720
136,8867106,8865446,-58,69,16909,15,1,-2,74,63,-719
137,8891106,8889708,-59,72,16907,17,2,-2,74,64,-719
138,8915106,8913974,-63,78,16906,20,3,-3,75,65,-719
139,8939106,8938240,-62,78,16903,21,4,-2,75,63,-717
140,8963106,8962507,-64,81,16903,24,7,-2,74,61,-718
141,8987106,8986772,-68,86,16906,27,9,-2,75,62,-718
142,9011106,9011035,-70,92,16904,29,11,-2,75,62,-720
143,9037106,9035304,-72,99,16904,30,12,-1,76,64,-720
144,9061106,9059568,-73,108,16908,30,13,-1,78,64,-720
145,9085106,9083834,-76,115,16910,28,12,-1,79,62,-720
146,9109106,9108094,-74,120,16914,25,11,0,78,60,-721
147,9133106,9132359,-76,129,16918,23,10,0,78,61,-723
148,9157106,9156624,-77,134,16917,18,8,0,78,61,-722
149,9181106,9180888,-77,139,16912,14,6,0,76,60,-722
150,9207106,9205164,-76,142,16914,11,4,0,76,60,-721
151,9231106,9229429,-77,143,16916,7,2,1,75,60,-720
152,9255106,9253692,-77,141,16914,5,0,1,75,60,-721
153,9279106,9277954,-77,141,16910,4,0,1,75,62,-720
154,9303106,9302216,-78,141,16909,4,-1,1,75,62,-719
155,9327106,9326481,-76,140,16910,4,-1,0,74,64,-719
156,9351106,9350745,-77,141,16910,6,-1,0,74,64,-717
157,9375106,9375005,-75,139,16911,7,0,0,75,65,-717
158,9401106,9399279,-77,139,16909,9,1,0,75,65,-716
159,9425106,9423540,-78,140,16906,13,3,0,74,64,-717
160,9448339,9447876,-80,143,16906,15,4,-1,73,65,-718
161,9472339,9472187,-82,145,16907,17,5,0,74,64,-720
162,9498339,9496466,-86,149,16909,19,5,0,74,65,-720
163,9522339,9520733,-88,151,16908,19,5,0,75,65,-721
164,9546339,9544996,-88,153,16908,19,5,0,75,65,-722
165,9570339,9569259,-90,154,16904,18,4,0,74,64,-722
166,9594339,9593521,-92,158,16905,18,3,0,74,64,-724
167,9618339,9617785,-93,162,16907,17,2,0,75,65,-722
168,9642339,9642048,-93,164,16907,16,2,0,75,63,-722
169,9666339,9666310,-94,168,16906,15,2,0,75,63,-721
170,9692339,9690582,-95,170,16903,14,2,0,75,63,-721
171,9716339,9714847,-95,174,16904,13,2,0,74,62,-722
172,9740339,9739112,-96,176,16907,11,2,1,75,60,-722
173,9764339,9763376,-98,181,16910,8,2,2,77,61,-721
174,9788339,9787641,-100,181,16906,6,2,2,77,60,-722
175,9812339,9811905,-99,182,16902,6,2,1,76,59,-721
176,9836339,9836164,-99,185,16902,6,2,1,76,59,-721
177,9862339,9860436,-99,187,16904,4,2,1,76,59,-722
178,9886339,9884699,-100,188,16903,5,2,1,75,59,-720
179,9910339,9908963,-103,189,16904,5,2,2,75,59,-718
180,9934339,9933228,-106,190,16903,6,1,1,75,61,-717
181,9958339,9957492,-105,191,16902,8,1,0,73,61,-718
182,9982339,9981750,-103,193,16909,8,0,0,72,61,-718
183,10006339,10006014,-103,193,16909,6,0,1,73,60,-720
184,10030339,10030276,-104,192,16910,6,-1,1,73,61,-720
185,10056339,10054547,-102,190,16909,5,-1,1,73,59,-719
186,10080339,10078808,-99,190,16913,4,-1,1,74,59,-719
187,10104339,10103070,-97,190,16914,2,-1,1,74,60,-719
188,10129297,10127361,-95,190,16914,1,-1,1,74,59,-721
189,10153297,10151649,-94,189,16914,1,-1,1,75,59,-721
190,10177297,10175915,-95,190,16913,3,0,0,76,60,-720
191,10201297,10200180,-93,191,16916,5,0,0,76,61,-720
192,10226321,10224540,-93,191,16916,7,1,0,77,63,-720
193,10250320,10248855,-95,191,16913,7,1,0,76,65,-721
194,10274320,10273123,-97,189,16909,6,1,0,77,65,-721
195,10298320,10297387,-99,187,16906,7,1,0,75,64,-721
196,10322320,10321650,-100,187,16905,10,1,0,76,65,-720
197,10346320,10346285,-100,188,16906,10,1,0,77,66,-720
198,10372320,10370557,-100,188,16905,10,1,0,76,67,-719
199,10396320,10394822,-102,187,16901,8,1,0,75,65,-720
200,10420321,10419153,-101,186,16902,7,1,0,74,65,-717
201,10444321,10443439,-100,186,16906,7,2,0,74,64,-716
202,10468320,10467707,-100,189,16906,8,3,0,74,65,-716
203,10492320,10491971,-98,190,16906,8,3,0,74,64,-716
204,10516320,10516234,-97,190,16910,8,3,0,73,66,-716
205,10542321,10540506,-97,194,16910,7,3,0,72,64,-714
206,10566320,10564770,-96,195,16912,7,3,0,72,64,-714
207,10590320,10589033,-96,201,16914,7,3,0,72,65,-713
208,10614320,10613300,-97,207,16909,7,2,1,72,63,-715
209,10638320,10637563,-99,208,16908,7,0,0,73,62,-715
210,10662320,10661833,-98,208,16913,7,-1,0,73,61,-715
211,10686320,10686097,-100,209,16916,5,-2,1,73,62,-714
212,10712320,10710362,-106,212,16911,2,-4,1,74,61,-714
213,10736320,10734624,-108,210,16908,0,-6,1,76,62,-715
214,10760320,10758888,-106,208,16909,-1,-7,0,76,61,-716
215,10784320,10783152,-108,205,16909,-3,-8,0,76,61,-716
216,10808320,10807415,-105,200,16909,-6,-10,0,75,62,-716
217,10832320,10831677,-103,197,16911,-8,-10,0,75,63,-716
218,10856320,10855941,-102,193,16909,-10,-10,0,74,62,-716
219,10880320,10880203,-99,191,16907,-9,-10,0,74,62,-718
220,10906320,10904474,-93,190,16911,-9,-10,0,73,62,-719
221,10930320,10928745,-90,188,16916,-12,-12,0,71,61,-719
222,10954320,10953012,-88,185,16911,-17,-14,1,71,63,-718
223,10978320,10977281,-82,177,16906,-17,-15,1,71,63,-718
224,11001817,11001653,-82,175,16913,-18,-16,2,71,64,-720
225,11027817,11025983,-97,180,16925,-23,-19,1,70,65,-721
226,11051817,11050249,-82,166,16922,-27,-24,-1,70,65,-721
227,11075817,11074517,-73,159,16933,-34,-28,-3,71,65,-720
228,11099817,11098786,-76,154,16938,-45,-33,-4,71,65,-718
229,11123817,11123049,-95,166,16941,-50,-41,-7,71,65,-718
230,11147817,11147320,-100,159,16959,-60,-57,-12,72,65,-718
231,11171817,11171583,-83,156,16977,-84,-79,-16,72,66,-718
232,11197817,11195855,-71,124,17003,-104,-103,-19,72,65,-715
233,11221817,11220120,-31,87,16993,-123,-122,14,71,64,-713
234,11245817,11244388,-33,90,16991,-137,-145,26,71,65,-712
235,11269817,11268652,-35,101,16997,-138,-177,35,68,65,-712
236,11293817,11292915,-11,99,17014,-115,-221,24,67,67,-712
237,11317817,11317180,20,84,17089,-80,-272,1,66,67,-711
238,11341817,11341444,40,73,17241,-9,-328,-16,66,68,-712
239,11365817,11365709,56,83,17617,90,-388,-25,63,67,-710
240,11391818,11389980,66,149,18170,183,-420,-24,62,67,-711
241,11415817,11414243,137,140,18741,271,-411,-47,61,66,-711
242,11439817,11438505,242,55,19262,340,-349,-26,60,64,-711
243,11463817,11462770,269,-26,19732,372,-248,-4,61,61,-711
244,11487817,11487033,270,-110,20173,368,-138,24,60,60,-712
245,11511817,11511299,245,-213,20570,346,-46,50,60,58,-712
246,11535817,11535564,222,-316,20830,301,29,67,59,56,-710
247,11561817,11559835,250,-361,20819,248,82,65,60,54,-711
248,11585817,11584098,368,-323,20537,202,106,55,59,52,-712
249,11609817,11608363,481,-190,20124,162,101,40,59,51,-711
250,11633817,11632627,549,4,19661,138,55,0,58,49,-712
251,11657817,11656893,765,234,19208,147,-7,-29,58,47,-712
252,11682807,11681188,968,538,18750,157,-44,-39,58,45,-712
253,11706807,11705476,1146,806,18228,170,-46,-34,58,43,-712
254,11730807,11729741,1247,1001,17716,191,-12,-29,59,40,-714
255,11754807,11754003,1295,1141,17227,213,67,-23,58,39,-714
256,11780018,11778371,1254,1168,16834,224,140,-27,59,37,-713
257,11804017,11802680,1073,1191,16642,197,171,-50,59,35,-713
258,11828017,11826949,940,1209,16572,107,179,-80,59,36,-713
259,11852017,11851212,878,1123,16416,-20,199,-110,59,35,-712
260,11876017,11875490,802,934,16253,-145,234,-124,60,35,-711
261,11900017,11899760,678,760,16112,-261,275,-127,62,36,-711
262,11926018,11924030,556,691,16009,-374,312,-118,63,37,-708
263,11950017,11948296,383,570,15846,-462,332,-99,65,40,-709
264,11974017,11972558,230,448,15568,-499,353,-73,67,41,-708
265,11998017,11996824,177,416,15153,-447,399,-42,70,41,-709
266,12022017,12021085,143,430,14615,-324,450,-9,72,42,-711
267,12046017,12045345,-52,487,14151,-180,443,10,74,41,-711
268,12070017,12069608,-187,577,13744,-38,387,-2,76,41,-713
269,12094017,12093873,-166,717,13373,72,330,-24,76,42,-712
270,12120017,12118151,-78,794,13005,141,280,-49,78,40,-715
271,12144017,12142416,42,823,12670,156,238,-69,80,37,-715
272,12168017,12166682,138,842,12469,136,192,-64,80,37,-715
273,12192017,12190945,166,767,12404,79,132,-37,81,37,-714
274,12216017,12215208,95,647,12533,23,59,3,81,36,-714
275,12240017,12239474,79,522,12726,-16,13,46,80,37,-714
276,12264017,12263737,59,453,12973,-42,-23,92,79,39,-713
277,12288017,12288003,-36,406,13275,-56,-78,124,79,38,-713
278,12314017,12312265,-142,379,13643,-69,-157,129,76,38,-713
279,12338017,12336526,-244,381,14120,-68,-245,114,73,39,-712
280,12362017,12360795,-332,398,14590,-63,-333,70,71,38,-712
281,12386017,12385062,-350,398,15041,-54,-414,5,68,38,-713
282,12410017,12409325,-302,386,15462,-49,-465,-71,64,40,-711
283,12434017,12433588,-254,417,15879,-40,-490,-148,62,40,-711
284,12458017,12457853,-186,438,16234,-16,-508,-217,60,39,-711
285,12484018,12482127,-82,373,16581,23,-508,-272,58,37,-712
286,12508017,12506390,71,314,16865,78,-484,-301,57,38,-711
287,12532017,12530655,230,285,17076,136,-445,-305,56,37,-711
288,12555555,12554989,391,257,17252,187,-397,-291,55,38,-711
289,12579555,12579303,508,273,17415,221,-342,-267,54,38,-710
290,12605556,12603589,614,340,17531,239,-288,-241,54,37,-713
291,12629555,12627853,733,391,17596,244,-245,-209,52,37,-713
292,12653555,12652118,829,411,17631,229,-203,-176,52,37,-714
293,12677555,12676380,880,510,17646,197,-180,-149,52,38,-713
294,12701555,12700645,935,635,17667,163,-173,-124,50,37,-712
295,12725555,12724908,1018,730,17677,135,-162,-103,49,38,-711
296,12749555,12749174,1085,806,17686,109,-138,-81,48,36,-711
297,12775556,12773827,1107,874,17709,80,-116,-54,47,35,-710
298,12799555,12798104,1118,917,17723,52,-98,-19,47,35,-709
299,12823555,12822370,1110,898,17710,18,-69,9,47,34,-710
300,12847557,12846705,1072,854,17656,-9,-25,33,47,34,-709
301,12871556,12870999,1027,791,17554,-17,36,58,47,34,-710
302,12895556,12895273,937,748,17443,-15,97,73,48,35,-711
303,12919555,12919538,828,726,17313,-7,132,68,49,34,-711
304,12945555,12943804,726,727,17198,7,144,49,49,36,-712
305,12969555,12968068,682,769,17067,31,149,21,49,37,-713
306,12993555,12992329,666,782,16937,62,150,-17,49,37,-712
307,13017555,13016595,625,833,16881,98,140,-52,50,37,-712
308,13041555,13040857,566,899,16892,128,117,-87,50,38,-712
309,13065555,13065124,581,964,16920,139,88,-117,51,36,-712
310,13089555,13089402,640,962,16879,133,64,-113,51,36,-713
311,13115556,13113674,678,1006,16894,118,48,-71,51,36,-713
312,13139555,13137935,672,1018,16911,104,26,-24,51,34,-712
313,13163555,13162200,670,951,16926,89,2,18,52,33,-712
314,13187555,13186462,691,917,16963,74,-24,54,52,33,-712
315,13211555,13210725,747,873,17001,56,-47,85,52,34,-712
316,13236551,13235022,852,839,17037,52,-62,120,52,33,-713
317,13260551,13259314,919,808,17098,71,-78,167,51,34,-712
318,13284551,13283584,944,837,17249,111,-97,204,51,36,-713
319,13308551,13307848,962,881,17426,150,-111,220,50,36,-713
320,13332478,13332227,998,942,17611,162,-96,225,52,37,-713
321,13358479,13356561,1007,984,17711,151,-52,225,53,37,-714
322,13382478,13380828,947,995,17736,131,0,221,52,38,-715
323,13406478,13405093,806,1046,17704,110,37,198,51,40,-715
324,13430478,13429358,644,1124,17633,77,49,152,52,40,-715
325,13454478,13453621,534,1186,17495,33,48,81,52,38,-715
326,13478478,13477883,493,1230,17299,-8,50,7,53,38,-713
327,13502478,13502146,486,1240,17064,-44,49,-48,53,38,-714
328,13526478,13526412,509,1267,16882,-66,41,-79,53,37,-713
329,13552478,13550681,569,1295,16769,-67,23,-76,54,39,-713
330,13576478,13574952,646,1286,16733,-52,11,-30,54,39,-713
331,13600478,13599219,769,1248,16761,-31,12,55,56,38,-714
332,13624478,13623481,867,1187,16859,-21,37,160,57,39,-714
333,13648478,13647746,880,1129,17011,-21,83,268,56,42,-714
334,13672478,13672011,795,1039,17184,-42,136,355,58,44,-714
335,13696478,13696275,649,963,17335,-76,185,396,59,47,-714
336,13722479,13720548,509,895,17407,-116,224,389,59,49,-715
337,13746478,13744810,371,870,17436,-153,256,343,61,49,-715
338,13770478,13769071,271,905,17390,-199,271,253,61,51,-715
339,13794478,13793336,203,903,17243,-233,230,158,62,51,-714
340,13818479,13817600,211,862,17102,-245,147,81,62,51,-714
341,13842478,13841865,272,830,17004,-238,62,28,65,51,-714
342,13866478,13866126,364,812,16946,-215,-5,-11,64,53,-715
343,13890478,13890394,487,770,16915,-188,-37,-33,65,52,-716
344,13916479,13914662,528,763,16963,-168,-68,-29,65,53,-715
345,13940478,13938923,604,728,17002,-166,-106,-16,64,52,-714
346,13964478,13963187,666,641,17027,-169,-134,15,64,52,-713
347,13988478,13987458,698,582,17100,-187,-120,37,64,54,-714
348,14012478,14011723,662,564,17144,-209,-84,40,65,56,-715
349,14036478,14035989,591,523,17129,-231,-60,28,65,56,-715
350,14060478,14060256,536,481,17093,-241,-65,14,63,58,-714
351,14086479,14084526,514,430,17090,-242,-101,2,62,59,-712
352,14109625,14108869,579,331,17019,-226,-111,-1,61,60,-711
353,14133625,14133183,609,237,16954,-191,-90,10,61,63,-711
354,14157625,14157456,641,194,16943,-138,-41,22,61,64,-711
355,14183626,14181733,613,181,16982,-80,22,32,60,65,-710
356,14207625,14205994,606,151,16993,-24,84,41,60,65,-709
357,14231625,14230257,642,129,16987,26,148,46,61,65,-709
358,14255625,14254523,650,127,16991,67,232,48,63,65,-710
359,14279625,14278791,588,169,16968,93,322,49,64,64,-712
360,14303625,14303060,525,212,16928,112,374,46,66,64,-713
361,14327625,14327327,443,263,16935,110,386,26,67,62,-714
362,14351625,14351590,296,279,16960,84,362,4,70,62,-714
363,14377625,14375849,217,284,16951,57,315,-5,71,60,-714
364,14401625,14400114,167,329,16929,20,273,-8,72,59,-716
365,14425625,14424377,78,317,16946,-19,234,-9,72,60,-716
366,14449625,14448640,14,327,16957,-46,180,-4,72,58,-715
367,14473625,14472903,-1,307,16958,-60,118,-2,71,60,-713
368,14497625,14497165,-24,286,16979,-67,77,-1,71,60,-713
369,14521625,14521427,-45,260,16984,-65,53,9,71,61,-714
370,14547626,14545696,-18,256,16971,-52,32,20,70,60,-714
371,14571625,14569962,3,248,16970,-44,27,20,70,60,-715
372,14595625,14594228,-7,204,16987,-24,22,16,71,63,-715
373,14619625,14618492,2,226,16982,-5,20,14,71,62,-713
374,14643625,14642758,0,221,16977,-7,20,12,72,63,-713
375,14667625,14667023,-8,214,16960,-30,19,19,74,65,-716
376,14691625,14691287,-23,204,16931,-46,18,25,74,64,-714
377,14715625,14715547,-31,193,16915,-45,15,26,75,62,-714
378,14741626,14739819,-34,183,16912,-41,13,25,76,64,-713
379,14765625,14764089,-40,171,16910,-32,13,23,78,64,-712
380,14788848,14788364,-43,166,16906,-23,13,21,78,63,-712
381,14812848,14812654,-49,161,16904,-14,14,18,79,62,-713
382,14838848,14836925,-55,159,16899,-3,13,14,79,62,-713
383,14862848,14861189,-59,161,16905,22,12,4,79,60,-713
384,14886386,14885530,-52,164,16922,38,13,-4,79,61,-714
385,14910386,14909860,-51,169,16926,43,16,-5,79,62,-715
386,14934386,14934136,-57,178,16926,43,16,-5,79,62,-717
387,14960386,14958415,-61,187,16927,40,15,-4,78,62,-717
388,14984386,14982681,-63,195,16931,34,13,-3,78,62,-718
389,15008386,15006947,-66,201,16930,27,11,-1,76,63,-718
390,15032386,15031218,-65,207,16927,24,9,0,75,64,-719
391,15056386,15055485,-65,216,16932,18,7,2,76,63,-718
392,15080386,15079752,-66,223,16938,8,4,4,76,63,-717
393,15104386,15104016,-66,222,16934,-2,1,5,76,62,-716
394,15128386,15128280,-69,219,16924,-9,-1,6,77,61,-716
395,15154387,15152551,-69,215,16925,-13,-4,6,77,62,-716
396,15178386,15176812,-65,212,16925,-16,-7,5,78,61,-716
397,15202386,15201461,-63,207,16922,-16,-8,5,78,62,-717
398,15226386,15225735,-65,203,16920,-17,-8,4,78,62,-717
399,15250386,15249998,-65,195,16914,-14,-9,3,77,62,-717
400,15276387,15274389,-64,190,16906,-8,-10,1,76,62,-718
401,15300386,15298678,-63,191,16912,-1,-10,-1,75,63,-719
402,15324386,15322948,-56,192,16922,3,-9,-2,74,64,-717
403,15348386,15347215,-50,191,16918,7,-6,-2,73,63,-717
404,15372386,15371480,-50,191,16912,12,-2,-2,72,64,-716
405,15396386,15395744,-48,195,16917,15,0,-2,72,62,-714
406,15420386,15420008,-44,199,16925,16,0,-2,71,61,-714
407,15444386,15444272,-41,203,16934,15,1,-2,71,63,-713
408,15470386,15468542,-43,206,16937,14,2,-1,71,64,-712
409,15494386,15492805,-44,208,16934,14,3,-1,72,65,-712
410,15518386,15517073,-48,212,16932,14,3,-1,72,63,-711
411,15542386,15541341,-52,215,16933,13,2,-1,71,63,-712
412,15566386,15565604,-51,218,16936,12,1,-1,72,64,-713
413,15590386,15589870,-49,221,16935,11,0,-1,72,63,-715
414,15614386,15614131,-49,222,16935,9,-1,-1,73,64,-716
415,15640387,15638398,-50,223,16928,7,0,0,72,63,-716
416,15663517,15662738,-52,223,16921,5,-1,0,73,62,-718
417,15687517,15687050,-51,224,16920,4,-4,0,72,62,-718
418,15711517,15711318,-46,221,16929,1,-6,0,73,62,-718
419,15737518,15735589,-41,221,16932,-1,-6,-1,74,62,-717
420,15761517,15759861,-42,219,16931,-4,-7,0,75,62,-716
421,15785517,15784127,-46,217,16931,-6,-8,0,75,63,-716
422,15809517,15808389,-44,216,16932,-8,-9,0,74,63,-715
423,15833517,15832654,-40,216,16941,-10,-11,0,73,63,-713
424,15857517,15856917,-37,215,16952,-14,-14,0,74,64,-713
425,15881517,15881183,-37,211,16960,-22,-17,1,74,63,-713
426,15905517,15905453,-35,230,16981,-32,-23,2,74,64,-713
427,15931517,15929724,-16,218,17001,-51,-38,5,72,64,-713
428,15955517,15953989,-29,225,17036,-85,-72,13,71,64,-713
429,15979517,15978254,-16,203,17049,-118,-104,25,72,65,-713
430,16003517,16002525,-31,191,17106,-144,-150,41,72,66,-713
431,16027517,16026789,57,157,17123,-157,-216,58,72,67,-715
432,16051517,16051053,200,81,17112,-150,-288,81,72,67,-713
433,16075517,16075318,336,25,17158,-120,-353,121,71,67,-713
434,16101518,16099586,432,-10,17282,-65,-406,171,69,67,-713
435,16125517,16123847,491,16,17588,18,-423,212,68,67,-713
436,16149517,16148112,538,65,17976,115,-385,239,67,66,-713
437,16173517,16172374,547,161,18407,221,-315,250,66,64,-713
438,16197517,16196638,563,280,18792,334,-224,249,66,62,-713
439,16221517,16220904,469,417,19226,432,-128,220,66,61,-713
440,16245517,16245172,313,624,19786,491,-34,156,64,58,-715
441,16269517,16269435,196,799,20308,504,50,52,64,55,-716
442,16295517,16293705,168,855,20653,466,124,-72,65,52,-716
443,16319517,16317967,173,866,20737,395,160,-197,66,50,-716
444,16342480,16342251,234,790,20662,320,153,-312,66,48,-716
445,16368480,16366566,293,701,20526,234,121,-426,63,46,-718
446,16392480,16390838,368,546,20265,132,101,-549,62,44,-717
447,16416480,16415102,462,398,19872,29,100,-649,61,41,-717
448,16440028,16439441,546,236,19310,-52,92,-710,59,41,-716
449,16464028,16463762,557,132,18734,-106,83,-738,59,41,-714
450,16490029,16488040,544,138,18160,-133,87,-733,58,40,-714
451,16514028,16512306,538,170,17577,-160,123,-702,57,39,-715
452,16538028,16536570,485,236,17028,-202,180,-668,57,37,-715
453,16562028,16560834,412,244,16395,-256,236,-624,57,36,-714
454,16586028,16585098,353,276,15797,-299,277,-557,58,37,-714
455,16610028,16609363,296,301,15233,-321,320,-471,60,38,-716
456,16634028,16633626,262,334,14722,-331,386,-380,63,36,-716
457,16658028,16657889,249,378,14211,-338,451,-289,65,36,-716
458,16684029,16682163,208,365,13746,-343,497,-220,66,37,-715
459,16708028,16706422,145,303,13369,-332,502,-159,69,38,-716
460,16732028,16730688,86,256,13049,-300,477,-94,73,39,-715
461,16756028,16754955,23,231,12853,-259,435,-25,74,41,-715
462,16780028,16779221,-34,212,12708,-225,392,38,75,40,-714
463,16804028,16803486,-113,211,12624,-198,340,93,76,42,-713
464,16828028,16827748,-230,144,12560,-164,261,141,76,44,-712
465,16852028,16852012,-261,24,12462,-114,152,188,77,45,-712
466,16878028,16876275,-238,-8,12451,-22,8,250,78,45,-712
467,16902028,16900541,-222,65,12600,77,-135,308,76,44,-711
468,16926028,16924803,-180,147,12868,165,-263,348,74,44,-711
469,16950028,16949069,-117,287,13260,224,-369,369,73,44,-711
470,16974028,16973335,-128,411,13737,261,-468,373,72,43,-711
471,16998028,16997598,-158,459,14281,270,-567,351,69,41,-712
472,17022028,17021862,-144,528,14854,257,-647,312,66,40,-711
473,17048029,17046132,-198,619,15494,215,-701,258,63,40,-710
474,17072028,17070395,-291,659,16082,132,-708,187,60,40,-709
475,17096028,17094658,-340,603,16543,43,-676,105,59,40,-709
476,17120028,17118923,-299,515,16862,-39,-620,21,57,40,-708
477,17144028,17143186,-207,406,17019,-82,-565,-48,53,41,-706
478,17168028,17167451,-65,321,17183,-86,-517,-92,51,44,-706
479,17192028,17191716,95,299,17346,-60,-464,-103,51,46,-707
480,17217929,17216116,297,303,17457,-22,-396,-87,50,48,-707
481,17241928,17240427,542,283,17506,33,-312,-51,50,48,-708
482,17265928,17264698,754,226,17550,101,-223,2,49,48,-709
483,17289928,17288964,918,238,17566,162,-158,60,47,48,-710
484,17313928,17313229,1006,307,17580,214,-125,119,47,47,-711
485,17337928,17337492,1068,366,17630,257,-114,173,48,45,-713
486,17361928,17361757,1123,407,17625,272,-114,211,48,44,-712
487,17387929,17386030,1182,438,17590,265,-115,229,47,40,-712
488,17411928,17410295,1221,482,17566,244,-117,223,46,40,-712
489,17435928,17434560,1224,538,17527,220,-125,205,47,40,-713
490,17459928,17458834,1241,608,17499,186,-148,168,46,41,-712
491,17483928,17483096,1233,667,17528,146,-172,121,47,41,-710
492,17507928,17507357,1214,678,17555,111,-176,78,47,43,-710
493,17531928,17531618,1215,685,17557,80,-142,35,48,44,-710
494,17555928,17555884,1237,684,17527,62,-85,-4,47,44,-710
495,17581928,17580149,1250,677,17468,54,-34,-36,47,45,-709
496,17605928,17604414,1233,673,17449,51,-3,-63,49,44,-709
497,17629928,17629056,1211,637,17467,37,16,-93,46,44,-708
498,17653928,17653340,1183,583,17451,19,39,-121,48,43,-708
499,17677928,17677609,1196,516,17381,12,59,-137,48,44,-710
500,17703928,17701980,1224,448,17307,15,67,-137,48,42,-711
501,17727928,17726261,1231,376,17248,19,44,-126,48,43,-711
502,17751928,17750532,1228,344,17237,15,-1,-105,49,43,-711
503,17775928,17774796,1229,342,17267,9,-39,-74,48,43,-712
504,17799928,17799062,1223,324,17280,1,-59,-36,46,45,-712
505,17823928,17823329,1209,335,17292,-9,-59,3,47,45,-712
506,17847928,17847593,1226,379,17276,-16,-44,49,46,45,-714
507,17871928,17871860,1210,387,17240,-16,-32,99,45,44,-714
508,17896934,17896155,1170,419,17243,-20,-23,143,46,45,-714
509,17920934,17920441,1133,500,17281,-28,-7,178,47,44,-715
510,17944934,17944715,1088,554,17296,-36,19,198,45,46,-714
511,17970935,17968983,1050,588,17265,-52,44,199,46,48,-714
512,17994155,17993321,1036,622,17219,-69,59,184,47,49,-714
513,18018155,18017649,1047,659,17162,-85,72,165,49,50,-714
514,18042155,18041922,1058,702,17111,-102,79,138,50,53,-713
515,18068156,18066194,1098,743,17046,-119,78,110,50,55,-712
516,18092155,18090457,1110,720,17002,-134,69,78,49,55,-711
517,18116155,18114718,1112,675,16981,-138,54,44,49,56,-711
518,18140155,18138983,1140,663,16973,-128,48,15,50,56,-711
519,18164155,18163251,1155,646,16978,-107,47,1,51,55,-711
520,18188155,18187527,1139,630,16991,-83,42,-3,51,55,-711
521,18212155,18211796,1108,631,17014,-56,28,1,50,55,-709
522,18236155,18236061,1055,605,17075,-31,16,11,50,53,-709
523,18262155,18260332,972,575,17162,-14,23,9,50,53,-709
524,18286155,18284594,933,566,17182,-8,50,-4,51,55,-710
525,18310155,18308856,920,543,17128,-5,77,-14,52,58,-709
526,18334155,18333122,886,484,17059,-2,84,-21,52,58,-710
527,18358155,18357385,881,432,17018,5,81,-29,52,58,-709
528,18382155,18381651,903,400,16993,15,84,-38,53,58,-710
529,18406155,18405912,906,356,16985,22,87,-47,53,57,-712
530,18432155,18430186,925,331,16963,18,81,-64,53,57,-712
531,18456155,18454451,996,339,16912,4,68,-79,52,57,-712
532,18480155,18478714,1044,368,16902,-11,50,-87,52,56,-712
533,18504155,18502976,1045,377,16955,-33,39,-91,51,54,-712
534,18528155,18527241,1028,365,17015,-55,40,-95,52,53,-713
535,18552155,18551507,989,365,17033,-84,49,-101,52,53,-714
536,18576155,18575777,947,361,17020,-103,50,-108,52,53,-712
537,18600155,18600038,926,350,17011,-112,47,-112,52,54,-712
538,18626155,18624309,900,323,17022,-111,62,-107,53,55,-711
539,18650155,18648573,850,268,17042,-97,91,-93,54,54,-711
540,18674155,18672842,802,215,17017,-74,119,-63,55,55,-710
541,18698155,18697106,771,199,16978,-42,141,-27,57,55,-712
542,18722155,18721370,748,212,16956,-15,163,10,58,56,-711
543,18746155,18745633,710,239,16949,6,178,45,60,57,-711
544,18771710,18770003,669,244,16949,16,193,72,59,59,-710
545,18795710,18794309,641,226,16921,24,216,92,62,61,-710
546,18819710,18818579,597,216,16892,33,229,103,62,63,-711
547,18843710,18842846,540,240,16891,42,238,106,64,65,-711
548,18867710,18867111,475,270,16938,48,248,96,64,64,-711
549,18891710,18891372,410,289,16963,38,240,78,64,64,-711
550,18915710,18915650,380,293,16956,15,219,60,64,63,-711
551,18941710,18939920,373,265,16944,-9,207,52,65,63,-712
552,18965710,18964188,343,248,16944,-28,203,50,67,62,-713
553,18989710,18988451,276,250,16959,-43,192,49,66,61,-713
554,19013710,19012712,221,244,16973,-56,169,47,67,61,-714
555,19037710,19036975,187,232,16976,-64,140,46,68,59,-714
556,19061710,19061238,180,219,16940,-69,113,48,69,61,-714
557,19085710,19085503,158,209,16916,-65,104,48,69,60,-714
558,19111710,19109770,117,203,16907,-55,97,44,70,60,-714
559,19135710,19134034,79,198,16911,-44,85,34,71,60,-713
560,19159710,19158305,58,191,16917,-30,69,26,71,60,-712
561,19183710,19182569,60,172,16926,-28,57,20,72,60,-712
562,19207710,19206829,56,164,16935,-26,50,16,72,58,-711
563,19231710,19231092,42,152,16943,-26,43,13,71,59,-713
564,19255710,19255355,30,150,16955,-29,34,11,72,60,-715
565,19279710,19279619,31,131,16954,-31,27,11,72,61,-714
566,19305710,19303891,30,124,16955,-26,26,11,72,61,-715
567,19329710,19328159,25,122,16958,-19,24,11,71,62,-716
568,19353710,19352423,23,117,16951,-18,23,8,70,62,-716
569,19377710,19376690,17,120,16936,-11,22,6,68,62,-716
570,19401710,19400955,13,122,16924,-7,21,3,68,62,-716
571,19425710,19425221,5,124,16919,-3,18,1,68,62,-715
572,19450685,19449512,-2,116,16919,3,15,-2,69,61,-715
573,19474685,19473793,-1,119,16924,9,11,-4,69,60,-715
574,19498685,19498060,0,118,16925,10,10,-5,68,60,-715
575,19522685,19522323,-3,120,16926,15,9,-5,68,59,-715
576,19548019,19546732,-4,124,16929,18,9,-5,69,60,-716
577,19572018,19571072,-5,128,16931,18,10,-5,71,59,-716
578,19596018,19595344,-12,132,16924,17,9,-4,71,59,-716
579,19620018,19619608,-13,134,16917,16,8,-3,71,60,-715
580,19644018,19643889,-11,135,16916,16,8,-3,71,61,-714
581,19670018,19668164,-13,136,16917,16,8,-2,70,61,-716
582,19694018,19692430,-16,141,16921,16,6,-2,71,61,-716
583,19718018,19716695,-15,145,16923,14,4,-2,71,62,-716
584,19742018,19740958,-15,144,16921,11,3,-1,71,61,-715
585,19766018,19765219,-19,142,16917,10,1,-2,71,62,-716
586,19790018,19789484,-17,140,16923,9,0,-2,72,62,-717
587,19814018,19813750,-18,141,16930,8,0,-2,72,63,-718
588,19838021,19838017,-20,143,16931,5,0,-2,73,63,-718
589,19864018,19862283,-20,142,16930,3,0,-1,74,63,-716
590,19888018,19886551,-22,140,16924,1,1,-1,73,64,-716
591,19912018,19910815,-25,138,16920,1,1,-1,73,64,-716
592,19936018,19935078,-29,139,16919,3,2,-1,74,63,-716
593,19960018,19959340,-32,142,16918,4,1,-1,73,63,-716
594,19984018,19983604,-33,146,16916,4,1,0,73,63,-715
595,20008018,20007870,-30,150,16916,5,2,0,71,61,-716
596,20034018,20032137,-32,152,16917,6,2,0,71,60,-716
597,20058018,20056817,-32,155,16914,5,2,0,70,60,-716
598,20082018,20081099,-28,156,16914,6,2,-1,69,59,-717
599,20106018,20105367,-29,159,16914,6,2,-1,68,58,-717
600,20130018,20129747,-29,162,16914,5,1,-1,68,60,-717
601,20156019,20154037,-27,161,16919,4,0,-1,67,60,-716
602,20180018,20178304,-27,161,16924,4,1,-1,66,62,-717
603,20204018,20202568,-31,159,16925,4,0,-1,67,62,-717
604,20228018,20226832,-31,158,16925,4,-1,-2,66,63,-717
605,20252018,20251095,-31,158,16927,4,-1,-2,67,62,-718
606,20276018,20275358,-34,159,16926,4,-1,-1,69,64,-717
607,20300018,20299621,-33,159,16926,5,-2,-2,70,65,-717
608,20325452,20324010,-32,159,16924,6,-2,-2,69,64,-718
609,20349451,20348324,-32,159,16923,7,-1,-2,69,63,-719
610,20373451,20372609,-31,158,16919,7,-2,-1,70,63,-719
611,20397451,20396876,-28,158,16922,7,-2,-1,70,64,-718
612,20421451,20421142,-23,159,16924,5,-2,-1,68,63,-717
613,20445451,20445403,-21,160,16923,4,-2,-1,67,63,-716
614,20471451,20469667,-23,161,16924,2,-2,-1,67,62,-716
615,20495451,20493928,-23,159,16926,0,-2,-1,67,61,-716
616,20519451,20518191,-24,157,16927,-1,-2,0,70,62,-716
617,20543451,20542452,-24,155,16928,-2,-1,0,71,61,-716
618,20567451,20566714,-25,154,16930,-4,-2,0,71,60,-716
619,20591451,20590976,-26,153,16930,-6,-3,1,71,60,-715
620,20615451,20615243,-30,149,16933,-9,-4,1,73,61,-715
621,20641451,20639513,-34,146,16944,-16,-7,1,74,62,-716
622,20665451,20663778,-32,137,16953,-36,-12,1,74,63,-716
623,20689451,20688041,-25,117,16951,-56,-16,1,73,63,-716
624,20713451,20712304,-24,101,16947,-69,-17,2,73,63,-714
625,20737451,20736571,-25,84,16951,-77,-21,2,72,64,-712
626,20761451,20760839,-29,64,16972,-80,-25,1,72,65,-712
627,20785451,20785104,-39,27,17028,-70,-30,5,72,65,-713
628,20809451,20809365,-3,67,17094,-48,-47,21,71,66,-713
629,20835452,20833636,63,64,17169,0,-85,47,70,64,-712
630,20859451,20857901,78,-21,17378,83,-119,103,71,63,-712
631,20883451,20882166,64,-77,17729,176,-137,175,70,62,-712
632,20907451,20906429,37,-4,18206,266,-115,248,69,61,-714
633,20931451,20930694,-20,176,18711,344,-68,321,71,60,-714
634,20955451,20954959,-180,375,19277,390,-26,361,72,59,-715
635,20979451,20979225,-349,559,19879,392,6,357,73,58,-716
636,21004447,21003526,-501,629,20384,351,57,300,73,56,-717
637,21028447,21027803,-597,660,20773,277,139,223,74,56,-718
638,21052447,21052070,-593,769,20953,180,233,116,75,54,-719
639,21076447,21076338,-516,818,20899,89,326,0,76,56,-718
640,21102307,21100735,-471,710,20670,12,381,-114,76,55,-720
641,21126306,21125053,-469,579,20355,-50,377,-220,77,55,-720
642,21150306,21149325,-351,474,19963,-86,369,-290,79,53,-719
643,21174306,21173585,-204,386,19375,-90,382,-309,79,52,-718
644,21198306,21197849,-165,273,18839,-60,392,-290,79,51,-717
645,21222306,21222117,-300,301,18429,-41,402,-284,79,50,-716
646,21248307,21246387,-526,371,17990,-47,408,-296,79,50,-716
647,21272306,21270647,-730,445,17471,-92,414,-333,82,49,-716
648,21296306,21294912,-731,458,16690,-151,434,-370,82,48,-716
649,21320306,21319175,-647,374,15798,-195,461,-382,83,47,-714
650,21344306,21343454,-669,286,14946,-211,504,-385,84,47,-713
651,21368306,21367722,-722,231,14297,-232,515,-403,86,47,-715
652,21392306,21391986,-687,253,13713,-266,524,-423,87,46,-715
653,21416306,21416252,-591,220,13092,-287,526,-411,92,45,-715
654,21442306,21440522,-485,141,12606,-291,508,-375,94,45,-715
655,21466306,21464785,-463,77,12322,-267,466,-317,92,43,-715
656,21490306,21489050,-636,73,12376,-236,390,-260,94,44,-713
657,21514306,21513311,-869,67,12605,-226,324,-228,95,44,-714
658,21538306,21537575,-979,22,12750,-239,242,-194,95,46,-715
659,21562306,21561838,-1060,-22,12777,-242,173,-150,96,46,-715
660,21586306,21586108,-1181,-71,12768,-218,92,-96,95,46,-715
661,21612307,21610379,-1259,-111,12814,-164,-15,-51,94,47,-715
662,21636306,21634643,-1286,-93,12896,-86,-130,-15,94,47,-715
663,21660306,21658907,-1299,-12,13077,2,-256,15,94,47,-715
664,21684306,21683170,-1287,74,13326,80,-369,35,90,47,-716
665,21708306,21707436,-1187,166,13615,152,-452,45,89,46,-716
666,21732306,21731702,-1120,269,14036,219,-512,44,86,45,-716
667,21756306,21755965,-1073,331,14527,270,-572,42,84,43,-715
668,21780306,21780229,-1024,340,15064,305,-631,43,84,44,-716
669,21806308,21804499,-988,313,15601,320,-666,48,82,42,-716
670,21830306,21828765,-950,256,16121,316,-679,49,78,43,-715
671,21854306,21853027,-907,176,16560,289,-672,44,76,43,-716
672,21877514,21877359,-837,118,16913,250,-663,32,75,44,-715
673,21903515,21901687,-780,78,17218,210,-664,15,72,44,-716
674,21927514,21925957,-684,38,17435,172,-666,-16,70,45,-714
675,21951514,21950221,-530,35,17588,150,-650,-58,66,46,-713
676,21975514,21974489,-344,73,17686,152,-617,-101,63,46,-712
677,21999514,21998754,-126,121,17761,166,-578,-136,60,47,-711
678,22023514,22023023,91,195,17811,190,-542,-154,60,47,-712
679,22047514,22047292,302,296,17866,211,-505,-152,57,46,-711
680,22073514,22071578,512,394,17909,227,-457,-132,54,44,-712
681,22097514,22095842,709,440,17901,228,-388,-105,54,43,-711
682,22121514,22120106,866,449,17850,216,-317,-64,53,41,-712
683,22145514,22144370,978,431,17783,187,-258,-6,54,41,-713
684,22169514,22168634,1073,419,17705,140,-220,54,53,40,-715
685,22193514,22192897,1130,430,17628,84,-209,116,53,41,-716
686,22217514,22217164,1153,422,17613,19,-206,168,53,43,-714
687,22241514,22241427,1147,419,17602,-37,-199,212,53,44,-713
688,22267516,22265695,1097,454,17592,-80,-176,248,54,45,-713
689,22291514,22289957,998,523,17608,-102,-163,273,55,47,-713
690,22315514,22314221,869,595,17635,-108,-160,277,54,49,-712
691,22339514,22338483,734,663,17683,-105,-156,263,55,50,-710
692,22363514,22362747,594,678,17717,-102,-137,231,54,53,-708
693,22387514,22387010,479,642,17723,-103,-96,178,54,53,-708
694,22411514,22411276,398,579,17654,-95,-46,125,53,53,-709
695,22437515,22435548,381,501,17522,-75,1,76,53,53,-709
696,22461514,22459814,400,405,17410,-39,22,38,53,54,-708
697,22485514,22484467,437,367,17380,5,17,15,52,54,-709
698,22509514,22508740,514,372,17397,45,-4,13,52,54,-708
699,22533514,22533007,602,386,17448,71,-23,19,52,53,-710
700,22559031,22557380,699,473,17621,82,2,24,53,51,-710
701,22583031,22581696,726,591,17679,83,98,30,53,51,-709
702,22607031,22605968,706,679,17709,78,187,42,54,51,-710
703,22631031,22630233,584,706,17777,44,239,42,56,53,-710
704,22654649,22654594,519,716,17790,-13,259,40,57,54,-712
705,22680649,22678915,500,628,17712,-83,270,48,58,55,-712
706,22704649,22703183,551,503,17586,-151,297,55,59,57,-713
707,22728649,22727445,577,415,17451,-207,331,64,60,58,-713
708,22752649,22751711,528,324,17230,-247,327,74,61,59,-712
709,22776649,22775976,495,236,17149,-275,253,80,62,61,-714
710,22800649,22800259,455,161,17091,-292,182,68,63,61,-713
711,22824649,22824527,476,117,17013,-271,143,66,63,62,-713
712,22850650,22848805,452,69,16958,-232,134,61,64,62,-712
713,22874649,22873071,399,67,16931,-181,148,44,65,62,-712
714,22898649,22897334,245,80,16946,-133,156,22,65,61,-712
715,22922649,22921597,141,73,16951,-96,148,0,66,64,-712
716,22946649,22945858,102,36,16944,-60,135,-5,68,63,-712
717,22970649,22970125,67,17,16926,-21,128,-4,68,64,-712
718,22994649,22994387,70,22,16921,13,116,6,69,62,-712
719,23020649,23018654,81,22,16923,28,101,10,69,61,-711
720,23044649,23042921,78,24,16939,28,88,11,69,60,-712
721,23068649,23067189,77,27,16953,21,73,11,70,60,-713
722,23092649,23091453,99,35,16944,17,60,14,70,61,-713
723,23116649,23115716,84,36,16941,22,53,16,69,61,-711
724,23140649,23139981,52,46,16952,30,45,8,70,62,-713
725,23164649,23164243,53,45,16959,33,30,5,71,63,-713
726,23188649,23188507,46,49,16950,32,25,4,72,63,-715
727,23214650,23212773,32,56,16942,31,21,3,73,65,-716
728,23238649,23237034,28,60,16933,31,17,3,72,66,-716
729,23262649,23261299,22,68,16926,33,16,3,72,66,-715
730,23286649,23285565,17,75,16922,35,16,2,74,65,-716
731,23310649,23309833,13,78,16923,37,17,1,75,65,-717
732,23334649,23334096,10,83,16928,37,16,1,73,63,-717
733,23358649,23358361,3,89,16936,35,15,0,70,62,-716
734,23382649,23382625,2,93,16940,30,13,-1,70,62,-715
735,23408649,23406888,1,98,16934,24,12,-1,69,61,-715
736,23432110,23431215,-4,103,16923,20,12,-1,70,60,-716
737,23456109,23455541,-10,108,16917,19,11,-1,71,60,-717
738,23480109,23479812,-14,113,16918,18,10,-1,71,62,-718
739,23504109,23504074,-18,116,16921,16,8,-2,70,62,-717
740,23530109,23528350,-21,121,16923,16,7,-2,71,62,-717
741,23554109,23552612,-21,123,16924,15,6,-2,72,63,-718
742,23578109,23576873,-26,125,16918,15,6,-1,72,61,-718
743,23602109,23601134,-31,127,16919,16,5,-1,73,61,-718
744,23626109,23625402,-33,126,16922,18,5,-1,73,62,-717
745,23650109,23649664,-33,126,16920,19,4,-1,72,62,-717
746,23674109,23673924,-32,128,16917,20,3,-1,74,60,-717
747,23700110,23698194,-32,134,16917,19,3,0,74,59,-718
748,23724109,23722458,-32,138,16914,16,3,0,74,59,-718
749,23748109,23746725,-32,141,16907,15,2,0,75,59,-718
750,23772109,23770987,-30,143,16905,14,2,0,74,59,-720
751,23796109,23795249,-27,146,16902,14,2,0,74,58,-719
752,23820109,23819510,-27,149,16902,12,2,-1,73,59,-719
753,23844109,23843776,-28,154,16904,9,1,0,73,59,-718
754,23868109,23868039,-27,154,16903,7,0,0,73,59,-717
755,23894109,23892305,-27,153,16901,7,-1,0,72,59,-716
756,23918109,23916575,-24,154,16905,8,-3,-1,71,60,-716
757,23942109,23940837,-22,156,16911,8,-4,-1,70,59,-715
758,23966109,23965098,-20,157,16915,6,-4,-1,70,60,-715
759,23990109,23989362,-22,156,16912,5,-5,0,70,60,-715
760,24014109,24013623,-23,156,16912,5,-6,-1,70,62,-716
761,24038109,24037888,-23,155,16916,5,-7,-1,70,63,-717
762,24064109,24062154,-23,156,16920,4,-7,-1,70,63,-717
763,24088109,24086419,-23,156,16921,1,-6,-1,70,64,-718
764,24111073,24110690,-26,153,16918,0,-5,0,70,64,-719
765,24135073,24134983,-26,152,16918,0,-4,0,71,65,-719
766,24161073,24159256,-28,151,16913,0,-3,0,71,66,-719
767,24185073,24183520,-26,151,16917,1,-3,0,72,67,-718
768,24208164,24207859,-25,152,16920,0,-2,-1,73,66,-717
769,24234164,24232186,-22,153,16918,-1,-3,-1,74,65,-717
770,24258164,24256461,-21,151,16921,-1,-3,0,74,64,-718
771,24282164,24280728,-19,149,16927,-1,-4,0,74,64,-716
772,24306164,24304991,-16,150,16925,-2,-4,0,74,65,-716
773,24330164,24329255,-17,150,16923,-4,-4,0,74,64,-716
774,24354164,24353516,-16,149,16928,-5,-5,0,74,64,-717
775,24378164,24377781,-12,147,16930,-6,-5,0,72,63,-716
776,24402164,24402048,-11,147,16925,-6,-4,1,72,62,-716
777,24428165,24426322,-11,145,16931,-5,-5,1,71,63,-717
778,24452164,24450585,-7,145,16933,-6,-5,0,71,64,-716
779,24476164,24474848,-6,143,16932,-6,-4,0,72,63,-717
780,24500164,24499112,-8,140,16931,-6,-3,0,73,62,-717
781,24524164,24523375,-9,135,16928,-5,-3,0,73,61,-717
782,24548164,24547636,-6,133,16926,-5,-4,-1,71,62,-717
783,24572164,24571900,-5,132,16926,-5,-5,-1,72,61,-717
784,24598165,24596171,-5,128,16923,-5,-5,-1,73,61,-716
785,24622164,24620433,-4,126,16915,-5,-4,-1,72,60,-716
786,24646164,24644695,-5,123,16911,-3,-4,-1,72,61,-718
787,24670164,24668959,-3,123,16912,-3,-5,-1,72,61,-716
788,24694164,24693222,-2,124,16912,-3,-5,-1,70,62,-716
789,24718164,24717485,-3,124,16908,-3,-6,-2,70,61,-716
790,24742164,24741751,-5,122,16910,0,-6,-2,70,62,-717
791,24766164,24766015,-4,119,16913,1,-6,-3,71,64,-718
792,24792165,24790288,-3,116,16916,0,-7,-3,70,65,-718
793,24816164,24814553,-2,117,16922,-3,-8,-3,70,65,-718
794,24840164,24838813,-1,116,16919,-7,-7,-2,70,63,-718
795,24864164,24863075,-1,112,16909,-8,-7,-2,71,62,-719
796,24888164,24887338,0,107,16910,-9,-8,-2,71,63,-720
797,24912164,24911990,10,102,16922,-6,-7,0,73,64,-719
798,24938165,24936277,19,100,16927,-5,-5,5,73,62,-717
799,24962164,24960554,24,94,16925,-3,-3,10,73,61,-715
800,24985778,24984923,13,89,16946,9,-3,14,73,60,-716
801,25009777,25009260,16,89,16971,29,-7,15,72,60,-716
802,25033777,25033531,-17,95,16994,51,-33,12,71,62,-715
803,25059777,25057805,-19,99,17022,76,-74,6,70,63,-715
804,25083777,25082067,-56,29,17063,129,-116,19,69,61,-714
805,25107777,25106327,-79,-38,17118,206,-161,58,69,61,-714
806,25131777,25130596,-118,6,17290,287,-213,107,67,60,-716
807,25155777,25154864,-123,149,17554,352,-249,152,66,58,-717
808,25179777,25179128,-70,355,17824,390,-230,205,64,55,-716
809,25203777,25203397,-59,499,18116,399,-178,246,64,54,-717
810,25227777,25227671,-61,627,18475,375,-96,262,65,52,-717
811,25253778,25251946,-101,800,18891,326,-12,259,65,51,-718
812,25277777,25276210,-103,998,19308,236,54,214,66,49,-719
813,25301777,25300472,-54,1154,19713,114,105,116,65,46,-718
814,25325777,25324736,12,1197,20049,8,161,2,66,46,-719
815,25349777,25348997,43,1164,20304,-60,212,-106,68,46,-718
816,25373777,25373263,5,1046,20503,-105,222,-220,69,45,-718
817,25397777,25397529,-38,962,20651,-141,218,-327,69,45,-717
818,25423777,25421798,-71,832,20638,-152,214,-403,69,44,-716
819,25447777,25446061,-113,635,20492,-141,236,-454,69,43,-716
820,25471777,25470325,-154,503,20221,-123,291,-479,67,43,-716
821,25495777,25494589,-237,431,19805,-107,379,-477,68,44,-717
822,25519777,25518851,-311,399,19168,-104,456,-462,68,43,-716
823,25543777,25543115,-348,399,18450,-126,506,-446,69,42,-716
824,25567777,25567376,-388,389,17680,-167,552,-430,70,43,-716
825,25591777,25591638,-402,312,16845,-200,608,-414,73,42,-717
826,25617777,25615912,-398,238,16024,-230,683,-402,76,40,-717
827,25641777,25640174,-399,230,15184,-264,749,-396,79,38,-717
828,25664752,25664446,-388,216,14345,-291,785,-386,82,38,-716
829,25688756,25688752,-404,143,13574,-306,786,-364,85,39,-716
830,25714752,25713019,-455,40,12978,-321,776,-347,89,38,-716
831,25738752,25737284,-563,-124,12473,-328,757,-344,91,40,-717
832,25762349,25761625,-646,-251,12074,-304,717,-336,92,41,-718
833,25786349,25785960,-744,-244,11821,-268,631,-310,94,42,-717
834,25810349,25810228,-828,-184,11654,-221,499,-267,94,43,-717
835,25836350,25834502,-864,-177,11592,-156,335,-209,95,44,-718
836,25860349,25858767,-882,-150,11670,-82,171,-152,96,44,-719
837,25884349,25883031,-879,-105,11863,-7,17,-109,95,43,-720
838,25908349,25907297,-813,-13,12092,69,-123,-61,95,43,-720
839,25932349,25931562,-740,148,12370,144,-254,9,93,41,-720
840,25956349,25955833,-696,307,12731,207,-390,89,92,40,-719
841,25980349,25980097,-652,405,13123,259,-513,158,90,39,-720
842,26006350,26004365,-665,534,13619,303,-618,217,88,39,-719
843,26030349,26028632,-709,672,14137,327,-696,262,86,39,-719
844,26054349,26052896,-773,763,14681,336,-764,298,83,38,-719
845,26078349,26077159,-844,840,15259,342,-820,327,81,39,-717
846,26102349,26101425,-939,876,15852,345,-861,346,77,38,-718
847,26126349,26125690,-1002,834,16432,337,-877,337,75,38,-717
848,26150349,26149955,-989,759,16907,323,-866,302,72,38,-717
849,26174349,26174219,-902,690,17266,313,-841,258,69,38,-716
850,26200350,26198496,-728,592,17518,312,-816,219,67,37,-716
851,26224349,26222762,-499,499,17797,318,-784,176,65,37,-714
852,26248349,26247028,-248,451,18048,319,-737,130,62,38,-713
853,26272349,26271290,-2,475,18241,309,-673,86,59,36,-712
854,26296349,26295551,234,483,18377,296,-611,57,57,36,-711
855,26320349,26319817,439,479,18459,274,-552,54,54,36,-712
856,26344349,26344079,594,508,18525,240,-494,68,52,36,-712
857,26370350,26368352,697,537,18586,193,-436,92,52,35,-712
858,26394349,26392619,782,570,18594,133,-365,123,51,36,-713
859,26418349,26416882,829,611,18502,71,-289,163,50,37,-714
860,26442349,26441146,824,600,18342,20,-224,214,50,36,-713
861,26466349,26465409,798,560,18175,-21,-180,261,51,37,-714
862,26490349,26489672,776,588,18023,-56,-143,296,52,39,-713
863,26514349,26513938,789,672,17879,-64,-103,319,53,39,-713
864,26539931,26538302,807,757,17751,-55,-55,340,53,39,-712
865,26563931,26562614,815,844,17649,-47,-13,354,52,42,-712
866,26587931,26586885,825,918,17568,-43,8,355,53,43,-711
867,26611931,26611147,822,968,17524,-33,8,357,53,43,-711
868,26635931,26635412,827,1026,17520,-20,1,362,53,44,-712
869,26659931,26659674,820,1059,17505,-9,-2,365,53,47,-711
870,26685931,26683953,816,1055,17473,-7,-6,365,53,48,-712
871,26709931,26708219,791,1030,17446,-20,-11,355,52,50,-711
872,26733931,26732483,768,959,17393,-40,-17,328,53,52,-712
873,26757931,26756748,740,913,17322,-53,-30,286,55,52,-711
874,26781931,26781009,739,918,17240,-52,-91,252,55,52,-711
875,26805931,26805269,825,906,17212,-54,-161,218,53,53,-710
876,26829931,26829535,919,940,17209,-71,-205,178,52,53,-712
877,26853931,26853798,1020,989,17221,-94,-228,136,53,52,-712
878,26879932,26878072,1130,933,17220,-109,-219,94,53,52,-712
879,26903931,26902334,1190,879,17216,-122,-196,58,53,53,-711
880,26927931,26926602,1252,874,17203,-131,-196,35,52,54,-711
881,26951931,26950864,1335,842,17247,-132,-187,32,51,55,-711
882,26975931,26975131,1387,756,17316,-136,-93,19,52,56,-710
883,26999931,26999396,1353,679,17295,-143,39,-4,53,56,-710
884,27023931,27023658,1287,565,17224,-137,143,-22,55,57,-709
885,27047931,27047923,1206,456,17138,-120,210,-27,55,60,-709
886,27073931,27072190,1122,454,17063,-107,230,-21,55,62,-709
887,27097931,27096455,1093,456,16985,-90,213,-11,56,61,-708
888,27121931,27120720,1077,434,16942,-70,205,1,56,59,-709
889,27145931,27144986,1067,408,16883,-53,206,9,56,61,-708
890,27169931,27169251,1064,434,16822,-36,190,17,55,61,-710
891,27193931,27193517,1066,479,16782,-5,165,33,56,61,-710
892,27218914,27217809,1074,508,16799,22,151,46,56,59,-710
893,27242914,27242091,1085,537,16838,33,168,39,56,58,-711
894,27266914,27266357,1081,518,16849,40,199,24,58,57,-711
895,27290914,27290626,1067,486,16868,42,243,5,59,58,-712
896,27316567,27315013,1018,490,16894,40,296,-11,60,61,-710
897,27340567,27339681,913,518,16928,30,330,-25,61,59,-710
898,27364567,27363957,798,481,16978,11,327,-37,63,60,-710
899,27388567,27388220,688,414,17033,-23,311,-54,64,61,-710
900,27412574,27412569,605,390,17026,-58,292,-67,65,64,-710
901,27438567,27436866,546,376,16988,-83,262,-70,67,65,-711
902,27462567,27461135,481,384,16992,-105,235,-76,67,65,-711
903,27486567,27485403,413,376,16990,-123,208,-85,68,65,-711
904,27510567,27509665,373,353,16972,-136,176,-95,69,65,-712
905,27534567,27533929,360,323,16940,-140,152,-101,69,66,-713
906,27558567,27558197,321,308,16915,-137,151,-103,70,65,-713
907,27582567,27582462,271,299,16902,-134,151,-105,70,64,-713
908,27608568,27606735,220,268,16911,-130,155,-105,71,63,-714
909,27632567,27630999,161,238,16931,-115,151,-95,70,63,-712
910,27656567,27655276,112,201,16941,-97,142,-74,72,62,-712
911,27680567,27679548,66,187,16945,-79,127,-48,72,61,-712
912,27704567,27703815,24,167,16952,-59,109,-27,72,61,-713
913,27728567,27728076,1,138,16948,-42,90,-12,73,61,-711
914,27752567,27752341,0,124,16940,-24,72,1,73,60,-713
915,27778567,27776614,0,136,16934,-4,57,10,72,60,-714
916,27802567,27800876,0,153,16922,15,38,16,71,59,-715
917,27826567,27825139,9,152,16910,20,27,14,71,61,-717
918,27850567,27849403,16,157,16901,21,18,8,70,60,-718
919,27874567,27873663,21,161,16890,19,15,1,70,61,-718
920,27898567,27897931,16,165,16884,14,13,-3,70,61,-719
921,27922567,27922195,13,171,16889,7,11,-6,70,61,-721
922,27946567,27946460,12,172,16894,5,8,-8,70,62,-720
923,27972567,27970735,15,171,16903,5,8,-9,72,61,-718
924,27996567,27995001,20,171,16915,5,10,-9,70,62,-718
925,28020567,28019265,16,175,16920,9,12,-8,70,61,-718
926,28044567,28043534,13,176,16924,13,13,-8,71,62,-719
927,28068567,28067797,12,177,16933,18,15,-6,72,62,-719
928,28093806,28092167,9,181,16932,25,15,-5,73,64,-720
929,28117806,28116479,3,189,16925,37,16,-3,72,64,-719
930,28141806,28140758,-3,200,16924,42,18,-2,72,65,-718
931,28165806,28165026,-9,211,16921,44,18,-1,71,65,-721
932,28189806,28189290,-19,222,16922,46,16,0,73,65,-721
933,28213806,28213554,-22,234,16923,47,13,0,73,63,-720
934,28239806,28237822,-24,244,16922,46,11,0,72,63,-720
935,28263806,28262084,-27,254,16923,46,11,0,72,62,-720
936,28287806,28286346,-28,263,16929,44,10,0,71,61,-720
937,28311806,28310612,-32,268,16928,35,8,0,70,61,-721
938,28335806,28334876,-36,270,16928,28,6,1,70,60,-721
939,28359806,28359141,-38,273,16928,23,3,1,71,61,-720
940,28383806,28383405,-37,277,16921,16,2,1,69,62,-719
941,28407806,28407672,-40,278,16919,10,-1,0,69,62,-720
942,28433807,28431944,-43,279,16918,3,-4,0,69,63,-720
943,28457806,28456210,-43,277,16915,-3,-7,0,70,63,-720
944,28481806,28480472,-40,272,16913,-9,-8,0,71,64,-719
945,28505806,28504736,-37,267,16912,-13,-8,0,71,64,-718
946,28529806,28528998,-35,266,16910,-17,-7,0,71,65,-719
947,28553806,28553261,-36,263,16905,-22,-6,-1,70,65,-720
948,28577806,28577522,-36,256,16902,-26,-5,-2,71,64,-719
949,28601806,28601783,-35,247,16895,-26,-4,-2,71,65,-718
950,28627806,28626042,-35,240,16879,-22,-4,-3,71,65,-718
951,28651806,28650308,-37,235,16873,-15,-4,-3,71,65,-719
952,28675806,28674571,-35,233,16877,-6,-4,-4,71,64,-720
953,28699806,28698833,-32,233,16886,2,-2,-4,71,63,-720
954,28723806,28723097,-32,233,16891,9,0,-4,71,63,-720
955,28747806,28747363,-29,233,16899,16,1,-3,71,63,-720
956,28772805,28771673,-29,237,16902,22,2,-2,72,63,-721
957,28796805,28795958,-28,243,16907,25,3,-1,72,63,-721
958,28820805,28820222,-26,250,16924,24,4,1,71,62,-721
959,28844805,28844486,-26,258,16926,20,5,2,72,62,-721
960,28870603,28868875,-30,263,16922,15,2,4,72,62,-720
961,28894602,28893194,-29,264,16919,11,-3,4,72,64,-720
962,28918602,28917468,-26,264,16919,8,-6,5,73,64,-720
963,28942602,28941736,-26,264,16914,6,-8,6,72,63,-719
964,28966602,28966004,-25,263,16918,4,-10,6,71,63,-720
965,28990602,28990269,-22,260,16929,5,-10,7,72,64,-721
966,29014602,29014536,-19,258,16928,8,-9,7,74,63,-721
967,29040602,29038803,-17,256,16929,5,-7,8,73,63,-721
968,29064602,29063068,-18,254,16930,-2,-6,8,73,63,-721
969,29088602,29087331,-24,252,16928,-9,-7,9,72,62,-721
970,29112602,29111605,-24,245,16928,-13,-9,8,72,62,-720
971,29136602,29135869,-22,234,16938,-13,-13,8,74,62,-719
972,29160602,29160137,53,263,16969,-10,-17,12,74,62,-718
973,29184602,29184404,135,264,17012,-12,-22,15,75,61,-717
974,29210603,29208673,286,287,17116,16,-30,45,73,62,-717
975,29234602,29232936,380,297,17391,91,-51,115,72,62,-716
976,29258602,29257200,372,397,17967,181,-99,203,72,60,-715
977,29282602,29281462,289,594,18731,265,-144,287,71,61,-716
978,29306602,29305723,104,821,19534,307,-167,333,70,59,-716
979,29330602,29329986,-58,1024,20262,298,-170,308,70,58,-716
980,29354602,29354251,-223,1092,20904,248,-136,222,69,56,-716
981,29378602,29378516,-405,1139,21435,167,-66,95,67,56,-718
982,29404603,29402789,-692,1130,21815,44,0,-74,67,55,-717
983,29428602,29427051,-887,1019,21871,-119,52,-293,67,54,-718
984,29452602,29451312,-968,808,21554,-279,114,-526,66,54,-718
985,29476602,29475581,-989,532,21009,-407,176,-739,67,52,-716
986,29500602,29499843,-828,234,20305,-487,248,-896,68,53,-717
987,29524602,29524104,-675,-67,19508,-510,358,-958,67,53,-717
988,29548602,29548370,-633,-359,18580,-477,457,-940,68,53,-717
989,29574602,29572641,-586,-581,17618,-400,518,-860,69,52,-716
990,29598602,29596904,-497,-711,16635,-301,563,-753,69,52,-716
991,29622602,29621172,-435,-712,15748,-208,618,-625,70,50,-716
992,29645737,29645506,-355,-711,14914,-143,686,-495,72,49,-716
993,29671737,29669832,-236,-735,14106,-111,759,-368,73,50,-718
994,29695736,29694101,-260,-697,13392,-100,791,-236,76,50,-717
995,29719736,29718365,-302,-615,12820,-116,750,-115,79,50,-717
996,29743736,29742634,-285,-445,12424,-159,671,-1,81,48,-716
997,29767736,29767274,-258,-289,12137,-220,584,97,83,50,-716
998,29791736,29791552,-251,-205,11950,-290,503,189,87,50,-716
999,29817736,29815829,-261,-173,11826,-343,425,277,90,52,-714
1000,29841736,29840162,-334,-152,11739,-362,337,361,92,53,-713
1001,29865736,29864457,-455,-67,11702,-351,219,436,94,55,-713
1002,29889736,29888731,-507,-6,11744,-305,90,477,94,55,-712
1003,29913736,29912999,-524,54,11920,-218,-47,492,94,55,-712
1004,29937736,29937262,-544,152,12192,-113,-179,485,93,56,-712
1005,29961736,29961527,-574,234,12568,-3,-319,462,92,56,-712
1006,29987737,29985801,-604,289,13027,103,-451,416,90,57,-713
1007,30011736,30010063,-644,354,13560,191,-573,340,86,56,-713
1008,30035736,30034325,-613,410,14128,259,-679,247,85,55,-714
1009,30059736,30058591,-509,372,14698,310,-763,145,81,54,-713
1010,30083736,30082868,-364,282,15301,358,-842,75,79,52,-713
1011,30107736,30107133,-239,190,15872,386,-915,45,75,52,-715
1012,30131736,30131398,-112,61,16465,403,-969,44,73,53,-715
1013,30155736,30155662,36,-47,17013,410,-983,59,70,51,-714
1014,30181736,30179930,202,-95,17520,418,-954,93,68,49,-714
1015,30205736,30204195,357,-126,17972,427,-905,151,67,49,-714
1016,30229736,30228457,458,-146,18377,426,-845,207,63,48,-715
1017,30253736,30252725,550,-119,18741,411,-777,257,61,49,-714
1018,30277736,30276987,624,-56,18997,374,-685,271,60,49,-714
1019,30301736,30301249,687,8,19146,317,-572,248,58,50,-713
1020,30327022,30325537,746,48,19167,254,-464,202,57,50,-713
1021,30351022,30349819,783,81,19103,189,-381,154,56,50,-713
1022,30375022,30374084,800,72,18986,122,-329,101,56,50,-713
1023,30399022,30398348,820,44,18826,51,-282,44,54,52,-714
1024,30424727,30422764,858,44,18609,-12,-239,-2,54,54,-713
1025,30448727,30447083,860,55,18369,-59,-203,-33,54,53,-714
1026,30472727,30471353,830,57,18166,-96,-177,-46,52,55,-714
1027,30496727,30495616,804,76,18007,-120,-143,-37,53,56,-713
1028,30520727,30519880,816,125,17836,-134,-92,-15,52,56,-713
1029,30544727,30544144,831,188,17702,-130,-29,23,51,58,-711
1030,30568727,30568416,835,258,17598,-112,30,89,51,60,-713
1031,30592727,30592681,863,361,17528,-83,75,174,52,59,-712
1032,30618727,30616948,894,500,17485,-49,110,265,52,60,-713
1033,30642727,30641213,901,580,17490,-26,145,338,54,59,-712
1034,30666727,30665476,876,633,17503,-14,186,364,56,59,-711
1035,30690727,30689739,846,656,17468,-7,218,355,57,60,-712
1036,30714727,30714003,770,674,17447,-4,228,316,60,59,-712
1037,30738727,30738266,684,654,17418,-8,213,251,61,60,-712
1038,30762727,30762531,638,629,17405,-21,191,155,62,61,-711
1039,30788728,30786800,588,596,17392,-35,197,47,63,64,-711
1040,30812727,30811070,510,500,17380,-49,215,-60,63,63,-710
1041,30836727,30835337,469,415,17318,-59,225,-150,63,65,-710
1042,30860727,30859598,468,361,17227,-55,236,-198,63,65,-710
1043,30884727,30883858,459,308,17167,-39,245,-211,64,64,-711
1044,30908727,30908124,460,261,17136,-19,256,-196,63,66,-711
1045,30932727,30932390,490,244,17109,2,281,-162,64,65,-713
1046,30956727,30956652,516,233,17051,23,315,-118,65,64,-713
1047,30982728,30980921,531,218,16987,42,329,-68,64,64,-714
1048,31006727,31005184,482,220,16976,50,319,-26,66,63,-715
1049,31030727,31029447,448,229,16988,44,301,11,67,62,-714
1050,31054727,31053716,412,214,16989,28,273,45,69,63,-715
1051,31078727,31077983,376,210,16975,3,238,66,70,62,-714
1052,31102727,31102248,306,204,16954,-27,198,67,71,61,-715
1053,31126727,31126512,212,194,16959,-49,156,54,71,61,-714
1054,31152727,31150783,115,188,16977,-63,112,40,72,62,-714
1055,31176727,31175045,42,186,16983,-76,64,20,73,63,-713
1056,31200282,31199380,59,184,16959,-78,33,5,75,65,-714
1057,31224282,31223695,46,185,16937,-65,17,-5,74,67,-715
1058,31248282,31247967,28,196,16924,-48,10,-14,73,66,-714
1059,31272282,31272232,7,195,16928,-32,6,-20,73,67,-715
1060,31298282,31296507,10,184,16943,-10,7,-14,72,68,-714
1061,31322282,31320775,20,171,16945,5,9,-7,72,67,-714
1062,31346282,31345037,20,163,16938,12,9,-6,73,67,-714
1063,31370282,31369301,14,159,16933,19,10,-6,74,66,-715
1064,31394282,31393566,10,159,16930,24,10,-6,74,65,-714
1065,31418282,31417826,2,163,16931,24,9,-6,74,63,-713
1066,31442282,31442094,-2,163,16934,24,6,-5,74,65,-714
1067,31468282,31466365,0,167,16938,24,5,-5,73,64,-714
1068,31492282,31490630,-2,172,16932,21,6,-4,74,65,-717
1069,31516282,31514891,-9,177,16922,19,5,-2,77,65,-717
1070,31540282,31539160,25,183,16921,17,5,-1,77,64,-717
1071,31564282,31563431,29,188,16930,13,4,0,77,66,-717
1072,31588282,31587696,30,192,16930,8,5,2,76,66,-717
1073,31612282,31611960,29,196,16926,5,5,2,75,67,-719
1074,31636282,31636222,28,198,16929,3,5,3,77,66,-719
1075,31662282,31660493,26,197,16926,1,6,4,77,66,-718
1076,31686282,31684760,24,196,16928,1,5,4,76,66,-717
1077,31710282,31709023,26,196,16931,1,4,4,74,65,-716
1078,31734282,31733287,-6,193,16933,1,3,4,73,66,-716
1079,31758282,31757553,-7,191,16931,1,2,3,73,64,-716
1080,31782282,31781817,-8,187,16931,1,1,3,72,62,-714
1081,31806282,31806082,-7,183,16932,1,1,2,73,62,-714
1082,31832283,31830353,-7,182,16929,1,1,2,72,63,-713
1083,31856282,31854617,-9,180,16930,2,0,2,72,62,-714
1084,31879235,31878889,-10,179,16926,1,0,1,72,61,-714
1085,31903235,31903180,-13,178,16922,1,0,1,73,60,-716
1086,31929235,31927450,-14,178,16916,1,1,1,74,61,-717
1087,31953235,31951713,-17,178,16908,3,1,1,73,63,-717
1088,31976352,31976046,-16,178,16912,4,1,1,74,65,-719
1089,32002352,32000383,-16,178,16915,4,1,1,74,65,-718
1090,32026352,32024663,-18,179,16912,4,2,0,72,66,-719
1091,32050352,32048934,-17,180,16910,4,2,0,72,67,-719
1092,32074352,32073196,-17,183,16909,4,2,0,71,67,-719
1093,32098352,32097459,-17,182,16906,4,2,-1,71,69,-717
1094,32122352,32121721,-16,181,16910,4,1,-1,71,68,-716
1095,32146352,32145985,-16,181,16918,3,1,-1,69,67,-717
1096,32170353,32170248,-17,182,16911,3,1,-1,68,68,-717
1097,32196352,32194927,-16,184,16912,3,0,-1,69,69,-717
1098,32220352,32219200,-17,185,16912,4,0,-1,70,69,-717
1099,32244352,32243463,-18,186,16916,4,0,0,70,69,-717
1100,32268353,32267816,-18,185,16921,4,0,0,69,68,-718
1101,32292352,32292099,-19,186,16929,4,0,1,70,67,-719
1102,32318352,32316371,-22,189,16928,3,0,1,71,68,-718
1103,32342352,32340632,-21,190,16927,4,0,1,72,66,-718
1104,32366352,32364896,-22,191,16927,4,1,1,72,64,-718
1105,32390352,32389158,-26,190,16923,4,1,1,72,63,-718
1106,32414352,32413420,-25,188,16922,5,1,0,72,62,-718
1107,32438352,32437684,-27,189,16918,7,1,0,73,61,-718
1108,32462352,32461947,-29,190,16915,7,0,0,74,63,-718
1109,32486352,32486209,-27,192,16913,8,-1,-1,74,64,-717
1110,32512353,32510491,-23,192,16918,8,-1,-1,74,63,-718
1111,32536352,32534755,-25,192,16917,7,-1,-1,74,64,-718
1112,32560352,32559020,-26,193,16918,7,-2,-1,73,65,-717
1113,32584352,32583285,-25,195,16919,6,-2,0,74,66,-717
1114,32608352,32607548,-24,196,16921,4,-3,1,74,66,-717
1115,32632352,32631816,-21,195,16924,2,-3,1,74,66,-717
1116,32656352,32656077,-19,194,16924,2,-2,1,74,65,-717
1117,32680352,32680338,-20,193,16922,2,0,1,75,64,-717
1118,32706352,32704607,-23,192,16916,2,0,1,75,65,-716
1119,32730352,32728869,-23,191,16916,3,1,1,74,66,-717
1120,32754115,32753202,-25,189,16918,4,2,0,75,66,-718
1121,32778114,32777526,-25,188,16921,5,2,0,75,64,-720
1122,32802114,32801795,-25,189,16921,5,3,0,75,64,-721
1123,32826114,32826059,-26,191,16921,6,2,0,75,65,-721
1124,32852114,32850326,-23,192,16920,6,2,0,75,64,-720
1125,32876114,32874592,-23,193,16920,7,1,-1,75,64,-720
1126,32900114,32898858,-22,193,16922,7,0,0,74,64,-721
1127,32924114,32923121,-20,194,16922,6,-1,0,75,63,-720
1128,32948114,32947385,-16,195,16924,6,-1,0,75,64,-719
1129,32972114,32971644,-15,195,16922,4,-2,0,76,64,-718
1130,32996114,32995912,-16,194,16921,2,-3,1,75,64,-715
1131,33022115,33020183,-16,192,16922,1,-3,1,75,64,-717
1132,33046114,33044447,-17,192,16923,1,-3,1,75,65,-717
1133,33070114,33068710,-16,190,16922,0,-3,1,75,64,-716
1134,33094114,33092974,-15,190,16922,0,-3,1,74,61,-717
1135,33118114,33117237,-14,190,16921,0,-3,1,74,62,-716
1136,33142114,33141501,-12,189,16918,0,-3,1,74,62,-718
1137,33166114,33165761,-13,190,16917,0,-2,1,73,65,-719
1138,33190114,33190022,-10,187,16918,0,-2,0,73,64,-719
1139,33216115,33214293,-6,186,16919,0,-2,0,74,65,-719
1140,33240114,33238557,-3,184,16925,-1,-2,1,74,63,-719
1141,33264114,33262822,-6,182,16927,-5,0,1,75,65,-719
1142,33288114,33287090,-6,179,16932,-9,0,1,75,66,-718
1143,33312114,33311354,-5,177,16948,-14,0,2,74,65,-719
1144,33336114,33335617,-6,171,16972,-18,-4,3,76,65,-718
1145,33360114,33359882,-2,159,17012,-24,-8,4,76,65,-717
1146,33386114,33384153,-16,118,17107,-25,-12,3,74,64,-718
1147,33410114,33408417,-46,76,17288,1,-17,2,72,63,-717
1148,33433072,33432685,-114,87,17550,66,-49,14,71,63,-717
1149,33457072,33456994,-174,184,17920,138,-100,26,69,63,-717
1150,33483073,33481265,-228,321,18375,200,-149,-3,68,63,-719
1151,33507072,33505530,-239,465,18876,244,-154,-23,68,63,-719
1152,33529932,33529895,-242,600,19359,271,-108,-66,66,60,-719
1153,33555932,33554243,-316,690,19814,282,-47,-135,65,58,-721
1154,33579932,33578515,-413,816,20239,268,-10,-220,66,57,-720
1155,33603932,33602783,-445,913,20575,209,15,-322,67,55,-721
1156,33627932,33627051,-387,936,20750,106,87,-443,66,52,-720
1157,33651932,33651316,-300,842,20744,-8,207,-551,66,52,-719
1158,33675932,33675580,-246,664,20573,-113,335,-612,67,50,-717
1159,33699932,33699843,-295,425,20293,-202,419,-689,68,48,-716
1160,33725933,33724127,-377,128,19861,-279,448,-750,69,49,-714
1161,33749932,33748397,-390,-149,19341,-327,444,-784,70,49,-711
1162,33773932,33772663,-326,-371,18754,-336,446,-780,70,48,-711
1163,33797932,33796932,-290,-519,18118,-316,455,-730,70,47,-712
1164,33821932,33821194,-342,-542,17542,-292,443,-645,71,47,-713
1165,33845932,33845456,-440,-484,16947,-278,420,-569,74,47,-713
1166,33869932,33869717,-554,-426,16279,-278,421,-517,76,46,-714
1167,33895933,33893987,-683,-353,15477,-275,417,-478,76,46,-714
1168,33919932,33918253,-774,-191,14798,-272,389,-466,77,46,-714
1169,33943932,33942517,-783,31,14219,-286,379,-469,78,46,-715
1170,33967932,33966786,-773,199,13666,-325,404,-489,80,46,-716
1171,33991932,33991049,-748,286,13119,-365,443,-492,82,47,-716
1172,34015932,34015312,-694,228,12572,-385,474,-476,84,47,-715
1173,34039932,34039576,-681,73,12176,-367,467,-410,84,46,-715
1174,34063932,34063841,-638,-53,11960,-319,410,-298,85,46,-715
1175,34089932,34088114,-517,-135,11960,-252,342,-137,86,45,-715
1176,34113932,34112378,-419,-207,12055,-168,290,70,88,45,-715
1177,34137932,34136642,-445,-273,12188,-60,209,300,90,44,-716
1178,34161932,34160912,-574,-284,12403,59,91,520,91,44,-715
1179,34185932,34185176,-719,-214,12678,164,-50,684,89,43,-715
1180,34209932,34209446,-831,-86,12985,246,-201,792,89,43,-715
1181,34233932,34233715,-884,55,13290,302,-346,840,88,44,-716
1182,34259933,34257988,-912,171,13622,347,-486,845,86,43,-716
1183,34283932,34282252,-959,236,13955,381,-611,813,85,44,-717
1184,34307752,34306593,-1034,220,14314,416,-734,745,82,45,-717
1185,34331751,34330914,-1063,141,14783,450,-837,640,79,44,-718
1186,34355751,34355186,-1015,49,15281,479,-919,502,76,43,-719
1187,34379751,34379456,-957,4,15836,509,-987,355,73,44,-720
1188,34403751,34403720,-883,-24,16400,535,-1032,213,69,45,-720
1189,34429751,34427985,-744,-11,16894,549,-1039,91,64,43,-720
1190,34453751,34452262,-583,67,17339,546,-1011,-4,61,42,-718
1191,34477751,34476527,-321,209,17727,522,-952,-67,58,41,-717
1192,34501751,34500793,11,401,18023,476,-868,-85,55,40,-717
1193,34525751,34525058,356,617,18165,409,-763,-46,53,39,-717
1194,34549751,34549322,702,789,18228,341,-650,51,52,39,-715
1195,34573751,34573586,1027,908,18261,294,-512,178,52,40,-713
1196,34599751,34597859,1254,998,18291,261,-365,307,52,38,-713
1197,34623751,34622509,1381,1102,18333,242,-242,405,53,40,-714
1198,34647751,34646785,1477,1219,18360,218,-147,480,53,39,-717
1199,34671751,34671053,1478,1303,18386,197,-75,528,55,41,-716
1200,34695751,34695391,1420,1306,18385,169,-1,543,57,41,-715
1201,34719751,34719671,1314,1285,18367,130,70,510,58,42,-713
1202,34745753,34743950,1160,1274,18225,80,125,443,58,44,-714
1203,34769751,34768220,958,1202,18013,19,141,349,58,44,-714
1204,34793751,34792485,785,1113,17871,-52,132,213,58,45,-714
1205,34817751,34816757,670,994,17768,-124,131,77,59,46,-713
1206,34841751,34841021,573,878,17648,-174,146,-43,59,49,-712
1207,34865751,34865286,496,760,17502,-201,156,-138,57,49,-714
1208,34889751,34889546,430,717,17400,-216,144,-205,57,51,-714
1209,34915752,34913817,421,713,17315,-219,123,-237,57,50,-714
1210,34939751,34938092,451,707,17322,-199,117,-225,58,50,-714
1211,34963751,34962358,504,711,17382,-166,139,-162,58,51,-714
1212,34986729,34986633,570,764,17371,-135,176,-37,58,52,-715
1213,35012729,35010935,613,884,17300,-99,210,115,59,51,-715
1214,35036729,35035204,661,927,17223,-57,240,251,63,52,-715
1215,35060729,35059467,662,931,17200,-27,270,328,65,51,-715
1216,35084415,35083848,621,941,17201,-7,288,344,67,52,-716
1217,35108415,35108167,544,954,17216,11,279,301,68,54,-716
1218,35134415,35132439,485,932,17217,13,238,228,69,54,-716
1219,35158415,35156703,433,878,17220,-6,180,126,71,56,-717
1220,35182415,35180979,340,766,17233,-23,130,13,72,55,-716
1221,35206415,35205245,258,602,17244,-36,90,-98,72,55,-716
1222,35230415,35229508,160,509,17266,-60,66,-182,71,56,-717
1223,35254415,35253770,38,549,17343,-84,54,-213,72,56,-717
1224,35278415,35278035,-19,561,17339,-117,60,-195,72,56,-717
1225,35302415,35302297,-22,545,17261,-149,77,-138,72,56,-718
1226,35328416,35326571,-38,544,17225,-176,112,-77,73,59,-719
1227,35352415,35350835,-56,553,17168,-203,152,-26,73,59,-720
1228,35376415,35375097,-13,575,17101,-228,164,16,74,60,-720
1229,35400415,35399361,-25,587,17058,-247,157,44,74,62,-719
1230,35424415,35423626,-35,555,17025,-264,128,50,74,61,-718
1231,35448415,35447893,-23,456,16971,-275,85,42,74,64,-717
1232,35472415,35472156,9,369,16946,-248,45,29,75,67,-716
1233,35498416,35496421,5,294,16985,-206,25,19,76,68,-716
1234,35522415,35520687,-27,228,16997,-165,10,9,76,66,-716
1235,35546415,35544949,-44,196,17006,-119,-6,1,75,67,-715
1236,35570415,35569214,-72,179,16999,-74,-7,-5,74,68,-716
1237,35594415,35593477,-59,163,16988,-42,-5,-7,76,68,-716
1238,35618415,35617738,-55,154,16993,-13,-3,-7,76,70,-716
1239,35642415,35642004,-16,137,16961,13,1,-5,76,70,-718
1240,35666415,35666265,-5,145,16946,22,4,-4,74,69,-718
1241,35692415,35690540,-1,152,16936,22,3,-2,73,69,-717
1242,35716415,35714802,5,156,16940,17,3,0,74,70,-717
1243,35740415,35739063,5,160,16937,12,3,1,73,70,-717
1244,35764415,35763326,7,161,16928,10,3,2,73,71,-717
1245,35788415,35787588,10,163,16932,13,4,1,72,70,-717
1246,35812415,35811850,9,166,16930,12,5,1,73,70,-717
1247,35836415,35836118,6,168,16926,10,4,1,74,70,-716
1248,35861659,35860495,3,165,16922,9,4,0,74,71,-717
1249,35885659,35884806,1,163,16919,9,4,0,74,70,-718
1250,35909659,35909087,-4,166,16916,11,4,-1,74,69,-719
1251,35933659,35933354,-8,169,16917,12,4,-1,74,69,-719
1252,35957659,35957617,-11,171,16917,12,4,-1,74,68,-719
1253,35983659,35981884,-15,173,16914,12,3,-1,74,68,-721
1254,36007659,36006148,-18,175,16910,12,3,-1,73,67,-721
1255,36031659,36030409,-15,178,16910,13,3,-1,72,66,-721
1256,36055659,36054671,-10,179,16911,12,2,-1,72,64,-719
1257,36079659,36078937,-8,179,16912,12,2,0,72,64,-719
1258,36103659,36103201,-7,181,16909,11,2,0,73,63,-718
1259,36127659,36127464,-3,181,16907,10,2,0,74,63,-719
1260,36153659,36151738,0,182,16908,9,2,0,74,63,-718
1261,36177659,36175999,0,182,16905,8,3,0,75,63,-719
1262,36201659,36200265,1,185,16908,8,2,1,74,63,-719
1263,36225659,36224530,-3,184,16911,7,2,1,74,64,-719
1264,36249659,36248790,-8,185,16910,7,2,1,75,64,-720
1265,36273659,36273057,-10,186,16906,8,1,1,75,64,-720
1266,36297659,36297320,-11,187,16909,10,1,1,74,65,-720
1267,36321659,36321586,-11,189,16910,10,0,1,74,64,-720
1268,36347659,36345852,-11,188,16911,10,0,1,72,65,-719
1269,36371659,36370113,-10,187,16908,9,0,1,72,65,-719
1270,36395659,36394375,-11,187,16904,9,0,0,73,65,-720
1271,36419659,36418645,-11,190,16905,8,0,0,72,64,-720
1272,36443659,36442907,-11,191,16905,8,-1,0,71,65,-718
1273,36467659,36467172,-10,195,16907,6,-1,0,70,65,-719
1274,36491659,36491437,-11,197,16907,4,-1,0,72,65,-718
1275,36517660,36515711,-12,197,16908,3,-1,0,72,67,-718
1276,36540610,36539985,-16,199,16905,2,-1,0,72,65,-719
1277,36564610,36564287,-20,200,16905,2,-2,0,72,64,-718
1278,36588610,36588551,-21,197,16905,1,-2,1,71,63,-718
1279,36614610,36612819,-21,195,16902,1,-1,1,72,62,-719
1280,36638386,36637160,-21,196,16903,1,-1,1,73,62,-719
1281,36662386,36661475,-20,194,16901,1,-1,1,73,63,-719
1282,36686386,36685743,-20,193,16901,1,0,2,71,64,-720
1283,36710386,36710011,-20,192,16902,2,-1,2,72,63,-719
1284,36734386,36734277,-17,190,16907,2,-1,2,72,65,-719
1285,36760386,36758550,-18,187,16908,3,0,2,74,64,-720
1286,36784386,36782810,-19,189,16907,3,0,2,73,66,-718
1287,36808386,36807076,-20,192,16908,4,0,1,73,67,-717
1288,36832386,36831337,-22,192,16904,5,1,1,73,68,-716
1289,36856386,36855603,-26,191,16904,6,0,1,74,67,-716
1290,36880386,36879883,-26,192,16907,6,0,0,75,67,-715
1291,36904386,36904149,-27,193,16906,7,0,0,73,67,-715
1292,36930386,36928419,-27,194,16905,8,0,0,73,67,-715
1293,36954386,36952683,-27,196,16905,8,0,0,73,68,-717
1294,36978386,36976945,-25,199,16908,8,1,0,74,68,-718
1295,37002386,37001210,-23,201,16911,8,1,0,76,67,-719
1296,37026387,37025475,-23,203,16914,8,1,0,76,67,-720
1297,37050386,37050143,-21,207,16916,8,1,0,76,67,-720
1298,37076387,37074430,-20,209,16911,8,2,-1,76,67,-721
1299,37100386,37098695,-20,210,16911,8,2,-1,77,66,-722
1300,37124386,37123018,-19,213,16911,8,2,0,78,65,-721
1301,37148386,37147304,-16,214,16911,8,1,0,77,66,-720
1302,37172386,37171572,-15,214,16914,7,1,0,76,66,-721
1303,37196386,37195829,-15,213,16910,7,1,0,74,67,-719
1304,37220386,37220096,-14,213,16906,8,1,0,74,67,-719
1305,37244386,37244357,-14,212,16908,9,0,0,74,67,-719
1306,37270386,37268622,-14,211,16911,9,0,-1,73,68,-718
1307,37294386,37292884,-14,209,16909,9,0,-1,74,69,-717
1308,37318386,37317145,-13,210,16911,9,0,-1,74,68,-718
1309,37342386,37341409,-13,212,16911,9,0,0,74,66,-719
1310,37366386,37365687,-14,214,16907,9,1,0,76,65,-719
1311,37390386,37389953,-14,215,16907,9,0,0,76,64,-719
1312,37415566,37414331,-13,218,16910,7,-1,0,75,64,-721
1313,37439565,37438641,-13,219,16911,3,-2,1,75,64,-722
1314,37463565,37462911,-13,220,16908,-2,-3,2,75,64,-722
1315,37487565,37487181,-13,221,16905,-5,-3,2,73,63,-722
1316,37511565,37511452,-16,219,16903,-8,-4,3,72,64,-721
1317,37537566,37535729,-16,215,16901,-10,-5,3,74,64,-720
1318,37561565,37559997,-15,210,16902,-12,-5,3,72,64,-719
1319,37585565,37584261,-14,206,16902,-13,-5,3,72,63,-720
1320,37609565,37608539,-15,199,16904,-14,-6,3,73,64,-718
1321,37633565,37632806,-14,195,16910,-14,-7,3,74,63,-717
1322,37657565,37657070,-13,190,16921,-18,-8,3,75,62,-716
1323,37681565,37681333,-11,188,16933,-25,-10,3,75,62,-717
1324,37707566,37705602,-4,178,16943,-35,-11,3,73,64,-718
1325,37731565,37729862,72,141,16953,-33,-13,-1,73,65,-719
1326,37755565,37754125,97,87,17023,-16,-18,-14,74,64,-718
1327,37779565,37778388,111,-13,17148,49,-25,-17,74,65,-718
1328,37803565,37802653,134,-86,17323,158,-44,-4,73,63,-719
1329,37827565,37826919,128,-17,17623,294,-112,47,71,61,-719
1330,37851565,37851188,103,191,18125,411,-202,112,70,61,-720
1331,37875565,37875455,133,416,18679,499,-273,174,70,60,-719
1332,37901565,37899728,133,553,19254,542,-270,224,69,56,-718
1333,37925565,37923993,-14,676,19829,541,-203,258,69,54,-717
1334,37949565,37948255,-155,789,20214,495,-87,267,68,53,-719
1335,37973565,37972520,-288,925,20464,397,24,249,69,52,-718
1336,37997565,37996784,-433,1033,20666,252,115,192,68,51,-719
1337,38021565,38021051,-544,1040,20729,73,239,72,69,52,-718
1338,38045565,38045314,-604,910,20523,-98,379,-84,70,51,-717
1339,38071565,38069585,-672,695,20204,-242,506,-243,70,52,-718
1340,38094804,38093860,-671,563,19828,-340,573,-383,73,52,-719
1341,38118804,38118159,-596,489,19415,-400,589,-470,74,53,-719
1342,38142804,38142427,-488,408,19078,-427,561,-489,75,52,-717
1343,38166804,38166693,-458,291,18734,-442,539,-465,79,52,-716
1344,38192493,38191077,-507,197,18343,-446,551,-419,82,54,-716
1345,38216492,38215389,-567,55,17843,-432,583,-367,85,53,-715
1346,38240492,38239661,-613,-81,17249,-402,630,-312,89,54,-716
1347,38264492,38263923,-622,-119,16505,-353,684,-270,93,53,-714
1348,38288492,38288183,-640,-102,15633,-283,716,-243,95,52,-713
1349,38312492,38312447,-679,-116,14756,-213,711,-257,97,50,-713
1350,38338492,38336723,-709,-87,13845,-159,684,-294,98,50,-713
1351,38362492,38360991,-676,-9,13013,-113,653,-339,99,50,-714
1352,38386492,38385255,-622,33,12346,-73,616,-356,99,47,-714
1353,38410492,38409520,-602,133,11892,-57,568,-348,101,46,-714
1354,38434492,38433785,-639,287,11631,-70,503,-317,102,48,-713
1355,38458492,38458050,-751,408,11573,-107,419,-260,103,49,-714
1356,38482492,38482315,-899,455,11682,-160,325,-179,104,50,-713
1357,38508492,38506581,-1063,446,11866,-214,232,-89,107,52,-714
1358,38532492,38530848,-1257,388,12163,-246,133,-10,108,52,-713
1359,38556492,38555114,-1456,337,12533,-254,7,46,109,54,-712
1360,38580492,38579383,-1605,310,12825,-243,-123,71,109,54,-711
1361,38604492,38603648,-1720,278,13098,-201,-252,73,106,55,-712
1362,38628492,38627914,-1799,201,13365,-122,-376,65,103,55,-711
1363,38652492,38652177,-1865,94,13734,-24,-489,41,101,54,-711
1364,38676492,38676440,-1917,15,14147,74,-574,0,98,54,-711
1365,38702492,38700708,-1912,24,14539,168,-636,-53,93,53,-710
1366,38726492,38724974,-1843,104,14938,257,-681,-107,91,53,-711
1367,38750492,38749237,-1681,190,15316,327,-705,-144,87,51,-711
1368,38774492,38773502,-1462,318,15738,372,-725,-157,83,52,-711
1369,38798492,38797765,-1199,418,16152,400,-738,-135,79,51,-711
1370,38822492,38822027,-890,492,16584,412,-729,-75,76,49,-711
1371,38846492,38846293,-607,574,16964,401,-702,6,72,48,-711
1372,38872493,38870564,-342,650,17308,377,-663,103,71,49,-711
1373,38896492,38894831,-86,690,17644,350,-621,214,70,48,-712
1374,38920492,38919094,110,678,17956,312,-571,322,68,48,-712
1375,38944492,38943356,214,601,18254,257,-510,405,67,48,-713
1376,38968118,38967714,243,467,18471,190,-435,441,67,48,-712
1377,38992118,38992026,176,316,18613,110,-356,425,68,49,-713
1378,39018118,39016300,29,149,18677,33,-288,342,69,50,-714
1379,39042118,39040567,-50,30,18638,-25,-233,215,69,51,-714
1380,39066118,39064843,-61,-65,18538,-53,-196,76,68,51,-714
1381,39090118,39089109,-39,-155,18404,-61,-174,-41,67,52,-714
1382,39114118,39113374,22,-222,18259,-59,-159,-128,66,54,-712
1383,39138118,39137636,110,-218,18094,-46,-143,-172,66,55,-714
1384,39162118,39161903,192,-196,17929,-18,-128,-170,66,55,-714
1385,39188119,39186177,304,-177,17775,22,-117,-123,64,55,-714
1386,39212118,39210440,403,-152,17663,60,-111,-39,64,55,-715
1387,39236118,39234704,435,-134,17602,90,-112,78,65,55,-716
1388,39260118,39258967,395,-110,17576,96,-124,198,65,57,-715
1389,39284118,39283228,302,-54,17607,79,-129,291,65,59,-716
1390,39308118,39307495,190,0,17657,51,-115,347,66,59,-718
1391,39332118,39331766,75,58,17688,17,-91,359,67,60,-718
1392,39356118,39356028,1,120,17666,-22,-65,349,68,62,-717
1393,39382119,39380296,-20,171,17599,-54,-46,329,69,63,-716
1394,39406118,39404562,-23,258,17521,-74,-43,313,68,64,-715
1395,39430118,39428823,-33,367,17503,-89,-47,296,67,65,-715
1396,39454119,39453089,-38,449,17501,-104,-35,265,67,64,-714
1397,39478118,39477733,-19,464,17437,-115,1,223,68,64,-713
1398,39502118,39502013,9,446,17332,-109,30,197,67,65,-712
1399,39528118,39526289,49,390,17232,-88,39,191,66,65,-712
1400,39552118,39550610,114,332,17166,-61,35,194,66,65,-712
1401,39576118,39574909,179,328,17163,-31,33,204,66,66,-711
1402,39600118,39599176,241,314,17183,-9,47,208,67,68,-711
1403,39624118,39623442,310,262,17161,-1,67,198,67,68,-710
1404,39649114,39647733,398,226,17121,1,84,182,68,70,-710
1405,39673114,39672026,468,217,17105,3,95,165,67,69,-710
1406,39697114,39696291,493,224,17103,0,106,134,68,69,-711
1407,39721114,39720550,479,274,17141,-7,124,88,70,68,-710
1408,39746812,39744966,432,318,17168,-16,147,32,70,68,-711
1409,39770811,39769285,353,317,17166,-33,160,-25,71,68,-712
1410,39794811,39793570,274,284,17129,-62,162,-68,72,68,-712
1411,39818811,39817833,188,235,17082,-82,157,-86,73,68,-712
1412,39842811,39842101,93,194,17055,-89,145,-80,73,67,-712
1413,39866811,39866365,28,160,17041,-84,118,-66,74,68,-713
1414,39890811,39890626,5,147,17039,-76,90,-50,74,70,-714
1415,39916812,39914898,4,115,17000,-71,62,-26,73,72,-713
1416,39940811,39939165,0,79,16967,-67,37,3,73,72,-712
1417,39964811,39963428,-3,44,16940,-57,21,25,73,72,-714
1418,39988811,39987690,3,37,16930,-35,12,31,73,72,-713
1419,40012811,40011950,20,45,16931,-8,6,24,72,72,-714
1420,40036811,40036217,34,36,16929,15,5,11,73,73,-715
1421,40060811,40060480,25,44,16918,27,6,1,73,73,-715
1422,40084811,40084746,17,54,16908,31,4,-2,72,71,-714
1423,40110811,40109016,16,58,16906,33,3,-3,73,69,-714
1424,40134811,40133279,11,63,16914,34,2,-4,73,67,-715
1425,40158811,40157543,14,70,16926,33,2,-5,73,68,-713
1426,40182811,40181809,15,75,16931,32,4,-5,74,69,-713
1427,40206811,40206074,18,81,16938,31,6,-5,75,68,-712
1428,40230811,40230342,16,85,16937,27,8,-4,74,67,-710
1429,40254811,40254605,13,90,16938,24,9,-3,73,67,-711
1430,40280812,40278875,9,94,16934,22,9,-3,73,67,-710
1431,40304811,40303141,4,101,16931,22,8,-4,73,68,-711
1432,40328811,40327404,6,105,16932,22,6,-4,73,70,-712
1433,40352811,40351667,9,108,16931,21,5,-4,73,69,-713
1434,40376811,40375930,12,111,16929,18,4,-3,73,69,-713
1435,40400811,40400195,11,114,16923,16,4,-3,72,68,-715
1436,40424811,40424457,8,117,16920,16,3,-3,71,70,-716
1437,40448811,40448725,6,118,16919,15,2,-2,73,70,-716
1438,40474811,40472996,6,118,16919,15,1,-2,74,71,-716
1439,40498811,40497260,7,117,16920,14,1,-2,73,71,-716
1440,40522184,40521593,5,118,16916,14,2,-1,74,71,-715
1441,40546184,40545905,3,122,16914,13,2,-1,75,72,-715
1442,40570186,40570181,-1,126,16914,13,2,0,74,72,-716
1443,40596184,40594447,-4,129,16915,13,1,0,75,72,-716
1444,40620184,40618710,-1,131,16917,12,0,0,76,72,-716
1445,40644184,40642972,4,133,16920,11,0,0,75,72,-715
1446,40668184,40667239,7,136,16924,10,0,0,75,72,-716
1447,40692184,40691500,7,140,16921,11,0,0,76,71,-717
1448,40716184,40715764,9,144,16924,11,-1,0,75,70,-717
1449,40740184,40740029,10,145,16931,11,-2,0,75,71,-718
1450,40766185,40764311,14,147,16934,11,-1,0,76,69,-718
1451,40790184,40788575,15,148,16934,10,-1,0,74,69,-717
1452,40814184,40812837,13,149,16932,11,0,1,74,69,-717
1453,40838184,40837099,9,152,16930,12,0,1,75,69,-717
1454,40862184,40861366,7,155,16928,11,1,2,76,68,-717
1455,40886184,40885631,4,155,16932,10,1,2,75,68,-717
1456,40910184,40909896,0,154,16930,9,1,2,76,69,-717
1457,40934184,40934160,-2,154,16925,9,2,2,75,68,-718
1458,40960184,40958421,-6,153,16921,9,2,2,75,70,-718
1459,40984184,40982687,-7,155,16918,9,2,2,75,69,-718
1460,41008184,41006957,-8,157,16918,9,1,1,75,69,-719
1461,41032184,41031226,-8,158,16925,9,1,1,75,68,-718
1462,41056184,41055492,-8,158,16926,8,1,1,74,68,-719
1463,41080184,41079756,-7,160,16924,7,1,1,75,67,-720
1464,41104184,41104020,-4,161,16922,6,1,1,74,67,-719
1465,41130184,41128296,-4,160,16921,6,1,0,73,67,-718
1466,41154184,41152557,-3,162,16923,5,1,0,72,67,-718
1467,41178184,41176819,-3,161,16925,6,2,0,72,67,-719
1468,41201136,41201097,-4,161,16923,5,2,-1,72,66,-719
1469,41227136,41225401,-5,162,16917,6,2,-1,73,66,-719
1470,41251136,41249666,-6,163,16917,7,2,-1,74,66,-719
1471,41275136,41273929,-8,164,16916,7,1,-2,73,68,-718
1472,41300277,41298316,-10,166,16914,7,1,-2,74,67,-719
1473,41324277,41322639,-10,168,16916,7,1,-1,75,67,-720
1474,41348277,41346904,-12,166,16913,6,0,-1,76,66,-720
1475,41372277,41371168,-14,167,16906,6,0,-1,77,67,-719
1476,41396277,41395430,-15,169,16905,6,-1,-1,78,67,-718
1477,41420277,41419695,-16,167,16904,6,-1,0,77,69,-718
1478,41444277,41443954,-17,167,16902,5,-1,0,77,69,-717
1479,41468277,41468219,-16,166,16903,5,-1,1,77,68,-718
1480,41494277,41492498,-16,166,16905,6,-1,1,77,68,-717
1481,41518277,41516761,-18,167,16904,6,0,1,78,68,-716
1482,41542277,41541019,-18,166,16906,6,0,1,77,68,-715
1483,41566277,41565278,-15,164,16909,7,0,1,75,67,-717
1484,41590277,41589541,-18,165,16896,6,-2,0,75,67,-718
1485,41614277,41613802,-21,171,16894,4,-7,0,76,66,-718
1486,41638277,41638062,-15,169,16918,-3,-13,-1,78,67,-718
1487,41664278,41662331,-7,163,16941,-15,-16,0,78,67,-717
1488,41688277,41686595,2,155,16953,-26,-17,1,77,67,-718
1489,41712277,41710861,21,153,16967,-32,-22,3,75,69,-718
1490,41736277,41735132,63,133,17035,-28,-33,-1,76,69,-717
1491,41760277,41759397,119,132,17192,28,-82,16,76,68,-716
1492,41784277,41783664,94,163,17525,114,-187,62,75,68,-716
1493,41808277,41807925,106,230,17995,222,-367,135,71,67,-717
1494,41832277,41832192,129,326,18594,344,-538,202,69,66,-716
1495,41858277,41856465,131,490,19348,424,-608,237,67,64,-716
1496,41882277,41880727,116,687,20076,449,-576,217,64,61,-715
1497,41906277,41905369,57,854,20651,411,-456,137,63,59,-714
1498,41930277,41929657,-30,940,21082,344,-315,39,62,58,-715
1499,41954277,41953928,-150,924,21386,216,-154,-100,62,58,-713
1500,41980278,41978291,-208,866,21476,54,44,-281,62,56,-713
1501,42004277,42002587,-298,758,21371,-129,297,-488,63,54,-712
1502,42028277,42026861,-337,634,21091,-310,547,-684,64,53,-713
1503,42052277,42051124,-328,441,20573,-445,716,-835,65,53,-714
1504,42075853,42075473,-348,237,20022,-545,786,-918,68,53,-714
1505,42099853,42099807,-320,72,19558,-602,769,-930,70,52,-714
1506,42125853,42124078,-205,-51,18998,-634,745,-891,71,52,-713
1507,42149853,42148343,57,-176,18301,-645,736,-788,72,51,-715
1508,42173853,42172609,383,-256,17504,-622,725,-596,74,51,-715
1509,42197853,42196874,611,-190,16651,-565,709,-389,76,52,-714
1510,42221853,42221149,645,-233,15773,-481,679,-244,78,53,-712
1511,42245853,42245416,469,-500,14959,-371,647,-158,80,53,-711
1512,42269853,42269680,406,-742,14154,-234,630,-99,83,54,-711
1513,42295853,42293953,338,-694,13390,-72,590,-68,86,53,-711
1514,42319853,42318216,178,-478,12865,70,504,-67,87,51,-712
1515,42343853,42342477,-84,-189,12546,153,398,-115,89,50,-712
1516,42367853,42366742,-414,-28,12375,175,340,-249,90,49,-711
1517,42391853,42391005,-690,-98,12276,142,335,-389,91,49,-712
1518,42415853,42415270,-876,-138,12224,79,333,-445,93,49,-713
1519,42439853,42439535,-903,61,12224,6,262,-421,92,47,-712
1520,42463853,42463801,-958,259,12358,-63,141,-374,92,46,-712
1521,42489853,42488070,-964,198,12543,-143,36,-296,91,46,-712
1522,42513853,42512334,-952,33,12703,-201,-27,-187,91,47,-711
1523,42537853,42536601,-1008,-140,12850,-205,-77,-56,92,48,-709
1524,42561853,42560868,-1088,-237,13065,-172,-166,85,92,50,-710
1525,42585853,42585133,-1128,-251,13358,-114,-288,208,92,49,-711
1526,42609853,42609398,-1087,-192,13667,-48,-395,295,91,49,-709
1527,42633853,42633656,-1014,-100,13951,18,-460,356,90,51,-710
1528,42659853,42657927,-985,7,14215,87,-518,413,88,51,-710
1529,42683853,42682191,-1023,64,14554,165,-579,453,87,50,-709
1530,42707853,42706452,-1047,84,14906,235,-635,455,84,52,-710
1531,42731853,42730718,-996,147,15264,298,-666,432,81,51,-710
1532,42756840,42755023,-872,210,15568,356,-667,393,78,50,-708
1533,42780839,42779313,-682,267,15815,409,-658,344,76,50,-709
1534,42804839,42803576,-502,347,16076,452,-662,294,75,50,-711
1535,42828839,42827842,-339,408,16411,483,-684,236,71,50,-711
1536,42852529,42852222,-138,402,16776,490,-685,165,68,51,-713
1537,42878529,42876549,65,372,17099,465,-644,85,65,51,-713
1538,42902529,42900819,189,307,17423,416,-582,0,62,50,-712
1539,42926529,42925089,261,205,17688,349,-526,-79,61,48,-713
1540,42950529,42949363,342,128,17892,287,-477,-141,59,49,-713
1541,42974529,42973627,363,93,18114,231,-438,-177,56,49,-712
1542,42998529,42997891,383,93,18321,180,-402,-179,54,47,-711
1543,43022529,43022156,433,92,18454,132,-345,-154,55,47,-711
1544,43046529,43046421,455,94,18514,89,-268,-104,56,47,-711
1545,43072529,43070693,494,127,18463,70,-202,-31,55,46,-711
1546,43096529,43094956,574,221,18347,80,-146,65,56,46,-712
1547,43120529,43119218,641,333,18275,108,-105,163,56,47,-713
1548,43144529,43143480,696,427,18252,134,-72,257,56,46,-714
1549,43168529,43167744,738,529,18236,156,-34,341,57,47,-715
1550,43192529,43192009,746,618,18231,157,14,393,57,47,-715
1551,43216529,43216277,732,667,18205,136,67,414,57,46,-716
1552,43242530,43240550,684,666,18155,104,102,395,57,45,-715
1553,43266529,43264812,607,578,18120,46,110,340,58,45,-715
1554,43290529,43289080,567,477,18050,-26,98,289,60,46,-714
1555,43314529,43313344,566,412,17941,-91,82,246,61,47,-713
1556,43338529,43337607,535,367,17831,-153,67,203,62,48,-712
1557,43362529,43361877,510,310,17690,-220,50,159,62,49,-712
1558,43386529,43386145,490,212,17503,-273,32,119,62,51,-712
1559,43410529,43410412,482,140,17319,-305,16,89,63,53,-712
1560,43436530,43434687,514,128,17148,-308,10,84,63,56,-712
1561,43460529,43458956,540,188,17022,-273,12,110,63,57,-712
1562,43484529,43483222,522,266,16993,-210,14,131,62,57,-712
1563,43508529,43507485,517,308,17008,-143,22,152,62,59,-713
1564,43532529,43531749,555,343,17022,-72,34,180,62,60,-713
1565,43556529,43556015,593,388,17026,-2,44,213,64,61,-713
1566,43580529,43580280,635,409,17031,54,53,244,64,61,-713
1567,43606529,43604547,640,391,17049,90,68,262,64,61,-713
1568,43630091,43628883,609,372,17059,107,76,258,65,61,-714
1569,43654091,43653195,579,364,17050,103,72,230,67,64,-715
1570,43678091,43677472,584,364,17015,78,64,181,67,65,-715
1571,43702091,43701737,597,380,16992,37,54,110,68,65,-714
1572,43726091,43726003,578,397,16992,-15,43,26,68,65,-714
1573,43752092,43750275,548,380,17033,-70,43,-66,69,66,-714
1574,43776091,43774539,526,374,17089,-117,48,-155,69,68,-713
1575,43800091,43798803,525,369,17114,-145,43,-224,69,68,-713
1576,43824091,43823072,528,317,17129,-156,22,-265,69,69,-712
1577,43848091,43847336,556,269,17145,-148,3,-272,66,66,-711
1578,43872091,43871600,603,214,17132,-123,-3,-248,67,67,-709
1579,43896091,43895865,629,156,17078,-91,-3,-198,68,67,-709
1580,43922092,43920136,605,142,17107,-57,13,-135,67,67,-709
1581,43946091,43944403,549,122,17102,-21,61,-69,66,67,-709
1582,43970091,43968671,454,90,17071,11,113,-3,68,67,-708
1583,43994091,43992934,317,94,17087,34,158,48,68,67,-707
1584,44018091,44017200,204,141,17122,37,194,74,68,67,-708
1585,44042091,44041463,140,192,17150,25,223,92,70,70,-709
1586,44066091,44065730,53,225,17185,7,241,97,71,70,-711
1587,44090091,44089989,-34,232,17228,-9,253,84,70,70,-711
1588,44116091,44114259,-79,192,17163,-23,243,63,73,69,-711
1589,44140091,44138523,-87,164,17109,-30,192,46,72,69,-711
1590,44164091,44162788,-69,156,17082,-30,134,30,71,68,-712
1591,44188091,44187055,-14,138,17031,-25,83,20,72,67,-714
1592,44212091,44211317,39,122,16984,-12,48,20,73,68,-714
1593,44236091,44235580,44,102,16948,6,31,12,72,67,-714
1594,44260091,44259846,40,97,16923,20,21,3,72,65,-714
1595,44286091,44284120,29,105,16907,26,15,-1,71,64,-715
1596,44309043,44308391,26,111,16892,32,12,-3,71,66,-715
1597,44335043,44333112,26,116,16888,36,10,-3,70,65,-715
1598,44359042,44357389,24,127,16900,38,8,-3,71,66,-715
1599,44383042,44381661,27,130,16917,35,8,-4,69,65,-716
1600,44406771,44406029,29,134,16922,33,10,-4,68,65,-716
1601,44430771,44430362,28,139,16927,30,10,-4,70,67,-716
1602,44454771,44454636,27,146,16932,26,10,-4,69,68,-718
1603,44480771,44478909,29,149,16937,22,9,-4,70,67,-717
1604,44504771,44503176,30,153,16947,17,8,-3,69,67,-717
1605,44528771,44527439,25,156,16948,12,7,-2,70,67,-718
1606,44552771,44551700,24,151,16937,8,7,-2,69,66,-718
1607,44576771,44575957,20,154,16926,9,6,-1,69,67,-718
1608,44600771,44600227,17,156,16921,8,5,-1,70,65,-717
1609,44624771,44624492,14,160,16919,7,5,-1,70,64,-717
1610,44650773,44648777,11,160,16918,6,4,0,70,64,-716
1611,44674771,44673048,7,161,16917,5,4,0,70,65,-715
1612,44698771,44697314,0,159,16915,6,4,-1,70,64,-715
1613,44722771,44721577,0,158,16918,6,4,-1,70,64,-716
1614,44746771,44745844,-2,161,16921,6,4,0,70,64,-717
1615,44770771,44770107,-5,163,16924,7,5,0,72,65,-717
1616,44794771,44794375,-9,163,16924,8,5,0,71,65,-718
1617,44818771,44818637,-13,162,16925,9,4,0,73,65,-718
1618,44844771,44842911,-14,162,16924,10,4,0,73,66,-719
1619,44868771,44867174,-14,162,16921,10,4,0,74,67,-719
1620,44892771,44891437,-13,163,16920,10,3,0,75,68,-720
1621,44916771,44915702,-15,165,16917,10,2,0,74,68,-719
1622,44940771,44939970,-14,165,16915,10,2,0,75,69,-719
1623,44964771,44964233,-14,167,16912,10,1,-1,74,68,-718
1624,44988771,44988499,-13,169,16910,11,1,-1,74,69,-717
1625,45012775,45012770,-11,172,16908,10,1,-1,73,68,-717
1626,45038771,45037034,-11,174,16908,10,1,-1,72,69,-716
1627,45062771,45061298,-12,176,16907,10,2,-1,73,69,-716
1628,45086771,45085561,-12,178,16907,10,3,-1,72,68,-717
1629,45110771,45109823,-14,179,16908,10,3,-1,74,68,-717
1630,45134771,45134089,-17,180,16912,10,4,0,74,68,-717
1631,45158771,45158354,-19,180,16914,10,4,-1,74,68,-717
1632,45184300,45182720,-20,183,16913,12,4,0,75,69,-719
1633,45208300,45207034,-20,184,16914,13,4,-1,75,70,-720
1634,45232299,45231302,-20,189,16918,14,4,0,76,68,-722
1635,45256299,45255566,-21,193,16921,14,3,0,74,65,-721
1636,45280299,45279829,-22,196,16922,13,2,0,73,65,-720
1637,45304299,45304094,-18,197,16925,12,1,0,74,64,-720
1638,45330300,45328369,-17,200,16924,10,0,1,74,63,-722
1639,45354299,45352630,-15,202,16922,9,0,1,73,63,-722
1640,45378299,45376905,-13,202,16926,6,-1,1,73,62,-720
1641,45402299,45401170,-11,204,16932,4,-2,2,73,62,-719
1642,45426299,45425435,-10,203,16932,2,-3,2,73,63,-718
1643,45450299,45449699,-7,202,16930,1,-4,2,74,64,-719
1644,45474299,45473967,-4,201,16934,0,-4,2,74,64,-718
1645,45498299,45498232,-3,202,16934,-1,-6,2,72,65,-719
1646,45524299,45522501,0,204,16932,-3,-7,2,72,65,-718
1647,45548299,45546766,4,204,16931,-4,-9,2,72,66,-717
1648,45572299,45571027,7,203,16936,-6,-11,2,71,65,-717
1649,45596299,45595292,11,201,16942,-11,-13,3,71,66,-717
1650,45620299,45619559,14,197,16945,-16,-15,3,71,67,-716
1651,45644299,45643826,17,192,16949,-22,-17,3,71,66,-715
1652,45668299,45668092,15,185,16945,-27,-20,4,71,67,-716
1653,45694300,45692366,22,176,16951,-28,-23,4,73,67,-716
1654,45718299,45716629,28,174,16987,-35,-25,3,72,67,-714
1655,45742299,45740893,50,167,17028,-45,-28,-3,72,67,-714
1656,45766299,45765157,75,113,17076,-44,-47,-8,72,69,-714
1657,45790299,45789422,38,67,17225,-33,-100,-16,71,68,-714
1658,45814299,45813688,22,69,17488,-11,-175,-19,70,69,-713
1659,45838299,45837957,95,119,17883,19,-224,-8,70,70,-712
1660,45863576,45862264,141,220,18383,49,-218,20,69,69,-711
1661,45887576,45886554,71,307,18909,65,-189,47,68,69,-710
1662,45911576,45910820,-106,307,19417,78,-154,53,66,70,-710
1663,45935576,45935084,-392,226,19950,77,-126,13,67,68,-711
1664,45960818,45959471,-684,200,20459,64,-88,-55,66,65,-712
1665,45984817,45983781,-878,264,20816,44,-19,-135,66,64,-713
1666,46008817,46008046,-956,310,20955,3,83,-227,66,63,-714
1667,46032817,46032310,-1034,288,20909,-59,180,-333,66,61,-714
1668,46056817,46056571,-1016,172,20709,-129,240,-449,66,60,-714
1669,46082817,46080846,-870,34,20374,-192,295,-533,67,58,-714
1670,46106817,46105119,-624,-49,19920,-241,340,-572,69,57,-715
1671,46130817,46129380,-290,-46,19406,-269,381,-541,68,57,-715
1672,46154817,46153648,42,-44,18903,-299,428,-477,70,56,-713
1673,46178817,46177910,353,-191,18361,-331,488,-396,71,56,-714
1674,46202817,46202174,487,-352,17811,-350,543,-296,72,56,-714
1675,46226817,46226442,537,-423,17232,-344,575,-183,74,57,-713
1676,46250817,46250707,541,-448,16589,-311,590,-60,76,57,-713
1677,46276817,46274985,461,-464,16021,-269,580,43,77,57,-712
1678,46300817,46299250,301,-447,15537,-232,570,120,80,59,-711
1679,46324817,46323516,91,-453,15024,-199,590,160,83,58,-711
1680,46348817,46347780,-87,-514,14496,-171,636,163,85,58,-711
1681,46372817,46372045,-294,-523,14091,-178,687,121,90,57,-711
1682,46396817,46396308,-454,-515,13687,-211,720,61,93,57,-711
1683,46420817,46420574,-655,-568,13198,-248,707,4,96,57,-710
1684,46446818,46444849,-889,-670,12841,-284,659,-61,99,59,-710
1685,46470817,46469113,-1030,-724,12554,-316,592,-143,101,60,-711
1686,46494817,46493378,-1077,-727,12328,-343,514,-228,102,59,-711
1687,46518817,46517641,-1081,-666,12208,-353,405,-277,104,60,-711
1688,46542817,46541904,-1119,-566,12172,-345,263,-277,105,60,-710
1689,46566817,46566167,-1177,-492,12154,-291,98,-216,104,61,-710
1690,46590817,46590431,-1274,-453,12309,-203,-60,-129,102,61,-710
1691,46614817,46614702,-1322,-401,12652,-109,-172,-49,101,61,-711
1692,46640817,46638980,-1347,-300,13025,-22,-254,32,99,59,-711
1693,46664817,46663246,-1411,-227,13423,59,-322,129,98,59,-711
1694,46688817,46687512,-1494,-227,13855,130,-392,233,98,60,-710
1695,46712817,46711779,-1544,-277,14249,186,-444,317,95,60,-710
1696,46736465,46736135,-1577,-336,14579,238,-480,368,93,62,-711
1697,46762465,46760805,-1567,-395,14896,282,-510,379,91,63,-710
1698,46786465,46785080,-1483,-431,15190,309,-544,342,91,62,-709
1699,46810465,46809348,-1382,-445,15522,325,-586,280,89,62,-710
1700,46834465,46833680,-1287,-461,15877,328,-633,196,87,63,-710
1701,46858465,46857964,-1150,-490,16205,327,-660,87,85,61,-711
1702,46882465,46882228,-967,-501,16449,330,-656,-31,81,60,-710
1703,46908466,46906500,-758,-492,16715,334,-633,-144,80,59,-711
1704,46932465,46930766,-502,-487,17021,328,-612,-233,79,57,-710
1705,46956465,46955031,-232,-417,17296,311,-604,-266,77,55,-710
1706,46980465,46979298,11,-330,17525,296,-596,-234,73,56,-710
1707,47004465,47003563,227,-307,17717,281,-564,-155,71,56,-710
1708,47028465,47027825,425,-310,17855,263,-496,-65,67,57,-711
1709,47052465,47052093,578,-284,17927,247,-418,32,66,57,-710
1710,47076465,47076370,684,-234,18010,233,-359,116,66,56,-710
1711,47102465,47100645,757,-194,18064,217,-328,186,64,57,-712
1712,47126465,47124910,765,-137,18078,205,-315,243,62,57,-712
1713,47150465,47149169,759,-114,18100,208,-291,261,62,57,-711
1714,47174465,47173435,764,-144,18150,222,-249,243,62,57,-712
1715,47198465,47197698,748,-121,18213,234,-220,206,62,56,-712
1716,47222465,47221961,706,-38,18291,237,-222,180,64,56,-712
1717,47246465,47246227,645,14,18403,227,-238,163,63,56,-712
1718,47272465,47270498,580,14,18491,198,-242,151,61,58,-713
1719,47296465,47294767,488,2,18509,154,-223,141,61,57,-711
1720,47320465,47319031,380,-15,18485,105,-185,126,61,58,-712
1721,47344465,47343293,241,-36,18410,55,-144,103,60,58,-712
1722,47368465,47367559,71,-21,18322,-1,-115,70,60,58,-710
1723,47392465,47391824,-32,-2,18190,-57,-91,16,58,61,-708
1724,47417466,47416133,-70,-6,18009,-97,-54,-44,58,61,-708
1725,47441466,47440424,-59,16,17825,-115,-9,-84,58,62,-708
1726,47465466,47464691,-17,55,17645,-117,33,-106,58,63,-707
1727,47489466,47488957,59,104,17499,-107,56,-113,58,63,-708
1728,47514983,47513400,164,153,17396,-86,63,-99,60,66,-708
1729,47538983,47537732,283,206,17355,-59,68,-65,60,67,-708
1730,47562983,47562017,409,241,17307,-31,88,-19,61,68,-709
1731,47586983,47586282,473,245,17268,-7,113,33,62,66,-710
1732,47610983,47610551,503,216,17226,17,124,81,63,67,-711
1733,47634983,47634819,521,207,17209,37,122,112,64,68,-711
1734,47660984,47659093,521,230,17229,51,143,132,66,67,-713
1735,47684983,47683357,481,257,17246,66,171,142,66,67,-713
1736,47708983,47707623,425,287,17260,69,194,135,66,66,-713
1737,47732983,47731887,376,291,17248,57,210,114,68,65,-714
1738,47756983,47756147,336,287,17229,41,208,89,67,65,-713
1739,47780983,47780413,309,290,17195,26,202,66,68,67,-714
1740,47804983,47804680,291,303,17172,5,207,42,68,66,-713
1741,47828983,47828945,253,298,17117,-21,209,14,69,65,-712
1742,47854983,47853210,203,266,17053,-43,179,-11,69,65,-712
1743,47878983,47877472,169,226,17023,-62,140,-31,68,65,-711
1744,47902983,47901737,128,184,16998,-73,111,-40,68,66,-711
1745,47926983,47926002,93,163,16964,-69,88,-39,67,67,-711
1746,47950983,47950267,59,149,16927,-58,73,-37,68,68,-711
1747,47974983,47974531,27,128,16922,-42,59,-35,67,67,-711
1748,47998983,47998791,-3,122,16928,-26,44,-32,67,67,-711
1749,48024984,48023057,-18,112,16931,-10,31,-24,68,67,-713
1750,48048983,48047322,-24,103,16933,9,22,-14,69,68,-713
1751,48072983,48071586,-26,106,16943,26,16,-5,69,70,-713
1752,48096983,48095849,-5,117,16939,35,12,0,70,68,-714
1753,48120983,48120114,9,125,16937,37,10,1,70,68,-715
1754,48144983,48144383,11,134,16940,34,10,2,70,67,-716
1755,48168983,48168646,7,143,16923,30,9,4,70,66,-717
1756,48192983,48192910,3,145,16914,28,6,4,71,68,-718
1757,48218983,48217180,6,154,16916,25,3,2,70,67,-719
1758,48242983,48241441,9,159,16909,19,1,1,70,66,-718
1759,48266983,48265706,10,164,16894,14,1,0,71,64,-719
1760,48291031,48290056,13,165,16903,12,1,-1,71,65,-721
1761,48315031,48314373,13,166,16914,8,0,-2,72,65,-719
1762,48339031,48338647,14,165,16921,3,1,-3,74,64,-719
1763,48363031,48362912,17,161,16934,-1,3,-5,75,65,-719
1764,48389031,48387187,17,163,16942,-5,5,-5,76,64,-719
1765,48413031,48411452,12,156,16937,-9,7,-5,77,63,-717
1766,48437031,48435719,7,151,16942,-8,8,-4,77,63,-716
1767,48461031,48459983,7,148,16952,-7,9,-3,77,64,-716
1768,48485031,48484244,2,144,16942,-6,10,-1,76,64,-715
1769,48509031,48508506,-7,144,16926,-2,10,0,77,64,-715
1770,48533031,48532776,-11,144,16925,4,7,1,76,65,-715
1771,48559032,48557051,-13,145,16929,7,4,2,76,64,-714
1772,48583031,48581314,-14,143,16929,11,2,3,76,64,-714
1773,48607031,48605577,-13,146,16924,16,1,4,75,64,-715
1774,48631031,48629845,-10,151,16925,20,0,4,75,66,-716
1775,48655031,48654109,-10,154,16922,22,-1,4,73,66,-716
1776,48679031,48678373,-8,160,16918,25,-2,3,73,66,-716
1777,48703031,48702635,-4,162,16925,26,-2,2,72,67,-717
1778,48727031,48726899,-4,166,16929,24,1,2,71,66,-718
1779,48753031,48751166,-6,172,16924,22,2,2,71,67,-719
1780,48777031,48775429,-8,176,16920,21,2,1,70,66,-719
1781,48801031,48799693,-9,180,16923,18,1,1,71,65,-719
1782,48825031,48823955,-10,183,16921,15,0,1,71,63,-718
1783,48849031,48848221,-11,185,16927,12,0,0,72,63,-719
1784,48873031,48872484,-14,186,16927,9,0,0,71,62,-718
1785,48897031,48896750,-15,191,16922,7,-1,0,71,61,-718
1786,48921031,48921010,-16,190,16919,7,-2,0,71,61,-718
1787,48947031,48945271,-17,191,16919,7,-3,0,71,61,-719
1788,48969982,48969543,-16,188,16924,6,-5,0,73,61,-718
1789,48993982,48993836,-13,188,16929,4,-7,0,73,63,-719
1790,49019983,49018107,-9,187,16932,1,-8,0,73,63,-719
1791,49043982,49042370,-8,185,16920,-1,-10,0,73,63,-719
1792,49067135,49066701,-5,184,16917,1,-10,0,74,63,-720
1793,49091135,49091030,-2,183,16920,2,-10,0,73,64,-720
1794,49117135,49115307,5,185,16922,3,-9,0,75,64,-719
1795,49141135,49139576,8,184,16923,2,-7,0,74,64,-719
1796,49165135,49163840,8,187,16922,2,-4,0,74,65,-719
1797,49189135,49188502,8,188,16918,2,-2,0,73,64,-719
1798,49213135,49212779,7,186,16914,3,0,0,73,64,-721
1799,49237135,49237044,9,188,16914,5,0,0,74,64,-721
1800,49263135,49261408,9,188,16919,5,-1,-1,73,64,-719
1801,49287135,49285689,9,190,16920,4,-1,-1,73,63,-720
1802,49311135,49309958,6,192,16918,4,-2,-1,73,63,-720
1803,49335135,49334223,7,190,16916,4,-4,0,73,62,-720
1804,49359135,49358492,7,191,16914,7,-5,1,73,63,-719
1805,49383135,49382758,9,190,16920,9,-5,3,73,62,-719
1806,49407135,49407028,9,192,16928,10,-5,4,73,63,-717
1807,49433136,49431299,6,191,16930,9,-4,5,72,63,-717
1808,49457135,49455565,4,194,16933,10,-5,7,73,62,-717
1809,49481135,49479829,3,197,16942,9,-6,8,72,63,-716
1810,49505135,49504107,6,197,16948,3,-9,10,71,62,-716
1811,49529135,49528376,11,198,16958,-3,-12,11,70,64,-715
1812,49553135,49552641,27,183,16976,-4,-16,15,69,62,-716
1813,49577135,49576906,33,151,17023,-2,-21,16,70,64,-716
1814,49603136,49601175,41,83,17098,10,-40,22,71,64,-716
1815,49627135,49625440,23,55,17316,49,-99,46,70,63,-717
1816,49651135,49649703,30,64,17628,103,-178,92,69,63,-717
1817,49675135,49673967,65,158,18051,164,-236,164,70,63,-715
1818,49699135,49698232,87,294,18530,223,-258,237,69,64,-715
1819,49723135,49722496,41,438,19129,252,-240,290,70,62,-716
1820,49747135,49746766,-52,550,19753,249,-198,313,70,62,-716
1821,49771135,49771029,-181,673,20343,231,-145,310,69,61,-716
1822,49797136,49795303,-334,773,20889,217,-76,294,68,60,-717
1823,49821135,49819565,-464,801,21296,196,39,263,69,58,-716
1824,49844309,49843892,-662,818,21546,166,182,203,70,56,-716
1825,49868309,49868206,-877,791,21590,133,314,104,70,54,-719
1826,49894309,49892484,-1027,768,21449,106,430,-7,71,51,-719
1827,49918309,49916755,-1069,736,21056,105,507,-106,72,49,-720
1828,49942309,49941015,-1076,666,20562,122,556,-186,74,46,-719
1829,49966309,49965275,-1000,623,19989,152,600,-234,76,44,-720
1830,49990309,49989551,-889,722,19325,178,646,-252,79,42,-721
1831,50014309,50013816,-753,866,18546,198,690,-260,80,41,-723
1832,50038309,50038079,-582,899,17822,216,729,-265,82,39,-723
1833,50064310,50062351,-407,920,17157,219,756,-270,87,36,-723
1834,50088309,50086611,-249,950,16575,214,773,-256,89,34,-722
1835,50112309,50110876,-109,974,16016,203,828,-216,93,33,-723
1836,50136309,50135138,-38,1036,15461,183,892,-167,97,32,-723
1837,50160309,50159400,-64,1047,14922,143,931,-130,101,30,-724
1838,50184309,50183664,-136,972,14391,86,956,-125,104,28,-723
1839,50208309,50207930,-285,840,13897,1,960,-153,109,27,-723
1840,50232309,50232198,-518,738,13422,-94,938,-198,113,27,-723
1841,50258309,50256477,-799,602,12994,-167,906,-245,115,29,-722
1842,50282309,50280739,-1125,439,12553,-215,841,-294,119,29,-722
1843,50306309,50305001,-1477,276,12222,-241,712,-350,119,30,-722
1844,50330309,50329262,-1765,153,12046,-252,565,-388,120,30,-722
1845,50354309,50353521,-1991,95,11960,-251,442,-396,121,31,-721
1846,50378309,50377785,-2165,10,11943,-246,339,-376,121,34,-720
1847,50402309,50402050,-2238,-56,11982,-229,252,-323,121,34,-719
1848,50428310,50426320,-2170,-70,11965,-203,159,-231,121,36,-719
1849,50452309,50450583,-2089,-45,11974,-175,52,-99,121,37,-719
1850,50476309,50474850,-2030,-18,12122,-160,-57,51,120,37,-718
1851,50500309,50499116,-1946,34,12333,-153,-146,194,119,40,-717
1852,50525292,50523413,-1848,105,12504,-147,-221,310,118,40,-716
1853,50549292,50547701,-1719,199,12691,-125,-320,403,118,42,-716
1854,50573292,50571967,-1572,379,12965,-82,-455,487,116,41,-716
1855,50597292,50596231,-1446,629,13376,-28,-611,559,115,40,-715
1856,50621015,50620603,-1348,904,13896,22,-749,600,112,40,-716
1857,50645015,50644923,-1199,1143,14425,64,-852,597,109,40,-717
1858,50671016,50669200,-991,1351,14941,97,-926,555,105,41,-717
1859,50695015,50693462,-821,1529,15433,124,-999,475,102,40,-717
1860,50719015,50717732,-623,1684,15916,152,-1079,382,100,41,-719
1861,50743015,50742001,-436,1771,16415,176,-1134,285,95,39,-718
1862,50767015,50766264,-296,1766,16905,193,-1152,170,91,40,-718
1863,50791015,50790528,-187,1711,17322,204,-1147,56,86,42,-718
1864,50815015,50814788,-128,1610,17745,203,-1137,-33,81,41,-716
1865,50841015,50839059,-118,1487,18147,187,-1119,-100,77,41,-714
1866,50865015,50863321,-154,1358,18522,156,-1077,-137,75,43,-713
1867,50889015,50887584,-147,1168,18811,125,-1002,-128,71,43,-711
1868,50913015,50911845,-214,897,19002,94,-905,-90,67,44,-710
1869,50937015,50936111,-357,595,19104,71,-814,-48,65,45,-710
1870,50961015,50960377,-460,339,19132,54,-738,-3,62,44,-709
1871,50985015,50984647,-522,180,19142,41,-647,18,62,44,-709
1872,51009015,51008912,-499,116,19070,35,-538,21,60,45,-708
1873,51035016,51033183,-391,121,18934,34,-428,24,60,45,-709
1874,51059015,51057445,-227,144,18715,44,-344,25,59,44,-709
1875,51083015,51081708,-65,265,18512,51,-284,22,59,44,-710
1876,51107015,51105971,161,485,18369,51,-228,18,58,45,-709
1877,51131015,51130237,447,726,18225,48,-151,43,56,46,-710
1878,51155015,51154499,676,956,18072,35,-64,83,57,45,-710
1879,51179015,51178762,861,1111,17888,23,14,139,57,46,-711
1880,51205016,51203036,993,1207,17743,18,83,177,58,47,-713
1881,51229015,51227299,1087,1233,17608,18,144,199,57,46,-714
1882,51253015,51251566,1127,1249,17493,16,190,220,58,47,-715
1883,51277015,51275828,1111,1212,17415,19,218,242,58,48,-714
1884,51301015,51300091,1064,1112,17329,25,227,249,59,48,-716
1885,51325015,51324354,975,1031,17279,22,216,218,60,48,-715
1886,51349015,51348615,879,963,17290,9,193,151,61,50,-716
1887,51373015,51372878,766,873,17357,-16,172,63,63,51,-716
1888,51398716,51397249,684,743,17366,-50,164,-22,64,51,-716
1889,51422715,51421558,615,696,17341,-80,162,-109,64,53,-714
1890,51446715,51445841,579,700,17308,-97,157,-200,63,53,-715
1891,51470715,51470110,590,735,17254,-114,139,-274,64,53,-716
1892,51494715,51494375,595,815,17226,-130,129,-318,63,55,-714
1893,51518715,51518637,617,862,17190,-141,133,-324,63,55,-715
1894,51544716,51542907,638,866,17112,-145,143,-286,64,55,-714
1895,51568715,51567174,652,852,17005,-140,139,-212,64,56,-714
1896,51592715,51591437,610,853,16956,-129,116,-113,64,57,-714
1897,51616715,51616081,525,800,16969,-120,92,-11,65,57,-714
1898,51640715,51640363,429,705,16991,-114,93,76,67,58,-714
1899,51664715,51664632,312,608,17015,-101,125,129,68,58,-715
1900,51690717,51688986,190,527,17017,-84,149,149,69,58,-714
1901,51714715,51713260,75,474,17032,-65,148,133,70,58,-713
1902,51738715,51737524,18,440,17053,-40,139,95,68,59,-713
1903,51762715,51761790,8,452,17046,-12,139,54,67,57,-713
1904,51786715,51786054,28,532,17031,17,139,21,67,57,-714
1905,51810715,51810320,56,585,17020,42,137,-1,68,56,-715
1906,51834715,51834581,83,621,17020,58,138,-2,67,55,-715
1907,51860716,51858855,113,670,17021,65,138,16,67,56,-713
1908,51884715,51883121,154,713,17004,66,147,51,69,55,-716
1909,51908715,51907384,184,755,16971,63,157,103,71,56,-717
1910,51932715,51931661,179,789,16958,52,165,150,72,55,-718
1911,51956715,51955928,146,802,16966,36,171,166,73,57,-718
1912,51980715,51980193,111,786,16955,16,179,154,76,59,-718
1913,52004715,52004459,71,798,16926,-4,184,116,78,59,-717
1914,52030716,52028732,19,815,16894,-16,175,55,79,59,-717
1915,52054715,52052992,-14,838,16869,-22,153,-19,79,59,-718
1916,52077682,52077258,-28,844,16871,-24,127,-98,80,58,-716
1917,52101682,52101564,-48,824,16892,-28,105,-166,80,57,-716
1918,52127682,52125842,-92,821,16914,-35,86,-205,82,57,-716
1919,52151682,52150106,-123,786,16922,-47,73,-216,81,57,-716
1920,52175608,52174453,-171,698,16917,-58,63,-205,79,55,-717
1921,52199608,52198779,-217,601,16912,-59,50,-168,79,56,-718
1922,52223607,52223057,-260,508,16926,-37,40,-107,78,57,-717
1923,52247607,52247322,-361,443,16925,3,32,-34,79,56,-717
1924,52271607,52271588,-445,429,16897,55,-5,33,77,57,-718
1925,52297607,52295852,-480,537,16947,95,-45,74,78,58,-720
1926,52321607,52320114,-419,659,17011,105,-62,76,76,60,-720
1927,52345607,52344377,-370,735,17023,87,-73,70,75,60,-720
1928,52369607,52368638,-303,767,17024,60,-88,60,75,60,-719
1929,52393607,52392901,-245,799,17041,28,-101,51,76,59,-719
1930,52417607,52417178,-191,827,17031,-28,-117,35,77,59,-719
1931,52441607,52441445,-94,837,17039,-98,-133,4,76,61,-717
1932,52467608,52465723,-44,815,17089,-179,-114,-35,76,61,-717
1933,52491607,52489993,-13,690,17038,-244,-86,-70,74,64,-716
1934,52515607,52514258,-40,540,16964,-273,-75,-87,74,63,-714
1935,52539607,52538524,-62,453,16951,-264,-70,-94,75,63,-713
1936,52563607,52562792,-86,412,16955,-238,-66,-91,74,64,-712
1937,52587607,52587059,-90,380,16943,-208,-62,-86,73,65,-712
1938,52611607,52611322,-89,353,16959,-177,-57,-84,71,66,-711
1939,52635607,52635586,-86,301,16982,-144,-46,-76,70,65,-713
1940,52661607,52659848,-64,249,16981,-107,-34,-61,70,66,-712
1941,52685607,52684112,-45,216,16988,-75,-22,-39,71,64,-713
1942,52709607,52708378,-34,196,16983,-49,-11,-17,72,65,-715
1943,52733607,52732642,-14,190,16969,-28,-4,-1,71,66,-716
1944,52757607,52756904,1,206,16961,-18,0,4,71,65,-716
1945,52781607,52781170,2,213,16957,-12,3,4,73,64,-716
1946,52805607,52805433,-1,219,16950,-7,3,1,74,64,-716
1947,52831607,52829704,-5,221,16941,-7,3,-1,77,64,-716
1948,52855607,52853969,-9,218,16933,-10,3,-2,76,63,-717
1949,52879607,52878232,-17,217,16919,-13,3,-3,75,63,-716
1950,52903607,52902497,-20,213,16916,-17,2,-5,74,63,-714
1951,52927607,52926761,-18,205,16922,-24,1,-6,74,64,-715
1952,52951218,52951123,-15,197,16927,-26,0,-6,76,67,-716
1953,52977218,52975443,-13,190,16931,-23,0,-6,75,69,-716
1954,53001218,52999710,-8,183,16934,-19,0,-6,74,70,-717
1955,53025218,53023973,-7,180,16936,-15,2,-6,73,71,-717
1956,53049218,53048239,-8,177,16933,-13,3,-5,74,72,-716
1957,53073218,53072504,-6,171,16937,-11,2,-4,75,72,-717
1958,53097218,53096768,-3,166,16937,-7,1,-3,76,71,-717
1959,53121218,53121029,-5,163,16931,0,1,-1,76,71,-718
1960,53147218,53145312,-7,165,16928,5,1,-1,75,69,-717
1961,53171218,53169576,-10,165,16925,5,0,-1,75,68,-718
1962,53195218,53193843,-14,164,16922,5,-1,-1,75,69,-716
1963,53219218,53218111,-19,163,16917,4,-2,-1,73,68,-717
1964,53243218,53242369,-20,163,16916,4,-3,-1,73,68,-717
1965,53267218,53266635,-22,162,16913,3,-4,-2,71,69,-717
1966,53291218,53290899,-23,163,16908,3,-4,-2,71,68,-717
1967,53315218,53315162,-23,161,16910,4,-4,-2,72,68,-717
1968,53341218,53339433,-24,157,16908,4,-4,-2,72,68,-718
1969,53365218,53363695,-22,157,16909,5,-4,-2,73,69,-717
1970,53389218,53387959,-24,159,16908,7,-3,-2,75,68,-718
1971,53413218,53412224,-22,162,16907,8,-3,-1,75,68,-718
1972,53437218,53436487,-19,165,16906,9,-2,-1,75,69,-718
1973,53461218,53460751,-16,167,16907,10,-1,-1,76,68,-718
1974,53485218,53485014,-14,170,16912,11,-1,-1,76,68,-718
1975,53511219,53509283,-15,174,16911,10,0,-1,77,68,-718
1976,53535218,53533543,-14,181,16911,9,0,-1,78,67,-718
1977,53559218,53557808,-17,186,16907,7,-1,-1,77,68,-718
1978,53583218,53582072,-13,185,16906,6,-1,0,77,68,-718
1979,53607218,53606335,-14,186,16906,5,-1,0,77,69,-718
1980,53632463,53630626,-16,187,16910,2,-3,0,77,67,-716
1981,53656463,53654908,-18,185,16913,0,-4,1,78,68,-717
1982,53680463,53679174,-22,183,16909,-1,-4,1,78,69,-717
1983,53704463,53703441,-24,182,16907,-1,-6,1,78,68,-717
1984,53729690,53727818,-23,179,16913,-1,-7,1,77,69,-716
1985,53753689,53752140,-19,175,16918,-3,-8,1,76,69,-716
1986,53777688,53776405,-17,173,16922,-5,-9,0,75,68,-716
1987,53801688,53800671,-15,169,16924,-9,-9,0,75,68,-717
1988,53825688,53824935,-13,166,16918,-13,-10,0,75,68,-718
1989,53849688,53849198,-9,164,16919,-17,-12,0,73,67,-718
1990,53873688,53873467,-2,157,16920,-21,-12,0,72,68,-716
1991,53899688,53897737,1,150,16915,-25,-10,0,73,68,-716
1992,53923688,53921999,2,145,16907,-26,-10,0,72,69,-715
1993,53947688,53946267,5,138,16900,-24,-9,0,73,69,-717
1994,53971688,53970529,5,136,16907,-22,-8,1,74,70,-715
1995,53995688,53994793,5,133,16915,-20,-8,1,73,70,-713
1996,54019688,54019054,10,129,16924,-19,-7,1,73,69,-712
1997,54045689,54043712,8,129,16940,-18,-7,2,75,69,-712
1998,54069688,54067987,7,126,16988,-26,-11,5,75,70,-713
1999,54093688,54092254,26,112,17059,-38,-17,7,75,71,-712
2000,54117688,54116577,66,99,17134,-28,-41,-3,74,70,-711
2001,54141688,54140865,49,156,17347,19,-96,-21,73,67,-710
2002,54165688,54165132,7,221,17713,92,-175,-40,72,65,-710
2003,54189688,54189396,-10,383,18254,178,-225,-64,72,65,-710
2004,54213688,54213662,-38,560,18837,254,-210,-98,70,64,-712
2005,54239688,54237928,-147,683,19393,300,-142,-148,70,63,-712
2006,54263688,54262191,-277,718,19908,323,-73,-219,68,61,-712
2007,54287688,54286454,-402,727,20331,313,-16,-299,68,58,-713
2008,54311688,54310720,-538,732,20716,262,45,-355,69,56,-713
2009,54335688,54334986,-619,642,20952,162,137,-389,70,56,-714
2010,54359688,54359259,-656,480,20927,35,270,-418,71,55,-713
2011,54383688,54383526,-706,181,20659,-88,390,-438,72,53,-714
2012,54409689,54407798,-789,-95,20330,-174,449,-445,73,52,-714
2013,54433688,54432063,-809,-242,19986,-227,451,-441,74,51,-712
2014,54457688,54456326,-740,-264,19494,-249,450,-419,75,50,-712
2015,54481688,54480588,-674,-223,18994,-224,460,-380,75,48,-713
2016,54505315,54504961,-535,-188,18490,-170,491,-341,77,48,-716
2017,54529315,54529280,-340,-143,17955,-106,540,-288,79,47,-716
2018,54555315,54553545,-236,16,17414,-63,559,-196,79,47,-718
2019,54579315,54577810,-258,160,16818,-57,541,-97,81,46,-718
2020,54603315,54602083,-268,118,16111,-74,532,-17,81,45,-718
2021,54627315,54626350,-288,-38,15315,-80,544,58,83,45,-719
2022,54651315,54650615,-394,-138,14655,-83,564,114,87,44,-720
2023,54675315,54674882,-440,-220,14022,-106,585,129,91,44,-718
2024,54699315,54699147,-558,-232,13378,-145,589,124,93,43,-716
2025,54725315,54723419,-806,-144,12813,-190,538,91,95,44,-716
2026,54749315,54747683,-998,-98,12396,-231,479,11,97,44,-715
2027,54773315,54771949,-1031,-9,12046,-269,440,-77,99,45,-714
2028,54797315,54796212,-988,171,11805,-311,388,-132,101,46,-713
2029,54821315,54820479,-907,373,11675,-355,298,-145,101,46,-712
2030,54845315,54844744,-797,457,11598,-384,180,-116,100,49,-712
2031,54869315,54869009,-780,518,11663,-377,37,-31,98,51,-713
2032,54893315,54893275,-809,546,11901,-334,-122,78,97,52,-713
2033,54919315,54917540,-789,493,12179,-271,-249,190,97,52,-711
2034,54943315,54941805,-797,435,12484,-181,-359,291,96,54,-710
2035,54967315,54966068,-872,390,12890,-66,-480,376,94,54,-711
2036,54991315,54990334,-997,374,13389,55,-614,420,92,54,-711
2037,55015315,55014596,-1099,324,13938,171,-723,406,90,55,-710
2038,55039315,55038862,-1163,329,14493,283,-795,358,87,54,-710
2039,55063315,55063126,-1169,369,15029,372,-839,297,85,53,-711
2040,55089315,55087396,-1113,362,15492,413,-857,220,82,52,-710
2041,55113315,55111664,-960,311,15914,408,-855,136,78,52,-711
2042,55137315,55135928,-703,194,16298,367,-830,68,74,52,-710
2043,55161315,55160190,-420,83,16663,304,-772,12,71,52,-709
2044,55186303,55184490,-128,-27,16945,232,-692,-22,68,52,-708
2045,55210302,55208785,173,-171,17125,169,-620,-32,64,53,-709
2046,55234302,55233054,437,-302,17311,121,-574,-28,65,53,-709
2047,55258302,55257318,679,-416,17494,109,-536,-18,64,54,-709
2048,55282045,55281691,943,-447,17706,133,-490,10,63,56,-708
2049,55306045,55306005,1140,-389,17930,198,-448,57,61,56,-708
2050,55332045,55330288,1314,-221,18158,277,-418,112,61,55,-709
2051,55356045,55354558,1486,-45,18407,350,-402,175,62,56,-709
2052,55380045,55378823,1577,172,18680,379,-390,236,62,55,-709
2053,55404045,55403086,1571,457,18973,365,-381,283,61,55,-708
2054,55428045,55427355,1513,669,19179,291,-359,299,59,56,-708
2055,55452045,55451617,1421,771,19266,173,-316,280,57,56,-707
2056,55476045,55475880,1234,773,19243,37,-256,223,57,57,-707
2057,55502046,55500153,1009,681,19117,-95,-190,150,58,57,-706
2058,55526045,55524415,736,515,18916,-199,-85,78,58,58,-705
2059,55550045,55548679,463,335,18645,-264,-9,6,56,58,-706
2060,55574045,55572946,295,187,18338,-278,68,-58,57,62,-706
2061,55598045,55597212,223,122,18049,-265,158,-101,58,62,-706
2062,55622045,55621477,181,69,17819,-235,252,-118,60,62,-707
2063,55646045,55645744,128,24,17612,-217,330,-120,61,63,-707
2064,55670045,55670008,116,6,17392,-209,365,-105,62,62,-708
2065,55696045,55694272,126,48,17236,-208,351,-99,61,64,-709
2066,55720045,55718536,162,80,17147,-216,282,-105,62,64,-710
2067,55744045,55742802,193,96,17115,-232,240,-110,62,64,-710
2068,55768045,55767067,236,56,17062,-236,204,-117,63,64,-710
2069,55792045,55791331,233,-36,17021,-228,159,-127,61,66,-711
2070,55816045,55815598,225,-84,17011,-201,95,-128,62,66,-709
2071,55840045,55839863,276,-91,17021,-151,32,-122,60,67,-710
2072,55866045,55864135,346,-93,17031,-83,-1,-102,59,69,-709
2073,55890045,55888398,408,-117,17053,-17,1,-65,61,70,-708
2074,55914045,55912665,440,-98,17132,31,47,-30,62,72,-709
2075,55938045,55936930,444,-61,17127,63,121,-6,64,72,-709
2076,55962045,55961195,380,-51,17133,79,181,17,65,72,-710
2077,55986045,55985458,236,2,17253,91,204,36,67,70,-709
2078,56010045,56009720,195,17,17264,92,228,49,68,70,-710
2079,56034045,56033984,135,14,17254,86,245,56,71,69,-710
2080,56059639,56058349,57,13,17269,69,248,51,73,69,-711
2081,56083639,56082667,-9,21,17262,53,245,38,72,69,-711
2082,56107639,56106940,-55,24,17167,45,207,28,73,69,-711
2083,56131639,56131207,-69,21,17122,43,133,23,72,69,-712
2084,56155639,56155470,-58,57,17106,43,66,16,71,68,-713
2085,56181640,56179741,42,38,16997,38,36,9,72,67,-713
2086,56205639,56204003,55,35,16950,34,21,2,70,68,-712
2087,56229639,56228264,47,38,16924,32,16,0,70,69,-713
2088,56253639,56252527,39,47,16925,32,10,-1,71,67,-712
2089,56277639,56276794,42,52,16929,29,7,-2,72,65,-713
2090,56301639,56301068,39,56,16928,28,6,-1,71,65,-713
2091,56325639,56325332,35,61,16931,28,6,-1,72,65,-713
2092,56349639,56349594,32,66,16931,27,6,-1,73,66,-714
2093,56375639,56373863,28,70,16922,26,7,0,72,67,-715
2094,56399639,56398130,22,76,16921,28,7,1,73,68,-716
2095,56423639,56422393,21,84,16929,29,7,1,74,67,-716
2096,56447639,56446658,21,87,16923,28,8,1,70,68,-716
2097,56471639,56471302,13,89,16920,27,8,2,69,69,-714
2098,56495639,56495579,11,91,16919,24,8,2,70,68,-715
2099,56521639,56519850,9,94,16915,21,7,2,70,67,-715
2100,56545639,56544186,7,97,16918,18,7,2,69,68,-714
2101,56569639,56568482,4,100,16917,15,6,2,70,67,-713
2102,56593639,56592755,3,100,16919,11,4,1,70,67,-714
2103,56617639,56617024,4,101,16922,8,3,2,70,68,-713
2104,56641639,56641290,4,101,16921,6,2,2,71,70,-715
2105,56665639,56665557,8,104,16920,5,2,2,72,69,-716
2106,56691639,56689829,8,107,16920,5,1,1,72,69,-715
2107,56715639,56714096,7,108,16921,5,1,0,71,69,-715
2108,56738615,56738372,8,109,16922,5,0,0,72,67,-715
2109,56764615,56762679,9,109,16924,6,0,0,72,66,-715
2110,56788615,56786952,9,108,16921,8,0,0,73,67,-715
2111,56812615,56811217,10,110,16918,9,0,-1,74,66,-717
2112,56836189,56835554,13,112,16923,8,-1,-1,74,67,-718
2113,56860189,56859892,11,114,16921,8,0,0,74,68,-720
2114,56884189,56884167,11,113,16917,8,-1,0,74,68,-719
2115,56910189,56908434,12,113,16917,8,-2,0,75,70,-718
2116,56934189,56932701,14,111,16920,8,-2,1,74,72,-718
2117,56958189,56956964,11,112,16916,7,-2,1,72,72,-718
2118,56982189,56981228,10,115,16915,6,-2,1,73,70,-717
2119,57006189,57005495,7,117,16914,6,-1,1,71,70,-716
2120,57030189,57029769,4,118,16910,6,-1,0,71,68,-714
2121,57054189,57054032,5,119,16910,5,-2,0,70,67,-713
2122,57080189,57078304,6,120,16911,5,-1,0,71,67,-714
2123,57104189,57102573,6,122,16908,3,0,0,70,65,-717
2124,57128189,57126836,3,125,16901,4,0,0,71,64,-717
2125,57152189,57151099,6,125,16898,5,-1,0,72,65,-718
2126,57176189,57175365,8,124,16901,5,-1,-1,72,66,-717
2127,57200189,57199631,9,123,16899,5,-1,-1,73,67,-717
2128,57224189,57223894,8,121,16899,5,-1,-1,73,68,-717
2129,57248189,57248160,8,120,16899,6,-1,-1,73,68,-717
2130,57274189,57272427,8,123,16896,6,-1,-1,73,67,-715
2131,57298189,57296695,10,122,16893,7,-2,-2,73,67,-713
2132,57322189,57320960,11,121,16895,7,-2,-2,73,68,-713
2133,57346189,57345227,10,123,16898,7,-1,-2,73,68,-713
2134,57370189,57369490,10,124,16898,7,-2,-2,72,68,-714
2135,57394189,57393756,9,125,16902,6,-1,-2,71,66,-714
2136,57418189,57418020,9,128,16900,5,-1,-1,72,66,-712
2137,57444189,57442293,7,128,16901,4,0,-1,73,68,-712
2138,57468189,57466561,7,125,16906,4,0,-1,72,69,-713
2139,57492189,57490826,6,125,16907,4,0,0,72,69,-714
2140,57516189,57515087,5,125,16906,4,0,0,72,68,-714
2141,57540189,57539354,6,124,16909,5,1,0,73,68,-712
2142,57564189,57563618,3,123,16908,5,1,1,73,66,-712
2143,57588189,57587881,5,126,16910,6,0,0,73,66,-712
2144,57613364,57612250,8,126,16914,6,-1,1,74,66,-713
2145,57637364,57636553,8,129,16914,4,-1,1,73,65,-712
2146,57661363,57660819,5,133,16906,4,-3,1,74,65,-712
2147,57685363,57685086,8,136,16919,4,-7,1,73,65,-712
2148,57709364,57709355,12,137,16927,3,-9,1,73,65,-712
2149,57735363,57733626,16,135,16925,0,-10,1,72,65,-712
2150,57759363,57757901,18,136,16925,-5,-10,1,72,66,-714
2151,57783363,57782166,19,134,16938,-9,-11,2,73,67,-714
2152,57807363,57806434,25,131,16961,-16,-13,3,72,65,-715
2153,57831363,57830697,46,108,16973,-23,-14,5,72,66,-716
2154,57855363,57854961,90,100,17021,-18,-16,11,71,66,-715
2155,57879363,57879228,125,58,17179,23,-30,40,72,66,-715
2156,57905364,57903500,67,90,17532,97,-92,100,70,66,-716
2157,57929363,57927766,33,239,18043,183,-205,197,70,65,-715
2158,57953363,57952033,-7,379,18613,256,-293,297,69,65,-714
2159,57977363,57976296,-92,400,19221,280,-283,355,69,65,-714
2160,58001363,58000561,-250,343,19781,266,-209,362,70,64,-714
2161,58025363,58024827,-442,312,20247,211,-113,302,70,63,-714
2162,58049363,58049091,-617,282,20588,128,-35,208,70,63,-713
2163,58073365,58073355,-742,299,20795,3,39,73,70,61,-713
2164,58099363,58097625,-714,222,20740,-151,162,-94,72,62,-712
2165,58123363,58121890,-678,41,20478,-308,350,-288,72,63,-713
2166,58147363,58146151,-645,-114,20128,-445,525,-467,73,62,-713
2167,58171363,58170419,-601,-167,19716,-530,602,-590,74,61,-712
2168,58195363,58194684,-517,-142,19314,-572,613,-646,75,63,-713
2169,58219363,58218949,-432,-81,18938,-572,608,-630,77,63,-713
2170,58243363,58243212,-380,-87,18540,-565,637,-582,78,62,-713
2171,58269364,58267488,-360,-175,17993,-553,685,-517,80,65,-714
2172,58292319,58291761,-393,-223,17403,-538,716,-443,83,65,-713
2173,58316319,58316063,-415,-288,16736,-507,718,-358,86,65,-711
2174,58342320,58340332,-401,-400,16014,-461,717,-272,89,65,-711
2175,58366319,58364600,-355,-460,15183,-396,731,-187,92,66,-710
2176,58389944,58388933,-321,-483,14351,-317,733,-112,93,66,-708
2177,58413943,58413252,-288,-525,13602,-229,697,-47,96,67,-710
2178,58437943,58437518,-296,-512,12994,-137,634,3,99,68,-708
2179,58461943,58461785,-355,-429,12580,-52,566,39,101,66,-707
2180,58487943,58486064,-409,-384,12273,15,509,57,104,66,-710
2181,58511943,58510328,-509,-336,12101,56,456,51,104,65,-711
2182,58535943,58534596,-648,-268,12040,69,371,26,105,65,-711
2183,58559943,58558862,-777,-263,12110,55,257,-8,107,64,-711
2184,58583943,58583127,-901,-328,12274,37,137,-33,107,65,-711
2185,58607943,58607391,-1014,-414,12482,24,28,-46,106,63,-710
2186,58631943,58631653,-1080,-476,12730,34,-91,-36,104,62,-712
2187,58655943,58655916,-1094,-521,13001,73,-219,0,102,62,-712
2188,58681943,58680180,-1092,-520,13375,140,-361,54,98,61,-710
2189,58705943,58704444,-1042,-369,13870,212,-502,124,95,60,-711
2190,58729943,58728711,-986,-168,14380,290,-616,220,93,58,-710
2191,58753943,58752976,-1005,-39,14927,371,-686,317,90,57,-712
2192,58777943,58777237,-1080,58,15482,426,-722,381,86,56,-713
2193,58801943,58801502,-1175,84,16035,428,-740,387,83,56,-711
2194,58825943,58825768,-1267,22,16499,374,-739,347,81,57,-711
2195,58851943,58850039,-1356,-93,16865,284,-725,268,81,58,-712
2196,58875943,58874302,-1421,-280,17106,191,-686,170,79,58,-711
2197,58899943,58898945,-1462,-603,17170,134,-629,63,79,58,-711
2198,58923943,58923223,-1406,-806,17191,106,-583,-54,76,60,-711
2199,58947943,58947488,-1220,-815,17215,114,-573,-152,74,60,-710
2200,58971943,58971838,-904,-693,17249,137,-572,-218,72,59,-711
2201,58997943,58996128,-529,-482,17271,187,-554,-229,71,59,-711
2202,59021943,59020396,-149,-234,17310,257,-519,-197,70,58,-710
2203,59045943,59044661,212,-13,17410,336,-484,-127,66,56,-709
2204,59069943,59068929,476,155,17597,384,-454,-42,65,56,-710
2205,59093943,59093195,630,314,17859,384,-416,32,65,56,-711
2206,59117943,59117457,658,320,18123,345,-350,77,63,55,-711
2207,59141943,59141719,624,253,18300,267,-271,85,63,55,-712
2208,59167696,59166116,550,147,18387,182,-206,70,63,57,-713
2209,59191696,59190426,495,41,18412,105,-154,43,62,58,-714
2210,59215695,59214715,449,-40,18411,38,-111,16,62,59,-716
2211,59239695,59238982,408,-63,18353,-22,-64,-12,63,60,-717
2212,59263695,59263249,400,2,18219,-64,-25,-42,63,59,-717
2213,59287695,59287512,408,55,18075,-87,-5,-63,62,61,-717
2214,59313696,59311785,445,108,17923,-95,-8,-65,62,61,-717
2215,59337695,59336048,463,151,17805,-95,-12,-53,61,62,-717
2216,59361695,59360312,471,167,17697,-90,-3,-30,62,62,-717
2217,59385695,59384573,427,157,17593,-83,6,3,62,62,-716
2218,59409695,59408836,356,147,17498,-70,7,35,63,62,-715
2219,59433695,59433100,282,141,17442,-56,7,63,64,63,-715
2220,59457695,59457371,220,166,17398,-51,17,85,64,65,-713
2221,59481695,59481638,186,188,17322,-55,30,109,65,64,-713
2222,59507695,59505907,124,214,17302,-64,39,129,64,65,-713
2223,59531695,59530174,77,221,17306,-81,56,128,66,66,-713
2224,59555695,59554438,88,165,17239,-100,81,115,66,67,-711
2225,59579695,59578704,103,105,17182,-107,89,107,66,67,-710
2226,59603695,59602969,128,63,17166,-113,77,98,66,67,-710
2227,59627695,59627231,204,23,17132,-117,68,91,65,68,-708
2228,59651695,59651494,262,-38,17114,-108,71,92,66,69,-708
2229,59677695,59675766,304,-85,17095,-94,73,89,67,70,-708
2230,59701695,59700033,381,-149,17018,-79,71,86,68,70,-708
2231,59725695,59724299,444,-195,16950,-57,50,95,68,71,-708
2232,59749695,59748568,456,-162,16946,-36,17,107,69,70,-709
2233,59773695,59772831,470,-120,16937,-24,0,105,69,71,-710
2234,59797695,59797096,465,-99,16916,-13,8,98,69,71,-709
2235,59821695,59821364,398,-92,16939,1,9,90,69,70,-710
2236,59846695,59845663,314,-62,16942,10,-9,77,69,70,-712
2237,59870695,59869950,240,-23,16971,23,-26,68,68,69,-711
2238,59894695,59894209,173,9,17007,41,-28,62,68,69,-710
2239,59918695,59918473,134,37,17004,58,-17,63,68,69,-708
2240,59944284,59942866,107,51,17015,80,6,73,68,68,-708
2241,59968284,59967177,81,65,17049,99,38,89,69,68,-709
2242,59992284,59991447,55,80,17080,109,69,103,69,69,-711
2243,60016284,60015709,41,113,17081,108,95,113,69,69,-710
2244,60040284,60039971,66,129,17091,101,115,120,69,68,-710
2245,60064284,60064237,97,121,17086,82,128,120,70,69,-711
2246,60090284,60088503,117,133,17077,58,132,112,70,68,-712
2247,60114284,60112767,123,137,17078,39,128,99,70,68,-712
2248,60138284,60137031,120,135,17066,23,111,84,71,68,-711
2249,60162284,60161294,114,134,17037,12,84,67,70,68,-710
2250,60186284,60185574,108,133,17012,7,58,51,70,68,-711
2251,60210284,60209836,101,125,16982,11,35,35,70,68,-713
2252,60234284,60234100,91,117,16961,18,23,19,70,67,-713
2253,60260285,60258372,81,124,16957,28,18,9,71,68,-713
2254,60284284,60282636,73,123,16948,36,14,3,70,70,-712
2255,60308284,60306900,68,121,16931,40,13,1,70,69,-714
2256,60332284,60331163,62,127,16927,41,12,0,70,70,-714
2257,60356284,60355429,58,136,16934,39,11,0,71,70,-716
2258,60380284,60379693,56,143,16938,36,9,0,72,70,-715
2259,60404284,60403954,57,151,16944,32,8,0,72,69,-714
2260,60428284,60428222,58,157,16941,27,7,1,73,71,-714
2261,60454284,60452494,53,160,16930,24,6,0,72,69,-715
2262,60478284,60476756,51,164,16932,23,4,0,73,68,-717
2263,60502284,60501021,50,167,16941,19,3,0,72,69,-718
2264,60526284,60525285,48,169,16940,15,3,0,71,68,-719
2265,60550284,60549545,46,168,16930,14,3,0,70,69,-719
2266,60574284,60573806,45,167,16928,13,2,0,69,69,-720
2267,60598284,60598071,41,167,16928,12,2,0,70,69,-720
2268,60624285,60622343,37,168,16930,10,1,0,71,68,-720
2269,60648284,60646606,38,172,16931,9,1,0,72,70,-720
2270,60672284,60670870,37,173,16930,8,1,0,72,70,-719
2271,60696284,60695135,35,174,16923,8,1,1,74,69,-719
2272,60719621,60719511,37,176,16922,9,0,1,75,69,-718
2273,60745621,60743842,41,178,16933,8,0,1,75,69,-718
2274,60769621,60768114,40,181,16930,6,0,2,75,68,-718
2275,60793621,60792380,42,182,16928,5,0,1,75,69,-718
2276,60817621,60816646,43,183,16926,5,0,1,73,67,-718
2277,60841621,60840908,42,181,16923,5,0,1,74,67,-717
2278,60865621,60865170,41,181,16924,4,0,1,73,68,-717
2279,60889621,60889433,42,181,16927,4,-1,1,72,68,-716
2280,60915621,60913715,41,183,16922,3,0,0,71,67,-716
2281,60939621,60937983,37,185,16917,4,0,0,70,67,-717
2282,60963621,60962244,40,185,16923,4,-1,-1,70,67,-717
2283,60987621,60986509,41,187,16922,3,0,-1,70,67,-718
2284,61011621,61010771,40,189,16921,3,0,0,71,70,-716
2285,61035621,61035032,41,188,16923,4,0,0,71,71,-718
2286,61059621,61059296,40,187,16922,4,0,0,72,71,-718
2287,61083621,61083563,38,189,16920,5,0,0,73,70,-717
2288,61109621,61107829,37,189,16923,5,0,0,73,71,-717
2289,61133621,61132091,39,188,16923,4,0,0,74,69,-717
2290,61157621,61156357,38,190,16918,4,0,1,74,68,-717
2291,61181621,61180626,35,188,16916,5,-1,1,74,68,-717
2292,61205621,61204891,35,186,16917,5,0,0,74,67,-718
2293,61229621,61229154,32,186,16920,5,0,0,73,67,-717
2294,61253621,61253419,31,185,16920,5,-1,0,74,66,-717
2295,61279621,61277686,29,183,16920,5,-1,0,73,68,-718
2296,61303621,61301947,30,181,16919,5,-1,0,72,66,-718
2297,61327621,61326620,29,180,16919,5,-1,0,72,69,-717
2298,61351621,61350897,28,178,16918,7,0,0,72,70,-716
2299,61375621,61375165,28,179,16920,8,0,0,73,70,-716
2300,61401149,61399539,30,182,16921,8,0,1,73,69,-716
2301,61425149,61423852,35,186,16923,9,-1,1,73,68,-716
2302,61449149,61448123,39,190,16924,8,0,1,73,69,-717
2303,61473149,61472389,39,195,16922,8,0,1,73,69,-716
2304,61498654,61496766,38,197,16926,8,-1,1,73,71,-717
2305,61522654,61521086,37,199,16930,7,-1,1,75,69,-717
2306,61546654,61545361,40,203,16929,5,-2,0,74,70,-717
2307,61570654,61569628,40,203,16932,1,-3,0,75,69,-718
2308,61594654,61593893,40,201,16931,-1,-2,0,75,70,-717
2309,61618654,61618159,37,198,16925,-1,-1,0,75,71,-717
2310,61642654,61642433,34,194,16921,0,0,0,75,69,-716
2311,61668654,61666704,34,189,16923,-1,0,0,76,69,-716
2312,61692654,61690967,35,186,16924,-1,1,0,77,67,-717
2313,61716654,61715233,37,185,16927,-1,1,0,76,68,-715
2314,61740654,61739499,34,182,16926,-2,1,0,77,67,-716
2315,61764654,61763761,32,181,16920,0,2,0,76,67,-715
2316,61788654,61788021,31,183,16935,0,1,0,77,66,-716
2317,61812654,61812286,32,185,16951,-4,-1,0,77,65,-716
2318,61836654,61836549,36,183,16973,-14,-2,0,77,64,-716
2319,61862654,61860824,50,129,16983,-20,-2,1,76,64,-717
2320,61886654,61885092,48,-48,17014,-13,-6,-2,75,65,-715
2321,61910654,61909354,39,-236,17137,23,-11,6,74,65,-717
2322,61934654,61933617,-8,-322,17388,112,-26,54,74,64,-716
2323,61958654,61957884,-92,-266,17850,214,-50,127,74,63,-714
2324,61982654,61982149,-173,-87,18386,299,-74,206,72,62,-715
2325,62006654,62006410,-258,115,19037,335,-67,268,71,62,-716
2326,62032655,62030686,-365,260,19662,326,-19,303,71,63,-715
2327,62056654,62054950,-550,383,20195,268,51,309,71,62,-714
2328,62080654,62079216,-759,561,20641,185,121,298,74,60,-713
2329,62104654,62103481,-967,666,20985,75,191,241,75,61,-714
2330,62128654,62127750,-1125,701,21176,-82,276,122,76,63,-714
2331,62152654,62152014,-1214,647,21094,-237,376,-29,77,63,-715
2332,62176654,62176283,-1243,524,20840,-365,481,-181,79,63,-714
2333,62200654,62200552,-1251,379,20420,-436,561,-305,83,62,-711
2334,62226654,62224825,-1254,269,19926,-459,604,-405,85,61,-711
2335,62250654,62249088,-1170,187,19433,-442,626,-477,88,61,-714
2336,62274245,62273425,-1023,160,18893,-413,660,-519,90,63,-713
2337,62298245,62297735,-902,186,18318,-381,699,-515,92,60,-713
2338,62322245,62322006,-821,157,17671,-357,745,-483,95,59,-712
2339,62348246,62346282,-802,39,17002,-349,802,-449,98,60,-712
2340,62372245,62370551,-876,-185,16331,-340,862,-439,101,61,-712
2341,62396245,62394819,-997,-410,15625,-328,909,-450,103,61,-713
2342,62420245,62419081,-1057,-586,14960,-311,943,-467,106,62,-712
2343,62444245,62443347,-1042,-674,14248,-286,968,-472,108,61,-711
2344,62468245,62467610,-1057,-725,13546,-256,971,-457,110,61,-712
2345,62492245,62491874,-1106,-717,12904,-234,935,-433,114,63,-711
2346,62516245,62516139,-1154,-668,12419,-215,869,-418,116,63,-711
2347,62542246,62540414,-1162,-597,12028,-192,786,-396,118,64,-712
2348,62566245,62564676,-1165,-474,11738,-167,682,-338,121,63,-712
2349,62590245,62588939,-1161,-340,11579,-137,550,-241,122,62,-713
2350,62614245,62613207,-1224,-178,11564,-103,409,-121,121,63,-712
2351,62638245,62637472,-1377,-52,11736,-70,261,-8,122,64,-712
2352,62662245,62661736,-1531,17,12069,-43,119,73,123,62,-711
2353,62686245,62686000,-1625,55,12433,-14,-3,131,121,62,-713
2354,62712246,62710274,-1692,74,12791,33,-132,203,119,61,-713
2355,62736245,62734539,-1783,75,13188,87,-269,284,116,60,-714
2356,62760245,62758801,-1878,64,13658,141,-404,352,115,61,-715
2357,62784245,62783064,-1992,62,14184,187,-509,388,114,60,-715
2358,62808245,62807329,-2097,55,14682,228,-593,396,113,60,-717
2359,62832245,62831591,-2179,19,15151,267,-657,392,111,60,-717
2360,62856245,62855860,-2244,-12,15569,307,-706,379,108,62,-719
2361,62880245,62880124,-2317,-81,16001,342,-742,348,106,60,-718
2362,62906246,62904396,-2377,-175,16423,359,-752,283,105,58,-718
2363,62930245,62928659,-2396,-260,16814,356,-735,177,104,58,-718
2364,62953223,62952934,-2367,-346,17104,334,-696,53,101,58,-717
2365,62979223,62977241,-2248,-421,17302,311,-650,-63,99,60,-716
2366,63003223,63001505,-2098,-485,17464,289,-604,-154,97,58,-717
2367,63027223,63025768,-1963,-490,17579,263,-562,-214,95,57,-715
2368,63050977,63050112,-1826,-470,17679,231,-515,-248,92,56,-715
2369,63074977,63074434,-1670,-428,17694,196,-453,-260,91,57,-716
2370,63098977,63098713,-1492,-332,17652,167,-389,-243,89,56,-715
2371,63124978,63122984,-1331,-232,17596,151,-341,-187,88,57,-714
2372,63148977,63147254,-1155,-133,17553,142,-302,-101,86,55,-713
2373,63172977,63171517,-1012,-48,17517,129,-259,-4,85,54,-715
2374,63196977,63195781,-885,-1,17476,116,-211,99,84,54,-714
2375,63220977,63220044,-781,-13,17470,109,-170,188,84,54,-715
2376,63244977,63244309,-692,-40,17471,108,-139,267,84,54,-714
2377,63268977,63268571,-611,-50,17475,120,-121,340,84,54,-715
2378,63292977,63292838,-610,-55,17526,138,-115,397,84,55,-713
2379,63318978,63317110,-699,45,17644,143,-116,425,85,54,-713
2380,63342977,63341382,-851,168,17779,127,-113,369,85,54,-715
2381,63366977,63365648,-964,220,17843,91,-98,289,86,55,-714
2382,63390977,63389911,-1019,231,17826,53,-84,185,86,56,-714
2383,63414977,63414173,-1016,255,17788,25,-74,90,87,57,-714
2384,63438977,63438440,-976,295,17735,12,-64,13,88,57,-715
2385,63462977,63462706,-927,360,17722,7,-50,-35,90,58,-714
2386,63486981,63486975,-858,404,17723,2,-29,-59,88,60,-714
2387,63512977,63511241,-731,338,17680,0,-11,-58,89,61,-715
2388,63536977,63535511,-622,260,17630,3,-5,6,88,60,-714
2389,63560977,63559773,-573,241,17609,13,-25,71,87,61,-714
2390,63584977,63584040,-581,224,17631,13,-50,136,87,61,-715
2391,63608977,63608303,-634,210,17665,-7,-62,178,86,62,-716
2392,63632977,63632569,-745,194,17708,-51,-67,184,86,63,-715
2393,63656977,63656831,-871,143,17717,-112,-77,143,85,64,-714
2394,63682977,63681110,-940,74,17628,-172,-87,73,84,64,-713
2395,63706977,63705372,-974,17,17506,-213,-94,-5,84,65,-714
2396,63730977,63729636,-950,-45,17384,-229,-94,-68,85,67,-716
2397,63754977,63754294,-899,-119,17265,-229,-81,-107,85,68,-715
2398,63778977,63778573,-865,-149,17162,-215,-64,-125,86,68,-714
2399,63802977,63802841,-844,-145,17084,-193,-56,-133,86,67,-713
2400,63829224,63827304,-775,-129,17006,-161,-50,-121,85,68,-713
2401,63853224,63851631,-671,-115,16913,-126,-33,-83,84,69,-713
2402,63877224,63875903,-592,-97,16849,-91,-15,-27,84,71,-715
2403,63901224,63900172,-533,-78,16796,-54,-8,38,84,72,-713
2404,63925224,63924437,-483,-40,16762,-17,-5,96,84,71,-714
2405,63949224,63948697,-468,45,16793,15,-2,126,84,72,-714
2406,63973224,63972964,-446,121,16825,35,1,129,84,72,-715
2407,63999225,63997230,-407,156,16838,45,3,116,84,73,-716
2408,64023224,64021496,-406,171,16857,51,-2,92,83,72,-716
2409,64047224,64045759,-429,172,16896,51,-20,53,84,71,-715
2410,64071224,64070036,-452,137,16950,42,-35,9,85,69,-713
2411,64095224,64094302,-475,100,16997,18,-37,-41,84,69,-712
2412,64119224,64118565,-503,51,17017,-9,-39,-86,83,69,-711
2413,64143224,64142829,-501,-38,17000,-33,-45,-111,84,70,-711
2414,64167224,64167093,-501,-122,16981,-46,-46,-112,82,70,-709
2415,64193224,64191364,-515,-185,16961,-47,-42,-98,83,70,-709
2416,64217224,64215629,-511,-222,16940,-40,-58,-73,84,70,-708
2417,64241224,64239891,-517,-237,16933,-27,-69,-34,84,71,-709
2418,64265224,64264156,-525,-220,16943,-9,-83,6,84,71,-710
2419,64289224,64288423,-523,-193,16954,9,-95,42,84,70,-713
2420,64313224,64312688,-508,-149,16953,23,-102,71,84,70,-712
2421,64337224,64336950,-507,-88,16952,36,-110,88,85,70,-712
2422,64361226,64361216,-499,-42,16952,47,-128,89,86,69,-713
2423,64387224,64385485,-466,-13,16960,54,-149,84,85,69,-713
2424,64411224,64409748,-434,1,16992,58,-145,73,84,69,-713
2425,64435224,64434011,-384,17,17005,57,-140,57,84,69,-714
2426,64459224,64458279,-326,24,16988,52,-134,43,82,69,-714
2427,64483224,64482546,-267,29,16975,47,-131,34,81,69,-711
2428,64508216,64506837,-220,31,16977,41,-127,28,79,70,-712
2429,64532216,64531127,-169,15,16960,32,-125,26,77,69,-712
2430,64556216,64555394,-127,1,16964,24,-122,27,77,70,-711
2431,64580216,64579657,-95,-16,16961,21,-116,31,77,69,-711
2432,64605568,64604046,-72,-13,16940,17,-111,39,75,69,-710
2433,64629569,64628357,-60,1,16940,20,-107,42,74,68,-709
2434,64653568,64652631,-48,23,16964,25,-98,42,74,69,-708
2435,64677568,64676896,-40,45,16988,28,-87,38,75,68,-709
2436,64701568,64701162,-26,52,16988,29,-74,33,74,67,-709
2437,64725568,64725429,-24,58,16994,32,-60,27,75,66,-708
2438,64751568,64749700,-15,59,16986,35,-46,21,73,65,-709
2439,64775568,64773965,-6,75,16986,35,-33,14,72,65,-709
2440,64799568,64798238,8,72,16977,35,-22,6,74,65,-708
2441,64823568,64822502,21,62,16958,33,-14,1,74,64,-710
2442,64847568,64846771,26,61,16941,29,-10,1,74,65,-710
2443,64871568,64871035,27,64,16921,27,-7,0,74,67,-711
2444,64895568,64895300,26,69,16920,27,-5,0,75,68,-711
2445,64921569,64919571,29,75,16928,25,-4,0,73,68,-711
2446,64945568,64943836,32,79,16927,22,-2,1,73,67,-711
2447,64969568,64968101,31,79,16917,21,0,1,72,68,-712
2448,64993568,64992364,31,81,16917,20,1,1,72,70,-713
2449,65017568,65016631,29,83,16919,19,2,1,70,69,-711
2450,65041568,65040895,26,85,16916,19,2,1,71,70,-711
2451,65065568,65065158,27,86,16922,19,2,0,71,69,-711
2452,65089568,65089423,28,91,16923,19,1,0,70,69,-711
2453,65115568,65113694,25,95,16921,18,1,0,72,69,-713
2454,65139568,65137956,24,99,16922,18,0,0,73,70,-714
2455,65163568,65162219,24,105,16924,16,1,0,72,69,-714
2456,65187568,65186485,20,109,16920,15,1,1,72,68,-713
2457,65211568,65210756,19,112,16919,16,1,0,73,68,-714
2458,65235568,65235019,18,116,16922,14,1,0,74,67,-713
2459,65259568,65259283,12,118,16917,12,0,1,73,67,-714
2460,65283568,65283546,10,119,16916,11,1,0,74,67,-715
2461,65309568,65307812,10,120,16917,11,1,0,73,67,-713
2462,65333568,65332078,8,123,16919,11,1,0,73,67,-712
2463,65357568,65356340,6,125,16916,11,1,0,75,67,-712
2464,65381101,65380684,9,126,16914,12,0,0,76,68,-714
2465,65405101,65404991,10,129,16915,12,0,0,75,69,-715
2466,65431102,65429265,11,132,16917,12,-1,0,76,70,-715
2467,65455101,65453529,15,133,16919,12,-1,0,76,69,-715
2468,65479101,65477794,16,134,16919,12,-2,0,75,68,-715
2469,65503101,65502057,18,134,16921,11,-3,1,74,68,-715
2470,65527101,65526329,20,131,16920,9,-4,0,74,70,-716
2471,65551101,65550594,23,132,16927,8,-4,1,73,71,-716
2472,65575101,65574859,22,133,16933,5,-5,1,72,69,-715
2473,65601101,65599133,23,132,16936,3,-5,1,72,69,-715
2474,65625101,65623398,23,130,16932,2,-4,1,71,68,-716
2475,65649101,65647661,23,129,16927,1,-4,2,71,68,-716
2476,65673101,65671925,20,127,16925,1,-2,2,72,69,-716
2477,65697101,65696187,20,127,16928,0,-3,2,73,68,-716
2478,65721101,65720452,21,129,16935,-1,-3,2,73,68,-715
2479,65745101,65744719,25,127,16951,-1,-2,2,74,68,-715
2480,65769101,65768983,45,117,16969,-1,-4,0,74,69,-716
2481,65795102,65793258,62,84,17040,27,-10,1,74,66,-715
2482,65819101,65817523,70,65,17292,92,-15,25,74,67,-715
2483,65843101,65841788,51,144,17673,179,-42,72,74,66,-714
2484,65867101,65866052,-33,440,18255,270,-84,111,74,66,-715
2485,65891101,65890314,-128,773,18939,337,-112,130,74,65,-716
2486,65915101,65914578,-197,981,19556,351,-76,114,72,63,-716
2487,65939101,65938845,-331,1103,20031,325,-12,75,70,61,-716
2488,65965102,65963117,-590,1118,20422,258,48,-9,69,59,-716
2489,65989101,65987381,-802,1065,20698,144,111,-139,70,59,-717
2490,66013101,66011646,-942,967,20747,-7,188,-339,71,58,-717
2491,66037101,66035912,-1022,788,20618,-162,284,-569,72,59,-717
2492,66062060,66060206,-1025,402,20289,-299,384,-770,72,57,-717
2493,66086060,66084493,-1007,21,19855,-388,464,-921,73,56,-717
2494,66110060,66108757,-1020,-213,19468,-425,485,-1005,73,56,-717
2495,66134060,66133024,-972,-387,19154,-432,494,-1024,75,56,-716
2496,66159326,66157411,-803,-432,18848,-409,538,-981,78,57,-716
2497,66183325,66182070,-717,-421,18468,-385,621,-882,79,57,-716
2498,66207325,66206353,-734,-442,18037,-365,683,-724,79,57,-717
2499,66231325,66230622,-779,-502,17541,-358,704,-534,80,57,-717
2500,66255327,66255037,-842,-543,17017,-374,728,-354,84,58,-717
2501,66281325,66279336,-888,-619,16419,-418,793,-205,87,58,-716
2502,66305325,66303611,-913,-707,15678,-459,869,-79,90,58,-715
2503,66329325,66327876,-944,-736,14917,-481,917,16,93,60,-716
2504,66353325,66352142,-988,-742,14189,-480,924,101,96,60,-716
2505,66377325,66376409,-1004,-707,13573,-456,879,172,100,59,-716
2506,66401325,66400672,-993,-617,13039,-422,818,221,104,60,-715
2507,66425325,66424941,-978,-506,12616,-386,777,236,109,62,-714
2508,66449325,66449209,-948,-460,12248,-337,719,234,111,63,-712
2509,66475326,66473483,-961,-451,11979,-279,609,229,114,65,-713
2510,66499325,66497758,-1025,-467,11943,-225,459,217,117,66,-713
2511,66523325,66522027,-1079,-531,12007,-179,308,197,119,65,-712
2512,66547325,66546296,-1142,-626,12131,-133,148,179,119,66,-711
2513,66571325,66570562,-1238,-706,12377,-87,-20,169,118,67,-710
2514,66595325,66594827,-1338,-776,12717,-37,-175,177,118,67,-709
2515,66619325,66619094,-1458,-804,13124,17,-304,202,116,65,-709
2516,66645325,66643366,-1593,-774,13519,69,-407,232,115,64,-710
2517,66669325,66667630,-1752,-735,13987,112,-501,234,113,64,-710
2518,66693325,66691893,-1876,-664,14444,142,-574,205,110,65,-709
2519,66717325,66716155,-1972,-570,14902,162,-646,155,106,65,-709
2520,66741325,66740417,-2048,-492,15395,175,-707,97,103,65,-709
2521,66765325,66764685,-2058,-435,15835,187,-739,33,100,64,-711
2522,66789325,66788953,-1997,-396,16206,194,-745,-41,97,64,-712
2523,66813325,66813219,-1912,-392,16535,192,-749,-123,94,63,-712
2524,66839326,66837488,-1790,-444,16863,184,-756,-193,91,65,-711
2525,66863325,66861754,-1632,-480,17113,178,-750,-223,85,64,-711
2526,66887325,66886016,-1450,-509,17285,185,-725,-212,83,63,-711
2527,66911325,66910277,-1283,-535,17463,205,-682,-170,82,63,-712
2528,66935123,66934632,-1129,-520,17657,221,-620,-113,80,63,-713
2529,66959123,66958949,-982,-534,17782,228,-555,-50,78,62,-713
2530,66985124,66983234,-890,-546,17879,236,-495,24,76,62,-712
2531,67009123,67007502,-822,-544,17959,242,-440,102,74,62,-714
2532,67033123,67031769,-791,-487,18034,249,-381,169,74,61,-713
2533,67057123,67056032,-775,-409,18088,258,-316,209,75,61,-713
2534,67081123,67080297,-790,-339,18159,269,-264,216,75,60,-713
2535,67105123,67104562,-759,-223,18166,274,-223,199,74,60,-713
2536,67129123,67128824,-716,-106,18086,279,-189,174,73,60,-713
2537,67153123,67153090,-708,5,18034,288,-165,148,74,59,-713
2538,67179123,67177357,-687,105,17974,289,-143,108,74,58,-713
2539,67203123,67201618,-645,166,17901,280,-115,56,73,58,-713
2540,67227123,67225884,-597,204,17844,263,-101,13,72,58,-715
2541,67251123,67250150,-575,206,17820,237,-105,0,73,57,-716
2542,67275123,67274416,-579,169,17789,204,-98,12,72,58,-716
2543,67299123,67298683,-636,67,17744,168,-74,38,72,59,-716
2544,67323123,67322951,-705,-79,17676,130,-49,67,74,58,-715
2545,67349123,67347225,-754,-190,17610,87,-31,94,72,57,-715
2546,67373123,67371487,-760,-258,17550,40,-14,129,73,59,-715
2547,67397123,67395748,-758,-291,17455,1,4,166,74,60,-715
2548,67421123,67420013,-748,-329,17309,-31,21,180,75,59,-713
2549,67445123,67444279,-656,-356,17136,-55,33,169,75,60,-713
2550,67469123,67468543,-493,-351,16970,-59,32,165,74,60,-714
2551,67493123,67492806,-325,-324,16877,-45,18,175,75,61,-715
2552,67517123,67517068,-162,-270,16850,-23,0,191,75,62,-716
2553,67543123,67541337,-28,-197,16865,4,-5,212,75,62,-716
2554,67567123,67565599,22,-118,16922,28,-9,227,76,62,-716
2555,67591123,67589862,44,-64,17001,37,-20,233,76,62,-715
2556,67616099,67614141,45,-29,17082,37,-24,243,76,63,-716
2557,67640099,67638439,4,1,17144,33,-21,247,77,63,-717
2558,67664099,67662704,-54,43,17193,18,-13,234,77,63,-716
2559,67688099,67686970,-123,65,17194,-8,-12,206,77,64,-715
2560,67712055,67711308,-195,99,17193,-30,-21,164,75,64,-715
2561,67736055,67735630,-226,114,17157,-47,-38,115,76,66,-716
2562,67760055,67759899,-247,103,17115,-52,-55,72,75,66,-716
2563,67786055,67784173,-277,115,17124,-43,-67,39,75,66,-717
2564,67810055,67808436,-273,151,17130,-37,-67,22,75,67,-717
2565,67834055,67832706,-267,215,17122,-33,-59,33,74,68,-716
2566,67858055,67856970,-258,251,17081,-28,-53,57,76,68,-716
2567,67882055,67881235,-249,272,17074,-19,-41,88,77,67,-715
2568,67906055,67905502,-255,280,17070,-17,-17,116,77,66,-715
2569,67930055,67929764,-266,291,17048,-22,11,136,78,67,-714
2570,67954055,67954038,-258,301,17004,-28,31,145,78,68,-713
2571,67980055,67978304,-236,294,16951,-29,42,153,79,68,-712
2572,68004055,68002567,-230,289,16929,-23,48,151,79,69,-712
2573,68028055,68026833,-205,266,16905,-16,57,130,79,70,-712
2574,68052055,68051097,-191,238,16929,-9,63,100,78,71,-712
2575,68076055,68075365,-197,241,17007,-12,64,66,77,72,-714
2576,68100055,68099632,-179,258,17044,-24,70,27,80,73,-714
2577,68124055,68123897,-162,226,17051,-37,75,-5,79,72,-714
2578,68150056,68148167,-161,160,17050,-42,72,-22,79,71,-715
2579,68174055,68172429,-165,100,17040,-46,68,-29,80,71,-716
2580,68198055,68196697,-155,45,17005,-47,66,-31,80,70,-715
2581,68222055,68220966,-190,12,17004,-37,60,-20,81,69,-715
2582,68246055,68245227,-250,-14,17010,-26,29,-8,80,70,-715
2583,68270055,68269490,-287,-39,16954,-12,-1,-1,81,70,-714
2584,68294055,68293751,-308,-83,16904,9,-46,9,80,69,-715
2585,68318055,68318015,-340,-73,16904,35,-94,23,80,70,-715
2586,68344055,68342282,-339,-15,16936,52,-130,26,81,69,-715
2587,68368055,68366546,-304,50,16971,58,-153,22,81,70,-715
2588,68392055,68390811,-283,98,17024,61,-176,19,81,70,-716
2589,68416055,68415074,-232,121,17071,53,-195,16,79,69,-716
2590,68440055,68439340,-165,138,17097,44,-180,12,78,67,-716
2591,68464055,68463605,-106,145,17098,37,-158,9,78,66,-717
2592,68489747,68487986,-69,148,17101,30,-126,7,78,68,-717
2593,68513747,68512303,6,141,17084,19,-93,3,77,69,-716
2594,68537747,68536570,37,124,17056,8,-63,1,75,68,-716
2595,68561747,68560833,42,96,17022,5,-39,1,75,67,-716
2596,68585747,68585097,40,81,16987,8,-21,0,76,66,-717
2597,68609747,68609719,38,83,16950,13,-10,-1,77,68,-717
2598,68635747,68633994,29,83,16925,16,-4,-1,78,69,-717
2599,68659747,68658263,24,87,16927,18,-3,-1,76,68,-716
2600,68683747,68682595,26,93,16935,18,-2,-1,76,68,-715
2601,68707747,68706881,-6,101,16943,18,-1,0,76,68,-715
2602,68731747,68731145,-12,101,16938,16,-1,0,76,69,-715
2603,68755747,68755407,-15,105,16947,15,-3,0,76,71,-716
2604,68779747,68779670,-8,107,16945,9,-4,0,76,71,-714
2605,68805747,68803940,-10,102,16934,6,-3,0,75,71,-714
2606,68829747,68828199,-8,105,16921,4,-3,0,75,71,-713
2607,68853747,68852464,-9,104,16913,3,-4,0,76,72,-713
2608,68877747,68876734,-8,99,16915,2,-5,0,77,71,-714
2609,68901747,68900996,-7,94,16919,1,-4,0,78,71,-714
2610,68925747,68925276,-5,97,16925,0,-4,1,76,71,-713
2611,68949747,68949540,-6,96,16914,-2,-4,2,76,69,-713
2612,68975748,68973812,-6,97,16914,-1,-4,2,75,69,-715
2613,68999747,68998074,-5,92,16918,-3,-4,2,76,69,-714
2614,69023747,69022338,-7,89,16925,-5,-4,3,75,69,-715
2615,69047747,69046601,-2,86,16932,-8,-4,3,76,68,-714
2616,69071747,69070865,-4,88,16919,-11,-4,3,75,67,-714
2617,69095747,69095126,-6,85,16913,-13,-5,3,76,67,-713
2618,69119747,69119397,-5,82,16915,-13,-6,2,77,67,-714
2619,69143747,69143659,-4,78,16915,-13,-5,1,77,67,-713
2620,69169029,69167953,-5,75,16912,-13,-3,1,78,68,-713
2621,69193029,69192231,-7,78,16914,-10,-3,0,77,66,-714
2622,69217029,69216495,-6,81,16916,-7,-2,0,78,66,-713
2623,69241029,69240759,-7,80,16912,-5,-1,0,78,66,-714
2624,69266306,69265158,-6,75,16920,-2,-1,-1,77,67,-714
2625,69290305,69289472,-4,78,16917,1,0,0,76,68,-716
2626,69314305,69313741,-3,83,16916,3,-2,0,77,69,-716
2627,69338305,69338007,-1,83,16913,5,-5,0,77,70,-716
2628,69362305,69362271,1,82,16913,7,-9,-1,76,71,-715
2629,69388305,69386533,7,83,16915,9,-13,-1,77,74,-714
2630,69412305,69410809,11,83,16916,8,-15,-1,76,74,-713
2631,69436305,69435073,12,82,16912,7,-17,-1,77,75,-712
2632,69460305,69459337,17,83,16905,7,-17,-1,77,75,-713
2633,69484305,69483603,18,82,16905,8,-15,-1,77,75,-712
2634,69508305,69507869,21,78,16906,9,-12,-1,76,74,-711
2635,69532305,69532134,23,78,16906,9,-8,-1,76,73,-712
2636,69558306,69556404,22,81,16908,11,-4,-1,75,73,-711
2637,69582305,69580666,21,82,16914,10,-2,-2,74,72,-712
2638,69606305,69604931,21,83,16916,10,0,-2,73,72,-714
2639,69630305,69629193,20,88,16918,10,0,-2,72,73,-714
2640,69654305,69653457,19,93,16924,9,-2,-2,72,74,-715
2641,69678305,69677720,22,95,16937,6,-4,-2,72,74,-715
2642,69702305,69701984,26,99,16944,0,-6,-2,72,74,-716
2643,69726305,69726248,27,97,16967,-7,-10,-2,71,74,-715
2644,69752305,69750516,39,86,17009,-13,-15,0,73,76,-716
2645,69776305,69774778,27,-26,17076,-8,-26,-4,72,74,-716
2646,69800305,69799043,-24,-75,17215,26,-71,-3,72,74,-715
2647,69824305,69823305,12,34,17614,115,-158,30,71,72,-714
2648,69848305,69847568,51,241,18195,227,-230,97,70,68,-713
2649,69872305,69871831,31,497,18904,334,-256,174,69,68,-714
2650,69896305,69896097,-10,702,19629,416,-250,226,68,66,-714
2651,69922305,69920366,-90,784,20303,458,-201,255,68,64,-715
2652,69946305,69944627,-275,850,20858,471,-145,274,68,59,-715
2653,69970305,69968888,-452,1018,21327,442,-69,256,69,58,-714
2654,69994305,69993150,-544,1060,21585,365,70,199,71,54,-714
2655,70018305,70017412,-747,916,21474,225,267,92,71,53,-714
2656,70041862,70041772,-987,680,21099,61,433,-69,74,53,-714
2657,70067863,70066085,-1158,436,20531,-89,544,-258,77,52,-714
2658,70091863,70090353,-1315,291,19869,-207,615,-431,77,51,-715
2659,70115862,70114616,-1408,320,19215,-284,643,-584,78,51,-715
2660,70139862,70138887,-1334,341,18618,-331,700,-725,81,51,-716
2661,70163862,70163152,-1198,290,17997,-344,779,-804,84,51,-716
2662,70187862,70187417,-1105,272,17454,-334,822,-808,85,52,-717
2663,70211862,70211680,-967,302,17054,-311,841,-764,89,53,-718
2664,70237862,70235952,-806,370,16681,-302,887,-678,91,52,-718
2665,70261862,70260213,-763,396,16199,-325,947,-576,93,50,-716
2666,70285862,70284479,-736,349,15679,-360,1009,-487,97,50,-716
2667,70309862,70308738,-651,186,15053,-393,1077,-419,101,50,-715
2668,70333862,70333003,-632,38,14375,-417,1093,-357,105,51,-714
2669,70357862,70357268,-687,32,13748,-403,1023,-285,106,50,-713
2670,70381862,70381535,-748,106,13203,-367,941,-235,109,51,-713
2671,70405862,70405802,-801,145,12633,-314,885,-203,112,51,-713
2672,70431862,70430074,-851,109,12105,-242,816,-183,114,52,-715
2673,70455862,70454335,-822,78,11769,-147,713,-152,116,54,-716
2674,70479862,70478599,-800,90,11641,-51,574,-91,118,53,-716
2675,70503862,70502864,-893,159,11720,32,420,-5,120,53,-716
2676,70527862,70527126,-1045,199,11964,89,271,76,119,52,-717
2677,70551862,70551389,-1203,158,12283,103,162,124,121,53,-719
2678,70575862,70575655,-1364,57,12613,89,52,146,121,54,-718
2679,70601862,70599924,-1561,-31,12980,53,-94,149,120,53,-719
2680,70625862,70624190,-1732,-100,13413,13,-260,134,117,53,-718
2681,70649862,70648457,-1855,-191,13889,-22,-397,109,117,53,-718
2682,70673862,70672721,-1952,-282,14324,-46,-498,85,115,55,-717
2683,70697862,70696983,-2020,-363,14759,-56,-598,67,112,55,-718
2684,70722840,70721267,-2040,-394,15170,-56,-688,58,109,57,-716
2685,70746840,70745556,-2016,-425,15554,-53,-746,53,106,57,-714
2686,70770840,70769826,-1956,-460,15911,-48,-767,57,102,58,-715
2687,70794840,70794095,-1868,-506,16195,-42,-762,77,98,58,-713
2688,70818614,70818466,-1807,-509,16425,-37,-744,108,97,59,-713
2689,70844615,70842797,-1760,-519,16593,-22,-733,140,93,60,-714
2690,70868614,70867078,-1694,-561,16774,0,-714,163,90,60,-714
2691,70892614,70891348,-1594,-565,16923,18,-671,169,87,62,-713
2692,70916614,70915614,-1470,-524,17063,35,-623,172,85,62,-712
2693,70940614,70939878,-1346,-486,17173,45,-596,179,87,61,-713
2694,70964614,70964142,-1246,-470,17245,50,-581,187,85,61,-712
2695,70988614,70988406,-1178,-441,17325,65,-562,179,84,62,-712
2696,71014615,71012676,-1088,-424,17410,94,-528,152,82,62,-712
2697,71038614,71037323,-967,-376,17497,115,-482,121,81,63,-712
2698,71062614,71061609,-818,-325,17564,126,-448,103,80,63,-711
2699,71086614,71085874,-694,-304,17674,135,-430,114,80,62,-711
2700,71110614,71110231,-598,-341,17805,140,-406,153,79,63,-712
2701,71134614,71134517,-520,-420,17945,146,-364,207,76,64,-712
2702,71160614,71158796,-496,-441,18135,152,-316,260,74,65,-714
2703,71184614,71183062,-525,-415,18332,145,-278,299,76,66,-714
2704,71208614,71207327,-557,-419,18498,116,-252,325,75,66,-713
2705,71232614,71231594,-622,-413,18608,76,-228,312,75,66,-714
2706,71256614,71255860,-703,-397,18628,37,-200,268,76,66,-714
2707,71280614,71280126,-773,-364,18557,8,-174,204,75,67,-713
2708,71304614,71304392,-843,-324,18438,-5,-158,121,74,68,-713
2709,71330614,71328665,-897,-236,18296,-3,-144,44,72,67,-711
2710,71354614,71352946,-910,-160,18116,5,-132,-19,73,67,-710
2711,71378614,71377214,-870,-125,17929,18,-106,-58,72,66,-708
2712,71402614,71401480,-822,-49,17749,38,-69,-69,73,67,-707
2713,71426614,71425745,-762,20,17578,69,-30,-40,73,66,-707
2714,71450614,71450011,-707,70,17433,108,-1,4,72,67,-706
2715,71474614,71474276,-671,103,17329,134,25,52,74,68,-707
2716,71498614,71498537,-602,142,17227,144,45,92,74,67,-706
2717,71524615,71522809,-529,178,17151,141,57,108,77,69,-707
2718,71548614,71547077,-437,205,17100,130,72,111,77,69,-707
2719,71572614,71571343,-335,212,17066,116,83,109,77,69,-709
2720,71596578,71595692,-247,188,17029,101,83,101,78,69,-709
2721,71620578,71620007,-170,148,17025,81,68,88,79,71,-710
2722,71644578,71644278,-113,144,17062,53,56,73,78,69,-711
2723,71668578,71668545,-41,153,17060,26,56,53,78,68,-709
2724,71694578,71692810,-6,137,17037,9,60,36,78,68,-710
2725,71718578,71717071,-2,111,17028,-2,50,13,78,68,-710
2726,71742578,71741340,-13,102,17051,-15,27,-17,76,68,-710
2727,71766578,71765605,-15,122,17061,-30,5,-45,76,68,-710
2728,71790578,71789868,-18,105,17075,-41,-3,-62,75,69,-710
2729,71814578,71814131,-40,73,17076,-45,10,-70,76,65,-711
2730,71838578,71838397,-59,22,17038,-50,38,-72,77,66,-709
2731,71864578,71862670,-94,-43,17006,-50,68,-73,77,67,-711
2732,71888578,71886934,-145,-64,16978,-43,84,-79,78,67,-712
2733,71912578,71911198,-171,-46,16961,-35,91,-84,76,66,-712
2734,71936578,71935461,-178,-51,16913,-27,92,-82,78,66,-712
2735,71960578,71959721,-187,-67,16868,-14,82,-70,78,65,-712
2736,71984578,71983983,-197,-39,16852,-4,67,-51,79,66,-713
2737,72008578,72008244,-205,13,16852,-2,48,-31,77,67,-712
2738,72032578,72032506,-246,71,16883,-6,21,-11,78,67,-714
2739,72058578,72056776,-291,140,16934,-15,-10,7,78,67,-714
2740,72082578,72081040,-314,168,16972,-30,-20,29,79,65,-714
2741,72106578,72105305,-363,151,16948,-39,-13,50,80,66,-714
2742,72130578,72129568,-425,132,16930,-38,-8,64,81,67,-714
2743,72154578,72153832,-492,114,16952,-35,-2,57,81,68,-714
2744,72178578,72178092,-542,108,16958,-35,12,32,81,67,-713
2745,72202578,72202357,-567,77,16929,-36,36,-1,82,67,-713
2746,72228579,72226629,-568,12,16886,-27,63,-33,81,67,-713
2747,72252578,72250896,-582,-62,16812,-4,39,-52,81,68,-713
2748,72275547,72275168,-547,-112,16782,22,-8,-68,81,69,-713
2749,72299547,72299476,-485,-120,16808,45,-67,-43,81,68,-712
2750,72325547,72323751,-399,-116,16854,64,-117,-39,81,68,-713
2751,72349547,72348015,-318,-93,16911,82,-161,-19,80,68,-713
2752,72372807,72372356,-274,-46,16982,91,-194,5,80,69,-713
2753,72396807,72396685,-229,3,17052,88,-232,30,79,70,-714
2754,72422807,72420962,-194,47,17091,74,-263,54,80,68,-716
2755,72446807,72445225,-130,91,17148,53,-245,67,78,68,-714
2756,72470807,72469493,-93,129,17173,30,-208,75,77,69,-714
2757,72494807,72493755,-64,149,17175,7,-158,45,75,69,-715
2758,72518807,72518016,-61,160,17154,-14,-107,37,74,68,-715
2759,72542807,72542276,-50,146,17085,-30,-65,25,74,68,-714
2760,72566807,72566549,-23,91,17016,-28,-44,18,74,69,-713
2761,72592808,72590823,-12,62,16977,-14,-30,15,74,68,-712
2762,72616807,72615089,9,68,16972,1,-22,11,73,69,-710
2763,72640807,72639357,22,62,16975,-2,-15,6,73,69,-713
2764,72664807,72663624,26,57,16983,-10,-12,3,72,70,-713
2765,72688807,72687890,25,43,16961,-20,-11,2,72,70,-711
2766,72712807,72712150,31,6,16933,-56,-9,4,71,71,-711
2767,72736807,72736411,27,-17,16925,-73,-8,4,71,72,-711
2768,72760807,72760676,28,-38,16917,-87,-8,3,71,73,-712
2769,72786808,72784950,30,-65,16915,-98,-8,2,69,73,-712
2770,72810807,72809220,32,-90,16915,-101,-8,2,70,73,-712
2771,72834807,72833486,34,-106,16901,-91,-9,2,71,73,-709
2772,72858807,72857748,33,-125,16887,-78,-8,2,71,71,-708
2773,72882807,72882014,38,-137,16902,-65,-5,1,73,71,-708
2774,72906807,72906278,30,-120,16922,-28,-5,0,72,72,-708
2775,72930807,72930545,28,-117,16926,-16,-4,0,71,71,-709
2776,72956808,72954813,28,-113,16928,-11,-3,0,72,69,-708
2777,72980807,72979077,27,-111,16928,-8,-3,0,72,70,-708
2778,73004807,73003341,27,-112,16926,-6,-3,0,71,71,-708
2779,73028807,73027606,26,-115,16924,-4,-3,-1,71,72,-709
2780,73052807,73051873,26,-117,16923,-4,-3,-1,71,74,-709
2781,73076807,73076140,25,-116,16922,-3,-3,0,70,75,-709
2782,73100807,73100403,26,-118,16923,-3,-2,0,71,74,-710
2783,73124807,73124669,28,-118,16921,-3,-2,0,70,74,-709
2784,73150431,73149053,29,-120,16921,-2,-2,0,71,76,-710
2785,73174431,73173360,30,-123,16920,-2,-2,0,71,76,-710
2786,73198431,73197621,31,-125,16921,-1,-2,-1,72,76,-710
2787,73222431,73221887,33,-124,16925,-2,-2,-1,71,75,-710
2788,73246431,73246149,34,-123,16926,-1,-2,-1,71,73,-710
2789,73270431,73270410,33,-123,16925,-1,-2,-1,72,73,-710
2790,73296431,73294680,33,-124,16925,0,-2,-1,72,73,-710
2791,73320431,73318949,34,-125,16927,0,-2,-1,73,74,-710
2792,73344431,73343212,33,-126,16928,-1,-2,-1,73,72,-710
2793,73368431,73367472,33,-126,16927,-2,-2,-1,74,71,-710
2794,73392431,73391734,31,-126,16924,-1,-2,-1,74,72,-709
2795,73416431,73415998,32,-128,16922,0,-2,-1,74,72,-709
2796,73440439,73440259,31,-132,16923,0,-2,-1,73,73,-708
2797,73466431,73464954,33,-137,16925,0,-2,-1,74,73,-708
2798,73490431,73489229,34,-139,16924,0,-2,-1,75,73,-708
2799,73514431,73513491,32,-141,16922,0,-2,-1,75,72,-709
2800,73538431,73537814,32,-145,16923,0,-2,-1,74,73,-708
2801,73562431,73562109,32,-147,16924,0,-1,-2,74,73,-709
2802,73586431,73586374,34,-145,16927,0,-1,-2,74,71,-710
2803,73612431,73610641,35,-143,16927,0,-1,-2,74,71,-710
2804,73636431,73634903,33,-144,16926,0,-1,-2,74,71,-711
2805,73660431,73659169,32,-143,16925,0,-1,-1,72,71,-711
2806,73684431,73683431,31,-142,16923,0,-1,-1,72,71,-710
2807,73708431,73707695,31,-145,16923,1,-1,-1,71,70,-709
2808,73732431,73731960,30,-145,16919,3,-1,-1,71,71,-708
2809,73756431,73756224,30,-144,16919,3,-2,-1,72,72,-708
2810,73782432,73780512,29,-144,16916,3,-2,-1,71,73,-706
2811,73806431,73804774,28,-147,16916,3,-2,-1,72,73,-705
2812,73829402,73829049,30,-146,16914,4,-2,-1,73,72,-705
2813,73853402,73853356,31,-145,16914,4,-2,-1,73,73,-706
2814,73879402,73877627,32,-143,16916,3,-2,-1,73,73,-707
2815,73903402,73901893,34,-143,16915,1,-2,-1,74,74,-706
2816,73926604,73926231,36,-144,16918,0,-2,-1,74,74,-707
2817,73950604,73950564,37,-148,16918,0,-3,-1,73,73,-708
2818,73976604,73974832,38,-153,16920,0,-3,-1,74,74,-710
2819,74000604,73999096,38,-153,16919,0,-3,-1,73,72,-709
2820,74024604,74023369,37,-155,16919,0,-2,-2,73,73,-709
2821,74048604,74047633,37,-155,16918,0,-2,-2,74,71,-709
2822,74072604,74071900,36,-158,16917,0,-2,-2,73,70,-710
2823,74096604,74096159,36,-156,16915,3,-2,-2,73,70,-709
2824,74120604,74120423,34,-157,16912,4,-2,-2,75,69,-709
2825,74146604,74144696,33,-154,16912,4,-1,-2,75,69,-709
2826,74170604,74168958,33,-153,16912,4,-1,-2,74,70,-707
2827,74194604,74193221,33,-153,16912,4,-1,-1,76,71,-707
2828,74218604,74217484,34,-155,16912,4,-1,-1,76,71,-708
2829,74242604,74241745,35,-155,16913,4,-1,-1,74,71,-707
2830,74266604,74266004,37,-155,16916,4,-1,-1,77,72,-707
2831,74290604,74290269,37,-156,16918,4,-1,-1,77,73,-709
2832,74314604,74314536,38,-154,16920,4,-1,-1,76,75,-708
2833,74340604,74338801,37,-156,16922,4,-1,-1,75,75,-708
2834,74364604,74363065,35,-159,16923,4,-1,-1,76,73,-709
2835,74388604,74387332,35,-161,16925,4,-1,-2,75,73,-709
2836,74412604,74411595,34,-163,16925,4,-1,-1,75,73,-707
2837,74436604,74435861,32,-165,16925,4,-1,-1,75,73,-707
2838,74460604,74460126,32,-166,16926,4,-1,-1,73,71,-705
2839,74484604,74484388,33,-167,16927,4,-1,-1,72,71,-704
2840,74510605,74508656,32,-168,16927,4,-1,-1,74,68,-705
2841,74534604,74532922,32,-167,16925,4,-1,-1,73,68,-705
2842,74558604,74557185,33,-163,16923,4,-1,-1,73,69,-706
2843,74582604,74581446,34,-159,16925,1,-1,-1,72,70,-706
2844,74606604,74605707,33,-159,16925,0,-1,-1,72,70,-708
2845,74630604,74629969,35,-159,16925,0,-1,-1,73,70,-708
2846,74654604,74654233,36,-160,16926,-1,-2,-1,73,71,-709
2847,74678604,74678495,37,-160,16927,-1,-2,-1,73,71,-710
2848,74703850,74702897,38,-160,16931,-1,-2,-1,73,71,-710
2849,74727850,74727220,40,-161,16934,-1,-2,-1,73,72,-710
2850,74751850,74751509,41,-164,16936,-1,-3,-1,73,73,-709
2851,74775850,74775776,43,-166,16934,2,-3,-1,72,73,-709
2852,74801851,74800041,45,-163,16936,3,-3,0,72,73,-709
2853,74825850,74824304,46,-164,16935,4,-3,0,71,73,-709
2854,74849850,74848570,44,-163,16932,4,-2,-1,72,74,-709
2855,74873850,74872834,42,-162,16930,4,-2,-1,73,75,-710
2856,74897850,74897101,44,-163,16928,4,-2,-1,73,76,-709
2857,74921850,74921362,46,-162,16926,4,-2,-1,73,75,-708
2858,74945850,74945625,47,-160,16926,4,-2,-1,73,73,-710
2859,74971851,74969900,45,-160,16926,4,-2,-1,75,74,-710
2860,74995850,74994167,44,-160,16926,4,-2,-1,74,73,-709
2861,75019850,75018430,43,-160,16927,4,-2,-1,74,73,-708
2862,75043850,75042691,42,-162,16929,4,-2,-1,74,73,-709
2863,75067850,75066956,43,-163,16930,4,-2,-1,73,73,-708
2864,75091850,75091219,41,-163,16928,4,-2,-1,73,72,-707
2865,75115850,75115482,38,-163,16927,4,-2,0,73,71,-707
2866,75139850,75139748,36,-164,16927,4,-2,0,74,72,-706
2867,75165851,75164019,37,-165,16928,3,-2,0,75,73,-706
2868,75189850,75188284,38,-165,16926,3,-2,0,74,74,-706
2869,75213850,75212545,38,-165,16926,3,-2,0,75,75,-706
2870,75237850,75236811,38,-164,16925,3,-2,0,74,74,-705
2871,75261850,75261076,38,-162,16924,3,-2,0,74,73,-705
2872,75285850,75285341,43,-163,16924,3,-1,0,73,73,-707
2873,75309850,75309608,47,-162,16924,3,-1,0,73,74,-707
2874,75335850,75333878,50,-162,16922,3,-1,0,72,74,-707
2875,75359850,75358144,50,-164,16921,3,-1,-1,72,73,-707
2876,75382809,75382418,50,-166,16924,3,-1,-1,72,72,-707
2877,75406809,75406718,51,-165,16924,3,-1,-1,72,73,-709
2878,75432811,75430992,52,-165,16924,3,-1,-1,71,74,-709
2879,75456809,75455260,52,-165,16922,3,-1,-1,72,75,-709
2880,75480544,75479596,49,-162,16922,3,-2,-1,73,75,-708
2881,75504543,75503920,45,-163,16922,3,-2,-1,73,74,-708
2882,75528543,75528189,45,-163,16923,3,-2,-1,73,74,-708
2883,75552543,75552457,45,-161,16921,3,-2,-1,72,74,-709
2884,75578544,75576731,43,-159,16921,3,-2,-1,73,74,-708
2885,75602543,75600992,43,-160,16923,3,-2,-1,72,72,-706
2886,75626543,75625258,41,-159,16926,3,-2,-1,73,70,-706
2887,75650543,75649524,41,-161,16930,3,-2,-1,74,71,-706
2888,75674543,75673788,41,-161,16933,3,-2,-1,73,71,-706
2889,75698543,75698049,39,-162,16935,4,-2,-1,72,71,-708
2890,75722543,75722323,36,-162,16937,4,-2,-1,71,70,-707
2891,75748543,75746602,35,-162,16938,4,-2,-1,71,70,-707
2892,75772543,75770866,33,-165,16938,4,-1,-1,72,71,-707
2893,75796543,75795127,33,-167,16938,3,-1,0,72,71,-708
2894,75820543,75819389,34,-167,16936,3,-1,0,71,71,-707
2895,75844543,75843653,36,-167,16934,3,-1,0,69,69,-706
2896,75868543,75867919,35,-170,16934,3,-1,0,70,70,-707
2897,75894544,75892595,36,-170,16934,3,-1,0,70,71,-707
2898,75918543,75916868,38,-168,16934,3,-1,0,72,72,-706
2899,75942543,75941136,38,-168,16933,3,-1,0,72,71,-704
2900,75966543,75965460,41,-167,16931,3,-1,0,73,70,-705
2901,75990543,75989759,41,-164,16930,3,-1,0,71,70,-706
2902,76014543,76014031,40,-164,16929,4,-1,-1,72,72,-707
2903,76038543,76038295,39,-161,16929,4,-1,-1,72,73,-708
2904,76064543,76062564,41,-161,16928,4,-2,-1,73,72,-708
2905,76088543,76086826,43,-162,16924,4,-2,-1,73,72,-707
2906,76112543,76111092,43,-166,16925,4,-2,-1,71,72,-708
2907,76136543,76135356,42,-165,16926,4,-1,-1,70,73,-709
2908,76160543,76159624,40,-165,16925,4,-2,-1,69,73,-709
2909,76184543,76183888,39,-167,16924,4,-2,-1,70,72,-709
2910,76208543,76208171,40,-170,16925,4,-2,-1,71,72,-709
2911,76232543,76232437,42,-175,16926,4,-2,-1,71,73,-707
2912,76258172,76256835,42,-176,16927,4,-2,-1,72,73,-707
2913,76282172,76281137,41,-176,16929,5,-2,-1,72,73,-707
2914,76306172,76305404,41,-177,16928,5,-2,-1,74,75,-708
2915,76330172,76329669,42,-177,16926,5,-2,-1,74,75,-708
2916,76354172,76353933,42,-178,16926,5,-2,0,74,74,-707
2917,76380172,76378206,42,-180,16925,5,-2,0,73,76,-707
2918,76404172,76402467,43,-180,16925,4,-2,0,72,76,-707
2919,76428172,76426729,40,-178,16925,4,-1,-1,73,76,-707
2920,76452172,76451004,38,-178,16922,4,-1,-1,73,75,-707
2921,76476172,76475266,38,-176,16922,4,-1,-1,73,75,-708
2922,76500172,76499530,39,-174,16921,4,-2,-1,73,74,-708
2923,76524172,76523795,37,-175,16921,4,-2,-1,73,73,-708
2924,76548172,76548058,36,-175,16921,4,-2,-1,74,75,-707
2925,76574173,76572332,36,-171,16920,4,-2,-1,73,74,-707
2926,76598172,76596599,34,-170,16916,4,-3,-1,73,74,-708
2927,76622172,76620864,34,-170,16912,5,-3,-1,74,72,-709
2928,76646172,76645130,37,-170,16913,5,-3,-1,72,71,-708
2929,76670172,76669396,35,-172,16914,4,-3,-1,72,73,-707
2930,76694172,76693656,33,-172,16914,4,-3,-1,71,73,-706
2931,76718172,76717924,33,-171,16914,4,-3,-1,71,74,-705
2932,76744173,76742190,35,-171,16916,4,-3,-1,71,74,-705
2933,76768172,76766453,35,-174,16916,3,-2,-1,72,72,-706
2934,76792172,76790717,35,-175,16918,3,-2,-1,72,71,-705
2935,76816172,76814981,34,-174,16920,3,-2,-1,72,73,-704
2936,76840172,76839249,30,-175,16919,3,-2,-1,72,74,-704
2937,76864172,76863515,31,-176,16917,3,-2,-1,71,72,-705
2938,76888172,76887779,34,-178,16917,3,-1,-1,71,72,-705
2939,76912172,76912046,36,-180,16917,3,-1,-1,71,72,-707
2940,76937453,76936335,38,-179,16917,3,-1,-1,71,71,-706
2941,76961453,76960612,39,-177,16918,3,-1,-1,72,71,-705
2942,76985453,76984879,39,-176,16917,3,-1,-2,71,72,-705
2943,77009453,77009142,41,-175,16916,3,-1,-2,71,72,-706
2944,77034769,77033536,44,-172,16916,3,-1,-2,71,72,-707
2945,77058769,77057847,46,-170,16918,3,-1,-1,72,73,-709
2946,77082769,77082116,45,-167,16918,4,-1,-1,72,74,-709
2947,77106769,77106382,45,-164,16916,4,-1,-1,72,74,-709
2948,77130769,77130644,44,-162,16915,4,-1,-1,72,74,-709
2949,77156770,77154916,44,-161,16915,4,-1,-1,72,75,-709
2950,77180769,77179194,45,-162,16917,5,-1,-1,70,74,-708
2951,77204769,77203460,46,-162,16917,5,-2,-1,70,76,-707
2952,77228769,77227729,45,-160,16917,5,-2,-1,73,76,-706
2953,77252769,77251991,45,-163,16917,6,-2,-1,72,75,-705
2954,77276769,77276253,45,-166,16918,5,-2,-1,72,73,-705
2955,77300769,77300517,46,-170,16918,5,-2,0,72,72,-705
2956,77326769,77324788,48,-172,16919,5,-2,0,72,73,-705
2957,77350769,77349048,49,-172,16921,5,-2,-1,70,73,-706
2958,77374769,77373312,48,-174,16922,4,-2,0,70,72,-708
2959,77398769,77397577,48,-176,16923,4,-2,0,70,71,-708
2960,77422769,77421845,48,-180,16924,4,-2,0,67,71,-708
2961,77446769,77446112,47,-179,16922,3,-2,0,67,70,-708
2962,77470769,77470372,47,-179,16923,4,-2,-1,68,71,-709
2963,77494769,77494638,46,-177,16924,4,-2,-1,68,72,-709
2964,77520770,77518911,43,-177,16925,3,-1,-1,69,72,-710
2965,77544769,77543174,42,-175,16925,4,-2,-1,70,71,-709
2966,77568769,77567438,43,-173,16925,4,-2,-1,72,74,-709
2967,77592769,77591700,43,-170,16927,4,-2,-1,73,75,-708
2968,77616769,77615967,43,-166,16927,4,-2,-1,74,75,-709
2969,77640769,77640229,43,-166,16929,4,-2,-1,75,77,-707
2970,77664769,77664497,43,-164,16928,4,-2,-1,74,75,-706
2971,77688770,77688760,43,-165,16927,4,-2,-1,73,74,-706
2972,77714769,77713027,45,-165,16925,4,-2,-1,73,74,-705
2973,77738769,77737292,45,-166,16925,4,-2,-2,72,75,-706
2974,77762769,77761555,45,-168,16924,4,-1,-2,73,73,-705
2975,77786769,77785823,44,-169,16923,4,-1,-2,73,72,-705
2976,77810346,77810187,44,-170,16920,4,-1,-1,71,72,-706
2977,77836346,77834512,42,-169,16918,4,-1,-1,72,71,-708
2978,77860346,77858785,40,-168,16917,4,-1,-1,73,72,-708
2979,77884346,77883049,37,-168,16917,4,0,-2,74,71,-707
2980,77908346,77907327,36,-167,16920,3,-1,-2,73,71,-708
2981,77932346,77931593,36,-169,16920,3,-1,-2,73,72,-708
2982,77956346,77955859,38,-170,16922,3,-1,-1,72,73,-708
2983,77980346,77980122,40,-173,16924,3,-1,-1,72,73,-707
2984,78006346,78004396,43,-175,16927,3,-2,-1,72,72,-706
2985,78030346,78028661,46,-179,16930,3,-2,-1,71,71,-707
2986,78054346,78052923,48,-180,16933,3,-2,-1,71,73,-708
2987,78078346,78077187,51,-179,16932,3,-2,-1,71,75,-708
2988,78102346,78101453,51,-179,16931,3,-3,-1,72,74,-708
2989,78126346,78125714,54,-177,16928,3,-3,-1,72,73,-708
2990,78150346,78149979,53,-175,16928,3,-2,-1,73,72,-710
2991,78174346,78174245,53,-171,16927,3,-3,-1,74,72,-711
2992,78200346,78198519,49,-169,16925,3,-2,-1,74,72,-712
2993,78224346,78222781,47,-164,16923,3,-2,-2,73,72,-709
2994,78248346,78247047,46,-163,16921,3,-2,-2,73,72,-709
2995,78272346,78271314,47,-161,16922,3,-2,-2,73,72,-710
2996,78296346,78295581,48,-160,16921,3,-2,-2,72,72,-710
2997,78320346,78320243,46,-159,16922,3,-2,-1,71,72,-709
2998,78346346,78344528,44,-160,16920,3,-2,-2,70,71,-708
2999,78370346,78368801,43,-161,16921,3,-2,-2,69,70,-708
