block,start_index,end_index,start_sensor_timestamp_us,end_sensor_timestamp_us,fs_hz,fft_us,peak_hz,peak_magnitude,bin,freq_hz,magnitude
0,60,123,7020040,8549504,41.1909027,2945,0.643607855,0.000259536000,0,0.00000000,5.71859992e-05
0,60,123,7020040,8549504,41.1909027,2945,0.643607855,0.000259536000,1,0.643607855,0.000259536000
0,60,123,7020040,8549504,41.1909027,2945,0.643607855,0.000259536000,2,1.28721571,0.000152205000
0,60,123,7020040,8549504,41.1909027,2945,0.643607855,0.000259536000,3,1.93082356,0.000101957000
0,60,123,7020040,8549504,41.1909027,2945,0.643607855,0.000259536000,4,2.57443142,9.58062287e-05
0,60,123,7020040,8549504,41.1909027,2945,0.643607855,0.000259536000,5,3.21803927,8.29980406e-05
0,60,123,7020040,8549504,41.1909027,2945,0.643607855,0.000259536000,6,3.86164713,4.27715598e-05
0,60,123,7020040,8549504,41.1909027,2945,0.643607855,0.000259536000,7,4.50525475,1.17016896e-05
0,60,123,7020040,8549504,41.1909027,2945,0.643607855,0.000259536000,8,5.14886284,5.61968818e-06
0,60,123,7020040,8549504,41.1909027,2945,0.643607855,0.000259536000,9,5.79247093,7.19465390e-07
0,60,123,7020040,8549504,41.1909027,2945,0.643607855,0.000259536000,10,6.43607855,1.63850343e-05
0,60,123,7020040,8549504,41.1909027,2945,0.643607855,0.000259536000,11,7.07968616,2.83927907e-05
0,60,123,7020040,8549504,41.1909027,2945,0.643607855,0.000259536000,12,7.72329426,1.86373633e-05
0,60,123,7020040,8549504,41.1909027,2945,0.643607855,0.000259536000,13,8.36690235,1.49908508e-05
0,60,123,7020040,8549504,41.1909027,2945,0.643607855,0.000259536000,14,9.01050949,1.36960796e-05
0,60,123,7020040,8549504,41.1909027,2945,0.643607855,0.000259536000,15,9.65411758,6.47571596e-06
0,60,123,7020040,8549504,41.1909027,2945,0.643607855,0.000259536000,16,10.2977257,8.41801466e-06
0,60,123,7020040,8549504,41.1909027,2945,0.643607855,0.000259536000,17,10.9413338,9.04650460e-06
0,60,123,7020040,8549504,41.1909027,2945,0.643607855,0.000259536000,18,11.5849419,1.28651616e-05
0,60,123,7020040,8549504,41.1909027,2945,0.643607855,0.000259536000,19,12.2285490,7.48691991e-06
0,60,123,7020040,8549504,41.1909027,2945,0.643607855,0.000259536000,20,12.8721571,7.88212037e-06
0,60,123,7020040,8549504,41.1909027,2945,0.643607855,0.000259536000,21,13.5157652,1.02042557e-05
0,60,123,7020040,8549504,41.1909027,2945,0.643607855,0.000259536000,22,14.1593723,4.70363102e-06
0,60,123,7020040,8549504,41.1909027,2945,0.643607855,0.000259536000,23,14.8029804,1.77121024e-06
0,60,123,7020040,8549504,41.1909027,2945,0.643607855,0.000259536000,24,15.4465885,8.81830658e-07
0,60,123,7020040,8549504,41.1909027,2945,0.643607855,0.000259536000,25,16.0901966,2.78095740e-06
0,60,123,7020040,8549504,41.1909027,2945,0.643607855,0.000259536000,26,16.7338047,2.28725571e-06
0,60,123,7020040,8549504,41.1909027,2945,0.643607855,0.000259536000,27,17.3774128,2.48660785e-06
0,60,123,7020040,8549504,41.1909027,2945,0.643607855,0.000259536000,28,18.0210190,5.80923233e-06
0,60,123,7020040,8549504,41.1909027,2945,0.643607855,0.000259536000,29,18.6646271,6.97397263e-06
0,60,123,7020040,8549504,41.1909027,2945,0.643607855,0.000259536000,30,19.3082352,6.42750410e-06
0,60,123,7020040,8549504,41.1909027,2945,0.643607855,0.000259536000,31,19.9518433,2.12544251e-06
0,60,123,7020040,8549504,41.1909027,2945,0.643607855,0.000259536000,32,20.5954514,8.02891861e-07
1,124,187,8573790,10102741,41.2047195,2914,1.28764749,0.000240692000,0,0.00000000,3.22812989e-05
1,124,187,8573790,10102741,41.2047195,2914,1.28764749,0.000240692000,1,0.643823743,0.000222956000
1,124,187,8573790,10102741,41.2047195,2914,1.28764749,0.000240692000,2,1.28764749,0.000240692000
1,124,187,8573790,10102741,41.2047195,2914,1.28764749,0.000240692000,3,1.93147123,6.82897943e-05
1,124,187,8573790,10102741,41.2047195,2914,1.28764749,0.000240692000,4,2.57529497,7.81911429e-05
1,124,187,8573790,10102741,41.2047195,2914,1.28764749,0.000240692000,5,3.21911860,5.77178935e-05
1,124,187,8573790,10102741,41.2047195,2914,1.28764749,0.000240692000,6,3.86294246,2.98490936e-05
1,124,187,8573790,10102741,41.2047195,2914,1.28764749,0.000240692000,7,4.50676632,2.17600042e-05
1,124,187,8573790,10102741,41.2047195,2914,1.28764749,0.000240692000,8,5.15058994,6.94038727e-06
1,124,187,8573790,10102741,41.2047195,2914,1.28764749,0.000240692000,9,5.79441357,7.08679863e-06
1,124,187,8573790,10102741,41.2047195,2914,1.28764749,0.000240692000,10,6.43823719,6.31603234e-06
1,124,187,8573790,10102741,41.2047195,2914,1.28764749,0.000240692000,11,7.08206129,1.15410901e-05
1,124,187,8573790,10102741,41.2047195,2914,1.28764749,0.000240692000,12,7.72588491,5.40523934e-06
1,124,187,8573790,10102741,41.2047195,2914,1.28764749,0.000240692000,13,8.36970901,8.07983179e-06
1,124,187,8573790,10102741,41.2047195,2914,1.28764749,0.000240692000,14,9.01353264,1.13616387e-05
1,124,187,8573790,10102741,41.2047195,2914,1.28764749,0.000240692000,15,9.65735626,1.03833143e-05
1,124,187,8573790,10102741,41.2047195,2914,1.28764749,0.000240692000,16,10.3011799,4.64945288e-06
1,124,187,8573790,10102741,41.2047195,2914,1.28764749,0.000240692000,17,10.9450035,7.81293147e-06
1,124,187,8573790,10102741,41.2047195,2914,1.28764749,0.000240692000,18,11.5888271,7.64293782e-06
1,124,187,8573790,10102741,41.2047195,2914,1.28764749,0.000240692000,19,12.2326508,2.07356015e-06
1,124,187,8573790,10102741,41.2047195,2914,1.28764749,0.000240692000,20,12.8764744,5.02912189e-06
1,124,187,8573790,10102741,41.2047195,2914,1.28764749,0.000240692000,21,13.5202990,9.31617342e-06
1,124,187,8573790,10102741,41.2047195,2914,1.28764749,0.000240692000,22,14.1641226,5.05143134e-06
1,124,187,8573790,10102741,41.2047195,2914,1.28764749,0.000240692000,23,14.8079462,2.87411945e-06
1,124,187,8573790,10102741,41.2047195,2914,1.28764749,0.000240692000,24,15.4517698,2.68867007e-06
1,124,187,8573790,10102741,41.2047195,2914,1.28764749,0.000240692000,25,16.0955944,7.96665460e-07
1,124,187,8573790,10102741,41.2047195,2914,1.28764749,0.000240692000,26,16.7394180,1.66842335e-06
1,124,187,8573790,10102741,41.2047195,2914,1.28764749,0.000240692000,27,17.3832417,1.78074106e-06
1,124,187,8573790,10102741,41.2047195,2914,1.28764749,0.000240692000,28,18.0270653,3.48421190e-06
1,124,187,8573790,10102741,41.2047195,2914,1.28764749,0.000240692000,29,18.6708889,5.00913347e-06
1,124,187,8573790,10102741,41.2047195,2914,1.28764749,0.000240692000,30,19.3147125,6.76291733e-07
1,124,187,8573790,10102741,41.2047195,2914,1.28764749,0.000240692000,31,19.9585361,2.38706889e-06
1,124,187,8573790,10102741,41.2047195,2914,1.28764749,0.000240692000,32,20.6023598,2.00770330e-07
2,188,251,10127035,11656498,41.1909294,2945,1.28721654,0.000233412000,0,0.00000000,5.42790796e-05
2,188,251,10127035,11656498,41.1909294,2945,1.28721654,0.000233412000,1,0.643608272,0.000170687000
2,188,251,10127035,11656498,41.1909294,2945,1.28721654,0.000233412000,2,1.28721654,0.000233412000
2,188,251,10127035,11656498,41.1909294,2945,1.28721654,0.000233412000,3,1.93082476,0.000196917000
2,188,251,10127035,11656498,41.1909294,2945,1.28721654,0.000233412000,4,2.57443309,0.000125708000
2,188,251,10127035,11656498,41.1909294,2945,1.28721654,0.000233412000,5,3.21804142,3.99664999e-05
2,188,251,10127035,11656498,41.1909294,2945,1.28721654,0.000233412000,6,3.86164951,2.01527088e-05
2,188,251,10127035,11656498,41.1909294,2945,1.28721654,0.000233412000,7,4.50525808,1.85401402e-05
2,188,251,10127035,11656498,41.1909294,2945,1.28721654,0.000233412000,8,5.14886618,3.74831825e-06
2,188,251,10127035,11656498,41.1909294,2945,1.28721654,0.000233412000,9,5.79247427,1.46271266e-05
2,188,251,10127035,11656498,41.1909294,2945,1.28721654,0.000233412000,10,6.43608284,2.08634716e-05
2,188,251,10127035,11656498,41.1909294,2945,1.28721654,0.000233412000,11,7.07969093,2.69899243e-05
2,188,251,10127035,11656498,41.1909294,2945,1.28721654,0.000233412000,12,7.72329903,1.68832318e-05
2,188,251,10127035,11656498,41.1909294,2945,1.28721654,0.000233412000,13,8.36690712,4.21430195e-06
2,188,251,10127035,11656498,41.1909294,2945,1.28721654,0.000233412000,14,9.01051617,5.84903228e-06
2,188,251,10127035,11656498,41.1909294,2945,1.28721654,0.000233412000,15,9.65412426,5.88877765e-06
2,188,251,10127035,11656498,41.1909294,2945,1.28721654,0.000233412000,16,10.2977324,2.68617850e-06
2,188,251,10127035,11656498,41.1909294,2945,1.28721654,0.000233412000,17,10.9413404,2.85698297e-06
2,188,251,10127035,11656498,41.1909294,2945,1.28721654,0.000233412000,18,11.5849485,3.42062549e-06
2,188,251,10127035,11656498,41.1909294,2945,1.28721654,0.000233412000,19,12.2285576,1.61819764e-06
2,188,251,10127035,11656498,41.1909294,2945,1.28721654,0.000233412000,20,12.8721657,4.53381517e-06
2,188,251,10127035,11656498,41.1909294,2945,1.28721654,0.000233412000,21,13.5157738,4.78898210e-06
2,188,251,10127035,11656498,41.1909294,2945,1.28721654,0.000233412000,22,14.1593819,6.84430006e-06
2,188,251,10127035,11656498,41.1909294,2945,1.28721654,0.000233412000,23,14.8029900,4.16390230e-06
2,188,251,10127035,11656498,41.1909294,2945,1.28721654,0.000233412000,24,15.4465981,5.32867261e-06
2,188,251,10127035,11656498,41.1909294,2945,1.28721654,0.000233412000,25,16.0902061,1.91188155e-06
2,188,251,10127035,11656498,41.1909294,2945,1.28721654,0.000233412000,26,16.7338142,2.92863547e-06
2,188,251,10127035,11656498,41.1909294,2945,1.28721654,0.000233412000,27,17.3774242,5.06619517e-06
2,188,251,10127035,11656498,41.1909294,2945,1.28721654,0.000233412000,28,18.0210323,5.66318431e-06
2,188,251,10127035,11656498,41.1909294,2945,1.28721654,0.000233412000,29,18.6646404,1.80867858e-06
2,188,251,10127035,11656498,41.1909294,2945,1.28721654,0.000233412000,30,19.3082485,4.15048135e-06
2,188,251,10127035,11656498,41.1909294,2945,1.28721654,0.000233412000,31,19.9518566,3.54723625e-06
2,188,251,10127035,11656498,41.1909294,2945,1.28721654,0.000233412000,32,20.5954647,1.42093256e-07
3,252,315,11680802,13210359,41.1883965,2959,1.28713739,0.000168183000,0,0.00000000,2.44236067e-05
3,252,315,11680802,13210359,41.1883965,2959,1.28713739,0.000168183000,1,0.643568695,9.14401958e-05
3,252,315,11680802,13210359,41.1883965,2959,1.28713739,0.000168183000,2,1.28713739,0.000168183000
3,252,315,11680802,13210359,41.1883965,2959,1.28713739,0.000168183000,3,1.93070602,6.24797094e-05
3,252,315,11680802,13210359,41.1883965,2959,1.28713739,0.000168183000,4,2.57427478,7.91866539e-05
3,252,315,11680802,13210359,41.1883965,2959,1.28713739,0.000168183000,5,3.21784353,3.51327248e-05
3,252,315,11680802,13210359,41.1883965,2959,1.28713739,0.000168183000,6,3.86141205,3.36460684e-05
3,252,315,11680802,13210359,41.1883965,2959,1.28713739,0.000168183000,7,4.50498104,5.20619960e-06
3,252,315,11680802,13210359,41.1883965,2959,1.28713739,0.000168183000,8,5.14854956,3.22333017e-06
3,252,315,11680802,13210359,41.1883965,2959,1.28713739,0.000168183000,9,5.79211807,1.04605268e-05
3,252,315,11680802,13210359,41.1883965,2959,1.28713739,0.000168183000,10,6.43568707,4.78132551e-06
3,252,315,11680802,13210359,41.1883965,2959,1.28713739,0.000168183000,11,7.07925558,1.10253912e-05
3,252,315,11680802,13210359,41.1883965,2959,1.28713739,0.000168183000,12,7.72282410,1.67133837e-05
3,252,315,11680802,13210359,41.1883965,2959,1.28713739,0.000168183000,13,8.36639309,1.29442104e-05
3,252,315,11680802,13210359,41.1883965,2959,1.28713739,0.000168183000,14,9.00996208,6.26382462e-06
3,252,315,11680802,13210359,41.1883965,2959,1.28713739,0.000168183000,15,9.65353012,8.98978942e-06
3,252,315,11680802,13210359,41.1883965,2959,1.28713739,0.000168183000,16,10.2970991,1.52933956e-06
3,252,315,11680802,13210359,41.1883965,2959,1.28713739,0.000168183000,17,10.9406681,3.98545944e-06
3,252,315,11680802,13210359,41.1883965,2959,1.28713739,0.000168183000,18,11.5842361,4.38994357e-06
3,252,315,11680802,13210359,41.1883965,2959,1.28713739,0.000168183000,19,12.2278051,1.11411737e-06
3,252,315,11680802,13210359,41.1883965,2959,1.28713739,0.000168183000,20,12.8713741,8.68485677e-06
3,252,315,11680802,13210359,41.1883965,2959,1.28713739,0.000168183000,21,13.5149422,9.49844707e-06
3,252,315,11680802,13210359,41.1883965,2959,1.28713739,0.000168183000,22,14.1585112,9.26287339e-06
3,252,315,11680802,13210359,41.1883965,2959,1.28713739,0.000168183000,23,14.8020802,9.63698858e-06
3,252,315,11680802,13210359,41.1883965,2959,1.28713739,0.000168183000,24,15.4456482,7.33692423e-06
3,252,315,11680802,13210359,41.1883965,2959,1.28713739,0.000168183000,25,16.0892181,2.98864188e-06
3,252,315,11680802,13210359,41.1883965,2959,1.28713739,0.000168183000,26,16.7327862,6.21241270e-06
3,252,315,11680802,13210359,41.1883965,2959,1.28713739,0.000168183000,27,17.3763542,1.89462037e-06
3,252,315,11680802,13210359,41.1883965,2959,1.28713739,0.000168183000,28,18.0199242,2.99768340e-06
3,252,315,11680802,13210359,41.1883965,2959,1.28713739,0.000168183000,29,18.6634922,1.31263516e-06
3,252,315,11680802,13210359,41.1883965,2959,1.28713739,0.000168183000,30,19.3070602,3.56990836e-06
3,252,315,11680802,13210359,41.1883965,2959,1.28713739,0.000168183000,31,19.9506302,1.51659117e-06
3,252,315,11680802,13210359,41.1883965,2959,1.28713739,0.000168183000,32,20.5941982,2.10509097e-06
4,316,379,13234663,14763630,41.2042885,2928,0.643817008,0.000166226000,0,0.00000000,4.94229782e-05
4,316,379,13234663,14763630,41.2042885,2928,0.643817008,0.000166226000,1,0.643817008,0.000166226000
4,316,379,13234663,14763630,41.2042885,2928,0.643817008,0.000166226000,2,1.28763402,0.000137843000
4,316,379,13234663,14763630,41.2042885,2928,0.643817008,0.000166226000,3,1.93145108,8.79558411e-06
4,316,379,13234663,14763630,41.2042885,2928,0.643817008,0.000166226000,4,2.57526803,6.97185304e-05
4,316,379,13234663,14763630,41.2042885,2928,0.643817008,0.000166226000,5,3.21908498,6.84849064e-05
4,316,379,13234663,14763630,41.2042885,2928,0.643817008,0.000166226000,6,3.86290216,4.13946212e-05
4,316,379,13234663,14763630,41.2042885,2928,0.643817008,0.000166226000,7,4.50671911,2.55115025e-05
4,316,379,13234663,14763630,41.2042885,2928,0.643817008,0.000166226000,8,5.15053606,1.04316294e-05
4,316,379,13234663,14763630,41.2042885,2928,0.643817008,0.000166226000,9,5.79435301,9.03344971e-06
4,316,379,13234663,14763630,41.2042885,2928,0.643817008,0.000166226000,10,6.43816996,1.14708944e-05
4,316,379,13234663,14763630,41.2042885,2928,0.643817008,0.000166226000,11,7.08198690,1.46570271e-05
4,316,379,13234663,14763630,41.2042885,2928,0.643817008,0.000166226000,12,7.72580433,1.04904655e-05
4,316,379,13234663,14763630,41.2042885,2928,0.643817008,0.000166226000,13,8.36962128,2.56679101e-05
4,316,379,13234663,14763630,41.2042885,2928,0.643817008,0.000166226000,14,9.01343822,4.26335464e-06
4,316,379,13234663,14763630,41.2042885,2928,0.643817008,0.000166226000,15,9.65725517,6.61950207e-06
4,316,379,13234663,14763630,41.2042885,2928,0.643817008,0.000166226000,16,10.3010721,4.35605613e-07
4,316,379,13234663,14763630,41.2042885,2928,0.643817008,0.000166226000,17,10.9448891,3.75413560e-06
4,316,379,13234663,14763630,41.2042885,2928,0.643817008,0.000166226000,18,11.5887060,9.10546987e-06
4,316,379,13234663,14763630,41.2042885,2928,0.643817008,0.000166226000,19,12.2325230,6.07875791e-06
4,316,379,13234663,14763630,41.2042885,2928,0.643817008,0.000166226000,20,12.8763399,5.65863502e-06
4,316,379,13234663,14763630,41.2042885,2928,0.643817008,0.000166226000,21,13.5201569,3.14804993e-06
4,316,379,13234663,14763630,41.2042885,2928,0.643817008,0.000166226000,22,14.1639738,5.81470294e-06
4,316,379,13234663,14763630,41.2042885,2928,0.643817008,0.000166226000,23,14.8077908,1.89774585e-06
4,316,379,13234663,14763630,41.2042885,2928,0.643817008,0.000166226000,24,15.4516087,2.16866874e-06
4,316,379,13234663,14763630,41.2042885,2928,0.643817008,0.000166226000,25,16.0954247,1.19093249e-06
4,316,379,13234663,14763630,41.2042885,2928,0.643817008,0.000166226000,26,16.7392426,5.84585996e-06
4,316,379,13234663,14763630,41.2042885,2928,0.643817008,0.000166226000,27,17.3830585,6.36761888e-06
4,316,379,13234663,14763630,41.2042885,2928,0.643817008,0.000166226000,28,18.0268764,6.67394352e-06
4,316,379,13234663,14763630,41.2042885,2928,0.643817008,0.000166226000,29,18.6706924,1.58170894e-06
4,316,379,13234663,14763630,41.2042885,2928,0.643817008,0.000166226000,30,19.3145103,5.80525409e-07
4,316,379,13234663,14763630,41.2042885,2928,0.643817008,0.000166226000,31,19.9583263,1.11766553e-06
4,316,379,13234663,14763630,41.2042885,2928,0.643817008,0.000166226000,32,20.6021442,3.46724761e-07
5,380,443,14787925,16317404,41.1904984,2947,0.643601537,0.000111338000,0,0.00000000,2.93533936e-05
5,380,443,14787925,16317404,41.1904984,2947,0.643601537,0.000111338000,1,0.643601537,0.000111338000
5,380,443,14787925,16317404,41.1904984,2947,0.643601537,0.000111338000,2,1.28720307,3.77217579e-05
5,380,443,14787925,16317404,41.1904984,2947,0.643601537,0.000111338000,3,1.93080461,5.10559504e-05
5,380,443,14787925,16317404,41.1904984,2947,0.643601537,0.000111338000,4,2.57440615,9.37581267e-05
5,380,443,14787925,16317404,41.1904984,2947,0.643601537,0.000111338000,5,3.21800756,1.93619523e-05
5,380,443,14787925,16317404,41.1904984,2947,0.643601537,0.000111338000,6,3.86160922,2.76021943e-05
5,380,443,14787925,16317404,41.1904984,2947,0.643601537,0.000111338000,7,4.50521088,2.10223185e-05
5,380,443,14787925,16317404,41.1904984,2947,0.643601537,0.000111338000,8,5.14881229,6.35631477e-06
5,380,443,14787925,16317404,41.1904984,2947,0.643601537,0.000111338000,9,5.79241371,1.08401235e-05
5,380,443,14787925,16317404,41.1904984,2947,0.643601537,0.000111338000,10,6.43601513,1.23827675e-05
5,380,443,14787925,16317404,41.1904984,2947,0.643601537,0.000111338000,11,7.07961702,7.13856070e-06
5,380,443,14787925,16317404,41.1904984,2947,0.643601537,0.000111338000,12,7.72321844,1.02963976e-05
5,380,443,14787925,16317404,41.1904984,2947,0.643601537,0.000111338000,13,8.36682034,4.31808530e-06
5,380,443,14787925,16317404,41.1904984,2947,0.643601537,0.000111338000,14,9.01042175,4.43506815e-06
5,380,443,14787925,16317404,41.1904984,2947,0.643601537,0.000111338000,15,9.65402317,1.81247981e-06
5,380,443,14787925,16317404,41.1904984,2947,0.643601537,0.000111338000,16,10.2976246,4.00053250e-06
5,380,443,14787925,16317404,41.1904984,2947,0.643601537,0.000111338000,17,10.9412260,3.01227510e-06
5,380,443,14787925,16317404,41.1904984,2947,0.643601537,0.000111338000,18,11.5848274,8.81376855e-06
5,380,443,14787925,16317404,41.1904984,2947,0.643601537,0.000111338000,19,12.2284288,3.83869383e-06
5,380,443,14787925,16317404,41.1904984,2947,0.643601537,0.000111338000,20,12.8720303,3.99579403e-06
5,380,443,14787925,16317404,41.1904984,2947,0.643601537,0.000111338000,21,13.5156326,5.30390525e-06
5,380,443,14787925,16317404,41.1904984,2947,0.643601537,0.000111338000,22,14.1592340,8.45769136e-06
5,380,443,14787925,16317404,41.1904984,2947,0.643601537,0.000111338000,23,14.8028355,4.38775442e-06
5,380,443,14787925,16317404,41.1904984,2947,0.643601537,0.000111338000,24,15.4464369,4.38251482e-06
5,380,443,14787925,16317404,41.1904984,2947,0.643601537,0.000111338000,25,16.0900383,5.77241053e-06
5,380,443,14787925,16317404,41.1904984,2947,0.643601537,0.000111338000,26,16.7336407,5.89744150e-06
5,380,443,14787925,16317404,41.1904984,2947,0.643601537,0.000111338000,27,17.3772411,5.47737454e-06
5,380,443,14787925,16317404,41.1904984,2947,0.643601537,0.000111338000,28,18.0208435,1.21018809e-05
5,380,443,14787925,16317404,41.1904984,2947,0.643601537,0.000111338000,29,18.6644440,5.73115585e-06
5,380,443,14787925,16317404,41.1904984,2947,0.643601537,0.000111338000,30,19.3080463,3.18590401e-06
5,380,443,14787925,16317404,41.1904984,2947,0.643601537,0.000111338000,31,19.9516468,2.73434171e-06
5,380,443,14787925,16317404,41.1904984,2947,0.643601537,0.000111338000,32,20.5952492,2.57356874e-06
6,444,507,16341726,17871167,41.1915207,2942,0.643617511,0.000168827000,0,0.00000000,5.11003811e-05
6,444,507,16341726,17871167,41.1915207,2942,0.643617511,0.000168827000,1,0.643617511,0.000168827000
6,444,507,16341726,17871167,41.1915207,2942,0.643617511,0.000168827000,2,1.28723502,0.000117621000
6,444,507,16341726,17871167,41.1915207,2942,0.643617511,0.000168827000,3,1.93085253,4.94718363e-05
6,444,507,16341726,17871167,41.1915207,2942,0.643617511,0.000168827000,4,2.57447004,3.83299188e-05
6,444,507,16341726,17871167,41.1915207,2942,0.643617511,0.000168827000,5,3.21808767,3.61157649e-05
6,444,507,16341726,17871167,41.1915207,2942,0.643617511,0.000168827000,6,3.86170506,2.46025953e-05
6,444,507,16341726,17871167,41.1915207,2942,0.643617511,0.000168827000,7,4.50532246,1.94835536e-05
6,444,507,16341726,17871167,41.1915207,2942,0.643617511,0.000168827000,8,5.14894009,6.08266691e-06
6,444,507,16341726,17871167,41.1915207,2942,0.643617511,0.000168827000,9,5.79255772,4.28093654e-06
6,444,507,16341726,17871167,41.1915207,2942,0.643617511,0.000168827000,10,6.43617535,6.67204677e-06
6,444,507,16341726,17871167,41.1915207,2942,0.643617511,0.000168827000,11,7.07979250,1.07458944e-05
6,444,507,16341726,17871167,41.1915207,2942,0.643617511,0.000168827000,12,7.72341013,5.91509843e-06
6,444,507,16341726,17871167,41.1915207,2942,0.643617511,0.000168827000,13,8.36702728,1.16222253e-05
6,444,507,16341726,17871167,41.1915207,2942,0.643617511,0.000168827000,14,9.01064491,1.11428834e-05
6,444,507,16341726,17871167,41.1915207,2942,0.643617511,0.000168827000,15,9.65426254,9.46963701e-06
6,444,507,16341726,17871167,41.1915207,2942,0.643617511,0.000168827000,16,10.2978802,2.96982330e-06
6,444,507,16341726,17871167,41.1915207,2942,0.643617511,0.000168827000,17,10.9414978,3.76283356e-06
6,444,507,16341726,17871167,41.1915207,2942,0.643617511,0.000168827000,18,11.5851154,7.00966211e-06
6,444,507,16341726,17871167,41.1915207,2942,0.643617511,0.000168827000,19,12.2287331,1.43240648e-05
6,444,507,16341726,17871167,41.1915207,2942,0.643617511,0.000168827000,20,12.8723507,1.04694362e-05
6,444,507,16341726,17871167,41.1915207,2942,0.643617511,0.000168827000,21,13.5159674,1.49008952e-06
6,444,507,16341726,17871167,41.1915207,2942,0.643617511,0.000168827000,22,14.1595850,3.52965162e-06
6,444,507,16341726,17871167,41.1915207,2942,0.643617511,0.000168827000,23,14.8032026,4.10188613e-06
6,444,507,16341726,17871167,41.1915207,2942,0.643617511,0.000168827000,24,15.4468203,1.55952932e-06
6,444,507,16341726,17871167,41.1915207,2942,0.643617511,0.000168827000,25,16.0904369,1.14409556e-06
6,444,507,16341726,17871167,41.1915207,2942,0.643617511,0.000168827000,26,16.7340546,2.03134414e-06
6,444,507,16341726,17871167,41.1915207,2942,0.643617511,0.000168827000,27,17.3776722,1.35718005e-06
6,444,507,16341726,17871167,41.1915207,2942,0.643617511,0.000168827000,28,18.0212898,5.94043286e-06
6,444,507,16341726,17871167,41.1915207,2942,0.643617511,0.000168827000,29,18.6649075,5.43346732e-06
6,444,507,16341726,17871167,41.1915207,2942,0.643617511,0.000168827000,30,19.3085251,2.91640049e-06
6,444,507,16341726,17871167,41.1915207,2942,0.643617511,0.000168827000,31,19.9521427,3.43387114e-06
6,444,507,16341726,17871167,41.1915207,2942,0.643617511,0.000168827000,32,20.5957603,1.24736786e-07
7,508,571,17895453,19424404,41.2047195,2939,0.643823743,0.000197111000,0,0.00000000,4.26165819e-05
7,508,571,17895453,19424404,41.2047195,2939,0.643823743,0.000197111000,1,0.643823743,0.000197111000
7,508,571,17895453,19424404,41.2047195,2939,0.643823743,0.000197111000,2,1.28764749,0.000121983000
7,508,571,17895453,19424404,41.2047195,2939,0.643823743,0.000197111000,3,1.93147123,7.33432961e-05
7,508,571,17895453,19424404,41.2047195,2939,0.643823743,0.000197111000,4,2.57529497,7.86798907e-05
7,508,571,17895453,19424404,41.2047195,2939,0.643823743,0.000197111000,5,3.21911860,3.29503850e-05
7,508,571,17895453,19424404,41.2047195,2939,0.643823743,0.000197111000,6,3.86294246,2.58264568e-05
7,508,571,17895453,19424404,41.2047195,2939,0.643823743,0.000197111000,7,4.50676632,1.21759829e-05
7,508,571,17895453,19424404,41.2047195,2939,0.643823743,0.000197111000,8,5.15058994,1.47462151e-06
7,508,571,17895453,19424404,41.2047195,2939,0.643823743,0.000197111000,9,5.79441357,1.60781071e-05
7,508,571,17895453,19424404,41.2047195,2939,0.643823743,0.000197111000,10,6.43823719,2.11557960e-05
7,508,571,17895453,19424404,41.2047195,2939,0.643823743,0.000197111000,11,7.08206129,1.26285538e-05
7,508,571,17895453,19424404,41.2047195,2939,0.643823743,0.000197111000,12,7.72588491,1.64081155e-05
7,508,571,17895453,19424404,41.2047195,2939,0.643823743,0.000197111000,13,8.36970901,1.16060972e-05
7,508,571,17895453,19424404,41.2047195,2939,0.643823743,0.000197111000,14,9.01353264,1.10032841e-05
7,508,571,17895453,19424404,41.2047195,2939,0.643823743,0.000197111000,15,9.65735626,3.26412237e-06
7,508,571,17895453,19424404,41.2047195,2939,0.643823743,0.000197111000,16,10.3011799,4.98998816e-06
7,508,571,17895453,19424404,41.2047195,2939,0.643823743,0.000197111000,17,10.9450035,6.07016591e-06
7,508,571,17895453,19424404,41.2047195,2939,0.643823743,0.000197111000,18,11.5888271,3.75736704e-06
7,508,571,17895453,19424404,41.2047195,2939,0.643823743,0.000197111000,19,12.2326508,3.45709850e-06
7,508,571,17895453,19424404,41.2047195,2939,0.643823743,0.000197111000,20,12.8764744,7.21259948e-06
7,508,571,17895453,19424404,41.2047195,2939,0.643823743,0.000197111000,21,13.5202990,6.26124847e-06
7,508,571,17895453,19424404,41.2047195,2939,0.643823743,0.000197111000,22,14.1641226,5.08657467e-06
7,508,571,17895453,19424404,41.2047195,2939,0.643823743,0.000197111000,23,14.8079462,5.10507880e-06
7,508,571,17895453,19424404,41.2047195,2939,0.643823743,0.000197111000,24,15.4517698,3.64864877e-06
7,508,571,17895453,19424404,41.2047195,2939,0.643823743,0.000197111000,25,16.0955944,2.57349757e-06
7,508,571,17895453,19424404,41.2047195,2939,0.643823743,0.000197111000,26,16.7394180,1.67096255e-06
7,508,571,17895453,19424404,41.2047195,2939,0.643823743,0.000197111000,27,17.3832417,2.28451813e-06
7,508,571,17895453,19424404,41.2047195,2939,0.643823743,0.000197111000,28,18.0270653,0.99728061e-06
7,508,571,17895453,19424404,41.2047195,2939,0.643823743,0.000197111000,29,18.6708889,4.68936718e-07
7,508,571,17895453,19424404,41.2047195,2939,0.643823743,0.000197111000,30,19.3147125,2.26955672e-06
7,508,571,17895453,19424404,41.2047195,2939,0.643823743,0.000197111000,31,19.9585361,1.42842555e-06
7,508,571,17895453,19424404,41.2047195,2939,0.643823743,0.000197111000,32,20.6023598,1.51578206e-06
8,572,635,19448692,20978185,41.1901207,2951,1.28719127,0.000131471000,0,0.00000000,4.86538147e-06
8,572,635,19448692,20978185,41.1901207,2951,1.28719127,0.000131471000,1,0.643595636,0.000108488000
8,572,635,19448692,20978185,41.1901207,2951,1.28719127,0.000131471000,2,1.28719127,0.000131471000
8,572,635,19448692,20978185,41.1901207,2951,1.28719127,0.000131471000,3,1.93078685,3.66233611e-05
8,572,635,19448692,20978185,41.1901207,2951,1.28719127,0.000131471000,4,2.57438254,0.000100899000
8,572,635,19448692,20978185,41.1901207,2951,1.28719127,0.000131471000,5,3.21797824,8.89865392e-05
8,572,635,19448692,20978185,41.1901207,2951,1.28719127,0.000131471000,6,3.86157370,4.23295308e-05
8,572,635,19448692,20978185,41.1901207,2951,1.28719127,0.000131471000,7,4.50516939,1.85572114e-05
8,572,635,19448692,20978185,41.1901207,2951,1.28719127,0.000131471000,8,5.14876509,1.17127163e-05
8,572,635,19448692,20978185,41.1901207,2951,1.28719127,0.000131471000,9,5.79236078,8.97110931e-06
8,572,635,19448692,20978185,41.1901207,2951,1.28719127,0.000131471000,10,6.43595648,1.98518753e-05
8,572,635,19448692,20978185,41.1901207,2951,1.28719127,0.000131471000,11,7.07955217,2.57150765e-05
8,572,635,19448692,20978185,41.1901207,2951,1.28719127,0.000131471000,12,7.72314739,9.63709772e-06
8,572,635,19448692,20978185,41.1901207,2951,1.28719127,0.000131471000,13,8.36674309,8.18436729e-06
8,572,635,19448692,20978185,41.1901207,2951,1.28719127,0.000131471000,14,9.01033878,7.27309180e-06
8,572,635,19448692,20978185,41.1901207,2951,1.28719127,0.000131471000,15,9.65393448,2.58281716e-06
8,572,635,19448692,20978185,41.1901207,2951,1.28719127,0.000131471000,16,10.2975302,3.24975804e-06
8,572,635,19448692,20978185,41.1901207,2951,1.28719127,0.000131471000,17,10.9411259,1.20201255e-05
8,572,635,19448692,20978185,41.1901207,2951,1.28719127,0.000131471000,18,11.5847216,1.42481565e-05
8,572,635,19448692,20978185,41.1901207,2951,1.28719127,0.000131471000,19,12.2283173,1.07900967e-05
8,572,635,19448692,20978185,41.1901207,2951,1.28719127,0.000131471000,20,12.8719130,2.65781750e-06
8,572,635,19448692,20978185,41.1901207,2951,1.28719127,0.000131471000,21,13.5155087,4.62071512e-06
8,572,635,19448692,20978185,41.1901207,2951,1.28719127,0.000131471000,22,14.1591043,2.06388040e-06
8,572,635,19448692,20978185,41.1901207,2951,1.28719127,0.000131471000,23,14.8027000,1.62141589e-06
8,572,635,19448692,20978185,41.1901207,2951,1.28719127,0.000131471000,24,15.4462948,1.50687856e-06
8,572,635,19448692,20978185,41.1901207,2951,1.28719127,0.000131471000,25,16.0898914,1.41422970e-06
8,572,635,19448692,20978185,41.1901207,2951,1.28719127,0.000131471000,26,16.7334862,4.77122467e-06
8,572,635,19448692,20978185,41.1901207,2951,1.28719127,0.000131471000,27,17.3770828,6.50304628e-06
8,572,635,19448692,20978185,41.1901207,2951,1.28719127,0.000131471000,28,18.0206776,9.79193828e-06
8,572,635,19448692,20978185,41.1901207,2951,1.28719127,0.000131471000,29,18.6642742,6.45881391e-06
8,572,635,19448692,20978185,41.1901207,2951,1.28719127,0.000131471000,30,19.3078690,2.91673746e-06
8,572,635,19448692,20978185,41.1901207,2951,1.28719127,0.000131471000,31,19.9514656,2.70423857e-06
8,572,635,19448692,20978185,41.1901207,2951,1.28719127,0.000131471000,32,20.5950603,1.44006685e-06
9,636,699,21002483,22531922,41.1915741,2943,1.28723669,0.000121005000,0,0.00000000,4.91509120e-05
9,636,699,21002483,22531922,41.1915741,2943,1.28723669,0.000121005000,1,0.643618345,0.000117730000
9,636,699,21002483,22531922,41.1915741,2943,1.28723669,0.000121005000,2,1.28723669,0.000121005000
9,636,699,21002483,22531922,41.1915741,2943,1.28723669,0.000121005000,3,1.93085504,7.99235120e-05
9,636,699,21002483,22531922,41.1915741,2943,1.28723669,0.000121005000,4,2.57447338,9.34476398e-05
9,636,699,21002483,22531922,41.1915741,2943,1.28723669,0.000121005000,5,3.21809173,3.44731702e-05
9,636,699,21002483,22531922,41.1915741,2943,1.28723669,0.000121005000,6,3.86171007,1.57267148e-05
9,636,699,21002483,22531922,41.1915741,2943,1.28723669,0.000121005000,7,4.50532818,2.56314757e-05
9,636,699,21002483,22531922,41.1915741,2943,1.28723669,0.000121005000,8,5.14894676,1.94413821e-05
9,636,699,21002483,22531922,41.1915741,2943,1.28723669,0.000121005000,9,5.79256535,1.40022474e-05
9,636,699,21002483,22531922,41.1915741,2943,1.28723669,0.000121005000,10,6.43618345,2.33813295e-05
9,636,699,21002483,22531922,41.1915741,2943,1.28723669,0.000121005000,11,7.07980156,9.05276283e-06
9,636,699,21002483,22531922,41.1915741,2943,1.28723669,0.000121005000,12,7.72342014,1.24524366e-05
9,636,699,21002483,22531922,41.1915741,2943,1.28723669,0.000121005000,13,8.36703873,2.02905537e-05
9,636,699,21002483,22531922,41.1915741,2943,1.28723669,0.000121005000,14,9.01065636,2.70690030e-05
9,636,699,21002483,22531922,41.1915741,2943,1.28723669,0.000121005000,15,9.65427494,1.48576444e-05
9,636,699,21002483,22531922,41.1915741,2943,1.28723669,0.000121005000,16,10.2978935,1.01460481e-05
9,636,699,21002483,22531922,41.1915741,2943,1.28723669,0.000121005000,17,10.9415121,1.06744345e-05
9,636,699,21002483,22531922,41.1915741,2943,1.28723669,0.000121005000,18,11.5851307,6.86149815e-06
9,636,699,21002483,22531922,41.1915741,2943,1.28723669,0.000121005000,19,12.2287483,1.88967276e-05
9,636,699,21002483,22531922,41.1915741,2943,1.28723669,0.000121005000,20,12.8723669,1.44520052e-05
9,636,699,21002483,22531922,41.1915741,2943,1.28723669,0.000121005000,21,13.5159855,1.30738907e-05
9,636,699,21002483,22531922,41.1915741,2943,1.28723669,0.000121005000,22,14.1596031,1.83288809e-05
9,636,699,21002483,22531922,41.1915741,2943,1.28723669,0.000121005000,23,14.8032217,6.30450131e-06
9,636,699,21002483,22531922,41.1915741,2943,1.28723669,0.000121005000,24,15.4468403,4.41231941e-06
9,636,699,21002483,22531922,41.1915741,2943,1.28723669,0.000121005000,25,16.0904579,7.08765447e-06
9,636,699,21002483,22531922,41.1915741,2943,1.28723669,0.000121005000,26,16.7340775,5.43112174e-06
9,636,699,21002483,22531922,41.1915741,2943,1.28723669,0.000121005000,27,17.3776951,1.95839745e-05
9,636,699,21002483,22531922,41.1915741,2943,1.28723669,0.000121005000,28,18.0213127,1.87074381e-05
9,636,699,21002483,22531922,41.1915741,2943,1.28723669,0.000121005000,29,18.6649323,5.99674058e-06
9,636,699,21002483,22531922,41.1915741,2943,1.28723669,0.000121005000,30,19.3085499,8.59754527e-06
9,636,699,21002483,22531922,41.1915741,2943,1.28723669,0.000121005000,31,19.9521694,5.89825140e-06
9,636,699,21002483,22531922,41.1915741,2943,1.28723669,0.000121005000,32,20.5957870,3.42962767e-06
10,700,763,22556294,24085263,41.2042351,2938,0.643816173,0.000218669000,0,0.00000000,3.40999208e-05
10,700,763,22556294,24085263,41.2042351,2938,0.643816173,0.000218669000,1,0.643816173,0.000218669000
10,700,763,22556294,24085263,41.2042351,2938,0.643816173,0.000218669000,2,1.28763235,0.000140973000
10,700,763,22556294,24085263,41.2042351,2938,0.643816173,0.000218669000,3,1.93144846,3.78651488e-05
10,700,763,22556294,24085263,41.2042351,2938,0.643816173,0.000218669000,4,2.57526469,2.79213687e-05
10,700,763,22556294,24085263,41.2042351,2938,0.643816173,0.000218669000,5,3.21908092,1.80312888e-05
10,700,763,22556294,24085263,41.2042351,2938,0.643816173,0.000218669000,6,3.86289692,1.44230069e-05
10,700,763,22556294,24085263,41.2042351,2938,0.643816173,0.000218669000,7,4.50671339,3.65865208e-06
10,700,763,22556294,24085263,41.2042351,2938,0.643816173,0.000218669000,8,5.15052938,5.57521116e-06
10,700,763,22556294,24085263,41.2042351,2938,0.643816173,0.000218669000,9,5.79434538,7.72671501e-06
10,700,763,22556294,24085263,41.2042351,2938,0.643816173,0.000218669000,10,6.43816185,2.92666709e-06
10,700,763,22556294,24085263,41.2042351,2938,0.643816173,0.000218669000,11,7.08197784,6.49171034e-06
10,700,763,22556294,24085263,41.2042351,2938,0.643816173,0.000218669000,12,7.72579384,1.30094984e-05
10,700,763,22556294,24085263,41.2042351,2938,0.643816173,0.000218669000,13,8.36960983,1.32649318e-05
10,700,763,22556294,24085263,41.2042351,2938,0.643816173,0.000218669000,14,9.01342678,1.06782735e-05
10,700,763,22556294,24085263,41.2042351,2938,0.643816173,0.000218669000,15,9.65724277,3.41302007e-06
10,700,763,22556294,24085263,41.2042351,2938,0.643816173,0.000218669000,16,10.3010588,3.06944594e-06
10,700,763,22556294,24085263,41.2042351,2938,0.643816173,0.000218669000,17,10.9448748,3.08894028e-06
10,700,763,22556294,24085263,41.2042351,2938,0.643816173,0.000218669000,18,11.5886908,8.57886698e-06
10,700,763,22556294,24085263,41.2042351,2938,0.643816173,0.000218669000,19,12.2325077,7.61925276e-06
10,700,763,22556294,24085263,41.2042351,2938,0.643816173,0.000218669000,20,12.8763237,6.90323168e-06
10,700,763,22556294,24085263,41.2042351,2938,0.643816173,0.000218669000,21,13.5201397,9.49767127e-06
10,700,763,22556294,24085263,41.2042351,2938,0.643816173,0.000218669000,22,14.1639557,1.85312274e-06
10,700,763,22556294,24085263,41.2042351,2938,0.643816173,0.000218669000,23,14.8077717,3.34374522e-06
10,700,763,22556294,24085263,41.2042351,2938,0.643816173,0.000218669000,24,15.4515877,1.23968073e-06
10,700,763,22556294,24085263,41.2042351,2938,0.643816173,0.000218669000,25,16.0954037,2.76747278e-06
10,700,763,22556294,24085263,41.2042351,2938,0.643816173,0.000218669000,26,16.7392197,3.50658024e-06
10,700,763,22556294,24085263,41.2042351,2938,0.643816173,0.000218669000,27,17.3830376,8.05996933e-06
10,700,763,22556294,24085263,41.2042351,2938,0.643816173,0.000218669000,28,18.0268536,5.72641056e-06
10,700,763,22556294,24085263,41.2042351,2938,0.643816173,0.000218669000,29,18.6706696,2.17563684e-06
10,700,763,22556294,24085263,41.2042351,2938,0.643816173,0.000218669000,30,19.3144855,3.72117324e-06
10,700,763,22556294,24085263,41.2042351,2938,0.643816173,0.000218669000,31,19.9583015,1.35995242e-06
10,700,763,22556294,24085263,41.2042351,2938,0.643816173,0.000218669000,32,20.6021175,7.84994256e-07
11,764,827,24109547,25638962,41.1922188,2930,2.57451367,0.000133210000,0,0.00000000,8.23162542e-08
11,764,827,24109547,25638962,41.1922188,2930,2.57451367,0.000133210000,1,0.643628418,7.86772568e-05
11,764,827,24109547,25638962,41.1922188,2930,2.57451367,0.000133210000,2,1.28725684,5.98740253e-05
11,764,827,24109547,25638962,41.1922188,2930,2.57451367,0.000133210000,3,1.93088531,9.49362134e-05
11,764,827,24109547,25638962,41.1922188,2930,2.57451367,0.000133210000,4,2.57451367,0.000133210000
11,764,827,24109547,25638962,41.1922188,2930,2.57451367,0.000133210000,5,3.21814203,6.18943732e-05
11,764,827,24109547,25638962,41.1922188,2930,2.57451367,0.000133210000,6,3.86177063,1.35855223e-05
11,764,827,24109547,25638962,41.1922188,2930,2.57451367,0.000133210000,7,4.50539875,5.40201472e-06
11,764,827,24109547,25638962,41.1922188,2930,2.57451367,0.000133210000,8,5.14902735,3.21668540e-06
11,764,827,24109547,25638962,41.1922188,2930,2.57451367,0.000133210000,9,5.79265594,1.61093119e-05
11,764,827,24109547,25638962,41.1922188,2930,2.57451367,0.000133210000,10,6.43628407,1.78776697e-05
11,764,827,24109547,25638962,41.1922188,2930,2.57451367,0.000133210000,11,7.07991266,1.82443252e-05
11,764,827,24109547,25638962,41.1922188,2930,2.57451367,0.000133210000,12,7.72354126,9.87825842e-06
11,764,827,24109547,25638962,41.1922188,2930,2.57451367,0.000133210000,13,8.36716938,1.71944987e-06
11,764,827,24109547,25638962,41.1922188,2930,2.57451367,0.000133210000,14,9.01079750,1.98977068e-06
11,764,827,24109547,25638962,41.1922188,2930,2.57451367,0.000133210000,15,9.65442657,1.18214166e-06
11,764,827,24109547,25638962,41.1922188,2930,2.57451367,0.000133210000,16,10.2980547,3.07383402e-06
11,764,827,24109547,25638962,41.1922188,2930,2.57451367,0.000133210000,17,10.9416828,3.52712073e-06
11,764,827,24109547,25638962,41.1922188,2930,2.57451367,0.000133210000,18,11.5853119,3.83874203e-06
11,764,827,24109547,25638962,41.1922188,2930,2.57451367,0.000133210000,19,12.2289400,5.34298260e-06
11,764,827,24109547,25638962,41.1922188,2930,2.57451367,0.000133210000,20,12.8725681,1.35655316e-05
11,764,827,24109547,25638962,41.1922188,2930,2.57451367,0.000133210000,21,13.5161972,1.41627541e-05
11,764,827,24109547,25638962,41.1922188,2930,2.57451367,0.000133210000,22,14.1598253,7.00156352e-06
11,764,827,24109547,25638962,41.1922188,2930,2.57451367,0.000133210000,23,14.8034534,3.60828108e-06
11,764,827,24109547,25638962,41.1922188,2930,2.57451367,0.000133210000,24,15.4470825,2.36799292e-06
11,764,827,24109547,25638962,41.1922188,2930,2.57451367,0.000133210000,25,16.0907097,7.53673248e-06
11,764,827,24109547,25638962,41.1922188,2930,2.57451367,0.000133210000,26,16.7343388,7.09297728e-06
11,764,827,24109547,25638962,41.1922188,2930,2.57451367,0.000133210000,27,17.3779678,8.44128226e-06
11,764,827,24109547,25638962,41.1922188,2930,2.57451367,0.000133210000,28,18.0215950,2.31315994e-06
11,764,827,24109547,25638962,41.1922188,2930,2.57451367,0.000133210000,29,18.6652241,3.32351806e-06
11,764,827,24109547,25638962,41.1922188,2930,2.57451367,0.000133210000,30,19.3088531,3.01939508e-06
11,764,827,24109547,25638962,41.1922188,2930,2.57451367,0.000133210000,31,19.9524803,1.40572308e-06
11,764,827,24109547,25638962,41.1922188,2930,2.57451367,0.000133210000,32,20.5961094,4.91506682e-07
12,828,891,25663257,27192203,41.2048569,2913,0.643825889,0.000147985000,0,0.00000000,5.90736773e-05
12,828,891,25663257,27192203,41.2048569,2913,0.643825889,0.000147985000,1,0.643825889,0.000147985000
12,828,891,25663257,27192203,41.2048569,2913,0.643825889,0.000147985000,2,1.28765178,4.87894642e-05
12,828,891,25663257,27192203,41.2048569,2913,0.643825889,0.000147985000,3,1.93147767,9.09313372e-05
12,828,891,25663257,27192203,41.2048569,2913,0.643825889,0.000147985000,4,2.57530355,6.27134787e-05
12,828,891,25663257,27192203,41.2048569,2913,0.643825889,0.000147985000,5,3.21912956,6.89391299e-05
12,828,891,25663257,27192203,41.2048569,2913,0.643825889,0.000147985000,6,3.86295533,7.32098841e-05
12,828,891,25663257,27192203,41.2048569,2913,0.643825889,0.000147985000,7,4.50678110,1.85533151e-05
12,828,891,25663257,27192203,41.2048569,2913,0.643825889,0.000147985000,8,5.15060711,5.30509260e-06
12,828,891,25663257,27192203,41.2048569,2913,0.643825889,0.000147985000,9,5.79443312,2.46913692e-06
12,828,891,25663257,27192203,41.2048569,2913,0.643825889,0.000147985000,10,6.43825912,1.98967079e-05
12,828,891,25663257,27192203,41.2048569,2913,0.643825889,0.000147985000,11,7.08208466,6.42719715e-06
12,828,891,25663257,27192203,41.2048569,2913,0.643825889,0.000147985000,12,7.72591066,1.86238337e-05
12,828,891,25663257,27192203,41.2048569,2913,0.643825889,0.000147985000,13,8.36973667,1.94037127e-05
12,828,891,25663257,27192203,41.2048569,2913,0.643825889,0.000147985000,14,9.01356220,6.52239351e-06
12,828,891,25663257,27192203,41.2048569,2913,0.643825889,0.000147985000,15,9.65738869,2.47499906e-06
12,828,891,25663257,27192203,41.2048569,2913,0.643825889,0.000147985000,16,10.3012142,3.02198123e-06
12,828,891,25663257,27192203,41.2048569,2913,0.643825889,0.000147985000,17,10.9450397,7.84777058e-06
12,828,891,25663257,27192203,41.2048569,2913,0.643825889,0.000147985000,18,11.5888662,8.60483124e-06
12,828,891,25663257,27192203,41.2048569,2913,0.643825889,0.000147985000,19,12.2326918,7.72357180e-06
12,828,891,25663257,27192203,41.2048569,2913,0.643825889,0.000147985000,20,12.8765182,7.70749284e-06
12,828,891,25663257,27192203,41.2048569,2913,0.643825889,0.000147985000,21,13.5203438,3.27368116e-06
12,828,891,25663257,27192203,41.2048569,2913,0.643825889,0.000147985000,22,14.1641693,8.95839457e-06
12,828,891,25663257,27192203,41.2048569,2913,0.643825889,0.000147985000,23,14.8079958,5.25526411e-06
12,828,891,25663257,27192203,41.2048569,2913,0.643825889,0.000147985000,24,15.4518213,3.55965972e-06
12,828,891,25663257,27192203,41.2048569,2913,0.643825889,0.000147985000,25,16.0956478,3.19337164e-06
12,828,891,25663257,27192203,41.2048569,2913,0.643825889,0.000147985000,26,16.7394733,1.93876053e-06
12,828,891,25663257,27192203,41.2048569,2913,0.643825889,0.000147985000,27,17.3832989,2.43917816e-06
12,828,891,25663257,27192203,41.2048569,2913,0.643825889,0.000147985000,28,18.0271244,7.31322245e-07
12,828,891,25663257,27192203,41.2048569,2913,0.643825889,0.000147985000,29,18.6709499,2.87282433e-06
12,828,891,25663257,27192203,41.2048569,2913,0.643825889,0.000147985000,30,19.3147774,3.35253094e-06
12,828,891,25663257,27192203,41.2048569,2913,0.643825889,0.000147985000,31,19.9586029,2.08120673e-06
12,828,891,25663257,27192203,41.2048569,2913,0.643825889,0.000147985000,32,20.6024284,1.92858010e-06
13,892,955,27216471,28745870,41.1926498,2930,1.93090546,0.000486170000,0,0.00000000,4.47788182e-05
13,892,955,27216471,28745870,41.1926498,2930,1.93090546,0.000486170000,1,0.643635154,0.000377492000
13,892,955,27216471,28745870,41.1926498,2930,1.93090546,0.000486170000,2,1.28727031,0.000401136000
13,892,955,27216471,28745870,41.1926498,2930,1.93090546,0.000486170000,3,1.93090546,0.000486170000
13,892,955,27216471,28745870,41.1926498,2930,1.93090546,0.000486170000,4,2.57454062,0.000292003000
13,892,955,27216471,28745870,41.1926498,2930,1.93090546,0.000486170000,5,3.21817589,0.000126792000
13,892,955,27216471,28745870,41.1926498,2930,1.93090546,0.000486170000,6,3.86181092,0.000124216000
13,892,955,27216471,28745870,41.1926498,2930,1.93090546,0.000486170000,7,4.50544596,8.43766453e-05
13,892,955,27216471,28745870,41.1926498,2930,1.93090546,0.000486170000,8,5.14908123,7.02478246e-06
13,892,955,27216471,28745870,41.1926498,2930,1.93090546,0.000486170000,9,5.79271650,5.56168517e-05
13,892,955,27216471,28745870,41.1926498,2930,1.93090546,0.000486170000,10,6.43635178,0.000101426000
13,892,955,27216471,28745870,41.1926498,2930,1.93090546,0.000486170000,11,7.07998657,8.95964391e-05
13,892,955,27216471,28745870,41.1926498,2930,1.93090546,0.000486170000,12,7.72362185,0.000101450000
13,892,955,27216471,28745870,41.1926498,2930,1.93090546,0.000486170000,13,8.36725712,0.99799414e-04
13,892,955,27216471,28745870,41.1926498,2930,1.93090546,0.000486170000,14,9.01089191,5.61735206e-05
13,892,955,27216471,28745870,41.1926498,2930,1.93090546,0.000486170000,15,9.65452766,2.30354395e-05
13,892,955,27216471,28745870,41.1926498,2930,1.93090546,0.000486170000,16,10.2981625,1.34305926e-05
13,892,955,27216471,28745870,41.1926498,2930,1.93090546,0.000486170000,17,10.9417973,2.05097964e-05
13,892,955,27216471,28745870,41.1926498,2930,1.93090546,0.000486170000,18,11.5854330,4.00275015e-05
13,892,955,27216471,28745870,41.1926498,2930,1.93090546,0.000486170000,19,12.2290678,6.62709635e-05
13,892,955,27216471,28745870,41.1926498,2930,1.93090546,0.000486170000,20,12.8727036,6.68011261e-05
13,892,955,27216471,28745870,41.1926498,2930,1.93090546,0.000486170000,21,13.5163383,4.17134719e-05
13,892,955,27216471,28745870,41.1926498,2930,1.93090546,0.000486170000,22,14.1599731,4.18086741e-05
13,892,955,27216471,28745870,41.1926498,2930,1.93090546,0.000486170000,23,14.8036089,2.44935469e-05
13,892,955,27216471,28745870,41.1926498,2930,1.93090546,0.000486170000,24,15.4472437,4.90714956e-06
13,892,955,27216471,28745870,41.1926498,2930,1.93090546,0.000486170000,25,16.0908794,2.99310045e-05
13,892,955,27216471,28745870,41.1926498,2930,1.93090546,0.000486170000,26,16.7345142,4.72251188e-05
13,892,955,27216471,28745870,41.1926498,2930,1.93090546,0.000486170000,27,17.3781490,4.75671034e-05
13,892,955,27216471,28745870,41.1926498,2930,1.93090546,0.000486170000,28,18.0217838,5.69128962e-05
13,892,955,27216471,28745870,41.1926498,2930,1.93090546,0.000486170000,29,18.6654186,6.01151869e-05
13,892,955,27216471,28745870,41.1926498,2930,1.93090546,0.000486170000,30,19.3090553,3.63563590e-05
13,892,955,27216471,28745870,41.1926498,2930,1.93090546,0.000486170000,31,19.9526901,2.08877588e-05
13,892,955,27216471,28745870,41.1926498,2930,1.93090546,0.000486170000,32,20.5963249,7.18520778e-06
14,956,1019,28770169,30299626,41.1910896,2936,2.57444310,6.14042938e-05,0,0.00000000,3.67049847e-06
14,956,1019,28770169,30299626,41.1910896,2936,2.57444310,6.14042938e-05,1,0.643610775,3.20638096e-05
14,956,1019,28770169,30299626,41.1910896,2936,2.57444310,6.14042938e-05,2,1.28722155,4.26034633e-05
14,956,1019,28770169,30299626,41.1910896,2936,2.57444310,6.14042938e-05,3,1.93083239,4.13355950e-05
14,956,1019,28770169,30299626,41.1910896,2936,2.57444310,6.14042938e-05,4,2.57444310,6.14042938e-05
14,956,1019,28770169,30299626,41.1910896,2936,2.57444310,6.14042938e-05,5,3.21805382,2.61335022e-05
14,956,1019,28770169,30299626,41.1910896,2936,2.57444310,6.14042938e-05,6,3.86166477,2.20748822e-05
14,956,1019,28770169,30299626,41.1910896,2936,2.57444310,6.14042938e-05,7,4.50527525,1.47775024e-05
14,956,1019,28770169,30299626,41.1910896,2936,2.57444310,6.14042938e-05,8,5.14888620,1.10068163e-06
14,956,1019,28770169,30299626,41.1910896,2936,2.57444310,6.14042938e-05,9,5.79249716,1.38828516e-05
14,956,1019,28770169,30299626,41.1910896,2936,2.57444310,6.14042938e-05,10,6.43610764,1.53522212e-05
14,956,1019,28770169,30299626,41.1910896,2936,2.57444310,6.14042938e-05,11,7.07971859,4.16895728e-06
14,956,1019,28770169,30299626,41.1910896,2936,2.57444310,6.14042938e-05,12,7.72332954,1.21919127e-05
14,956,1019,28770169,30299626,41.1910896,2936,2.57444310,6.14042938e-05,13,8.36694050,1.14680914e-05
14,956,1019,28770169,30299626,41.1910896,2936,2.57444310,6.14042938e-05,14,9.01055050,1.24737660e-05
14,956,1019,28770169,30299626,41.1910896,2936,2.57444310,6.14042938e-05,15,9.65416145,8.02642626e-06
14,956,1019,28770169,30299626,41.1910896,2936,2.57444310,6.14042938e-05,16,10.2977724,1.81068958e-06
14,956,1019,28770169,30299626,41.1910896,2936,2.57444310,6.14042938e-05,17,10.9413834,3.96955784e-06
14,956,1019,28770169,30299626,41.1910896,2936,2.57444310,6.14042938e-05,18,11.5849943,7.27273709e-06
14,956,1019,28770169,30299626,41.1910896,2936,2.57444310,6.14042938e-05,19,12.2286043,9.15861074e-06
14,956,1019,28770169,30299626,41.1910896,2936,2.57444310,6.14042938e-05,20,12.8722153,1.26019884e-05
14,956,1019,28770169,30299626,41.1910896,2936,2.57444310,6.14042938e-05,21,13.5158262,5.11724647e-06
14,956,1019,28770169,30299626,41.1910896,2936,2.57444310,6.14042938e-05,22,14.1594372,2.01981652e-06
14,956,1019,28770169,30299626,41.1910896,2936,2.57444310,6.14042938e-05,23,14.8030481,1.11054862e-06
14,956,1019,28770169,30299626,41.1910896,2936,2.57444310,6.14042938e-05,24,15.4466591,2.08616962e-06
14,956,1019,28770169,30299626,41.1910896,2936,2.57444310,6.14042938e-05,25,16.0902691,1.73643696e-06
14,956,1019,28770169,30299626,41.1910896,2936,2.57444310,6.14042938e-05,26,16.7338810,4.72816509e-06
14,956,1019,28770169,30299626,41.1910896,2936,2.57444310,6.14042938e-05,27,17.3774910,5.74832711e-06
14,956,1019,28770169,30299626,41.1910896,2936,2.57444310,6.14042938e-05,28,18.0211010,5.10036534e-06
14,956,1019,28770169,30299626,41.1910896,2936,2.57444310,6.14042938e-05,29,18.6647129,2.79479855e-06
14,956,1019,28770169,30299626,41.1910896,2936,2.57444310,6.14042938e-05,30,19.3083229,3.95113375e-06
14,956,1019,28770169,30299626,41.1910896,2936,2.57444310,6.14042938e-05,31,19.9519348,5.45197508e-06
14,956,1019,28770169,30299626,41.1910896,2936,2.57444310,6.14042938e-05,32,20.5955448,2.24959581e-06
15,1020,1083,30323921,31852847,41.2053947,2906,0.643834293,0.000492348000,0,0.00000000,0.000162108000
15,1020,1083,30323921,31852847,41.2053947,2906,0.643834293,0.000492348000,1,0.643834293,0.000492348000
15,1020,1083,30323921,31852847,41.2053947,2906,0.643834293,0.000492348000,2,1.28766859,0.000479561000
15,1020,1083,30323921,31852847,41.2053947,2906,0.643834293,0.000492348000,3,1.93150282,0.000348608000
15,1020,1083,30323921,31852847,41.2053947,2906,0.643834293,0.000492348000,4,2.57533717,0.000312845000
15,1020,1083,30323921,31852847,41.2053947,2906,0.643834293,0.000492348000,5,3.21917152,0.000247746000
15,1020,1083,30323921,31852847,41.2053947,2906,0.643834293,0.000492348000,6,3.86300564,0.000149084000
15,1020,1083,30323921,31852847,41.2053947,2906,0.643834293,0.000492348000,7,4.50684023,7.63901178e-05
15,1020,1083,30323921,31852847,41.2053947,2906,0.643834293,0.000492348000,8,5.15067434,6.72222222e-06
15,1020,1083,30323921,31852847,41.2053947,2906,0.643834293,0.000492348000,9,5.79450846,5.28689299e-05
15,1020,1083,30323921,31852847,41.2053947,2906,0.643834293,0.000492348000,10,6.43834305,7.93124916e-05
15,1020,1083,30323921,31852847,41.2053947,2906,0.643834293,0.000492348000,11,7.08217716,7.26053175e-05
15,1020,1083,30323921,31852847,41.2053947,2906,0.643834293,0.000492348000,12,7.72601128,7.82483464e-05
15,1020,1083,30323921,31852847,41.2053947,2906,0.643834293,0.000492348000,13,8.36984539,8.60214119e-05
15,1020,1083,30323921,31852847,41.2053947,2906,0.643834293,0.000492348000,14,9.01368046,6.31008579e-05
15,1020,1083,30323921,31852847,41.2053947,2906,0.643834293,0.000492348000,15,9.65751457,3.47749587e-05
15,1020,1083,30323921,31852847,41.2053947,2906,0.643834293,0.000492348000,16,10.3013487,5.91952994e-06
15,1020,1083,30323921,31852847,41.2053947,2906,0.643834293,0.000492348000,17,10.9451828,2.98464306e-05
15,1020,1083,30323921,31852847,41.2053947,2906,0.643834293,0.000492348000,18,11.5890169,4.98867150e-05
15,1020,1083,30323921,31852847,41.2053947,2906,0.643834293,0.000492348000,19,12.2328520,5.36965919e-05
15,1020,1083,30323921,31852847,41.2053947,2906,0.643834293,0.000492348000,20,12.8766861,5.74753131e-05
15,1020,1083,30323921,31852847,41.2053947,2906,0.643834293,0.000492348000,21,13.5205202,6.00287049e-05
15,1020,1083,30323921,31852847,41.2053947,2906,0.643834293,0.000492348000,22,14.1643543,5.24392700e-05
15,1020,1083,30323921,31852847,41.2053947,2906,0.643834293,0.000492348000,23,14.8081884,2.91900811e-05
15,1020,1083,30323921,31852847,41.2053947,2906,0.643834293,0.000492348000,24,15.4520226,2.83230929e-06
15,1020,1083,30323921,31852847,41.2053947,2906,0.643834293,0.000492348000,25,16.0958576,2.11721814e-05
15,1020,1083,30323921,31852847,41.2053947,2906,0.643834293,0.000492348000,26,16.7396908,4.42015983e-05
15,1020,1083,30323921,31852847,41.2053947,2906,0.643834293,0.000492348000,27,17.3835258,5.32521182e-05
15,1020,1083,30323921,31852847,41.2053947,2906,0.643834293,0.000492348000,28,18.0273609,5.79249673e-05
15,1020,1083,30323921,31852847,41.2053947,2906,0.643834293,0.000492348000,29,18.6711941,5.47162846e-05
15,1020,1083,30323921,31852847,41.2053947,2906,0.643834293,0.000492348000,30,19.3150291,4.65120895e-05
15,1020,1083,30323921,31852847,41.2053947,2906,0.643834293,0.000492348000,31,19.9588623,2.27896504e-05
15,1020,1083,30323921,31852847,41.2053947,2906,0.643834293,0.000492348000,32,20.6026974,1.54930001e-06
16,1084,1147,31877118,33406601,41.1903877,2926,0.643599808,0.000102829000,0,0.00000000,4.93228065e-05
16,1084,1147,31877118,33406601,41.1903877,2926,0.643599808,0.000102829000,1,0.643599808,0.000102829000
16,1084,1147,31877118,33406601,41.1903877,2926,0.643599808,0.000102829000,2,1.28719962,4.68975552e-05
16,1084,1147,31877118,33406601,41.1903877,2926,0.643599808,0.000102829000,3,1.93079948,4.71273772e-05
16,1084,1147,31877118,33406601,41.1903877,2926,0.643599808,0.000102829000,4,2.57439923,2.05706162e-05
16,1084,1147,31877118,33406601,41.1903877,2926,0.643599808,0.000102829000,5,3.21799898,2.58512587e-05
16,1084,1147,31877118,33406601,41.1903877,2926,0.643599808,0.000102829000,6,3.86159897,2.75061171e-05
16,1084,1147,31877118,33406601,41.1903877,2926,0.643599808,0.000102829000,7,4.50519848,1.21461470e-05
16,1084,1147,31877118,33406601,41.1903877,2926,0.643599808,0.000102829000,8,5.14879847,7.28416489e-06
16,1084,1147,31877118,33406601,41.1903877,2926,0.643599808,0.000102829000,9,5.79239845,8.96922938e-06
16,1084,1147,31877118,33406601,41.1903877,2926,0.643599808,0.000102829000,10,6.43599796,1.23031039e-05
16,1084,1147,31877118,33406601,41.1903877,2926,0.643599808,0.000102829000,11,7.07959795,3.28597375e-05
16,1084,1147,31877118,33406601,41.1903877,2926,0.643599808,0.000102829000,12,7.72319794,3.43025090e-05
16,1084,1147,31877118,33406601,41.1903877,2926,0.643599808,0.000102829000,13,8.36679745,1.20789699e-05
16,1084,1147,31877118,33406601,41.1903877,2926,0.643599808,0.000102829000,14,9.01039696,4.86286399e-06
16,1084,1147,31877118,33406601,41.1903877,2926,0.643599808,0.000102829000,15,9.65399742,7.32681610e-06
16,1084,1147,31877118,33406601,41.1903877,2926,0.643599808,0.000102829000,16,10.2975969,3.13943065e-06
16,1084,1147,31877118,33406601,41.1903877,2926,0.643599808,0.000102829000,17,10.9411964,4.25919052e-06
16,1084,1147,31877118,33406601,41.1903877,2926,0.643599808,0.000102829000,18,11.5847969,8.44954593e-06
16,1084,1147,31877118,33406601,41.1903877,2926,0.643599808,0.000102829000,19,12.2283964,2.75018601e-06
16,1084,1147,31877118,33406601,41.1903877,2926,0.643599808,0.000102829000,20,12.8719959,1.09755727e-05
16,1084,1147,31877118,33406601,41.1903877,2926,0.643599808,0.000102829000,21,13.5155964,4.83369058e-06
16,1084,1147,31877118,33406601,41.1903877,2926,0.643599808,0.000102829000,22,14.1591959,3.10924702e-06
16,1084,1147,31877118,33406601,41.1903877,2926,0.643599808,0.000102829000,23,14.8027954,8.02604427e-06
16,1084,1147,31877118,33406601,41.1903877,2926,0.643599808,0.000102829000,24,15.4463959,4.67111067e-06
16,1084,1147,31877118,33406601,41.1903877,2926,0.643599808,0.000102829000,25,16.0899944,3.38322070e-06
16,1084,1147,31877118,33406601,41.1903877,2926,0.643599808,0.000102829000,26,16.7335949,5.89679439e-06
16,1084,1147,31877118,33406601,41.1903877,2926,0.643599808,0.000102829000,27,17.3771954,5.93010418e-06
16,1084,1147,31877118,33406601,41.1903877,2926,0.643599808,0.000102829000,28,18.0207939,7.75377066e-06
16,1084,1147,31877118,33406601,41.1903877,2926,0.643599808,0.000102829000,29,18.6643944,8.76944887e-06
16,1084,1147,31877118,33406601,41.1903877,2926,0.643599808,0.000102829000,30,19.3079948,5.69315625e-06
16,1084,1147,31877118,33406601,41.1903877,2926,0.643599808,0.000102829000,31,19.9515934,2.36295568e-06
16,1084,1147,31877118,33406601,41.1903877,2926,0.643599808,0.000102829000,32,20.5951939,4.00770801e-07
17,1148,1211,33430872,34960318,41.1913872,2924,0.643615425,0.000210622000,0,0.00000000,6.14415176e-05
17,1148,1211,33430872,34960318,41.1913872,2924,0.643615425,0.000210622000,1,0.643615425,0.000210622000
17,1148,1211,33430872,34960318,41.1913872,2924,0.643615425,0.000210622000,2,1.28723085,5.66143636e-05
17,1148,1211,33430872,34960318,41.1913872,2924,0.643615425,0.000210622000,3,1.93084621,0.000128488000
17,1148,1211,33430872,34960318,41.1913872,2924,0.643615425,0.000210622000,4,2.57446170,0.000101507000
17,1148,1211,33430872,34960318,41.1913872,2924,0.643615425,0.000210622000,5,3.21807718,6.97541244e-05
17,1148,1211,33430872,34960318,41.1913872,2924,0.643615425,0.000210622000,6,3.86169243,2.71840104e-05
17,1148,1211,33430872,34960318,41.1913872,2924,0.643615425,0.000210622000,7,4.50530815,9.87032490e-06
17,1148,1211,33430872,34960318,41.1913872,2924,0.643615425,0.000210622000,8,5.14892340,2.85542956e-06
17,1148,1211,33430872,34960318,41.1913872,2924,0.643615425,0.000210622000,9,5.79253864,1.04673052e-05
17,1148,1211,33430872,34960318,41.1913872,2924,0.643615425,0.000210622000,10,6.43615437,1.08850098e-05
17,1148,1211,33430872,34960318,41.1913872,2924,0.643615425,0.000210622000,11,7.07976961,1.33237270e-05
17,1148,1211,33430872,34960318,41.1913872,2924,0.643615425,0.000210622000,12,7.72338486,1.89108975e-05
17,1148,1211,33430872,34960318,41.1913872,2924,0.643615425,0.000210622000,13,8.36700058,1.46929640e-05
17,1148,1211,33430872,34960318,41.1913872,2924,0.643615425,0.000210622000,14,9.01061630,7.50775780e-06
17,1148,1211,33430872,34960318,41.1913872,2924,0.643615425,0.000210622000,15,9.65423107,4.06642721e-06
17,1148,1211,33430872,34960318,41.1913872,2924,0.643615425,0.000210622000,16,10.2978468,4.84857765e-06
17,1148,1211,33430872,34960318,41.1913872,2924,0.643615425,0.000210622000,17,10.9414625,1.12088354e-05
17,1148,1211,33430872,34960318,41.1913872,2924,0.643615425,0.000210622000,18,11.5850773,7.52036431e-06
17,1148,1211,33430872,34960318,41.1913872,2924,0.643615425,0.000210622000,19,12.2286930,9.34591844e-06
17,1148,1211,33430872,34960318,41.1913872,2924,0.643615425,0.000210622000,20,12.8723087,4.32983870e-06
17,1148,1211,33430872,34960318,41.1913872,2924,0.643615425,0.000210622000,21,13.5159235,3.64222774e-06
17,1148,1211,33430872,34960318,41.1913872,2924,0.643615425,0.000210622000,22,14.1595392,7.42413977e-06
17,1148,1211,33430872,34960318,41.1913872,2924,0.643615425,0.000210622000,23,14.8031549,4.61077025e-06
17,1148,1211,33430872,34960318,41.1913872,2924,0.643615425,0.000210622000,24,15.4467697,1.49288883e-06
17,1148,1211,33430872,34960318,41.1913872,2924,0.643615425,0.000210622000,25,16.0903854,1.00504099e-06
17,1148,1211,33430872,34960318,41.1913872,2924,0.643615425,0.000210622000,26,16.7340012,3.31349725e-06
17,1148,1211,33430872,34960318,41.1913872,2924,0.643615425,0.000210622000,27,17.3776169,6.35754304e-06
17,1148,1211,33430872,34960318,41.1913872,2924,0.643615425,0.000210622000,28,18.0212326,3.45034027e-06
17,1148,1211,33430872,34960318,41.1913872,2924,0.643615425,0.000210622000,29,18.6648464,4.06855224e-06
17,1148,1211,33430872,34960318,41.1913872,2924,0.643615425,0.000210622000,30,19.3084621,6.51534447e-06
17,1148,1211,33430872,34960318,41.1913872,2924,0.643615425,0.000210622000,31,19.9520779,7.82666939e-06
17,1148,1211,33430872,34960318,41.1913872,2924,0.643615425,0.000210622000,32,20.5956936,3.98179964e-06
18,1212,1275,34984591,36513681,41.2009773,2921,0.643765271,0.000211518000,0,0.00000000,8.16725212e-05
18,1212,1275,34984591,36513681,41.2009773,2921,0.643765271,0.000211518000,1,0.643765271,0.000211518000
18,1212,1275,34984591,36513681,41.2009773,2921,0.643765271,0.000211518000,2,1.28753054,0.000162904000
18,1212,1275,34984591,36513681,41.2009773,2921,0.643765271,0.000211518000,3,1.93129587,0.000101075000
18,1212,1275,34984591,36513681,41.2009773,2921,0.643765271,0.000211518000,4,2.57506108,7.90181791e-05
18,1212,1275,34984591,36513681,41.2009773,2921,0.643765271,0.000211518000,5,3.21882629,3.98540427e-05
18,1212,1275,34984591,36513681,41.2009773,2921,0.643765271,0.000211518000,6,3.86259174,1.80446511e-05
18,1212,1275,34984591,36513681,41.2009773,2921,0.643765271,0.000211518000,7,4.50635672,5.82872690e-06
18,1212,1275,34984591,36513681,41.2009773,2921,0.643765271,0.000211518000,8,5.15012217,4.28592421e-06
18,1212,1275,34984591,36513681,41.2009773,2921,0.643765271,0.000211518000,9,5.79388762,5.51182893e-06
18,1212,1275,34984591,36513681,41.2009773,2921,0.643765271,0.000211518000,10,6.43765259,1.70331093e-05
18,1212,1275,34984591,36513681,41.2009773,2921,0.643765271,0.000211518000,11,7.08141804,3.62351997e-05
18,1212,1275,34984591,36513681,41.2009773,2921,0.643765271,0.000211518000,12,7.72518349,2.50700046e-05
18,1212,1275,34984591,36513681,41.2009773,2921,0.643765271,0.000211518000,13,8.36894894,1.26324174e-05
18,1212,1275,34984591,36513681,41.2009773,2921,0.643765271,0.000211518000,14,9.01271343,1.72851903e-05
18,1212,1275,34984591,36513681,41.2009773,2921,0.643765271,0.000211518000,15,9.65647888,5.63778576e-06
18,1212,1275,34984591,36513681,41.2009773,2921,0.643765271,0.000211518000,16,10.3002443,1.43465559e-06
18,1212,1275,34984591,36513681,41.2009773,2921,0.643765271,0.000211518000,17,10.9440098,7.50648405e-06
18,1212,1275,34984591,36513681,41.2009773,2921,0.643765271,0.000211518000,18,11.5877752,7.42582461e-06
18,1212,1275,34984591,36513681,41.2009773,2921,0.643765271,0.000211518000,19,12.2315397,3.74398383e-06
18,1212,1275,34984591,36513681,41.2009773,2921,0.643765271,0.000211518000,20,12.8753052,6.72697843e-06
18,1212,1275,34984591,36513681,41.2009773,2921,0.643765271,0.000211518000,21,13.5190706,9.30962233e-06
18,1212,1275,34984591,36513681,41.2009773,2921,0.643765271,0.000211518000,22,14.1628361,5.00612123e-06
18,1212,1275,34984591,36513681,41.2009773,2921,0.643765271,0.000211518000,23,14.8066015,1.52518919e-06
18,1212,1275,34984591,36513681,41.2009773,2921,0.643765271,0.000211518000,24,15.4503670,2.26387488e-06
18,1212,1275,34984591,36513681,41.2009773,2921,0.643765271,0.000211518000,25,16.0941315,1.52508653e-06
18,1212,1275,34984591,36513681,41.2009773,2921,0.643765271,0.000211518000,26,16.7378979,1.69853990e-06
18,1212,1275,34984591,36513681,41.2009773,2921,0.643765271,0.000211518000,27,17.3816624,1.52000564e-06
18,1212,1275,34984591,36513681,41.2009773,2921,0.643765271,0.000211518000,28,18.0254269,4.56986345e-06
18,1212,1275,34984591,36513681,41.2009773,2921,0.643765271,0.000211518000,29,18.6691933,1.81051348e-06
18,1212,1275,34984591,36513681,41.2009773,2921,0.643765271,0.000211518000,30,19.3129578,1.90948981e-06
18,1212,1275,34984591,36513681,41.2009773,2921,0.643765271,0.000211518000,31,19.9567242,1.92221910e-06
18,1212,1275,34984591,36513681,41.2009773,2921,0.643765271,0.000211518000,32,20.6004887,1.56419844e-06
19,1276,1339,36537959,38067515,41.1884232,2930,0.643569112,0.000126172000,0,0.00000000,2.67058054e-05
19,1276,1339,36537959,38067515,41.1884232,2930,0.643569112,0.000126172000,1,0.643569112,0.000126172000
19,1276,1339,36537959,38067515,41.1884232,2930,0.643569112,0.000126172000,2,1.28713822,2.96011472e-05
19,1276,1339,36537959,38067515,41.1884232,2930,0.643569112,0.000126172000,3,1.93070734,6.58416165e-05
19,1276,1339,36537959,38067515,41.1884232,2930,0.643569112,0.000126172000,4,2.57427645,6.52976296e-05
19,1276,1339,36537959,38067515,41.1884232,2930,0.643569112,0.000126172000,5,3.21784544,8.14136353e-05
19,1276,1339,36537959,38067515,41.1884232,2930,0.643569112,0.000126172000,6,3.86141467,4.74343390e-05
19,1276,1339,36537959,38067515,41.1884232,2930,0.643569112,0.000126172000,7,4.50498390,2.52377791e-05
19,1276,1339,36537959,38067515,41.1884232,2930,0.643569112,0.000126172000,8,5.14855289,4.71072553e-06
19,1276,1339,36537959,38067515,41.1884232,2930,0.643569112,0.000126172000,9,5.79212189,2.99151407e-06
19,1276,1339,36537959,38067515,41.1884232,2930,0.643569112,0.000126172000,10,6.43569088,5.76286857e-06
19,1276,1339,36537959,38067515,41.1884232,2930,0.643569112,0.000126172000,11,7.07926035,5.67693041e-06
19,1276,1339,36537959,38067515,41.1884232,2930,0.643569112,0.000126172000,12,7.72282934,8.95844369e-06
19,1276,1339,36537959,38067515,41.1884232,2930,0.643569112,0.000126172000,13,8.36639881,8.24998096e-06
19,1276,1339,36537959,38067515,41.1884232,2930,0.643569112,0.000126172000,14,9.00996780,1.38223766e-05
19,1276,1339,36537959,38067515,41.1884232,2930,0.643569112,0.000126172000,15,9.65353680,7.06117044e-06
19,1276,1339,36537959,38067515,41.1884232,2930,0.643569112,0.000126172000,16,10.2971058,2.33560991e-06
19,1276,1339,36537959,38067515,41.1884232,2930,0.643569112,0.000126172000,17,10.9406748,4.05240235e-06
19,1276,1339,36537959,38067515,41.1884232,2930,0.643569112,0.000126172000,18,11.5842438,1.25203280e-06
19,1276,1339,36537959,38067515,41.1884232,2930,0.643569112,0.000126172000,19,12.2278128,1.19007989e-05
19,1276,1339,36537959,38067515,41.1884232,2930,0.643569112,0.000126172000,20,12.8713818,1.64622886e-05
19,1276,1339,36537959,38067515,41.1884232,2930,0.643569112,0.000126172000,21,13.5149517,1.09991659e-05
19,1276,1339,36537959,38067515,41.1884232,2930,0.643569112,0.000126172000,22,14.1585207,7.88441957e-06
19,1276,1339,36537959,38067515,41.1884232,2930,0.643569112,0.000126172000,23,14.8020897,4.14377746e-06
19,1276,1339,36537959,38067515,41.1884232,2930,0.643569112,0.000126172000,24,15.4456587,3.28437773e-06
19,1276,1339,36537959,38067515,41.1884232,2930,0.643569112,0.000126172000,25,16.0892277,3.12016323e-06
19,1276,1339,36537959,38067515,41.1884232,2930,0.643569112,0.000126172000,26,16.7327976,2.41497196e-06
19,1276,1339,36537959,38067515,41.1884232,2930,0.643569112,0.000126172000,27,17.3763657,8.14066607e-06
19,1276,1339,36537959,38067515,41.1884232,2930,0.643569112,0.000126172000,28,18.0199356,1.28511772e-05
19,1276,1339,36537959,38067515,41.1884232,2930,0.643569112,0.000126172000,29,18.6635036,7.17718331e-06
19,1276,1339,36537959,38067515,41.1884232,2930,0.643569112,0.000126172000,30,19.3070736,3.99006876e-06
19,1276,1339,36537959,38067515,41.1884232,2930,0.643569112,0.000126172000,31,19.9506416,5.29555064e-06
19,1276,1339,36537959,38067515,41.1884232,2930,0.643569112,0.000126172000,32,20.5942116,1.41129078e-06
20,1340,1403,38091787,39621199,41.1923027,2969,1.93088913,0.000137607000,0,0.00000000,1.69837267e-06
20,1340,1403,38091787,39621199,41.1923027,2969,1.93088913,0.000137607000,1,0.643629730,2.28315199e-05
20,1340,1403,38091787,39621199,41.1923027,2969,1.93088913,0.000137607000,2,1.28725946,7.36807841e-05
20,1340,1403,38091787,39621199,41.1923027,2969,1.93088913,0.000137607000,3,1.93088913,0.000137607000
20,1340,1403,38091787,39621199,41.1923027,2969,1.93088913,0.000137607000,4,2.57451892,6.50432257e-05
20,1340,1403,38091787,39621199,41.1923027,2969,1.93088913,0.000137607000,5,3.21814871,1.23135294e-05
20,1340,1403,38091787,39621199,41.1923027,2969,1.93088913,0.000137607000,6,3.86177826,2.54150396e-05
20,1340,1403,38091787,39621199,41.1923027,2969,1.93088913,0.000137607000,7,4.50540829,1.97594852e-05
20,1340,1403,38091787,39621199,41.1923027,2969,1.93088913,0.000137607000,8,5.14903784,4.07588732e-06
20,1340,1403,38091787,39621199,41.1923027,2969,1.93088913,0.000137607000,9,5.79266739,6.81001893e-06
20,1340,1403,38091787,39621199,41.1923027,2969,1.93088913,0.000137607000,10,6.43629742,2.35557451e-05
20,1340,1403,38091787,39621199,41.1923027,2969,1.93088913,0.000137607000,11,7.07992697,3.18078887e-05
20,1340,1403,38091787,39621199,41.1923027,2969,1.93088913,0.000137607000,12,7.72355652,5.57234171e-06
20,1340,1403,38091787,39621199,41.1923027,2969,1.93088913,0.000137607000,13,8.36718655,1.47506824e-05
20,1340,1403,38091787,39621199,41.1923027,2969,1.93088913,0.000137607000,14,9.01081657,8.79303298e-06
20,1340,1403,38091787,39621199,41.1923027,2969,1.93088913,0.000137607000,15,9.65444565,3.62233754e-06
20,1340,1403,38091787,39621199,41.1923027,2969,1.93088913,0.000137607000,16,10.2980757,4.60893079e-06
20,1340,1403,38091787,39621199,41.1923027,2969,1.93088913,0.000137607000,17,10.9417057,6.65160042e-06
20,1340,1403,38091787,39621199,41.1923027,2969,1.93088913,0.000137607000,18,11.5853348,6.30358772e-06
20,1340,1403,38091787,39621199,41.1923027,2969,1.93088913,0.000137607000,19,12.2289648,4.89981767e-06
20,1340,1403,38091787,39621199,41.1923027,2969,1.93088913,0.000137607000,20,12.8725948,8.33774357e-06
20,1340,1403,38091787,39621199,41.1923027,2969,1.93088913,0.000137607000,21,13.5162239,5.26839449e-06
20,1340,1403,38091787,39621199,41.1923027,2969,1.93088913,0.000137607000,22,14.1598539,1.77069899e-06
20,1340,1403,38091787,39621199,41.1923027,2969,1.93088913,0.000137607000,23,14.8034840,2.31792046e-06
20,1340,1403,38091787,39621199,41.1923027,2969,1.93088913,0.000137607000,24,15.4471130,2.70817168e-06
20,1340,1403,38091787,39621199,41.1923027,2969,1.93088913,0.000137607000,25,16.0907440,2.91059268e-06
20,1340,1403,38091787,39621199,41.1923027,2969,1.93088913,0.000137607000,26,16.7343731,2.05685524e-06
20,1340,1403,38091787,39621199,41.1923027,2969,1.93088913,0.000137607000,27,17.3780022,4.18333229e-06
20,1340,1403,38091787,39621199,41.1923027,2969,1.93088913,0.000137607000,28,18.0216331,7.34185733e-06
20,1340,1403,38091787,39621199,41.1923027,2969,1.93088913,0.000137607000,29,18.6652622,5.19259265e-06
20,1340,1403,38091787,39621199,41.1923027,2969,1.93088913,0.000137607000,30,19.3088913,5.24089319e-06
20,1340,1403,38091787,39621199,41.1923027,2969,1.93088913,0.000137607000,31,19.9525223,5.59851287e-06
20,1340,1403,38091787,39621199,41.1923027,2969,1.93088913,0.000137607000,32,20.5961514,1.08013910e-06
21,1404,1467,39645493,41174463,41.2042084,2925,2.57526302,0.000104968000,0,0.00000000,1.17297621e-05
21,1404,1467,39645493,41174463,41.2042084,2925,2.57526302,0.000104968000,1,0.643815756,4.68114224e-05
21,1404,1467,39645493,41174463,41.2042084,2925,2.57526302,0.000104968000,2,1.28763151,8.99275752e-05
21,1404,1467,39645493,41174463,41.2042084,2925,2.57526302,0.000104968000,3,1.93144727,3.11989638e-05
21,1404,1467,39645493,41174463,41.2042084,2925,2.57526302,0.000104968000,4,2.57526302,0.000104968000
21,1404,1467,39645493,41174463,41.2042084,2925,2.57526302,0.000104968000,5,3.21907878,4.91124403e-05
21,1404,1467,39645493,41174463,41.2042084,2925,2.57526302,0.000104968000,6,3.86289454,1.43023515e-05
21,1404,1467,39645493,41174463,41.2042084,2925,2.57526302,0.000104968000,7,4.50671005,1.00601399e-05
21,1404,1467,39645493,41174463,41.2042084,2925,2.57526302,0.000104968000,8,5.15052605,3.10757719e-06
21,1404,1467,39645493,41174463,41.2042084,2925,2.57526302,0.000104968000,9,5.79434204,1.14304892e-05
21,1404,1467,39645493,41174463,41.2042084,2925,2.57526302,0.000104968000,10,6.43815756,1.96727285e-05
21,1404,1467,39645493,41174463,41.2042084,2925,2.57526302,0.000104968000,11,7.08197308,2.70774922e-05
21,1404,1467,39645493,41174463,41.2042084,2925,2.57526302,0.000104968000,12,7.72578907,2.03825436e-05
21,1404,1467,39645493,41174463,41.2042084,2925,2.57526302,0.000104968000,13,8.36960506,1.58253877e-05
21,1404,1467,39645493,41174463,41.2042084,2925,2.57526302,0.000104968000,14,9.01342010,2.11533825e-06
21,1404,1467,39645493,41174463,41.2042084,2925,2.57526302,0.000104968000,15,9.65723610,5.11385088e-06
21,1404,1467,39645493,41174463,41.2042084,2925,2.57526302,0.000104968000,16,10.3010521,1.20928939e-06
21,1404,1467,39645493,41174463,41.2042084,2925,2.57526302,0.000104968000,17,10.9448681,1.81058454e-06
21,1404,1467,39645493,41174463,41.2042084,2925,2.57526302,0.000104968000,18,11.5886841,3.72034060e-06
21,1404,1467,39645493,41174463,41.2042084,2925,2.57526302,0.000104968000,19,12.2324991,6.21279742e-06
21,1404,1467,39645493,41174463,41.2042084,2925,2.57526302,0.000104968000,20,12.8763151,8.66398932e-06
21,1404,1467,39645493,41174463,41.2042084,2925,2.57526302,0.000104968000,21,13.5201311,2.65134736e-06
21,1404,1467,39645493,41174463,41.2042084,2925,2.57526302,0.000104968000,22,14.1639462,2.64192909e-06
21,1404,1467,39645493,41174463,41.2042084,2925,2.57526302,0.000104968000,23,14.8077621,4.52156701e-06
21,1404,1467,39645493,41174463,41.2042084,2925,2.57526302,0.000104968000,24,15.4515781,2.96535563e-06
21,1404,1467,39645493,41174463,41.2042084,2925,2.57526302,0.000104968000,25,16.0953941,3.21362927e-06
21,1404,1467,39645493,41174463,41.2042084,2925,2.57526302,0.000104968000,26,16.7392101,4.30283217e-06
21,1404,1467,39645493,41174463,41.2042084,2925,2.57526302,0.000104968000,27,17.3830261,1.20921766e-06
21,1404,1467,39645493,41174463,41.2042084,2925,2.57526302,0.000104968000,28,18.0268402,8.54722657e-06
21,1404,1467,39645493,41174463,41.2042084,2925,2.57526302,0.000104968000,29,18.6706562,5.93209324e-06
21,1404,1467,39645493,41174463,41.2042084,2925,2.57526302,0.000104968000,30,19.3144722,3.60737522e-06
21,1404,1467,39645493,41174463,41.2042084,2925,2.57526302,0.000104968000,31,19.9582882,5.50280356e-06
21,1404,1467,39645493,41174463,41.2042084,2925,2.57526302,0.000104968000,32,20.6021042,1.95515850e-06
22,1468,1531,41198746,42728274,41.1891785,2951,1.93074274,0.99793717e-04,0,0.00000000,2.16837576e-05
22,1468,1531,41198746,42728274,41.1891785,2951,1.93074274,0.99793717e-04,1,0.643580914,3.07526420e-05
22,1468,1531,41198746,42728274,41.1891785,2951,1.93074274,0.99793717e-04,2,1.28716183,6.91912782e-05
22,1468,1531,41198746,42728274,41.1891785,2951,1.93074274,0.99793717e-04,3,1.93074274,0.99793717e-04
22,1468,1531,41198746,42728274,41.1891785,2951,1.93074274,0.99793717e-04,4,2.57432365,4.85532794e-05
22,1468,1531,41198746,42728274,41.1891785,2951,1.93074274,0.99793717e-04,5,3.21790457,2.85919955e-05
22,1468,1531,41198746,42728274,41.1891785,2951,1.93074274,0.99793717e-04,6,3.86148548,4.73538014e-05
22,1468,1531,41198746,42728274,41.1891785,2951,1.93074274,0.99793717e-04,7,4.50506639,1.48676024e-05
22,1468,1531,41198746,42728274,41.1891785,2951,1.93074274,0.99793717e-04,8,5.14864731,2.07878725e-06
22,1468,1531,41198746,42728274,41.1891785,2951,1.93074274,0.99793717e-04,9,5.79222822,2.68936037e-06
22,1468,1531,41198746,42728274,41.1891785,2951,1.93074274,0.99793717e-04,10,6.43580914,5.99892155e-06
22,1468,1531,41198746,42728274,41.1891785,2951,1.93074274,0.99793717e-04,11,7.07939005,4.77331105e-06
22,1468,1531,41198746,42728274,41.1891785,2951,1.93074274,0.99793717e-04,12,7.72297096,1.50465664e-05
22,1468,1531,41198746,42728274,41.1891785,2951,1.93074274,0.99793717e-04,13,8.36655235,7.77831428e-06
22,1468,1531,41198746,42728274,41.1891785,2951,1.93074274,0.99793717e-04,14,9.01013279,4.08235110e-06
22,1468,1531,41198746,42728274,41.1891785,2951,1.93074274,0.99793717e-04,15,9.65371323,3.56989949e-06
22,1468,1531,41198746,42728274,41.1891785,2951,1.93074274,0.99793717e-04,16,10.2972946,3.40590896e-06
22,1468,1531,41198746,42728274,41.1891785,2951,1.93074274,0.99793717e-04,17,10.9408760,3.06077504e-06
22,1468,1531,41198746,42728274,41.1891785,2951,1.93074274,0.99793717e-04,18,11.5844564,1.03593510e-05
22,1468,1531,41198746,42728274,41.1891785,2951,1.93074274,0.99793717e-04,19,12.2280369,1.66231455e-05
22,1468,1531,41198746,42728274,41.1891785,2951,1.93074274,0.99793717e-04,20,12.8716183,1.52258615e-05
22,1468,1531,41198746,42728274,41.1891785,2951,1.93074274,0.99793717e-04,21,13.5151997,5.52096617e-06
22,1468,1531,41198746,42728274,41.1891785,2951,1.93074274,0.99793717e-04,22,14.1587801,2.05770516e-06
22,1468,1531,41198746,42728274,41.1891785,2951,1.93074274,0.99793717e-04,23,14.8023605,3.41022701e-06
22,1468,1531,41198746,42728274,41.1891785,2951,1.93074274,0.99793717e-04,24,15.4459419,4.51642791e-06
22,1468,1531,41198746,42728274,41.1891785,2951,1.93074274,0.99793717e-04,25,16.0895233,3.08407766e-06
22,1468,1531,41198746,42728274,41.1891785,2951,1.93074274,0.99793717e-04,26,16.7331047,3.82869985e-06
22,1468,1531,41198746,42728274,41.1891785,2951,1.93074274,0.99793717e-04,27,17.3766842,2.60669322e-06
22,1468,1531,41198746,42728274,41.1891785,2951,1.93074274,0.99793717e-04,28,18.0202656,5.40088377e-06
22,1468,1531,41198746,42728274,41.1891785,2951,1.93074274,0.99793717e-04,29,18.6638470,5.23150811e-06
22,1468,1531,41198746,42728274,41.1891785,2951,1.93074274,0.99793717e-04,30,19.3074265,5.27285647e-06
22,1468,1531,41198746,42728274,41.1891785,2951,1.93074274,0.99793717e-04,31,19.9510078,5.31230717e-06
22,1468,1531,41198746,42728274,41.1891785,2951,1.93074274,0.99793717e-04,32,20.5945892,3.41444752e-06
23,1532,1595,42752575,44281604,41.2026176,2934,0.643790901,0.000123126000,0,0.00000000,3.61267588e-05
23,1532,1595,42752575,44281604,41.2026176,2934,0.643790901,0.000123126000,1,0.643790901,0.000123126000
23,1532,1595,42752575,44281604,41.2026176,2934,0.643790901,0.000123126000,2,1.28758180,8.92523154e-05
23,1532,1595,42752575,44281604,41.2026176,2934,0.643790901,0.000123126000,3,1.93137264,2.92259479e-05
23,1532,1595,42752575,44281604,41.2026176,2934,0.643790901,0.000123126000,4,2.57516360,9.82783149e-06
23,1532,1595,42752575,44281604,41.2026176,2934,0.643790901,0.000123126000,5,3.21895456,3.12481384e-05
23,1532,1595,42752575,44281604,41.2026176,2934,0.643790901,0.000123126000,6,3.86274529,3.52010497e-05
23,1532,1595,42752575,44281604,41.2026176,2934,0.643790901,0.000123126000,7,4.50653648,2.83501463e-05
23,1532,1595,42752575,44281604,41.2026176,2934,0.643790901,0.000123126000,8,5.15032721,2.89803711e-06
23,1532,1595,42752575,44281604,41.2026176,2934,0.643790901,0.000123126000,9,5.79411793,9.58226337e-06
23,1532,1595,42752575,44281604,41.2026176,2934,0.643790901,0.000123126000,10,6.43790913,1.21753836e-05
23,1532,1595,42752575,44281604,41.2026176,2934,0.643790901,0.000123126000,11,7.08169985,8.82802397e-06
23,1532,1595,42752575,44281604,41.2026176,2934,0.643790901,0.000123126000,12,7.72549057,4.35056518e-06
23,1532,1595,42752575,44281604,41.2026176,2934,0.643790901,0.000123126000,13,8.36928177,2.24591255e-05
23,1532,1595,42752575,44281604,41.2026176,2934,0.643790901,0.000123126000,14,9.01307297,1.19692393e-05
23,1532,1595,42752575,44281604,41.2026176,2934,0.643790901,0.000123126000,15,9.65686321,4.98690270e-06
23,1532,1595,42752575,44281604,41.2026176,2934,0.643790901,0.000123126000,16,10.3006544,7.32868443e-07
23,1532,1595,42752575,44281604,41.2026176,2934,0.643790901,0.000123126000,17,10.9444456,2.69442853e-06
23,1532,1595,42752575,44281604,41.2026176,2934,0.643790901,0.000123126000,18,11.5882359,5.03472222e-07
23,1532,1595,42752575,44281604,41.2026176,2934,0.643790901,0.000123126000,19,12.2320271,1.13507770e-06
23,1532,1595,42752575,44281604,41.2026176,2934,0.643790901,0.000123126000,20,12.8758183,1.69957445e-06
23,1532,1595,42752575,44281604,41.2026176,2934,0.643790901,0.000123126000,21,13.5196085,4.57112037e-06
23,1532,1595,42752575,44281604,41.2026176,2934,0.643790901,0.000123126000,22,14.1633997,3.14836689e-06
23,1532,1595,42752575,44281604,41.2026176,2934,0.643790901,0.000123126000,23,14.8071909,1.14146223e-06
23,1532,1595,42752575,44281604,41.2026176,2934,0.643790901,0.000123126000,24,15.4509811,1.24023336e-06
23,1532,1595,42752575,44281604,41.2026176,2934,0.643790901,0.000123126000,25,16.0947723,7.46725391e-06
23,1532,1595,42752575,44281604,41.2026176,2934,0.643790901,0.000123126000,26,16.7385635,4.53269922e-06
23,1532,1595,42752575,44281604,41.2026176,2934,0.643790901,0.000123126000,27,17.3823547,5.17787430e-06
23,1532,1595,42752575,44281604,41.2026176,2934,0.643790901,0.000123126000,28,18.0261459,9.51596485e-06
23,1532,1595,42752575,44281604,41.2026176,2934,0.643790901,0.000123126000,29,18.6699352,6.32703450e-06
23,1532,1595,42752575,44281604,41.2026176,2934,0.643790901,0.000123126000,30,19.3137264,3.61856951e-06
23,1532,1595,42752575,44281604,41.2026176,2934,0.643790901,0.000123126000,31,19.9575176,7.42017210e-06
23,1532,1595,42752575,44281604,41.2026176,2934,0.643790901,0.000123126000,32,20.6013088,1.56367958e-06
24,1596,1659,44305895,45835437,41.1888008,2941,0.643575013,0.000168722000,0,0.00000000,4.63298377e-05
24,1596,1659,44305895,45835437,41.1888008,2941,0.643575013,0.000168722000,1,0.643575013,0.000168722000
24,1596,1659,44305895,45835437,41.1888008,2941,0.643575013,0.000168722000,2,1.28715003,0.000153768000
24,1596,1659,44305895,45835437,41.1888008,2941,0.643575013,0.000168722000,3,1.93072510,4.46575389e-05
24,1596,1659,44305895,45835437,41.1888008,2941,0.643575013,0.000168722000,4,2.57430005,0.000105499000
24,1596,1659,44305895,45835437,41.1888008,2941,0.643575013,0.000168722000,5,3.21787500,7.83109269e-05
24,1596,1659,44305895,45835437,41.1888008,2941,0.643575013,0.000168722000,6,3.86145020,1.71634835e-05
24,1596,1659,44305895,45835437,41.1888008,2941,0.643575013,0.000168722000,7,4.50502491,3.58144666e-06
24,1596,1659,44305895,45835437,41.1888008,2941,0.643575013,0.000168722000,8,5.14860010,4.13979069e-06
24,1596,1659,44305895,45835437,41.1888008,2941,0.643575013,0.000168722000,9,5.79217529,2.10150870e-06
24,1596,1659,44305895,45835437,41.1888008,2941,0.643575013,0.000168722000,10,6.43575001,1.33671772e-05
24,1596,1659,44305895,45835437,41.1888008,2941,0.643575013,0.000168722000,11,7.07932520,1.17019679e-05
24,1596,1659,44305895,45835437,41.1888008,2941,0.643575013,0.000168722000,12,7.72290039,2.08672115e-05
24,1596,1659,44305895,45835437,41.1888008,2941,0.643575013,0.000168722000,13,8.36647511,6.18871354e-06
24,1596,1659,44305895,45835437,41.1888008,2941,0.643575013,0.000168722000,14,9.01004982,6.86571593e-06
24,1596,1659,44305895,45835437,41.1888008,2941,0.643575013,0.000168722000,15,9.65362549,4.72543343e-06
24,1596,1659,44305895,45835437,41.1888008,2941,0.643575013,0.000168722000,16,10.2972002,1.64906544e-06
24,1596,1659,44305895,45835437,41.1888008,2941,0.643575013,0.000168722000,17,10.9407749,8.43696216e-06
24,1596,1659,44305895,45835437,41.1888008,2941,0.643575013,0.000168722000,18,11.5843506,1.42889683e-05
24,1596,1659,44305895,45835437,41.1888008,2941,0.643575013,0.000168722000,19,12.2279253,7.19299942e-06
24,1596,1659,44305895,45835437,41.1888008,2941,0.643575013,0.000168722000,20,12.8715000,3.80259621e-06
24,1596,1659,44305895,45835437,41.1888008,2941,0.643575013,0.000168722000,21,13.5150757,6.40483813e-06
24,1596,1659,44305895,45835437,41.1888008,2941,0.643575013,0.000168722000,22,14.1586504,5.00764145e-06
24,1596,1659,44305895,45835437,41.1888008,2941,0.643575013,0.000168722000,23,14.8022251,7.11327220e-06
24,1596,1659,44305895,45835437,41.1888008,2941,0.643575013,0.000168722000,24,15.4458008,2.30390015e-06
24,1596,1659,44305895,45835437,41.1888008,2941,0.643575013,0.000168722000,25,16.0893745,1.42409499e-06
24,1596,1659,44305895,45835437,41.1888008,2941,0.643575013,0.000168722000,26,16.7329502,3.23115341e-06
24,1596,1659,44305895,45835437,41.1888008,2941,0.643575013,0.000168722000,27,17.3765259,5.20937965e-06
24,1596,1659,44305895,45835437,41.1888008,2941,0.643575013,0.000168722000,28,18.0200996,5.55907218e-06
24,1596,1659,44305895,45835437,41.1888008,2941,0.643575013,0.000168722000,29,18.6636753,5.23714334e-06
24,1596,1659,44305895,45835437,41.1888008,2941,0.643575013,0.000168722000,30,19.3072510,4.53449229e-06
24,1596,1659,44305895,45835437,41.1888008,2941,0.643575013,0.000168722000,31,19.9508247,3.14152112e-06
24,1596,1659,44305895,45835437,41.1888008,2941,0.643575013,0.000168722000,32,20.5944004,7.31270802e-07
25,1660,1723,45859730,47389203,41.1906586,2940,0.643604040,0.000197752000,0,0.00000000,8.38152834e-05
25,1660,1723,45859730,47389203,41.1906586,2940,0.643604040,0.000197752000,1,0.643604040,0.000197752000
25,1660,1723,45859730,47389203,41.1906586,2940,0.643604040,0.000197752000,2,1.28720808,8.00554905e-05
25,1660,1723,45859730,47389203,41.1906586,2940,0.643604040,0.000197752000,3,1.93081212,0.000130615000
25,1660,1723,45859730,47389203,41.1906586,2940,0.643604040,0.000197752000,4,2.57441616,9.31967793e-05
25,1660,1723,45859730,47389203,41.1906586,2940,0.643604040,0.000197752000,5,3.21802020,6.28096595e-05
25,1660,1723,45859730,47389203,41.1906586,2940,0.643604040,0.000197752000,6,3.86162424,3.11040926e-05
25,1660,1723,45859730,47389203,41.1906586,2940,0.643604040,0.000197752000,7,4.50522804,1.35554617e-05
25,1660,1723,45859730,47389203,41.1906586,2940,0.643604040,0.000197752000,8,5.14883232,1.29920616e-05
25,1660,1723,45859730,47389203,41.1906586,2940,0.643604040,0.000197752000,9,5.79243660,8.40550092e-06
25,1660,1723,45859730,47389203,41.1906586,2940,0.643604040,0.000197752000,10,6.43604040,7.05469620e-06
25,1660,1723,45859730,47389203,41.1906586,2940,0.643604040,0.000197752000,11,7.07964420,5.48654771e-06
25,1660,1723,45859730,47389203,41.1906586,2940,0.643604040,0.000197752000,12,7.72324848,1.64816063e-05
25,1660,1723,45859730,47389203,41.1906586,2940,0.643604040,0.000197752000,13,8.36685276,3.03281513e-06
25,1660,1723,45859730,47389203,41.1906586,2940,0.643604040,0.000197752000,14,9.01045609,1.65796116e-05
25,1660,1723,45859730,47389203,41.1906586,2940,0.643604040,0.000197752000,15,9.65406036,1.21373885e-05
25,1660,1723,45859730,47389203,41.1906586,2940,0.643604040,0.000197752000,16,10.2976646,3.06228662e-06
25,1660,1723,45859730,47389203,41.1906586,2940,0.643604040,0.000197752000,17,10.9412689,5.35721529e-06
25,1660,1723,45859730,47389203,41.1906586,2940,0.643604040,0.000197752000,18,11.5848732,5.80549931e-06
25,1660,1723,45859730,47389203,41.1906586,2940,0.643604040,0.000197752000,19,12.2284765,4.72539432e-06
25,1660,1723,45859730,47389203,41.1906586,2940,0.643604040,0.000197752000,20,12.8720808,7.65349068e-06
25,1660,1723,45859730,47389203,41.1906586,2940,0.643604040,0.000197752000,21,13.5156851,2.07108747e-06
25,1660,1723,45859730,47389203,41.1906586,2940,0.643604040,0.000197752000,22,14.1592884,3.08086055e-06
25,1660,1723,45859730,47389203,41.1906586,2940,0.643604040,0.000197752000,23,14.8028927,4.95720178e-06
25,1660,1723,45859730,47389203,41.1906586,2940,0.643604040,0.000197752000,24,15.4464970,6.62148477e-06
25,1660,1723,45859730,47389203,41.1906586,2940,0.643604040,0.000197752000,25,16.0901012,2.45880369e-06
25,1660,1723,45859730,47389203,41.1906586,2940,0.643604040,0.000197752000,26,16.7337055,1.51823485e-06
25,1660,1723,45859730,47389203,41.1906586,2940,0.643604040,0.000197752000,27,17.3773098,5.68936741e-07
25,1660,1723,45859730,47389203,41.1906586,2940,0.643604040,0.000197752000,28,18.0209122,5.24007783e-06
25,1660,1723,45859730,47389203,41.1906586,2940,0.643604040,0.000197752000,29,18.6645164,6.13338216e-06
25,1660,1723,45859730,47389203,41.1906586,2940,0.643604040,0.000197752000,30,19.3081207,9.13042368e-06
25,1660,1723,45859730,47389203,41.1906586,2940,0.643604040,0.000197752000,31,19.9517250,4.69880570e-06
25,1660,1723,45859730,47389203,41.1906586,2940,0.643604040,0.000197752000,32,20.5953293,6.38597725e-07
26,1724,1787,47413495,48942459,41.2043724,2910,0.643818319,0.000133696000,0,0.00000000,4.96094028e-05
26,1724,1787,47413495,48942459,41.2043724,2910,0.643818319,0.000133696000,1,0.643818319,0.000133696000
26,1724,1787,47413495,48942459,41.2043724,2910,0.643818319,0.000133696000,2,1.28763664,8.24552396e-05
26,1724,1787,47413495,48942459,41.2043724,2910,0.643818319,0.000133696000,3,1.93145490,6.75870532e-05
26,1724,1787,47413495,48942459,41.2043724,2910,0.643818319,0.000133696000,4,2.57527328,6.74924003e-05
26,1724,1787,47413495,48942459,41.2043724,2910,0.643818319,0.000133696000,5,3.21909165,3.76690326e-05
26,1724,1787,47413495,48942459,41.2043724,2910,0.643818319,0.000133696000,6,3.86290979,4.73707269e-06
26,1724,1787,47413495,48942459,41.2043724,2910,0.643818319,0.000133696000,7,4.50672817,1.26431685e-05
26,1724,1787,47413495,48942459,41.2043724,2910,0.643818319,0.000133696000,8,5.15054655,7.41363601e-06
26,1724,1787,47413495,48942459,41.2043724,2910,0.643818319,0.000133696000,9,5.79436493,1.03387627e-05
26,1724,1787,47413495,48942459,41.2043724,2910,0.643818319,0.000133696000,10,6.43818331,1.82729561e-05
26,1724,1787,47413495,48942459,41.2043724,2910,0.643818319,0.000133696000,11,7.08200169,1.55485175e-05
26,1724,1787,47413495,48942459,41.2043724,2910,0.643818319,0.000133696000,12,7.72581959,1.06872402e-05
26,1724,1787,47413495,48942459,41.2043724,2910,0.643818319,0.000133696000,13,8.36963844,5.66071731e-06
26,1724,1787,47413495,48942459,41.2043724,2910,0.643818319,0.000133696000,14,9.01345634,2.16068799e-05
26,1724,1787,47413495,48942459,41.2043724,2910,0.643818319,0.000133696000,15,9.65727520,1.11090811e-05
26,1724,1787,47413495,48942459,41.2043724,2910,0.643818319,0.000133696000,16,10.3010931,2.79345113e-06
26,1724,1787,47413495,48942459,41.2043724,2910,0.643818319,0.000133696000,17,10.9449110,6.08101300e-06
26,1724,1787,47413495,48942459,41.2043724,2910,0.643818319,0.000133696000,18,11.5887299,1.01431604e-05
26,1724,1787,47413495,48942459,41.2043724,2910,0.643818319,0.000133696000,19,12.2325478,9.64278479e-06
26,1724,1787,47413495,48942459,41.2043724,2910,0.643818319,0.000133696000,20,12.8763666,1.42289389e-05
26,1724,1787,47413495,48942459,41.2043724,2910,0.643818319,0.000133696000,21,13.5201845,7.52222149e-06
26,1724,1787,47413495,48942459,41.2043724,2910,0.643818319,0.000133696000,22,14.1640034,3.62427500e-06
26,1724,1787,47413495,48942459,41.2043724,2910,0.643818319,0.000133696000,23,14.8078213,4.28149633e-06
26,1724,1787,47413495,48942459,41.2043724,2910,0.643818319,0.000133696000,24,15.4516392,4.84040493e-06
26,1724,1787,47413495,48942459,41.2043724,2910,0.643818319,0.000133696000,25,16.0954571,5.49960441e-06
26,1724,1787,47413495,48942459,41.2043724,2910,0.643818319,0.000133696000,26,16.7392769,8.26930136e-06
26,1724,1787,47413495,48942459,41.2043724,2910,0.643818319,0.000133696000,27,17.3830948,8.92990556e-06
26,1724,1787,47413495,48942459,41.2043724,2910,0.643818319,0.000133696000,28,18.0269127,5.23286917e-06
26,1724,1787,47413495,48942459,41.2043724,2910,0.643818319,0.000133696000,29,18.6707306,8.47244519e-06
26,1724,1787,47413495,48942459,41.2043724,2910,0.643818319,0.000133696000,30,19.3145504,6.46620811e-06
26,1724,1787,47413495,48942459,41.2043724,2910,0.643818319,0.000133696000,31,19.9583683,6.13536122e-06
26,1724,1787,47413495,48942459,41.2043724,2910,0.643818319,0.000133696000,32,20.6021862,1.04354206e-06
27,1788,1851,48966724,50496252,41.1891785,2924,0.643580914,0.000155067000,0,0.00000000,7.52225085e-05
27,1788,1851,48966724,50496252,41.1891785,2924,0.643580914,0.000155067000,1,0.643580914,0.000155067000
27,1788,1851,48966724,50496252,41.1891785,2924,0.643580914,0.000155067000,2,1.28716183,0.000104747000
27,1788,1851,48966724,50496252,41.1891785,2924,0.643580914,0.000155067000,3,1.93074274,8.47256585e-05
27,1788,1851,48966724,50496252,41.1891785,2924,0.643580914,0.000155067000,4,2.57432365,2.45900970e-05
27,1788,1851,48966724,50496252,41.1891785,2924,0.643580914,0.000155067000,5,3.21790457,5.43804555e-05
27,1788,1851,48966724,50496252,41.1891785,2924,0.643580914,0.000155067000,6,3.86148548,7.24767732e-05
27,1788,1851,48966724,50496252,41.1891785,2924,0.643580914,0.000155067000,7,4.50506639,2.89414070e-05
27,1788,1851,48966724,50496252,41.1891785,2924,0.643580914,0.000155067000,8,5.14864731,5.65974733e-06
27,1788,1851,48966724,50496252,41.1891785,2924,0.643580914,0.000155067000,9,5.79222822,8.72271812e-06
27,1788,1851,48966724,50496252,41.1891785,2924,0.643580914,0.000155067000,10,6.43580914,9.70667861e-06
27,1788,1851,48966724,50496252,41.1891785,2924,0.643580914,0.000155067000,11,7.07939005,1.81748817e-05
27,1788,1851,48966724,50496252,41.1891785,2924,0.643580914,0.000155067000,12,7.72297096,4.01710349e-06
27,1788,1851,48966724,50496252,41.1891785,2924,0.643580914,0.000155067000,13,8.36655235,0.99449433e-05
27,1788,1851,48966724,50496252,41.1891785,2924,0.643580914,0.000155067000,14,9.01013279,7.41669692e-06
27,1788,1851,48966724,50496252,41.1891785,2924,0.643580914,0.000155067000,15,9.65371323,6.86938120e-06
27,1788,1851,48966724,50496252,41.1891785,2924,0.643580914,0.000155067000,16,10.2972946,1.22318431e-06
27,1788,1851,48966724,50496252,41.1891785,2924,0.643580914,0.000155067000,17,10.9408760,3.96312453e-06
27,1788,1851,48966724,50496252,41.1891785,2924,0.643580914,0.000155067000,18,11.5844564,6.91117293e-06
27,1788,1851,48966724,50496252,41.1891785,2924,0.643580914,0.000155067000,19,12.2280369,1.18111473e-05
27,1788,1851,48966724,50496252,41.1891785,2924,0.643580914,0.000155067000,20,12.8716183,8.08483492e-06
27,1788,1851,48966724,50496252,41.1891785,2924,0.643580914,0.000155067000,21,13.5151997,1.70748979e-06
27,1788,1851,48966724,50496252,41.1891785,2924,0.643580914,0.000155067000,22,14.1587801,5.78982463e-06
27,1788,1851,48966724,50496252,41.1891785,2924,0.643580914,0.000155067000,23,14.8023605,2.81995517e-06
27,1788,1851,48966724,50496252,41.1891785,2924,0.643580914,0.000155067000,24,15.4459419,3.30925445e-06
27,1788,1851,48966724,50496252,41.1891785,2924,0.643580914,0.000155067000,25,16.0895233,3.58660213e-06
27,1788,1851,48966724,50496252,41.1891785,2924,0.643580914,0.000155067000,26,16.7331047,4.10195707e-06
27,1788,1851,48966724,50496252,41.1891785,2924,0.643580914,0.000155067000,27,17.3766842,8.49462140e-06
27,1788,1851,48966724,50496252,41.1891785,2924,0.643580914,0.000155067000,28,18.0202656,1.35608978e-05
27,1788,1851,48966724,50496252,41.1891785,2924,0.643580914,0.000155067000,29,18.6638470,7.28668374e-06
27,1788,1851,48966724,50496252,41.1891785,2924,0.643580914,0.000155067000,30,19.3074265,4.66918800e-06
27,1788,1851,48966724,50496252,41.1891785,2924,0.643580914,0.000155067000,31,19.9510078,3.27812927e-06
27,1788,1851,48966724,50496252,41.1891785,2924,0.643580914,0.000155067000,32,20.5945892,1.03348464e-06
28,1852,1915,50520534,52050113,41.1878052,2927,1.93067837,0.000137876000,0,0.00000000,9.49300920e-06
28,1852,1915,50520534,52050113,41.1878052,2927,1.93067837,0.000137876000,1,0.643559456,4.53167479e-05
28,1852,1915,50520534,52050113,41.1878052,2927,1.93067837,0.000137876000,2,1.28711891,7.90900874e-05
28,1852,1915,50520534,52050113,41.1878052,2927,1.93067837,0.000137876000,3,1.93067837,0.000137876000
28,1852,1915,50520534,52050113,41.1878052,2927,1.93067837,0.000137876000,4,2.57423782,8.32428474e-05
28,1852,1915,50520534,52050113,41.1878052,2927,1.93067837,0.000137876000,5,3.21779728,2.76884598e-05
28,1852,1915,50520534,52050113,41.1878052,2927,1.93067837,0.000137876000,6,3.86135674,3.32543491e-05
28,1852,1915,50520534,52050113,41.1878052,2927,1.93067837,0.000137876000,7,4.50491619,1.24497254e-05
28,1852,1915,50520534,52050113,41.1878052,2927,1.93067837,0.000137876000,8,5.14847565,5.11284179e-06
28,1852,1915,50520534,52050113,41.1878052,2927,1.93067837,0.000137876000,9,5.79203510,8.91694526e-06
28,1852,1915,50520534,52050113,41.1878052,2927,1.93067837,0.000137876000,10,6.43559456,4.69293082e-06
28,1852,1915,50520534,52050113,41.1878052,2927,1.93067837,0.000137876000,11,7.07915401,7.86634610e-06
28,1852,1915,50520534,52050113,41.1878052,2927,1.93067837,0.000137876000,12,7.72271347,6.68243047e-06
28,1852,1915,50520534,52050113,41.1878052,2927,1.93067837,0.000137876000,13,8.36627293,2.11857082e-06
28,1852,1915,50520534,52050113,41.1878052,2927,1.93067837,0.000137876000,14,9.00983238,1.06866753e-06
28,1852,1915,50520534,52050113,41.1878052,2927,1.93067837,0.000137876000,15,9.65339184,4.71000976e-06
28,1852,1915,50520534,52050113,41.1878052,2927,1.93067837,0.000137876000,16,10.2969513,3.32262289e-06
28,1852,1915,50520534,52050113,41.1878052,2927,1.93067837,0.000137876000,17,10.9405107,6.22814287e-06
28,1852,1915,50520534,52050113,41.1878052,2927,1.93067837,0.000137876000,18,11.5840702,7.11227858e-06
28,1852,1915,50520534,52050113,41.1878052,2927,1.93067837,0.000137876000,19,12.2276297,5.55738416e-06
28,1852,1915,50520534,52050113,41.1878052,2927,1.93067837,0.000137876000,20,12.8711891,1.35924045e-05
28,1852,1915,50520534,52050113,41.1878052,2927,1.93067837,0.000137876000,21,13.5147486,7.28183340e-06
28,1852,1915,50520534,52050113,41.1878052,2927,1.93067837,0.000137876000,22,14.1583080,4.52436143e-06
28,1852,1915,50520534,52050113,41.1878052,2927,1.93067837,0.000137876000,23,14.8018675,2.10107237e-06
28,1852,1915,50520534,52050113,41.1878052,2927,1.93067837,0.000137876000,24,15.4454269,1.61075150e-06
28,1852,1915,50520534,52050113,41.1878052,2927,1.93067837,0.000137876000,25,16.0889854,3.14972635e-06
28,1852,1915,50520534,52050113,41.1878052,2927,1.93067837,0.000137876000,26,16.7325459,4.35312540e-06
28,1852,1915,50520534,52050113,41.1878052,2927,1.93067837,0.000137876000,27,17.3761063,2.30581213e-06
28,1852,1915,50520534,52050113,41.1878052,2927,1.93067837,0.000137876000,28,18.0196648,2.41579414e-06
28,1852,1915,50520534,52050113,41.1878052,2927,1.93067837,0.000137876000,29,18.6632233,1.28794352e-06
28,1852,1915,50520534,52050113,41.1878052,2927,1.93067837,0.000137876000,30,19.3067837,2.27280111e-06
28,1852,1915,50520534,52050113,41.1878052,2927,1.93067837,0.000137876000,31,19.9503441,2.99118869e-06
28,1852,1915,50520534,52050113,41.1878052,2927,1.93067837,0.000137876000,32,20.5939026,1.98734767e-07
29,1916,1979,52074383,53603439,41.2018929,2913,0.643779576,0.000110744000,0,0.00000000,1.18027309e-05
29,1916,1979,52074383,53603439,41.2018929,2913,0.643779576,0.000110744000,1,0.643779576,0.000110744000
29,1916,1979,52074383,53603439,41.2018929,2913,0.643779576,0.000110744000,2,1.28755915,8.58578338e-05
29,1916,1979,52074383,53603439,41.2018929,2913,0.643779576,0.000110744000,3,1.93133879,4.22100960e-05
29,1916,1979,52074383,53603439,41.2018929,2913,0.643779576,0.000110744000,4,2.57511830,9.68344816e-05
29,1916,1979,52074383,53603439,41.2018929,2913,0.643779576,0.000110744000,5,3.21889782,3.41595327e-05
29,1916,1979,52074383,53603439,41.2018929,2913,0.643779576,0.000110744000,6,3.86267757,2.76818878e-05
29,1916,1979,52074383,53603439,41.2018929,2913,0.643779576,0.000110744000,7,4.50645685,8.91950822e-06
29,1916,1979,52074383,53603439,41.2018929,2913,0.643779576,0.000110744000,8,5.15023661,8.66989012e-06
29,1916,1979,52074383,53603439,41.2018929,2913,0.643779576,0.000110744000,9,5.79401636,6.31076227e-06
29,1916,1979,52074383,53603439,41.2018929,2913,0.643779576,0.000110744000,10,6.43779564,1.51288939e-05
29,1916,1979,52074383,53603439,41.2018929,2913,0.643779576,0.000110744000,11,7.08157539,1.06752385e-05
29,1916,1979,52074383,53603439,41.2018929,2913,0.643779576,0.000110744000,12,7.72535515,1.61183232e-05
29,1916,1979,52074383,53603439,41.2018929,2913,0.643779576,0.000110744000,13,8.36913490,1.05810530e-05
29,1916,1979,52074383,53603439,41.2018929,2913,0.643779576,0.000110744000,14,9.01291370,5.00926626e-06
29,1916,1979,52074383,53603439,41.2018929,2913,0.643779576,0.000110744000,15,9.65669346,4.05044329e-06
29,1916,1979,52074383,53603439,41.2018929,2913,0.643779576,0.000110744000,16,10.3004732,4.69252291e-06
29,1916,1979,52074383,53603439,41.2018929,2913,0.643779576,0.000110744000,17,10.9442530,1.15732663e-05
29,1916,1979,52074383,53603439,41.2018929,2913,0.643779576,0.000110744000,18,11.5880327,1.03186392e-05
29,1916,1979,52074383,53603439,41.2018929,2913,0.643779576,0.000110744000,19,12.2318115,5.41558666e-06
29,1916,1979,52074383,53603439,41.2018929,2913,0.643779576,0.000110744000,20,12.8755913,8.29354212e-06
29,1916,1979,52074383,53603439,41.2018929,2913,0.643779576,0.000110744000,21,13.5193710,2.04051753e-06
29,1916,1979,52074383,53603439,41.2018929,2913,0.643779576,0.000110744000,22,14.1631508,5.14709336e-06
29,1916,1979,52074383,53603439,41.2018929,2913,0.643779576,0.000110744000,23,14.8069305,5.31009118e-06
29,1916,1979,52074383,53603439,41.2018929,2913,0.643779576,0.000110744000,24,15.4507103,1.36230790e-06
29,1916,1979,52074383,53603439,41.2018929,2913,0.643779576,0.000110744000,25,16.0944901,3.08611425e-06
29,1916,1979,52074383,53603439,41.2018929,2913,0.643779576,0.000110744000,26,16.7382698,7.56004056e-06
29,1916,1979,52074383,53603439,41.2018929,2913,0.643779576,0.000110744000,27,17.3820477,1.45514512e-05
29,1916,1979,52074383,53603439,41.2018929,2913,0.643779576,0.000110744000,28,18.0258274,8.54401605e-06
29,1916,1979,52074383,53603439,41.2018929,2913,0.643779576,0.000110744000,29,18.6696072,5.70189286e-06
29,1916,1979,52074383,53603439,41.2018929,2913,0.643779576,0.000110744000,30,19.3133869,1.08000066e-05
29,1916,1979,52074383,53603439,41.2018929,2913,0.643779576,0.000110744000,31,19.9571667,9.36944070e-06
29,1916,1979,52074383,53603439,41.2018929,2913,0.643779576,0.000110744000,32,20.6009464,2.02337537e-06
30,1980,2043,53627717,55157302,41.1876411,2922,0.643556893,0.000115823000,0,0.00000000,4.69520703e-05
30,1980,2043,53627717,55157302,41.1876411,2922,0.643556893,0.000115823000,1,0.643556893,0.000115823000
30,1980,2043,53627717,55157302,41.1876411,2922,0.643556893,0.000115823000,2,1.28711379,6.45852260e-05
30,1980,2043,53627717,55157302,41.1876411,2922,0.643556893,0.000115823000,3,1.93067074,2.90362564e-05
30,1980,2043,53627717,55157302,41.1876411,2922,0.643556893,0.000115823000,4,2.57422757,4.61480006e-05
30,1980,2043,53627717,55157302,41.1876411,2922,0.643556893,0.000115823000,5,3.21778440,3.69642980e-05
30,1980,2043,53627717,55157302,41.1876411,2922,0.643556893,0.000115823000,6,3.86134148,1.82837591e-05
30,1980,2043,53627717,55157302,41.1876411,2922,0.643556893,0.000115823000,7,4.50489807,8.45491923e-06
30,1980,2043,53627717,55157302,41.1876411,2922,0.643556893,0.000115823000,8,5.14845514,7.19306399e-06
30,1980,2043,53627717,55157302,41.1876411,2922,0.643556893,0.000115823000,9,5.79201221,1.59440822e-05
30,1980,2043,53627717,55157302,41.1876411,2922,0.643556893,0.000115823000,10,6.43556881,1.59677454e-05
30,1980,2043,53627717,55157302,41.1876411,2922,0.643556893,0.000115823000,11,7.07912588,0.99766220e-05
30,1980,2043,53627717,55157302,41.1876411,2922,0.643556893,0.000115823000,12,7.72268295,2.28732894e-05
30,1980,2043,53627717,55157302,41.1876411,2922,0.643556893,0.000115823000,13,8.36623955,2.19411737e-05
30,1980,2043,53627717,55157302,41.1876411,2922,0.643556893,0.000115823000,14,9.00979614,1.50488465e-05
30,1980,2043,53627717,55157302,41.1876411,2922,0.643556893,0.000115823000,15,9.65335369,8.49030766e-06
30,1980,2043,53627717,55157302,41.1876411,2922,0.643556893,0.000115823000,16,10.2969103,3.28686701e-06
30,1980,2043,53627717,55157302,41.1876411,2922,0.643556893,0.000115823000,17,10.9404669,4.08362985e-06
30,1980,2043,53627717,55157302,41.1876411,2922,0.643556893,0.000115823000,18,11.5840244,1.49061377e-05
30,1980,2043,53627717,55157302,41.1876411,2922,0.643556893,0.000115823000,19,12.2275810,1.18780106e-05
30,1980,2043,53627717,55157302,41.1876411,2922,0.643556893,0.000115823000,20,12.8711376,7.78700632e-06
30,1980,2043,53627717,55157302,41.1876411,2922,0.643556893,0.000115823000,21,13.5146952,6.79546383e-06
30,1980,2043,53627717,55157302,41.1876411,2922,0.643556893,0.000115823000,22,14.1582518,2.47826711e-06
30,1980,2043,53627717,55157302,41.1876411,2922,0.643556893,0.000115823000,23,14.8018084,4.99547059e-06
30,1980,2043,53627717,55157302,41.1876411,2922,0.643556893,0.000115823000,24,15.4453659,4.12534564e-06
30,1980,2043,53627717,55157302,41.1876411,2922,0.643556893,0.000115823000,25,16.0889225,2.79527126e-06
30,1980,2043,53627717,55157302,41.1876411,2922,0.643556893,0.000115823000,26,16.7324791,4.89227568e-06
30,1980,2043,53627717,55157302,41.1876411,2922,0.643556893,0.000115823000,27,17.3760357,1.27593974e-05
30,1980,2043,53627717,55157302,41.1876411,2922,0.643556893,0.000115823000,28,18.0195923,6.87499687e-06
30,1980,2043,53627717,55157302,41.1876411,2922,0.643556893,0.000115823000,29,18.6631508,1.64976734e-06
30,1980,2043,53627717,55157302,41.1876411,2922,0.643556893,0.000115823000,30,19.3067074,3.62895435e-06
30,1980,2043,53627717,55157302,41.1876411,2922,0.643556893,0.000115823000,31,19.9502640,2.29233956e-06
30,1980,2043,53627717,55157302,41.1876411,2922,0.643556893,0.000115823000,32,20.5938206,6.03618553e-08
31,2044,2107,55181576,56711105,41.1891518,2925,1.28716099,0.000189765000,0,0.00000000,3.81631320e-05
31,2044,2107,55181576,56711105,41.1891518,2925,1.28716099,0.000189765000,1,0.643580496,0.000142579000
31,2044,2107,55181576,56711105,41.1891518,2925,1.28716099,0.000189765000,2,1.28716099,0.000189765000
31,2044,2107,55181576,56711105,41.1891518,2925,1.28716099,0.000189765000,3,1.93074155,0.000125754000
31,2044,2107,55181576,56711105,41.1891518,2925,1.28716099,0.000189765000,4,2.57432199,3.56042723e-05
31,2044,2107,55181576,56711105,41.1891518,2925,1.28716099,0.000189765000,5,3.21790242,2.73543024e-05
31,2044,2107,55181576,56711105,41.1891518,2925,1.28716099,0.000189765000,6,3.86148310,1.75099937e-05
31,2044,2107,55181576,56711105,41.1891518,2925,1.28716099,0.000189765000,7,4.50506353,1.76081428e-05
31,2044,2107,55181576,56711105,41.1891518,2925,1.28716099,0.000189765000,8,5.14864397,6.47316301e-06
31,2044,2107,55181576,56711105,41.1891518,2925,1.28716099,0.000189765000,9,5.79222441,2.42829788e-06
31,2044,2107,55181576,56711105,41.1891518,2925,1.28716099,0.000189765000,10,6.43580484,1.03447636e-05
31,2044,2107,55181576,56711105,41.1891518,2925,1.28716099,0.000189765000,11,7.07938528,9.53387917e-06
31,2044,2107,55181576,56711105,41.1891518,2925,1.28716099,0.000189765000,12,7.72296619,1.72921225e-05
31,2044,2107,55181576,56711105,41.1891518,2925,1.28716099,0.000189765000,13,8.36654663,1.29158150e-05
31,2044,2107,55181576,56711105,41.1891518,2925,1.28716099,0.000189765000,14,9.01012707,6.59116722e-06
31,2044,2107,55181576,56711105,41.1891518,2925,1.28716099,0.000189765000,15,9.65370750,7.17724731e-07
31,2044,2107,55181576,56711105,41.1891518,2925,1.28716099,0.000189765000,16,10.2972879,2.21141931e-06
31,2044,2107,55181576,56711105,41.1891518,2925,1.28716099,0.000189765000,17,10.9408684,7.35143612e-06
31,2044,2107,55181576,56711105,41.1891518,2925,1.28716099,0.000189765000,18,11.5844488,5.14672956e-06
31,2044,2107,55181576,56711105,41.1891518,2925,1.28716099,0.000189765000,19,12.2280293,4.11828478e-06
31,2044,2107,55181576,56711105,41.1891518,2925,1.28716099,0.000189765000,20,12.8716097,4.49578647e-06
31,2044,2107,55181576,56711105,41.1891518,2925,1.28716099,0.000189765000,21,13.5151901,5.38678023e-06
31,2044,2107,55181576,56711105,41.1891518,2925,1.28716099,0.000189765000,22,14.1587706,5.45272633e-06
31,2044,2107,55181576,56711105,41.1891518,2925,1.28716099,0.000189765000,23,14.8023510,3.76029880e-06
31,2044,2107,55181576,56711105,41.1891518,2925,1.28716099,0.000189765000,24,15.4459324,1.29270700e-06
31,2044,2107,55181576,56711105,41.1891518,2925,1.28716099,0.000189765000,25,16.0895119,3.67829921e-06
31,2044,2107,55181576,56711105,41.1891518,2925,1.28716099,0.000189765000,26,16.7330933,5.19752257e-06
31,2044,2107,55181576,56711105,41.1891518,2925,1.28716099,0.000189765000,27,17.3766727,1.02168904e-05
31,2044,2107,55181576,56711105,41.1891518,2925,1.28716099,0.000189765000,28,18.0202541,6.61981448e-06
31,2044,2107,55181576,56711105,41.1891518,2925,1.28716099,0.000189765000,29,18.6638336,8.40852499e-06
31,2044,2107,55181576,56711105,41.1891518,2925,1.28716099,0.000189765000,30,19.3074150,5.91899470e-06
31,2044,2107,55181576,56711105,41.1891518,2925,1.28716099,0.000189765000,31,19.9509945,1.04715900e-06
31,2044,2107,55181576,56711105,41.1891518,2925,1.28716099,0.000189765000,32,20.5945759,2.54633761e-07
32,2108,2171,56735384,58264412,41.2026482,2939,1.28758276,0.000203661000,0,0.00000000,1.64160681e-05
32,2108,2171,56735384,58264412,41.2026482,2939,1.28758276,0.000203661000,1,0.643791378,0.000156665000
32,2108,2171,56735384,58264412,41.2026482,2939,1.28758276,0.000203661000,2,1.28758276,0.000203661000
32,2108,2171,56735384,58264412,41.2026482,2939,1.28758276,0.000203661000,3,1.93137407,0.000135281000
32,2108,2171,56735384,58264412,41.2026482,2939,1.28758276,0.000203661000,4,2.57516551,4.96631285e-05
32,2108,2171,56735384,58264412,41.2026482,2939,1.28758276,0.000203661000,5,3.21895695,3.46124684e-05
32,2108,2171,56735384,58264412,41.2026482,2939,1.28758276,0.000203661000,6,3.86274815,4.14031959e-05
32,2108,2171,56735384,58264412,41.2026482,2939,1.28758276,0.000203661000,7,4.50653982,2.04094373e-05
32,2108,2171,56735384,58264412,41.2026482,2939,1.28758276,0.000203661000,8,5.15033102,2.14203510e-06
32,2108,2171,56735384,58264412,41.2026482,2939,1.28758276,0.000203661000,9,5.79412222,8.32258502e-06
32,2108,2171,56735384,58264412,41.2026482,2939,1.28758276,0.000203661000,10,6.43791389,1.19897502e-05
32,2108,2171,56735384,58264412,41.2026482,2939,1.28758276,0.000203661000,11,7.08170509,1.71586632e-05
32,2108,2171,56735384,58264412,41.2026482,2939,1.28758276,0.000203661000,12,7.72549629,2.36281681e-05
32,2108,2171,56735384,58264412,41.2026482,2939,1.28758276,0.000203661000,13,8.36928749,2.31129230e-05
32,2108,2171,56735384,58264412,41.2026482,2939,1.28758276,0.000203661000,14,9.01307964,1.56162712e-05
32,2108,2171,56735384,58264412,41.2026482,2939,1.28758276,0.000203661000,15,9.65687084,4.08620599e-06
32,2108,2171,56735384,58264412,41.2026482,2939,1.28758276,0.000203661000,16,10.3006620,2.67121936e-06
32,2108,2171,56735384,58264412,41.2026482,2939,1.28758276,0.000203661000,17,10.9444532,2.46529066e-06
32,2108,2171,56735384,58264412,41.2026482,2939,1.28758276,0.000203661000,18,11.5882444,2.02620276e-06
32,2108,2171,56735384,58264412,41.2026482,2939,1.28758276,0.000203661000,19,12.2320366,3.76884805e-06
32,2108,2171,56735384,58264412,41.2026482,2939,1.28758276,0.000203661000,20,12.8758278,8.67491963e-06
32,2108,2171,56735384,58264412,41.2026482,2939,1.28758276,0.000203661000,21,13.5196190,8.54309746e-06
32,2108,2171,56735384,58264412,41.2026482,2939,1.28758276,0.000203661000,22,14.1634102,7.82010466e-06
32,2108,2171,56735384,58264412,41.2026482,2939,1.28758276,0.000203661000,23,14.8072014,4.99458201e-06
32,2108,2171,56735384,58264412,41.2026482,2939,1.28758276,0.000203661000,24,15.4509926,1.08036011e-06
32,2108,2171,56735384,58264412,41.2026482,2939,1.28758276,0.000203661000,25,16.0947838,3.12669158e-06
32,2108,2171,56735384,58264412,41.2026482,2939,1.28758276,0.000203661000,26,16.7385750,1.77729282e-06
32,2108,2171,56735384,58264412,41.2026482,2939,1.28758276,0.000203661000,27,17.3823681,4.58729801e-06
32,2108,2171,56735384,58264412,41.2026482,2939,1.28758276,0.000203661000,28,18.0261593,7.40229780e-06
32,2108,2171,56735384,58264412,41.2026482,2939,1.28758276,0.000203661000,29,18.6699505,3.49896050e-06
32,2108,2171,56735384,58264412,41.2026482,2939,1.28758276,0.000203661000,30,19.3137417,2.74372769e-06
32,2108,2171,56735384,58264412,41.2026482,2939,1.28758276,0.000203661000,31,19.9575329,2.06850768e-06
32,2108,2171,56735384,58264412,41.2026482,2939,1.28758276,0.000203661000,32,20.6013241,2.39703752e-07
33,2172,2235,58288698,59818276,41.1878319,2960,1.28711975,0.000198735000,0,0.00000000,3.58672800e-05
33,2172,2235,58288698,59818276,41.1878319,2960,1.28711975,0.000198735000,1,0.643559873,0.000132151000
33,2172,2235,58288698,59818276,41.1878319,2960,1.28711975,0.000198735000,2,1.28711975,0.000198735000
33,2172,2235,58288698,59818276,41.1878319,2960,1.28711975,0.000198735000,3,1.93067956,0.000160743000
33,2172,2235,58288698,59818276,41.1878319,2960,1.28711975,0.000198735000,4,2.57423949,7.43898116e-05
33,2172,2235,58288698,59818276,41.1878319,2960,1.28711975,0.000198735000,5,3.21779943,2.04205696e-05
33,2172,2235,58288698,59818276,41.1878319,2960,1.28711975,0.000198735000,6,3.86135912,7.95357391e-06
33,2172,2235,58288698,59818276,41.1878319,2960,1.28711975,0.000198735000,7,4.50491905,6.74142029e-06
33,2172,2235,58288698,59818276,41.1878319,2960,1.28711975,0.000198735000,8,5.14847898,1.02331004e-05
33,2172,2235,58288698,59818276,41.1878319,2960,1.28711975,0.000198735000,9,5.79203892,8.21155299e-06
33,2172,2235,58288698,59818276,41.1878319,2960,1.28711975,0.000198735000,10,6.43559885,1.12204114e-05
33,2172,2235,58288698,59818276,41.1878319,2960,1.28711975,0.000198735000,11,7.07915878,1.06638880e-05
33,2172,2235,58288698,59818276,41.1878319,2960,1.28711975,0.000198735000,12,7.72271824,1.21519659e-05
33,2172,2235,58288698,59818276,41.1878319,2960,1.28711975,0.000198735000,13,8.36627865,3.23551194e-06
33,2172,2235,58288698,59818276,41.1878319,2960,1.28711975,0.000198735000,14,9.00983810,1.10675626e-06
33,2172,2235,58288698,59818276,41.1878319,2960,1.28711975,0.000198735000,15,9.65339851,6.23975757e-06
33,2172,2235,58288698,59818276,41.1878319,2960,1.28711975,0.000198735000,16,10.2969580,1.75486377e-06
33,2172,2235,58288698,59818276,41.1878319,2960,1.28711975,0.000198735000,17,10.9405174,5.60994249e-06
33,2172,2235,58288698,59818276,41.1878319,2960,1.28711975,0.000198735000,18,11.5840778,3.42366752e-06
33,2172,2235,58288698,59818276,41.1878319,2960,1.28711975,0.000198735000,19,12.2276373,6.86525254e-06
33,2172,2235,58288698,59818276,41.1878319,2960,1.28711975,0.000198735000,20,12.8711977,1.37137065e-05
33,2172,2235,58288698,59818276,41.1878319,2960,1.28711975,0.000198735000,21,13.5147572,1.11278303e-05
33,2172,2235,58288698,59818276,41.1878319,2960,1.28711975,0.000198735000,22,14.1583176,3.76510161e-06
33,2172,2235,58288698,59818276,41.1878319,2960,1.28711975,0.000198735000,23,14.8018770,1.38795406e-06
33,2172,2235,58288698,59818276,41.1878319,2960,1.28711975,0.000198735000,24,15.4454365,2.34886033e-06
33,2172,2235,58288698,59818276,41.1878319,2960,1.28711975,0.000198735000,25,16.0889969,2.33890910e-06
33,2172,2235,58288698,59818276,41.1878319,2960,1.28711975,0.000198735000,26,16.7325573,3.75041100e-06
33,2172,2235,58288698,59818276,41.1878319,2960,1.28711975,0.000198735000,27,17.3761158,4.02537080e-06
33,2172,2235,58288698,59818276,41.1878319,2960,1.28711975,0.000198735000,28,18.0196762,3.53267706e-06
33,2172,2235,58288698,59818276,41.1878319,2960,1.28711975,0.000198735000,29,18.6632366,4.23801430e-06
33,2172,2235,58288698,59818276,41.1878319,2960,1.28711975,0.000198735000,30,19.3067970,6.64143863e-06
33,2172,2235,58288698,59818276,41.1878319,2960,1.28711975,0.000198735000,31,19.9503555,4.21992581e-06
33,2172,2235,58288698,59818276,41.1878319,2960,1.28711975,0.000198735000,32,20.5939159,9.57370847e-08
34,2236,2299,59842575,61372022,41.1913605,2946,0.643615007,0.000207841000,0,0.00000000,5.16946049e-05
34,2236,2299,59842575,61372022,41.1913605,2946,0.643615007,0.000207841000,1,0.643615007,0.000207841000
34,2236,2299,59842575,61372022,41.1913605,2946,0.643615007,0.000207841000,2,1.28723001,0.000136295000
34,2236,2299,59842575,61372022,41.1913605,2946,0.643615007,0.000207841000,3,1.93084502,5.70870389e-05
34,2236,2299,59842575,61372022,41.1913605,2946,0.643615007,0.000207841000,4,2.57446003,6.50471329e-05
34,2236,2299,59842575,61372022,41.1913605,2946,0.643615007,0.000207841000,5,3.21807504,5.25686948e-05
34,2236,2299,59842575,61372022,41.1913605,2946,0.643615007,0.000207841000,6,3.86169004,3.64864895e-05
34,2236,2299,59842575,61372022,41.1913605,2946,0.643615007,0.000207841000,7,4.50530529,1.94391920e-05
34,2236,2299,59842575,61372022,41.1913605,2946,0.643615007,0.000207841000,8,5.14892006,5.18391789e-06
34,2236,2299,59842575,61372022,41.1913605,2946,0.643615007,0.000207841000,9,5.79253483,1.26348203e-05
34,2236,2299,59842575,61372022,41.1913605,2946,0.643615007,0.000207841000,10,6.43615007,2.03372198e-05
34,2236,2299,59842575,61372022,41.1913605,2946,0.643615007,0.000207841000,11,7.07976532,2.36596512e-05
34,2236,2299,59842575,61372022,41.1913605,2946,0.643615007,0.000207841000,12,7.72338009,1.82011442e-05
34,2236,2299,59842575,61372022,41.1913605,2946,0.643615007,0.000207841000,13,8.36699486,2.28773785e-05
34,2236,2299,59842575,61372022,41.1913605,2946,0.643615007,0.000207841000,14,9.01061058,1.58639011e-05
34,2236,2299,59842575,61372022,41.1913605,2946,0.643615007,0.000207841000,15,9.65422535,5.03074261e-06
34,2236,2299,59842575,61372022,41.1913605,2946,0.643615007,0.000207841000,16,10.2978401,2.20589709e-06
34,2236,2299,59842575,61372022,41.1913605,2946,0.643615007,0.000207841000,17,10.9414549,4.12621512e-06
34,2236,2299,59842575,61372022,41.1913605,2946,0.643615007,0.000207841000,18,11.5850697,8.13475071e-06
34,2236,2299,59842575,61372022,41.1913605,2946,0.643615007,0.000207841000,19,12.2286854,1.10816544e-05
34,2236,2299,59842575,61372022,41.1913605,2946,0.643615007,0.000207841000,20,12.8723001,1.44346320e-05
34,2236,2299,59842575,61372022,41.1913605,2946,0.643615007,0.000207841000,21,13.5159149,1.12600126e-05
34,2236,2299,59842575,61372022,41.1913605,2946,0.643615007,0.000207841000,22,14.1595306,5.51575022e-06
34,2236,2299,59842575,61372022,41.1913605,2946,0.643615007,0.000207841000,23,14.8031454,2.72439866e-06
34,2236,2299,59842575,61372022,41.1913605,2946,0.643615007,0.000207841000,24,15.4467602,3.71998817e-06
34,2236,2299,59842575,61372022,41.1913605,2946,0.643615007,0.000207841000,25,16.0903759,4.51307915e-06
34,2236,2299,59842575,61372022,41.1913605,2946,0.643615007,0.000207841000,26,16.7339897,7.84369513e-06
34,2236,2299,59842575,61372022,41.1913605,2946,0.643615007,0.000207841000,27,17.3776054,0.99268208e-05
34,2236,2299,59842575,61372022,41.1913605,2946,0.643615007,0.000207841000,28,18.0212212,8.90670890e-06
34,2236,2299,59842575,61372022,41.1913605,2946,0.643615007,0.000207841000,29,18.6648350,7.66533412e-06
34,2236,2299,59842575,61372022,41.1913605,2946,0.643615007,0.000207841000,30,19.3084507,5.42623047e-06
34,2236,2299,59842575,61372022,41.1913605,2946,0.643615007,0.000207841000,31,19.9520645,3.88169428e-06
34,2236,2299,59842575,61372022,41.1913605,2946,0.643615007,0.000207841000,32,20.5956802,1.34446373e-06
35,2300,2363,61396419,62925450,41.2025642,2923,0.643790066,0.000105628000,0,0.00000000,4.57944998e-06
35,2300,2363,61396419,62925450,41.2025642,2923,0.643790066,0.000105628000,1,0.643790066,0.000105628000
35,2300,2363,61396419,62925450,41.2025642,2923,0.643790066,0.000105628000,2,1.28758013,8.29229454e-05
35,2300,2363,61396419,62925450,41.2025642,2923,0.643790066,0.000105628000,3,1.93137026,6.57163318e-05
35,2300,2363,61396419,62925450,41.2025642,2923,0.643790066,0.000105628000,4,2.57516026,2.33828065e-05
35,2300,2363,61396419,62925450,41.2025642,2923,0.643790066,0.000105628000,5,3.21895027,4.40583383e-05
35,2300,2363,61396419,62925450,41.2025642,2923,0.643790066,0.000105628000,6,3.86274052,3.60170265e-05
35,2300,2363,61396419,62925450,41.2025642,2923,0.643790066,0.000105628000,7,4.50653028,2.33515308e-05
35,2300,2363,61396419,62925450,41.2025642,2923,0.643790066,0.000105628000,8,5.15032053,4.32958132e-06
35,2300,2363,61396419,62925450,41.2025642,2923,0.643790066,0.000105628000,9,5.79411077,7.40010319e-06
35,2300,2363,61396419,62925450,41.2025642,2923,0.643790066,0.000105628000,10,6.43790054,6.32161664e-06
35,2300,2363,61396419,62925450,41.2025642,2923,0.643790066,0.000105628000,11,7.08169079,8.03262901e-06
35,2300,2363,61396419,62925450,41.2025642,2923,0.643790066,0.000105628000,12,7.72548103,1.05552225e-05
35,2300,2363,61396419,62925450,41.2025642,2923,0.643790066,0.000105628000,13,8.36927128,6.33796526e-06
35,2300,2363,61396419,62925450,41.2025642,2923,0.643790066,0.000105628000,14,9.01306057,1.32467447e-05
35,2300,2363,61396419,62925450,41.2025642,2923,0.643790066,0.000105628000,15,9.65685081,1.11052103e-05
35,2300,2363,61396419,62925450,41.2025642,2923,0.643790066,0.000105628000,16,10.3006411,2.87245894e-06
35,2300,2363,61396419,62925450,41.2025642,2923,0.643790066,0.000105628000,17,10.9444313,6.21098025e-06
35,2300,2363,61396419,62925450,41.2025642,2923,0.643790066,0.000105628000,18,11.5882215,2.00255727e-06
35,2300,2363,61396419,62925450,41.2025642,2923,0.643790066,0.000105628000,19,12.2320108,9.39975507e-06
35,2300,2363,61396419,62925450,41.2025642,2923,0.643790066,0.000105628000,20,12.8758011,1.91396154e-05
35,2300,2363,61396419,62925450,41.2025642,2923,0.643790066,0.000105628000,21,13.5195913,1.36878278e-05
35,2300,2363,61396419,62925450,41.2025642,2923,0.643790066,0.000105628000,22,14.1633816,7.24075244e-06
35,2300,2363,61396419,62925450,41.2025642,2923,0.643790066,0.000105628000,23,14.8071718,1.71432771e-06
35,2300,2363,61396419,62925450,41.2025642,2923,0.643790066,0.000105628000,24,15.4509621,2.08718802e-06
35,2300,2363,61396419,62925450,41.2025642,2923,0.643790066,0.000105628000,25,16.0947514,4.09713948e-06
35,2300,2363,61396419,62925450,41.2025642,2923,0.643790066,0.000105628000,26,16.7385426,6.40935059e-06
35,2300,2363,61396419,62925450,41.2025642,2923,0.643790066,0.000105628000,27,17.3823318,8.89712101e-06
35,2300,2363,61396419,62925450,41.2025642,2923,0.643790066,0.000105628000,28,18.0261211,1.12897949e-05
35,2300,2363,61396419,62925450,41.2025642,2923,0.643790066,0.000105628000,29,18.6699123,8.60228374e-06
35,2300,2363,61396419,62925450,41.2025642,2923,0.643790066,0.000105628000,30,19.3137016,4.03562126e-06
35,2300,2363,61396419,62925450,41.2025642,2923,0.643790066,0.000105628000,31,19.9574928,4.16178591e-06
35,2300,2363,61396419,62925450,41.2025642,2923,0.643790066,0.000105628000,32,20.6012821,2.25462486e-06
36,2364,2427,62949720,64479143,41.1920052,2924,1.28725016,0.000183334000,0,0.00000000,1.87531816e-06
36,2364,2427,62949720,64479143,41.1920052,2924,1.28725016,0.000183334000,1,0.643625081,0.000134847000
36,2364,2427,62949720,64479143,41.1920052,2924,1.28725016,0.000183334000,2,1.28725016,0.000183334000
36,2364,2427,62949720,64479143,41.1920052,2924,1.28725016,0.000183334000,3,1.93087530,9.02348825e-05
36,2364,2427,62949720,64479143,41.1920052,2924,1.28725016,0.000183334000,4,2.57450032,3.30965335e-05
36,2364,2427,62949720,64479143,41.1920052,2924,1.28725016,0.000183334000,5,3.21812534,4.17123914e-05
36,2364,2427,62949720,64479143,41.1920052,2924,1.28725016,0.000183334000,6,3.86175060,3.07870719e-05
36,2364,2427,62949720,64479143,41.1920052,2924,1.28725016,0.000183334000,7,4.50537539,9.78334720e-06
36,2364,2427,62949720,64479143,41.1920052,2924,1.28725016,0.000183334000,8,5.14900064,7.37961045e-06
36,2364,2427,62949720,64479143,41.1920052,2924,1.28725016,0.000183334000,9,5.79262590,1.37042205e-05
36,2364,2427,62949720,64479143,41.1920052,2924,1.28725016,0.000183334000,10,6.43625069,2.02811695e-05
36,2364,2427,62949720,64479143,41.1920052,2924,1.28725016,0.000183334000,11,7.07987595,1.49071409e-05
36,2364,2427,62949720,64479143,41.1920052,2924,1.28725016,0.000183334000,12,7.72350121,1.36013748e-05
36,2364,2427,62949720,64479143,41.1920052,2924,1.28725016,0.000183334000,13,8.36712646,2.85567562e-05
36,2364,2427,62949720,64479143,41.1920052,2924,1.28725016,0.000183334000,14,9.01075077,3.14778113e-05
36,2364,2427,62949720,64479143,41.1920052,2924,1.28725016,0.000183334000,15,9.65437603,1.52513328e-05
36,2364,2427,62949720,64479143,41.1920052,2924,1.28725016,0.000183334000,16,10.2980013,3.62747255e-06
36,2364,2427,62949720,64479143,41.1920052,2924,1.28725016,0.000183334000,17,10.9416265,2.83040345e-06
36,2364,2427,62949720,64479143,41.1920052,2924,1.28725016,0.000183334000,18,11.5852518,5.01865634e-06
36,2364,2427,62949720,64479143,41.1920052,2924,1.28725016,0.000183334000,19,12.2288761,7.25382552e-06
36,2364,2427,62949720,64479143,41.1920052,2924,1.28725016,0.000183334000,20,12.8725014,5.85649605e-06
36,2364,2427,62949720,64479143,41.1920052,2924,1.28725016,0.000183334000,21,13.5161266,6.20709716e-06
36,2364,2427,62949720,64479143,41.1920052,2924,1.28725016,0.000183334000,22,14.1597519,4.78160337e-06
36,2364,2427,62949720,64479143,41.1920052,2924,1.28725016,0.000183334000,23,14.8033772,3.47833975e-06
36,2364,2427,62949720,64479143,41.1920052,2924,1.28725016,0.000183334000,24,15.4470024,3.13607802e-06
36,2364,2427,62949720,64479143,41.1920052,2924,1.28725016,0.000183334000,25,16.0906277,1.72340572e-06
36,2364,2427,62949720,64479143,41.1920052,2924,1.28725016,0.000183334000,26,16.7342529,3.51672816e-06
36,2364,2427,62949720,64479143,41.1920052,2924,1.28725016,0.000183334000,27,17.3778763,4.93745620e-06
36,2364,2427,62949720,64479143,41.1920052,2924,1.28725016,0.000183334000,28,18.0215015,3.62286596e-06
36,2364,2427,62949720,64479143,41.1920052,2924,1.28725016,0.000183334000,29,18.6651268,3.72942054e-06
36,2364,2427,62949720,64479143,41.1920052,2924,1.28725016,0.000183334000,30,19.3087521,4.60576484e-06
36,2364,2427,62949720,64479143,41.1920052,2924,1.28725016,0.000183334000,31,19.9523773,6.52569679e-06
36,2364,2427,62949720,64479143,41.1920052,2924,1.28725016,0.000183334000,32,20.5960026,5.59656996e-07
37,2428,2491,64503421,66032549,41.1999512,2917,0.643749237,0.000323094000,0,0.00000000,0.000129633000
37,2428,2491,64503421,66032549,41.1999512,2917,0.643749237,0.000323094000,1,0.643749237,0.000323094000
37,2428,2491,64503421,66032549,41.1999512,2917,0.643749237,0.000323094000,2,1.28749847,0.000195738000
37,2428,2491,64503421,66032549,41.1999512,2917,0.643749237,0.000323094000,3,1.93124771,0.000104377000
37,2428,2491,64503421,66032549,41.1999512,2917,0.643749237,0.000323094000,4,2.57499695,0.000112456000
37,2428,2491,64503421,66032549,41.1999512,2917,0.643749237,0.000323094000,5,3.21874619,6.41915967e-05
37,2428,2491,64503421,66032549,41.1999512,2917,0.643749237,0.000323094000,6,3.86249542,3.20568574e-05
37,2428,2491,64503421,66032549,41.1999512,2917,0.643749237,0.000323094000,7,4.50624466,3.11182298e-05
37,2428,2491,64503421,66032549,41.1999512,2917,0.643749237,0.000323094000,8,5.14999390,9.15626799e-07
37,2428,2491,64503421,66032549,41.1999512,2917,0.643749237,0.000323094000,9,5.79374313,1.06324840e-05
37,2428,2491,64503421,66032549,41.1999512,2917,0.643749237,0.000323094000,10,6.43749237,8.52040284e-06
37,2428,2491,64503421,66032549,41.1999512,2917,0.643749237,0.000323094000,11,7.08124161,7.61939691e-06
37,2428,2491,64503421,66032549,41.1999512,2917,0.643749237,0.000323094000,12,7.72499084,1.92838431e-05
37,2428,2491,64503421,66032549,41.1999512,2917,0.643749237,0.000323094000,13,8.36874008,2.55557785e-05
37,2428,2491,64503421,66032549,41.1999512,2917,0.643749237,0.000323094000,14,9.01248932,1.45385300e-05
37,2428,2491,64503421,66032549,41.1999512,2917,0.643749237,0.000323094000,15,9.65623856,3.64518746e-06
37,2428,2491,64503421,66032549,41.1999512,2917,0.643749237,0.000323094000,16,10.2999878,3.09476854e-06
37,2428,2491,64503421,66032549,41.1999512,2917,0.643749237,0.000323094000,17,10.9437370,3.95895222e-06
37,2428,2491,64503421,66032549,41.1999512,2917,0.643749237,0.000323094000,18,11.5874863,2.70464511e-06
37,2428,2491,64503421,66032549,41.1999512,2917,0.643749237,0.000323094000,19,12.2312355,7.00460669e-06
37,2428,2491,64503421,66032549,41.1999512,2917,0.643749237,0.000323094000,20,12.8749847,8.14952364e-06
37,2428,2491,64503421,66032549,41.1999512,2917,0.643749237,0.000323094000,21,13.5187340,5.88344801e-06
37,2428,2491,64503421,66032549,41.1999512,2917,0.643749237,0.000323094000,22,14.1624832,4.29785450e-06
37,2428,2491,64503421,66032549,41.1999512,2917,0.643749237,0.000323094000,23,14.8062325,2.54949691e-06
37,2428,2491,64503421,66032549,41.1999512,2917,0.643749237,0.000323094000,24,15.4499817,1.57421243e-06
37,2428,2491,64503421,66032549,41.1999512,2917,0.643749237,0.000323094000,25,16.0937309,2.80548693e-06
37,2428,2491,64503421,66032549,41.1999512,2917,0.643749237,0.000323094000,26,16.7374802,2.39754058e-06
37,2428,2491,64503421,66032549,41.1999512,2917,0.643749237,0.000323094000,27,17.3812294,2.36605115e-06
37,2428,2491,64503421,66032549,41.1999512,2917,0.643749237,0.000323094000,28,18.0249786,2.23788743e-06
37,2428,2491,64503421,66032549,41.1999512,2917,0.643749237,0.000323094000,29,18.6687279,5.36033303e-06
37,2428,2491,64503421,66032549,41.1999512,2917,0.643749237,0.000323094000,30,19.3124771,4.30912178e-06
37,2428,2491,64503421,66032549,41.1999512,2917,0.643749237,0.000323094000,31,19.9562263,3.86125521e-06
37,2428,2491,64503421,66032549,41.1999512,2917,0.643749237,0.000323094000,32,20.5999756,2.16242984e-06
38,2492,2555,66056814,67586301,41.1902809,2930,1.28719628,0.000154422000,0,0.00000000,2.84203611e-05
38,2492,2555,66056814,67586301,41.1902809,2930,1.28719628,0.000154422000,1,0.643598139,0.000119884000
38,2492,2555,66056814,67586301,41.1902809,2930,1.28719628,0.000154422000,2,1.28719628,0.000154422000
38,2492,2555,66056814,67586301,41.1902809,2930,1.28719628,0.000154422000,3,1.93079448,6.00846061e-05
38,2492,2555,66056814,67586301,41.1902809,2930,1.28719628,0.000154422000,4,2.57439256,7.44907811e-06
38,2492,2555,66056814,67586301,41.1902809,2930,1.28719628,0.000154422000,5,3.21799064,1.17449397e-05
38,2492,2555,66056814,67586301,41.1902809,2930,1.28719628,0.000154422000,6,3.86158895,2.81594635e-05
38,2492,2555,66056814,67586301,41.1902809,2930,1.28719628,0.000154422000,7,4.50518703,1.37109589e-05
38,2492,2555,66056814,67586301,41.1902809,2930,1.28719628,0.000154422000,8,5.14878511,1.09209839e-06
38,2492,2555,66056814,67586301,41.1902809,2930,1.28719628,0.000154422000,9,5.79238319,1.35203307e-05
38,2492,2555,66056814,67586301,41.1902809,2930,1.28719628,0.000154422000,10,6.43598127,1.49322539e-05
38,2492,2555,66056814,67586301,41.1902809,2930,1.28719628,0.000154422000,11,7.07957935,1.77974632e-05
38,2492,2555,66056814,67586301,41.1902809,2930,1.28719628,0.000154422000,12,7.72317791,1.61110108e-05
38,2492,2555,66056814,67586301,41.1902809,2930,1.28719628,0.000154422000,13,8.36677551,1.74867980e-05
38,2492,2555,66056814,67586301,41.1902809,2930,1.28719628,0.000154422000,14,9.01037407,3.86736383e-06
38,2492,2555,66056814,67586301,41.1902809,2930,1.28719628,0.000154422000,15,9.65397167,2.34539198e-06
38,2492,2555,66056814,67586301,41.1902809,2930,1.28719628,0.000154422000,16,10.2975702,1.89580828e-06
38,2492,2555,66056814,67586301,41.1902809,2930,1.28719628,0.000154422000,17,10.9411688,8.95310313e-06
38,2492,2555,66056814,67586301,41.1902809,2930,1.28719628,0.000154422000,18,11.5847664,2.23170036e-06
38,2492,2555,66056814,67586301,41.1902809,2930,1.28719628,0.000154422000,19,12.2283649,8.51644472e-06
38,2492,2555,66056814,67586301,41.1902809,2930,1.28719628,0.000154422000,20,12.8719625,2.75646198e-06
38,2492,2555,66056814,67586301,41.1902809,2930,1.28719628,0.000154422000,21,13.5155611,5.01106615e-06
38,2492,2555,66056814,67586301,41.1902809,2930,1.28719628,0.000154422000,22,14.1591587,2.83663394e-06
38,2492,2555,66056814,67586301,41.1902809,2930,1.28719628,0.000154422000,23,14.8027573,1.50840026e-06
38,2492,2555,66056814,67586301,41.1902809,2930,1.28719628,0.000154422000,24,15.4463558,1.22856625e-06
38,2492,2555,66056814,67586301,41.1902809,2930,1.28719628,0.000154422000,25,16.0899544,4.04703542e-06
38,2492,2555,66056814,67586301,41.1902809,2930,1.28719628,0.000154422000,26,16.7335510,3.68499695e-06
38,2492,2555,66056814,67586301,41.1902809,2930,1.28719628,0.000154422000,27,17.3771496,1.43746070e-06
38,2492,2555,66056814,67586301,41.1902809,2930,1.28719628,0.000154422000,28,18.0207481,6.58433373e-06
38,2492,2555,66056814,67586301,41.1902809,2930,1.28719628,0.000154422000,29,18.6643467,4.59877674e-06
38,2492,2555,66056814,67586301,41.1902809,2930,1.28719628,0.000154422000,30,19.3079433,2.66009033e-06
38,2492,2555,66056814,67586301,41.1902809,2930,1.28719628,0.000154422000,31,19.9515419,4.91300852e-06
38,2492,2555,66056814,67586301,41.1902809,2930,1.28719628,0.000154422000,32,20.5951405,3.27311045e-06
39,2556,2619,67610572,69140100,41.1891785,2968,0.643580914,0.000132835000,0,0.00000000,2.15358320e-05
39,2556,2619,67610572,69140100,41.1891785,2968,0.643580914,0.000132835000,1,0.643580914,0.000132835000
39,2556,2619,67610572,69140100,41.1891785,2968,0.643580914,0.000132835000,2,1.28716183,0.000111973000
39,2556,2619,67610572,69140100,41.1891785,2968,0.643580914,0.000132835000,3,1.93074274,4.75754889e-05
39,2556,2619,67610572,69140100,41.1891785,2968,0.643580914,0.000132835000,4,2.57432365,2.71724398e-05
39,2556,2619,67610572,69140100,41.1891785,2968,0.643580914,0.000132835000,5,3.21790457,7.22857938e-05
39,2556,2619,67610572,69140100,41.1891785,2968,0.643580914,0.000132835000,6,3.86148548,3.11809085e-05
39,2556,2619,67610572,69140100,41.1891785,2968,0.643580914,0.000132835000,7,4.50506639,8.66542086e-06
39,2556,2619,67610572,69140100,41.1891785,2968,0.643580914,0.000132835000,8,5.14864731,4.77398316e-06
39,2556,2619,67610572,69140100,41.1891785,2968,0.643580914,0.000132835000,9,5.79222822,1.12747919e-05
39,2556,2619,67610572,69140100,41.1891785,2968,0.643580914,0.000132835000,10,6.43580914,1.48596844e-05
39,2556,2619,67610572,69140100,41.1891785,2968,0.643580914,0.000132835000,11,7.07939005,1.62208596e-05
39,2556,2619,67610572,69140100,41.1891785,2968,0.643580914,0.000132835000,12,7.72297096,1.36728975e-05
39,2556,2619,67610572,69140100,41.1891785,2968,0.643580914,0.000132835000,13,8.36655235,5.62420552e-07
39,2556,2619,67610572,69140100,41.1891785,2968,0.643580914,0.000132835000,14,9.01013279,7.92796982e-06
39,2556,2619,67610572,69140100,41.1891785,2968,0.643580914,0.000132835000,15,9.65371323,4.56416456e-06
39,2556,2619,67610572,69140100,41.1891785,2968,0.643580914,0.000132835000,16,10.2972946,3.12909629e-06
39,2556,2619,67610572,69140100,41.1891785,2968,0.643580914,0.000132835000,17,10.9408760,3.11169924e-06
39,2556,2619,67610572,69140100,41.1891785,2968,0.643580914,0.000132835000,18,11.5844564,4.57845454e-06
39,2556,2619,67610572,69140100,41.1891785,2968,0.643580914,0.000132835000,19,12.2280369,1.02529792e-05
39,2556,2619,67610572,69140100,41.1891785,2968,0.643580914,0.000132835000,20,12.8716183,9.00575651e-06
39,2556,2619,67610572,69140100,41.1891785,2968,0.643580914,0.000132835000,21,13.5151997,6.21492836e-06
39,2556,2619,67610572,69140100,41.1891785,2968,0.643580914,0.000132835000,22,14.1587801,2.50148537e-06
39,2556,2619,67610572,69140100,41.1891785,2968,0.643580914,0.000132835000,23,14.8023605,4.66551637e-06
39,2556,2619,67610572,69140100,41.1891785,2968,0.643580914,0.000132835000,24,15.4459419,2.34677327e-06
39,2556,2619,67610572,69140100,41.1891785,2968,0.643580914,0.000132835000,25,16.0895233,4.43175395e-06
39,2556,2619,67610572,69140100,41.1891785,2968,0.643580914,0.000132835000,26,16.7331047,3.38769496e-06
39,2556,2619,67610572,69140100,41.1891785,2968,0.643580914,0.000132835000,27,17.3766842,1.69096188e-06
39,2556,2619,67610572,69140100,41.1891785,2968,0.643580914,0.000132835000,28,18.0202656,5.25413316e-06
39,2556,2619,67610572,69140100,41.1891785,2968,0.643580914,0.000132835000,29,18.6638470,1.04022491e-05
39,2556,2619,67610572,69140100,41.1891785,2968,0.643580914,0.000132835000,30,19.3074265,9.13035456e-06
39,2556,2619,67610572,69140100,41.1891785,2968,0.643580914,0.000132835000,31,19.9510078,3.10633209e-06
39,2556,2619,67610572,69140100,41.1891785,2968,0.643580914,0.000132835000,32,20.5945892,5.09418555e-07
40,2620,2683,69164397,70693494,41.2007866,2930,1.28752458,0.000125223000,0,0.00000000,2.53878385e-05
40,2620,2683,69164397,70693494,41.2007866,2930,1.28752458,0.000125223000,1,0.643762290,6.21636418e-05
40,2620,2683,69164397,70693494,41.2007866,2930,1.28752458,0.000125223000,2,1.28752458,0.000125223000
40,2620,2683,69164397,70693494,41.2007866,2930,1.28752458,0.000125223000,3,1.93128681,0.000118436000
40,2620,2683,69164397,70693494,41.2007866,2930,1.28752458,0.000125223000,4,2.57504916,8.47167600e-05
40,2620,2683,69164397,70693494,41.2007866,2930,1.28752458,0.000125223000,5,3.21881151,1.23951202e-05
40,2620,2683,69164397,70693494,41.2007866,2930,1.28752458,0.000125223000,6,3.86257362,1.54360603e-05
40,2620,2683,69164397,70693494,41.2007866,2930,1.28752458,0.000125223000,7,4.50633621,2.36384382e-05
40,2620,2683,69164397,70693494,41.2007866,2930,1.28752458,0.000125223000,8,5.15009832,1.09746087e-05
40,2620,2683,69164397,70693494,41.2007866,2930,1.28752458,0.000125223000,9,5.79386044,1.09076007e-05
40,2620,2683,69164397,70693494,41.2007866,2930,1.28752458,0.000125223000,10,6.43762302,1.36709357e-05
40,2620,2683,69164397,70693494,41.2007866,2930,1.28752458,0.000125223000,11,7.08138514,1.51885467e-05
40,2620,2683,69164397,70693494,41.2007866,2930,1.28752458,0.000125223000,12,7.72514725,1.98956747e-05
40,2620,2683,69164397,70693494,41.2007866,2930,1.28752458,0.000125223000,13,8.36890984,1.53028339e-05
40,2620,2683,69164397,70693494,41.2007866,2930,1.28752458,0.000125223000,14,9.01267242,1.47350190e-05
40,2620,2683,69164397,70693494,41.2007866,2930,1.28752458,0.000125223000,15,9.65643406,1.42753140e-05
40,2620,2683,69164397,70693494,41.2007866,2930,1.28752458,0.000125223000,16,10.3001966,3.35016512e-06
40,2620,2683,69164397,70693494,41.2007866,2930,1.28752458,0.000125223000,17,10.9439592,7.42640532e-06
40,2620,2683,69164397,70693494,41.2007866,2930,1.28752458,0.000125223000,18,11.5877209,1.34200270e-05
40,2620,2683,69164397,70693494,41.2007866,2930,1.28752458,0.000125223000,19,12.2314835,1.79174110e-05
40,2620,2683,69164397,70693494,41.2007866,2930,1.28752458,0.000125223000,20,12.8752460,1.03747178e-05
40,2620,2683,69164397,70693494,41.2007866,2930,1.28752458,0.000125223000,21,13.5190077,8.65939364e-06
40,2620,2683,69164397,70693494,41.2007866,2930,1.28752458,0.000125223000,22,14.1627703,4.44798525e-06
40,2620,2683,69164397,70693494,41.2007866,2930,1.28752458,0.000125223000,23,14.8065329,2.46383252e-06
40,2620,2683,69164397,70693494,41.2007866,2930,1.28752458,0.000125223000,24,15.4502945,3.27950079e-06
40,2620,2683,69164397,70693494,41.2007866,2930,1.28752458,0.000125223000,25,16.0940571,4.76034393e-06
40,2620,2683,69164397,70693494,41.2007866,2930,1.28752458,0.000125223000,26,16.7378197,6.71445059e-06
40,2620,2683,69164397,70693494,41.2007866,2930,1.28752458,0.000125223000,27,17.3815823,6.79489858e-06
40,2620,2683,69164397,70693494,41.2007866,2930,1.28752458,0.000125223000,28,18.0253448,6.33922264e-06
40,2620,2683,69164397,70693494,41.2007866,2930,1.28752458,0.000125223000,29,18.6691055,2.62460389e-06
40,2620,2683,69164397,70693494,41.2007866,2930,1.28752458,0.000125223000,30,19.3128681,2.38608800e-06
40,2620,2683,69164397,70693494,41.2007866,2930,1.28752458,0.000125223000,31,19.9566307,3.62168339e-06
40,2620,2683,69164397,70693494,41.2007866,2930,1.28752458,0.000125223000,32,20.6003933,3.35690032e-07
41,2684,2747,70717782,72247309,41.1892052,2947,2.57432532,5.78714999e-05,0,0.00000000,2.70436999e-06
41,2684,2747,70717782,72247309,41.1892052,2947,2.57432532,5.78714999e-05,1,0.643581331,4.79033654e-05
41,2684,2747,70717782,72247309,41.1892052,2947,2.57432532,5.78714999e-05,2,1.28716266,2.37651926e-05
41,2684,2747,70717782,72247309,41.1892052,2947,2.57432532,5.78714999e-05,3,1.93074393,5.34097118e-05
41,2684,2747,70717782,72247309,41.1892052,2947,2.57432532,5.78714999e-05,4,2.57432532,5.78714999e-05
41,2684,2747,70717782,72247309,41.1892052,2947,2.57432532,5.78714999e-05,5,3.21790671,4.06277280e-05
41,2684,2747,70717782,72247309,41.1892052,2947,2.57432532,5.78714999e-05,6,3.86148787,5.79140851e-06
41,2684,2747,70717782,72247309,41.1892052,2947,2.57432532,5.78714999e-05,7,4.50506926,1.48927818e-05
41,2684,2747,70717782,72247309,41.1892052,2947,2.57432532,5.78714999e-05,8,5.14865065,7.25786231e-06
41,2684,2747,70717782,72247309,41.1892052,2947,2.57432532,5.78714999e-05,9,5.79223204,1.02733319e-05
41,2684,2747,70717782,72247309,41.1892052,2947,2.57432532,5.78714999e-05,10,6.43581343,9.36119886e-06
41,2684,2747,70717782,72247309,41.1892052,2947,2.57432532,5.78714999e-05,11,7.07939482,3.73227022e-06
41,2684,2747,70717782,72247309,41.1892052,2947,2.57432532,5.78714999e-05,12,7.72297573,4.49962408e-06
41,2684,2747,70717782,72247309,41.1892052,2947,2.57432532,5.78714999e-05,13,8.36655712,9.75799412e-06
41,2684,2747,70717782,72247309,41.1892052,2947,2.57432532,5.78714999e-05,14,9.01013851,1.70489909e-05
41,2684,2747,70717782,72247309,41.1892052,2947,2.57432532,5.78714999e-05,15,9.65371990,1.17929129e-05
41,2684,2747,70717782,72247309,41.1892052,2947,2.57432532,5.78714999e-05,16,10.2973013,5.00517081e-06
41,2684,2747,70717782,72247309,41.1892052,2947,2.57432532,5.78714999e-05,17,10.9408827,1.47427443e-06
41,2684,2747,70717782,72247309,41.1892052,2947,2.57432532,5.78714999e-05,18,11.5844641,4.53695748e-06
41,2684,2747,70717782,72247309,41.1892052,2947,2.57432532,5.78714999e-05,19,12.2280455,2.60848628e-06
41,2684,2747,70717782,72247309,41.1892052,2947,2.57432532,5.78714999e-05,20,12.8716269,7.49307173e-06
41,2684,2747,70717782,72247309,41.1892052,2947,2.57432532,5.78714999e-05,21,13.5152082,1.23379348e-05
41,2684,2747,70717782,72247309,41.1892052,2947,2.57432532,5.78714999e-05,22,14.1587896,8.57268424e-06
41,2684,2747,70717782,72247309,41.1892052,2947,2.57432532,5.78714999e-05,23,14.8023710,9.12279756e-06
41,2684,2747,70717782,72247309,41.1892052,2947,2.57432532,5.78714999e-05,24,15.4459515,2.07877565e-06
41,2684,2747,70717782,72247309,41.1892052,2947,2.57432532,5.78714999e-05,25,16.0895329,2.16401509e-06
41,2684,2747,70717782,72247309,41.1892052,2947,2.57432532,5.78714999e-05,26,16.7331142,6.71566659e-06
41,2684,2747,70717782,72247309,41.1892052,2947,2.57432532,5.78714999e-05,27,17.3766956,1.05339903e-05
41,2684,2747,70717782,72247309,41.1892052,2947,2.57432532,5.78714999e-05,28,18.0202770,1.28982800e-05
41,2684,2747,70717782,72247309,41.1892052,2947,2.57432532,5.78714999e-05,29,18.6638584,5.30961506e-06
41,2684,2747,70717782,72247309,41.1892052,2947,2.57432532,5.78714999e-05,30,19.3074398,1.74106594e-06
41,2684,2747,70717782,72247309,41.1892052,2947,2.57432532,5.78714999e-05,31,19.9510212,2.41926796e-06
41,2684,2747,70717782,72247309,41.1892052,2947,2.57432532,5.78714999e-05,32,20.5946026,7.83815812e-08
42,2748,2811,72271600,73801182,41.1877251,2945,1.28711641,0.000201382000,0,0.00000000,1.92946461e-05
42,2748,2811,72271600,73801182,41.1877251,2945,1.28711641,0.000201382000,1,0.643558204,0.000114959000
42,2748,2811,72271600,73801182,41.1877251,2945,1.28711641,0.000201382000,2,1.28711641,0.000201382000
42,2748,2811,72271600,73801182,41.1877251,2945,1.28711641,0.000201382000,3,1.93067455,0.000199135000
42,2748,2811,72271600,73801182,41.1877251,2945,1.28711641,0.000201382000,4,2.57423282,8.91609512e-05
42,2748,2811,72271600,73801182,41.1877251,2945,1.28711641,0.000201382000,5,3.21779108,2.33984480e-05
42,2748,2811,72271600,73801182,41.1877251,2945,1.28711641,0.000201382000,6,3.86134911,5.16651045e-05
42,2748,2811,72271600,73801182,41.1877251,2945,1.28711641,0.000201382000,7,4.50490761,2.79630308e-05
42,2748,2811,72271600,73801182,41.1877251,2945,1.28711641,0.000201382000,8,5.14846563,6.72618944e-06
42,2748,2811,72271600,73801182,41.1877251,2945,1.28711641,0.000201382000,9,5.79202366,0.99245479e-05
42,2748,2811,72271600,73801182,41.1877251,2945,1.28711641,0.000201382000,10,6.43558216,6.63027504e-06
42,2748,2811,72271600,73801182,41.1877251,2945,1.28711641,0.000201382000,11,7.07914019,9.36464403e-06
42,2748,2811,72271600,73801182,41.1877251,2945,1.28711641,0.000201382000,12,7.72269821,1.80959521e-05
42,2748,2811,72271600,73801182,41.1877251,2945,1.28711641,0.000201382000,13,8.36625671,1.26211542e-05
42,2748,2811,72271600,73801182,41.1877251,2945,1.28711641,0.000201382000,14,9.00981522,0.99693596e-05
42,2748,2811,72271600,73801182,41.1877251,2945,1.28711641,0.000201382000,15,9.65337276,5.36449261e-06
42,2748,2811,72271600,73801182,41.1877251,2945,1.28711641,0.000201382000,16,10.2969313,3.27368571e-06
42,2748,2811,72271600,73801182,41.1877251,2945,1.28711641,0.000201382000,17,10.9404898,4.46461490e-06
42,2748,2811,72271600,73801182,41.1877251,2945,1.28711641,0.000201382000,18,11.5840473,4.23643360e-06
42,2748,2811,72271600,73801182,41.1877251,2945,1.28711641,0.000201382000,19,12.2276058,1.96410019e-06
42,2748,2811,72271600,73801182,41.1877251,2945,1.28711641,0.000201382000,20,12.8711643,1.03967739e-05
42,2748,2811,72271600,73801182,41.1877251,2945,1.28711641,0.000201382000,21,13.5147219,7.23033600e-06
42,2748,2811,72271600,73801182,41.1877251,2945,1.28711641,0.000201382000,22,14.1582804,4.17339106e-06
42,2748,2811,72271600,73801182,41.1877251,2945,1.28711641,0.000201382000,23,14.8018389,3.95286770e-06
42,2748,2811,72271600,73801182,41.1877251,2945,1.28711641,0.000201382000,24,15.4453964,4.28578915e-06
42,2748,2811,72271600,73801182,41.1877251,2945,1.28711641,0.000201382000,25,16.0889549,3.19516016e-06
42,2748,2811,72271600,73801182,41.1877251,2945,1.28711641,0.000201382000,26,16.7325134,2.37378686e-06
42,2748,2811,72271600,73801182,41.1877251,2945,1.28711641,0.000201382000,27,17.3760719,1.09036008e-05
42,2748,2811,72271600,73801182,41.1877251,2945,1.28711641,0.000201382000,28,18.0196304,9.03831187e-06
42,2748,2811,72271600,73801182,41.1877251,2945,1.28711641,0.000201382000,29,18.6631870,1.73965441e-06
42,2748,2811,72271600,73801182,41.1877251,2945,1.28711641,0.000201382000,30,19.3067455,7.64681487e-07
42,2748,2811,72271600,73801182,41.1877251,2945,1.28711641,0.000201382000,31,19.9503040,1.33079152e-06
42,2748,2811,72271600,73801182,41.1877251,2945,1.28711641,0.000201382000,32,20.5938625,7.55487576e-07
43,2812,2875,73825471,75354412,41.2049904,2912,1.93148398,0.000236597000,0,0.00000000,4.62023036e-06
43,2812,2875,73825471,75354412,41.2049904,2912,1.93148398,0.000236597000,1,0.643827975,8.77706758e-05
43,2812,2875,73825471,75354412,41.2049904,2912,1.93148398,0.000236597000,2,1.28765595,0.000145907000
43,2812,2875,73825471,75354412,41.2049904,2912,1.93148398,0.000236597000,3,1.93148398,0.000236597000
43,2812,2875,73825471,75354412,41.2049904,2912,1.93148398,0.000236597000,4,2.57531190,0.000181778000
43,2812,2875,73825471,75354412,41.2049904,2912,1.93148398,0.000236597000,5,3.21913981,3.79284424e-05
43,2812,2875,73825471,75354412,41.2049904,2912,1.93148398,0.000236597000,6,3.86296797,1.34268692e-05
43,2812,2875,73825471,75354412,41.2049904,2912,1.93148398,0.000236597000,7,4.50679588,1.27459523e-05
43,2812,2875,73825471,75354412,41.2049904,2912,1.93148398,0.000236597000,8,5.15062380,9.74131581e-06
43,2812,2875,73825471,75354412,41.2049904,2912,1.93148398,0.000236597000,9,5.79445171,1.42036750e-05
43,2812,2875,73825471,75354412,41.2049904,2912,1.93148398,0.000236597000,10,6.43827963,1.61956084e-05
43,2812,2875,73825471,75354412,41.2049904,2912,1.93148398,0.000236597000,11,7.08210754,8.21534468e-06
43,2812,2875,73825471,75354412,41.2049904,2912,1.93148398,0.000236597000,12,7.72593594,4.87255693e-06
43,2812,2875,73825471,75354412,41.2049904,2912,1.93148398,0.000236597000,13,8.36976337,1.36134311e-05
43,2812,2875,73825471,75354412,41.2049904,2912,1.93148398,0.000236597000,14,9.01359177,1.02198781e-05
43,2812,2875,73825471,75354412,41.2049904,2912,1.93148398,0.000236597000,15,9.65741920,4.44235957e-06
43,2812,2875,73825471,75354412,41.2049904,2912,1.93148398,0.000236597000,16,10.3012476,1.88596925e-06
43,2812,2875,73825471,75354412,41.2049904,2912,1.93148398,0.000236597000,17,10.9450760,1.49349250e-06
43,2812,2875,73825471,75354412,41.2049904,2912,1.93148398,0.000236597000,18,11.5889034,1.47203616e-06
43,2812,2875,73825471,75354412,41.2049904,2912,1.93148398,0.000236597000,19,12.2327318,1.20914072e-05
43,2812,2875,73825471,75354412,41.2049904,2912,1.93148398,0.000236597000,20,12.8765593,1.24906763e-05
43,2812,2875,73825471,75354412,41.2049904,2912,1.93148398,0.000236597000,21,13.5203876,2.36554888e-06
43,2812,2875,73825471,75354412,41.2049904,2912,1.93148398,0.000236597000,22,14.1642151,2.07978337e-06
43,2812,2875,73825471,75354412,41.2049904,2912,1.93148398,0.000236597000,23,14.8080435,2.40983309e-06
43,2812,2875,73825471,75354412,41.2049904,2912,1.93148398,0.000236597000,24,15.4518719,3.00257443e-06
43,2812,2875,73825471,75354412,41.2049904,2912,1.93148398,0.000236597000,25,16.0956993,1.88721810e-06
43,2812,2875,73825471,75354412,41.2049904,2912,1.93148398,0.000236597000,26,16.7395267,6.83841517e-06
43,2812,2875,73825471,75354412,41.2049904,2912,1.93148398,0.000236597000,27,17.3833561,8.35039646e-06
43,2812,2875,73825471,75354412,41.2049904,2912,1.93148398,0.000236597000,28,18.0271835,9.02458760e-06
43,2812,2875,73825471,75354412,41.2049904,2912,1.93148398,0.000236597000,29,18.6710110,1.86153443e-06
43,2812,2875,73825471,75354412,41.2049904,2912,1.93148398,0.000236597000,30,19.3148384,6.02999808e-06
43,2812,2875,73825471,75354412,41.2049904,2912,1.93148398,0.000236597000,31,19.9586678,2.62523440e-06
43,2812,2875,73825471,75354412,41.2049904,2912,1.93148398,0.000236597000,32,20.6024952,0.96220538e-06
44,2876,2939,75378679,76908286,41.1870499,2929,1.28709531,0.000152973000,0,0.00000000,2.27660236e-05
44,2876,2939,75378679,76908286,41.1870499,2929,1.28709531,0.000152973000,1,0.643547654,0.000129234000
44,2876,2939,75378679,76908286,41.1870499,2929,1.28709531,0.000152973000,2,1.28709531,0.000152973000
44,2876,2939,75378679,76908286,41.1870499,2929,1.28709531,0.000152973000,3,1.93064296,0.000101179000
44,2876,2939,75378679,76908286,41.1870499,2929,1.28709531,0.000152973000,4,2.57419062,0.000120931000
44,2876,2939,75378679,76908286,41.1870499,2929,1.28709531,0.000152973000,5,3.21773815,6.75849723e-05
44,2876,2939,75378679,76908286,41.1870499,2929,1.28709531,0.000152973000,6,3.86128592,4.09998029e-06
44,2876,2939,75378679,76908286,41.1870499,2929,1.28709531,0.000152973000,7,4.50483370,2.32655308e-05
44,2876,2939,75378679,76908286,41.1870499,2929,1.28709531,0.000152973000,8,5.14838123,6.43910653e-06
44,2876,2939,75378679,76908286,41.1870499,2929,1.28709531,0.000152973000,9,5.79192877,7.36316952e-06
44,2876,2939,75378679,76908286,41.1870499,2929,1.28709531,0.000152973000,10,6.43547630,4.95696668e-06
44,2876,2939,75378679,76908286,41.1870499,2929,1.28709531,0.000152973000,11,7.07902431,5.16671298e-06
44,2876,2939,75378679,76908286,41.1870499,2929,1.28709531,0.000152973000,12,7.72257185,7.00749297e-06
44,2876,2939,75378679,76908286,41.1870499,2929,1.28709531,0.000152973000,13,8.36611938,1.40452910e-05
44,2876,2939,75378679,76908286,41.1870499,2929,1.28709531,0.000152973000,14,9.00966740,6.16470879e-06
44,2876,2939,75378679,76908286,41.1870499,2929,1.28709531,0.000152973000,15,9.65321445,3.83334100e-06
44,2876,2939,75378679,76908286,41.1870499,2929,1.28709531,0.000152973000,16,10.2967625,3.56013697e-06
44,2876,2939,75378679,76908286,41.1870499,2929,1.28709531,0.000152973000,17,10.9403105,2.09182485e-06
44,2876,2939,75378679,76908286,41.1870499,2929,1.28709531,0.000152973000,18,11.5838575,5.57754993e-06
44,2876,2939,75378679,76908286,41.1870499,2929,1.28709531,0.000152973000,19,12.2274055,7.89587375e-06
44,2876,2939,75378679,76908286,41.1870499,2929,1.28709531,0.000152973000,20,12.8709526,5.64643233e-06
44,2876,2939,75378679,76908286,41.1870499,2929,1.28709531,0.000152973000,21,13.5145006,3.36241533e-06
44,2876,2939,75378679,76908286,41.1870499,2929,1.28709531,0.000152973000,22,14.1580486,4.73316459e-06
44,2876,2939,75378679,76908286,41.1870499,2929,1.28709531,0.000152973000,23,14.8015957,2.50233643e-06
44,2876,2939,75378679,76908286,41.1870499,2929,1.28709531,0.000152973000,24,15.4451437,1.90903529e-06
44,2876,2939,75378679,76908286,41.1870499,2929,1.28709531,0.000152973000,25,16.0886917,4.51621509e-06
44,2876,2939,75378679,76908286,41.1870499,2929,1.28709531,0.000152973000,26,16.7322388,4.02814385e-06
44,2876,2939,75378679,76908286,41.1870499,2929,1.28709531,0.000152973000,27,17.3757858,4.70155555e-06
44,2876,2939,75378679,76908286,41.1870499,2929,1.28709531,0.000152973000,28,18.0193348,5.14974317e-06
44,2876,2939,75378679,76908286,41.1870499,2929,1.28709531,0.000152973000,29,18.6628819,2.13523231e-06
44,2876,2939,75378679,76908286,41.1870499,2929,1.28709531,0.000152973000,30,19.3064289,5.55950692e-06
44,2876,2939,75378679,76908286,41.1870499,2929,1.28709531,0.000152973000,31,19.9499779,3.72277259e-06
44,2876,2939,75378679,76908286,41.1870499,2929,1.28709531,0.000152973000,32,20.5935249,2.74376225e-06
