
/root/Test/Build/handwriting.elf:     file format elf32-littlearm

Sections:
Idx Name          Size      VMA       LMA       File off  Algn
  0 .boot2        00000100  10000000  10000000  00001000  2**0
                  CONTENTS, ALLOC, LOAD, READONLY, CODE
  1 .text         0000a094  10000100  10000100  00001100  2**3
                  CONTENTS, ALLOC, LOAD, READONLY, CODE
  2 .rodata       0000166c  1000a198  1000a198  0000b198  2**3
                  CONTENTS, ALLOC, LOAD, READONLY, DATA
  3 .binary_info  00000020  1000b804  1000b804  0000c804  2**2
                  CONTENTS, ALLOC, LOAD, READONLY, DATA
  4 .xip_ram      00000000  15000000  15000000  0000e650  2**0
                  CONTENTS
  5 .ram_vector_table 000000c0  20000000  20000000  0000f000  2**2
                  ALLOC
  6 .uninitialized_data 00000000  200000c0  200000c0  0000e650  2**0
                  CONTENTS
  7 .data         00001590  200000c0  1000b824  0000d0c0  2**4
                  CONTENTS, ALLOC, LOAD, READONLY, CODE
  8 .tdata        00000000  20001650  20001650  0000e650  2**0
                  CONTENTS, ALLOC, LOAD, DATA, THREAD_LOCAL
  9 .tbss         00000000  20001650  20001650  00000000  2**0
                  ALLOC, THREAD_LOCAL
 10 .tbss_space   00000000  20001650  20001650  0000e650  2**0
                  CONTENTS
 11 .bss          0001145c  20001650  1000cdb4  0000e650  2**3
                  ALLOC
 12 .tls0         00000000  20012aac  20012aac  0000e650  2**0
                  CONTENTS
 13 .tls1         00000000  20012aac  20012aac  0000e650  2**0
                  CONTENTS
 14 .persistent_data 00000000  20012aac  20012aac  0000e650  2**0
                  CONTENTS
 15 .dummy_pre_heap 00000000  20012aac  20012aac  0000e650  2**0
                  CONTENTS
 16 .heap         00000800  20012aac  20012aac  0000eaac  2**2
                  ALLOC, READONLY
 17 .scratch_x    00000000  20040000  20040000  0000e650  2**0
                  CONTENTS
 18 .scratch_y    00000000  20041000  20041000  0000e650  2**0
                  CONTENTS
 19 .stack1_dummy 00000800  20040000  20040000  0000f000  2**2
                  ALLOC
 20 .stack_dummy  00000800  20041000  20041000  0000f000  2**5
                  ALLOC, READONLY
 21 .debug_info   0004b691  00000000  00000000  0000e650  2**0
                  CONTENTS, READONLY, DEBUGGING, OCTETS
 22 .debug_abbrev 0000bdda  00000000  00000000  00059ce1  2**0
                  CONTENTS, READONLY, DEBUGGING, OCTETS
 23 .debug_loclists 00027e80  00000000  00000000  00065abb  2**0
                  CONTENTS, READONLY, DEBUGGING, OCTETS
 24 .debug_aranges 00001ad0  00000000  00000000  0008d940  2**3
                  CONTENTS, READONLY, DEBUGGING, OCTETS
 25 .debug_rnglists 00006547  00000000  00000000  0008f410  2**0
                  CONTENTS, READONLY, DEBUGGING, OCTETS
 26 .debug_line   0002c89f  00000000  00000000  00095957  2**0
                  CONTENTS, READONLY, DEBUGGING, OCTETS
 27 .debug_str    0000a555  00000000  00000000  000c21f6  2**0
                  CONTENTS, READONLY, DEBUGGING, OCTETS
 28 .comment      00000026  00000000  00000000  000cc74b  2**0
                  CONTENTS, READONLY
 29 .ARM.attributes 0000002a  00000000  00000000  000cc771  2**0
                  CONTENTS, READONLY
 30 .debug_frame  00003d54  00000000  00000000  000cc79c  2**2
                  CONTENTS, READONLY, DEBUGGING, OCTETS
 31 .debug_line_str 00000262  00000000  00000000  000d04f0  2**0
                  CONTENTS, READONLY, DEBUGGING, OCTETS

/root/Test/Build/handwriting.elf:     file format elf32-littlearm


Disassembly of section .boot2:

10000000 <__boot2_start__>:
10000000:	4b32b500 	.word	0x4b32b500
10000004:	60582021 	.word	0x60582021
10000008:	21026898 	.word	0x21026898
1000000c:	60984388 	.word	0x60984388
10000010:	611860d8 	.word	0x611860d8
10000014:	4b2e6158 	.word	0x4b2e6158
10000018:	60992100 	.word	0x60992100
1000001c:	61592102 	.word	0x61592102
10000020:	22f02101 	.word	0x22f02101
10000024:	492b5099 	.word	0x492b5099
10000028:	21016019 	.word	0x21016019
1000002c:	20356099 	.word	0x20356099
10000030:	f844f000 	.word	0xf844f000
10000034:	42902202 	.word	0x42902202
10000038:	2106d014 	.word	0x2106d014
1000003c:	f0006619 	.word	0xf0006619
10000040:	6e19f834 	.word	0x6e19f834
10000044:	66192101 	.word	0x66192101
10000048:	66182000 	.word	0x66182000
1000004c:	f000661a 	.word	0xf000661a
10000050:	6e19f82c 	.word	0x6e19f82c
10000054:	6e196e19 	.word	0x6e196e19
10000058:	f0002005 	.word	0xf0002005
1000005c:	2101f82f 	.word	0x2101f82f
10000060:	d1f94208 	.word	0xd1f94208
10000064:	60992100 	.word	0x60992100
10000068:	6019491b 	.word	0x6019491b
1000006c:	60592100 	.word	0x60592100
10000070:	481b491a 	.word	0x481b491a
10000074:	21016001 	.word	0x21016001
10000078:	21eb6099 	.word	0x21eb6099
1000007c:	21a06619 	.word	0x21a06619
10000080:	f0006619 	.word	0xf0006619
10000084:	2100f812 	.word	0x2100f812
10000088:	49166099 	.word	0x49166099
1000008c:	60014814 	.word	0x60014814
10000090:	60992101 	.word	0x60992101
10000094:	2800bc01 	.word	0x2800bc01
10000098:	4700d000 	.word	0x4700d000
1000009c:	49134812 	.word	0x49134812
100000a0:	c8036008 	.word	0xc8036008
100000a4:	8808f380 	.word	0x8808f380
100000a8:	b5034708 	.word	0xb5034708
100000ac:	20046a99 	.word	0x20046a99
100000b0:	d0fb4201 	.word	0xd0fb4201
100000b4:	42012001 	.word	0x42012001
100000b8:	bd03d1f8 	.word	0xbd03d1f8
100000bc:	6618b502 	.word	0x6618b502
100000c0:	f7ff6618 	.word	0xf7ff6618
100000c4:	6e18fff2 	.word	0x6e18fff2
100000c8:	bd026e18 	.word	0xbd026e18
100000cc:	40020000 	.word	0x40020000
100000d0:	18000000 	.word	0x18000000
100000d4:	00070000 	.word	0x00070000
100000d8:	005f0300 	.word	0x005f0300
100000dc:	00002221 	.word	0x00002221
100000e0:	180000f4 	.word	0x180000f4
100000e4:	a0002022 	.word	0xa0002022
100000e8:	10000100 	.word	0x10000100
100000ec:	e000ed08 	.word	0xe000ed08
	...
100000fc:	7a4eb274 	.word	0x7a4eb274

Disassembly of section .text:

10000100 <__VECTOR_TABLE>:
10000100:	20042000 	.word	0x20042000
10000104:	100001f7 	.word	0x100001f7
10000108:	100001cb 	.word	0x100001cb
1000010c:	100001cd 	.word	0x100001cd
10000110:	100001c9 	.word	0x100001c9
10000114:	100001c9 	.word	0x100001c9
10000118:	100001c9 	.word	0x100001c9
1000011c:	100001c9 	.word	0x100001c9
10000120:	100001c9 	.word	0x100001c9
10000124:	100001c9 	.word	0x100001c9
10000128:	100001c9 	.word	0x100001c9
1000012c:	100001cf 	.word	0x100001cf
10000130:	100001c9 	.word	0x100001c9
10000134:	100001c9 	.word	0x100001c9
10000138:	100001d1 	.word	0x100001d1
1000013c:	100001d3 	.word	0x100001d3
10000140:	100001c1 	.word	0x100001c1
10000144:	100001c1 	.word	0x100001c1
10000148:	100001c1 	.word	0x100001c1
1000014c:	100001c1 	.word	0x100001c1
10000150:	100001c1 	.word	0x100001c1
10000154:	100001c1 	.word	0x100001c1
10000158:	100001c1 	.word	0x100001c1
1000015c:	100001c1 	.word	0x100001c1
10000160:	100001c1 	.word	0x100001c1
10000164:	100001c1 	.word	0x100001c1
10000168:	100001c1 	.word	0x100001c1
1000016c:	100001c1 	.word	0x100001c1
10000170:	100001c1 	.word	0x100001c1
10000174:	100001c1 	.word	0x100001c1
10000178:	100001c1 	.word	0x100001c1
1000017c:	100001c1 	.word	0x100001c1
10000180:	100001c1 	.word	0x100001c1
10000184:	100001c1 	.word	0x100001c1
10000188:	100001c1 	.word	0x100001c1
1000018c:	100001c1 	.word	0x100001c1
10000190:	100001c1 	.word	0x100001c1
10000194:	100001c1 	.word	0x100001c1
10000198:	100001c1 	.word	0x100001c1
1000019c:	100001c1 	.word	0x100001c1
100001a0:	100001c1 	.word	0x100001c1
100001a4:	100001c1 	.word	0x100001c1
100001a8:	100001c1 	.word	0x100001c1
100001ac:	100001c1 	.word	0x100001c1
100001b0:	100001c1 	.word	0x100001c1
100001b4:	100001c1 	.word	0x100001c1
100001b8:	100001c1 	.word	0x100001c1
100001bc:	100001c1 	.word	0x100001c1

100001c0 <__unhandled_user_irq>:
100001c0:	f3ef 8005 	mrs	r0, IPSR
100001c4:	3810      	subs	r0, #16

100001c6 <unhandled_user_irq_num_in_r0>:
100001c6:	be00      	bkpt	0x0000

100001c8 <isr_invalid>:
100001c8:	be00      	bkpt	0x0000

100001ca <isr_nmi>:
100001ca:	be00      	bkpt	0x0000

100001cc <isr_hardfault>:
100001cc:	be00      	bkpt	0x0000

100001ce <isr_svcall>:
100001ce:	be00      	bkpt	0x0000

100001d0 <isr_pendsv>:
100001d0:	be00      	bkpt	0x0000

100001d2 <isr_systick>:
100001d2:	be00      	bkpt	0x0000

100001d4 <__default_isrs_end>:
100001d4:	7188ebf2 	.word	0x7188ebf2
100001d8:	1000b804 	.word	0x1000b804
100001dc:	1000b824 	.word	0x1000b824
100001e0:	10000238 	.word	0x10000238
100001e4:	e71aa390 	.word	0xe71aa390

100001e8 <_entry_point>:
100001e8:	2000      	movs	r0, #0

100001ea <_enter_vtable_in_r0>:
100001ea:	491e      	ldr	r1, [pc, #120]	@ (10000264 <data_cpy_table+0x2c>)
100001ec:	6008      	str	r0, [r1, #0]
100001ee:	c806      	ldmia	r0!, {r1, r2}
100001f0:	f381 8808 	msr	MSP, r1
100001f4:	4710      	bx	r2

100001f6 <_reset_handler>:
100001f6:	481c      	ldr	r0, [pc, #112]	@ (10000268 <data_cpy_table+0x30>)
100001f8:	6800      	ldr	r0, [r0, #0]
100001fa:	2800      	cmp	r0, #0
100001fc:	d001      	beq.n	10000202 <hold_non_core0_in_bootrom+0x4>

100001fe <hold_non_core0_in_bootrom>:
100001fe:	2000      	movs	r0, #0
10000200:	e7f3      	b.n	100001ea <_enter_vtable_in_r0>
10000202:	a40d      	add	r4, pc, #52	@ (adr r4, 10000238 <data_cpy_table>)
10000204:	cc0e      	ldmia	r4!, {r1, r2, r3}
10000206:	2900      	cmp	r1, #0
10000208:	d002      	beq.n	10000210 <hold_non_core0_in_bootrom+0x12>
1000020a:	f000 f812 	bl	10000232 <data_cpy>
1000020e:	e7f9      	b.n	10000204 <hold_non_core0_in_bootrom+0x6>
10000210:	4916      	ldr	r1, [pc, #88]	@ (1000026c <data_cpy_table+0x34>)
10000212:	4a17      	ldr	r2, [pc, #92]	@ (10000270 <data_cpy_table+0x38>)
10000214:	2000      	movs	r0, #0
10000216:	e000      	b.n	1000021a <bss_fill_test>

10000218 <bss_fill_loop>:
10000218:	c101      	stmia	r1!, {r0}

1000021a <bss_fill_test>:
1000021a:	4291      	cmp	r1, r2
1000021c:	d1fc      	bne.n	10000218 <bss_fill_loop>

1000021e <platform_entry>:
1000021e:	4915      	ldr	r1, [pc, #84]	@ (10000274 <data_cpy_table+0x3c>)
10000220:	4788      	blx	r1
10000222:	4915      	ldr	r1, [pc, #84]	@ (10000278 <data_cpy_table+0x40>)
10000224:	4788      	blx	r1
10000226:	4915      	ldr	r1, [pc, #84]	@ (1000027c <data_cpy_table+0x44>)
10000228:	4788      	blx	r1
1000022a:	be00      	bkpt	0x0000
1000022c:	e7fd      	b.n	1000022a <platform_entry+0xc>

1000022e <data_cpy_loop>:
1000022e:	c901      	ldmia	r1!, {r0}
10000230:	c201      	stmia	r2!, {r0}

10000232 <data_cpy>:
10000232:	429a      	cmp	r2, r3
10000234:	d3fb      	bcc.n	1000022e <data_cpy_loop>

10000236 <data_cpy_done>:
10000236:	4770      	bx	lr

10000238 <data_cpy_table>:
10000238:	1000b824 	.word	0x1000b824
1000023c:	200000c0 	.word	0x200000c0
10000240:	20001650 	.word	0x20001650
10000244:	1000cdb4 	.word	0x1000cdb4
10000248:	20040000 	.word	0x20040000
1000024c:	20040000 	.word	0x20040000
10000250:	1000cdb4 	.word	0x1000cdb4
10000254:	20041000 	.word	0x20041000
10000258:	20041000 	.word	0x20041000
1000025c:	00000000 	.word	0x00000000
10000260:	4770      	bx	lr
10000262:	0000      	.short	0x0000
10000264:	e000ed08 	.word	0xe000ed08
10000268:	d0000000 	.word	0xd0000000
1000026c:	20001650 	.word	0x20001650
10000270:	20012aac 	.word	0x20012aac
10000274:	10003d5d 	.word	0x10003d5d
10000278:	10000281 	.word	0x10000281
1000027c:	10003d55 	.word	0x10003d55

10000280 <main>:
10000280:	b5f0      	push	{r4, r5, r6, r7, lr}
10000282:	46de      	mov	lr, fp
10000284:	4657      	mov	r7, sl
10000286:	4645      	mov	r5, r8
10000288:	464e      	mov	r6, r9
1000028a:	b5e0      	push	{r5, r6, r7, lr}
1000028c:	b093      	sub	sp, #76	@ 0x4c
1000028e:	f003 fe91 	bl	10003fb4 <stdio_init_all>
10000292:	f009 f9f5 	bl	10009680 <System_Init>
10000296:	21fa      	movs	r1, #250	@ 0xfa
10000298:	2006      	movs	r0, #6
1000029a:	0089      	lsls	r1, r1, #2
1000029c:	f006 fb06 	bl	100068ac <LCD_Init>
100002a0:	4f60      	ldr	r7, [pc, #384]	@ (10000424 <main+0x1a4>)
100002a2:	4a61      	ldr	r2, [pc, #388]	@ (10000428 <main+0x1a8>)
100002a4:	0039      	movs	r1, r7
100002a6:	2006      	movs	r0, #6
100002a8:	f009 f9be 	bl	10009628 <TP_Init>
100002ac:	f008 fbb8 	bl	10008a20 <TP_GetAdFac>
100002b0:	f008 fc2a 	bl	10008b08 <TP_Dialog>
100002b4:	2002      	movs	r0, #2
100002b6:	f000 fa45 	bl	10000744 <gpio_init>
100002ba:	23d0      	movs	r3, #208	@ 0xd0
100002bc:	2204      	movs	r2, #4
100002be:	061b      	lsls	r3, r3, #24
100002c0:	629a      	str	r2, [r3, #40]	@ 0x28
100002c2:	2101      	movs	r1, #1
100002c4:	2200      	movs	r2, #0
100002c6:	2002      	movs	r0, #2
100002c8:	f000 fa28 	bl	1000071c <gpio_set_pulls>
100002cc:	20fa      	movs	r0, #250	@ 0xfa
100002ce:	0080      	lsls	r0, r0, #2
100002d0:	f006 f9f8 	bl	100066c4 <LCD_SetBackLight>
100002d4:	4855      	ldr	r0, [pc, #340]	@ (1000042c <main+0x1ac>)
100002d6:	f003 febd 	bl	10004054 <__wrap_puts>
100002da:	4855      	ldr	r0, [pc, #340]	@ (10000430 <main+0x1b0>)
100002dc:	f003 feba 	bl	10004054 <__wrap_puts>
100002e0:	218c      	movs	r1, #140	@ 0x8c
100002e2:	4b54      	ldr	r3, [pc, #336]	@ (10000434 <main+0x1b4>)
100002e4:	22f0      	movs	r2, #240	@ 0xf0
100002e6:	4854      	ldr	r0, [pc, #336]	@ (10000438 <main+0x1b8>)
100002e8:	0049      	lsls	r1, r1, #1
100002ea:	f003 ff3b 	bl	10004164 <__wrap_printf>
100002ee:	4b53      	ldr	r3, [pc, #332]	@ (1000043c <main+0x1bc>)
100002f0:	2501      	movs	r5, #1
100002f2:	9305      	str	r3, [sp, #20]
100002f4:	4b52      	ldr	r3, [pc, #328]	@ (10000440 <main+0x1c0>)
100002f6:	4699      	mov	r9, r3
100002f8:	4b52      	ldr	r3, [pc, #328]	@ (10000444 <main+0x1c4>)
100002fa:	4698      	mov	r8, r3
100002fc:	4b52      	ldr	r3, [pc, #328]	@ (10000448 <main+0x1c8>)
100002fe:	469a      	mov	sl, r3
10000300:	464b      	mov	r3, r9
10000302:	9304      	str	r3, [sp, #16]
10000304:	26d0      	movs	r6, #208	@ 0xd0
10000306:	2404      	movs	r4, #4
10000308:	0636      	lsls	r6, r6, #24
1000030a:	f008 fce5 	bl	10008cd8 <TP_DrawBoard>
1000030e:	6873      	ldr	r3, [r6, #4]
10000310:	401c      	ands	r4, r3
10000312:	2d00      	cmp	r5, #0
10000314:	d04f      	beq.n	100003b6 <main+0x136>
10000316:	2504      	movs	r5, #4
10000318:	2c00      	cmp	r4, #0
1000031a:	d004      	beq.n	10000326 <main+0xa6>
1000031c:	f008 fcdc 	bl	10008cd8 <TP_DrawBoard>
10000320:	6874      	ldr	r4, [r6, #4]
10000322:	402c      	ands	r4, r5
10000324:	d1fa      	bne.n	1000031c <main+0x9c>
10000326:	2019      	movs	r0, #25
10000328:	f001 f88a 	bl	10001440 <sleep_ms>
1000032c:	23d0      	movs	r3, #208	@ 0xd0
1000032e:	061b      	lsls	r3, r3, #24
10000330:	685b      	ldr	r3, [r3, #4]
10000332:	075b      	lsls	r3, r3, #29
10000334:	d438      	bmi.n	100003a8 <main+0x128>
10000336:	6878      	ldr	r0, [r7, #4]
10000338:	6839      	ldr	r1, [r7, #0]
1000033a:	2800      	cmp	r0, #0
1000033c:	d002      	beq.n	10000344 <main+0xc4>
1000033e:	4b43      	ldr	r3, [pc, #268]	@ (1000044c <main+0x1cc>)
10000340:	4299      	cmp	r1, r3
10000342:	d83c      	bhi.n	100003be <main+0x13e>
10000344:	000a      	movs	r2, r1
10000346:	0001      	movs	r1, r0
10000348:	4650      	mov	r0, sl
1000034a:	f003 ff0b 	bl	10004164 <__wrap_printf>
1000034e:	2301      	movs	r3, #1
10000350:	22eb      	movs	r2, #235	@ 0xeb
10000352:	4c3f      	ldr	r4, [pc, #252]	@ (10000450 <main+0x1d0>)
10000354:	2105      	movs	r1, #5
10000356:	2008      	movs	r0, #8
10000358:	9302      	str	r3, [sp, #8]
1000035a:	9301      	str	r3, [sp, #4]
1000035c:	0052      	lsls	r2, r2, #1
1000035e:	332b      	adds	r3, #43	@ 0x2b
10000360:	9400      	str	r4, [sp, #0]
10000362:	f008 fa07 	bl	10008774 <GUI_DrawRectangle>
10000366:	2200      	movs	r2, #0
10000368:	4b3a      	ldr	r3, [pc, #232]	@ (10000454 <main+0x1d4>)
1000036a:	2128      	movs	r1, #40	@ 0x28
1000036c:	9200      	str	r2, [sp, #0]
1000036e:	9301      	str	r3, [sp, #4]
10000370:	a808      	add	r0, sp, #32
10000372:	233f      	movs	r3, #63	@ 0x3f
10000374:	9a04      	ldr	r2, [sp, #16]
10000376:	f003 fc93 	bl	10003ca0 <__wrap_snprintf>
1000037a:	2300      	movs	r3, #0
1000037c:	9400      	str	r4, [sp, #0]
1000037e:	9301      	str	r3, [sp, #4]
10000380:	24d0      	movs	r4, #208	@ 0xd0
10000382:	4643      	mov	r3, r8
10000384:	210a      	movs	r1, #10
10000386:	200c      	movs	r0, #12
10000388:	aa08      	add	r2, sp, #32
1000038a:	0624      	lsls	r4, r4, #24
1000038c:	f008 fa72 	bl	10008874 <GUI_DisString_EN>
10000390:	6863      	ldr	r3, [r4, #4]
10000392:	075b      	lsls	r3, r3, #29
10000394:	d408      	bmi.n	100003a8 <main+0x128>
10000396:	2504      	movs	r5, #4
10000398:	f008 fc9e 	bl	10008cd8 <TP_DrawBoard>
1000039c:	200a      	movs	r0, #10
1000039e:	f001 f84f 	bl	10001440 <sleep_ms>
100003a2:	6863      	ldr	r3, [r4, #4]
100003a4:	421d      	tst	r5, r3
100003a6:	d0f7      	beq.n	10000398 <main+0x118>
100003a8:	f008 fc96 	bl	10008cd8 <TP_DrawBoard>
100003ac:	23d0      	movs	r3, #208	@ 0xd0
100003ae:	2404      	movs	r4, #4
100003b0:	061b      	lsls	r3, r3, #24
100003b2:	685b      	ldr	r3, [r3, #4]
100003b4:	401c      	ands	r4, r3
100003b6:	1e63      	subs	r3, r4, #1
100003b8:	419c      	sbcs	r4, r3
100003ba:	b2e5      	uxtb	r5, r4
100003bc:	e7a2      	b.n	10000304 <main+0x84>
100003be:	2300      	movs	r3, #0
100003c0:	228c      	movs	r2, #140	@ 0x8c
100003c2:	9307      	str	r3, [sp, #28]
100003c4:	ab07      	add	r3, sp, #28
100003c6:	0052      	lsls	r2, r2, #1
100003c8:	9300      	str	r3, [sp, #0]
100003ca:	23f0      	movs	r3, #240	@ 0xf0
100003cc:	f000 f844 	bl	10000458 <recognize_character>
100003d0:	0005      	movs	r5, r0
100003d2:	9807      	ldr	r0, [sp, #28]
100003d4:	f002 f85e 	bl	10002494 <__wrap___aeabi_f2d>
100003d8:	000b      	movs	r3, r1
100003da:	6839      	ldr	r1, [r7, #0]
100003dc:	0002      	movs	r2, r0
100003de:	9100      	str	r1, [sp, #0]
100003e0:	9805      	ldr	r0, [sp, #20]
100003e2:	0029      	movs	r1, r5
100003e4:	f003 febe 	bl	10004164 <__wrap_printf>
100003e8:	9b07      	ldr	r3, [sp, #28]
100003ea:	22eb      	movs	r2, #235	@ 0xeb
100003ec:	469b      	mov	fp, r3
100003ee:	2301      	movs	r3, #1
100003f0:	9302      	str	r3, [sp, #8]
100003f2:	9301      	str	r3, [sp, #4]
100003f4:	4b16      	ldr	r3, [pc, #88]	@ (10000450 <main+0x1d0>)
100003f6:	0052      	lsls	r2, r2, #1
100003f8:	4699      	mov	r9, r3
100003fa:	2105      	movs	r1, #5
100003fc:	2008      	movs	r0, #8
100003fe:	9300      	str	r3, [sp, #0]
10000400:	232c      	movs	r3, #44	@ 0x2c
10000402:	f008 f9b7 	bl	10008774 <GUI_DrawRectangle>
10000406:	4658      	mov	r0, fp
10000408:	f002 f844 	bl	10002494 <__wrap___aeabi_f2d>
1000040c:	002b      	movs	r3, r5
1000040e:	9000      	str	r0, [sp, #0]
10000410:	9101      	str	r1, [sp, #4]
10000412:	9a04      	ldr	r2, [sp, #16]
10000414:	2128      	movs	r1, #40	@ 0x28
10000416:	a808      	add	r0, sp, #32
10000418:	f003 fc42 	bl	10003ca0 <__wrap_snprintf>
1000041c:	464b      	mov	r3, r9
1000041e:	9401      	str	r4, [sp, #4]
10000420:	9300      	str	r3, [sp, #0]
10000422:	e7ad      	b.n	10000380 <main+0x100>
10000424:	20012a7c 	.word	0x20012a7c
10000428:	20012a88 	.word	0x20012a88
1000042c:	1000a198 	.word	0x1000a198
10000430:	1000a1b8 	.word	0x1000a1b8
10000434:	00010680 	.word	0x00010680
10000438:	1000a1f8 	.word	0x1000a1f8
1000043c:	1000a218 	.word	0x1000a218
10000440:	1000a248 	.word	0x1000a248
10000444:	20001100 	.word	0x20001100
10000448:	1000a264 	.word	0x1000a264
1000044c:	0001067f 	.word	0x0001067f
10000450:	0000ffff 	.word	0x0000ffff
10000454:	408f3800 	.word	0x408f3800

10000458 <recognize_character>:
10000458:	b5f0      	push	{r4, r5, r6, r7, lr}
1000045a:	4657      	mov	r7, sl
1000045c:	464e      	mov	r6, r9
1000045e:	46de      	mov	lr, fp
10000460:	4645      	mov	r5, r8
10000462:	b5e0      	push	{r5, r6, r7, lr}
10000464:	b0b7      	sub	sp, #220	@ 0xdc
10000466:	001c      	movs	r4, r3
10000468:	9b40      	ldr	r3, [sp, #256]	@ 0x100
1000046a:	4682      	mov	sl, r0
1000046c:	4691      	mov	r9, r2
1000046e:	2b00      	cmp	r3, #0
10000470:	d002      	beq.n	10000478 <recognize_character+0x20>
10000472:	001a      	movs	r2, r3
10000474:	4b98      	ldr	r3, [pc, #608]	@ (100006d8 <recognize_character+0x280>)
10000476:	6013      	str	r3, [r2, #0]
10000478:	4653      	mov	r3, sl
1000047a:	2b00      	cmp	r3, #0
1000047c:	d100      	bne.n	10000480 <recognize_character+0x28>
1000047e:	e0fc      	b.n	1000067a <recognize_character+0x222>
10000480:	464b      	mov	r3, r9
10000482:	2b00      	cmp	r3, #0
10000484:	dc00      	bgt.n	10000488 <recognize_character+0x30>
10000486:	e0f8      	b.n	1000067a <recognize_character+0x222>
10000488:	2c00      	cmp	r4, #0
1000048a:	dc00      	bgt.n	1000048e <recognize_character+0x36>
1000048c:	e0f5      	b.n	1000067a <recognize_character+0x222>
1000048e:	4363      	muls	r3, r4
10000490:	428b      	cmp	r3, r1
10000492:	d900      	bls.n	10000496 <recognize_character+0x3e>
10000494:	e0f1      	b.n	1000067a <recognize_character+0x222>
10000496:	2701      	movs	r7, #1
10000498:	427f      	negs	r7, r7
1000049a:	003b      	movs	r3, r7
1000049c:	0022      	movs	r2, r4
1000049e:	46bc      	mov	ip, r7
100004a0:	4655      	mov	r5, sl
100004a2:	0027      	movs	r7, r4
100004a4:	2100      	movs	r1, #0
100004a6:	001c      	movs	r4, r3
100004a8:	464e      	mov	r6, r9
100004aa:	464b      	mov	r3, r9
100004ac:	4690      	mov	r8, r2
100004ae:	2200      	movs	r2, #0
100004b0:	5ca8      	ldrb	r0, [r5, r2]
100004b2:	2800      	cmp	r0, #0
100004b4:	d00b      	beq.n	100004ce <recognize_character+0x76>
100004b6:	4293      	cmp	r3, r2
100004b8:	dd00      	ble.n	100004bc <recognize_character+0x64>
100004ba:	0013      	movs	r3, r2
100004bc:	4294      	cmp	r4, r2
100004be:	da00      	bge.n	100004c2 <recognize_character+0x6a>
100004c0:	0014      	movs	r4, r2
100004c2:	428f      	cmp	r7, r1
100004c4:	dd00      	ble.n	100004c8 <recognize_character+0x70>
100004c6:	000f      	movs	r7, r1
100004c8:	458c      	cmp	ip, r1
100004ca:	da00      	bge.n	100004ce <recognize_character+0x76>
100004cc:	468c      	mov	ip, r1
100004ce:	3201      	adds	r2, #1
100004d0:	4296      	cmp	r6, r2
100004d2:	d1ed      	bne.n	100004b0 <recognize_character+0x58>
100004d4:	3101      	adds	r1, #1
100004d6:	19ad      	adds	r5, r5, r6
100004d8:	4588      	cmp	r8, r1
100004da:	d1e8      	bne.n	100004ae <recognize_character+0x56>
100004dc:	0039      	movs	r1, r7
100004de:	970e      	str	r7, [sp, #56]	@ 0x38
100004e0:	4698      	mov	r8, r3
100004e2:	4667      	mov	r7, ip
100004e4:	46b1      	mov	r9, r6
100004e6:	2c00      	cmp	r4, #0
100004e8:	da00      	bge.n	100004ec <recognize_character+0x94>
100004ea:	e0c6      	b.n	1000067a <recognize_character+0x222>
100004ec:	1ae3      	subs	r3, r4, r3
100004ee:	1a7f      	subs	r7, r7, r1
100004f0:	2b03      	cmp	r3, #3
100004f2:	dc00      	bgt.n	100004f6 <recognize_character+0x9e>
100004f4:	e0c1      	b.n	1000067a <recognize_character+0x222>
100004f6:	2f08      	cmp	r7, #8
100004f8:	dc00      	bgt.n	100004fc <recognize_character+0xa4>
100004fa:	e0be      	b.n	1000067a <recognize_character+0x222>
100004fc:	3301      	adds	r3, #1
100004fe:	228c      	movs	r2, #140	@ 0x8c
10000500:	2100      	movs	r1, #0
10000502:	a813      	add	r0, sp, #76	@ 0x4c
10000504:	9307      	str	r3, [sp, #28]
10000506:	f002 f835 	bl	10002574 <__wrap_memset>
1000050a:	4643      	mov	r3, r8
1000050c:	930a      	str	r3, [sp, #40]	@ 0x28
1000050e:	4653      	mov	r3, sl
10000510:	1c7d      	adds	r5, r7, #1
10000512:	2400      	movs	r4, #0
10000514:	2700      	movs	r7, #0
10000516:	ae13      	add	r6, sp, #76	@ 0x4c
10000518:	9310      	str	r3, [sp, #64]	@ 0x40
1000051a:	464b      	mov	r3, r9
1000051c:	970b      	str	r7, [sp, #44]	@ 0x2c
1000051e:	46a3      	mov	fp, r4
10000520:	0037      	movs	r7, r6
10000522:	950f      	str	r5, [sp, #60]	@ 0x3c
10000524:	9311      	str	r3, [sp, #68]	@ 0x44
10000526:	9e0b      	ldr	r6, [sp, #44]	@ 0x2c
10000528:	2107      	movs	r1, #7
1000052a:	0030      	movs	r0, r6
1000052c:	f001 fb7e 	bl	10001c2c <__wrap___aeabi_idiv>
10000530:	9d0e      	ldr	r5, [sp, #56]	@ 0x38
10000532:	0004      	movs	r4, r0
10000534:	46ac      	mov	ip, r5
10000536:	2201      	movs	r2, #1
10000538:	4464      	add	r4, ip
1000053a:	4694      	mov	ip, r2
1000053c:	9a0f      	ldr	r2, [sp, #60]	@ 0x3c
1000053e:	44e3      	add	fp, ip
10000540:	0033      	movs	r3, r6
10000542:	4694      	mov	ip, r2
10000544:	4463      	add	r3, ip
10000546:	2107      	movs	r1, #7
10000548:	9004      	str	r0, [sp, #16]
1000054a:	0018      	movs	r0, r3
1000054c:	930b      	str	r3, [sp, #44]	@ 0x2c
1000054e:	9408      	str	r4, [sp, #32]
10000550:	f001 fb6c 	bl	10001c2c <__wrap___aeabi_idiv>
10000554:	46ac      	mov	ip, r5
10000556:	0003      	movs	r3, r0
10000558:	9a11      	ldr	r2, [sp, #68]	@ 0x44
1000055a:	4463      	add	r3, ip
1000055c:	9301      	str	r3, [sp, #4]
1000055e:	0013      	movs	r3, r2
10000560:	9910      	ldr	r1, [sp, #64]	@ 0x40
10000562:	4363      	muls	r3, r4
10000564:	468c      	mov	ip, r1
10000566:	4463      	add	r3, ip
10000568:	9309      	str	r3, [sp, #36]	@ 0x24
1000056a:	465b      	mov	r3, fp
1000056c:	a913      	add	r1, sp, #76	@ 0x4c
1000056e:	468c      	mov	ip, r1
10000570:	009b      	lsls	r3, r3, #2
10000572:	445b      	add	r3, fp
10000574:	009b      	lsls	r3, r3, #2
10000576:	4463      	add	r3, ip
10000578:	9306      	str	r3, [sp, #24]
1000057a:	2300      	movs	r3, #0
1000057c:	9303      	str	r3, [sp, #12]
1000057e:	465b      	mov	r3, fp
10000580:	4693      	mov	fp, r2
10000582:	9005      	str	r0, [sp, #20]
10000584:	9702      	str	r7, [sp, #8]
10000586:	970c      	str	r7, [sp, #48]	@ 0x30
10000588:	930d      	str	r3, [sp, #52]	@ 0x34
1000058a:	9d03      	ldr	r5, [sp, #12]
1000058c:	2105      	movs	r1, #5
1000058e:	0028      	movs	r0, r5
10000590:	f001 fb4c 	bl	10001c2c <__wrap___aeabi_idiv>
10000594:	9c0a      	ldr	r4, [sp, #40]	@ 0x28
10000596:	0002      	movs	r2, r0
10000598:	46a4      	mov	ip, r4
1000059a:	4462      	add	r2, ip
1000059c:	4690      	mov	r8, r2
1000059e:	9a07      	ldr	r2, [sp, #28]
100005a0:	002b      	movs	r3, r5
100005a2:	4694      	mov	ip, r2
100005a4:	4463      	add	r3, ip
100005a6:	4681      	mov	r9, r0
100005a8:	2105      	movs	r1, #5
100005aa:	0018      	movs	r0, r3
100005ac:	9303      	str	r3, [sp, #12]
100005ae:	f001 fb3d 	bl	10001c2c <__wrap___aeabi_idiv>
100005b2:	9b04      	ldr	r3, [sp, #16]
100005b4:	9a05      	ldr	r2, [sp, #20]
100005b6:	0007      	movs	r7, r0
100005b8:	1905      	adds	r5, r0, r4
100005ba:	4293      	cmp	r3, r2
100005bc:	da2e      	bge.n	1000061c <recognize_character+0x1c4>
100005be:	464a      	mov	r2, r9
100005c0:	1abb      	subs	r3, r7, r2
100005c2:	3b01      	subs	r3, #1
100005c4:	46bc      	mov	ip, r7
100005c6:	2400      	movs	r4, #0
100005c8:	2000      	movs	r0, #0
100005ca:	469a      	mov	sl, r3
100005cc:	0017      	movs	r7, r2
100005ce:	9909      	ldr	r1, [sp, #36]	@ 0x24
100005d0:	9e08      	ldr	r6, [sp, #32]
100005d2:	4643      	mov	r3, r8
100005d4:	46a1      	mov	r9, r4
100005d6:	4567      	cmp	r7, ip
100005d8:	da0d      	bge.n	100005f6 <recognize_character+0x19e>
100005da:	5cca      	ldrb	r2, [r1, r3]
100005dc:	3301      	adds	r3, #1
100005de:	1e54      	subs	r4, r2, #1
100005e0:	41a2      	sbcs	r2, r4
100005e2:	1880      	adds	r0, r0, r2
100005e4:	42ab      	cmp	r3, r5
100005e6:	dbf8      	blt.n	100005da <recognize_character+0x182>
100005e8:	464c      	mov	r4, r9
100005ea:	4653      	mov	r3, sl
100005ec:	3401      	adds	r4, #1
100005ee:	4567      	cmp	r7, ip
100005f0:	db00      	blt.n	100005f4 <recognize_character+0x19c>
100005f2:	2300      	movs	r3, #0
100005f4:	191c      	adds	r4, r3, r4
100005f6:	9b01      	ldr	r3, [sp, #4]
100005f8:	3601      	adds	r6, #1
100005fa:	4459      	add	r1, fp
100005fc:	42b3      	cmp	r3, r6
100005fe:	dce8      	bgt.n	100005d2 <recognize_character+0x17a>
10000600:	2c00      	cmp	r4, #0
10000602:	dd0b      	ble.n	1000061c <recognize_character+0x1c4>
10000604:	f001 ff1e 	bl	10002444 <__wrap___aeabi_i2f>
10000608:	1c05      	adds	r5, r0, #0
1000060a:	0020      	movs	r0, r4
1000060c:	f001 ff1a 	bl	10002444 <__wrap___aeabi_i2f>
10000610:	1c01      	adds	r1, r0, #0
10000612:	1c28      	adds	r0, r5, #0
10000614:	f001 fec7 	bl	100023a6 <__wrap___aeabi_fdiv>
10000618:	9b02      	ldr	r3, [sp, #8]
1000061a:	6018      	str	r0, [r3, #0]
1000061c:	9b02      	ldr	r3, [sp, #8]
1000061e:	9a06      	ldr	r2, [sp, #24]
10000620:	3304      	adds	r3, #4
10000622:	9302      	str	r3, [sp, #8]
10000624:	4293      	cmp	r3, r2
10000626:	d1b0      	bne.n	1000058a <recognize_character+0x132>
10000628:	9f0c      	ldr	r7, [sp, #48]	@ 0x30
1000062a:	9b0d      	ldr	r3, [sp, #52]	@ 0x34
1000062c:	3714      	adds	r7, #20
1000062e:	469b      	mov	fp, r3
10000630:	2b07      	cmp	r3, #7
10000632:	d000      	beq.n	10000636 <recognize_character+0x1de>
10000634:	e777      	b.n	10000526 <recognize_character+0xce>
10000636:	4b29      	ldr	r3, [pc, #164]	@ (100006dc <recognize_character+0x284>)
10000638:	af36      	add	r7, sp, #216	@ 0xd8
1000063a:	4699      	mov	r9, r3
1000063c:	2300      	movs	r3, #0
1000063e:	4698      	mov	r8, r3
10000640:	3b01      	subs	r3, #1
10000642:	469a      	mov	sl, r3
10000644:	4b24      	ldr	r3, [pc, #144]	@ (100006d8 <recognize_character+0x280>)
10000646:	469b      	mov	fp, r3
10000648:	464d      	mov	r5, r9
1000064a:	2400      	movs	r4, #0
1000064c:	ae13      	add	r6, sp, #76	@ 0x4c
1000064e:	e00f      	b.n	10000670 <recognize_character+0x218>
10000650:	21fc      	movs	r1, #252	@ 0xfc
10000652:	ce01      	ldmia	r6!, {r0}
10000654:	0589      	lsls	r1, r1, #22
10000656:	f001 fea0 	bl	1000239a <__wrap___aeabi_fsub>
1000065a:	1c01      	adds	r1, r0, #0
1000065c:	f001 feb7 	bl	100023ce <__wrap___aeabi_fmul>
10000660:	1c01      	adds	r1, r0, #0
10000662:	1c20      	adds	r0, r4, #0
10000664:	f001 fe9c 	bl	100023a0 <__wrap___aeabi_fadd>
10000668:	3501      	adds	r5, #1
1000066a:	1c04      	adds	r4, r0, #0
1000066c:	42b7      	cmp	r7, r6
1000066e:	d00c      	beq.n	1000068a <recognize_character+0x232>
10000670:	782b      	ldrb	r3, [r5, #0]
10000672:	2b00      	cmp	r3, #0
10000674:	d1ec      	bne.n	10000650 <recognize_character+0x1f8>
10000676:	ce01      	ldmia	r6!, {r0}
10000678:	e7ef      	b.n	1000065a <recognize_character+0x202>
1000067a:	203f      	movs	r0, #63	@ 0x3f
1000067c:	b037      	add	sp, #220	@ 0xdc
1000067e:	bcf0      	pop	{r4, r5, r6, r7}
10000680:	46bb      	mov	fp, r7
10000682:	46b2      	mov	sl, r6
10000684:	46a9      	mov	r9, r5
10000686:	46a0      	mov	r8, r4
10000688:	bdf0      	pop	{r4, r5, r6, r7, pc}
1000068a:	4915      	ldr	r1, [pc, #84]	@ (100006e0 <recognize_character+0x288>)
1000068c:	f001 fe8b 	bl	100023a6 <__wrap___aeabi_fdiv>
10000690:	4659      	mov	r1, fp
10000692:	1c04      	adds	r4, r0, #0
10000694:	f001 feca 	bl	1000242c <__wrap___aeabi_fcmplt>
10000698:	2800      	cmp	r0, #0
1000069a:	d001      	beq.n	100006a0 <recognize_character+0x248>
1000069c:	46c2      	mov	sl, r8
1000069e:	46a3      	mov	fp, r4
100006a0:	2301      	movs	r3, #1
100006a2:	469c      	mov	ip, r3
100006a4:	3322      	adds	r3, #34	@ 0x22
100006a6:	44e0      	add	r8, ip
100006a8:	469c      	mov	ip, r3
100006aa:	4643      	mov	r3, r8
100006ac:	44e1      	add	r9, ip
100006ae:	2b0a      	cmp	r3, #10
100006b0:	d1ca      	bne.n	10000648 <recognize_character+0x1f0>
100006b2:	9b40      	ldr	r3, [sp, #256]	@ 0x100
100006b4:	2b00      	cmp	r3, #0
100006b6:	d001      	beq.n	100006bc <recognize_character+0x264>
100006b8:	465a      	mov	r2, fp
100006ba:	601a      	str	r2, [r3, #0]
100006bc:	4653      	mov	r3, sl
100006be:	2b00      	cmp	r3, #0
100006c0:	dbdb      	blt.n	1000067a <recognize_character+0x222>
100006c2:	4658      	mov	r0, fp
100006c4:	4907      	ldr	r1, [pc, #28]	@ (100006e4 <recognize_character+0x28c>)
100006c6:	f001 feb7 	bl	10002438 <__wrap___aeabi_fcmpgt>
100006ca:	2800      	cmp	r0, #0
100006cc:	d1d5      	bne.n	1000067a <recognize_character+0x222>
100006ce:	4650      	mov	r0, sl
100006d0:	3030      	adds	r0, #48	@ 0x30
100006d2:	b2c0      	uxtb	r0, r0
100006d4:	e7d2      	b.n	1000067c <recognize_character+0x224>
100006d6:	46c0      	nop			@ (mov r8, r8)
100006d8:	4479c000 	.word	0x4479c000
100006dc:	1000a61c 	.word	0x1000a61c
100006e0:	420c0000 	.word	0x420c0000
100006e4:	3e4ccccd 	.word	0x3e4ccccd

100006e8 <gpio_set_function>:
100006e8:	4a09      	ldr	r2, [pc, #36]	@ (10000710 <gpio_set_function+0x28>)
100006ea:	0083      	lsls	r3, r0, #2
100006ec:	189a      	adds	r2, r3, r2
100006ee:	b510      	push	{r4, lr}
100006f0:	6814      	ldr	r4, [r2, #0]
100006f2:	2240      	movs	r2, #64	@ 0x40
100006f4:	4054      	eors	r4, r2
100006f6:	3280      	adds	r2, #128	@ 0x80
100006f8:	4022      	ands	r2, r4
100006fa:	4c06      	ldr	r4, [pc, #24]	@ (10000714 <gpio_set_function+0x2c>)
100006fc:	00c0      	lsls	r0, r0, #3
100006fe:	46a4      	mov	ip, r4
10000700:	4463      	add	r3, ip
10000702:	601a      	str	r2, [r3, #0]
10000704:	4b04      	ldr	r3, [pc, #16]	@ (10000718 <gpio_set_function+0x30>)
10000706:	469c      	mov	ip, r3
10000708:	4460      	add	r0, ip
1000070a:	6041      	str	r1, [r0, #4]
1000070c:	bd10      	pop	{r4, pc}
1000070e:	46c0      	nop			@ (mov r8, r8)
10000710:	4001c004 	.word	0x4001c004
10000714:	4001d004 	.word	0x4001d004
10000718:	40014000 	.word	0x40014000

1000071c <gpio_set_pulls>:
1000071c:	4b07      	ldr	r3, [pc, #28]	@ (1000073c <gpio_set_pulls+0x20>)
1000071e:	0080      	lsls	r0, r0, #2
10000720:	18c3      	adds	r3, r0, r3
10000722:	681b      	ldr	r3, [r3, #0]
10000724:	00c9      	lsls	r1, r1, #3
10000726:	0092      	lsls	r2, r2, #2
10000728:	430a      	orrs	r2, r1
1000072a:	405a      	eors	r2, r3
1000072c:	230c      	movs	r3, #12
1000072e:	4013      	ands	r3, r2
10000730:	4a03      	ldr	r2, [pc, #12]	@ (10000740 <gpio_set_pulls+0x24>)
10000732:	4694      	mov	ip, r2
10000734:	4460      	add	r0, ip
10000736:	6003      	str	r3, [r0, #0]
10000738:	4770      	bx	lr
1000073a:	46c0      	nop			@ (mov r8, r8)
1000073c:	4001c004 	.word	0x4001c004
10000740:	4001d004 	.word	0x4001d004

10000744 <gpio_init>:
10000744:	2301      	movs	r3, #1
10000746:	22d0      	movs	r2, #208	@ 0xd0
10000748:	4083      	lsls	r3, r0
1000074a:	0612      	lsls	r2, r2, #24
1000074c:	6293      	str	r3, [r2, #40]	@ 0x28
1000074e:	6193      	str	r3, [r2, #24]
10000750:	4a09      	ldr	r2, [pc, #36]	@ (10000778 <gpio_init+0x34>)
10000752:	0083      	lsls	r3, r0, #2
10000754:	189a      	adds	r2, r3, r2
10000756:	6811      	ldr	r1, [r2, #0]
10000758:	2240      	movs	r2, #64	@ 0x40
1000075a:	4051      	eors	r1, r2
1000075c:	3280      	adds	r2, #128	@ 0x80
1000075e:	400a      	ands	r2, r1
10000760:	4906      	ldr	r1, [pc, #24]	@ (1000077c <gpio_init+0x38>)
10000762:	00c0      	lsls	r0, r0, #3
10000764:	468c      	mov	ip, r1
10000766:	4463      	add	r3, ip
10000768:	601a      	str	r2, [r3, #0]
1000076a:	4b05      	ldr	r3, [pc, #20]	@ (10000780 <gpio_init+0x3c>)
1000076c:	469c      	mov	ip, r3
1000076e:	2305      	movs	r3, #5
10000770:	4460      	add	r0, ip
10000772:	6043      	str	r3, [r0, #4]
10000774:	4770      	bx	lr
10000776:	46c0      	nop			@ (mov r8, r8)
10000778:	4001c004 	.word	0x4001c004
1000077c:	4001d004 	.word	0x4001d004
10000780:	40014000 	.word	0x40014000

10000784 <rp2040_chip_version>:
10000784:	2380      	movs	r3, #128	@ 0x80
10000786:	05db      	lsls	r3, r3, #23
10000788:	6818      	ldr	r0, [r3, #0]
1000078a:	0f00      	lsrs	r0, r0, #28
1000078c:	4770      	bx	lr
1000078e:	46c0      	nop			@ (mov r8, r8)

10000790 <panic>:
10000790:	b40f      	push	{r0, r1, r2, r3}
10000792:	b500      	push	{lr}
10000794:	4808      	ldr	r0, [pc, #32]	@ (100007b8 <panic+0x28>)
10000796:	b083      	sub	sp, #12
10000798:	f003 fc5c 	bl	10004054 <__wrap_puts>
1000079c:	9b04      	ldr	r3, [sp, #16]
1000079e:	2b00      	cmp	r3, #0
100007a0:	d007      	beq.n	100007b2 <panic+0x22>
100007a2:	a905      	add	r1, sp, #20
100007a4:	0018      	movs	r0, r3
100007a6:	9101      	str	r1, [sp, #4]
100007a8:	f003 fa9e 	bl	10003ce8 <weak_raw_vprintf>
100007ac:	4803      	ldr	r0, [pc, #12]	@ (100007bc <panic+0x2c>)
100007ae:	f003 fc51 	bl	10004054 <__wrap_puts>
100007b2:	2001      	movs	r0, #1
100007b4:	f003 fab0 	bl	10003d18 <_exit>
100007b8:	1000a290 	.word	0x1000a290
100007bc:	1000a600 	.word	0x1000a600

100007c0 <hw_claim_or_assert>:
100007c0:	b570      	push	{r4, r5, r6, lr}
100007c2:	f3ef 8c10 	mrs	ip, PRIMASK
100007c6:	b672      	cpsid	i
100007c8:	4d0d      	ldr	r5, [pc, #52]	@ (10000800 <hw_claim_or_assert+0x40>)
100007ca:	682b      	ldr	r3, [r5, #0]
100007cc:	2b00      	cmp	r3, #0
100007ce:	d0fc      	beq.n	100007ca <hw_claim_or_assert+0xa>
100007d0:	f3bf 8f5f 	dmb	sy
100007d4:	2407      	movs	r4, #7
100007d6:	08cb      	lsrs	r3, r1, #3
100007d8:	18c6      	adds	r6, r0, r3
100007da:	5cc0      	ldrb	r0, [r0, r3]
100007dc:	2301      	movs	r3, #1
100007de:	400c      	ands	r4, r1
100007e0:	40a3      	lsls	r3, r4
100007e2:	001c      	movs	r4, r3
100007e4:	4004      	ands	r4, r0
100007e6:	4203      	tst	r3, r0
100007e8:	d107      	bne.n	100007fa <hw_claim_or_assert+0x3a>
100007ea:	4318      	orrs	r0, r3
100007ec:	7030      	strb	r0, [r6, #0]
100007ee:	f3bf 8f5f 	dmb	sy
100007f2:	602c      	str	r4, [r5, #0]
100007f4:	f38c 8810 	msr	PRIMASK, ip
100007f8:	bd70      	pop	{r4, r5, r6, pc}
100007fa:	0010      	movs	r0, r2
100007fc:	f7ff ffc8 	bl	10000790 <panic>
10000800:	d000012c 	.word	0xd000012c

10000804 <hw_claim_unused_from_range>:
10000804:	b5f8      	push	{r3, r4, r5, r6, r7, lr}
10000806:	4647      	mov	r7, r8
10000808:	46ce      	mov	lr, r9
1000080a:	4688      	mov	r8, r1
1000080c:	b580      	push	{r7, lr}
1000080e:	f3ef 8c10 	mrs	ip, PRIMASK
10000812:	b672      	cpsid	i
10000814:	4d21      	ldr	r5, [pc, #132]	@ (1000089c <hw_claim_unused_from_range+0x98>)
10000816:	682c      	ldr	r4, [r5, #0]
10000818:	2c00      	cmp	r4, #0
1000081a:	d0fc      	beq.n	10000816 <hw_claim_unused_from_range+0x12>
1000081c:	f3bf 8f5f 	dmb	sy
10000820:	429a      	cmp	r2, r3
10000822:	d82c      	bhi.n	1000087e <hw_claim_unused_from_range+0x7a>
10000824:	08d4      	lsrs	r4, r2, #3
10000826:	2707      	movs	r7, #7
10000828:	5d05      	ldrb	r5, [r0, r4]
1000082a:	1906      	adds	r6, r0, r4
1000082c:	2401      	movs	r4, #1
1000082e:	4017      	ands	r7, r2
10000830:	40bc      	lsls	r4, r7
10000832:	422c      	tst	r4, r5
10000834:	d01f      	beq.n	10000876 <hw_claim_unused_from_range+0x72>
10000836:	2107      	movs	r1, #7
10000838:	2701      	movs	r7, #1
1000083a:	4689      	mov	r9, r1
1000083c:	e009      	b.n	10000852 <hw_claim_unused_from_range+0x4e>
1000083e:	08d4      	lsrs	r4, r2, #3
10000840:	5d05      	ldrb	r5, [r0, r4]
10000842:	1906      	adds	r6, r0, r4
10000844:	464c      	mov	r4, r9
10000846:	0039      	movs	r1, r7
10000848:	4014      	ands	r4, r2
1000084a:	40a1      	lsls	r1, r4
1000084c:	000c      	movs	r4, r1
1000084e:	4229      	tst	r1, r5
10000850:	d011      	beq.n	10000876 <hw_claim_unused_from_range+0x72>
10000852:	3201      	adds	r2, #1
10000854:	4293      	cmp	r3, r2
10000856:	d2f2      	bcs.n	1000083e <hw_claim_unused_from_range+0x3a>
10000858:	2001      	movs	r0, #1
1000085a:	4240      	negs	r0, r0
1000085c:	f3bf 8f5f 	dmb	sy
10000860:	2200      	movs	r2, #0
10000862:	4b0e      	ldr	r3, [pc, #56]	@ (1000089c <hw_claim_unused_from_range+0x98>)
10000864:	601a      	str	r2, [r3, #0]
10000866:	f38c 8810 	msr	PRIMASK, ip
1000086a:	2800      	cmp	r0, #0
1000086c:	db0f      	blt.n	1000088e <hw_claim_unused_from_range+0x8a>
1000086e:	bcc0      	pop	{r6, r7}
10000870:	46b9      	mov	r9, r7
10000872:	46b0      	mov	r8, r6
10000874:	bdf8      	pop	{r3, r4, r5, r6, r7, pc}
10000876:	4325      	orrs	r5, r4
10000878:	0010      	movs	r0, r2
1000087a:	7035      	strb	r5, [r6, #0]
1000087c:	e7ee      	b.n	1000085c <hw_claim_unused_from_range+0x58>
1000087e:	f3bf 8f5f 	dmb	sy
10000882:	2300      	movs	r3, #0
10000884:	602b      	str	r3, [r5, #0]
10000886:	f38c 8810 	msr	PRIMASK, ip
1000088a:	2001      	movs	r0, #1
1000088c:	4240      	negs	r0, r0
1000088e:	4643      	mov	r3, r8
10000890:	2b00      	cmp	r3, #0
10000892:	d0ec      	beq.n	1000086e <hw_claim_unused_from_range+0x6a>
10000894:	9808      	ldr	r0, [sp, #32]
10000896:	f7ff ff7b 	bl	10000790 <panic>
1000089a:	46c0      	nop			@ (mov r8, r8)
1000089c:	d000012c 	.word	0xd000012c

100008a0 <next_striped_spin_lock_num>:
100008a0:	4a04      	ldr	r2, [pc, #16]	@ (100008b4 <next_striped_spin_lock_num+0x14>)
100008a2:	7810      	ldrb	r0, [r2, #0]
100008a4:	1c43      	adds	r3, r0, #1
100008a6:	b2db      	uxtb	r3, r3
100008a8:	2b17      	cmp	r3, #23
100008aa:	d900      	bls.n	100008ae <next_striped_spin_lock_num+0xe>
100008ac:	2310      	movs	r3, #16
100008ae:	7013      	strb	r3, [r2, #0]
100008b0:	4770      	bx	lr
100008b2:	46c0      	nop			@ (mov r8, r8)
100008b4:	20001010 	.word	0x20001010

100008b8 <spin_lock_claim_unused>:
100008b8:	b510      	push	{r4, lr}
100008ba:	4b06      	ldr	r3, [pc, #24]	@ (100008d4 <spin_lock_claim_unused+0x1c>)
100008bc:	4c06      	ldr	r4, [pc, #24]	@ (100008d8 <spin_lock_claim_unused+0x20>)
100008be:	b082      	sub	sp, #8
100008c0:	0001      	movs	r1, r0
100008c2:	9300      	str	r3, [sp, #0]
100008c4:	2218      	movs	r2, #24
100008c6:	231f      	movs	r3, #31
100008c8:	0020      	movs	r0, r4
100008ca:	f7ff ff9b 	bl	10000804 <hw_claim_unused_from_range>
100008ce:	b002      	add	sp, #8
100008d0:	bd10      	pop	{r4, pc}
100008d2:	46c0      	nop			@ (mov r8, r8)
100008d4:	1000a2a0 	.word	0x1000a2a0
100008d8:	20001e28 	.word	0x20001e28

100008dc <spin_locks_reset>:
100008dc:	2100      	movs	r1, #0
100008de:	4b04      	ldr	r3, [pc, #16]	@ (100008f0 <spin_locks_reset+0x14>)
100008e0:	4a04      	ldr	r2, [pc, #16]	@ (100008f4 <spin_locks_reset+0x18>)
100008e2:	f3bf 8f5f 	dmb	sy
100008e6:	c302      	stmia	r3!, {r1}
100008e8:	4293      	cmp	r3, r2
100008ea:	d1fa      	bne.n	100008e2 <spin_locks_reset+0x6>
100008ec:	4770      	bx	lr
100008ee:	46c0      	nop			@ (mov r8, r8)
100008f0:	d0000100 	.word	0xd0000100
100008f4:	d0000180 	.word	0xd0000180

100008f8 <runtime_init_per_core_irq_priorities>:
100008f8:	4b05      	ldr	r3, [pc, #20]	@ (10000910 <runtime_init_per_core_irq_priorities+0x18>)
100008fa:	4a06      	ldr	r2, [pc, #24]	@ (10000914 <runtime_init_per_core_irq_priorities+0x1c>)
100008fc:	6013      	str	r3, [r2, #0]
100008fe:	4a06      	ldr	r2, [pc, #24]	@ (10000918 <runtime_init_per_core_irq_priorities+0x20>)
10000900:	6013      	str	r3, [r2, #0]
10000902:	6053      	str	r3, [r2, #4]
10000904:	6093      	str	r3, [r2, #8]
10000906:	60d3      	str	r3, [r2, #12]
10000908:	6113      	str	r3, [r2, #16]
1000090a:	6153      	str	r3, [r2, #20]
1000090c:	6193      	str	r3, [r2, #24]
1000090e:	4770      	bx	lr
10000910:	80808080 	.word	0x80808080
10000914:	e000e400 	.word	0xe000e400
10000918:	e000e404 	.word	0xe000e404

1000091c <irq_set_enabled>:
1000091c:	231f      	movs	r3, #31
1000091e:	4018      	ands	r0, r3
10000920:	3b1e      	subs	r3, #30
10000922:	4083      	lsls	r3, r0
10000924:	2900      	cmp	r1, #0
10000926:	d005      	beq.n	10000934 <irq_set_enabled+0x18>
10000928:	21c0      	movs	r1, #192	@ 0xc0
1000092a:	4a04      	ldr	r2, [pc, #16]	@ (1000093c <irq_set_enabled+0x20>)
1000092c:	0049      	lsls	r1, r1, #1
1000092e:	5053      	str	r3, [r2, r1]
10000930:	6013      	str	r3, [r2, #0]
10000932:	4770      	bx	lr
10000934:	2280      	movs	r2, #128	@ 0x80
10000936:	4901      	ldr	r1, [pc, #4]	@ (1000093c <irq_set_enabled+0x20>)
10000938:	508b      	str	r3, [r1, r2]
1000093a:	e7fa      	b.n	10000932 <irq_set_enabled+0x16>
1000093c:	e000e100 	.word	0xe000e100

10000940 <irq_is_enabled>:
10000940:	2201      	movs	r2, #1
10000942:	4082      	lsls	r2, r0
10000944:	4b03      	ldr	r3, [pc, #12]	@ (10000954 <irq_is_enabled+0x14>)
10000946:	681b      	ldr	r3, [r3, #0]
10000948:	4013      	ands	r3, r2
1000094a:	1e5a      	subs	r2, r3, #1
1000094c:	4193      	sbcs	r3, r2
1000094e:	b2d8      	uxtb	r0, r3
10000950:	4770      	bx	lr
10000952:	46c0      	nop			@ (mov r8, r8)
10000954:	e000e100 	.word	0xe000e100

10000958 <irq_set_pending>:
10000958:	2301      	movs	r3, #1
1000095a:	4083      	lsls	r3, r0
1000095c:	4a01      	ldr	r2, [pc, #4]	@ (10000964 <irq_set_pending+0xc>)
1000095e:	6013      	str	r3, [r2, #0]
10000960:	4770      	bx	lr
10000962:	46c0      	nop			@ (mov r8, r8)
10000964:	e000e200 	.word	0xe000e200

10000968 <irq_has_shared_handler>:
10000968:	4b06      	ldr	r3, [pc, #24]	@ (10000984 <irq_has_shared_handler+0x1c>)
1000096a:	3010      	adds	r0, #16
1000096c:	689b      	ldr	r3, [r3, #8]
1000096e:	0080      	lsls	r0, r0, #2
10000970:	58c3      	ldr	r3, [r0, r3]
10000972:	4a05      	ldr	r2, [pc, #20]	@ (10000988 <irq_has_shared_handler+0x20>)
10000974:	2000      	movs	r0, #0
10000976:	1a9b      	subs	r3, r3, r2
10000978:	2247      	movs	r2, #71	@ 0x47
1000097a:	429a      	cmp	r2, r3
1000097c:	4140      	adcs	r0, r0
1000097e:	b2c0      	uxtb	r0, r0
10000980:	4770      	bx	lr
10000982:	46c0      	nop			@ (mov r8, r8)
10000984:	e000ed00 	.word	0xe000ed00
10000988:	20001014 	.word	0x20001014

1000098c <irq_set_exclusive_handler>:
1000098c:	b510      	push	{r4, lr}
1000098e:	f3ef 8c10 	mrs	ip, PRIMASK
10000992:	b672      	cpsid	i
10000994:	4a0f      	ldr	r2, [pc, #60]	@ (100009d4 <irq_set_exclusive_handler+0x48>)
10000996:	6813      	ldr	r3, [r2, #0]
10000998:	2b00      	cmp	r3, #0
1000099a:	d0fc      	beq.n	10000996 <irq_set_exclusive_handler+0xa>
1000099c:	f3bf 8f5f 	dmb	sy
100009a0:	4b0d      	ldr	r3, [pc, #52]	@ (100009d8 <irq_set_exclusive_handler+0x4c>)
100009a2:	3010      	adds	r0, #16
100009a4:	689b      	ldr	r3, [r3, #8]
100009a6:	0080      	lsls	r0, r0, #2
100009a8:	581b      	ldr	r3, [r3, r0]
100009aa:	4a0c      	ldr	r2, [pc, #48]	@ (100009dc <irq_set_exclusive_handler+0x50>)
100009ac:	4293      	cmp	r3, r2
100009ae:	d001      	beq.n	100009b4 <irq_set_exclusive_handler+0x28>
100009b0:	4299      	cmp	r1, r3
100009b2:	d10c      	bne.n	100009ce <irq_set_exclusive_handler+0x42>
100009b4:	4b08      	ldr	r3, [pc, #32]	@ (100009d8 <irq_set_exclusive_handler+0x4c>)
100009b6:	689b      	ldr	r3, [r3, #8]
100009b8:	5019      	str	r1, [r3, r0]
100009ba:	f3bf 8f5f 	dmb	sy
100009be:	f3bf 8f5f 	dmb	sy
100009c2:	2200      	movs	r2, #0
100009c4:	4b03      	ldr	r3, [pc, #12]	@ (100009d4 <irq_set_exclusive_handler+0x48>)
100009c6:	601a      	str	r2, [r3, #0]
100009c8:	f38c 8810 	msr	PRIMASK, ip
100009cc:	bd10      	pop	{r4, pc}
100009ce:	f001 f803 	bl	100019d8 <hard_assertion_failure>
100009d2:	46c0      	nop			@ (mov r8, r8)
100009d4:	d0000124 	.word	0xd0000124
100009d8:	e000ed00 	.word	0xe000ed00
100009dc:	100001c1 	.word	0x100001c1

100009e0 <irq_add_shared_handler>:
100009e0:	b5f0      	push	{r4, r5, r6, r7, lr}
100009e2:	4657      	mov	r7, sl
100009e4:	464e      	mov	r6, r9
100009e6:	46de      	mov	lr, fp
100009e8:	4645      	mov	r5, r8
100009ea:	b5e0      	push	{r5, r6, r7, lr}
100009ec:	468a      	mov	sl, r1
100009ee:	b085      	sub	sp, #20
100009f0:	0006      	movs	r6, r0
100009f2:	f3ef 8910 	mrs	r9, PRIMASK
100009f6:	b672      	cpsid	i
100009f8:	4963      	ldr	r1, [pc, #396]	@ (10000b88 <irq_add_shared_handler+0x1a8>)
100009fa:	680b      	ldr	r3, [r1, #0]
100009fc:	2b00      	cmp	r3, #0
100009fe:	d0fc      	beq.n	100009fa <irq_add_shared_handler+0x1a>
10000a00:	f3bf 8f5f 	dmb	sy
10000a04:	2100      	movs	r1, #0
10000a06:	4b61      	ldr	r3, [pc, #388]	@ (10000b8c <irq_add_shared_handler+0x1ac>)
10000a08:	5659      	ldrsb	r1, [r3, r1]
10000a0a:	468c      	mov	ip, r1
10000a0c:	2900      	cmp	r1, #0
10000a0e:	da00      	bge.n	10000a12 <irq_add_shared_handler+0x32>
10000a10:	e0b7      	b.n	10000b82 <irq_add_shared_handler+0x1a2>
10000a12:	0049      	lsls	r1, r1, #1
10000a14:	000d      	movs	r5, r1
10000a16:	4c5e      	ldr	r4, [pc, #376]	@ (10000b90 <irq_add_shared_handler+0x1b0>)
10000a18:	4465      	add	r5, ip
10000a1a:	00ad      	lsls	r5, r5, #2
10000a1c:	1967      	adds	r7, r4, r5
10000a1e:	9102      	str	r1, [sp, #8]
10000a20:	79b9      	ldrb	r1, [r7, #6]
10000a22:	3610      	adds	r6, #16
10000a24:	7019      	strb	r1, [r3, #0]
10000a26:	4b5b      	ldr	r3, [pc, #364]	@ (10000b94 <irq_add_shared_handler+0x1b4>)
10000a28:	00b1      	lsls	r1, r6, #2
10000a2a:	689b      	ldr	r3, [r3, #8]
10000a2c:	9101      	str	r1, [sp, #4]
10000a2e:	585b      	ldr	r3, [r3, r1]
10000a30:	1b19      	subs	r1, r3, r4
10000a32:	2947      	cmp	r1, #71	@ 0x47
10000a34:	d835      	bhi.n	10000aa2 <irq_add_shared_handler+0xc2>
10000a36:	2101      	movs	r1, #1
10000a38:	0018      	movs	r0, r3
10000a3a:	4388      	bics	r0, r1
10000a3c:	79c6      	ldrb	r6, [r0, #7]
10000a3e:	4296      	cmp	r6, r2
10000a40:	d800      	bhi.n	10000a44 <irq_add_shared_handler+0x64>
10000a42:	e075      	b.n	10000b30 <irq_add_shared_handler+0x150>
10000a44:	469b      	mov	fp, r3
10000a46:	9b02      	ldr	r3, [sp, #8]
10000a48:	9e01      	ldr	r6, [sp, #4]
10000a4a:	4698      	mov	r8, r3
10000a4c:	9503      	str	r5, [sp, #12]
10000a4e:	e007      	b.n	10000a60 <irq_add_shared_handler+0x80>
10000a50:	004d      	lsls	r5, r1, #1
10000a52:	186d      	adds	r5, r5, r1
10000a54:	00ad      	lsls	r5, r5, #2
10000a56:	1965      	adds	r5, r4, r5
10000a58:	79eb      	ldrb	r3, [r5, #7]
10000a5a:	4293      	cmp	r3, r2
10000a5c:	d94e      	bls.n	10000afc <irq_add_shared_handler+0x11c>
10000a5e:	0028      	movs	r0, r5
10000a60:	2106      	movs	r1, #6
10000a62:	5641      	ldrsb	r1, [r0, r1]
10000a64:	2900      	cmp	r1, #0
10000a66:	daf3      	bge.n	10000a50 <irq_add_shared_handler+0x70>
10000a68:	4645      	mov	r5, r8
10000a6a:	465b      	mov	r3, fp
10000a6c:	9601      	str	r6, [sp, #4]
10000a6e:	9502      	str	r5, [sp, #8]
10000a70:	1d06      	adds	r6, r0, #4
10000a72:	4d49      	ldr	r5, [pc, #292]	@ (10000b98 <irq_add_shared_handler+0x1b8>)
10000a74:	9603      	str	r6, [sp, #12]
10000a76:	9e03      	ldr	r6, [sp, #12]
10000a78:	3f04      	subs	r7, #4
10000a7a:	1bbf      	subs	r7, r7, r6
10000a7c:	053f      	lsls	r7, r7, #20
10000a7e:	4e47      	ldr	r6, [pc, #284]	@ (10000b9c <irq_add_shared_handler+0x1bc>)
10000a80:	0d7f      	lsrs	r7, r7, #21
10000a82:	4337      	orrs	r7, r6
10000a84:	4666      	mov	r6, ip
10000a86:	8087      	strh	r7, [r0, #4]
10000a88:	7186      	strb	r6, [r0, #6]
10000a8a:	9802      	ldr	r0, [sp, #8]
10000a8c:	4460      	add	r0, ip
10000a8e:	0080      	lsls	r0, r0, #2
10000a90:	1824      	adds	r4, r4, r0
10000a92:	71e2      	strb	r2, [r4, #7]
10000a94:	4652      	mov	r2, sl
10000a96:	4842      	ldr	r0, [pc, #264]	@ (10000ba0 <irq_add_shared_handler+0x1c0>)
10000a98:	80a5      	strh	r5, [r4, #4]
10000a9a:	6020      	str	r0, [r4, #0]
10000a9c:	71a1      	strb	r1, [r4, #6]
10000a9e:	60a2      	str	r2, [r4, #8]
10000aa0:	e018      	b.n	10000ad4 <irq_add_shared_handler+0xf4>
10000aa2:	4940      	ldr	r1, [pc, #256]	@ (10000ba4 <irq_add_shared_handler+0x1c4>)
10000aa4:	428b      	cmp	r3, r1
10000aa6:	d000      	beq.n	10000aaa <irq_add_shared_handler+0xca>
10000aa8:	e06b      	b.n	10000b82 <irq_add_shared_handler+0x1a2>
10000aaa:	4b3f      	ldr	r3, [pc, #252]	@ (10000ba8 <irq_add_shared_handler+0x1c8>)
10000aac:	493b      	ldr	r1, [pc, #236]	@ (10000b9c <irq_add_shared_handler+0x1bc>)
10000aae:	5363      	strh	r3, [r4, r5]
10000ab0:	4b3e      	ldr	r3, [pc, #248]	@ (10000bac <irq_add_shared_handler+0x1cc>)
10000ab2:	3502      	adds	r5, #2
10000ab4:	3b04      	subs	r3, #4
10000ab6:	1965      	adds	r5, r4, r5
10000ab8:	1b5b      	subs	r3, r3, r5
10000aba:	051b      	lsls	r3, r3, #20
10000abc:	0d5b      	lsrs	r3, r3, #21
10000abe:	430b      	orrs	r3, r1
10000ac0:	807b      	strh	r3, [r7, #2]
10000ac2:	4b3b      	ldr	r3, [pc, #236]	@ (10000bb0 <irq_add_shared_handler+0x1d0>)
10000ac4:	71fa      	strb	r2, [r7, #7]
10000ac6:	80bb      	strh	r3, [r7, #4]
10000ac8:	23ff      	movs	r3, #255	@ 0xff
10000aca:	71bb      	strb	r3, [r7, #6]
10000acc:	4653      	mov	r3, sl
10000ace:	60bb      	str	r3, [r7, #8]
10000ad0:	2301      	movs	r3, #1
10000ad2:	433b      	orrs	r3, r7
10000ad4:	4a2f      	ldr	r2, [pc, #188]	@ (10000b94 <irq_add_shared_handler+0x1b4>)
10000ad6:	9901      	ldr	r1, [sp, #4]
10000ad8:	6892      	ldr	r2, [r2, #8]
10000ada:	5053      	str	r3, [r2, r1]
10000adc:	f3bf 8f5f 	dmb	sy
10000ae0:	f3bf 8f5f 	dmb	sy
10000ae4:	2200      	movs	r2, #0
10000ae6:	4b28      	ldr	r3, [pc, #160]	@ (10000b88 <irq_add_shared_handler+0x1a8>)
10000ae8:	601a      	str	r2, [r3, #0]
10000aea:	f389 8810 	msr	PRIMASK, r9
10000aee:	b005      	add	sp, #20
10000af0:	bcf0      	pop	{r4, r5, r6, r7}
10000af2:	46bb      	mov	fp, r7
10000af4:	46b2      	mov	sl, r6
10000af6:	46a9      	mov	r9, r5
10000af8:	46a0      	mov	r8, r4
10000afa:	bdf0      	pop	{r4, r5, r6, r7, pc}
10000afc:	9601      	str	r6, [sp, #4]
10000afe:	4646      	mov	r6, r8
10000b00:	9602      	str	r6, [sp, #8]
10000b02:	8886      	ldrh	r6, [r0, #4]
10000b04:	465b      	mov	r3, fp
10000b06:	0576      	lsls	r6, r6, #21
10000b08:	46b3      	mov	fp, r6
10000b0a:	1d06      	adds	r6, r0, #4
10000b0c:	9d03      	ldr	r5, [sp, #12]
10000b0e:	9603      	str	r6, [sp, #12]
10000b10:	465e      	mov	r6, fp
10000b12:	1536      	asrs	r6, r6, #20
10000b14:	46b3      	mov	fp, r6
10000b16:	1d06      	adds	r6, r0, #4
10000b18:	46b0      	mov	r8, r6
10000b1a:	44c3      	add	fp, r8
10000b1c:	465e      	mov	r6, fp
10000b1e:	3504      	adds	r5, #4
10000b20:	1965      	adds	r5, r4, r5
10000b22:	1b75      	subs	r5, r6, r5
10000b24:	26e0      	movs	r6, #224	@ 0xe0
10000b26:	052d      	lsls	r5, r5, #20
10000b28:	0d6d      	lsrs	r5, r5, #21
10000b2a:	0236      	lsls	r6, r6, #8
10000b2c:	4335      	orrs	r5, r6
10000b2e:	e7a2      	b.n	10000a76 <irq_add_shared_handler+0x96>
10000b30:	4b20      	ldr	r3, [pc, #128]	@ (10000bb4 <irq_add_shared_handler+0x1d4>)
10000b32:	71fa      	strb	r2, [r7, #7]
10000b34:	469c      	mov	ip, r3
10000b36:	0003      	movs	r3, r0
10000b38:	4666      	mov	r6, ip
10000b3a:	1b1b      	subs	r3, r3, r4
10000b3c:	415b      	adcs	r3, r3
10000b3e:	435e      	muls	r6, r3
10000b40:	0d36      	lsrs	r6, r6, #20
10000b42:	46b4      	mov	ip, r6
10000b44:	1cae      	adds	r6, r5, #2
10000b46:	46b0      	mov	r8, r6
10000b48:	44a0      	add	r8, r4
10000b4a:	4646      	mov	r6, r8
10000b4c:	4b16      	ldr	r3, [pc, #88]	@ (10000ba8 <irq_add_shared_handler+0x1c8>)
10000b4e:	5363      	strh	r3, [r4, r5]
10000b50:	4b16      	ldr	r3, [pc, #88]	@ (10000bac <irq_add_shared_handler+0x1cc>)
10000b52:	3504      	adds	r5, #4
10000b54:	3b04      	subs	r3, #4
10000b56:	1b9b      	subs	r3, r3, r6
10000b58:	051b      	lsls	r3, r3, #20
10000b5a:	4e10      	ldr	r6, [pc, #64]	@ (10000b9c <irq_add_shared_handler+0x1bc>)
10000b5c:	0d5b      	lsrs	r3, r3, #21
10000b5e:	4333      	orrs	r3, r6
10000b60:	807b      	strh	r3, [r7, #2]
10000b62:	1963      	adds	r3, r4, r5
10000b64:	1ac3      	subs	r3, r0, r3
10000b66:	3b04      	subs	r3, #4
10000b68:	051b      	lsls	r3, r3, #20
10000b6a:	0d5b      	lsrs	r3, r3, #21
10000b6c:	4333      	orrs	r3, r6
10000b6e:	80bb      	strh	r3, [r7, #4]
10000b70:	4663      	mov	r3, ip
10000b72:	71bb      	strb	r3, [r7, #6]
10000b74:	4653      	mov	r3, sl
10000b76:	60bb      	str	r3, [r7, #8]
10000b78:	4b09      	ldr	r3, [pc, #36]	@ (10000ba0 <irq_add_shared_handler+0x1c0>)
10000b7a:	6003      	str	r3, [r0, #0]
10000b7c:	003b      	movs	r3, r7
10000b7e:	430b      	orrs	r3, r1
10000b80:	e7a8      	b.n	10000ad4 <irq_add_shared_handler+0xf4>
10000b82:	f000 ff29 	bl	100019d8 <hard_assertion_failure>
10000b86:	46c0      	nop			@ (mov r8, r8)
10000b88:	d0000124 	.word	0xd0000124
10000b8c:	20012aa6 	.word	0x20012aa6
10000b90:	20001014 	.word	0x20001014
10000b94:	e000ed00 	.word	0xe000ed00
10000b98:	0000bd01 	.word	0x0000bd01
10000b9c:	ffffe000 	.word	0xffffe000
10000ba0:	47804801 	.word	0x47804801
10000ba4:	100001c1 	.word	0x100001c1
10000ba8:	ffffa100 	.word	0xffffa100
10000bac:	2000105c 	.word	0x2000105c
10000bb0:	ffffbd01 	.word	0xffffbd01
10000bb4:	0000aaaa 	.word	0x0000aaaa

10000bb8 <irq_add_tail_to_free_list>:
10000bb8:	b570      	push	{r4, r5, r6, lr}
10000bba:	2401      	movs	r4, #1
10000bbc:	4304      	orrs	r4, r0
10000bbe:	f3ef 8105 	mrs	r1, IPSR
10000bc2:	f3ef 8c10 	mrs	ip, PRIMASK
10000bc6:	b672      	cpsid	i
10000bc8:	4a27      	ldr	r2, [pc, #156]	@ (10000c68 <irq_add_tail_to_free_list+0xb0>)
10000bca:	6813      	ldr	r3, [r2, #0]
10000bcc:	2b00      	cmp	r3, #0
10000bce:	d0fc      	beq.n	10000bca <irq_add_tail_to_free_list+0x12>
10000bd0:	f3bf 8f5f 	dmb	sy
10000bd4:	4a25      	ldr	r2, [pc, #148]	@ (10000c6c <irq_add_tail_to_free_list+0xb4>)
10000bd6:	0005      	movs	r5, r0
10000bd8:	4b25      	ldr	r3, [pc, #148]	@ (10000c70 <irq_add_tail_to_free_list+0xb8>)
10000bda:	1aad      	subs	r5, r5, r2
10000bdc:	416d      	adcs	r5, r5
10000bde:	436b      	muls	r3, r5
10000be0:	0d1b      	lsrs	r3, r3, #20
10000be2:	4d24      	ldr	r5, [pc, #144]	@ (10000c74 <irq_add_tail_to_free_list+0xbc>)
10000be4:	0089      	lsls	r1, r1, #2
10000be6:	68ae      	ldr	r6, [r5, #8]
10000be8:	b25b      	sxtb	r3, r3
10000bea:	5876      	ldr	r6, [r6, r1]
10000bec:	42a6      	cmp	r6, r4
10000bee:	d024      	beq.n	10000c3a <irq_add_tail_to_free_list+0x82>
10000bf0:	2106      	movs	r1, #6
10000bf2:	5651      	ldrsb	r1, [r2, r1]
10000bf4:	4299      	cmp	r1, r3
10000bf6:	d024      	beq.n	10000c42 <irq_add_tail_to_free_list+0x8a>
10000bf8:	2112      	movs	r1, #18
10000bfa:	5651      	ldrsb	r1, [r2, r1]
10000bfc:	4299      	cmp	r1, r3
10000bfe:	d02a      	beq.n	10000c56 <irq_add_tail_to_free_list+0x9e>
10000c00:	211e      	movs	r1, #30
10000c02:	5651      	ldrsb	r1, [r2, r1]
10000c04:	4299      	cmp	r1, r3
10000c06:	d028      	beq.n	10000c5a <irq_add_tail_to_free_list+0xa2>
10000c08:	212a      	movs	r1, #42	@ 0x2a
10000c0a:	5651      	ldrsb	r1, [r2, r1]
10000c0c:	4299      	cmp	r1, r3
10000c0e:	d026      	beq.n	10000c5e <irq_add_tail_to_free_list+0xa6>
10000c10:	2136      	movs	r1, #54	@ 0x36
10000c12:	5651      	ldrsb	r1, [r2, r1]
10000c14:	4299      	cmp	r1, r3
10000c16:	d024      	beq.n	10000c62 <irq_add_tail_to_free_list+0xaa>
10000c18:	2142      	movs	r1, #66	@ 0x42
10000c1a:	5651      	ldrsb	r1, [r2, r1]
10000c1c:	2405      	movs	r4, #5
10000c1e:	4299      	cmp	r1, r3
10000c20:	d010      	beq.n	10000c44 <irq_add_tail_to_free_list+0x8c>
10000c22:	4a15      	ldr	r2, [pc, #84]	@ (10000c78 <irq_add_tail_to_free_list+0xc0>)
10000c24:	7811      	ldrb	r1, [r2, #0]
10000c26:	7013      	strb	r3, [r2, #0]
10000c28:	7181      	strb	r1, [r0, #6]
10000c2a:	f3bf 8f5f 	dmb	sy
10000c2e:	2200      	movs	r2, #0
10000c30:	4b0d      	ldr	r3, [pc, #52]	@ (10000c68 <irq_add_tail_to_free_list+0xb0>)
10000c32:	601a      	str	r2, [r3, #0]
10000c34:	f38c 8810 	msr	PRIMASK, ip
10000c38:	bd70      	pop	{r4, r5, r6, pc}
10000c3a:	68aa      	ldr	r2, [r5, #8]
10000c3c:	4c0f      	ldr	r4, [pc, #60]	@ (10000c7c <irq_add_tail_to_free_list+0xc4>)
10000c3e:	5054      	str	r4, [r2, r1]
10000c40:	e7ef      	b.n	10000c22 <irq_add_tail_to_free_list+0x6a>
10000c42:	2400      	movs	r4, #0
10000c44:	0061      	lsls	r1, r4, #1
10000c46:	1909      	adds	r1, r1, r4
10000c48:	0089      	lsls	r1, r1, #2
10000c4a:	1852      	adds	r2, r2, r1
10000c4c:	21ff      	movs	r1, #255	@ 0xff
10000c4e:	7191      	strb	r1, [r2, #6]
10000c50:	490b      	ldr	r1, [pc, #44]	@ (10000c80 <irq_add_tail_to_free_list+0xc8>)
10000c52:	8091      	strh	r1, [r2, #4]
10000c54:	e7e5      	b.n	10000c22 <irq_add_tail_to_free_list+0x6a>
10000c56:	2401      	movs	r4, #1
10000c58:	e7f4      	b.n	10000c44 <irq_add_tail_to_free_list+0x8c>
10000c5a:	2402      	movs	r4, #2
10000c5c:	e7f2      	b.n	10000c44 <irq_add_tail_to_free_list+0x8c>
10000c5e:	2403      	movs	r4, #3
10000c60:	e7f0      	b.n	10000c44 <irq_add_tail_to_free_list+0x8c>
10000c62:	2404      	movs	r4, #4
10000c64:	e7ee      	b.n	10000c44 <irq_add_tail_to_free_list+0x8c>
10000c66:	46c0      	nop			@ (mov r8, r8)
10000c68:	d0000124 	.word	0xd0000124
10000c6c:	20001014 	.word	0x20001014
10000c70:	0000aaaa 	.word	0x0000aaaa
10000c74:	e000ed00 	.word	0xe000ed00
10000c78:	20012aa6 	.word	0x20012aa6
10000c7c:	100001c1 	.word	0x100001c1
10000c80:	ffffbd01 	.word	0xffffbd01

10000c84 <user_irq_claim_unused>:
10000c84:	b510      	push	{r4, lr}
10000c86:	4b08      	ldr	r3, [pc, #32]	@ (10000ca8 <user_irq_claim_unused+0x24>)
10000c88:	4c08      	ldr	r4, [pc, #32]	@ (10000cac <user_irq_claim_unused+0x28>)
10000c8a:	b082      	sub	sp, #8
10000c8c:	0001      	movs	r1, r0
10000c8e:	9300      	str	r3, [sp, #0]
10000c90:	2200      	movs	r2, #0
10000c92:	2305      	movs	r3, #5
10000c94:	0020      	movs	r0, r4
10000c96:	f7ff fdb5 	bl	10000804 <hw_claim_unused_from_range>
10000c9a:	2800      	cmp	r0, #0
10000c9c:	db01      	blt.n	10000ca2 <user_irq_claim_unused+0x1e>
10000c9e:	231f      	movs	r3, #31
10000ca0:	1a18      	subs	r0, r3, r0
10000ca2:	b002      	add	sp, #8
10000ca4:	bd10      	pop	{r4, pc}
10000ca6:	46c0      	nop			@ (mov r8, r8)
10000ca8:	1000a2bc 	.word	0x1000a2bc
10000cac:	20012aaa 	.word	0x20012aaa

10000cb0 <lock_init>:
10000cb0:	4b02      	ldr	r3, [pc, #8]	@ (10000cbc <lock_init+0xc>)
10000cb2:	469c      	mov	ip, r3
10000cb4:	4461      	add	r1, ip
10000cb6:	0089      	lsls	r1, r1, #2
10000cb8:	6001      	str	r1, [r0, #0]
10000cba:	4770      	bx	lr
10000cbc:	34000040 	.word	0x34000040

10000cc0 <runtime_init_mutex>:
10000cc0:	b570      	push	{r4, r5, r6, lr}
10000cc2:	4c11      	ldr	r4, [pc, #68]	@ (10000d08 <runtime_init_mutex+0x48>)
10000cc4:	4d11      	ldr	r5, [pc, #68]	@ (10000d0c <runtime_init_mutex+0x4c>)
10000cc6:	42ac      	cmp	r4, r5
10000cc8:	d20f      	bcs.n	10000cea <runtime_init_mutex+0x2a>
10000cca:	26ff      	movs	r6, #255	@ 0xff
10000ccc:	6823      	ldr	r3, [r4, #0]
10000cce:	2b00      	cmp	r3, #0
10000cd0:	d00c      	beq.n	10000cec <runtime_init_mutex+0x2c>
10000cd2:	f7ff fde5 	bl	100008a0 <next_striped_spin_lock_num>
10000cd6:	0001      	movs	r1, r0
10000cd8:	0020      	movs	r0, r4
10000cda:	f7ff ffe9 	bl	10000cb0 <lock_init>
10000cde:	80a6      	strh	r6, [r4, #4]
10000ce0:	f3bf 8f5f 	dmb	sy
10000ce4:	3408      	adds	r4, #8
10000ce6:	42ac      	cmp	r4, r5
10000ce8:	d3f0      	bcc.n	10000ccc <runtime_init_mutex+0xc>
10000cea:	bd70      	pop	{r4, r5, r6, pc}
10000cec:	f7ff fdd8 	bl	100008a0 <next_striped_spin_lock_num>
10000cf0:	0001      	movs	r1, r0
10000cf2:	0020      	movs	r0, r4
10000cf4:	f7ff ffdc 	bl	10000cb0 <lock_init>
10000cf8:	7126      	strb	r6, [r4, #4]
10000cfa:	f3bf 8f5f 	dmb	sy
10000cfe:	3408      	adds	r4, #8
10000d00:	42ac      	cmp	r4, r5
10000d02:	d3e3      	bcc.n	10000ccc <runtime_init_mutex+0xc>
10000d04:	e7f1      	b.n	10000cea <runtime_init_mutex+0x2a>
10000d06:	46c0      	nop			@ (mov r8, r8)
10000d08:	20001640 	.word	0x20001640
10000d0c:	20001650 	.word	0x20001650

10000d10 <mutex_init>:
10000d10:	b510      	push	{r4, lr}
10000d12:	0004      	movs	r4, r0
10000d14:	f7ff fdc4 	bl	100008a0 <next_striped_spin_lock_num>
10000d18:	0001      	movs	r1, r0
10000d1a:	0020      	movs	r0, r4
10000d1c:	f7ff ffc8 	bl	10000cb0 <lock_init>
10000d20:	23ff      	movs	r3, #255	@ 0xff
10000d22:	7123      	strb	r3, [r4, #4]
10000d24:	f3bf 8f5f 	dmb	sy
10000d28:	bd10      	pop	{r4, pc}
10000d2a:	46c0      	nop			@ (mov r8, r8)

10000d2c <critical_section_init>:
10000d2c:	b510      	push	{r4, lr}
10000d2e:	0004      	movs	r4, r0
10000d30:	2001      	movs	r0, #1
10000d32:	f7ff fdc1 	bl	100008b8 <spin_lock_claim_unused>
10000d36:	4b03      	ldr	r3, [pc, #12]	@ (10000d44 <critical_section_init+0x18>)
10000d38:	18c3      	adds	r3, r0, r3
10000d3a:	009b      	lsls	r3, r3, #2
10000d3c:	6023      	str	r3, [r4, #0]
10000d3e:	f3bf 8f5f 	dmb	sy
10000d42:	bd10      	pop	{r4, pc}
10000d44:	34000040 	.word	0x34000040

10000d48 <critical_section_init_with_lock_num>:
10000d48:	4b03      	ldr	r3, [pc, #12]	@ (10000d58 <critical_section_init_with_lock_num+0x10>)
10000d4a:	469c      	mov	ip, r3
10000d4c:	4461      	add	r1, ip
10000d4e:	0089      	lsls	r1, r1, #2
10000d50:	6001      	str	r1, [r0, #0]
10000d52:	f3bf 8f5f 	dmb	sy
10000d56:	4770      	bx	lr
10000d58:	34000040 	.word	0x34000040

10000d5c <sleep_until_callback>:
10000d5c:	4b0a      	ldr	r3, [pc, #40]	@ (10000d88 <sleep_until_callback+0x2c>)
10000d5e:	6819      	ldr	r1, [r3, #0]
10000d60:	f3ef 8010 	mrs	r0, PRIMASK
10000d64:	b672      	cpsid	i
10000d66:	680a      	ldr	r2, [r1, #0]
10000d68:	2a00      	cmp	r2, #0
10000d6a:	d0fc      	beq.n	10000d66 <sleep_until_callback+0xa>
10000d6c:	f3bf 8f5f 	dmb	sy
10000d70:	681b      	ldr	r3, [r3, #0]
10000d72:	f3bf 8f5f 	dmb	sy
10000d76:	2200      	movs	r2, #0
10000d78:	601a      	str	r2, [r3, #0]
10000d7a:	f380 8810 	msr	PRIMASK, r0
10000d7e:	bf40      	sev
10000d80:	2000      	movs	r0, #0
10000d82:	2100      	movs	r1, #0
10000d84:	4770      	bx	lr
10000d86:	46c0      	nop			@ (mov r8, r8)
10000d88:	20012a70 	.word	0x20012a70

10000d8c <alarm_pool_irq_handler>:
10000d8c:	b5f0      	push	{r4, r5, r6, r7, lr}
10000d8e:	46de      	mov	lr, fp
10000d90:	4657      	mov	r7, sl
10000d92:	464e      	mov	r6, r9
10000d94:	4645      	mov	r5, r8
10000d96:	b5e0      	push	{r5, r6, r7, lr}
10000d98:	b083      	sub	sp, #12
10000d9a:	f3ef 8205 	mrs	r2, IPSR
10000d9e:	2303      	movs	r3, #3
10000da0:	4013      	ands	r3, r2
10000da2:	4ab5      	ldr	r2, [pc, #724]	@ (10001078 <alarm_pool_irq_handler+0x2ec>)
10000da4:	0099      	lsls	r1, r3, #2
10000da6:	5852      	ldr	r2, [r2, r1]
10000da8:	9100      	str	r1, [sp, #0]
10000daa:	4690      	mov	r8, r2
10000dac:	2201      	movs	r2, #1
10000dae:	409a      	lsls	r2, r3
10000db0:	4693      	mov	fp, r2
10000db2:	4bb2      	ldr	r3, [pc, #712]	@ (1000107c <alarm_pool_irq_handler+0x2f0>)
10000db4:	601a      	str	r2, [r3, #0]
10000db6:	4bb2      	ldr	r3, [pc, #712]	@ (10001080 <alarm_pool_irq_handler+0x2f4>)
10000db8:	9301      	str	r3, [sp, #4]
10000dba:	465b      	mov	r3, fp
10000dbc:	48b1      	ldr	r0, [pc, #708]	@ (10001084 <alarm_pool_irq_handler+0x2f8>)
10000dbe:	6343      	str	r3, [r0, #52]	@ 0x34
10000dc0:	4643      	mov	r3, r8
10000dc2:	2208      	movs	r2, #8
10000dc4:	5e9b      	ldrsh	r3, [r3, r2]
10000dc6:	4699      	mov	r9, r3
10000dc8:	2b00      	cmp	r3, #0
10000dca:	da3a      	bge.n	10000e42 <alarm_pool_irq_handler+0xb6>
10000dcc:	4643      	mov	r3, r8
10000dce:	889b      	ldrh	r3, [r3, #4]
10000dd0:	b21b      	sxth	r3, r3
10000dd2:	2b00      	cmp	r3, #0
10000dd4:	db00      	blt.n	10000dd8 <alarm_pool_irq_handler+0x4c>
10000dd6:	e09d      	b.n	10000f14 <alarm_pool_irq_handler+0x188>
10000dd8:	4643      	mov	r3, r8
10000dda:	799b      	ldrb	r3, [r3, #6]
10000ddc:	2b00      	cmp	r3, #0
10000dde:	d000      	beq.n	10000de2 <alarm_pool_irq_handler+0x56>
10000de0:	e0e1      	b.n	10000fa6 <alarm_pool_irq_handler+0x21a>
10000de2:	4643      	mov	r3, r8
10000de4:	2408      	movs	r4, #8
10000de6:	5f1c      	ldrsh	r4, [r3, r4]
10000de8:	2c00      	cmp	r4, #0
10000dea:	db20      	blt.n	10000e2e <alarm_pool_irq_handler+0xa2>
10000dec:	4643      	mov	r3, r8
10000dee:	695a      	ldr	r2, [r3, #20]
10000df0:	0063      	lsls	r3, r4, #1
10000df2:	191b      	adds	r3, r3, r4
10000df4:	00db      	lsls	r3, r3, #3
10000df6:	18d3      	adds	r3, r2, r3
10000df8:	689d      	ldr	r5, [r3, #8]
10000dfa:	68dc      	ldr	r4, [r3, #12]
10000dfc:	1c6b      	adds	r3, r5, #1
10000dfe:	d100      	bne.n	10000e02 <alarm_pool_irq_handler+0x76>
10000e00:	e103      	b.n	1000100a <alarm_pool_irq_handler+0x27e>
10000e02:	48a0      	ldr	r0, [pc, #640]	@ (10001084 <alarm_pool_irq_handler+0x2f8>)
10000e04:	9900      	ldr	r1, [sp, #0]
10000e06:	4684      	mov	ip, r0
10000e08:	4461      	add	r1, ip
10000e0a:	6a82      	ldr	r2, [r0, #40]	@ 0x28
10000e0c:	690b      	ldr	r3, [r1, #16]
10000e0e:	1aae      	subs	r6, r5, r2
10000e10:	1a9b      	subs	r3, r3, r2
10000e12:	429e      	cmp	r6, r3
10000e14:	d313      	bcc.n	10000e3e <alarm_pool_irq_handler+0xb2>
10000e16:	465a      	mov	r2, fp
10000e18:	6a03      	ldr	r3, [r0, #32]
10000e1a:	421a      	tst	r2, r3
10000e1c:	d00f      	beq.n	10000e3e <alarm_pool_irq_handler+0xb2>
10000e1e:	4899      	ldr	r0, [pc, #612]	@ (10001084 <alarm_pool_irq_handler+0x2f8>)
10000e20:	f000 fbc0 	bl	100015a4 <timer_time_us_64>
10000e24:	428c      	cmp	r4, r1
10000e26:	dc02      	bgt.n	10000e2e <alarm_pool_irq_handler+0xa2>
10000e28:	d1c7      	bne.n	10000dba <alarm_pool_irq_handler+0x2e>
10000e2a:	4285      	cmp	r5, r0
10000e2c:	d9c5      	bls.n	10000dba <alarm_pool_irq_handler+0x2e>
10000e2e:	bf40      	sev
10000e30:	b003      	add	sp, #12
10000e32:	bcf0      	pop	{r4, r5, r6, r7}
10000e34:	46bb      	mov	fp, r7
10000e36:	46b2      	mov	sl, r6
10000e38:	46a9      	mov	r9, r5
10000e3a:	46a0      	mov	r8, r4
10000e3c:	bdf0      	pop	{r4, r5, r6, r7, pc}
10000e3e:	610d      	str	r5, [r1, #16]
10000e40:	e7ed      	b.n	10000e1e <alarm_pool_irq_handler+0x92>
10000e42:	4642      	mov	r2, r8
10000e44:	6952      	ldr	r2, [r2, #20]
10000e46:	005b      	lsls	r3, r3, #1
10000e48:	4692      	mov	sl, r2
10000e4a:	444b      	add	r3, r9
10000e4c:	00db      	lsls	r3, r3, #3
10000e4e:	449a      	add	sl, r3
10000e50:	4653      	mov	r3, sl
10000e52:	689e      	ldr	r6, [r3, #8]
10000e54:	68df      	ldr	r7, [r3, #12]
10000e56:	f000 fba5 	bl	100015a4 <timer_time_us_64>
10000e5a:	428f      	cmp	r7, r1
10000e5c:	dcb6      	bgt.n	10000dcc <alarm_pool_irq_handler+0x40>
10000e5e:	d100      	bne.n	10000e62 <alarm_pool_irq_handler+0xd6>
10000e60:	e0f8      	b.n	10001054 <alarm_pool_irq_handler+0x2c8>
10000e62:	2f00      	cmp	r7, #0
10000e64:	da00      	bge.n	10000e68 <alarm_pool_irq_handler+0xdc>
10000e66:	e0d9      	b.n	1000101c <alarm_pool_irq_handler+0x290>
10000e68:	4652      	mov	r2, sl
10000e6a:	4653      	mov	r3, sl
10000e6c:	6954      	ldr	r4, [r2, #20]
10000e6e:	691b      	ldr	r3, [r3, #16]
10000e70:	9a01      	ldr	r2, [sp, #4]
10000e72:	4293      	cmp	r3, r2
10000e74:	d100      	bne.n	10000e78 <alarm_pool_irq_handler+0xec>
10000e76:	e0cc      	b.n	10001012 <alarm_pool_irq_handler+0x286>
10000e78:	4641      	mov	r1, r8
10000e7a:	4652      	mov	r2, sl
10000e7c:	2008      	movs	r0, #8
10000e7e:	5e08      	ldrsh	r0, [r1, r0]
10000e80:	8852      	ldrh	r2, [r2, #2]
10000e82:	0400      	lsls	r0, r0, #16
10000e84:	0021      	movs	r1, r4
10000e86:	4310      	orrs	r0, r2
10000e88:	4798      	blx	r3
10000e8a:	0004      	movs	r4, r0
10000e8c:	000d      	movs	r5, r1
10000e8e:	0023      	movs	r3, r4
10000e90:	432b      	orrs	r3, r5
10000e92:	d100      	bne.n	10000e96 <alarm_pool_irq_handler+0x10a>
10000e94:	e0c2      	b.n	1000101c <alarm_pool_irq_handler+0x290>
10000e96:	2d00      	cmp	r5, #0
10000e98:	db00      	blt.n	10000e9c <alarm_pool_irq_handler+0x110>
10000e9a:	e0df      	b.n	1000105c <alarm_pool_irq_handler+0x2d0>
10000e9c:	0030      	movs	r0, r6
10000e9e:	0039      	movs	r1, r7
10000ea0:	1b00      	subs	r0, r0, r4
10000ea2:	41a9      	sbcs	r1, r5
10000ea4:	4653      	mov	r3, sl
10000ea6:	6098      	str	r0, [r3, #8]
10000ea8:	60d9      	str	r1, [r3, #12]
10000eaa:	2200      	movs	r2, #0
10000eac:	5e9a      	ldrsh	r2, [r3, r2]
10000eae:	2a00      	cmp	r2, #0
10000eb0:	da00      	bge.n	10000eb4 <alarm_pool_irq_handler+0x128>
10000eb2:	e78b      	b.n	10000dcc <alarm_pool_irq_handler+0x40>
10000eb4:	4643      	mov	r3, r8
10000eb6:	695d      	ldr	r5, [r3, #20]
10000eb8:	0053      	lsls	r3, r2, #1
10000eba:	189c      	adds	r4, r3, r2
10000ebc:	00e4      	lsls	r4, r4, #3
10000ebe:	192c      	adds	r4, r5, r4
10000ec0:	68a7      	ldr	r7, [r4, #8]
10000ec2:	68e4      	ldr	r4, [r4, #12]
10000ec4:	428c      	cmp	r4, r1
10000ec6:	dd00      	ble.n	10000eca <alarm_pool_irq_handler+0x13e>
10000ec8:	e780      	b.n	10000dcc <alarm_pool_irq_handler+0x40>
10000eca:	d102      	bne.n	10000ed2 <alarm_pool_irq_handler+0x146>
10000ecc:	4287      	cmp	r7, r0
10000ece:	d900      	bls.n	10000ed2 <alarm_pool_irq_handler+0x146>
10000ed0:	e77c      	b.n	10000dcc <alarm_pool_irq_handler+0x40>
10000ed2:	4646      	mov	r6, r8
10000ed4:	8132      	strh	r2, [r6, #8]
10000ed6:	3608      	adds	r6, #8
10000ed8:	e00d      	b.n	10000ef6 <alarm_pool_irq_handler+0x16a>
10000eda:	428c      	cmp	r4, r1
10000edc:	d100      	bne.n	10000ee0 <alarm_pool_irq_handler+0x154>
10000ede:	e0c6      	b.n	1000106e <alarm_pool_irq_handler+0x2e2>
10000ee0:	001e      	movs	r6, r3
10000ee2:	2300      	movs	r3, #0
10000ee4:	5ef2      	ldrsh	r2, [r6, r3]
10000ee6:	2a00      	cmp	r2, #0
10000ee8:	db0a      	blt.n	10000f00 <alarm_pool_irq_handler+0x174>
10000eea:	0053      	lsls	r3, r2, #1
10000eec:	189c      	adds	r4, r3, r2
10000eee:	00e4      	lsls	r4, r4, #3
10000ef0:	192c      	adds	r4, r5, r4
10000ef2:	68a7      	ldr	r7, [r4, #8]
10000ef4:	68e4      	ldr	r4, [r4, #12]
10000ef6:	189b      	adds	r3, r3, r2
10000ef8:	00db      	lsls	r3, r3, #3
10000efa:	18eb      	adds	r3, r5, r3
10000efc:	428c      	cmp	r4, r1
10000efe:	ddec      	ble.n	10000eda <alarm_pool_irq_handler+0x14e>
10000f00:	4653      	mov	r3, sl
10000f02:	801a      	strh	r2, [r3, #0]
10000f04:	464b      	mov	r3, r9
10000f06:	8033      	strh	r3, [r6, #0]
10000f08:	4643      	mov	r3, r8
10000f0a:	889b      	ldrh	r3, [r3, #4]
10000f0c:	b21b      	sxth	r3, r3
10000f0e:	2b00      	cmp	r3, #0
10000f10:	da00      	bge.n	10000f14 <alarm_pool_irq_handler+0x188>
10000f12:	e761      	b.n	10000dd8 <alarm_pool_irq_handler+0x4c>
10000f14:	4643      	mov	r3, r8
10000f16:	691a      	ldr	r2, [r3, #16]
10000f18:	f3ef 8110 	mrs	r1, PRIMASK
10000f1c:	b672      	cpsid	i
10000f1e:	6813      	ldr	r3, [r2, #0]
10000f20:	2b00      	cmp	r3, #0
10000f22:	d0fc      	beq.n	10000f1e <alarm_pool_irq_handler+0x192>
10000f24:	f3bf 8f5f 	dmb	sy
10000f28:	4643      	mov	r3, r8
10000f2a:	889e      	ldrh	r6, [r3, #4]
10000f2c:	2301      	movs	r3, #1
10000f2e:	4642      	mov	r2, r8
10000f30:	425b      	negs	r3, r3
10000f32:	8093      	strh	r3, [r2, #4]
10000f34:	b236      	sxth	r6, r6
10000f36:	6913      	ldr	r3, [r2, #16]
10000f38:	f3bf 8f5f 	dmb	sy
10000f3c:	2200      	movs	r2, #0
10000f3e:	601a      	str	r2, [r3, #0]
10000f40:	f381 8810 	msr	PRIMASK, r1
10000f44:	2e00      	cmp	r6, #0
10000f46:	da00      	bge.n	10000f4a <alarm_pool_irq_handler+0x1be>
10000f48:	e746      	b.n	10000dd8 <alarm_pool_irq_handler+0x4c>
10000f4a:	4643      	mov	r3, r8
10000f4c:	695d      	ldr	r5, [r3, #20]
10000f4e:	3308      	adds	r3, #8
10000f50:	4642      	mov	r2, r8
10000f52:	469c      	mov	ip, r3
10000f54:	0077      	lsls	r7, r6, #1
10000f56:	19bf      	adds	r7, r7, r6
10000f58:	00ff      	lsls	r7, r7, #3
10000f5a:	19ef      	adds	r7, r5, r7
10000f5c:	68bb      	ldr	r3, [r7, #8]
10000f5e:	4660      	mov	r0, ip
10000f60:	4698      	mov	r8, r3
10000f62:	2308      	movs	r3, #8
10000f64:	5ed1      	ldrsh	r1, [r2, r3]
10000f66:	4692      	mov	sl, r2
10000f68:	68fc      	ldr	r4, [r7, #12]
10000f6a:	2900      	cmp	r1, #0
10000f6c:	da07      	bge.n	10000f7e <alarm_pool_irq_handler+0x1f2>
10000f6e:	e00e      	b.n	10000f8e <alarm_pool_irq_handler+0x202>
10000f70:	42a2      	cmp	r2, r4
10000f72:	d046      	beq.n	10001002 <alarm_pool_irq_handler+0x276>
10000f74:	0018      	movs	r0, r3
10000f76:	2300      	movs	r3, #0
10000f78:	5ec1      	ldrsh	r1, [r0, r3]
10000f7a:	2900      	cmp	r1, #0
10000f7c:	db06      	blt.n	10000f8c <alarm_pool_irq_handler+0x200>
10000f7e:	004b      	lsls	r3, r1, #1
10000f80:	185b      	adds	r3, r3, r1
10000f82:	00db      	lsls	r3, r3, #3
10000f84:	18eb      	adds	r3, r5, r3
10000f86:	68da      	ldr	r2, [r3, #12]
10000f88:	42a2      	cmp	r2, r4
10000f8a:	ddf1      	ble.n	10000f70 <alarm_pool_irq_handler+0x1e4>
10000f8c:	4652      	mov	r2, sl
10000f8e:	8006      	strh	r6, [r0, #0]
10000f90:	2300      	movs	r3, #0
10000f92:	5efe      	ldrsh	r6, [r7, r3]
10000f94:	8039      	strh	r1, [r7, #0]
10000f96:	2e00      	cmp	r6, #0
10000f98:	dadc      	bge.n	10000f54 <alarm_pool_irq_handler+0x1c8>
10000f9a:	4690      	mov	r8, r2
10000f9c:	4643      	mov	r3, r8
10000f9e:	799b      	ldrb	r3, [r3, #6]
10000fa0:	2b00      	cmp	r3, #0
10000fa2:	d100      	bne.n	10000fa6 <alarm_pool_irq_handler+0x21a>
10000fa4:	e71d      	b.n	10000de2 <alarm_pool_irq_handler+0x56>
10000fa6:	2300      	movs	r3, #0
10000fa8:	4642      	mov	r2, r8
10000faa:	7193      	strb	r3, [r2, #6]
10000fac:	4643      	mov	r3, r8
10000fae:	4646      	mov	r6, r8
10000fb0:	2108      	movs	r1, #8
10000fb2:	5e59      	ldrsh	r1, [r3, r1]
10000fb4:	3608      	adds	r6, #8
10000fb6:	1c4b      	adds	r3, r1, #1
10000fb8:	d100      	bne.n	10000fbc <alarm_pool_irq_handler+0x230>
10000fba:	e738      	b.n	10000e2e <alarm_pool_irq_handler+0xa2>
10000fbc:	4647      	mov	r7, r8
10000fbe:	4689      	mov	r9, r1
10000fc0:	6955      	ldr	r5, [r2, #20]
10000fc2:	e002      	b.n	10000fca <alarm_pool_irq_handler+0x23e>
10000fc4:	0006      	movs	r6, r0
10000fc6:	1c4b      	adds	r3, r1, #1
10000fc8:	d018      	beq.n	10000ffc <alarm_pool_irq_handler+0x270>
10000fca:	004b      	lsls	r3, r1, #1
10000fcc:	185b      	adds	r3, r3, r1
10000fce:	00db      	lsls	r3, r3, #3
10000fd0:	18e8      	adds	r0, r5, r3
10000fd2:	000a      	movs	r2, r1
10000fd4:	468c      	mov	ip, r1
10000fd6:	5ee9      	ldrsh	r1, [r5, r3]
10000fd8:	8843      	ldrh	r3, [r0, #2]
10000fda:	b21b      	sxth	r3, r3
10000fdc:	2b00      	cmp	r3, #0
10000fde:	daf1      	bge.n	10000fc4 <alarm_pool_irq_handler+0x238>
10000fe0:	2301      	movs	r3, #1
10000fe2:	425b      	negs	r3, r3
10000fe4:	17dc      	asrs	r4, r3, #31
10000fe6:	6083      	str	r3, [r0, #8]
10000fe8:	60c4      	str	r4, [r0, #12]
10000fea:	454a      	cmp	r2, r9
10000fec:	d003      	beq.n	10000ff6 <alarm_pool_irq_handler+0x26a>
10000fee:	8031      	strh	r1, [r6, #0]
10000ff0:	893b      	ldrh	r3, [r7, #8]
10000ff2:	8003      	strh	r3, [r0, #0]
10000ff4:	813a      	strh	r2, [r7, #8]
10000ff6:	46e1      	mov	r9, ip
10000ff8:	1c4b      	adds	r3, r1, #1
10000ffa:	d1e6      	bne.n	10000fca <alarm_pool_irq_handler+0x23e>
10000ffc:	46b8      	mov	r8, r7
10000ffe:	464c      	mov	r4, r9
10001000:	e6f2      	b.n	10000de8 <alarm_pool_irq_handler+0x5c>
10001002:	689a      	ldr	r2, [r3, #8]
10001004:	4542      	cmp	r2, r8
10001006:	d9b5      	bls.n	10000f74 <alarm_pool_irq_handler+0x1e8>
10001008:	e7c0      	b.n	10000f8c <alarm_pool_irq_handler+0x200>
1000100a:	1c63      	adds	r3, r4, #1
1000100c:	d000      	beq.n	10001010 <alarm_pool_irq_handler+0x284>
1000100e:	e6f8      	b.n	10000e02 <alarm_pool_irq_handler+0x76>
10001010:	e705      	b.n	10000e1e <alarm_pool_irq_handler+0x92>
10001012:	0020      	movs	r0, r4
10001014:	6923      	ldr	r3, [r4, #16]
10001016:	4798      	blx	r3
10001018:	2800      	cmp	r0, #0
1000101a:	d125      	bne.n	10001068 <alarm_pool_irq_handler+0x2dc>
1000101c:	4653      	mov	r3, sl
1000101e:	4642      	mov	r2, r8
10001020:	881b      	ldrh	r3, [r3, #0]
10001022:	8113      	strh	r3, [r2, #8]
10001024:	6912      	ldr	r2, [r2, #16]
10001026:	f3ef 8310 	mrs	r3, PRIMASK
1000102a:	b672      	cpsid	i
1000102c:	6811      	ldr	r1, [r2, #0]
1000102e:	2900      	cmp	r1, #0
10001030:	d0fc      	beq.n	1000102c <alarm_pool_irq_handler+0x2a0>
10001032:	f3bf 8f5f 	dmb	sy
10001036:	4642      	mov	r2, r8
10001038:	4651      	mov	r1, sl
1000103a:	8852      	ldrh	r2, [r2, #2]
1000103c:	800a      	strh	r2, [r1, #0]
1000103e:	4642      	mov	r2, r8
10001040:	4649      	mov	r1, r9
10001042:	8051      	strh	r1, [r2, #2]
10001044:	6912      	ldr	r2, [r2, #16]
10001046:	f3bf 8f5f 	dmb	sy
1000104a:	2100      	movs	r1, #0
1000104c:	6011      	str	r1, [r2, #0]
1000104e:	f383 8810 	msr	PRIMASK, r3
10001052:	e6bb      	b.n	10000dcc <alarm_pool_irq_handler+0x40>
10001054:	4286      	cmp	r6, r0
10001056:	d800      	bhi.n	1000105a <alarm_pool_irq_handler+0x2ce>
10001058:	e703      	b.n	10000e62 <alarm_pool_irq_handler+0xd6>
1000105a:	e6b7      	b.n	10000dcc <alarm_pool_irq_handler+0x40>
1000105c:	4809      	ldr	r0, [pc, #36]	@ (10001084 <alarm_pool_irq_handler+0x2f8>)
1000105e:	f000 faa1 	bl	100015a4 <timer_time_us_64>
10001062:	1900      	adds	r0, r0, r4
10001064:	4169      	adcs	r1, r5
10001066:	e71d      	b.n	10000ea4 <alarm_pool_irq_handler+0x118>
10001068:	6865      	ldr	r5, [r4, #4]
1000106a:	6824      	ldr	r4, [r4, #0]
1000106c:	e70f      	b.n	10000e8e <alarm_pool_irq_handler+0x102>
1000106e:	4287      	cmp	r7, r0
10001070:	d800      	bhi.n	10001074 <alarm_pool_irq_handler+0x2e8>
10001072:	e735      	b.n	10000ee0 <alarm_pool_irq_handler+0x154>
10001074:	e744      	b.n	10000f00 <alarm_pool_irq_handler+0x174>
10001076:	46c0      	nop			@ (mov r8, r8)
10001078:	200022a4 	.word	0x200022a4
1000107c:	4005703c 	.word	0x4005703c
10001080:	10000d8d 	.word	0x10000d8d
10001084:	40054000 	.word	0x40054000

10001088 <runtime_init_default_alarm_pool>:
10001088:	b570      	push	{r4, r5, r6, lr}
1000108a:	4c2e      	ldr	r4, [pc, #184]	@ (10001144 <runtime_init_default_alarm_pool+0xbc>)
1000108c:	6925      	ldr	r5, [r4, #16]
1000108e:	2d00      	cmp	r5, #0
10001090:	d004      	beq.n	1000109c <runtime_init_default_alarm_pool+0x14>
10001092:	210a      	movs	r1, #10
10001094:	482c      	ldr	r0, [pc, #176]	@ (10001148 <runtime_init_default_alarm_pool+0xc0>)
10001096:	f7ff fe0b 	bl	10000cb0 <lock_init>
1000109a:	bd70      	pop	{r4, r5, r6, pc}
1000109c:	4e2b      	ldr	r6, [pc, #172]	@ (1000114c <runtime_init_default_alarm_pool+0xc4>)
1000109e:	2103      	movs	r1, #3
100010a0:	0030      	movs	r0, r6
100010a2:	f000 fa75 	bl	10001590 <timer_hardware_alarm_claim>
100010a6:	60e6      	str	r6, [r4, #12]
100010a8:	f7ff fbfa 	bl	100008a0 <next_striped_spin_lock_num>
100010ac:	4b28      	ldr	r3, [pc, #160]	@ (10001150 <runtime_init_default_alarm_pool+0xc8>)
100010ae:	2203      	movs	r2, #3
100010b0:	469c      	mov	ip, r3
100010b2:	23d0      	movs	r3, #208	@ 0xd0
100010b4:	7022      	strb	r2, [r4, #0]
100010b6:	061b      	lsls	r3, r3, #24
100010b8:	681b      	ldr	r3, [r3, #0]
100010ba:	2101      	movs	r1, #1
100010bc:	7063      	strb	r3, [r4, #1]
100010be:	4b25      	ldr	r3, [pc, #148]	@ (10001154 <runtime_init_default_alarm_pool+0xcc>)
100010c0:	4460      	add	r0, ip
100010c2:	60a3      	str	r3, [r4, #8]
100010c4:	230f      	movs	r3, #15
100010c6:	0080      	lsls	r0, r0, #2
100010c8:	6120      	str	r0, [r4, #16]
100010ca:	2002      	movs	r0, #2
100010cc:	8063      	strh	r3, [r4, #2]
100010ce:	6963      	ldr	r3, [r4, #20]
100010d0:	4249      	negs	r1, r1
100010d2:	80a1      	strh	r1, [r4, #4]
100010d4:	8019      	strh	r1, [r3, #0]
100010d6:	3102      	adds	r1, #2
100010d8:	8619      	strh	r1, [r3, #48]	@ 0x30
100010da:	3147      	adds	r1, #71	@ 0x47
100010dc:	831d      	strh	r5, [r3, #24]
100010de:	5258      	strh	r0, [r3, r1]
100010e0:	3118      	adds	r1, #24
100010e2:	525a      	strh	r2, [r3, r1]
100010e4:	3275      	adds	r2, #117	@ 0x75
100010e6:	395c      	subs	r1, #92	@ 0x5c
100010e8:	5299      	strh	r1, [r3, r2]
100010ea:	3218      	adds	r2, #24
100010ec:	3101      	adds	r1, #1
100010ee:	5299      	strh	r1, [r3, r2]
100010f0:	3218      	adds	r2, #24
100010f2:	3101      	adds	r1, #1
100010f4:	5299      	strh	r1, [r3, r2]
100010f6:	3218      	adds	r2, #24
100010f8:	3101      	adds	r1, #1
100010fa:	5299      	strh	r1, [r3, r2]
100010fc:	3508      	adds	r5, #8
100010fe:	3218      	adds	r2, #24
10001100:	529d      	strh	r5, [r3, r2]
10001102:	3102      	adds	r1, #2
10001104:	3218      	adds	r2, #24
10001106:	5299      	strh	r1, [r3, r2]
10001108:	3218      	adds	r2, #24
1000110a:	3101      	adds	r1, #1
1000110c:	5299      	strh	r1, [r3, r2]
1000110e:	3218      	adds	r2, #24
10001110:	3101      	adds	r1, #1
10001112:	5299      	strh	r1, [r3, r2]
10001114:	3218      	adds	r2, #24
10001116:	3101      	adds	r1, #1
10001118:	5299      	strh	r1, [r3, r2]
1000111a:	3218      	adds	r2, #24
1000111c:	3101      	adds	r1, #1
1000111e:	5299      	strh	r1, [r3, r2]
10001120:	3218      	adds	r2, #24
10001122:	3101      	adds	r1, #1
10001124:	5299      	strh	r1, [r3, r2]
10001126:	4b0c      	ldr	r3, [pc, #48]	@ (10001158 <runtime_init_default_alarm_pool+0xd0>)
10001128:	490c      	ldr	r1, [pc, #48]	@ (1000115c <runtime_init_default_alarm_pool+0xd4>)
1000112a:	60dc      	str	r4, [r3, #12]
1000112c:	3001      	adds	r0, #1
1000112e:	6235      	str	r5, [r6, #32]
10001130:	f7ff fc2c 	bl	1000098c <irq_set_exclusive_handler>
10001134:	2101      	movs	r1, #1
10001136:	2003      	movs	r0, #3
10001138:	f7ff fbf0 	bl	1000091c <irq_set_enabled>
1000113c:	4b08      	ldr	r3, [pc, #32]	@ (10001160 <runtime_init_default_alarm_pool+0xd8>)
1000113e:	601d      	str	r5, [r3, #0]
10001140:	e7a7      	b.n	10001092 <runtime_init_default_alarm_pool+0xa>
10001142:	46c0      	nop			@ (mov r8, r8)
10001144:	20001080 	.word	0x20001080
10001148:	20012a70 	.word	0x20012a70
1000114c:	40054000 	.word	0x40054000
10001150:	34000040 	.word	0x34000040
10001154:	0010ffff 	.word	0x0010ffff
10001158:	200022a4 	.word	0x200022a4
1000115c:	10000d8d 	.word	0x10000d8d
10001160:	40056038 	.word	0x40056038

10001164 <alarm_pool_get_default>:
10001164:	4800      	ldr	r0, [pc, #0]	@ (10001168 <alarm_pool_get_default+0x4>)
10001166:	4770      	bx	lr
10001168:	20001080 	.word	0x20001080

1000116c <alarm_pool_add_alarm_at>:
1000116c:	b5f8      	push	{r3, r4, r5, r6, r7, lr}
1000116e:	001f      	movs	r7, r3
10001170:	ab08      	add	r3, sp, #32
10001172:	781b      	ldrb	r3, [r3, #0]
10001174:	0004      	movs	r4, r0
10001176:	0016      	movs	r6, r2
10001178:	2b00      	cmp	r3, #0
1000117a:	d108      	bne.n	1000118e <alarm_pool_add_alarm_at+0x22>
1000117c:	f000 fa1a 	bl	100015b4 <time_us_64>
10001180:	0032      	movs	r2, r6
10001182:	003b      	movs	r3, r7
10001184:	1a12      	subs	r2, r2, r0
10001186:	418b      	sbcs	r3, r1
10001188:	2b00      	cmp	r3, #0
1000118a:	da00      	bge.n	1000118e <alarm_pool_add_alarm_at+0x22>
1000118c:	e053      	b.n	10001236 <alarm_pool_add_alarm_at+0xca>
1000118e:	6922      	ldr	r2, [r4, #16]
10001190:	f3ef 8010 	mrs	r0, PRIMASK
10001194:	b672      	cpsid	i
10001196:	6813      	ldr	r3, [r2, #0]
10001198:	2b00      	cmp	r3, #0
1000119a:	d0fc      	beq.n	10001196 <alarm_pool_add_alarm_at+0x2a>
1000119c:	f3bf 8f5f 	dmb	sy
100011a0:	2302      	movs	r3, #2
100011a2:	5ee1      	ldrsh	r1, [r4, r3]
100011a4:	6963      	ldr	r3, [r4, #20]
100011a6:	004a      	lsls	r2, r1, #1
100011a8:	1852      	adds	r2, r2, r1
100011aa:	00d2      	lsls	r2, r2, #3
100011ac:	189b      	adds	r3, r3, r2
100011ae:	2900      	cmp	r1, #0
100011b0:	db37      	blt.n	10001222 <alarm_pool_add_alarm_at+0xb6>
100011b2:	881a      	ldrh	r2, [r3, #0]
100011b4:	8062      	strh	r2, [r4, #2]
100011b6:	6922      	ldr	r2, [r4, #16]
100011b8:	f3bf 8f5f 	dmb	sy
100011bc:	2500      	movs	r5, #0
100011be:	6015      	str	r5, [r2, #0]
100011c0:	f380 8810 	msr	PRIMASK, r0
100011c4:	9a06      	ldr	r2, [sp, #24]
100011c6:	609e      	str	r6, [r3, #8]
100011c8:	60df      	str	r7, [r3, #12]
100011ca:	611a      	str	r2, [r3, #16]
100011cc:	9a07      	ldr	r2, [sp, #28]
100011ce:	615a      	str	r2, [r3, #20]
100011d0:	885a      	ldrh	r2, [r3, #2]
100011d2:	3201      	adds	r2, #1
100011d4:	0452      	lsls	r2, r2, #17
100011d6:	0c52      	lsrs	r2, r2, #17
100011d8:	1c10      	adds	r0, r2, #0
100011da:	2a00      	cmp	r2, #0
100011dc:	d01f      	beq.n	1000121e <alarm_pool_add_alarm_at+0xb2>
100011de:	b282      	uxth	r2, r0
100011e0:	8058      	strh	r0, [r3, #2]
100011e2:	0408      	lsls	r0, r1, #16
100011e4:	4310      	orrs	r0, r2
100011e6:	6926      	ldr	r6, [r4, #16]
100011e8:	f3ef 8710 	mrs	r7, PRIMASK
100011ec:	b672      	cpsid	i
100011ee:	6832      	ldr	r2, [r6, #0]
100011f0:	2a00      	cmp	r2, #0
100011f2:	d0fc      	beq.n	100011ee <alarm_pool_add_alarm_at+0x82>
100011f4:	f3bf 8f5f 	dmb	sy
100011f8:	88a2      	ldrh	r2, [r4, #4]
100011fa:	801a      	strh	r2, [r3, #0]
100011fc:	80a1      	strh	r1, [r4, #4]
100011fe:	6923      	ldr	r3, [r4, #16]
10001200:	f3bf 8f5f 	dmb	sy
10001204:	2200      	movs	r2, #0
10001206:	601a      	str	r2, [r3, #0]
10001208:	f387 8810 	msr	PRIMASK, r7
1000120c:	490b      	ldr	r1, [pc, #44]	@ (1000123c <alarm_pool_add_alarm_at+0xd0>)
1000120e:	7823      	ldrb	r3, [r4, #0]
10001210:	468c      	mov	ip, r1
10001212:	3201      	adds	r2, #1
10001214:	409a      	lsls	r2, r3
10001216:	68e3      	ldr	r3, [r4, #12]
10001218:	4463      	add	r3, ip
1000121a:	601a      	str	r2, [r3, #0]
1000121c:	bdf8      	pop	{r3, r4, r5, r6, r7, pc}
1000121e:	2001      	movs	r0, #1
10001220:	e7dd      	b.n	100011de <alarm_pool_add_alarm_at+0x72>
10001222:	6923      	ldr	r3, [r4, #16]
10001224:	f3bf 8f5f 	dmb	sy
10001228:	2200      	movs	r2, #0
1000122a:	601a      	str	r2, [r3, #0]
1000122c:	f380 8810 	msr	PRIMASK, r0
10001230:	2001      	movs	r0, #1
10001232:	4240      	negs	r0, r0
10001234:	e7f2      	b.n	1000121c <alarm_pool_add_alarm_at+0xb0>
10001236:	2000      	movs	r0, #0
10001238:	e7f0      	b.n	1000121c <alarm_pool_add_alarm_at+0xb0>
1000123a:	46c0      	nop			@ (mov r8, r8)
1000123c:	0000203c 	.word	0x0000203c

10001240 <alarm_pool_add_alarm_at_force_in_context>:
10001240:	b570      	push	{r4, r5, r6, lr}
10001242:	0001      	movs	r1, r0
10001244:	6904      	ldr	r4, [r0, #16]
10001246:	f3ef 8c10 	mrs	ip, PRIMASK
1000124a:	b672      	cpsid	i
1000124c:	6820      	ldr	r0, [r4, #0]
1000124e:	2800      	cmp	r0, #0
10001250:	d0fc      	beq.n	1000124c <alarm_pool_add_alarm_at_force_in_context+0xc>
10001252:	f3bf 8f5f 	dmb	sy
10001256:	2002      	movs	r0, #2
10001258:	5e0d      	ldrsh	r5, [r1, r0]
1000125a:	694c      	ldr	r4, [r1, #20]
1000125c:	0068      	lsls	r0, r5, #1
1000125e:	1940      	adds	r0, r0, r5
10001260:	00c0      	lsls	r0, r0, #3
10001262:	1824      	adds	r4, r4, r0
10001264:	2d00      	cmp	r5, #0
10001266:	db37      	blt.n	100012d8 <alarm_pool_add_alarm_at_force_in_context+0x98>
10001268:	8820      	ldrh	r0, [r4, #0]
1000126a:	8048      	strh	r0, [r1, #2]
1000126c:	6908      	ldr	r0, [r1, #16]
1000126e:	f3bf 8f5f 	dmb	sy
10001272:	2600      	movs	r6, #0
10001274:	6006      	str	r6, [r0, #0]
10001276:	f38c 8810 	msr	PRIMASK, ip
1000127a:	60e3      	str	r3, [r4, #12]
1000127c:	8863      	ldrh	r3, [r4, #2]
1000127e:	9804      	ldr	r0, [sp, #16]
10001280:	3301      	adds	r3, #1
10001282:	6120      	str	r0, [r4, #16]
10001284:	045b      	lsls	r3, r3, #17
10001286:	9805      	ldr	r0, [sp, #20]
10001288:	0c5b      	lsrs	r3, r3, #17
1000128a:	60a2      	str	r2, [r4, #8]
1000128c:	6160      	str	r0, [r4, #20]
1000128e:	1c1a      	adds	r2, r3, #0
10001290:	2b00      	cmp	r3, #0
10001292:	d01f      	beq.n	100012d4 <alarm_pool_add_alarm_at_force_in_context+0x94>
10001294:	b293      	uxth	r3, r2
10001296:	0428      	lsls	r0, r5, #16
10001298:	8062      	strh	r2, [r4, #2]
1000129a:	4318      	orrs	r0, r3
1000129c:	690a      	ldr	r2, [r1, #16]
1000129e:	f3ef 8c10 	mrs	ip, PRIMASK
100012a2:	b672      	cpsid	i
100012a4:	6813      	ldr	r3, [r2, #0]
100012a6:	2b00      	cmp	r3, #0
100012a8:	d0fc      	beq.n	100012a4 <alarm_pool_add_alarm_at_force_in_context+0x64>
100012aa:	f3bf 8f5f 	dmb	sy
100012ae:	888b      	ldrh	r3, [r1, #4]
100012b0:	8023      	strh	r3, [r4, #0]
100012b2:	808d      	strh	r5, [r1, #4]
100012b4:	690b      	ldr	r3, [r1, #16]
100012b6:	f3bf 8f5f 	dmb	sy
100012ba:	2200      	movs	r2, #0
100012bc:	601a      	str	r2, [r3, #0]
100012be:	f38c 8810 	msr	PRIMASK, ip
100012c2:	780b      	ldrb	r3, [r1, #0]
100012c4:	3201      	adds	r2, #1
100012c6:	409a      	lsls	r2, r3
100012c8:	68cb      	ldr	r3, [r1, #12]
100012ca:	4908      	ldr	r1, [pc, #32]	@ (100012ec <alarm_pool_add_alarm_at_force_in_context+0xac>)
100012cc:	468c      	mov	ip, r1
100012ce:	4463      	add	r3, ip
100012d0:	601a      	str	r2, [r3, #0]
100012d2:	bd70      	pop	{r4, r5, r6, pc}
100012d4:	2201      	movs	r2, #1
100012d6:	e7dd      	b.n	10001294 <alarm_pool_add_alarm_at_force_in_context+0x54>
100012d8:	690b      	ldr	r3, [r1, #16]
100012da:	f3bf 8f5f 	dmb	sy
100012de:	2200      	movs	r2, #0
100012e0:	601a      	str	r2, [r3, #0]
100012e2:	f38c 8810 	msr	PRIMASK, ip
100012e6:	2001      	movs	r0, #1
100012e8:	4240      	negs	r0, r0
100012ea:	e7f2      	b.n	100012d2 <alarm_pool_add_alarm_at_force_in_context+0x92>
100012ec:	0000203c 	.word	0x0000203c

100012f0 <alarm_pool_cancel_alarm>:
100012f0:	b510      	push	{r4, lr}
100012f2:	8943      	ldrh	r3, [r0, #10]
100012f4:	140a      	asrs	r2, r1, #16
100012f6:	4293      	cmp	r3, r2
100012f8:	dd1a      	ble.n	10001330 <alarm_pool_cancel_alarm+0x40>
100012fa:	0053      	lsls	r3, r2, #1
100012fc:	189b      	adds	r3, r3, r2
100012fe:	6942      	ldr	r2, [r0, #20]
10001300:	00db      	lsls	r3, r3, #3
10001302:	18d3      	adds	r3, r2, r3
10001304:	6904      	ldr	r4, [r0, #16]
10001306:	f3ef 8c10 	mrs	ip, PRIMASK
1000130a:	b672      	cpsid	i
1000130c:	6822      	ldr	r2, [r4, #0]
1000130e:	2a00      	cmp	r2, #0
10001310:	d0fc      	beq.n	1000130c <alarm_pool_cancel_alarm+0x1c>
10001312:	f3bf 8f5f 	dmb	sy
10001316:	885a      	ldrh	r2, [r3, #2]
10001318:	0409      	lsls	r1, r1, #16
1000131a:	b294      	uxth	r4, r2
1000131c:	0c09      	lsrs	r1, r1, #16
1000131e:	428a      	cmp	r2, r1
10001320:	d008      	beq.n	10001334 <alarm_pool_cancel_alarm+0x44>
10001322:	6903      	ldr	r3, [r0, #16]
10001324:	f3bf 8f5f 	dmb	sy
10001328:	2200      	movs	r2, #0
1000132a:	601a      	str	r2, [r3, #0]
1000132c:	f38c 8810 	msr	PRIMASK, ip
10001330:	2000      	movs	r0, #0
10001332:	bd10      	pop	{r4, pc}
10001334:	2280      	movs	r2, #128	@ 0x80
10001336:	0212      	lsls	r2, r2, #8
10001338:	4314      	orrs	r4, r2
1000133a:	805c      	strh	r4, [r3, #2]
1000133c:	2301      	movs	r3, #1
1000133e:	6902      	ldr	r2, [r0, #16]
10001340:	7183      	strb	r3, [r0, #6]
10001342:	f3bf 8f5f 	dmb	sy
10001346:	2100      	movs	r1, #0
10001348:	6011      	str	r1, [r2, #0]
1000134a:	f38c 8810 	msr	PRIMASK, ip
1000134e:	4904      	ldr	r1, [pc, #16]	@ (10001360 <alarm_pool_cancel_alarm+0x70>)
10001350:	7802      	ldrb	r2, [r0, #0]
10001352:	468c      	mov	ip, r1
10001354:	4093      	lsls	r3, r2
10001356:	68c2      	ldr	r2, [r0, #12]
10001358:	2001      	movs	r0, #1
1000135a:	4462      	add	r2, ip
1000135c:	6013      	str	r3, [r2, #0]
1000135e:	e7e8      	b.n	10001332 <alarm_pool_cancel_alarm+0x42>
10001360:	0000203c 	.word	0x0000203c

10001364 <alarm_pool_core_num>:
10001364:	7840      	ldrb	r0, [r0, #1]
10001366:	4770      	bx	lr

10001368 <sleep_until>:
10001368:	b5f0      	push	{r4, r5, r6, r7, lr}
1000136a:	0004      	movs	r4, r0
1000136c:	000d      	movs	r5, r1
1000136e:	2606      	movs	r6, #6
10001370:	4276      	negs	r6, r6
10001372:	17f7      	asrs	r7, r6, #31
10001374:	46c6      	mov	lr, r8
10001376:	1936      	adds	r6, r6, r4
10001378:	416f      	adcs	r7, r5
1000137a:	b500      	push	{lr}
1000137c:	b082      	sub	sp, #8
1000137e:	428f      	cmp	r7, r1
10001380:	d814      	bhi.n	100013ac <sleep_until+0x44>
10001382:	d011      	beq.n	100013a8 <sleep_until+0x40>
10001384:	f000 f916 	bl	100015b4 <time_us_64>
10001388:	0032      	movs	r2, r6
1000138a:	003b      	movs	r3, r7
1000138c:	1a12      	subs	r2, r2, r0
1000138e:	418b      	sbcs	r3, r1
10001390:	2b00      	cmp	r3, #0
10001392:	dc17      	bgt.n	100013c4 <sleep_until+0x5c>
10001394:	2b00      	cmp	r3, #0
10001396:	d047      	beq.n	10001428 <sleep_until+0xc0>
10001398:	0020      	movs	r0, r4
1000139a:	0029      	movs	r1, r5
1000139c:	f000 f914 	bl	100015c8 <busy_wait_until>
100013a0:	b002      	add	sp, #8
100013a2:	bc80      	pop	{r7}
100013a4:	46b8      	mov	r8, r7
100013a6:	bdf0      	pop	{r4, r5, r6, r7, pc}
100013a8:	4286      	cmp	r6, r0
100013aa:	d9eb      	bls.n	10001384 <sleep_until+0x1c>
100013ac:	2200      	movs	r2, #0
100013ae:	2300      	movs	r3, #0
100013b0:	0016      	movs	r6, r2
100013b2:	001f      	movs	r7, r3
100013b4:	f000 f8fe 	bl	100015b4 <time_us_64>
100013b8:	0032      	movs	r2, r6
100013ba:	003b      	movs	r3, r7
100013bc:	1a12      	subs	r2, r2, r0
100013be:	418b      	sbcs	r3, r1
100013c0:	2b00      	cmp	r3, #0
100013c2:	dde7      	ble.n	10001394 <sleep_until+0x2c>
100013c4:	f000 f8f6 	bl	100015b4 <time_us_64>
100013c8:	0032      	movs	r2, r6
100013ca:	003b      	movs	r3, r7
100013cc:	1a12      	subs	r2, r2, r0
100013ce:	418b      	sbcs	r3, r1
100013d0:	2b00      	cmp	r3, #0
100013d2:	db0a      	blt.n	100013ea <sleep_until+0x82>
100013d4:	2300      	movs	r3, #0
100013d6:	9301      	str	r3, [sp, #4]
100013d8:	4b15      	ldr	r3, [pc, #84]	@ (10001430 <sleep_until+0xc8>)
100013da:	0032      	movs	r2, r6
100013dc:	9300      	str	r3, [sp, #0]
100013de:	4815      	ldr	r0, [pc, #84]	@ (10001434 <sleep_until+0xcc>)
100013e0:	003b      	movs	r3, r7
100013e2:	f7ff ff2d 	bl	10001240 <alarm_pool_add_alarm_at_force_in_context>
100013e6:	2800      	cmp	r0, #0
100013e8:	dbd6      	blt.n	10001398 <sleep_until+0x30>
100013ea:	2300      	movs	r3, #0
100013ec:	469c      	mov	ip, r3
100013ee:	46b0      	mov	r8, r6
100013f0:	4a11      	ldr	r2, [pc, #68]	@ (10001438 <sleep_until+0xd0>)
100013f2:	4e12      	ldr	r6, [pc, #72]	@ (1000143c <sleep_until+0xd4>)
100013f4:	6a73      	ldr	r3, [r6, #36]	@ 0x24
100013f6:	429f      	cmp	r7, r3
100013f8:	d804      	bhi.n	10001404 <sleep_until+0x9c>
100013fa:	6ab1      	ldr	r1, [r6, #40]	@ 0x28
100013fc:	4588      	cmp	r8, r1
100013fe:	d9cb      	bls.n	10001398 <sleep_until+0x30>
10001400:	429f      	cmp	r7, r3
10001402:	d1c9      	bne.n	10001398 <sleep_until+0x30>
10001404:	6811      	ldr	r1, [r2, #0]
10001406:	f3ef 8010 	mrs	r0, PRIMASK
1000140a:	b672      	cpsid	i
1000140c:	680b      	ldr	r3, [r1, #0]
1000140e:	2b00      	cmp	r3, #0
10001410:	d0fc      	beq.n	1000140c <sleep_until+0xa4>
10001412:	f3bf 8f5f 	dmb	sy
10001416:	6813      	ldr	r3, [r2, #0]
10001418:	f3bf 8f5f 	dmb	sy
1000141c:	4661      	mov	r1, ip
1000141e:	6019      	str	r1, [r3, #0]
10001420:	f380 8810 	msr	PRIMASK, r0
10001424:	bf20      	wfe
10001426:	e7e5      	b.n	100013f4 <sleep_until+0x8c>
10001428:	2a00      	cmp	r2, #0
1000142a:	d0b5      	beq.n	10001398 <sleep_until+0x30>
1000142c:	e7ca      	b.n	100013c4 <sleep_until+0x5c>
1000142e:	46c0      	nop			@ (mov r8, r8)
10001430:	10000d5d 	.word	0x10000d5d
10001434:	20001080 	.word	0x20001080
10001438:	20012a70 	.word	0x20012a70
1000143c:	40054000 	.word	0x40054000

10001440 <sleep_ms>:
10001440:	b570      	push	{r4, r5, r6, lr}
10001442:	0006      	movs	r6, r0
10001444:	f000 f8b6 	bl	100015b4 <time_us_64>
10001448:	22fa      	movs	r2, #250	@ 0xfa
1000144a:	0004      	movs	r4, r0
1000144c:	000d      	movs	r5, r1
1000144e:	2300      	movs	r3, #0
10001450:	0030      	movs	r0, r6
10001452:	2100      	movs	r1, #0
10001454:	0092      	lsls	r2, r2, #2
10001456:	f000 ff83 	bl	10002360 <__wrap___aeabi_lmul>
1000145a:	2380      	movs	r3, #128	@ 0x80
1000145c:	1900      	adds	r0, r0, r4
1000145e:	4169      	adcs	r1, r5
10001460:	061b      	lsls	r3, r3, #24
10001462:	4299      	cmp	r1, r3
10001464:	d302      	bcc.n	1000146c <sleep_ms+0x2c>
10001466:	2001      	movs	r0, #1
10001468:	4902      	ldr	r1, [pc, #8]	@ (10001474 <sleep_ms+0x34>)
1000146a:	4240      	negs	r0, r0
1000146c:	f7ff ff7c 	bl	10001368 <sleep_until>
10001470:	bd70      	pop	{r4, r5, r6, pc}
10001472:	46c0      	nop			@ (mov r8, r8)
10001474:	7fffffff 	.word	0x7fffffff

10001478 <best_effort_wfe_or_timeout>:
10001478:	b5f0      	push	{r4, r5, r6, r7, lr}
1000147a:	46d6      	mov	lr, sl
1000147c:	464f      	mov	r7, r9
1000147e:	4646      	mov	r6, r8
10001480:	b5c0      	push	{r6, r7, lr}
10001482:	0004      	movs	r4, r0
10001484:	000d      	movs	r5, r1
10001486:	b082      	sub	sp, #8
10001488:	f3ef 8305 	mrs	r3, IPSR
1000148c:	000f      	movs	r7, r1
1000148e:	2b00      	cmp	r3, #0
10001490:	d131      	bne.n	100014f6 <best_effort_wfe_or_timeout+0x7e>
10001492:	4b3b      	ldr	r3, [pc, #236]	@ (10001580 <best_effort_wfe_or_timeout+0x108>)
10001494:	4698      	mov	r8, r3
10001496:	681b      	ldr	r3, [r3, #0]
10001498:	4283      	cmp	r3, r0
1000149a:	d027      	beq.n	100014ec <best_effort_wfe_or_timeout+0x74>
1000149c:	4b39      	ldr	r3, [pc, #228]	@ (10001584 <best_effort_wfe_or_timeout+0x10c>)
1000149e:	4699      	mov	r9, r3
100014a0:	68db      	ldr	r3, [r3, #12]
100014a2:	469a      	mov	sl, r3
100014a4:	464b      	mov	r3, r9
100014a6:	4650      	mov	r0, sl
100014a8:	781e      	ldrb	r6, [r3, #0]
100014aa:	f000 f87b 	bl	100015a4 <timer_time_us_64>
100014ae:	000b      	movs	r3, r1
100014b0:	4651      	mov	r1, sl
100014b2:	0002      	movs	r2, r0
100014b4:	3604      	adds	r6, #4
100014b6:	00b6      	lsls	r6, r6, #2
100014b8:	5871      	ldr	r1, [r6, r1]
100014ba:	0020      	movs	r0, r4
100014bc:	1a89      	subs	r1, r1, r2
100014be:	468c      	mov	ip, r1
100014c0:	0029      	movs	r1, r5
100014c2:	2600      	movs	r6, #0
100014c4:	1a80      	subs	r0, r0, r2
100014c6:	4199      	sbcs	r1, r3
100014c8:	428e      	cmp	r6, r1
100014ca:	dc24      	bgt.n	10001516 <best_effort_wfe_or_timeout+0x9e>
100014cc:	d021      	beq.n	10001512 <best_effort_wfe_or_timeout+0x9a>
100014ce:	bf20      	wfe
100014d0:	4a2d      	ldr	r2, [pc, #180]	@ (10001588 <best_effort_wfe_or_timeout+0x110>)
100014d2:	6a53      	ldr	r3, [r2, #36]	@ 0x24
100014d4:	42bb      	cmp	r3, r7
100014d6:	d32a      	bcc.n	1000152e <best_effort_wfe_or_timeout+0xb6>
100014d8:	6a92      	ldr	r2, [r2, #40]	@ 0x28
100014da:	2001      	movs	r0, #1
100014dc:	42a2      	cmp	r2, r4
100014de:	d313      	bcc.n	10001508 <best_effort_wfe_or_timeout+0x90>
100014e0:	b002      	add	sp, #8
100014e2:	bce0      	pop	{r5, r6, r7}
100014e4:	46ba      	mov	sl, r7
100014e6:	46b1      	mov	r9, r6
100014e8:	46a8      	mov	r8, r5
100014ea:	bdf0      	pop	{r4, r5, r6, r7, pc}
100014ec:	4643      	mov	r3, r8
100014ee:	685b      	ldr	r3, [r3, #4]
100014f0:	428b      	cmp	r3, r1
100014f2:	d1d3      	bne.n	1000149c <best_effort_wfe_or_timeout+0x24>
100014f4:	e7eb      	b.n	100014ce <best_effort_wfe_or_timeout+0x56>
100014f6:	4924      	ldr	r1, [pc, #144]	@ (10001588 <best_effort_wfe_or_timeout+0x110>)
100014f8:	2000      	movs	r0, #0
100014fa:	6a4b      	ldr	r3, [r1, #36]	@ 0x24
100014fc:	42ab      	cmp	r3, r5
100014fe:	d3ef      	bcc.n	100014e0 <best_effort_wfe_or_timeout+0x68>
10001500:	6a8a      	ldr	r2, [r1, #40]	@ 0x28
10001502:	3001      	adds	r0, #1
10001504:	42a2      	cmp	r2, r4
10001506:	d2eb      	bcs.n	100014e0 <best_effort_wfe_or_timeout+0x68>
10001508:	1b5b      	subs	r3, r3, r5
1000150a:	1e5a      	subs	r2, r3, #1
1000150c:	4193      	sbcs	r3, r2
1000150e:	b2d8      	uxtb	r0, r3
10001510:	e7e6      	b.n	100014e0 <best_effort_wfe_or_timeout+0x68>
10001512:	4584      	cmp	ip, r0
10001514:	d9db      	bls.n	100014ce <best_effort_wfe_or_timeout+0x56>
10001516:	f000 f84d 	bl	100015b4 <time_us_64>
1000151a:	0022      	movs	r2, r4
1000151c:	002b      	movs	r3, r5
1000151e:	1a12      	subs	r2, r2, r0
10001520:	418b      	sbcs	r3, r1
10001522:	2b00      	cmp	r3, #0
10001524:	da05      	bge.n	10001532 <best_effort_wfe_or_timeout+0xba>
10001526:	4a18      	ldr	r2, [pc, #96]	@ (10001588 <best_effort_wfe_or_timeout+0x110>)
10001528:	6a53      	ldr	r3, [r2, #36]	@ 0x24
1000152a:	42bb      	cmp	r3, r7
1000152c:	d2d4      	bcs.n	100014d8 <best_effort_wfe_or_timeout+0x60>
1000152e:	2000      	movs	r0, #0
10001530:	e7d6      	b.n	100014e0 <best_effort_wfe_or_timeout+0x68>
10001532:	2300      	movs	r3, #0
10001534:	9301      	str	r3, [sp, #4]
10001536:	4b15      	ldr	r3, [pc, #84]	@ (1000158c <best_effort_wfe_or_timeout+0x114>)
10001538:	0022      	movs	r2, r4
1000153a:	9300      	str	r3, [sp, #0]
1000153c:	4648      	mov	r0, r9
1000153e:	002b      	movs	r3, r5
10001540:	f7ff fe7e 	bl	10001240 <alarm_pool_add_alarm_at_force_in_context>
10001544:	1e01      	subs	r1, r0, #0
10001546:	ddee      	ble.n	10001526 <best_effort_wfe_or_timeout+0xae>
10001548:	4643      	mov	r3, r8
1000154a:	601c      	str	r4, [r3, #0]
1000154c:	605d      	str	r5, [r3, #4]
1000154e:	4b0e      	ldr	r3, [pc, #56]	@ (10001588 <best_effort_wfe_or_timeout+0x110>)
10001550:	6a5a      	ldr	r2, [r3, #36]	@ 0x24
10001552:	42ba      	cmp	r2, r7
10001554:	d311      	bcc.n	1000157a <best_effort_wfe_or_timeout+0x102>
10001556:	6a9b      	ldr	r3, [r3, #40]	@ 0x28
10001558:	42a3      	cmp	r3, r4
1000155a:	d30c      	bcc.n	10001576 <best_effort_wfe_or_timeout+0xfe>
1000155c:	4648      	mov	r0, r9
1000155e:	f7ff fec7 	bl	100012f0 <alarm_pool_cancel_alarm>
10001562:	4a09      	ldr	r2, [pc, #36]	@ (10001588 <best_effort_wfe_or_timeout+0x110>)
10001564:	2000      	movs	r0, #0
10001566:	6a53      	ldr	r3, [r2, #36]	@ 0x24
10001568:	42bb      	cmp	r3, r7
1000156a:	d3b9      	bcc.n	100014e0 <best_effort_wfe_or_timeout+0x68>
1000156c:	6a92      	ldr	r2, [r2, #40]	@ 0x28
1000156e:	3001      	adds	r0, #1
10001570:	42a2      	cmp	r2, r4
10001572:	d2b5      	bcs.n	100014e0 <best_effort_wfe_or_timeout+0x68>
10001574:	e7c8      	b.n	10001508 <best_effort_wfe_or_timeout+0x90>
10001576:	42ba      	cmp	r2, r7
10001578:	d1f0      	bne.n	1000155c <best_effort_wfe_or_timeout+0xe4>
1000157a:	bf20      	wfe
1000157c:	e7ee      	b.n	1000155c <best_effort_wfe_or_timeout+0xe4>
1000157e:	46c0      	nop			@ (mov r8, r8)
10001580:	20001078 	.word	0x20001078
10001584:	20001080 	.word	0x20001080
10001588:	40054000 	.word	0x40054000
1000158c:	10000d5d 	.word	0x10000d5d

10001590 <timer_hardware_alarm_claim>:
10001590:	b510      	push	{r4, lr}
10001592:	4a02      	ldr	r2, [pc, #8]	@ (1000159c <timer_hardware_alarm_claim+0xc>)
10001594:	4802      	ldr	r0, [pc, #8]	@ (100015a0 <timer_hardware_alarm_claim+0x10>)
10001596:	f7ff f913 	bl	100007c0 <hw_claim_or_assert>
1000159a:	bd10      	pop	{r4, pc}
1000159c:	1000a2d8 	.word	0x1000a2d8
100015a0:	20001e2c 	.word	0x20001e2c

100015a4 <timer_time_us_64>:
100015a4:	0003      	movs	r3, r0
100015a6:	6a41      	ldr	r1, [r0, #36]	@ 0x24
100015a8:	000a      	movs	r2, r1
100015aa:	6a98      	ldr	r0, [r3, #40]	@ 0x28
100015ac:	6a59      	ldr	r1, [r3, #36]	@ 0x24
100015ae:	428a      	cmp	r2, r1
100015b0:	d1fa      	bne.n	100015a8 <timer_time_us_64+0x4>
100015b2:	4770      	bx	lr

100015b4 <time_us_64>:
100015b4:	4b03      	ldr	r3, [pc, #12]	@ (100015c4 <time_us_64+0x10>)
100015b6:	6a59      	ldr	r1, [r3, #36]	@ 0x24
100015b8:	000a      	movs	r2, r1
100015ba:	6a98      	ldr	r0, [r3, #40]	@ 0x28
100015bc:	6a59      	ldr	r1, [r3, #36]	@ 0x24
100015be:	4291      	cmp	r1, r2
100015c0:	d1fa      	bne.n	100015b8 <time_us_64+0x4>
100015c2:	4770      	bx	lr
100015c4:	40054000 	.word	0x40054000

100015c8 <busy_wait_until>:
100015c8:	4a06      	ldr	r2, [pc, #24]	@ (100015e4 <busy_wait_until+0x1c>)
100015ca:	6a53      	ldr	r3, [r2, #36]	@ 0x24
100015cc:	4299      	cmp	r1, r3
100015ce:	d8fc      	bhi.n	100015ca <busy_wait_until+0x2>
100015d0:	d107      	bne.n	100015e2 <busy_wait_until+0x1a>
100015d2:	4b04      	ldr	r3, [pc, #16]	@ (100015e4 <busy_wait_until+0x1c>)
100015d4:	e002      	b.n	100015dc <busy_wait_until+0x14>
100015d6:	6a5a      	ldr	r2, [r3, #36]	@ 0x24
100015d8:	4291      	cmp	r1, r2
100015da:	d102      	bne.n	100015e2 <busy_wait_until+0x1a>
100015dc:	6a9a      	ldr	r2, [r3, #40]	@ 0x28
100015de:	4282      	cmp	r2, r0
100015e0:	d3f9      	bcc.n	100015d6 <busy_wait_until+0xe>
100015e2:	4770      	bx	lr
100015e4:	40054000 	.word	0x40054000

100015e8 <clock_configure_int_divider>:
100015e8:	b5f8      	push	{r3, r4, r5, r6, r7, lr}
100015ea:	46de      	mov	lr, fp
100015ec:	464e      	mov	r6, r9
100015ee:	4657      	mov	r7, sl
100015f0:	4645      	mov	r5, r8
100015f2:	b5e0      	push	{r5, r6, r7, lr}
100015f4:	468b      	mov	fp, r1
100015f6:	0005      	movs	r5, r0
100015f8:	990a      	ldr	r1, [sp, #40]	@ 0x28
100015fa:	0018      	movs	r0, r3
100015fc:	0016      	movs	r6, r2
100015fe:	f000 fb3d 	bl	10001c7c <__wrap___aeabi_uidiv>
10001602:	9b0a      	ldr	r3, [sp, #40]	@ 0x28
10001604:	006c      	lsls	r4, r5, #1
10001606:	021f      	lsls	r7, r3, #8
10001608:	4b32      	ldr	r3, [pc, #200]	@ (100016d4 <clock_configure_int_divider+0xec>)
1000160a:	1964      	adds	r4, r4, r5
1000160c:	469c      	mov	ip, r3
1000160e:	00a4      	lsls	r4, r4, #2
10001610:	4464      	add	r4, ip
10001612:	6863      	ldr	r3, [r4, #4]
10001614:	4681      	mov	r9, r0
10001616:	429f      	cmp	r7, r3
10001618:	d900      	bls.n	1000161c <clock_configure_int_divider+0x34>
1000161a:	6067      	str	r7, [r4, #4]
1000161c:	1f2b      	subs	r3, r5, #4
1000161e:	b2db      	uxtb	r3, r3
10001620:	4698      	mov	r8, r3
10001622:	2b01      	cmp	r3, #1
10001624:	d930      	bls.n	10001688 <clock_configure_int_divider+0xa0>
10001626:	23c0      	movs	r3, #192	@ 0xc0
10001628:	2280      	movs	r2, #128	@ 0x80
1000162a:	019b      	lsls	r3, r3, #6
1000162c:	18e3      	adds	r3, r4, r3
1000162e:	0112      	lsls	r2, r2, #4
10001630:	601a      	str	r2, [r3, #0]
10001632:	4b29      	ldr	r3, [pc, #164]	@ (100016d8 <clock_configure_int_divider+0xf0>)
10001634:	00ad      	lsls	r5, r5, #2
10001636:	5959      	ldr	r1, [r3, r5]
10001638:	469a      	mov	sl, r3
1000163a:	2900      	cmp	r1, #0
1000163c:	d11b      	bne.n	10001676 <clock_configure_int_divider+0x8e>
1000163e:	0173      	lsls	r3, r6, #5
10001640:	26e0      	movs	r6, #224	@ 0xe0
10001642:	6822      	ldr	r2, [r4, #0]
10001644:	4053      	eors	r3, r2
10001646:	401e      	ands	r6, r3
10001648:	2380      	movs	r3, #128	@ 0x80
1000164a:	4642      	mov	r2, r8
1000164c:	015b      	lsls	r3, r3, #5
1000164e:	18e3      	adds	r3, r4, r3
10001650:	601e      	str	r6, [r3, #0]
10001652:	2a01      	cmp	r2, #1
10001654:	d930      	bls.n	100016b8 <clock_configure_int_divider+0xd0>
10001656:	2380      	movs	r3, #128	@ 0x80
10001658:	2280      	movs	r2, #128	@ 0x80
1000165a:	019b      	lsls	r3, r3, #6
1000165c:	18e3      	adds	r3, r4, r3
1000165e:	0112      	lsls	r2, r2, #4
10001660:	601a      	str	r2, [r3, #0]
10001662:	4653      	mov	r3, sl
10001664:	464a      	mov	r2, r9
10001666:	6067      	str	r7, [r4, #4]
10001668:	515a      	str	r2, [r3, r5]
1000166a:	bcf0      	pop	{r4, r5, r6, r7}
1000166c:	46bb      	mov	fp, r7
1000166e:	46b2      	mov	sl, r6
10001670:	46a9      	mov	r9, r5
10001672:	46a0      	mov	r8, r4
10001674:	bdf8      	pop	{r3, r4, r5, r6, r7, pc}
10001676:	6958      	ldr	r0, [r3, #20]
10001678:	f000 fb00 	bl	10001c7c <__wrap___aeabi_uidiv>
1000167c:	3001      	adds	r0, #1
1000167e:	0043      	lsls	r3, r0, #1
10001680:	181b      	adds	r3, r3, r0
10001682:	3b03      	subs	r3, #3
10001684:	d2fd      	bcs.n	10001682 <clock_configure_int_divider+0x9a>
10001686:	e7da      	b.n	1000163e <clock_configure_int_divider+0x56>
10001688:	465b      	mov	r3, fp
1000168a:	2b01      	cmp	r3, #1
1000168c:	d1cb      	bne.n	10001626 <clock_configure_int_divider+0x3e>
1000168e:	23c0      	movs	r3, #192	@ 0xc0
10001690:	2203      	movs	r2, #3
10001692:	019b      	lsls	r3, r3, #6
10001694:	18e3      	adds	r3, r4, r3
10001696:	601a      	str	r2, [r3, #0]
10001698:	3a02      	subs	r2, #2
1000169a:	68a3      	ldr	r3, [r4, #8]
1000169c:	421a      	tst	r2, r3
1000169e:	d0fc      	beq.n	1000169a <clock_configure_int_divider+0xb2>
100016a0:	0173      	lsls	r3, r6, #5
100016a2:	26e0      	movs	r6, #224	@ 0xe0
100016a4:	6822      	ldr	r2, [r4, #0]
100016a6:	00ad      	lsls	r5, r5, #2
100016a8:	4053      	eors	r3, r2
100016aa:	401e      	ands	r6, r3
100016ac:	2380      	movs	r3, #128	@ 0x80
100016ae:	4a0a      	ldr	r2, [pc, #40]	@ (100016d8 <clock_configure_int_divider+0xf0>)
100016b0:	015b      	lsls	r3, r3, #5
100016b2:	4692      	mov	sl, r2
100016b4:	18e3      	adds	r3, r4, r3
100016b6:	601e      	str	r6, [r3, #0]
100016b8:	465a      	mov	r2, fp
100016ba:	6821      	ldr	r1, [r4, #0]
100016bc:	4051      	eors	r1, r2
100016be:	2203      	movs	r2, #3
100016c0:	400a      	ands	r2, r1
100016c2:	601a      	str	r2, [r3, #0]
100016c4:	2201      	movs	r2, #1
100016c6:	465b      	mov	r3, fp
100016c8:	409a      	lsls	r2, r3
100016ca:	68a3      	ldr	r3, [r4, #8]
100016cc:	421a      	tst	r2, r3
100016ce:	d0fc      	beq.n	100016ca <clock_configure_int_divider+0xe2>
100016d0:	e7c1      	b.n	10001656 <clock_configure_int_divider+0x6e>
100016d2:	46c0      	nop			@ (mov r8, r8)
100016d4:	40008000 	.word	0x40008000
100016d8:	20001e30 	.word	0x20001e30

100016dc <clock_configure_undivided>:
100016dc:	b5f0      	push	{r4, r5, r6, r7, lr}
100016de:	4646      	mov	r6, r8
100016e0:	464f      	mov	r7, r9
100016e2:	46d6      	mov	lr, sl
100016e4:	b5c0      	push	{r6, r7, lr}
100016e6:	001f      	movs	r7, r3
100016e8:	4b34      	ldr	r3, [pc, #208]	@ (100017bc <clock_configure_undivided+0xe0>)
100016ea:	0044      	lsls	r4, r0, #1
100016ec:	469c      	mov	ip, r3
100016ee:	1824      	adds	r4, r4, r0
100016f0:	00a4      	lsls	r4, r4, #2
100016f2:	4464      	add	r4, ip
100016f4:	6863      	ldr	r3, [r4, #4]
100016f6:	4688      	mov	r8, r1
100016f8:	0016      	movs	r6, r2
100016fa:	2bff      	cmp	r3, #255	@ 0xff
100016fc:	d802      	bhi.n	10001704 <clock_configure_undivided+0x28>
100016fe:	2380      	movs	r3, #128	@ 0x80
10001700:	005b      	lsls	r3, r3, #1
10001702:	6063      	str	r3, [r4, #4]
10001704:	1f03      	subs	r3, r0, #4
10001706:	b2db      	uxtb	r3, r3
10001708:	469a      	mov	sl, r3
1000170a:	2b01      	cmp	r3, #1
1000170c:	d930      	bls.n	10001770 <clock_configure_undivided+0x94>
1000170e:	23c0      	movs	r3, #192	@ 0xc0
10001710:	2280      	movs	r2, #128	@ 0x80
10001712:	019b      	lsls	r3, r3, #6
10001714:	18e3      	adds	r3, r4, r3
10001716:	0112      	lsls	r2, r2, #4
10001718:	601a      	str	r2, [r3, #0]
1000171a:	4b29      	ldr	r3, [pc, #164]	@ (100017c0 <clock_configure_undivided+0xe4>)
1000171c:	0085      	lsls	r5, r0, #2
1000171e:	5959      	ldr	r1, [r3, r5]
10001720:	4699      	mov	r9, r3
10001722:	2900      	cmp	r1, #0
10001724:	d11b      	bne.n	1000175e <clock_configure_undivided+0x82>
10001726:	0173      	lsls	r3, r6, #5
10001728:	26e0      	movs	r6, #224	@ 0xe0
1000172a:	6822      	ldr	r2, [r4, #0]
1000172c:	4053      	eors	r3, r2
1000172e:	401e      	ands	r6, r3
10001730:	2380      	movs	r3, #128	@ 0x80
10001732:	4652      	mov	r2, sl
10001734:	015b      	lsls	r3, r3, #5
10001736:	18e3      	adds	r3, r4, r3
10001738:	601e      	str	r6, [r3, #0]
1000173a:	2a01      	cmp	r2, #1
1000173c:	d930      	bls.n	100017a0 <clock_configure_undivided+0xc4>
1000173e:	2380      	movs	r3, #128	@ 0x80
10001740:	2280      	movs	r2, #128	@ 0x80
10001742:	019b      	lsls	r3, r3, #6
10001744:	18e3      	adds	r3, r4, r3
10001746:	0112      	lsls	r2, r2, #4
10001748:	601a      	str	r2, [r3, #0]
1000174a:	2380      	movs	r3, #128	@ 0x80
1000174c:	005b      	lsls	r3, r3, #1
1000174e:	6063      	str	r3, [r4, #4]
10001750:	464b      	mov	r3, r9
10001752:	515f      	str	r7, [r3, r5]
10001754:	bce0      	pop	{r5, r6, r7}
10001756:	46ba      	mov	sl, r7
10001758:	46b1      	mov	r9, r6
1000175a:	46a8      	mov	r8, r5
1000175c:	bdf0      	pop	{r4, r5, r6, r7, pc}
1000175e:	6958      	ldr	r0, [r3, #20]
10001760:	f000 fa8c 	bl	10001c7c <__wrap___aeabi_uidiv>
10001764:	3001      	adds	r0, #1
10001766:	0043      	lsls	r3, r0, #1
10001768:	181b      	adds	r3, r3, r0
1000176a:	3b03      	subs	r3, #3
1000176c:	d2fd      	bcs.n	1000176a <clock_configure_undivided+0x8e>
1000176e:	e7da      	b.n	10001726 <clock_configure_undivided+0x4a>
10001770:	4643      	mov	r3, r8
10001772:	2b01      	cmp	r3, #1
10001774:	d1cb      	bne.n	1000170e <clock_configure_undivided+0x32>
10001776:	23c0      	movs	r3, #192	@ 0xc0
10001778:	2203      	movs	r2, #3
1000177a:	019b      	lsls	r3, r3, #6
1000177c:	18e3      	adds	r3, r4, r3
1000177e:	601a      	str	r2, [r3, #0]
10001780:	3a02      	subs	r2, #2
10001782:	68a3      	ldr	r3, [r4, #8]
10001784:	421a      	tst	r2, r3
10001786:	d0fc      	beq.n	10001782 <clock_configure_undivided+0xa6>
10001788:	0173      	lsls	r3, r6, #5
1000178a:	26e0      	movs	r6, #224	@ 0xe0
1000178c:	6822      	ldr	r2, [r4, #0]
1000178e:	0085      	lsls	r5, r0, #2
10001790:	4053      	eors	r3, r2
10001792:	401e      	ands	r6, r3
10001794:	2380      	movs	r3, #128	@ 0x80
10001796:	4a0a      	ldr	r2, [pc, #40]	@ (100017c0 <clock_configure_undivided+0xe4>)
10001798:	015b      	lsls	r3, r3, #5
1000179a:	4691      	mov	r9, r2
1000179c:	18e3      	adds	r3, r4, r3
1000179e:	601e      	str	r6, [r3, #0]
100017a0:	4642      	mov	r2, r8
100017a2:	6821      	ldr	r1, [r4, #0]
100017a4:	4051      	eors	r1, r2
100017a6:	2203      	movs	r2, #3
100017a8:	400a      	ands	r2, r1
100017aa:	601a      	str	r2, [r3, #0]
100017ac:	2301      	movs	r3, #1
100017ae:	4642      	mov	r2, r8
100017b0:	4093      	lsls	r3, r2
100017b2:	68a2      	ldr	r2, [r4, #8]
100017b4:	4213      	tst	r3, r2
100017b6:	d0fc      	beq.n	100017b2 <clock_configure_undivided+0xd6>
100017b8:	e7c1      	b.n	1000173e <clock_configure_undivided+0x62>
100017ba:	46c0      	nop			@ (mov r8, r8)
100017bc:	40008000 	.word	0x40008000
100017c0:	20001e30 	.word	0x20001e30

100017c4 <clock_get_hz>:
100017c4:	4b01      	ldr	r3, [pc, #4]	@ (100017cc <clock_get_hz+0x8>)
100017c6:	0080      	lsls	r0, r0, #2
100017c8:	58c0      	ldr	r0, [r0, r3]
100017ca:	4770      	bx	lr
100017cc:	20001e30 	.word	0x20001e30

100017d0 <pll_init>:
100017d0:	b5f8      	push	{r3, r4, r5, r6, r7, lr}
100017d2:	0004      	movs	r4, r0
100017d4:	4821      	ldr	r0, [pc, #132]	@ (1000185c <pll_init+0x8c>)
100017d6:	001e      	movs	r6, r3
100017d8:	0017      	movs	r7, r2
100017da:	000d      	movs	r5, r1
100017dc:	f000 fa4e 	bl	10001c7c <__wrap___aeabi_uidiv>
100017e0:	0001      	movs	r1, r0
100017e2:	0038      	movs	r0, r7
100017e4:	f000 fa4a 	bl	10001c7c <__wrap___aeabi_uidiv>
100017e8:	9b06      	ldr	r3, [sp, #24]
100017ea:	0436      	lsls	r6, r6, #16
100017ec:	031b      	lsls	r3, r3, #12
100017ee:	431e      	orrs	r6, r3
100017f0:	6823      	ldr	r3, [r4, #0]
100017f2:	2b00      	cmp	r3, #0
100017f4:	db20      	blt.n	10001838 <pll_init+0x68>
100017f6:	4b1a      	ldr	r3, [pc, #104]	@ (10001860 <pll_init+0x90>)
100017f8:	491a      	ldr	r1, [pc, #104]	@ (10001864 <pll_init+0x94>)
100017fa:	18e3      	adds	r3, r4, r3
100017fc:	1e5a      	subs	r2, r3, #1
100017fe:	4193      	sbcs	r3, r2
10001800:	2280      	movs	r2, #128	@ 0x80
10001802:	0192      	lsls	r2, r2, #6
10001804:	4694      	mov	ip, r2
10001806:	425b      	negs	r3, r3
10001808:	0b1b      	lsrs	r3, r3, #12
1000180a:	4a17      	ldr	r2, [pc, #92]	@ (10001868 <pll_init+0x98>)
1000180c:	031b      	lsls	r3, r3, #12
1000180e:	4463      	add	r3, ip
10001810:	6013      	str	r3, [r2, #0]
10001812:	4a16      	ldr	r2, [pc, #88]	@ (1000186c <pll_init+0x9c>)
10001814:	6013      	str	r3, [r2, #0]
10001816:	001f      	movs	r7, r3
10001818:	680a      	ldr	r2, [r1, #0]
1000181a:	4397      	bics	r7, r2
1000181c:	d1fb      	bne.n	10001816 <pll_init+0x46>
1000181e:	4b14      	ldr	r3, [pc, #80]	@ (10001870 <pll_init+0xa0>)
10001820:	6025      	str	r5, [r4, #0]
10001822:	18e2      	adds	r2, r4, r3
10001824:	2321      	movs	r3, #33	@ 0x21
10001826:	60a0      	str	r0, [r4, #8]
10001828:	6013      	str	r3, [r2, #0]
1000182a:	6823      	ldr	r3, [r4, #0]
1000182c:	2b00      	cmp	r3, #0
1000182e:	dafc      	bge.n	1000182a <pll_init+0x5a>
10001830:	2308      	movs	r3, #8
10001832:	60e6      	str	r6, [r4, #12]
10001834:	6013      	str	r3, [r2, #0]
10001836:	bdf8      	pop	{r3, r4, r5, r6, r7, pc}
10001838:	233f      	movs	r3, #63	@ 0x3f
1000183a:	6822      	ldr	r2, [r4, #0]
1000183c:	4013      	ands	r3, r2
1000183e:	42ab      	cmp	r3, r5
10001840:	d1d9      	bne.n	100017f6 <pll_init+0x26>
10001842:	68a3      	ldr	r3, [r4, #8]
10001844:	051b      	lsls	r3, r3, #20
10001846:	0d1b      	lsrs	r3, r3, #20
10001848:	4283      	cmp	r3, r0
1000184a:	d1d4      	bne.n	100017f6 <pll_init+0x26>
1000184c:	22ee      	movs	r2, #238	@ 0xee
1000184e:	68e3      	ldr	r3, [r4, #12]
10001850:	02d2      	lsls	r2, r2, #11
10001852:	4013      	ands	r3, r2
10001854:	42b3      	cmp	r3, r6
10001856:	d1ce      	bne.n	100017f6 <pll_init+0x26>
10001858:	e7ed      	b.n	10001836 <pll_init+0x66>
1000185a:	46c0      	nop			@ (mov r8, r8)
1000185c:	00b71b00 	.word	0x00b71b00
10001860:	bffd4000 	.word	0xbffd4000
10001864:	4000c008 	.word	0x4000c008
10001868:	4000e000 	.word	0x4000e000
1000186c:	4000f000 	.word	0x4000f000
10001870:	00003004 	.word	0x00003004

10001874 <watchdog_reboot>:
10001874:	b510      	push	{r4, lr}
10001876:	2480      	movs	r4, #128	@ 0x80
10001878:	4b1c      	ldr	r3, [pc, #112]	@ (100018ec <watchdog_reboot+0x78>)
1000187a:	05e4      	lsls	r4, r4, #23
1000187c:	601c      	str	r4, [r3, #0]
1000187e:	2800      	cmp	r0, #0
10001880:	d01a      	beq.n	100018b8 <watchdog_reboot+0x44>
10001882:	2301      	movs	r3, #1
10001884:	4c1a      	ldr	r4, [pc, #104]	@ (100018f0 <watchdog_reboot+0x7c>)
10001886:	4318      	orrs	r0, r3
10001888:	4b1a      	ldr	r3, [pc, #104]	@ (100018f4 <watchdog_reboot+0x80>)
1000188a:	61dc      	str	r4, [r3, #28]
1000188c:	4c1a      	ldr	r4, [pc, #104]	@ (100018f8 <watchdog_reboot+0x84>)
1000188e:	4044      	eors	r4, r0
10001890:	621c      	str	r4, [r3, #32]
10001892:	6259      	str	r1, [r3, #36]	@ 0x24
10001894:	6298      	str	r0, [r3, #40]	@ 0x28
10001896:	2180      	movs	r1, #128	@ 0x80
10001898:	4b14      	ldr	r3, [pc, #80]	@ (100018ec <watchdog_reboot+0x78>)
1000189a:	05c9      	lsls	r1, r1, #23
1000189c:	6019      	str	r1, [r3, #0]
1000189e:	4817      	ldr	r0, [pc, #92]	@ (100018fc <watchdog_reboot+0x88>)
100018a0:	4917      	ldr	r1, [pc, #92]	@ (10001900 <watchdog_reboot+0x8c>)
100018a2:	6008      	str	r0, [r1, #0]
100018a4:	21e0      	movs	r1, #224	@ 0xe0
100018a6:	04c9      	lsls	r1, r1, #19
100018a8:	6019      	str	r1, [r3, #0]
100018aa:	2a00      	cmp	r2, #0
100018ac:	d107      	bne.n	100018be <watchdog_reboot+0x4a>
100018ae:	2280      	movs	r2, #128	@ 0x80
100018b0:	4b14      	ldr	r3, [pc, #80]	@ (10001904 <watchdog_reboot+0x90>)
100018b2:	0612      	lsls	r2, r2, #24
100018b4:	601a      	str	r2, [r3, #0]
100018b6:	bd10      	pop	{r4, pc}
100018b8:	4b0e      	ldr	r3, [pc, #56]	@ (100018f4 <watchdog_reboot+0x80>)
100018ba:	61d8      	str	r0, [r3, #28]
100018bc:	e7eb      	b.n	10001896 <watchdog_reboot+0x22>
100018be:	0153      	lsls	r3, r2, #5
100018c0:	1a9b      	subs	r3, r3, r2
100018c2:	009b      	lsls	r3, r3, #2
100018c4:	189a      	adds	r2, r3, r2
100018c6:	2380      	movs	r3, #128	@ 0x80
100018c8:	0112      	lsls	r2, r2, #4
100018ca:	045b      	lsls	r3, r3, #17
100018cc:	429a      	cmp	r2, r3
100018ce:	d209      	bcs.n	100018e4 <watchdog_reboot+0x70>
100018d0:	0013      	movs	r3, r2
100018d2:	490d      	ldr	r1, [pc, #52]	@ (10001908 <watchdog_reboot+0x94>)
100018d4:	600b      	str	r3, [r1, #0]
100018d6:	4b07      	ldr	r3, [pc, #28]	@ (100018f4 <watchdog_reboot+0x80>)
100018d8:	605a      	str	r2, [r3, #4]
100018da:	2280      	movs	r2, #128	@ 0x80
100018dc:	4b09      	ldr	r3, [pc, #36]	@ (10001904 <watchdog_reboot+0x90>)
100018de:	05d2      	lsls	r2, r2, #23
100018e0:	601a      	str	r2, [r3, #0]
100018e2:	e7e8      	b.n	100018b6 <watchdog_reboot+0x42>
100018e4:	4b09      	ldr	r3, [pc, #36]	@ (1000190c <watchdog_reboot+0x98>)
100018e6:	001a      	movs	r2, r3
100018e8:	e7f3      	b.n	100018d2 <watchdog_reboot+0x5e>
100018ea:	46c0      	nop			@ (mov r8, r8)
100018ec:	4005b000 	.word	0x4005b000
100018f0:	b007c0d3 	.word	0xb007c0d3
100018f4:	40058000 	.word	0x40058000
100018f8:	4ff83f2d 	.word	0x4ff83f2d
100018fc:	0001fffc 	.word	0x0001fffc
10001900:	40012008 	.word	0x40012008
10001904:	4005a000 	.word	0x4005a000
10001908:	20002294 	.word	0x20002294
1000190c:	00ffffff 	.word	0x00ffffff

10001910 <tick_start>:
10001910:	2380      	movs	r3, #128	@ 0x80
10001912:	4a02      	ldr	r2, [pc, #8]	@ (1000191c <tick_start+0xc>)
10001914:	009b      	lsls	r3, r3, #2
10001916:	430b      	orrs	r3, r1
10001918:	62d3      	str	r3, [r2, #44]	@ 0x2c
1000191a:	4770      	bx	lr
1000191c:	40058000 	.word	0x40058000

10001920 <rom_func_lookup>:
10001920:	2314      	movs	r3, #20
10001922:	b510      	push	{r4, lr}
10001924:	0001      	movs	r1, r0
10001926:	8818      	ldrh	r0, [r3, #0]
10001928:	3304      	adds	r3, #4
1000192a:	881b      	ldrh	r3, [r3, #0]
1000192c:	4798      	blx	r3
1000192e:	bd10      	pop	{r4, pc}

10001930 <rom_data_lookup>:
10001930:	2316      	movs	r3, #22
10001932:	b510      	push	{r4, lr}
10001934:	0001      	movs	r1, r0
10001936:	8818      	ldrh	r0, [r3, #0]
10001938:	3302      	adds	r3, #2
1000193a:	881b      	ldrh	r3, [r3, #0]
1000193c:	4798      	blx	r3
1000193e:	bd10      	pop	{r4, pc}

10001940 <rom_funcs_lookup>:
10001940:	b5f8      	push	{r3, r4, r5, r6, r7, lr}
10001942:	4647      	mov	r7, r8
10001944:	46ce      	mov	lr, r9
10001946:	b580      	push	{r7, lr}
10001948:	1e0f      	subs	r7, r1, #0
1000194a:	d019      	beq.n	10001980 <rom_funcs_lookup+0x40>
1000194c:	2314      	movs	r3, #20
1000194e:	4699      	mov	r9, r3
10001950:	3304      	adds	r3, #4
10001952:	0004      	movs	r4, r0
10001954:	2500      	movs	r5, #0
10001956:	2601      	movs	r6, #1
10001958:	4698      	mov	r8, r3
1000195a:	464b      	mov	r3, r9
1000195c:	8818      	ldrh	r0, [r3, #0]
1000195e:	4643      	mov	r3, r8
10001960:	6821      	ldr	r1, [r4, #0]
10001962:	881b      	ldrh	r3, [r3, #0]
10001964:	4798      	blx	r3
10001966:	c401      	stmia	r4!, {r0}
10001968:	1e43      	subs	r3, r0, #1
1000196a:	4198      	sbcs	r0, r3
1000196c:	3501      	adds	r5, #1
1000196e:	4240      	negs	r0, r0
10001970:	4006      	ands	r6, r0
10001972:	42af      	cmp	r7, r5
10001974:	d1f1      	bne.n	1000195a <rom_funcs_lookup+0x1a>
10001976:	0030      	movs	r0, r6
10001978:	bcc0      	pop	{r6, r7}
1000197a:	46b9      	mov	r9, r7
1000197c:	46b0      	mov	r8, r6
1000197e:	bdf8      	pop	{r3, r4, r5, r6, r7, pc}
10001980:	2601      	movs	r6, #1
10001982:	e7f8      	b.n	10001976 <rom_funcs_lookup+0x36>

10001984 <rom_reset_usb_boot_extra>:
10001984:	2314      	movs	r3, #20
10001986:	b570      	push	{r4, r5, r6, lr}
10001988:	0004      	movs	r4, r0
1000198a:	8818      	ldrh	r0, [r3, #0]
1000198c:	3304      	adds	r3, #4
1000198e:	881b      	ldrh	r3, [r3, #0]
10001990:	000d      	movs	r5, r1
10001992:	4905      	ldr	r1, [pc, #20]	@ (100019a8 <rom_reset_usb_boot_extra+0x24>)
10001994:	4798      	blx	r3
10001996:	0003      	movs	r3, r0
10001998:	2000      	movs	r0, #0
1000199a:	2c00      	cmp	r4, #0
1000199c:	db01      	blt.n	100019a2 <rom_reset_usb_boot_extra+0x1e>
1000199e:	3001      	adds	r0, #1
100019a0:	40a0      	lsls	r0, r4
100019a2:	0029      	movs	r1, r5
100019a4:	4798      	blx	r3
100019a6:	46c0      	nop			@ (mov r8, r8)
100019a8:	00004255 	.word	0x00004255

100019ac <xosc_init>:
100019ac:	23aa      	movs	r3, #170	@ 0xaa
100019ae:	4a06      	ldr	r2, [pc, #24]	@ (100019c8 <xosc_init+0x1c>)
100019b0:	011b      	lsls	r3, r3, #4
100019b2:	6013      	str	r3, [r2, #0]
100019b4:	238d      	movs	r3, #141	@ 0x8d
100019b6:	005b      	lsls	r3, r3, #1
100019b8:	60d3      	str	r3, [r2, #12]
100019ba:	4904      	ldr	r1, [pc, #16]	@ (100019cc <xosc_init+0x20>)
100019bc:	4b04      	ldr	r3, [pc, #16]	@ (100019d0 <xosc_init+0x24>)
100019be:	6019      	str	r1, [r3, #0]
100019c0:	6853      	ldr	r3, [r2, #4]
100019c2:	2b00      	cmp	r3, #0
100019c4:	dafc      	bge.n	100019c0 <xosc_init+0x14>
100019c6:	4770      	bx	lr
100019c8:	40024000 	.word	0x40024000
100019cc:	00fab000 	.word	0x00fab000
100019d0:	40026000 	.word	0x40026000

100019d4 <first_per_core_initializer>:
100019d4:	4770      	bx	lr
100019d6:	46c0      	nop			@ (mov r8, r8)

100019d8 <hard_assertion_failure>:
100019d8:	b510      	push	{r4, lr}
100019da:	4801      	ldr	r0, [pc, #4]	@ (100019e0 <hard_assertion_failure+0x8>)
100019dc:	f7fe fed8 	bl	10000790 <panic>
100019e0:	1000a2fc 	.word	0x1000a2fc

100019e4 <runtime_run_initializers>:
100019e4:	b570      	push	{r4, r5, r6, lr}
100019e6:	4d07      	ldr	r5, [pc, #28]	@ (10001a04 <runtime_run_initializers+0x20>)
100019e8:	4e07      	ldr	r6, [pc, #28]	@ (10001a08 <runtime_run_initializers+0x24>)
100019ea:	42b5      	cmp	r5, r6
100019ec:	d209      	bcs.n	10001a02 <runtime_run_initializers+0x1e>
100019ee:	2400      	movs	r4, #0
100019f0:	3e01      	subs	r6, #1
100019f2:	1b76      	subs	r6, r6, r5
100019f4:	08b6      	lsrs	r6, r6, #2
100019f6:	cd08      	ldmia	r5!, {r3}
100019f8:	4798      	blx	r3
100019fa:	0023      	movs	r3, r4
100019fc:	3401      	adds	r4, #1
100019fe:	42b3      	cmp	r3, r6
10001a00:	d1f9      	bne.n	100019f6 <runtime_run_initializers+0x12>
10001a02:	bd70      	pop	{r4, r5, r6, pc}
10001a04:	1000a150 	.word	0x1000a150
10001a08:	1000a190 	.word	0x1000a190

10001a0c <runtime_init_early_resets>:
10001a0c:	4b05      	ldr	r3, [pc, #20]	@ (10001a24 <runtime_init_early_resets+0x18>)
10001a0e:	4a06      	ldr	r2, [pc, #24]	@ (10001a28 <runtime_init_early_resets+0x1c>)
10001a10:	4906      	ldr	r1, [pc, #24]	@ (10001a2c <runtime_init_early_resets+0x20>)
10001a12:	601a      	str	r2, [r3, #0]
10001a14:	4a06      	ldr	r2, [pc, #24]	@ (10001a30 <runtime_init_early_resets+0x24>)
10001a16:	4b07      	ldr	r3, [pc, #28]	@ (10001a34 <runtime_init_early_resets+0x28>)
10001a18:	601a      	str	r2, [r3, #0]
10001a1a:	0010      	movs	r0, r2
10001a1c:	680b      	ldr	r3, [r1, #0]
10001a1e:	4398      	bics	r0, r3
10001a20:	d1fb      	bne.n	10001a1a <runtime_init_early_resets+0xe>
10001a22:	4770      	bx	lr
10001a24:	4000e000 	.word	0x4000e000
10001a28:	fefbcdbf 	.word	0xfefbcdbf
10001a2c:	4000c008 	.word	0x4000c008
10001a30:	003c7ffe 	.word	0x003c7ffe
10001a34:	4000f000 	.word	0x4000f000

10001a38 <runtime_init_usb_power_down>:
10001a38:	4b04      	ldr	r3, [pc, #16]	@ (10001a4c <runtime_init_usb_power_down+0x14>)
10001a3a:	6cdb      	ldr	r3, [r3, #76]	@ 0x4c
10001a3c:	2b00      	cmp	r3, #0
10001a3e:	d103      	bne.n	10001a48 <runtime_init_usb_power_down+0x10>
10001a40:	2280      	movs	r2, #128	@ 0x80
10001a42:	4b03      	ldr	r3, [pc, #12]	@ (10001a50 <runtime_init_usb_power_down+0x18>)
10001a44:	02d2      	lsls	r2, r2, #11
10001a46:	601a      	str	r2, [r3, #0]
10001a48:	4770      	bx	lr
10001a4a:	46c0      	nop			@ (mov r8, r8)
10001a4c:	50110000 	.word	0x50110000
10001a50:	5011204c 	.word	0x5011204c

10001a54 <runtime_init_post_clock_resets>:
10001a54:	4a04      	ldr	r2, [pc, #16]	@ (10001a68 <runtime_init_post_clock_resets+0x14>)
10001a56:	4b05      	ldr	r3, [pc, #20]	@ (10001a6c <runtime_init_post_clock_resets+0x18>)
10001a58:	601a      	str	r2, [r3, #0]
10001a5a:	4a05      	ldr	r2, [pc, #20]	@ (10001a70 <runtime_init_post_clock_resets+0x1c>)
10001a5c:	6813      	ldr	r3, [r2, #0]
10001a5e:	01db      	lsls	r3, r3, #7
10001a60:	3380      	adds	r3, #128	@ 0x80
10001a62:	d1fb      	bne.n	10001a5c <runtime_init_post_clock_resets+0x8>
10001a64:	4770      	bx	lr
10001a66:	46c0      	nop			@ (mov r8, r8)
10001a68:	01ffffff 	.word	0x01ffffff
10001a6c:	4000f000 	.word	0x4000f000
10001a70:	4000c008 	.word	0x4000c008

10001a74 <runtime_init_rp2040_gpio_ie_disable>:
10001a74:	2240      	movs	r2, #64	@ 0x40
10001a76:	4b03      	ldr	r3, [pc, #12]	@ (10001a84 <runtime_init_rp2040_gpio_ie_disable+0x10>)
10001a78:	679a      	str	r2, [r3, #120]	@ 0x78
10001a7a:	675a      	str	r2, [r3, #116]	@ 0x74
10001a7c:	671a      	str	r2, [r3, #112]	@ 0x70
10001a7e:	66da      	str	r2, [r3, #108]	@ 0x6c
10001a80:	4770      	bx	lr
10001a82:	46c0      	nop			@ (mov r8, r8)
10001a84:	4001f000 	.word	0x4001f000

10001a88 <runtime_init_spin_locks_reset>:
10001a88:	b510      	push	{r4, lr}
10001a8a:	f7fe ff27 	bl	100008dc <spin_locks_reset>
10001a8e:	bd10      	pop	{r4, pc}

10001a90 <runtime_init_install_ram_vector_table>:
10001a90:	b5f8      	push	{r3, r4, r5, r6, r7, lr}
10001a92:	4927      	ldr	r1, [pc, #156]	@ (10001b30 <runtime_init_install_ram_vector_table+0xa0>)
10001a94:	4c27      	ldr	r4, [pc, #156]	@ (10001b34 <runtime_init_install_ram_vector_table+0xa4>)
10001a96:	4d28      	ldr	r5, [pc, #160]	@ (10001b38 <runtime_init_install_ram_vector_table+0xa8>)
10001a98:	1a64      	subs	r4, r4, r1
10001a9a:	08a4      	lsrs	r4, r4, #2
10001a9c:	0022      	movs	r2, r4
10001a9e:	2c30      	cmp	r4, #48	@ 0x30
10001aa0:	d900      	bls.n	10001aa4 <runtime_init_install_ram_vector_table+0x14>
10001aa2:	2230      	movs	r2, #48	@ 0x30
10001aa4:	0028      	movs	r0, r5
10001aa6:	0092      	lsls	r2, r2, #2
10001aa8:	f000 fd6a 	bl	10002580 <__wrap___aeabi_memcpy>
10001aac:	2c2f      	cmp	r4, #47	@ 0x2f
10001aae:	d83b      	bhi.n	10001b28 <runtime_init_install_ram_vector_table+0x98>
10001ab0:	2030      	movs	r0, #48	@ 0x30
10001ab2:	212f      	movs	r1, #47	@ 0x2f
10001ab4:	00a7      	lsls	r7, r4, #2
10001ab6:	19eb      	adds	r3, r5, r7
10001ab8:	075b      	lsls	r3, r3, #29
10001aba:	4a20      	ldr	r2, [pc, #128]	@ (10001b3c <runtime_init_install_ram_vector_table+0xac>)
10001abc:	1b00      	subs	r0, r0, r4
10001abe:	0fdb      	lsrs	r3, r3, #31
10001ac0:	1b09      	subs	r1, r1, r4
10001ac2:	2905      	cmp	r1, #5
10001ac4:	d916      	bls.n	10001af4 <runtime_init_install_ram_vector_table+0x64>
10001ac6:	0026      	movs	r6, r4
10001ac8:	2b00      	cmp	r3, #0
10001aca:	d001      	beq.n	10001ad0 <runtime_init_install_ram_vector_table+0x40>
10001acc:	51ea      	str	r2, [r5, r7]
10001ace:	1c66      	adds	r6, r4, #1
10001ad0:	1ac0      	subs	r0, r0, r3
10001ad2:	18e3      	adds	r3, r4, r3
10001ad4:	009b      	lsls	r3, r3, #2
10001ad6:	0841      	lsrs	r1, r0, #1
10001ad8:	18eb      	adds	r3, r5, r3
10001ada:	00c9      	lsls	r1, r1, #3
10001adc:	18c9      	adds	r1, r1, r3
10001ade:	601a      	str	r2, [r3, #0]
10001ae0:	605a      	str	r2, [r3, #4]
10001ae2:	3308      	adds	r3, #8
10001ae4:	428b      	cmp	r3, r1
10001ae6:	d1fa      	bne.n	10001ade <runtime_init_install_ram_vector_table+0x4e>
10001ae8:	2301      	movs	r3, #1
10001aea:	4203      	tst	r3, r0
10001aec:	d01c      	beq.n	10001b28 <runtime_init_install_ram_vector_table+0x98>
10001aee:	4398      	bics	r0, r3
10001af0:	1984      	adds	r4, r0, r6
10001af2:	00a7      	lsls	r7, r4, #2
10001af4:	51ea      	str	r2, [r5, r7]
10001af6:	1c63      	adds	r3, r4, #1
10001af8:	2c2f      	cmp	r4, #47	@ 0x2f
10001afa:	d015      	beq.n	10001b28 <runtime_init_install_ram_vector_table+0x98>
10001afc:	009b      	lsls	r3, r3, #2
10001afe:	50ea      	str	r2, [r5, r3]
10001b00:	1ca3      	adds	r3, r4, #2
10001b02:	2c2e      	cmp	r4, #46	@ 0x2e
10001b04:	d010      	beq.n	10001b28 <runtime_init_install_ram_vector_table+0x98>
10001b06:	009b      	lsls	r3, r3, #2
10001b08:	50ea      	str	r2, [r5, r3]
10001b0a:	1ce3      	adds	r3, r4, #3
10001b0c:	2c2d      	cmp	r4, #45	@ 0x2d
10001b0e:	d00b      	beq.n	10001b28 <runtime_init_install_ram_vector_table+0x98>
10001b10:	009b      	lsls	r3, r3, #2
10001b12:	50ea      	str	r2, [r5, r3]
10001b14:	1d23      	adds	r3, r4, #4
10001b16:	2c2c      	cmp	r4, #44	@ 0x2c
10001b18:	d006      	beq.n	10001b28 <runtime_init_install_ram_vector_table+0x98>
10001b1a:	009b      	lsls	r3, r3, #2
10001b1c:	50ea      	str	r2, [r5, r3]
10001b1e:	1d63      	adds	r3, r4, #5
10001b20:	2c2b      	cmp	r4, #43	@ 0x2b
10001b22:	d001      	beq.n	10001b28 <runtime_init_install_ram_vector_table+0x98>
10001b24:	009b      	lsls	r3, r3, #2
10001b26:	50ea      	str	r2, [r5, r3]
10001b28:	4b05      	ldr	r3, [pc, #20]	@ (10001b40 <runtime_init_install_ram_vector_table+0xb0>)
10001b2a:	609d      	str	r5, [r3, #8]
10001b2c:	bdf8      	pop	{r3, r4, r5, r6, r7, pc}
10001b2e:	46c0      	nop			@ (mov r8, r8)
10001b30:	10000100 	.word	0x10000100
10001b34:	100001c0 	.word	0x100001c0
10001b38:	20000000 	.word	0x20000000
10001b3c:	100001c1 	.word	0x100001c1
10001b40:	e000ed00 	.word	0xe000ed00

10001b44 <runtime_init_clocks>:
10001b44:	2300      	movs	r3, #0
10001b46:	b510      	push	{r4, lr}
10001b48:	4c29      	ldr	r4, [pc, #164]	@ (10001bf0 <runtime_init_clocks+0xac>)
10001b4a:	b082      	sub	sp, #8
10001b4c:	67a3      	str	r3, [r4, #120]	@ 0x78
10001b4e:	f7ff ff2d 	bl	100019ac <xosc_init>
10001b52:	2201      	movs	r2, #1
10001b54:	4b27      	ldr	r3, [pc, #156]	@ (10001bf4 <runtime_init_clocks+0xb0>)
10001b56:	601a      	str	r2, [r3, #0]
10001b58:	6c63      	ldr	r3, [r4, #68]	@ 0x44
10001b5a:	2b01      	cmp	r3, #1
10001b5c:	d1fc      	bne.n	10001b58 <runtime_init_clocks+0x14>
10001b5e:	2203      	movs	r2, #3
10001b60:	4b25      	ldr	r3, [pc, #148]	@ (10001bf8 <runtime_init_clocks+0xb4>)
10001b62:	601a      	str	r2, [r3, #0]
10001b64:	4a22      	ldr	r2, [pc, #136]	@ (10001bf0 <runtime_init_clocks+0xac>)
10001b66:	6b93      	ldr	r3, [r2, #56]	@ 0x38
10001b68:	2b01      	cmp	r3, #1
10001b6a:	d1fc      	bne.n	10001b66 <runtime_init_clocks+0x22>
10001b6c:	3301      	adds	r3, #1
10001b6e:	9300      	str	r3, [sp, #0]
10001b70:	2101      	movs	r1, #1
10001b72:	4a22      	ldr	r2, [pc, #136]	@ (10001bfc <runtime_init_clocks+0xb8>)
10001b74:	4822      	ldr	r0, [pc, #136]	@ (10001c00 <runtime_init_clocks+0xbc>)
10001b76:	3304      	adds	r3, #4
10001b78:	f7ff fe2a 	bl	100017d0 <pll_init>
10001b7c:	2305      	movs	r3, #5
10001b7e:	2101      	movs	r1, #1
10001b80:	9300      	str	r3, [sp, #0]
10001b82:	4a20      	ldr	r2, [pc, #128]	@ (10001c04 <runtime_init_clocks+0xc0>)
10001b84:	4820      	ldr	r0, [pc, #128]	@ (10001c08 <runtime_init_clocks+0xc4>)
10001b86:	f7ff fe23 	bl	100017d0 <pll_init>
10001b8a:	2200      	movs	r2, #0
10001b8c:	2102      	movs	r1, #2
10001b8e:	2004      	movs	r0, #4
10001b90:	4b1e      	ldr	r3, [pc, #120]	@ (10001c0c <runtime_init_clocks+0xc8>)
10001b92:	f7ff fda3 	bl	100016dc <clock_configure_undivided>
10001b96:	2200      	movs	r2, #0
10001b98:	2101      	movs	r1, #1
10001b9a:	2005      	movs	r0, #5
10001b9c:	4b1c      	ldr	r3, [pc, #112]	@ (10001c10 <runtime_init_clocks+0xcc>)
10001b9e:	f7ff fd9d 	bl	100016dc <clock_configure_undivided>
10001ba2:	2200      	movs	r2, #0
10001ba4:	2100      	movs	r1, #0
10001ba6:	2007      	movs	r0, #7
10001ba8:	4b1a      	ldr	r3, [pc, #104]	@ (10001c14 <runtime_init_clocks+0xd0>)
10001baa:	f7ff fd97 	bl	100016dc <clock_configure_undivided>
10001bae:	2200      	movs	r2, #0
10001bb0:	2100      	movs	r1, #0
10001bb2:	2008      	movs	r0, #8
10001bb4:	4b17      	ldr	r3, [pc, #92]	@ (10001c14 <runtime_init_clocks+0xd0>)
10001bb6:	f7ff fd91 	bl	100016dc <clock_configure_undivided>
10001bba:	2380      	movs	r3, #128	@ 0x80
10001bbc:	00db      	lsls	r3, r3, #3
10001bbe:	9300      	str	r3, [sp, #0]
10001bc0:	2200      	movs	r2, #0
10001bc2:	2100      	movs	r1, #0
10001bc4:	2009      	movs	r0, #9
10001bc6:	4b13      	ldr	r3, [pc, #76]	@ (10001c14 <runtime_init_clocks+0xd0>)
10001bc8:	f7ff fd0e 	bl	100015e8 <clock_configure_int_divider>
10001bcc:	2200      	movs	r2, #0
10001bce:	4b10      	ldr	r3, [pc, #64]	@ (10001c10 <runtime_init_clocks+0xcc>)
10001bd0:	2100      	movs	r1, #0
10001bd2:	2006      	movs	r0, #6
10001bd4:	f7ff fd82 	bl	100016dc <clock_configure_undivided>
10001bd8:	2004      	movs	r0, #4
10001bda:	f7ff fdf3 	bl	100017c4 <clock_get_hz>
10001bde:	490e      	ldr	r1, [pc, #56]	@ (10001c18 <runtime_init_clocks+0xd4>)
10001be0:	f000 f84c 	bl	10001c7c <__wrap___aeabi_uidiv>
10001be4:	0001      	movs	r1, r0
10001be6:	2000      	movs	r0, #0
10001be8:	f7ff fe92 	bl	10001910 <tick_start>
10001bec:	b002      	add	sp, #8
10001bee:	bd10      	pop	{r4, pc}
10001bf0:	40008000 	.word	0x40008000
10001bf4:	4000b03c 	.word	0x4000b03c
10001bf8:	4000b030 	.word	0x4000b030
10001bfc:	59682f00 	.word	0x59682f00
10001c00:	40028000 	.word	0x40028000
10001c04:	47868c00 	.word	0x47868c00
10001c08:	4002c000 	.word	0x4002c000
10001c0c:	00b71b00 	.word	0x00b71b00
10001c10:	07735940 	.word	0x07735940
10001c14:	02dc6c00 	.word	0x02dc6c00
10001c18:	000f4240 	.word	0x000f4240

10001c1c <__aeabi_bits_init>:
10001c1c:	4801      	ldr	r0, [pc, #4]	@ (10001c24 <__aeabi_bits_init+0x8>)
10001c1e:	2104      	movs	r1, #4
10001c20:	4b01      	ldr	r3, [pc, #4]	@ (10001c28 <__aeabi_bits_init+0xc>)
10001c22:	4718      	bx	r3
10001c24:	200010a0 	.word	0x200010a0
10001c28:	10001941 	.word	0x10001941

10001c2c <__wrap___aeabi_idiv>:
10001c2c:	4a12      	ldr	r2, [pc, #72]	@ (10001c78 <divmod_s32s32_savestate+0x18>)
10001c2e:	6f93      	ldr	r3, [r2, #120]	@ 0x78
10001c30:	089b      	lsrs	r3, r3, #2
10001c32:	d215      	bcs.n	10001c60 <divmod_s32s32_savestate>

10001c34 <divmod_s32s32_core>:
10001c34:	6690      	str	r0, [r2, #104]	@ 0x68
10001c36:	66d1      	str	r1, [r2, #108]	@ 0x6c
10001c38:	2900      	cmp	r1, #0
10001c3a:	d005      	beq.n	10001c48 <divmod_s32s32_core+0x14>
10001c3c:	e7ff      	b.n	10001c3e <divmod_s32s32_core+0xa>
10001c3e:	e7ff      	b.n	10001c40 <divmod_s32s32_core+0xc>
10001c40:	e7ff      	b.n	10001c42 <divmod_s32s32_core+0xe>
10001c42:	6f51      	ldr	r1, [r2, #116]	@ 0x74
10001c44:	6f10      	ldr	r0, [r2, #112]	@ 0x70
10001c46:	4770      	bx	lr
10001c48:	b504      	push	{r2, lr}
10001c4a:	2180      	movs	r1, #128	@ 0x80
10001c4c:	0609      	lsls	r1, r1, #24
10001c4e:	17c2      	asrs	r2, r0, #31
10001c50:	4051      	eors	r1, r2
10001c52:	2800      	cmp	r0, #0
10001c54:	d000      	beq.n	10001c58 <divmod_s32s32_core+0x24>
10001c56:	43c8      	mvns	r0, r1
10001c58:	f008 fa42 	bl	1000a0e0 <____aeabi_idiv0_veneer>
10001c5c:	2100      	movs	r1, #0
10001c5e:	bd04      	pop	{r2, pc}

10001c60 <divmod_s32s32_savestate>:
10001c60:	b5f0      	push	{r4, r5, r6, r7, lr}
10001c62:	6e14      	ldr	r4, [r2, #96]	@ 0x60
10001c64:	6e55      	ldr	r5, [r2, #100]	@ 0x64
10001c66:	6f57      	ldr	r7, [r2, #116]	@ 0x74
10001c68:	6f16      	ldr	r6, [r2, #112]	@ 0x70
10001c6a:	f7ff ffe3 	bl	10001c34 <divmod_s32s32_core>
10001c6e:	6614      	str	r4, [r2, #96]	@ 0x60
10001c70:	6655      	str	r5, [r2, #100]	@ 0x64
10001c72:	6757      	str	r7, [r2, #116]	@ 0x74
10001c74:	6716      	str	r6, [r2, #112]	@ 0x70
10001c76:	bdf0      	pop	{r4, r5, r6, r7, pc}
10001c78:	d0000000 	.word	0xd0000000

10001c7c <__wrap___aeabi_uidiv>:
10001c7c:	4a11      	ldr	r2, [pc, #68]	@ (10001cc4 <divmod_u32u32_savestate+0x18>)
10001c7e:	6f93      	ldr	r3, [r2, #120]	@ 0x78
10001c80:	089b      	lsrs	r3, r3, #2
10001c82:	d213      	bcs.n	10001cac <divmod_u32u32_savestate>

10001c84 <divmod_u32u32_core>:
10001c84:	6610      	str	r0, [r2, #96]	@ 0x60
10001c86:	6651      	str	r1, [r2, #100]	@ 0x64
10001c88:	2900      	cmp	r1, #0
10001c8a:	d005      	beq.n	10001c98 <divmod_u32u32_core+0x14>
10001c8c:	e7ff      	b.n	10001c8e <divmod_u32u32_core+0xa>
10001c8e:	e7ff      	b.n	10001c90 <divmod_u32u32_core+0xc>
10001c90:	e7ff      	b.n	10001c92 <divmod_u32u32_core+0xe>
10001c92:	6f51      	ldr	r1, [r2, #116]	@ 0x74
10001c94:	6f10      	ldr	r0, [r2, #112]	@ 0x70
10001c96:	4770      	bx	lr
10001c98:	b504      	push	{r2, lr}
10001c9a:	2800      	cmp	r0, #0
10001c9c:	d001      	beq.n	10001ca2 <divmod_u32u32_core+0x1e>
10001c9e:	2000      	movs	r0, #0
10001ca0:	43c0      	mvns	r0, r0
10001ca2:	f008 fa1d 	bl	1000a0e0 <____aeabi_idiv0_veneer>
10001ca6:	2100      	movs	r1, #0
10001ca8:	bd04      	pop	{r2, pc}
10001caa:	46c0      	nop			@ (mov r8, r8)

10001cac <divmod_u32u32_savestate>:
10001cac:	b5f0      	push	{r4, r5, r6, r7, lr}
10001cae:	6e14      	ldr	r4, [r2, #96]	@ 0x60
10001cb0:	6e55      	ldr	r5, [r2, #100]	@ 0x64
10001cb2:	6f57      	ldr	r7, [r2, #116]	@ 0x74
10001cb4:	6f16      	ldr	r6, [r2, #112]	@ 0x70
10001cb6:	f7ff ffe5 	bl	10001c84 <divmod_u32u32_core>
10001cba:	6614      	str	r4, [r2, #96]	@ 0x60
10001cbc:	6655      	str	r5, [r2, #100]	@ 0x64
10001cbe:	6757      	str	r7, [r2, #116]	@ 0x74
10001cc0:	6716      	str	r6, [r2, #112]	@ 0x70
10001cc2:	bdf0      	pop	{r4, r5, r6, r7, pc}
10001cc4:	d0000000 	.word	0xd0000000

10001cc8 <__wrap___aeabi_ldivmod>:
10001cc8:	4694      	mov	ip, r2
10001cca:	4a4a      	ldr	r2, [pc, #296]	@ (10001df4 <udiv0+0x1a>)
10001ccc:	6f92      	ldr	r2, [r2, #120]	@ 0x78
10001cce:	0892      	lsrs	r2, r2, #2
10001cd0:	4662      	mov	r2, ip
10001cd2:	d201      	bcs.n	10001cd8 <divmod_s64s64_savestate>
10001cd4:	e028      	b.n	10001d28 <divmod_s64s64_unsafe>
10001cd6:	46c0      	nop			@ (mov r8, r8)

10001cd8 <divmod_s64s64_savestate>:
10001cd8:	b5f0      	push	{r4, r5, r6, r7, lr}
10001cda:	4e46      	ldr	r6, [pc, #280]	@ (10001df4 <udiv0+0x1a>)
10001cdc:	6e34      	ldr	r4, [r6, #96]	@ 0x60
10001cde:	6e75      	ldr	r5, [r6, #100]	@ 0x64
10001ce0:	6f77      	ldr	r7, [r6, #116]	@ 0x74
10001ce2:	6f36      	ldr	r6, [r6, #112]	@ 0x70
10001ce4:	f000 f820 	bl	10001d28 <divmod_s64s64_unsafe>
10001ce8:	4694      	mov	ip, r2
10001cea:	4a42      	ldr	r2, [pc, #264]	@ (10001df4 <udiv0+0x1a>)
10001cec:	6614      	str	r4, [r2, #96]	@ 0x60
10001cee:	6655      	str	r5, [r2, #100]	@ 0x64
10001cf0:	6757      	str	r7, [r2, #116]	@ 0x74
10001cf2:	6716      	str	r6, [r2, #112]	@ 0x70
10001cf4:	4662      	mov	r2, ip
10001cf6:	bdf0      	pop	{r4, r5, r6, r7, pc}

10001cf8 <__wrap___aeabi_uldivmod>:
10001cf8:	4694      	mov	ip, r2
10001cfa:	4a3e      	ldr	r2, [pc, #248]	@ (10001df4 <udiv0+0x1a>)
10001cfc:	6f92      	ldr	r2, [r2, #120]	@ 0x78
10001cfe:	0892      	lsrs	r2, r2, #2
10001d00:	4662      	mov	r2, ip
10001d02:	d201      	bcs.n	10001d08 <divmod_u64u64_savestate>
10001d04:	e054      	b.n	10001db0 <divmod_u64u64_unsafe>
10001d06:	46c0      	nop			@ (mov r8, r8)

10001d08 <divmod_u64u64_savestate>:
10001d08:	b5f0      	push	{r4, r5, r6, r7, lr}
10001d0a:	4e3a      	ldr	r6, [pc, #232]	@ (10001df4 <udiv0+0x1a>)
10001d0c:	6e34      	ldr	r4, [r6, #96]	@ 0x60
10001d0e:	6e75      	ldr	r5, [r6, #100]	@ 0x64
10001d10:	6f77      	ldr	r7, [r6, #116]	@ 0x74
10001d12:	6f36      	ldr	r6, [r6, #112]	@ 0x70
10001d14:	f000 f84c 	bl	10001db0 <divmod_u64u64_unsafe>
10001d18:	4694      	mov	ip, r2
10001d1a:	4a36      	ldr	r2, [pc, #216]	@ (10001df4 <udiv0+0x1a>)
10001d1c:	6614      	str	r4, [r2, #96]	@ 0x60
10001d1e:	6655      	str	r5, [r2, #100]	@ 0x64
10001d20:	6757      	str	r7, [r2, #116]	@ 0x74
10001d22:	6716      	str	r6, [r2, #112]	@ 0x70
10001d24:	4662      	mov	r2, ip
10001d26:	bdf0      	pop	{r4, r5, r6, r7, pc}

10001d28 <divmod_s64s64_unsafe>:
10001d28:	2b00      	cmp	r3, #0
10001d2a:	db24      	blt.n	10001d76 <l46_1+0x26>
10001d2c:	d011      	beq.n	10001d52 <l46_1+0x2>
10001d2e:	2900      	cmp	r1, #0
10001d30:	da3e      	bge.n	10001db0 <divmod_u64u64_unsafe>
10001d32:	b500      	push	{lr}
10001d34:	43c9      	mvns	r1, r1
10001d36:	4240      	negs	r0, r0
10001d38:	d100      	bne.n	10001d3c <l44_1>
10001d3a:	3101      	adds	r1, #1

10001d3c <l44_1>:
10001d3c:	f000 f838 	bl	10001db0 <divmod_u64u64_unsafe>
10001d40:	43c9      	mvns	r1, r1
10001d42:	4240      	negs	r0, r0
10001d44:	d100      	bne.n	10001d48 <l45_1>
10001d46:	3101      	adds	r1, #1

10001d48 <l45_1>:
10001d48:	43db      	mvns	r3, r3
10001d4a:	4252      	negs	r2, r2
10001d4c:	d100      	bne.n	10001d50 <l46_1>
10001d4e:	3301      	adds	r3, #1

10001d50 <l46_1>:
10001d50:	bd00      	pop	{pc}
10001d52:	2a00      	cmp	r2, #0
10001d54:	d1eb      	bne.n	10001d2e <divmod_s64s64_unsafe+0x6>
10001d56:	2800      	cmp	r0, #0
10001d58:	d101      	bne.n	10001d5e <l46_1+0xe>
10001d5a:	2900      	cmp	r1, #0
10001d5c:	d005      	beq.n	10001d6a <l46_1+0x1a>
10001d5e:	2000      	movs	r0, #0
10001d60:	0fc9      	lsrs	r1, r1, #31
10001d62:	07c9      	lsls	r1, r1, #31
10001d64:	d101      	bne.n	10001d6a <l46_1+0x1a>
10001d66:	43c0      	mvns	r0, r0
10001d68:	0841      	lsrs	r1, r0, #1
10001d6a:	b500      	push	{lr}
10001d6c:	f008 f990 	bl	1000a090 <____aeabi_ldiv0_veneer>
10001d70:	2200      	movs	r2, #0
10001d72:	2300      	movs	r3, #0
10001d74:	bd00      	pop	{pc}
10001d76:	b500      	push	{lr}
10001d78:	2900      	cmp	r1, #0
10001d7a:	db0a      	blt.n	10001d92 <l48_1+0x2>
10001d7c:	43db      	mvns	r3, r3
10001d7e:	4252      	negs	r2, r2
10001d80:	d100      	bne.n	10001d84 <l47_1>
10001d82:	3301      	adds	r3, #1

10001d84 <l47_1>:
10001d84:	f000 f814 	bl	10001db0 <divmod_u64u64_unsafe>
10001d88:	43c9      	mvns	r1, r1
10001d8a:	4240      	negs	r0, r0
10001d8c:	d100      	bne.n	10001d90 <l48_1>
10001d8e:	3101      	adds	r1, #1

10001d90 <l48_1>:
10001d90:	bd00      	pop	{pc}
10001d92:	43c9      	mvns	r1, r1
10001d94:	4240      	negs	r0, r0
10001d96:	d100      	bne.n	10001d9a <l49_1>
10001d98:	3101      	adds	r1, #1

10001d9a <l49_1>:
10001d9a:	43db      	mvns	r3, r3
10001d9c:	4252      	negs	r2, r2
10001d9e:	d100      	bne.n	10001da2 <l50_1>
10001da0:	3301      	adds	r3, #1

10001da2 <l50_1>:
10001da2:	f000 f805 	bl	10001db0 <divmod_u64u64_unsafe>
10001da6:	43db      	mvns	r3, r3
10001da8:	4252      	negs	r2, r2
10001daa:	d100      	bne.n	10001dae <l51_1>
10001dac:	3301      	adds	r3, #1

10001dae <l51_1>:
10001dae:	bd00      	pop	{pc}

10001db0 <divmod_u64u64_unsafe>:
10001db0:	2900      	cmp	r1, #0
10001db2:	d123      	bne.n	10001dfc <y64>
10001db4:	2b00      	cmp	r3, #0
10001db6:	d118      	bne.n	10001dea <udiv0+0x10>
10001db8:	2a00      	cmp	r2, #0
10001dba:	d00c      	beq.n	10001dd6 <divmod_u64u64_unsafe+0x26>
10001dbc:	46bc      	mov	ip, r7
10001dbe:	4f0d      	ldr	r7, [pc, #52]	@ (10001df4 <udiv0+0x1a>)
10001dc0:	6638      	str	r0, [r7, #96]	@ 0x60
10001dc2:	667a      	str	r2, [r7, #100]	@ 0x64
10001dc4:	2100      	movs	r1, #0
10001dc6:	2300      	movs	r3, #0
10001dc8:	e7ff      	b.n	10001dca <divmod_u64u64_unsafe+0x1a>
10001dca:	e7ff      	b.n	10001dcc <divmod_u64u64_unsafe+0x1c>
10001dcc:	e7ff      	b.n	10001dce <divmod_u64u64_unsafe+0x1e>
10001dce:	6f7a      	ldr	r2, [r7, #116]	@ 0x74
10001dd0:	6f38      	ldr	r0, [r7, #112]	@ 0x70
10001dd2:	4667      	mov	r7, ip
10001dd4:	4770      	bx	lr
10001dd6:	2800      	cmp	r0, #0
10001dd8:	d001      	beq.n	10001dde <udiv0+0x4>

10001dda <udiv0>:
10001dda:	4807      	ldr	r0, [pc, #28]	@ (10001df8 <udiv0+0x1e>)
10001ddc:	0001      	movs	r1, r0
10001dde:	b500      	push	{lr}
10001de0:	f008 f956 	bl	1000a090 <____aeabi_ldiv0_veneer>
10001de4:	2200      	movs	r2, #0
10001de6:	2300      	movs	r3, #0
10001de8:	bd00      	pop	{pc}
10001dea:	0002      	movs	r2, r0
10001dec:	000b      	movs	r3, r1
10001dee:	2000      	movs	r0, #0
10001df0:	2100      	movs	r1, #0
10001df2:	4770      	bx	lr
10001df4:	d0000000 	.word	0xd0000000
10001df8:	ffffffff 	.word	0xffffffff

10001dfc <y64>:
10001dfc:	2b00      	cmp	r3, #0
10001dfe:	d000      	beq.n	10001e02 <y64+0x6>
10001e00:	e0bf      	b.n	10001f82 <y64_x48>
10001e02:	0c13      	lsrs	r3, r2, #16
10001e04:	d128      	bne.n	10001e58 <y64_x32>
10001e06:	2a00      	cmp	r2, #0
10001e08:	d0e7      	beq.n	10001dda <udiv0>
10001e0a:	b480      	push	{r7}
10001e0c:	4f11      	ldr	r7, [pc, #68]	@ (10001e54 <y64+0x58>)
10001e0e:	6639      	str	r1, [r7, #96]	@ 0x60
10001e10:	667a      	str	r2, [r7, #100]	@ 0x64
10001e12:	e7ff      	b.n	10001e14 <y64+0x18>
10001e14:	e7ff      	b.n	10001e16 <y64+0x1a>
10001e16:	b430      	push	{r4, r5}
10001e18:	0c04      	lsrs	r4, r0, #16
10001e1a:	6f7b      	ldr	r3, [r7, #116]	@ 0x74
10001e1c:	6f39      	ldr	r1, [r7, #112]	@ 0x70
10001e1e:	041b      	lsls	r3, r3, #16
10001e20:	4323      	orrs	r3, r4
10001e22:	663b      	str	r3, [r7, #96]	@ 0x60
10001e24:	667a      	str	r2, [r7, #100]	@ 0x64
10001e26:	e7ff      	b.n	10001e28 <y64+0x2c>
10001e28:	e7ff      	b.n	10001e2a <y64+0x2e>
10001e2a:	e7ff      	b.n	10001e2c <y64+0x30>
10001e2c:	46c0      	nop			@ (mov r8, r8)
10001e2e:	b284      	uxth	r4, r0
10001e30:	6f7b      	ldr	r3, [r7, #116]	@ 0x74
10001e32:	6f3d      	ldr	r5, [r7, #112]	@ 0x70
10001e34:	041b      	lsls	r3, r3, #16
10001e36:	4323      	orrs	r3, r4
10001e38:	663b      	str	r3, [r7, #96]	@ 0x60
10001e3a:	667a      	str	r2, [r7, #100]	@ 0x64
10001e3c:	e7ff      	b.n	10001e3e <y64+0x42>
10001e3e:	e7ff      	b.n	10001e40 <y64+0x44>
10001e40:	46c0      	nop			@ (mov r8, r8)
10001e42:	2300      	movs	r3, #0
10001e44:	042c      	lsls	r4, r5, #16
10001e46:	0c2d      	lsrs	r5, r5, #16
10001e48:	6f7a      	ldr	r2, [r7, #116]	@ 0x74
10001e4a:	6f38      	ldr	r0, [r7, #112]	@ 0x70
10001e4c:	1900      	adds	r0, r0, r4
10001e4e:	4169      	adcs	r1, r5
10001e50:	bcb0      	pop	{r4, r5, r7}
10001e52:	4770      	bx	lr
10001e54:	d0000000 	.word	0xd0000000

10001e58 <y64_x32>:
10001e58:	b5f0      	push	{r4, r5, r6, r7, lr}
10001e5a:	4694      	mov	ip, r2
10001e5c:	2500      	movs	r5, #0
10001e5e:	0e14      	lsrs	r4, r2, #24
10001e60:	d101      	bne.n	10001e66 <y64_x32+0xe>
10001e62:	0212      	lsls	r2, r2, #8
10001e64:	3508      	adds	r5, #8
10001e66:	0f14      	lsrs	r4, r2, #28
10001e68:	d101      	bne.n	10001e6e <y64_x32+0x16>
10001e6a:	0112      	lsls	r2, r2, #4
10001e6c:	3504      	adds	r5, #4
10001e6e:	0f94      	lsrs	r4, r2, #30
10001e70:	d101      	bne.n	10001e76 <y64_x32+0x1e>
10001e72:	0092      	lsls	r2, r2, #2
10001e74:	3502      	adds	r5, #2
10001e76:	0fd4      	lsrs	r4, r2, #31
10001e78:	d101      	bne.n	10001e7e <y64_x32+0x26>
10001e7a:	0052      	lsls	r2, r2, #1
10001e7c:	3501      	adds	r5, #1
10001e7e:	0bd4      	lsrs	r4, r2, #15
10001e80:	3401      	adds	r4, #1
10001e82:	4f25      	ldr	r7, [pc, #148]	@ (10001f18 <y64_x32+0xc0>)
10001e84:	667c      	str	r4, [r7, #100]	@ 0x64
10001e86:	4c25      	ldr	r4, [pc, #148]	@ (10001f1c <y64_x32+0xc4>)
10001e88:	663c      	str	r4, [r7, #96]	@ 0x60
10001e8a:	0c0e      	lsrs	r6, r1, #16
10001e8c:	b293      	uxth	r3, r2
10001e8e:	e7ff      	b.n	10001e90 <y64_x32+0x38>
10001e90:	e7ff      	b.n	10001e92 <y64_x32+0x3a>
10001e92:	e7ff      	b.n	10001e94 <y64_x32+0x3c>
10001e94:	6f3c      	ldr	r4, [r7, #112]	@ 0x70
10001e96:	4366      	muls	r6, r4
10001e98:	0c36      	lsrs	r6, r6, #16
10001e9a:	0377      	lsls	r7, r6, #13
10001e9c:	46be      	mov	lr, r7
10001e9e:	4373      	muls	r3, r6
10001ea0:	0bdf      	lsrs	r7, r3, #15
10001ea2:	045b      	lsls	r3, r3, #17
10001ea4:	1ac0      	subs	r0, r0, r3
10001ea6:	41b9      	sbcs	r1, r7
10001ea8:	0c13      	lsrs	r3, r2, #16
10001eaa:	4373      	muls	r3, r6
10001eac:	18db      	adds	r3, r3, r3
10001eae:	1ac9      	subs	r1, r1, r3
10001eb0:	08ce      	lsrs	r6, r1, #3
10001eb2:	4366      	muls	r6, r4
10001eb4:	0c36      	lsrs	r6, r6, #16
10001eb6:	44b6      	add	lr, r6
10001eb8:	b293      	uxth	r3, r2
10001eba:	4373      	muls	r3, r6
10001ebc:	0f1f      	lsrs	r7, r3, #28
10001ebe:	011b      	lsls	r3, r3, #4
10001ec0:	1ac0      	subs	r0, r0, r3
10001ec2:	41b9      	sbcs	r1, r7
10001ec4:	0c13      	lsrs	r3, r2, #16
10001ec6:	4373      	muls	r3, r6
10001ec8:	0b1f      	lsrs	r7, r3, #12
10001eca:	051b      	lsls	r3, r3, #20
10001ecc:	1ac0      	subs	r0, r0, r3
10001ece:	41b9      	sbcs	r1, r7
10001ed0:	0d86      	lsrs	r6, r0, #22
10001ed2:	028f      	lsls	r7, r1, #10
10001ed4:	433e      	orrs	r6, r7
10001ed6:	4366      	muls	r6, r4
10001ed8:	0c36      	lsrs	r6, r6, #16
10001eda:	2d09      	cmp	r5, #9
10001edc:	db24      	blt.n	10001f28 <last0>
10001ede:	0a52      	lsrs	r2, r2, #9
10001ee0:	4372      	muls	r2, r6
10001ee2:	1a80      	subs	r0, r0, r2
10001ee4:	0377      	lsls	r7, r6, #13
10001ee6:	0a46      	lsrs	r6, r0, #9
10001ee8:	4366      	muls	r6, r4
10001eea:	0c36      	lsrs	r6, r6, #16
10001eec:	2316      	movs	r3, #22
10001eee:	1b5b      	subs	r3, r3, r5
10001ef0:	40de      	lsrs	r6, r3
10001ef2:	40df      	lsrs	r7, r3
10001ef4:	19bf      	adds	r7, r7, r6
10001ef6:	4664      	mov	r4, ip
10001ef8:	4366      	muls	r6, r4
10001efa:	1b82      	subs	r2, r0, r6
10001efc:	4670      	mov	r0, lr
10001efe:	3504      	adds	r5, #4
10001f00:	3306      	adds	r3, #6
10001f02:	0001      	movs	r1, r0
10001f04:	40d9      	lsrs	r1, r3
10001f06:	40a8      	lsls	r0, r5
10001f08:	19c0      	adds	r0, r0, r7
10001f0a:	d300      	bcc.n	10001f0e <y64_x32+0xb6>
10001f0c:	3101      	adds	r1, #1
10001f0e:	42a2      	cmp	r2, r4
10001f10:	d206      	bcs.n	10001f20 <y64_x32+0xc8>
10001f12:	2300      	movs	r3, #0
10001f14:	bdf0      	pop	{r4, r5, r6, r7, pc}
10001f16:	0000      	.short	0x0000
10001f18:	d0000000 	.word	0xd0000000
10001f1c:	ffffffff 	.word	0xffffffff
10001f20:	1b12      	subs	r2, r2, r4
10001f22:	3001      	adds	r0, #1
10001f24:	d3f3      	bcc.n	10001f0e <y64_x32+0xb6>
10001f26:	e7f1      	b.n	10001f0c <y64_x32+0xb4>

10001f28 <last0>:
10001f28:	2709      	movs	r7, #9
10001f2a:	1b7f      	subs	r7, r7, r5
10001f2c:	40fe      	lsrs	r6, r7
10001f2e:	4664      	mov	r4, ip
10001f30:	b2a2      	uxth	r2, r4
10001f32:	4372      	muls	r2, r6
10001f34:	1a80      	subs	r0, r0, r2
10001f36:	d200      	bcs.n	10001f3a <last0+0x12>
10001f38:	3901      	subs	r1, #1
10001f3a:	0c22      	lsrs	r2, r4, #16
10001f3c:	4372      	muls	r2, r6
10001f3e:	0c13      	lsrs	r3, r2, #16
10001f40:	0412      	lsls	r2, r2, #16
10001f42:	1a82      	subs	r2, r0, r2
10001f44:	4199      	sbcs	r1, r3
10001f46:	000b      	movs	r3, r1
10001f48:	4670      	mov	r0, lr
10001f4a:	3504      	adds	r5, #4
10001f4c:	3713      	adds	r7, #19
10001f4e:	0001      	movs	r1, r0
10001f50:	40f9      	lsrs	r1, r7
10001f52:	40a8      	lsls	r0, r5
10001f54:	1980      	adds	r0, r0, r6
10001f56:	d300      	bcc.n	10001f5a <last0+0x32>
10001f58:	3101      	adds	r1, #1
10001f5a:	2b00      	cmp	r3, #0
10001f5c:	d102      	bne.n	10001f64 <last0+0x3c>
10001f5e:	42a2      	cmp	r2, r4
10001f60:	d20a      	bcs.n	10001f78 <last0+0x50>
10001f62:	bdf0      	pop	{r4, r5, r6, r7, pc}
10001f64:	3001      	adds	r0, #1
10001f66:	d300      	bcc.n	10001f6a <last0+0x42>
10001f68:	3101      	adds	r1, #1
10001f6a:	1b12      	subs	r2, r2, r4
10001f6c:	d2fa      	bcs.n	10001f64 <last0+0x3c>
10001f6e:	3b01      	subs	r3, #1
10001f70:	d1f8      	bne.n	10001f64 <last0+0x3c>
10001f72:	42a2      	cmp	r2, r4
10001f74:	d200      	bcs.n	10001f78 <last0+0x50>
10001f76:	bdf0      	pop	{r4, r5, r6, r7, pc}
10001f78:	3001      	adds	r0, #1
10001f7a:	d300      	bcc.n	10001f7e <last0+0x56>
10001f7c:	3101      	adds	r1, #1
10001f7e:	1b12      	subs	r2, r2, r4
10001f80:	e7f7      	b.n	10001f72 <last0+0x4a>

10001f82 <y64_x48>:
10001f82:	b5f0      	push	{r4, r5, r6, r7, lr}
10001f84:	0c1c      	lsrs	r4, r3, #16
10001f86:	d000      	beq.n	10001f8a <y64_x48+0x8>
10001f88:	e080      	b.n	1000208c <y64_x64>
10001f8a:	b40c      	push	{r2, r3}
10001f8c:	2500      	movs	r5, #0
10001f8e:	0a1c      	lsrs	r4, r3, #8
10001f90:	d104      	bne.n	10001f9c <y64_x48+0x1a>
10001f92:	021b      	lsls	r3, r3, #8
10001f94:	0e16      	lsrs	r6, r2, #24
10001f96:	4333      	orrs	r3, r6
10001f98:	0212      	lsls	r2, r2, #8
10001f9a:	3508      	adds	r5, #8
10001f9c:	0b1c      	lsrs	r4, r3, #12
10001f9e:	d104      	bne.n	10001faa <y64_x48+0x28>
10001fa0:	011b      	lsls	r3, r3, #4
10001fa2:	0f16      	lsrs	r6, r2, #28
10001fa4:	4333      	orrs	r3, r6
10001fa6:	0112      	lsls	r2, r2, #4
10001fa8:	3504      	adds	r5, #4
10001faa:	0b9c      	lsrs	r4, r3, #14
10001fac:	d104      	bne.n	10001fb8 <y64_x48+0x36>
10001fae:	009b      	lsls	r3, r3, #2
10001fb0:	0f96      	lsrs	r6, r2, #30
10001fb2:	4333      	orrs	r3, r6
10001fb4:	0092      	lsls	r2, r2, #2
10001fb6:	3502      	adds	r5, #2
10001fb8:	0bdc      	lsrs	r4, r3, #15
10001fba:	d102      	bne.n	10001fc2 <y64_x48+0x40>
10001fbc:	1892      	adds	r2, r2, r2
10001fbe:	415b      	adcs	r3, r3
10001fc0:	3501      	adds	r5, #1
10001fc2:	001c      	movs	r4, r3
10001fc4:	1897      	adds	r7, r2, r2
10001fc6:	4164      	adcs	r4, r4
10001fc8:	3401      	adds	r4, #1
10001fca:	4f46      	ldr	r7, [pc, #280]	@ (100020e4 <y64_x64+0x58>)
10001fcc:	667c      	str	r4, [r7, #100]	@ 0x64
10001fce:	4c46      	ldr	r4, [pc, #280]	@ (100020e8 <y64_x64+0x5c>)
10001fd0:	663c      	str	r4, [r7, #96]	@ 0x60
10001fd2:	0c0e      	lsrs	r6, r1, #16
10001fd4:	e7ff      	b.n	10001fd6 <y64_x48+0x54>
10001fd6:	e7ff      	b.n	10001fd8 <y64_x48+0x56>
10001fd8:	e7ff      	b.n	10001fda <y64_x48+0x58>
10001fda:	46c0      	nop			@ (mov r8, r8)
10001fdc:	6f3c      	ldr	r4, [r7, #112]	@ 0x70
10001fde:	4366      	muls	r6, r4
10001fe0:	0c36      	lsrs	r6, r6, #16
10001fe2:	0377      	lsls	r7, r6, #13
10001fe4:	46be      	mov	lr, r7
10001fe6:	b297      	uxth	r7, r2
10001fe8:	4377      	muls	r7, r6
10001fea:	1bc0      	subs	r0, r0, r7
10001fec:	d200      	bcs.n	10001ff0 <y64_x48+0x6e>
10001fee:	3901      	subs	r1, #1
10001ff0:	1bc0      	subs	r0, r0, r7
10001ff2:	d200      	bcs.n	10001ff6 <y64_x48+0x74>
10001ff4:	3901      	subs	r1, #1
10001ff6:	b29f      	uxth	r7, r3
10001ff8:	4377      	muls	r7, r6
10001ffa:	1bc9      	subs	r1, r1, r7
10001ffc:	1bc9      	subs	r1, r1, r7
10001ffe:	0c17      	lsrs	r7, r2, #16
10002000:	4377      	muls	r7, r6
10002002:	047e      	lsls	r6, r7, #17
10002004:	0bff      	lsrs	r7, r7, #15
10002006:	1b80      	subs	r0, r0, r6
10002008:	41b9      	sbcs	r1, r7
1000200a:	08ce      	lsrs	r6, r1, #3
1000200c:	4366      	muls	r6, r4
1000200e:	0c36      	lsrs	r6, r6, #16
10002010:	2d0c      	cmp	r5, #12
10002012:	db33      	blt.n	1000207c <last1>
10002014:	44b6      	add	lr, r6
10002016:	0b12      	lsrs	r2, r2, #12
10002018:	051f      	lsls	r7, r3, #20
1000201a:	433a      	orrs	r2, r7
1000201c:	0b1b      	lsrs	r3, r3, #12
1000201e:	b297      	uxth	r7, r2
10002020:	4377      	muls	r7, r6
10002022:	1bc0      	subs	r0, r0, r7
10002024:	d200      	bcs.n	10002028 <y64_x48+0xa6>
10002026:	3901      	subs	r1, #1
10002028:	b29f      	uxth	r7, r3
1000202a:	4377      	muls	r7, r6
1000202c:	1bc9      	subs	r1, r1, r7
1000202e:	0c17      	lsrs	r7, r2, #16
10002030:	4377      	muls	r7, r6
10002032:	043e      	lsls	r6, r7, #16
10002034:	0c3f      	lsrs	r7, r7, #16
10002036:	1b80      	subs	r0, r0, r6
10002038:	41b9      	sbcs	r1, r7
1000203a:	0d86      	lsrs	r6, r0, #22
1000203c:	028f      	lsls	r7, r1, #10
1000203e:	433e      	orrs	r6, r7
10002040:	4366      	muls	r6, r4
10002042:	2729      	movs	r7, #41	@ 0x29
10002044:	1b7f      	subs	r7, r7, r5
10002046:	40fe      	lsrs	r6, r7
10002048:	3d0c      	subs	r5, #12
1000204a:	4677      	mov	r7, lr
1000204c:	40af      	lsls	r7, r5
1000204e:	19bf      	adds	r7, r7, r6
10002050:	bc30      	pop	{r4, r5}
10002052:	b2a2      	uxth	r2, r4
10002054:	b2ab      	uxth	r3, r5
10002056:	4372      	muls	r2, r6
10002058:	4373      	muls	r3, r6
1000205a:	1a80      	subs	r0, r0, r2
1000205c:	4199      	sbcs	r1, r3
1000205e:	0c22      	lsrs	r2, r4, #16
10002060:	4372      	muls	r2, r6
10002062:	0c13      	lsrs	r3, r2, #16
10002064:	0412      	lsls	r2, r2, #16
10002066:	1a80      	subs	r0, r0, r2
10002068:	4199      	sbcs	r1, r3
1000206a:	0002      	movs	r2, r0
1000206c:	000b      	movs	r3, r1
1000206e:	3701      	adds	r7, #1
10002070:	1b00      	subs	r0, r0, r4
10002072:	41a9      	sbcs	r1, r5
10002074:	d2f9      	bcs.n	1000206a <y64_x48+0xe8>
10002076:	1e78      	subs	r0, r7, #1
10002078:	2100      	movs	r1, #0
1000207a:	bdf0      	pop	{r4, r5, r6, r7, pc}

1000207c <last1>:
1000207c:	270c      	movs	r7, #12
1000207e:	1b7f      	subs	r7, r7, r5
10002080:	40fe      	lsrs	r6, r7
10002082:	4677      	mov	r7, lr
10002084:	0b7f      	lsrs	r7, r7, #13
10002086:	40af      	lsls	r7, r5
10002088:	19ff      	adds	r7, r7, r7
1000208a:	e7e0      	b.n	1000204e <y64_x48+0xcc>

1000208c <y64_x64>:
1000208c:	2400      	movs	r4, #0
1000208e:	1c5d      	adds	r5, r3, #1
10002090:	d007      	beq.n	100020a2 <y64_x64+0x16>
10002092:	4f14      	ldr	r7, [pc, #80]	@ (100020e4 <y64_x64+0x58>)
10002094:	667d      	str	r5, [r7, #100]	@ 0x64
10002096:	6639      	str	r1, [r7, #96]	@ 0x60
10002098:	e7ff      	b.n	1000209a <y64_x64+0xe>
1000209a:	e7ff      	b.n	1000209c <y64_x64+0x10>
1000209c:	e7ff      	b.n	1000209e <y64_x64+0x12>
1000209e:	e7ff      	b.n	100020a0 <y64_x64+0x14>
100020a0:	6f3c      	ldr	r4, [r7, #112]	@ 0x70
100020a2:	b295      	uxth	r5, r2
100020a4:	b29e      	uxth	r6, r3
100020a6:	4365      	muls	r5, r4
100020a8:	4366      	muls	r6, r4
100020aa:	1b40      	subs	r0, r0, r5
100020ac:	41b1      	sbcs	r1, r6
100020ae:	0c15      	lsrs	r5, r2, #16
100020b0:	0c1e      	lsrs	r6, r3, #16
100020b2:	4365      	muls	r5, r4
100020b4:	4366      	muls	r6, r4
100020b6:	0436      	lsls	r6, r6, #16
100020b8:	0c2f      	lsrs	r7, r5, #16
100020ba:	433e      	orrs	r6, r7
100020bc:	042d      	lsls	r5, r5, #16
100020be:	1b40      	subs	r0, r0, r5
100020c0:	41b1      	sbcs	r1, r6
100020c2:	4299      	cmp	r1, r3
100020c4:	d204      	bcs.n	100020d0 <y64_x64+0x44>
100020c6:	0002      	movs	r2, r0
100020c8:	000b      	movs	r3, r1
100020ca:	0020      	movs	r0, r4
100020cc:	2100      	movs	r1, #0
100020ce:	bdf0      	pop	{r4, r5, r6, r7, pc}
100020d0:	d101      	bne.n	100020d6 <y64_x64+0x4a>
100020d2:	4290      	cmp	r0, r2
100020d4:	d3f7      	bcc.n	100020c6 <y64_x64+0x3a>
100020d6:	1a80      	subs	r0, r0, r2
100020d8:	4199      	sbcs	r1, r3
100020da:	3401      	adds	r4, #1
100020dc:	4299      	cmp	r1, r3
100020de:	d3f2      	bcc.n	100020c6 <y64_x64+0x3a>
100020e0:	e7f6      	b.n	100020d0 <y64_x64+0x44>
100020e2:	0000      	.short	0x0000
100020e4:	d0000000 	.word	0xd0000000
100020e8:	ffffffff 	.word	0xffffffff

100020ec <__wrap___aeabi_drsub>:
100020ec:	4048      	eors	r0, r1
100020ee:	4041      	eors	r1, r0
100020f0:	4048      	eors	r0, r1

100020f2 <__wrap___aeabi_dsub>:
100020f2:	b418      	push	{r3, r4}
100020f4:	4b13      	ldr	r3, [pc, #76]	@ (10002144 <__wrap___aeabi_dmul+0xa>)
100020f6:	685b      	ldr	r3, [r3, #4]
100020f8:	9301      	str	r3, [sp, #4]
100020fa:	bd08      	pop	{r3, pc}

100020fc <__wrap___aeabi_dadd>:
100020fc:	b418      	push	{r3, r4}
100020fe:	4b11      	ldr	r3, [pc, #68]	@ (10002144 <__wrap___aeabi_dmul+0xa>)
10002100:	681b      	ldr	r3, [r3, #0]
10002102:	9301      	str	r3, [sp, #4]
10002104:	bd08      	pop	{r3, pc}

10002106 <__wrap___aeabi_ddiv>:
10002106:	4694      	mov	ip, r2
10002108:	4a0f      	ldr	r2, [pc, #60]	@ (10002148 <__wrap___aeabi_dmul+0xe>)
1000210a:	6f92      	ldr	r2, [r2, #120]	@ 0x78
1000210c:	0892      	lsrs	r2, r2, #2
1000210e:	d205      	bcs.n	1000211c <ddiv_save_state>
10002110:	4662      	mov	r2, ip

10002112 <ddiv_shim_call>:
10002112:	b418      	push	{r3, r4}
10002114:	4b0b      	ldr	r3, [pc, #44]	@ (10002144 <__wrap___aeabi_dmul+0xa>)
10002116:	68db      	ldr	r3, [r3, #12]
10002118:	9301      	str	r3, [sp, #4]
1000211a:	bd08      	pop	{r3, pc}

1000211c <ddiv_save_state>:
1000211c:	4a0a      	ldr	r2, [pc, #40]	@ (10002148 <__wrap___aeabi_dmul+0xe>)
1000211e:	b5f0      	push	{r4, r5, r6, r7, lr}
10002120:	6e14      	ldr	r4, [r2, #96]	@ 0x60
10002122:	6e55      	ldr	r5, [r2, #100]	@ 0x64
10002124:	6f57      	ldr	r7, [r2, #116]	@ 0x74
10002126:	6f16      	ldr	r6, [r2, #112]	@ 0x70
10002128:	4662      	mov	r2, ip
1000212a:	f7ff fff2 	bl	10002112 <ddiv_shim_call>
1000212e:	4a06      	ldr	r2, [pc, #24]	@ (10002148 <__wrap___aeabi_dmul+0xe>)
10002130:	6614      	str	r4, [r2, #96]	@ 0x60
10002132:	6655      	str	r5, [r2, #100]	@ 0x64
10002134:	6757      	str	r7, [r2, #116]	@ 0x74
10002136:	6716      	str	r6, [r2, #112]	@ 0x70
10002138:	bdf0      	pop	{r4, r5, r6, r7, pc}

1000213a <__wrap___aeabi_dmul>:
1000213a:	b418      	push	{r3, r4}
1000213c:	4b01      	ldr	r3, [pc, #4]	@ (10002144 <__wrap___aeabi_dmul+0xa>)
1000213e:	689b      	ldr	r3, [r3, #8]
10002140:	9301      	str	r3, [sp, #4]
10002142:	bd08      	pop	{r3, pc}
10002144:	200017d8 	.word	0x200017d8
10002148:	d0000000 	.word	0xd0000000

1000214c <__wrap___aeabi_cdrcmple>:
1000214c:	b5ff      	push	{r0, r1, r2, r3, r4, r5, r6, r7, lr}
1000214e:	4050      	eors	r0, r2
10002150:	4042      	eors	r2, r0
10002152:	4050      	eors	r0, r2
10002154:	4059      	eors	r1, r3
10002156:	404b      	eors	r3, r1
10002158:	4059      	eors	r1, r3
1000215a:	e000      	b.n	1000215e <__aeabi_dfcmple_guts>

1000215c <__wrap___aeabi_cdcmpeq>:
1000215c:	b5ff      	push	{r0, r1, r2, r3, r4, r5, r6, r7, lr}

1000215e <__aeabi_dfcmple_guts>:
1000215e:	4f15      	ldr	r7, [pc, #84]	@ (100021b4 <__aeabi_dfcmple_guts+0x56>)
10002160:	004c      	lsls	r4, r1, #1
10002162:	0d64      	lsrs	r4, r4, #21
10002164:	d003      	beq.n	1000216e <__aeabi_dfcmple_guts+0x10>
10002166:	42bc      	cmp	r4, r7
10002168:	d104      	bne.n	10002174 <__aeabi_dfcmple_guts+0x16>
1000216a:	030c      	lsls	r4, r1, #12
1000216c:	d814      	bhi.n	10002198 <__aeabi_dfcmple_guts+0x3a>
1000216e:	2000      	movs	r0, #0
10002170:	0d09      	lsrs	r1, r1, #20
10002172:	0509      	lsls	r1, r1, #20
10002174:	005c      	lsls	r4, r3, #1
10002176:	0d64      	lsrs	r4, r4, #21
10002178:	d003      	beq.n	10002182 <__aeabi_dfcmple_guts+0x24>
1000217a:	42bc      	cmp	r4, r7
1000217c:	d104      	bne.n	10002188 <__aeabi_dfcmple_guts+0x2a>
1000217e:	031c      	lsls	r4, r3, #12
10002180:	d80a      	bhi.n	10002198 <__aeabi_dfcmple_guts+0x3a>
10002182:	2200      	movs	r2, #0
10002184:	0d1b      	lsrs	r3, r3, #20
10002186:	051b      	lsls	r3, r3, #20
10002188:	2601      	movs	r6, #1
1000218a:	404b      	eors	r3, r1
1000218c:	d409      	bmi.n	100021a2 <__aeabi_dfcmple_guts+0x44>
1000218e:	404b      	eors	r3, r1
10002190:	d503      	bpl.n	1000219a <__aeabi_dfcmple_guts+0x3c>
10002192:	428b      	cmp	r3, r1
10002194:	d100      	bne.n	10002198 <__aeabi_dfcmple_guts+0x3a>
10002196:	4282      	cmp	r2, r0
10002198:	bdff      	pop	{r0, r1, r2, r3, r4, r5, r6, r7, pc}
1000219a:	4299      	cmp	r1, r3
1000219c:	d1fc      	bne.n	10002198 <__aeabi_dfcmple_guts+0x3a>
1000219e:	4290      	cmp	r0, r2
100021a0:	bdff      	pop	{r0, r1, r2, r3, r4, r5, r6, r7, pc}
100021a2:	430b      	orrs	r3, r1
100021a4:	18db      	adds	r3, r3, r3
100021a6:	4303      	orrs	r3, r0
100021a8:	4313      	orrs	r3, r2
100021aa:	d0f5      	beq.n	10002198 <__aeabi_dfcmple_guts+0x3a>
100021ac:	43c9      	mvns	r1, r1
100021ae:	1849      	adds	r1, r1, r1
100021b0:	bdff      	pop	{r0, r1, r2, r3, r4, r5, r6, r7, pc}
100021b2:	0000      	.short	0x0000
100021b4:	000007ff 	.word	0x000007ff

100021b8 <__wrap___aeabi_dcmplt>:
100021b8:	b500      	push	{lr}
100021ba:	f7ff ffcf 	bl	1000215c <__wrap___aeabi_cdcmpeq>
100021be:	4180      	sbcs	r0, r0
100021c0:	bd00      	pop	{pc}
100021c2:	46c0      	nop			@ (mov r8, r8)

100021c4 <__wrap___aeabi_dcmpge>:
100021c4:	b500      	push	{lr}
100021c6:	f7ff ffc1 	bl	1000214c <__wrap___aeabi_cdrcmple>
100021ca:	d901      	bls.n	100021d0 <__wrap___aeabi_dcmpge+0xc>
100021cc:	2000      	movs	r0, #0
100021ce:	bd00      	pop	{pc}
100021d0:	2001      	movs	r0, #1
100021d2:	bd00      	pop	{pc}

100021d4 <__wrap___aeabi_dcmpgt>:
100021d4:	b500      	push	{lr}
100021d6:	f7ff ffb9 	bl	1000214c <__wrap___aeabi_cdrcmple>
100021da:	4180      	sbcs	r0, r0
100021dc:	bd00      	pop	{pc}

100021de <__wrap___aeabi_dcmpun>:
100021de:	2001      	movs	r0, #1
100021e0:	0540      	lsls	r0, r0, #21
100021e2:	004a      	lsls	r2, r1, #1
100021e4:	1812      	adds	r2, r2, r0
100021e6:	d804      	bhi.n	100021f2 <__wrap___aeabi_dcmpun+0x14>
100021e8:	005a      	lsls	r2, r3, #1
100021ea:	1812      	adds	r2, r2, r0
100021ec:	d801      	bhi.n	100021f2 <__wrap___aeabi_dcmpun+0x14>
100021ee:	2000      	movs	r0, #0
100021f0:	4770      	bx	lr
100021f2:	2001      	movs	r0, #1
100021f4:	4770      	bx	lr
	...

100021f8 <__wrap___aeabi_ui2d>:
100021f8:	2100      	movs	r1, #0
100021fa:	2800      	cmp	r0, #0
100021fc:	d105      	bne.n	1000220a <__wrap___aeabi_i2d+0xa>
100021fe:	4770      	bx	lr

10002200 <__wrap___aeabi_i2d>:
10002200:	17c1      	asrs	r1, r0, #31
10002202:	4048      	eors	r0, r1
10002204:	1a40      	subs	r0, r0, r1
10002206:	d0fa      	beq.n	100021fe <__wrap___aeabi_ui2d+0x6>
10002208:	07c9      	lsls	r1, r1, #31
1000220a:	b513      	push	{r0, r1, r4, lr}
1000220c:	4b06      	ldr	r3, [pc, #24]	@ (10002228 <__wrap___aeabi_i2d+0x28>)
1000220e:	681b      	ldr	r3, [r3, #0]
10002210:	4798      	blx	r3
10002212:	bc0c      	pop	{r2, r3}
10002214:	1c44      	adds	r4, r0, #1
10002216:	40a2      	lsls	r2, r4
10002218:	0510      	lsls	r0, r2, #20
1000221a:	0b12      	lsrs	r2, r2, #12
1000221c:	4903      	ldr	r1, [pc, #12]	@ (1000222c <__wrap___aeabi_i2d+0x2c>)
1000221e:	1b09      	subs	r1, r1, r4
10002220:	0509      	lsls	r1, r1, #20
10002222:	4319      	orrs	r1, r3
10002224:	4311      	orrs	r1, r2
10002226:	bd10      	pop	{r4, pc}
10002228:	2001296c 	.word	0x2001296c
1000222c:	0000041f 	.word	0x0000041f

10002230 <__wrap___aeabi_d2iz>:
10002230:	b510      	push	{r4, lr}
10002232:	004c      	lsls	r4, r1, #1
10002234:	0d62      	lsrs	r2, r4, #21
10002236:	2380      	movs	r3, #128	@ 0x80
10002238:	18d2      	adds	r2, r2, r3
1000223a:	00db      	lsls	r3, r3, #3
1000223c:	1ad2      	subs	r2, r2, r3
1000223e:	055b      	lsls	r3, r3, #21
10002240:	2a7e      	cmp	r2, #126	@ 0x7e
10002242:	dd10      	ble.n	10002266 <__wrap___aeabi_d2iz+0x36>
10002244:	3a9e      	subs	r2, #158	@ 0x9e
10002246:	da13      	bge.n	10002270 <__wrap___aeabi_d2iz+0x40>
10002248:	17cc      	asrs	r4, r1, #31
1000224a:	0309      	lsls	r1, r1, #12
1000224c:	0849      	lsrs	r1, r1, #1
1000224e:	4319      	orrs	r1, r3
10002250:	4252      	negs	r2, r2
10002252:	40d1      	lsrs	r1, r2
10002254:	0064      	lsls	r4, r4, #1
10002256:	3401      	adds	r4, #1
10002258:	3215      	adds	r2, #21
1000225a:	2a20      	cmp	r2, #32
1000225c:	da05      	bge.n	1000226a <__wrap___aeabi_d2iz+0x3a>
1000225e:	40d0      	lsrs	r0, r2
10002260:	4308      	orrs	r0, r1
10002262:	4360      	muls	r0, r4
10002264:	bd10      	pop	{r4, pc}
10002266:	2000      	movs	r0, #0
10002268:	bd10      	pop	{r4, pc}
1000226a:	4608      	mov	r0, r1
1000226c:	4360      	muls	r0, r4
1000226e:	bd10      	pop	{r4, pc}
10002270:	0fc8      	lsrs	r0, r1, #31
10002272:	18c0      	adds	r0, r0, r3
10002274:	3801      	subs	r0, #1
10002276:	bd10      	pop	{r4, pc}

10002278 <__wrap___aeabi_d2uiz>:
10002278:	b418      	push	{r3, r4}
1000227a:	4b02      	ldr	r3, [pc, #8]	@ (10002284 <__wrap___aeabi_d2uiz+0xc>)
1000227c:	6a5b      	ldr	r3, [r3, #36]	@ 0x24
1000227e:	9301      	str	r3, [sp, #4]
10002280:	bd08      	pop	{r3, pc}
10002282:	0000      	.short	0x0000
10002284:	200017d8 	.word	0x200017d8

10002288 <missing_double_func_shim>:
10002288:	b510      	push	{r4, lr}
1000228a:	4801      	ldr	r0, [pc, #4]	@ (10002290 <missing_double_func_shim+0x8>)
1000228c:	f7fe fa80 	bl	10000790 <panic>
10002290:	1000a308 	.word	0x1000a308

10002294 <__aeabi_double_init>:
10002294:	2313      	movs	r3, #19
10002296:	b570      	push	{r4, r5, r6, lr}
10002298:	781d      	ldrb	r5, [r3, #0]
1000229a:	2d01      	cmp	r5, #1
1000229c:	d019      	beq.n	100022d2 <__aeabi_double_init+0x3e>
1000229e:	dd14      	ble.n	100022ca <__aeabi_double_init+0x36>
100022a0:	481d      	ldr	r0, [pc, #116]	@ (10002318 <__aeabi_double_init+0x84>)
100022a2:	f7ff fb45 	bl	10001930 <rom_data_lookup>
100022a6:	0006      	movs	r6, r0
100022a8:	481c      	ldr	r0, [pc, #112]	@ (1000231c <__aeabi_double_init+0x88>)
100022aa:	f7ff fb41 	bl	10001930 <rom_data_lookup>
100022ae:	4c1c      	ldr	r4, [pc, #112]	@ (10002320 <__aeabi_double_init+0x8c>)
100022b0:	2280      	movs	r2, #128	@ 0x80
100022b2:	0031      	movs	r1, r6
100022b4:	0020      	movs	r0, r4
100022b6:	f000 f963 	bl	10002580 <__wrap___aeabi_memcpy>
100022ba:	2d02      	cmp	r5, #2
100022bc:	d006      	beq.n	100022cc <__aeabi_double_init+0x38>
100022be:	4819      	ldr	r0, [pc, #100]	@ (10002324 <__aeabi_double_init+0x90>)
100022c0:	f7ff fb2e 	bl	10001920 <rom_func_lookup>
100022c4:	4b18      	ldr	r3, [pc, #96]	@ (10002328 <__aeabi_double_init+0x94>)
100022c6:	6018      	str	r0, [r3, #0]
100022c8:	bd70      	pop	{r4, r5, r6, pc}
100022ca:	4c15      	ldr	r4, [pc, #84]	@ (10002320 <__aeabi_double_init+0x8c>)
100022cc:	4b17      	ldr	r3, [pc, #92]	@ (1000232c <__aeabi_double_init+0x98>)
100022ce:	64a3      	str	r3, [r4, #72]	@ 0x48
100022d0:	e7f5      	b.n	100022be <__aeabi_double_init+0x2a>
100022d2:	4b17      	ldr	r3, [pc, #92]	@ (10002330 <__aeabi_double_init+0x9c>)
100022d4:	4c12      	ldr	r4, [pc, #72]	@ (10002320 <__aeabi_double_init+0x8c>)
100022d6:	6023      	str	r3, [r4, #0]
100022d8:	6063      	str	r3, [r4, #4]
100022da:	60a3      	str	r3, [r4, #8]
100022dc:	60e3      	str	r3, [r4, #12]
100022de:	6123      	str	r3, [r4, #16]
100022e0:	6163      	str	r3, [r4, #20]
100022e2:	61a3      	str	r3, [r4, #24]
100022e4:	61e3      	str	r3, [r4, #28]
100022e6:	6223      	str	r3, [r4, #32]
100022e8:	6263      	str	r3, [r4, #36]	@ 0x24
100022ea:	62a3      	str	r3, [r4, #40]	@ 0x28
100022ec:	62e3      	str	r3, [r4, #44]	@ 0x2c
100022ee:	6323      	str	r3, [r4, #48]	@ 0x30
100022f0:	6363      	str	r3, [r4, #52]	@ 0x34
100022f2:	63a3      	str	r3, [r4, #56]	@ 0x38
100022f4:	63e3      	str	r3, [r4, #60]	@ 0x3c
100022f6:	6423      	str	r3, [r4, #64]	@ 0x40
100022f8:	6463      	str	r3, [r4, #68]	@ 0x44
100022fa:	64a3      	str	r3, [r4, #72]	@ 0x48
100022fc:	64e3      	str	r3, [r4, #76]	@ 0x4c
100022fe:	6523      	str	r3, [r4, #80]	@ 0x50
10002300:	6563      	str	r3, [r4, #84]	@ 0x54
10002302:	65a3      	str	r3, [r4, #88]	@ 0x58
10002304:	65e3      	str	r3, [r4, #92]	@ 0x5c
10002306:	6623      	str	r3, [r4, #96]	@ 0x60
10002308:	6663      	str	r3, [r4, #100]	@ 0x64
1000230a:	66a3      	str	r3, [r4, #104]	@ 0x68
1000230c:	66e3      	str	r3, [r4, #108]	@ 0x6c
1000230e:	6723      	str	r3, [r4, #112]	@ 0x70
10002310:	6763      	str	r3, [r4, #116]	@ 0x74
10002312:	67a3      	str	r3, [r4, #120]	@ 0x78
10002314:	67e3      	str	r3, [r4, #124]	@ 0x7c
10002316:	e7d9      	b.n	100022cc <__aeabi_double_init+0x38>
10002318:	00004453 	.word	0x00004453
1000231c:	00004653 	.word	0x00004653
10002320:	200017d8 	.word	0x200017d8
10002324:	0000334c 	.word	0x0000334c
10002328:	2001296c 	.word	0x2001296c
1000232c:	10002335 	.word	0x10002335
10002330:	10002289 	.word	0x10002289

10002334 <double_table_shim_on_use_helper>:
10002334:	b507      	push	{r0, r1, r2, lr}
10002336:	4660      	mov	r0, ip
10002338:	8801      	ldrh	r1, [r0, #0]
1000233a:	0a0a      	lsrs	r2, r1, #8
1000233c:	3002      	adds	r0, #2
1000233e:	2adf      	cmp	r2, #223	@ 0xdf
10002340:	d1fa      	bne.n	10002338 <double_table_shim_on_use_helper+0x4>
10002342:	b2c9      	uxtb	r1, r1
10002344:	0882      	lsrs	r2, r0, #2
10002346:	d304      	bcc.n	10002352 <double_table_shim_on_use_helper+0x1e>
10002348:	8802      	ldrh	r2, [r0, #0]
1000234a:	8840      	ldrh	r0, [r0, #2]
1000234c:	0400      	lsls	r0, r0, #16
1000234e:	4310      	orrs	r0, r2
10002350:	e000      	b.n	10002354 <double_table_shim_on_use_helper+0x20>
10002352:	6800      	ldr	r0, [r0, #0]
10002354:	4a01      	ldr	r2, [pc, #4]	@ (1000235c <double_table_shim_on_use_helper+0x28>)
10002356:	5050      	str	r0, [r2, r1]
10002358:	9003      	str	r0, [sp, #12]
1000235a:	bd07      	pop	{r0, r1, r2, pc}
1000235c:	200017d8 	.word	0x200017d8

10002360 <__wrap___aeabi_lmul>:
10002360:	4351      	muls	r1, r2
10002362:	4343      	muls	r3, r0
10002364:	18c9      	adds	r1, r1, r3
10002366:	468c      	mov	ip, r1
10002368:	0c11      	lsrs	r1, r2, #16
1000236a:	b283      	uxth	r3, r0
1000236c:	434b      	muls	r3, r1
1000236e:	b410      	push	{r4}
10002370:	0c04      	lsrs	r4, r0, #16
10002372:	4361      	muls	r1, r4
10002374:	b292      	uxth	r2, r2
10002376:	b280      	uxth	r0, r0
10002378:	4350      	muls	r0, r2
1000237a:	4362      	muls	r2, r4
1000237c:	041c      	lsls	r4, r3, #16
1000237e:	0c1b      	lsrs	r3, r3, #16
10002380:	1900      	adds	r0, r0, r4
10002382:	bc10      	pop	{r4}
10002384:	4159      	adcs	r1, r3
10002386:	0413      	lsls	r3, r2, #16
10002388:	0c12      	lsrs	r2, r2, #16
1000238a:	18c0      	adds	r0, r0, r3
1000238c:	4151      	adcs	r1, r2
1000238e:	4461      	add	r1, ip
10002390:	4770      	bx	lr
	...

10002394 <__wrap___aeabi_frsub>:
10002394:	4048      	eors	r0, r1
10002396:	4041      	eors	r1, r0
10002398:	4048      	eors	r0, r1

1000239a <__wrap___aeabi_fsub>:
1000239a:	4b0e      	ldr	r3, [pc, #56]	@ (100023d4 <__wrap___aeabi_fmul+0x6>)
1000239c:	685b      	ldr	r3, [r3, #4]
1000239e:	4718      	bx	r3

100023a0 <__wrap___aeabi_fadd>:
100023a0:	4b0c      	ldr	r3, [pc, #48]	@ (100023d4 <__wrap___aeabi_fmul+0x6>)
100023a2:	681b      	ldr	r3, [r3, #0]
100023a4:	4718      	bx	r3

100023a6 <__wrap___aeabi_fdiv>:
100023a6:	4a0c      	ldr	r2, [pc, #48]	@ (100023d8 <__wrap___aeabi_fmul+0xa>)
100023a8:	6f93      	ldr	r3, [r2, #120]	@ 0x78
100023aa:	089b      	lsrs	r3, r3, #2
100023ac:	d202      	bcs.n	100023b4 <fdiv_save_state>

100023ae <fdiv_shim_call>:
100023ae:	4b09      	ldr	r3, [pc, #36]	@ (100023d4 <__wrap___aeabi_fmul+0x6>)
100023b0:	68db      	ldr	r3, [r3, #12]
100023b2:	4718      	bx	r3

100023b4 <fdiv_save_state>:
100023b4:	b5f0      	push	{r4, r5, r6, r7, lr}
100023b6:	6e14      	ldr	r4, [r2, #96]	@ 0x60
100023b8:	6e55      	ldr	r5, [r2, #100]	@ 0x64
100023ba:	6f57      	ldr	r7, [r2, #116]	@ 0x74
100023bc:	6f16      	ldr	r6, [r2, #112]	@ 0x70
100023be:	f7ff fff6 	bl	100023ae <fdiv_shim_call>
100023c2:	4a05      	ldr	r2, [pc, #20]	@ (100023d8 <__wrap___aeabi_fmul+0xa>)
100023c4:	6614      	str	r4, [r2, #96]	@ 0x60
100023c6:	6655      	str	r5, [r2, #100]	@ 0x64
100023c8:	6757      	str	r7, [r2, #116]	@ 0x74
100023ca:	6716      	str	r6, [r2, #112]	@ 0x70
100023cc:	bdf0      	pop	{r4, r5, r6, r7, pc}

100023ce <__wrap___aeabi_fmul>:
100023ce:	4b01      	ldr	r3, [pc, #4]	@ (100023d4 <__wrap___aeabi_fmul+0x6>)
100023d0:	689b      	ldr	r3, [r3, #8]
100023d2:	4718      	bx	r3
100023d4:	20012970 	.word	0x20012970
100023d8:	d0000000 	.word	0xd0000000

100023dc <__wrap___aeabi_cfrcmple>:
100023dc:	b507      	push	{r0, r1, r2, lr}
100023de:	4048      	eors	r0, r1
100023e0:	4041      	eors	r1, r0
100023e2:	4048      	eors	r0, r1
100023e4:	e001      	b.n	100023ea <__aeabi_cfcmple_guts>
100023e6:	46c0      	nop			@ (mov r8, r8)

100023e8 <__wrap___aeabi_cfcmpeq>:
100023e8:	b507      	push	{r0, r1, r2, lr}

100023ea <__aeabi_cfcmple_guts>:
100023ea:	0042      	lsls	r2, r0, #1
100023ec:	0e12      	lsrs	r2, r2, #24
100023ee:	d003      	beq.n	100023f8 <__aeabi_cfcmple_guts+0xe>
100023f0:	2aff      	cmp	r2, #255	@ 0xff
100023f2:	d103      	bne.n	100023fc <__aeabi_cfcmple_guts+0x12>
100023f4:	0242      	lsls	r2, r0, #9
100023f6:	d818      	bhi.n	1000242a <__aeabi_cfcmple_guts+0x40>
100023f8:	0dc0      	lsrs	r0, r0, #23
100023fa:	05c0      	lsls	r0, r0, #23
100023fc:	004a      	lsls	r2, r1, #1
100023fe:	0e12      	lsrs	r2, r2, #24
10002400:	d003      	beq.n	1000240a <__aeabi_cfcmple_guts+0x20>
10002402:	2aff      	cmp	r2, #255	@ 0xff
10002404:	d103      	bne.n	1000240e <__aeabi_cfcmple_guts+0x24>
10002406:	024a      	lsls	r2, r1, #9
10002408:	d80f      	bhi.n	1000242a <__aeabi_cfcmple_guts+0x40>
1000240a:	0dc9      	lsrs	r1, r1, #23
1000240c:	05c9      	lsls	r1, r1, #23
1000240e:	2201      	movs	r2, #1
10002410:	4041      	eors	r1, r0
10002412:	d405      	bmi.n	10002420 <__aeabi_cfcmple_guts+0x36>
10002414:	4041      	eors	r1, r0
10002416:	d501      	bpl.n	1000241c <__aeabi_cfcmple_guts+0x32>
10002418:	4281      	cmp	r1, r0
1000241a:	bd07      	pop	{r0, r1, r2, pc}
1000241c:	4288      	cmp	r0, r1
1000241e:	bd07      	pop	{r0, r1, r2, pc}
10002420:	4301      	orrs	r1, r0
10002422:	1849      	adds	r1, r1, r1
10002424:	d001      	beq.n	1000242a <__aeabi_cfcmple_guts+0x40>
10002426:	43c0      	mvns	r0, r0
10002428:	1800      	adds	r0, r0, r0
1000242a:	bd07      	pop	{r0, r1, r2, pc}

1000242c <__wrap___aeabi_fcmplt>:
1000242c:	b500      	push	{lr}
1000242e:	f7ff ffdb 	bl	100023e8 <__wrap___aeabi_cfcmpeq>
10002432:	4180      	sbcs	r0, r0
10002434:	bd00      	pop	{pc}
10002436:	46c0      	nop			@ (mov r8, r8)

10002438 <__wrap___aeabi_fcmpgt>:
10002438:	b500      	push	{lr}
1000243a:	f7ff ffcf 	bl	100023dc <__wrap___aeabi_cfrcmple>
1000243e:	4180      	sbcs	r0, r0
10002440:	bd00      	pop	{pc}
	...

10002444 <__wrap___aeabi_i2f>:
10002444:	0fc1      	lsrs	r1, r0, #31
10002446:	07c9      	lsls	r1, r1, #31
10002448:	d500      	bpl.n	1000244c <__wrap___aeabi_i2f+0x8>
1000244a:	4240      	negs	r0, r0
1000244c:	2800      	cmp	r0, #0
1000244e:	d017      	beq.n	10002480 <__aeabi_i2f_main+0x30>

10002450 <__aeabi_i2f_main>:
10002450:	46f4      	mov	ip, lr
10002452:	b403      	push	{r0, r1}
10002454:	4b0b      	ldr	r3, [pc, #44]	@ (10002484 <__aeabi_i2f_main+0x34>)
10002456:	681b      	ldr	r3, [r3, #0]
10002458:	4798      	blx	r3
1000245a:	bc06      	pop	{r1, r2}
1000245c:	4081      	lsls	r1, r0
1000245e:	389e      	subs	r0, #158	@ 0x9e
10002460:	4240      	negs	r0, r0
10002462:	3180      	adds	r1, #128	@ 0x80
10002464:	d207      	bcs.n	10002476 <__aeabi_i2f_main+0x26>
10002466:	060b      	lsls	r3, r1, #24
10002468:	d007      	beq.n	1000247a <__aeabi_i2f_main+0x2a>
1000246a:	0049      	lsls	r1, r1, #1
1000246c:	0a49      	lsrs	r1, r1, #9
1000246e:	05c0      	lsls	r0, r0, #23
10002470:	4310      	orrs	r0, r2
10002472:	4308      	orrs	r0, r1
10002474:	4760      	bx	ip
10002476:	3001      	adds	r0, #1
10002478:	e7f8      	b.n	1000246c <__aeabi_i2f_main+0x1c>
1000247a:	0a49      	lsrs	r1, r1, #9
1000247c:	0289      	lsls	r1, r1, #10
1000247e:	e7f5      	b.n	1000246c <__aeabi_i2f_main+0x1c>
10002480:	4770      	bx	lr
10002482:	0000      	.short	0x0000
10002484:	2001296c 	.word	0x2001296c

10002488 <__wrap___aeabi_f2uiz>:
10002488:	4b01      	ldr	r3, [pc, #4]	@ (10002490 <__wrap___aeabi_f2uiz+0x8>)
1000248a:	6a5b      	ldr	r3, [r3, #36]	@ 0x24
1000248c:	4718      	bx	r3
1000248e:	0000      	.short	0x0000
10002490:	20012970 	.word	0x20012970

10002494 <__wrap___aeabi_f2d>:
10002494:	4b01      	ldr	r3, [pc, #4]	@ (1000249c <__wrap___aeabi_f2d+0x8>)
10002496:	6fdb      	ldr	r3, [r3, #124]	@ 0x7c
10002498:	4718      	bx	r3
1000249a:	0000      	.short	0x0000
1000249c:	20012970 	.word	0x20012970

100024a0 <missing_float_func_shim>:
100024a0:	b510      	push	{r4, lr}
100024a2:	4801      	ldr	r0, [pc, #4]	@ (100024a8 <missing_float_func_shim+0x8>)
100024a4:	f7fe f974 	bl	10000790 <panic>
100024a8:	1000a600 	.word	0x1000a600

100024ac <__aeabi_float_init>:
100024ac:	2313      	movs	r3, #19
100024ae:	b510      	push	{r4, lr}
100024b0:	4810      	ldr	r0, [pc, #64]	@ (100024f4 <__aeabi_float_init+0x48>)
100024b2:	781c      	ldrb	r4, [r3, #0]
100024b4:	f7ff fa3c 	bl	10001930 <rom_data_lookup>
100024b8:	0001      	movs	r1, r0
100024ba:	2c01      	cmp	r4, #1
100024bc:	d00a      	beq.n	100024d4 <__aeabi_float_init+0x28>
100024be:	dd03      	ble.n	100024c8 <__aeabi_float_init+0x1c>
100024c0:	2280      	movs	r2, #128	@ 0x80
100024c2:	480d      	ldr	r0, [pc, #52]	@ (100024f8 <__aeabi_float_init+0x4c>)
100024c4:	f000 f85c 	bl	10002580 <__wrap___aeabi_memcpy>
100024c8:	480c      	ldr	r0, [pc, #48]	@ (100024fc <__aeabi_float_init+0x50>)
100024ca:	f7ff fa29 	bl	10001920 <rom_func_lookup>
100024ce:	4b0c      	ldr	r3, [pc, #48]	@ (10002500 <__aeabi_float_init+0x54>)
100024d0:	6018      	str	r0, [r3, #0]
100024d2:	bd10      	pop	{r4, pc}
100024d4:	4c08      	ldr	r4, [pc, #32]	@ (100024f8 <__aeabi_float_init+0x4c>)
100024d6:	2254      	movs	r2, #84	@ 0x54
100024d8:	0020      	movs	r0, r4
100024da:	f000 f851 	bl	10002580 <__wrap___aeabi_memcpy>
100024de:	0022      	movs	r2, r4
100024e0:	4908      	ldr	r1, [pc, #32]	@ (10002504 <__aeabi_float_init+0x58>)
100024e2:	3280      	adds	r2, #128	@ 0x80
100024e4:	6823      	ldr	r3, [r4, #0]
100024e6:	2b00      	cmp	r3, #0
100024e8:	d100      	bne.n	100024ec <__aeabi_float_init+0x40>
100024ea:	6021      	str	r1, [r4, #0]
100024ec:	3404      	adds	r4, #4
100024ee:	4294      	cmp	r4, r2
100024f0:	d1f8      	bne.n	100024e4 <__aeabi_float_init+0x38>
100024f2:	e7e9      	b.n	100024c8 <__aeabi_float_init+0x1c>
100024f4:	00004653 	.word	0x00004653
100024f8:	20012970 	.word	0x20012970
100024fc:	0000334c 	.word	0x0000334c
10002500:	2001296c 	.word	0x2001296c
10002504:	100024a1 	.word	0x100024a1

10002508 <__wrap_malloc>:
10002508:	b570      	push	{r4, r5, r6, lr}
1000250a:	0004      	movs	r4, r0
1000250c:	4e0a      	ldr	r6, [pc, #40]	@ (10002538 <__wrap_malloc+0x30>)
1000250e:	0030      	movs	r0, r6
10002510:	f007 fdae 	bl	1000a070 <__mutex_enter_blocking_veneer>
10002514:	0020      	movs	r0, r4
10002516:	f007 fd3f 	bl	10009f98 <malloc>
1000251a:	0005      	movs	r5, r0
1000251c:	0030      	movs	r0, r6
1000251e:	f007 fdaf 	bl	1000a080 <__mutex_exit_veneer>
10002522:	2d00      	cmp	r5, #0
10002524:	d005      	beq.n	10002532 <__wrap_malloc+0x2a>
10002526:	4b05      	ldr	r3, [pc, #20]	@ (1000253c <__wrap_malloc+0x34>)
10002528:	192c      	adds	r4, r5, r4
1000252a:	429c      	cmp	r4, r3
1000252c:	d801      	bhi.n	10002532 <__wrap_malloc+0x2a>
1000252e:	0028      	movs	r0, r5
10002530:	bd70      	pop	{r4, r5, r6, pc}
10002532:	4803      	ldr	r0, [pc, #12]	@ (10002540 <__wrap_malloc+0x38>)
10002534:	f7fe f92c 	bl	10000790 <panic>
10002538:	20001640 	.word	0x20001640
1000253c:	20040000 	.word	0x20040000
10002540:	1000a320 	.word	0x1000a320

10002544 <__wrap_free>:
10002544:	b570      	push	{r4, r5, r6, lr}
10002546:	0004      	movs	r4, r0
10002548:	4d05      	ldr	r5, [pc, #20]	@ (10002560 <__wrap_free+0x1c>)
1000254a:	0028      	movs	r0, r5
1000254c:	f007 fd90 	bl	1000a070 <__mutex_enter_blocking_veneer>
10002550:	0020      	movs	r0, r4
10002552:	f007 fd2b 	bl	10009fac <free>
10002556:	0028      	movs	r0, r5
10002558:	f007 fd92 	bl	1000a080 <__mutex_exit_veneer>
1000255c:	bd70      	pop	{r4, r5, r6, pc}
1000255e:	46c0      	nop			@ (mov r8, r8)
10002560:	20001640 	.word	0x20001640

10002564 <__aeabi_mem_init>:
10002564:	4801      	ldr	r0, [pc, #4]	@ (1000256c <__aeabi_mem_init+0x8>)
10002566:	2104      	movs	r1, #4
10002568:	4b01      	ldr	r3, [pc, #4]	@ (10002570 <__aeabi_mem_init+0xc>)
1000256a:	4718      	bx	r3
1000256c:	200010b0 	.word	0x200010b0
10002570:	10001941 	.word	0x10001941

10002574 <__wrap_memset>:
10002574:	4b01      	ldr	r3, [pc, #4]	@ (1000257c <__wrap_memset+0x8>)
10002576:	681b      	ldr	r3, [r3, #0]
10002578:	4718      	bx	r3
1000257a:	0000      	.short	0x0000
1000257c:	200010b0 	.word	0x200010b0

10002580 <__wrap___aeabi_memcpy>:
10002580:	4b01      	ldr	r3, [pc, #4]	@ (10002588 <__wrap___aeabi_memcpy+0x8>)
10002582:	685b      	ldr	r3, [r3, #4]
10002584:	4718      	bx	r3
10002586:	0000      	.short	0x0000
10002588:	200010b0 	.word	0x200010b0

1000258c <_out_buffer>:
1000258c:	429a      	cmp	r2, r3
1000258e:	d200      	bcs.n	10002592 <_out_buffer+0x6>
10002590:	5488      	strb	r0, [r1, r2]
10002592:	4770      	bx	lr

10002594 <_out_null>:
10002594:	4770      	bx	lr
10002596:	46c0      	nop			@ (mov r8, r8)

10002598 <_out_rev>:
10002598:	b5f8      	push	{r3, r4, r5, r6, r7, lr}
1000259a:	4657      	mov	r7, sl
1000259c:	46de      	mov	lr, fp
1000259e:	464e      	mov	r6, r9
100025a0:	4645      	mov	r5, r8
100025a2:	b5e0      	push	{r5, r6, r7, lr}
100025a4:	4699      	mov	r9, r3
100025a6:	9b0a      	ldr	r3, [sp, #40]	@ 0x28
100025a8:	0007      	movs	r7, r0
100025aa:	469a      	mov	sl, r3
100025ac:	9b0d      	ldr	r3, [sp, #52]	@ 0x34
100025ae:	4688      	mov	r8, r1
100025b0:	4693      	mov	fp, r2
100025b2:	9c0b      	ldr	r4, [sp, #44]	@ 0x2c
100025b4:	079b      	lsls	r3, r3, #30
100025b6:	d13b      	bne.n	10002630 <_out_rev+0x98>
100025b8:	9b0c      	ldr	r3, [sp, #48]	@ 0x30
100025ba:	429c      	cmp	r4, r3
100025bc:	d23d      	bcs.n	1000263a <_out_rev+0xa2>
100025be:	1b1e      	subs	r6, r3, r4
100025c0:	940b      	str	r4, [sp, #44]	@ 0x2c
100025c2:	0015      	movs	r5, r2
100025c4:	000c      	movs	r4, r1
100025c6:	445e      	add	r6, fp
100025c8:	002a      	movs	r2, r5
100025ca:	464b      	mov	r3, r9
100025cc:	3501      	adds	r5, #1
100025ce:	0021      	movs	r1, r4
100025d0:	2020      	movs	r0, #32
100025d2:	47b8      	blx	r7
100025d4:	42b5      	cmp	r5, r6
100025d6:	d1f7      	bne.n	100025c8 <_out_rev+0x30>
100025d8:	46a0      	mov	r8, r4
100025da:	9c0b      	ldr	r4, [sp, #44]	@ 0x2c
100025dc:	2c00      	cmp	r4, #0
100025de:	d020      	beq.n	10002622 <_out_rev+0x8a>
100025e0:	4645      	mov	r5, r8
100025e2:	1936      	adds	r6, r6, r4
100025e4:	4653      	mov	r3, sl
100025e6:	1b32      	subs	r2, r6, r4
100025e8:	3c01      	subs	r4, #1
100025ea:	5d18      	ldrb	r0, [r3, r4]
100025ec:	0029      	movs	r1, r5
100025ee:	464b      	mov	r3, r9
100025f0:	47b8      	blx	r7
100025f2:	2c00      	cmp	r4, #0
100025f4:	d1f6      	bne.n	100025e4 <_out_rev+0x4c>
100025f6:	002b      	movs	r3, r5
100025f8:	0035      	movs	r5, r6
100025fa:	4698      	mov	r8, r3
100025fc:	9b0d      	ldr	r3, [sp, #52]	@ 0x34
100025fe:	079b      	lsls	r3, r3, #30
10002600:	d50f      	bpl.n	10002622 <_out_rev+0x8a>
10002602:	465b      	mov	r3, fp
10002604:	1aec      	subs	r4, r5, r3
10002606:	9b0c      	ldr	r3, [sp, #48]	@ 0x30
10002608:	42a3      	cmp	r3, r4
1000260a:	d90a      	bls.n	10002622 <_out_rev+0x8a>
1000260c:	4646      	mov	r6, r8
1000260e:	4698      	mov	r8, r3
10002610:	002a      	movs	r2, r5
10002612:	464b      	mov	r3, r9
10002614:	0031      	movs	r1, r6
10002616:	2020      	movs	r0, #32
10002618:	3401      	adds	r4, #1
1000261a:	47b8      	blx	r7
1000261c:	3501      	adds	r5, #1
1000261e:	4544      	cmp	r4, r8
10002620:	d3f6      	bcc.n	10002610 <_out_rev+0x78>
10002622:	0028      	movs	r0, r5
10002624:	bcf0      	pop	{r4, r5, r6, r7}
10002626:	46bb      	mov	fp, r7
10002628:	46b2      	mov	sl, r6
1000262a:	46a9      	mov	r9, r5
1000262c:	46a0      	mov	r8, r4
1000262e:	bdf8      	pop	{r3, r4, r5, r6, r7, pc}
10002630:	0016      	movs	r6, r2
10002632:	0015      	movs	r5, r2
10002634:	2c00      	cmp	r4, #0
10002636:	d1d3      	bne.n	100025e0 <_out_rev+0x48>
10002638:	e7e0      	b.n	100025fc <_out_rev+0x64>
1000263a:	0016      	movs	r6, r2
1000263c:	2c00      	cmp	r4, #0
1000263e:	d1cf      	bne.n	100025e0 <_out_rev+0x48>
10002640:	0015      	movs	r5, r2
10002642:	e7ee      	b.n	10002622 <_out_rev+0x8a>

10002644 <_ntoa_format>:
10002644:	b5f0      	push	{r4, r5, r6, r7, lr}
10002646:	464f      	mov	r7, r9
10002648:	4646      	mov	r6, r8
1000264a:	46d6      	mov	lr, sl
1000264c:	b5c0      	push	{r6, r7, lr}
1000264e:	b084      	sub	sp, #16
10002650:	4698      	mov	r8, r3
10002652:	ab0e      	add	r3, sp, #56	@ 0x38
10002654:	781b      	ldrb	r3, [r3, #0]
10002656:	4694      	mov	ip, r2
10002658:	4699      	mov	r9, r3
1000265a:	9b12      	ldr	r3, [sp, #72]	@ 0x48
1000265c:	9c0d      	ldr	r4, [sp, #52]	@ 0x34
1000265e:	9f10      	ldr	r7, [sp, #64]	@ 0x40
10002660:	9e11      	ldr	r6, [sp, #68]	@ 0x44
10002662:	079a      	lsls	r2, r3, #30
10002664:	d425      	bmi.n	100026b2 <_ntoa_format+0x6e>
10002666:	2e00      	cmp	r6, #0
10002668:	d165      	bne.n	10002736 <_ntoa_format+0xf2>
1000266a:	42bc      	cmp	r4, r7
1000266c:	d221      	bcs.n	100026b2 <_ntoa_format+0x6e>
1000266e:	2201      	movs	r2, #1
10002670:	401a      	ands	r2, r3
10002672:	4692      	mov	sl, r2
10002674:	2c20      	cmp	r4, #32
10002676:	d100      	bne.n	1000267a <_ntoa_format+0x36>
10002678:	e0e9      	b.n	1000284e <_ntoa_format+0x20a>
1000267a:	9a0c      	ldr	r2, [sp, #48]	@ 0x30
1000267c:	1e55      	subs	r5, r2, #1
1000267e:	2230      	movs	r2, #48	@ 0x30
10002680:	e002      	b.n	10002688 <_ntoa_format+0x44>
10002682:	2c20      	cmp	r4, #32
10002684:	d100      	bne.n	10002688 <_ntoa_format+0x44>
10002686:	e07b      	b.n	10002780 <_ntoa_format+0x13c>
10002688:	3401      	adds	r4, #1
1000268a:	552a      	strb	r2, [r5, r4]
1000268c:	42a7      	cmp	r7, r4
1000268e:	d8f8      	bhi.n	10002682 <_ntoa_format+0x3e>
10002690:	4652      	mov	r2, sl
10002692:	2a00      	cmp	r2, #0
10002694:	d00d      	beq.n	100026b2 <_ntoa_format+0x6e>
10002696:	42b4      	cmp	r4, r6
10002698:	d20b      	bcs.n	100026b2 <_ntoa_format+0x6e>
1000269a:	9a0c      	ldr	r2, [sp, #48]	@ 0x30
1000269c:	1e55      	subs	r5, r2, #1
1000269e:	2230      	movs	r2, #48	@ 0x30
100026a0:	2c20      	cmp	r4, #32
100026a2:	d102      	bne.n	100026aa <_ntoa_format+0x66>
100026a4:	e071      	b.n	1000278a <_ntoa_format+0x146>
100026a6:	2c20      	cmp	r4, #32
100026a8:	d02d      	beq.n	10002706 <_ntoa_format+0xc2>
100026aa:	3401      	adds	r4, #1
100026ac:	552a      	strb	r2, [r5, r4]
100026ae:	42b4      	cmp	r4, r6
100026b0:	d1f9      	bne.n	100026a6 <_ntoa_format+0x62>
100026b2:	06da      	lsls	r2, r3, #27
100026b4:	d53c      	bpl.n	10002730 <_ntoa_format+0xec>
100026b6:	055a      	lsls	r2, r3, #21
100026b8:	d42e      	bmi.n	10002718 <_ntoa_format+0xd4>
100026ba:	2c00      	cmp	r4, #0
100026bc:	d128      	bne.n	10002710 <_ntoa_format+0xcc>
100026be:	9a0f      	ldr	r2, [sp, #60]	@ 0x3c
100026c0:	2a10      	cmp	r2, #16
100026c2:	d100      	bne.n	100026c6 <_ntoa_format+0x82>
100026c4:	e0b6      	b.n	10002834 <_ntoa_format+0x1f0>
100026c6:	2a02      	cmp	r2, #2
100026c8:	d100      	bne.n	100026cc <_ntoa_format+0x88>
100026ca:	e0bc      	b.n	10002846 <_ntoa_format+0x202>
100026cc:	2230      	movs	r2, #48	@ 0x30
100026ce:	9c0c      	ldr	r4, [sp, #48]	@ 0x30
100026d0:	7022      	strb	r2, [r4, #0]
100026d2:	2401      	movs	r4, #1
100026d4:	464a      	mov	r2, r9
100026d6:	2a00      	cmp	r2, #0
100026d8:	d165      	bne.n	100027a6 <_ntoa_format+0x162>
100026da:	075a      	lsls	r2, r3, #29
100026dc:	d400      	bmi.n	100026e0 <_ntoa_format+0x9c>
100026de:	e099      	b.n	10002814 <_ntoa_format+0x1d0>
100026e0:	222b      	movs	r2, #43	@ 0x2b
100026e2:	9d0c      	ldr	r5, [sp, #48]	@ 0x30
100026e4:	552a      	strb	r2, [r5, r4]
100026e6:	3401      	adds	r4, #1
100026e8:	9303      	str	r3, [sp, #12]
100026ea:	9b0c      	ldr	r3, [sp, #48]	@ 0x30
100026ec:	4662      	mov	r2, ip
100026ee:	9300      	str	r3, [sp, #0]
100026f0:	9602      	str	r6, [sp, #8]
100026f2:	4643      	mov	r3, r8
100026f4:	9401      	str	r4, [sp, #4]
100026f6:	f7ff ff4f 	bl	10002598 <_out_rev>
100026fa:	b004      	add	sp, #16
100026fc:	bce0      	pop	{r5, r6, r7}
100026fe:	46ba      	mov	sl, r7
10002700:	46b1      	mov	r9, r6
10002702:	46a8      	mov	r8, r5
10002704:	bdf0      	pop	{r4, r5, r6, r7, pc}
10002706:	2420      	movs	r4, #32
10002708:	06da      	lsls	r2, r3, #27
1000270a:	d5ed      	bpl.n	100026e8 <_ntoa_format+0xa4>
1000270c:	055a      	lsls	r2, r3, #21
1000270e:	d403      	bmi.n	10002718 <_ntoa_format+0xd4>
10002710:	42a7      	cmp	r7, r4
10002712:	d066      	beq.n	100027e2 <_ntoa_format+0x19e>
10002714:	42b4      	cmp	r4, r6
10002716:	d064      	beq.n	100027e2 <_ntoa_format+0x19e>
10002718:	9a0f      	ldr	r2, [sp, #60]	@ 0x3c
1000271a:	2a10      	cmp	r2, #16
1000271c:	d071      	beq.n	10002802 <_ntoa_format+0x1be>
1000271e:	2a02      	cmp	r2, #2
10002720:	d057      	beq.n	100027d2 <_ntoa_format+0x18e>
10002722:	2c20      	cmp	r4, #32
10002724:	d0e0      	beq.n	100026e8 <_ntoa_format+0xa4>
10002726:	0022      	movs	r2, r4
10002728:	3401      	adds	r4, #1
1000272a:	2530      	movs	r5, #48	@ 0x30
1000272c:	9f0c      	ldr	r7, [sp, #48]	@ 0x30
1000272e:	54bd      	strb	r5, [r7, r2]
10002730:	2c20      	cmp	r4, #32
10002732:	d0d9      	beq.n	100026e8 <_ntoa_format+0xa4>
10002734:	e7ce      	b.n	100026d4 <_ntoa_format+0x90>
10002736:	2201      	movs	r2, #1
10002738:	0015      	movs	r5, r2
1000273a:	401d      	ands	r5, r3
1000273c:	46aa      	mov	sl, r5
1000273e:	421a      	tst	r2, r3
10002740:	d036      	beq.n	100027b0 <_ntoa_format+0x16c>
10002742:	464a      	mov	r2, r9
10002744:	2a00      	cmp	r2, #0
10002746:	d14a      	bne.n	100027de <_ntoa_format+0x19a>
10002748:	320c      	adds	r2, #12
1000274a:	421a      	tst	r2, r3
1000274c:	d147      	bne.n	100027de <_ntoa_format+0x19a>
1000274e:	42bc      	cmp	r4, r7
10002750:	d2a1      	bcs.n	10002696 <_ntoa_format+0x52>
10002752:	2c20      	cmp	r4, #32
10002754:	d191      	bne.n	1000267a <_ntoa_format+0x36>
10002756:	2e20      	cmp	r6, #32
10002758:	d817      	bhi.n	1000278a <_ntoa_format+0x146>
1000275a:	2420      	movs	r4, #32
1000275c:	06da      	lsls	r2, r3, #27
1000275e:	d5c3      	bpl.n	100026e8 <_ntoa_format+0xa4>
10002760:	055a      	lsls	r2, r3, #21
10002762:	d41b      	bmi.n	1000279c <_ntoa_format+0x158>
10002764:	2f20      	cmp	r7, #32
10002766:	d001      	beq.n	1000276c <_ntoa_format+0x128>
10002768:	2e20      	cmp	r6, #32
1000276a:	d1d5      	bne.n	10002718 <_ntoa_format+0xd4>
1000276c:	221f      	movs	r2, #31
1000276e:	9d0f      	ldr	r5, [sp, #60]	@ 0x3c
10002770:	2d10      	cmp	r5, #16
10002772:	d06f      	beq.n	10002854 <_ntoa_format+0x210>
10002774:	2d02      	cmp	r5, #2
10002776:	d1d8      	bne.n	1000272a <_ntoa_format+0xe6>
10002778:	2562      	movs	r5, #98	@ 0x62
1000277a:	9f0c      	ldr	r7, [sp, #48]	@ 0x30
1000277c:	54bd      	strb	r5, [r7, r2]
1000277e:	e7d0      	b.n	10002722 <_ntoa_format+0xde>
10002780:	4652      	mov	r2, sl
10002782:	2a00      	cmp	r2, #0
10002784:	d079      	beq.n	1000287a <_ntoa_format+0x236>
10002786:	2e20      	cmp	r6, #32
10002788:	d9bd      	bls.n	10002706 <_ntoa_format+0xc2>
1000278a:	2420      	movs	r4, #32
1000278c:	06da      	lsls	r2, r3, #27
1000278e:	d5ab      	bpl.n	100026e8 <_ntoa_format+0xa4>
10002790:	055a      	lsls	r2, r3, #21
10002792:	d403      	bmi.n	1000279c <_ntoa_format+0x158>
10002794:	2f20      	cmp	r7, #32
10002796:	d0e9      	beq.n	1000276c <_ntoa_format+0x128>
10002798:	2e20      	cmp	r6, #32
1000279a:	d0e7      	beq.n	1000276c <_ntoa_format+0x128>
1000279c:	9a0f      	ldr	r2, [sp, #60]	@ 0x3c
1000279e:	2a10      	cmp	r2, #16
100027a0:	d1a2      	bne.n	100026e8 <_ntoa_format+0xa4>
100027a2:	2420      	movs	r4, #32
100027a4:	e7a0      	b.n	100026e8 <_ntoa_format+0xa4>
100027a6:	222d      	movs	r2, #45	@ 0x2d
100027a8:	9d0c      	ldr	r5, [sp, #48]	@ 0x30
100027aa:	552a      	strb	r2, [r5, r4]
100027ac:	3401      	adds	r4, #1
100027ae:	e79b      	b.n	100026e8 <_ntoa_format+0xa4>
100027b0:	42bc      	cmp	r4, r7
100027b2:	d300      	bcc.n	100027b6 <_ntoa_format+0x172>
100027b4:	e77d      	b.n	100026b2 <_ntoa_format+0x6e>
100027b6:	2c20      	cmp	r4, #32
100027b8:	d000      	beq.n	100027bc <_ntoa_format+0x178>
100027ba:	e75e      	b.n	1000267a <_ntoa_format+0x36>
100027bc:	06da      	lsls	r2, r3, #27
100027be:	d5f0      	bpl.n	100027a2 <_ntoa_format+0x15e>
100027c0:	055a      	lsls	r2, r3, #21
100027c2:	d4ee      	bmi.n	100027a2 <_ntoa_format+0x15e>
100027c4:	2f20      	cmp	r7, #32
100027c6:	d062      	beq.n	1000288e <_ntoa_format+0x24a>
100027c8:	2e20      	cmp	r6, #32
100027ca:	d1ea      	bne.n	100027a2 <_ntoa_format+0x15e>
100027cc:	0034      	movs	r4, r6
100027ce:	221f      	movs	r2, #31
100027d0:	e7cd      	b.n	1000276e <_ntoa_format+0x12a>
100027d2:	2c20      	cmp	r4, #32
100027d4:	d100      	bne.n	100027d8 <_ntoa_format+0x194>
100027d6:	e787      	b.n	100026e8 <_ntoa_format+0xa4>
100027d8:	0022      	movs	r2, r4
100027da:	3401      	adds	r4, #1
100027dc:	e7cc      	b.n	10002778 <_ntoa_format+0x134>
100027de:	3e01      	subs	r6, #1
100027e0:	e7b5      	b.n	1000274e <_ntoa_format+0x10a>
100027e2:	1e62      	subs	r2, r4, #1
100027e4:	2c01      	cmp	r4, #1
100027e6:	d1c2      	bne.n	1000276e <_ntoa_format+0x12a>
100027e8:	9a0f      	ldr	r2, [sp, #60]	@ 0x3c
100027ea:	2a10      	cmp	r2, #16
100027ec:	d000      	beq.n	100027f0 <_ntoa_format+0x1ac>
100027ee:	e76a      	b.n	100026c6 <_ntoa_format+0x82>
100027f0:	069a      	lsls	r2, r3, #26
100027f2:	d53b      	bpl.n	1000286c <_ntoa_format+0x228>
100027f4:	2258      	movs	r2, #88	@ 0x58
100027f6:	9c0c      	ldr	r4, [sp, #48]	@ 0x30
100027f8:	7022      	strb	r2, [r4, #0]
100027fa:	3a28      	subs	r2, #40	@ 0x28
100027fc:	7062      	strb	r2, [r4, #1]
100027fe:	2402      	movs	r4, #2
10002800:	e768      	b.n	100026d4 <_ntoa_format+0x90>
10002802:	069a      	lsls	r2, r3, #26
10002804:	d40e      	bmi.n	10002824 <_ntoa_format+0x1e0>
10002806:	2c20      	cmp	r4, #32
10002808:	d0cb      	beq.n	100027a2 <_ntoa_format+0x15e>
1000280a:	2278      	movs	r2, #120	@ 0x78
1000280c:	9d0c      	ldr	r5, [sp, #48]	@ 0x30
1000280e:	552a      	strb	r2, [r5, r4]
10002810:	3401      	adds	r4, #1
10002812:	e786      	b.n	10002722 <_ntoa_format+0xde>
10002814:	071a      	lsls	r2, r3, #28
10002816:	d400      	bmi.n	1000281a <_ntoa_format+0x1d6>
10002818:	e766      	b.n	100026e8 <_ntoa_format+0xa4>
1000281a:	2220      	movs	r2, #32
1000281c:	9d0c      	ldr	r5, [sp, #48]	@ 0x30
1000281e:	552a      	strb	r2, [r5, r4]
10002820:	3401      	adds	r4, #1
10002822:	e761      	b.n	100026e8 <_ntoa_format+0xa4>
10002824:	2c20      	cmp	r4, #32
10002826:	d0bc      	beq.n	100027a2 <_ntoa_format+0x15e>
10002828:	2558      	movs	r5, #88	@ 0x58
1000282a:	9a0c      	ldr	r2, [sp, #48]	@ 0x30
1000282c:	1912      	adds	r2, r2, r4
1000282e:	7015      	strb	r5, [r2, #0]
10002830:	3401      	adds	r4, #1
10002832:	e776      	b.n	10002722 <_ntoa_format+0xde>
10002834:	069a      	lsls	r2, r3, #26
10002836:	d508      	bpl.n	1000284a <_ntoa_format+0x206>
10002838:	2258      	movs	r2, #88	@ 0x58
1000283a:	9c0c      	ldr	r4, [sp, #48]	@ 0x30
1000283c:	7022      	strb	r2, [r4, #0]
1000283e:	2230      	movs	r2, #48	@ 0x30
10002840:	7062      	strb	r2, [r4, #1]
10002842:	2402      	movs	r4, #2
10002844:	e746      	b.n	100026d4 <_ntoa_format+0x90>
10002846:	3260      	adds	r2, #96	@ 0x60
10002848:	e7f7      	b.n	1000283a <_ntoa_format+0x1f6>
1000284a:	2278      	movs	r2, #120	@ 0x78
1000284c:	e7f5      	b.n	1000283a <_ntoa_format+0x1f6>
1000284e:	2a00      	cmp	r2, #0
10002850:	d183      	bne.n	1000275a <_ntoa_format+0x116>
10002852:	e7b3      	b.n	100027bc <_ntoa_format+0x178>
10002854:	1ea2      	subs	r2, r4, #2
10002856:	3c01      	subs	r4, #1
10002858:	069d      	lsls	r5, r3, #26
1000285a:	d403      	bmi.n	10002864 <_ntoa_format+0x220>
1000285c:	2578      	movs	r5, #120	@ 0x78
1000285e:	9f0c      	ldr	r7, [sp, #48]	@ 0x30
10002860:	54bd      	strb	r5, [r7, r2]
10002862:	e760      	b.n	10002726 <_ntoa_format+0xe2>
10002864:	2558      	movs	r5, #88	@ 0x58
10002866:	9f0c      	ldr	r7, [sp, #48]	@ 0x30
10002868:	54bd      	strb	r5, [r7, r2]
1000286a:	e75c      	b.n	10002726 <_ntoa_format+0xe2>
1000286c:	2278      	movs	r2, #120	@ 0x78
1000286e:	9c0c      	ldr	r4, [sp, #48]	@ 0x30
10002870:	7022      	strb	r2, [r4, #0]
10002872:	3a48      	subs	r2, #72	@ 0x48
10002874:	7062      	strb	r2, [r4, #1]
10002876:	2402      	movs	r4, #2
10002878:	e72c      	b.n	100026d4 <_ntoa_format+0x90>
1000287a:	06da      	lsls	r2, r3, #27
1000287c:	d400      	bmi.n	10002880 <_ntoa_format+0x23c>
1000287e:	e733      	b.n	100026e8 <_ntoa_format+0xa4>
10002880:	055a      	lsls	r2, r3, #21
10002882:	d48b      	bmi.n	1000279c <_ntoa_format+0x158>
10002884:	2f20      	cmp	r7, #32
10002886:	d000      	beq.n	1000288a <_ntoa_format+0x246>
10002888:	e744      	b.n	10002714 <_ntoa_format+0xd0>
1000288a:	221f      	movs	r2, #31
1000288c:	e76f      	b.n	1000276e <_ntoa_format+0x12a>
1000288e:	003c      	movs	r4, r7
10002890:	221f      	movs	r2, #31
10002892:	e76c      	b.n	1000276e <_ntoa_format+0x12a>

10002894 <_out_char>:
10002894:	b510      	push	{r4, lr}
10002896:	2800      	cmp	r0, #0
10002898:	d100      	bne.n	1000289c <_out_char+0x8>
1000289a:	bd10      	pop	{r4, pc}
1000289c:	f001 fb8e 	bl	10003fbc <__wrap_putchar>
100028a0:	e7fb      	b.n	1000289a <_out_char+0x6>
100028a2:	46c0      	nop			@ (mov r8, r8)

100028a4 <_out_fct>:
100028a4:	000b      	movs	r3, r1
100028a6:	b510      	push	{r4, lr}
100028a8:	2800      	cmp	r0, #0
100028aa:	d002      	beq.n	100028b2 <_out_fct+0xe>
100028ac:	6849      	ldr	r1, [r1, #4]
100028ae:	681b      	ldr	r3, [r3, #0]
100028b0:	4798      	blx	r3
100028b2:	bd10      	pop	{r4, pc}

100028b4 <_etoa>:
100028b4:	b5f0      	push	{r4, r5, r6, r7, lr}
100028b6:	4657      	mov	r7, sl
100028b8:	464e      	mov	r6, r9
100028ba:	4645      	mov	r5, r8
100028bc:	46de      	mov	lr, fp
100028be:	b5e0      	push	{r5, r6, r7, lr}
100028c0:	b099      	sub	sp, #100	@ 0x64
100028c2:	4682      	mov	sl, r0
100028c4:	4689      	mov	r9, r1
100028c6:	4690      	mov	r8, r2
100028c8:	9308      	str	r3, [sp, #32]
100028ca:	9a22      	ldr	r2, [sp, #136]	@ 0x88
100028cc:	9b23      	ldr	r3, [sp, #140]	@ 0x8c
100028ce:	0010      	movs	r0, r2
100028d0:	0019      	movs	r1, r3
100028d2:	f7ff fc84 	bl	100021de <__wrap___aeabi_dcmpun>
100028d6:	2800      	cmp	r0, #0
100028d8:	d000      	beq.n	100028dc <_etoa+0x28>
100028da:	e0cd      	b.n	10002a78 <_etoa+0x1c4>
100028dc:	9822      	ldr	r0, [sp, #136]	@ 0x88
100028de:	9923      	ldr	r1, [sp, #140]	@ 0x8c
100028e0:	2201      	movs	r2, #1
100028e2:	4bd9      	ldr	r3, [pc, #868]	@ (10002c48 <_etoa+0x394>)
100028e4:	4252      	negs	r2, r2
100028e6:	f7ff fc75 	bl	100021d4 <__wrap___aeabi_dcmpgt>
100028ea:	2800      	cmp	r0, #0
100028ec:	d000      	beq.n	100028f0 <_etoa+0x3c>
100028ee:	e0c3      	b.n	10002a78 <_etoa+0x1c4>
100028f0:	9822      	ldr	r0, [sp, #136]	@ 0x88
100028f2:	9923      	ldr	r1, [sp, #140]	@ 0x8c
100028f4:	2201      	movs	r2, #1
100028f6:	4bd5      	ldr	r3, [pc, #852]	@ (10002c4c <_etoa+0x398>)
100028f8:	4252      	negs	r2, r2
100028fa:	f7ff fc5d 	bl	100021b8 <__wrap___aeabi_dcmplt>
100028fe:	2800      	cmp	r0, #0
10002900:	d000      	beq.n	10002904 <_etoa+0x50>
10002902:	e0b9      	b.n	10002a78 <_etoa+0x1c4>
10002904:	9822      	ldr	r0, [sp, #136]	@ 0x88
10002906:	9923      	ldr	r1, [sp, #140]	@ 0x8c
10002908:	2200      	movs	r2, #0
1000290a:	2300      	movs	r3, #0
1000290c:	f7ff fc54 	bl	100021b8 <__wrap___aeabi_dcmplt>
10002910:	2800      	cmp	r0, #0
10002912:	d000      	beq.n	10002916 <_etoa+0x62>
10002914:	e1f1      	b.n	10002cfa <_etoa+0x446>
10002916:	9e22      	ldr	r6, [sp, #136]	@ 0x88
10002918:	9f23      	ldr	r7, [sp, #140]	@ 0x8c
1000291a:	2380      	movs	r3, #128	@ 0x80
1000291c:	9a26      	ldr	r2, [sp, #152]	@ 0x98
1000291e:	00db      	lsls	r3, r3, #3
10002920:	401a      	ands	r2, r3
10002922:	920d      	str	r2, [sp, #52]	@ 0x34
10002924:	9a26      	ldr	r2, [sp, #152]	@ 0x98
10002926:	421a      	tst	r2, r3
10002928:	d101      	bne.n	1000292e <_etoa+0x7a>
1000292a:	2306      	movs	r3, #6
1000292c:	9324      	str	r3, [sp, #144]	@ 0x90
1000292e:	2380      	movs	r3, #128	@ 0x80
10002930:	9a26      	ldr	r2, [sp, #152]	@ 0x98
10002932:	011b      	lsls	r3, r3, #4
10002934:	401a      	ands	r2, r3
10002936:	003b      	movs	r3, r7
10002938:	4693      	mov	fp, r2
1000293a:	9609      	str	r6, [sp, #36]	@ 0x24
1000293c:	4333      	orrs	r3, r6
1000293e:	d000      	beq.n	10002942 <_etoa+0x8e>
10002940:	e0b3      	b.n	10002aaa <_etoa+0x1f6>
10002942:	2a00      	cmp	r2, #0
10002944:	d000      	beq.n	10002948 <_etoa+0x94>
10002946:	e1c2      	b.n	10002cce <_etoa+0x41a>
10002948:	2300      	movs	r3, #0
1000294a:	2400      	movs	r4, #0
1000294c:	930a      	str	r3, [sp, #40]	@ 0x28
1000294e:	940b      	str	r4, [sp, #44]	@ 0x2c
10002950:	2300      	movs	r3, #0
10002952:	2504      	movs	r5, #4
10002954:	9309      	str	r3, [sp, #36]	@ 0x24
10002956:	9b25      	ldr	r3, [sp, #148]	@ 0x94
10002958:	2400      	movs	r4, #0
1000295a:	42ab      	cmp	r3, r5
1000295c:	d900      	bls.n	10002960 <_etoa+0xac>
1000295e:	1b5c      	subs	r4, r3, r5
10002960:	2302      	movs	r3, #2
10002962:	9a26      	ldr	r2, [sp, #152]	@ 0x98
10002964:	401a      	ands	r2, r3
10002966:	920c      	str	r2, [sp, #48]	@ 0x30
10002968:	9a26      	ldr	r2, [sp, #152]	@ 0x98
1000296a:	4213      	tst	r3, r2
1000296c:	d003      	beq.n	10002976 <_etoa+0xc2>
1000296e:	426b      	negs	r3, r5
10002970:	416b      	adcs	r3, r5
10002972:	425b      	negs	r3, r3
10002974:	401c      	ands	r4, r3
10002976:	9b09      	ldr	r3, [sp, #36]	@ 0x24
10002978:	2b00      	cmp	r3, #0
1000297a:	d007      	beq.n	1000298c <_etoa+0xd8>
1000297c:	9a0a      	ldr	r2, [sp, #40]	@ 0x28
1000297e:	9b0b      	ldr	r3, [sp, #44]	@ 0x2c
10002980:	0030      	movs	r0, r6
10002982:	0039      	movs	r1, r7
10002984:	f7ff fbbf 	bl	10002106 <__wrap___aeabi_ddiv>
10002988:	0006      	movs	r6, r0
1000298a:	000f      	movs	r7, r1
1000298c:	9822      	ldr	r0, [sp, #136]	@ 0x88
1000298e:	9923      	ldr	r1, [sp, #140]	@ 0x8c
10002990:	2200      	movs	r2, #0
10002992:	2300      	movs	r3, #0
10002994:	f7ff fc10 	bl	100021b8 <__wrap___aeabi_dcmplt>
10002998:	2800      	cmp	r0, #0
1000299a:	d003      	beq.n	100029a4 <_etoa+0xf0>
1000299c:	2180      	movs	r1, #128	@ 0x80
1000299e:	0609      	lsls	r1, r1, #24
100029a0:	187b      	adds	r3, r7, r1
100029a2:	001f      	movs	r7, r3
100029a4:	9a26      	ldr	r2, [sp, #152]	@ 0x98
100029a6:	4baa      	ldr	r3, [pc, #680]	@ (10002c50 <_etoa+0x39c>)
100029a8:	9600      	str	r6, [sp, #0]
100029aa:	9701      	str	r7, [sp, #4]
100029ac:	4013      	ands	r3, r2
100029ae:	9e08      	ldr	r6, [sp, #32]
100029b0:	9304      	str	r3, [sp, #16]
100029b2:	9b24      	ldr	r3, [sp, #144]	@ 0x90
100029b4:	9403      	str	r4, [sp, #12]
100029b6:	9302      	str	r3, [sp, #8]
100029b8:	4642      	mov	r2, r8
100029ba:	0033      	movs	r3, r6
100029bc:	4649      	mov	r1, r9
100029be:	4650      	mov	r0, sl
100029c0:	f000 f9aa 	bl	10002d18 <_ftoa>
100029c4:	0004      	movs	r4, r0
100029c6:	2d00      	cmp	r5, #0
100029c8:	d067      	beq.n	10002a9a <_etoa+0x1e6>
100029ca:	2020      	movs	r0, #32
100029cc:	9a26      	ldr	r2, [sp, #152]	@ 0x98
100029ce:	4649      	mov	r1, r9
100029d0:	4002      	ands	r2, r0
100029d2:	0013      	movs	r3, r2
100029d4:	425a      	negs	r2, r3
100029d6:	4153      	adcs	r3, r2
100029d8:	425b      	negs	r3, r3
100029da:	1c62      	adds	r2, r4, #1
100029dc:	4018      	ands	r0, r3
100029de:	920a      	str	r2, [sp, #40]	@ 0x28
100029e0:	0033      	movs	r3, r6
100029e2:	0022      	movs	r2, r4
100029e4:	3045      	adds	r0, #69	@ 0x45
100029e6:	47d0      	blx	sl
100029e8:	9a09      	ldr	r2, [sp, #36]	@ 0x24
100029ea:	1e6f      	subs	r7, r5, #1
100029ec:	17d3      	asrs	r3, r2, #31
100029ee:	18d4      	adds	r4, r2, r3
100029f0:	405c      	eors	r4, r3
100029f2:	0fd3      	lsrs	r3, r2, #31
100029f4:	469b      	mov	fp, r3
100029f6:	2500      	movs	r5, #0
100029f8:	e001      	b.n	100029fe <_etoa+0x14a>
100029fa:	2d20      	cmp	r5, #32
100029fc:	d013      	beq.n	10002a26 <_etoa+0x172>
100029fe:	aa08      	add	r2, sp, #32
10002a00:	4694      	mov	ip, r2
10002a02:	231f      	movs	r3, #31
10002a04:	0020      	movs	r0, r4
10002a06:	4463      	add	r3, ip
10002a08:	210a      	movs	r1, #10
10002a0a:	3501      	adds	r5, #1
10002a0c:	195e      	adds	r6, r3, r5
10002a0e:	f7ff f935 	bl	10001c7c <__wrap___aeabi_uidiv>
10002a12:	3130      	adds	r1, #48	@ 0x30
10002a14:	7031      	strb	r1, [r6, #0]
10002a16:	0020      	movs	r0, r4
10002a18:	210a      	movs	r1, #10
10002a1a:	f7ff f92f 	bl	10001c7c <__wrap___aeabi_uidiv>
10002a1e:	0026      	movs	r6, r4
10002a20:	0004      	movs	r4, r0
10002a22:	2e09      	cmp	r6, #9
10002a24:	d8e9      	bhi.n	100029fa <_etoa+0x146>
10002a26:	2305      	movs	r3, #5
10002a28:	9306      	str	r3, [sp, #24]
10002a2a:	2300      	movs	r3, #0
10002a2c:	9304      	str	r3, [sp, #16]
10002a2e:	330a      	adds	r3, #10
10002a30:	9303      	str	r3, [sp, #12]
10002a32:	465b      	mov	r3, fp
10002a34:	9e08      	ldr	r6, [sp, #32]
10002a36:	9302      	str	r3, [sp, #8]
10002a38:	ab10      	add	r3, sp, #64	@ 0x40
10002a3a:	9a0a      	ldr	r2, [sp, #40]	@ 0x28
10002a3c:	9300      	str	r3, [sp, #0]
10002a3e:	4649      	mov	r1, r9
10002a40:	0033      	movs	r3, r6
10002a42:	4650      	mov	r0, sl
10002a44:	9705      	str	r7, [sp, #20]
10002a46:	9501      	str	r5, [sp, #4]
10002a48:	f7ff fdfc 	bl	10002644 <_ntoa_format>
10002a4c:	9a0c      	ldr	r2, [sp, #48]	@ 0x30
10002a4e:	0004      	movs	r4, r0
10002a50:	2a00      	cmp	r2, #0
10002a52:	d022      	beq.n	10002a9a <_etoa+0x1e6>
10002a54:	4642      	mov	r2, r8
10002a56:	1a85      	subs	r5, r0, r2
10002a58:	9a25      	ldr	r2, [sp, #148]	@ 0x94
10002a5a:	42aa      	cmp	r2, r5
10002a5c:	d91d      	bls.n	10002a9a <_etoa+0x1e6>
10002a5e:	46b0      	mov	r8, r6
10002a60:	4657      	mov	r7, sl
10002a62:	0016      	movs	r6, r2
10002a64:	0022      	movs	r2, r4
10002a66:	4643      	mov	r3, r8
10002a68:	4649      	mov	r1, r9
10002a6a:	2020      	movs	r0, #32
10002a6c:	3501      	adds	r5, #1
10002a6e:	47b8      	blx	r7
10002a70:	3401      	adds	r4, #1
10002a72:	42ae      	cmp	r6, r5
10002a74:	d8f6      	bhi.n	10002a64 <_etoa+0x1b0>
10002a76:	e010      	b.n	10002a9a <_etoa+0x1e6>
10002a78:	9b26      	ldr	r3, [sp, #152]	@ 0x98
10002a7a:	4642      	mov	r2, r8
10002a7c:	9304      	str	r3, [sp, #16]
10002a7e:	9b25      	ldr	r3, [sp, #148]	@ 0x94
10002a80:	4649      	mov	r1, r9
10002a82:	9303      	str	r3, [sp, #12]
10002a84:	9b24      	ldr	r3, [sp, #144]	@ 0x90
10002a86:	4650      	mov	r0, sl
10002a88:	9302      	str	r3, [sp, #8]
10002a8a:	9b22      	ldr	r3, [sp, #136]	@ 0x88
10002a8c:	9c23      	ldr	r4, [sp, #140]	@ 0x8c
10002a8e:	9300      	str	r3, [sp, #0]
10002a90:	9401      	str	r4, [sp, #4]
10002a92:	9b08      	ldr	r3, [sp, #32]
10002a94:	f000 f940 	bl	10002d18 <_ftoa>
10002a98:	0004      	movs	r4, r0
10002a9a:	0020      	movs	r0, r4
10002a9c:	b019      	add	sp, #100	@ 0x64
10002a9e:	bcf0      	pop	{r4, r5, r6, r7}
10002aa0:	46bb      	mov	fp, r7
10002aa2:	46b2      	mov	sl, r6
10002aa4:	46a9      	mov	r9, r5
10002aa6:	46a0      	mov	r8, r4
10002aa8:	bdf0      	pop	{r4, r5, r6, r7, pc}
10002aaa:	4b6a      	ldr	r3, [pc, #424]	@ (10002c54 <_etoa+0x3a0>)
10002aac:	0078      	lsls	r0, r7, #1
10002aae:	469c      	mov	ip, r3
10002ab0:	0d40      	lsrs	r0, r0, #21
10002ab2:	4460      	add	r0, ip
10002ab4:	f7ff fba4 	bl	10002200 <__wrap___aeabi_i2d>
10002ab8:	4a67      	ldr	r2, [pc, #412]	@ (10002c58 <_etoa+0x3a4>)
10002aba:	4b68      	ldr	r3, [pc, #416]	@ (10002c5c <_etoa+0x3a8>)
10002abc:	f7ff fb3d 	bl	1000213a <__wrap___aeabi_dmul>
10002ac0:	4a67      	ldr	r2, [pc, #412]	@ (10002c60 <_etoa+0x3ac>)
10002ac2:	4b68      	ldr	r3, [pc, #416]	@ (10002c64 <_etoa+0x3b0>)
10002ac4:	f7ff fb1a 	bl	100020fc <__wrap___aeabi_dadd>
10002ac8:	4a67      	ldr	r2, [pc, #412]	@ (10002c68 <_etoa+0x3b4>)
10002aca:	033b      	lsls	r3, r7, #12
10002acc:	0b1b      	lsrs	r3, r3, #12
10002ace:	431a      	orrs	r2, r3
10002ad0:	0004      	movs	r4, r0
10002ad2:	000d      	movs	r5, r1
10002ad4:	9809      	ldr	r0, [sp, #36]	@ 0x24
10002ad6:	0011      	movs	r1, r2
10002ad8:	4b64      	ldr	r3, [pc, #400]	@ (10002c6c <_etoa+0x3b8>)
10002ada:	2200      	movs	r2, #0
10002adc:	f7ff fb09 	bl	100020f2 <__wrap___aeabi_dsub>
10002ae0:	4a63      	ldr	r2, [pc, #396]	@ (10002c70 <_etoa+0x3bc>)
10002ae2:	4b64      	ldr	r3, [pc, #400]	@ (10002c74 <_etoa+0x3c0>)
10002ae4:	f7ff fb29 	bl	1000213a <__wrap___aeabi_dmul>
10002ae8:	0002      	movs	r2, r0
10002aea:	000b      	movs	r3, r1
10002aec:	0020      	movs	r0, r4
10002aee:	0029      	movs	r1, r5
10002af0:	f7ff fb04 	bl	100020fc <__wrap___aeabi_dadd>
10002af4:	f7ff fb9c 	bl	10002230 <__wrap___aeabi_d2iz>
10002af8:	9009      	str	r0, [sp, #36]	@ 0x24
10002afa:	f7ff fb81 	bl	10002200 <__wrap___aeabi_i2d>
10002afe:	4a5e      	ldr	r2, [pc, #376]	@ (10002c78 <_etoa+0x3c4>)
10002b00:	4b5e      	ldr	r3, [pc, #376]	@ (10002c7c <_etoa+0x3c8>)
10002b02:	0004      	movs	r4, r0
10002b04:	000d      	movs	r5, r1
10002b06:	f7ff fb18 	bl	1000213a <__wrap___aeabi_dmul>
10002b0a:	2200      	movs	r2, #0
10002b0c:	4b5c      	ldr	r3, [pc, #368]	@ (10002c80 <_etoa+0x3cc>)
10002b0e:	f7ff faf5 	bl	100020fc <__wrap___aeabi_dadd>
10002b12:	f7ff fb8d 	bl	10002230 <__wrap___aeabi_d2iz>
10002b16:	4a5b      	ldr	r2, [pc, #364]	@ (10002c84 <_etoa+0x3d0>)
10002b18:	4b5b      	ldr	r3, [pc, #364]	@ (10002c88 <_etoa+0x3d4>)
10002b1a:	0029      	movs	r1, r5
10002b1c:	900c      	str	r0, [sp, #48]	@ 0x30
10002b1e:	0020      	movs	r0, r4
10002b20:	f7ff fb0b 	bl	1000213a <__wrap___aeabi_dmul>
10002b24:	0004      	movs	r4, r0
10002b26:	980c      	ldr	r0, [sp, #48]	@ 0x30
10002b28:	000d      	movs	r5, r1
10002b2a:	f7ff fb69 	bl	10002200 <__wrap___aeabi_i2d>
10002b2e:	4a57      	ldr	r2, [pc, #348]	@ (10002c8c <_etoa+0x3d8>)
10002b30:	4b57      	ldr	r3, [pc, #348]	@ (10002c90 <_etoa+0x3dc>)
10002b32:	f7ff fb02 	bl	1000213a <__wrap___aeabi_dmul>
10002b36:	0002      	movs	r2, r0
10002b38:	000b      	movs	r3, r1
10002b3a:	0020      	movs	r0, r4
10002b3c:	0029      	movs	r1, r5
10002b3e:	f7ff fad8 	bl	100020f2 <__wrap___aeabi_dsub>
10002b42:	0004      	movs	r4, r0
10002b44:	000d      	movs	r5, r1
10002b46:	0002      	movs	r2, r0
10002b48:	000b      	movs	r3, r1
10002b4a:	940a      	str	r4, [sp, #40]	@ 0x28
10002b4c:	950b      	str	r5, [sp, #44]	@ 0x2c
10002b4e:	f7ff faf4 	bl	1000213a <__wrap___aeabi_dmul>
10002b52:	0004      	movs	r4, r0
10002b54:	000d      	movs	r5, r1
10002b56:	980a      	ldr	r0, [sp, #40]	@ 0x28
10002b58:	990b      	ldr	r1, [sp, #44]	@ 0x2c
10002b5a:	0002      	movs	r2, r0
10002b5c:	000b      	movs	r3, r1
10002b5e:	f7ff facd 	bl	100020fc <__wrap___aeabi_dadd>
10002b62:	2200      	movs	r2, #0
10002b64:	900e      	str	r0, [sp, #56]	@ 0x38
10002b66:	910f      	str	r1, [sp, #60]	@ 0x3c
10002b68:	4b4a      	ldr	r3, [pc, #296]	@ (10002c94 <_etoa+0x3e0>)
10002b6a:	0020      	movs	r0, r4
10002b6c:	0029      	movs	r1, r5
10002b6e:	f7ff faca 	bl	10002106 <__wrap___aeabi_ddiv>
10002b72:	2200      	movs	r2, #0
10002b74:	4b48      	ldr	r3, [pc, #288]	@ (10002c98 <_etoa+0x3e4>)
10002b76:	f7ff fac1 	bl	100020fc <__wrap___aeabi_dadd>
10002b7a:	0002      	movs	r2, r0
10002b7c:	000b      	movs	r3, r1
10002b7e:	0020      	movs	r0, r4
10002b80:	0029      	movs	r1, r5
10002b82:	f7ff fac0 	bl	10002106 <__wrap___aeabi_ddiv>
10002b86:	2200      	movs	r2, #0
10002b88:	4b44      	ldr	r3, [pc, #272]	@ (10002c9c <_etoa+0x3e8>)
10002b8a:	f7ff fab7 	bl	100020fc <__wrap___aeabi_dadd>
10002b8e:	0002      	movs	r2, r0
10002b90:	000b      	movs	r3, r1
10002b92:	0020      	movs	r0, r4
10002b94:	0029      	movs	r1, r5
10002b96:	f7ff fab6 	bl	10002106 <__wrap___aeabi_ddiv>
10002b9a:	9a0a      	ldr	r2, [sp, #40]	@ 0x28
10002b9c:	9b0b      	ldr	r3, [sp, #44]	@ 0x2c
10002b9e:	000d      	movs	r5, r1
10002ba0:	2180      	movs	r1, #128	@ 0x80
10002ba2:	0004      	movs	r4, r0
10002ba4:	05c9      	lsls	r1, r1, #23
10002ba6:	2000      	movs	r0, #0
10002ba8:	f7ff faa3 	bl	100020f2 <__wrap___aeabi_dsub>
10002bac:	0002      	movs	r2, r0
10002bae:	000b      	movs	r3, r1
10002bb0:	0020      	movs	r0, r4
10002bb2:	0029      	movs	r1, r5
10002bb4:	f7ff faa2 	bl	100020fc <__wrap___aeabi_dadd>
10002bb8:	0002      	movs	r2, r0
10002bba:	000b      	movs	r3, r1
10002bbc:	980e      	ldr	r0, [sp, #56]	@ 0x38
10002bbe:	990f      	ldr	r1, [sp, #60]	@ 0x3c
10002bc0:	f7ff faa1 	bl	10002106 <__wrap___aeabi_ddiv>
10002bc4:	2200      	movs	r2, #0
10002bc6:	4b28      	ldr	r3, [pc, #160]	@ (10002c68 <_etoa+0x3b4>)
10002bc8:	f7ff fa98 	bl	100020fc <__wrap___aeabi_dadd>
10002bcc:	4b34      	ldr	r3, [pc, #208]	@ (10002ca0 <_etoa+0x3ec>)
10002bce:	9c0c      	ldr	r4, [sp, #48]	@ 0x30
10002bd0:	469c      	mov	ip, r3
10002bd2:	4464      	add	r4, ip
10002bd4:	0523      	lsls	r3, r4, #20
10002bd6:	2200      	movs	r2, #0
10002bd8:	f7ff faaf 	bl	1000213a <__wrap___aeabi_dmul>
10002bdc:	0004      	movs	r4, r0
10002bde:	000d      	movs	r5, r1
10002be0:	0002      	movs	r2, r0
10002be2:	000b      	movs	r3, r1
10002be4:	0030      	movs	r0, r6
10002be6:	0039      	movs	r1, r7
10002be8:	940a      	str	r4, [sp, #40]	@ 0x28
10002bea:	950b      	str	r5, [sp, #44]	@ 0x2c
10002bec:	f7ff fae4 	bl	100021b8 <__wrap___aeabi_dcmplt>
10002bf0:	2800      	cmp	r0, #0
10002bf2:	d15d      	bne.n	10002cb0 <_etoa+0x3fc>
10002bf4:	0023      	movs	r3, r4
10002bf6:	002a      	movs	r2, r5
10002bf8:	25c6      	movs	r5, #198	@ 0xc6
10002bfa:	9909      	ldr	r1, [sp, #36]	@ 0x24
10002bfc:	3163      	adds	r1, #99	@ 0x63
10002bfe:	428d      	cmp	r5, r1
10002c00:	41ad      	sbcs	r5, r5
10002c02:	4659      	mov	r1, fp
10002c04:	426d      	negs	r5, r5
10002c06:	3504      	adds	r5, #4
10002c08:	2900      	cmp	r1, #0
10002c0a:	d100      	bne.n	10002c0e <_etoa+0x35a>
10002c0c:	e6a3      	b.n	10002956 <_etoa+0xa2>
10002c0e:	4313      	orrs	r3, r2
10002c10:	d063      	beq.n	10002cda <_etoa+0x426>
10002c12:	0030      	movs	r0, r6
10002c14:	0039      	movs	r1, r7
10002c16:	4a23      	ldr	r2, [pc, #140]	@ (10002ca4 <_etoa+0x3f0>)
10002c18:	4b23      	ldr	r3, [pc, #140]	@ (10002ca8 <_etoa+0x3f4>)
10002c1a:	f7ff fad3 	bl	100021c4 <__wrap___aeabi_dcmpge>
10002c1e:	2800      	cmp	r0, #0
10002c20:	d007      	beq.n	10002c32 <_etoa+0x37e>
10002c22:	2200      	movs	r2, #0
10002c24:	0030      	movs	r0, r6
10002c26:	0039      	movs	r1, r7
10002c28:	4b20      	ldr	r3, [pc, #128]	@ (10002cac <_etoa+0x3f8>)
10002c2a:	f7ff fac5 	bl	100021b8 <__wrap___aeabi_dcmplt>
10002c2e:	2800      	cmp	r0, #0
10002c30:	d153      	bne.n	10002cda <_etoa+0x426>
10002c32:	9b24      	ldr	r3, [sp, #144]	@ 0x90
10002c34:	2b00      	cmp	r3, #0
10002c36:	d100      	bne.n	10002c3a <_etoa+0x386>
10002c38:	e68d      	b.n	10002956 <_etoa+0xa2>
10002c3a:	9b0d      	ldr	r3, [sp, #52]	@ 0x34
10002c3c:	1e5a      	subs	r2, r3, #1
10002c3e:	4193      	sbcs	r3, r2
10002c40:	9a24      	ldr	r2, [sp, #144]	@ 0x90
10002c42:	1ad3      	subs	r3, r2, r3
10002c44:	9324      	str	r3, [sp, #144]	@ 0x90
10002c46:	e686      	b.n	10002956 <_etoa+0xa2>
10002c48:	7fefffff 	.word	0x7fefffff
10002c4c:	ffefffff 	.word	0xffefffff
10002c50:	fffff7ff 	.word	0xfffff7ff
10002c54:	fffffc01 	.word	0xfffffc01
10002c58:	509f79fb 	.word	0x509f79fb
10002c5c:	3fd34413 	.word	0x3fd34413
10002c60:	8b60c8b3 	.word	0x8b60c8b3
10002c64:	3fc68a28 	.word	0x3fc68a28
10002c68:	3ff00000 	.word	0x3ff00000
10002c6c:	3ff80000 	.word	0x3ff80000
10002c70:	636f4361 	.word	0x636f4361
10002c74:	3fd287a7 	.word	0x3fd287a7
10002c78:	0979a371 	.word	0x0979a371
10002c7c:	400a934f 	.word	0x400a934f
10002c80:	3fe00000 	.word	0x3fe00000
10002c84:	bbb55516 	.word	0xbbb55516
10002c88:	40026bb1 	.word	0x40026bb1
10002c8c:	fefa39ef 	.word	0xfefa39ef
10002c90:	3fe62e42 	.word	0x3fe62e42
10002c94:	402c0000 	.word	0x402c0000
10002c98:	40240000 	.word	0x40240000
10002c9c:	40180000 	.word	0x40180000
10002ca0:	000003ff 	.word	0x000003ff
10002ca4:	eb1c432d 	.word	0xeb1c432d
10002ca8:	3f1a36e2 	.word	0x3f1a36e2
10002cac:	412e8480 	.word	0x412e8480
10002cb0:	9b09      	ldr	r3, [sp, #36]	@ 0x24
10002cb2:	2200      	movs	r2, #0
10002cb4:	3b01      	subs	r3, #1
10002cb6:	9309      	str	r3, [sp, #36]	@ 0x24
10002cb8:	0020      	movs	r0, r4
10002cba:	4b16      	ldr	r3, [pc, #88]	@ (10002d14 <_etoa+0x460>)
10002cbc:	0029      	movs	r1, r5
10002cbe:	f7ff fa22 	bl	10002106 <__wrap___aeabi_ddiv>
10002cc2:	000a      	movs	r2, r1
10002cc4:	0001      	movs	r1, r0
10002cc6:	0003      	movs	r3, r0
10002cc8:	910a      	str	r1, [sp, #40]	@ 0x28
10002cca:	920b      	str	r2, [sp, #44]	@ 0x2c
10002ccc:	e794      	b.n	10002bf8 <_etoa+0x344>
10002cce:	2300      	movs	r3, #0
10002cd0:	2400      	movs	r4, #0
10002cd2:	930a      	str	r3, [sp, #40]	@ 0x28
10002cd4:	940b      	str	r4, [sp, #44]	@ 0x2c
10002cd6:	2300      	movs	r3, #0
10002cd8:	9309      	str	r3, [sp, #36]	@ 0x24
10002cda:	9a24      	ldr	r2, [sp, #144]	@ 0x90
10002cdc:	9b09      	ldr	r3, [sp, #36]	@ 0x24
10002cde:	429a      	cmp	r2, r3
10002ce0:	dd14      	ble.n	10002d0c <_etoa+0x458>
10002ce2:	1ad3      	subs	r3, r2, r3
10002ce4:	3b01      	subs	r3, #1
10002ce6:	9324      	str	r3, [sp, #144]	@ 0x90
10002ce8:	2380      	movs	r3, #128	@ 0x80
10002cea:	9a26      	ldr	r2, [sp, #152]	@ 0x98
10002cec:	00db      	lsls	r3, r3, #3
10002cee:	431a      	orrs	r2, r3
10002cf0:	2300      	movs	r3, #0
10002cf2:	2500      	movs	r5, #0
10002cf4:	9226      	str	r2, [sp, #152]	@ 0x98
10002cf6:	9309      	str	r3, [sp, #36]	@ 0x24
10002cf8:	e62d      	b.n	10002956 <_etoa+0xa2>
10002cfa:	2280      	movs	r2, #128	@ 0x80
10002cfc:	0612      	lsls	r2, r2, #24
10002cfe:	4694      	mov	ip, r2
10002d00:	9b22      	ldr	r3, [sp, #136]	@ 0x88
10002d02:	001e      	movs	r6, r3
10002d04:	9b23      	ldr	r3, [sp, #140]	@ 0x8c
10002d06:	4463      	add	r3, ip
10002d08:	001f      	movs	r7, r3
10002d0a:	e606      	b.n	1000291a <_etoa+0x66>
10002d0c:	2300      	movs	r3, #0
10002d0e:	9324      	str	r3, [sp, #144]	@ 0x90
10002d10:	e7ea      	b.n	10002ce8 <_etoa+0x434>
10002d12:	46c0      	nop			@ (mov r8, r8)
10002d14:	40240000 	.word	0x40240000

10002d18 <_ftoa>:
10002d18:	b5f0      	push	{r4, r5, r6, r7, lr}
10002d1a:	4645      	mov	r5, r8
10002d1c:	46de      	mov	lr, fp
10002d1e:	464e      	mov	r6, r9
10002d20:	4657      	mov	r7, sl
10002d22:	b5e0      	push	{r5, r6, r7, lr}
10002d24:	b095      	sub	sp, #84	@ 0x54
10002d26:	468b      	mov	fp, r1
10002d28:	4690      	mov	r8, r2
10002d2a:	4699      	mov	r9, r3
10002d2c:	9a1e      	ldr	r2, [sp, #120]	@ 0x78
10002d2e:	9b1f      	ldr	r3, [sp, #124]	@ 0x7c
10002d30:	900a      	str	r0, [sp, #40]	@ 0x28
10002d32:	0019      	movs	r1, r3
10002d34:	0010      	movs	r0, r2
10002d36:	9d20      	ldr	r5, [sp, #128]	@ 0x80
10002d38:	f7ff fa51 	bl	100021de <__wrap___aeabi_dcmpun>
10002d3c:	2800      	cmp	r0, #0
10002d3e:	d000      	beq.n	10002d42 <_ftoa+0x2a>
10002d40:	e1b0      	b.n	100030a4 <_ftoa+0x38c>
10002d42:	981e      	ldr	r0, [sp, #120]	@ 0x78
10002d44:	991f      	ldr	r1, [sp, #124]	@ 0x7c
10002d46:	2201      	movs	r2, #1
10002d48:	4bc7      	ldr	r3, [pc, #796]	@ (10003068 <_ftoa+0x350>)
10002d4a:	4252      	negs	r2, r2
10002d4c:	f7ff fa34 	bl	100021b8 <__wrap___aeabi_dcmplt>
10002d50:	2800      	cmp	r0, #0
10002d52:	d000      	beq.n	10002d56 <_ftoa+0x3e>
10002d54:	e137      	b.n	10002fc6 <_ftoa+0x2ae>
10002d56:	981e      	ldr	r0, [sp, #120]	@ 0x78
10002d58:	991f      	ldr	r1, [sp, #124]	@ 0x7c
10002d5a:	2201      	movs	r2, #1
10002d5c:	4bc3      	ldr	r3, [pc, #780]	@ (1000306c <_ftoa+0x354>)
10002d5e:	4252      	negs	r2, r2
10002d60:	f7ff fa38 	bl	100021d4 <__wrap___aeabi_dcmpgt>
10002d64:	2800      	cmp	r0, #0
10002d66:	d000      	beq.n	10002d6a <_ftoa+0x52>
10002d68:	e0a7      	b.n	10002eba <_ftoa+0x1a2>
10002d6a:	981e      	ldr	r0, [sp, #120]	@ 0x78
10002d6c:	991f      	ldr	r1, [sp, #124]	@ 0x7c
10002d6e:	2200      	movs	r2, #0
10002d70:	4bbf      	ldr	r3, [pc, #764]	@ (10003070 <_ftoa+0x358>)
10002d72:	f7ff fa2f 	bl	100021d4 <__wrap___aeabi_dcmpgt>
10002d76:	2800      	cmp	r0, #0
10002d78:	d000      	beq.n	10002d7c <_ftoa+0x64>
10002d7a:	e088      	b.n	10002e8e <_ftoa+0x176>
10002d7c:	981e      	ldr	r0, [sp, #120]	@ 0x78
10002d7e:	991f      	ldr	r1, [sp, #124]	@ 0x7c
10002d80:	2200      	movs	r2, #0
10002d82:	4bbc      	ldr	r3, [pc, #752]	@ (10003074 <_ftoa+0x35c>)
10002d84:	f7ff fa18 	bl	100021b8 <__wrap___aeabi_dcmplt>
10002d88:	2800      	cmp	r0, #0
10002d8a:	d000      	beq.n	10002d8e <_ftoa+0x76>
10002d8c:	e07f      	b.n	10002e8e <_ftoa+0x176>
10002d8e:	981e      	ldr	r0, [sp, #120]	@ 0x78
10002d90:	991f      	ldr	r1, [sp, #124]	@ 0x7c
10002d92:	2200      	movs	r2, #0
10002d94:	2300      	movs	r3, #0
10002d96:	f7ff fa0f 	bl	100021b8 <__wrap___aeabi_dcmplt>
10002d9a:	2800      	cmp	r0, #0
10002d9c:	d000      	beq.n	10002da0 <_ftoa+0x88>
10002d9e:	e0fa      	b.n	10002f96 <_ftoa+0x27e>
10002da0:	2300      	movs	r3, #0
10002da2:	930b      	str	r3, [sp, #44]	@ 0x2c
10002da4:	2380      	movs	r3, #128	@ 0x80
10002da6:	9c22      	ldr	r4, [sp, #136]	@ 0x88
10002da8:	9a22      	ldr	r2, [sp, #136]	@ 0x88
10002daa:	00db      	lsls	r3, r3, #3
10002dac:	401c      	ands	r4, r3
10002dae:	421a      	tst	r2, r3
10002db0:	d100      	bne.n	10002db4 <_ftoa+0x9c>
10002db2:	e102      	b.n	10002fba <_ftoa+0x2a2>
10002db4:	2d09      	cmp	r5, #9
10002db6:	d800      	bhi.n	10002dba <_ftoa+0xa2>
10002db8:	e17c      	b.n	100030b4 <_ftoa+0x39c>
10002dba:	a906      	add	r1, sp, #24
10002dbc:	468c      	mov	ip, r1
10002dbe:	002c      	movs	r4, r5
10002dc0:	2217      	movs	r2, #23
10002dc2:	2300      	movs	r3, #0
10002dc4:	2130      	movs	r1, #48	@ 0x30
10002dc6:	3c09      	subs	r4, #9
10002dc8:	4462      	add	r2, ip
10002dca:	3301      	adds	r3, #1
10002dcc:	54d1      	strb	r1, [r2, r3]
10002dce:	1aef      	subs	r7, r5, r3
10002dd0:	2b20      	cmp	r3, #32
10002dd2:	d100      	bne.n	10002dd6 <_ftoa+0xbe>
10002dd4:	e132      	b.n	1000303c <_ftoa+0x324>
10002dd6:	42a3      	cmp	r3, r4
10002dd8:	d1f7      	bne.n	10002dca <_ftoa+0xb2>
10002dda:	2200      	movs	r2, #0
10002ddc:	4ba4      	ldr	r3, [pc, #656]	@ (10003070 <_ftoa+0x358>)
10002dde:	9206      	str	r2, [sp, #24]
10002de0:	9307      	str	r3, [sp, #28]
10002de2:	981e      	ldr	r0, [sp, #120]	@ 0x78
10002de4:	991f      	ldr	r1, [sp, #124]	@ 0x7c
10002de6:	f7ff fa23 	bl	10002230 <__wrap___aeabi_d2iz>
10002dea:	0005      	movs	r5, r0
10002dec:	f7ff fa08 	bl	10002200 <__wrap___aeabi_i2d>
10002df0:	0002      	movs	r2, r0
10002df2:	000b      	movs	r3, r1
10002df4:	981e      	ldr	r0, [sp, #120]	@ 0x78
10002df6:	991f      	ldr	r1, [sp, #124]	@ 0x7c
10002df8:	f7ff f97b 	bl	100020f2 <__wrap___aeabi_dsub>
10002dfc:	9a06      	ldr	r2, [sp, #24]
10002dfe:	9b07      	ldr	r3, [sp, #28]
10002e00:	f7ff f99b 	bl	1000213a <__wrap___aeabi_dmul>
10002e04:	9008      	str	r0, [sp, #32]
10002e06:	9109      	str	r1, [sp, #36]	@ 0x24
10002e08:	f7ff fa36 	bl	10002278 <__wrap___aeabi_d2uiz>
10002e0c:	0006      	movs	r6, r0
10002e0e:	f7ff f9f3 	bl	100021f8 <__wrap___aeabi_ui2d>
10002e12:	0002      	movs	r2, r0
10002e14:	000b      	movs	r3, r1
10002e16:	9808      	ldr	r0, [sp, #32]
10002e18:	9909      	ldr	r1, [sp, #36]	@ 0x24
10002e1a:	f7ff f96a 	bl	100020f2 <__wrap___aeabi_dsub>
10002e1e:	2200      	movs	r2, #0
10002e20:	4b95      	ldr	r3, [pc, #596]	@ (10003078 <_ftoa+0x360>)
10002e22:	9008      	str	r0, [sp, #32]
10002e24:	9109      	str	r1, [sp, #36]	@ 0x24
10002e26:	f7ff f9d5 	bl	100021d4 <__wrap___aeabi_dcmpgt>
10002e2a:	2800      	cmp	r0, #0
10002e2c:	d100      	bne.n	10002e30 <_ftoa+0x118>
10002e2e:	e0d2      	b.n	10002fd6 <_ftoa+0x2be>
10002e30:	3601      	adds	r6, #1
10002e32:	0030      	movs	r0, r6
10002e34:	f7ff f9e0 	bl	100021f8 <__wrap___aeabi_ui2d>
10002e38:	9a06      	ldr	r2, [sp, #24]
10002e3a:	9b07      	ldr	r3, [sp, #28]
10002e3c:	f7ff f9c2 	bl	100021c4 <__wrap___aeabi_dcmpge>
10002e40:	2800      	cmp	r0, #0
10002e42:	d001      	beq.n	10002e48 <_ftoa+0x130>
10002e44:	2600      	movs	r6, #0
10002e46:	3501      	adds	r5, #1
10002e48:	46aa      	mov	sl, r5
10002e4a:	2f00      	cmp	r7, #0
10002e4c:	d000      	beq.n	10002e50 <_ftoa+0x138>
10002e4e:	e098      	b.n	10002f82 <_ftoa+0x26a>
10002e50:	0028      	movs	r0, r5
10002e52:	f7ff f9d5 	bl	10002200 <__wrap___aeabi_i2d>
10002e56:	0002      	movs	r2, r0
10002e58:	000b      	movs	r3, r1
10002e5a:	981e      	ldr	r0, [sp, #120]	@ 0x78
10002e5c:	991f      	ldr	r1, [sp, #124]	@ 0x7c
10002e5e:	f7ff f948 	bl	100020f2 <__wrap___aeabi_dsub>
10002e62:	4b85      	ldr	r3, [pc, #532]	@ (10003078 <_ftoa+0x360>)
10002e64:	2200      	movs	r2, #0
10002e66:	0006      	movs	r6, r0
10002e68:	000f      	movs	r7, r1
10002e6a:	f7ff f9a5 	bl	100021b8 <__wrap___aeabi_dcmplt>
10002e6e:	ab0c      	add	r3, sp, #48	@ 0x30
10002e70:	469a      	mov	sl, r3
10002e72:	2800      	cmp	r0, #0
10002e74:	d145      	bne.n	10002f02 <_ftoa+0x1ea>
10002e76:	2200      	movs	r2, #0
10002e78:	0030      	movs	r0, r6
10002e7a:	0039      	movs	r1, r7
10002e7c:	4b7e      	ldr	r3, [pc, #504]	@ (10003078 <_ftoa+0x360>)
10002e7e:	f7ff f9a9 	bl	100021d4 <__wrap___aeabi_dcmpgt>
10002e82:	2800      	cmp	r0, #0
10002e84:	d13d      	bne.n	10002f02 <_ftoa+0x1ea>
10002e86:	07eb      	lsls	r3, r5, #31
10002e88:	d53b      	bpl.n	10002f02 <_ftoa+0x1ea>
10002e8a:	3501      	adds	r5, #1
10002e8c:	e039      	b.n	10002f02 <_ftoa+0x1ea>
10002e8e:	9b22      	ldr	r3, [sp, #136]	@ 0x88
10002e90:	4642      	mov	r2, r8
10002e92:	9304      	str	r3, [sp, #16]
10002e94:	9b21      	ldr	r3, [sp, #132]	@ 0x84
10002e96:	4659      	mov	r1, fp
10002e98:	9303      	str	r3, [sp, #12]
10002e9a:	980a      	ldr	r0, [sp, #40]	@ 0x28
10002e9c:	9b1e      	ldr	r3, [sp, #120]	@ 0x78
10002e9e:	9c1f      	ldr	r4, [sp, #124]	@ 0x7c
10002ea0:	9502      	str	r5, [sp, #8]
10002ea2:	9300      	str	r3, [sp, #0]
10002ea4:	9401      	str	r4, [sp, #4]
10002ea6:	464b      	mov	r3, r9
10002ea8:	f7ff fd04 	bl	100028b4 <_etoa>
10002eac:	b015      	add	sp, #84	@ 0x54
10002eae:	bcf0      	pop	{r4, r5, r6, r7}
10002eb0:	46bb      	mov	fp, r7
10002eb2:	46b2      	mov	sl, r6
10002eb4:	46a9      	mov	r9, r5
10002eb6:	46a0      	mov	r8, r4
10002eb8:	bdf0      	pop	{r4, r5, r6, r7, pc}
10002eba:	9b22      	ldr	r3, [sp, #136]	@ 0x88
10002ebc:	075b      	lsls	r3, r3, #29
10002ebe:	d467      	bmi.n	10002f90 <_ftoa+0x278>
10002ec0:	2203      	movs	r2, #3
10002ec2:	4b6e      	ldr	r3, [pc, #440]	@ (1000307c <_ftoa+0x364>)
10002ec4:	9922      	ldr	r1, [sp, #136]	@ 0x88
10002ec6:	9201      	str	r2, [sp, #4]
10002ec8:	9103      	str	r1, [sp, #12]
10002eca:	9921      	ldr	r1, [sp, #132]	@ 0x84
10002ecc:	9102      	str	r1, [sp, #8]
10002ece:	9300      	str	r3, [sp, #0]
10002ed0:	4642      	mov	r2, r8
10002ed2:	464b      	mov	r3, r9
10002ed4:	4659      	mov	r1, fp
10002ed6:	980a      	ldr	r0, [sp, #40]	@ 0x28
10002ed8:	f7ff fb5e 	bl	10002598 <_out_rev>
10002edc:	e7e6      	b.n	10002eac <_ftoa+0x194>
10002ede:	aa06      	add	r2, sp, #24
10002ee0:	4694      	mov	ip, r2
10002ee2:	2317      	movs	r3, #23
10002ee4:	0028      	movs	r0, r5
10002ee6:	4463      	add	r3, ip
10002ee8:	210a      	movs	r1, #10
10002eea:	3401      	adds	r4, #1
10002eec:	191e      	adds	r6, r3, r4
10002eee:	f7fe fe9d 	bl	10001c2c <__wrap___aeabi_idiv>
10002ef2:	3130      	adds	r1, #48	@ 0x30
10002ef4:	0028      	movs	r0, r5
10002ef6:	7031      	strb	r1, [r6, #0]
10002ef8:	210a      	movs	r1, #10
10002efa:	f7fe fe97 	bl	10001c2c <__wrap___aeabi_idiv>
10002efe:	1e05      	subs	r5, r0, #0
10002f00:	d076      	beq.n	10002ff0 <_ftoa+0x2d8>
10002f02:	2c20      	cmp	r4, #32
10002f04:	d1eb      	bne.n	10002ede <_ftoa+0x1c6>
10002f06:	2303      	movs	r3, #3
10002f08:	9a22      	ldr	r2, [sp, #136]	@ 0x88
10002f0a:	4013      	ands	r3, r2
10002f0c:	2b01      	cmp	r3, #1
10002f0e:	d11d      	bne.n	10002f4c <_ftoa+0x234>
10002f10:	9b21      	ldr	r3, [sp, #132]	@ 0x84
10002f12:	2b00      	cmp	r3, #0
10002f14:	d01a      	beq.n	10002f4c <_ftoa+0x234>
10002f16:	9b0b      	ldr	r3, [sp, #44]	@ 0x2c
10002f18:	2b00      	cmp	r3, #0
10002f1a:	d000      	beq.n	10002f1e <_ftoa+0x206>
10002f1c:	e0bb      	b.n	10003096 <_ftoa+0x37e>
10002f1e:	9a22      	ldr	r2, [sp, #136]	@ 0x88
10002f20:	330c      	adds	r3, #12
10002f22:	4213      	tst	r3, r2
10002f24:	d000      	beq.n	10002f28 <_ftoa+0x210>
10002f26:	e0b6      	b.n	10003096 <_ftoa+0x37e>
10002f28:	9b21      	ldr	r3, [sp, #132]	@ 0x84
10002f2a:	42a3      	cmp	r3, r4
10002f2c:	d800      	bhi.n	10002f30 <_ftoa+0x218>
10002f2e:	e087      	b.n	10003040 <_ftoa+0x328>
10002f30:	ab06      	add	r3, sp, #24
10002f32:	469c      	mov	ip, r3
10002f34:	2217      	movs	r2, #23
10002f36:	2330      	movs	r3, #48	@ 0x30
10002f38:	4462      	add	r2, ip
10002f3a:	e004      	b.n	10002f46 <_ftoa+0x22e>
10002f3c:	9921      	ldr	r1, [sp, #132]	@ 0x84
10002f3e:	3401      	adds	r4, #1
10002f40:	5513      	strb	r3, [r2, r4]
10002f42:	428c      	cmp	r4, r1
10002f44:	d059      	beq.n	10002ffa <_ftoa+0x2e2>
10002f46:	2c20      	cmp	r4, #32
10002f48:	d1f8      	bne.n	10002f3c <_ftoa+0x224>
10002f4a:	2420      	movs	r4, #32
10002f4c:	9b22      	ldr	r3, [sp, #136]	@ 0x88
10002f4e:	9401      	str	r4, [sp, #4]
10002f50:	9303      	str	r3, [sp, #12]
10002f52:	9b21      	ldr	r3, [sp, #132]	@ 0x84
10002f54:	9302      	str	r3, [sp, #8]
10002f56:	4653      	mov	r3, sl
10002f58:	e7b9      	b.n	10002ece <_ftoa+0x1b6>
10002f5a:	aa06      	add	r2, sp, #24
10002f5c:	4694      	mov	ip, r2
10002f5e:	2317      	movs	r3, #23
10002f60:	210a      	movs	r1, #10
10002f62:	4463      	add	r3, ip
10002f64:	0030      	movs	r0, r6
10002f66:	3401      	adds	r4, #1
10002f68:	191d      	adds	r5, r3, r4
10002f6a:	f7fe fe87 	bl	10001c7c <__wrap___aeabi_uidiv>
10002f6e:	3130      	adds	r1, #48	@ 0x30
10002f70:	7029      	strb	r1, [r5, #0]
10002f72:	0030      	movs	r0, r6
10002f74:	210a      	movs	r1, #10
10002f76:	3f01      	subs	r7, #1
10002f78:	f7fe fe80 	bl	10001c7c <__wrap___aeabi_uidiv>
10002f7c:	2e09      	cmp	r6, #9
10002f7e:	d946      	bls.n	1000300e <_ftoa+0x2f6>
10002f80:	0006      	movs	r6, r0
10002f82:	2c20      	cmp	r4, #32
10002f84:	d1e9      	bne.n	10002f5a <_ftoa+0x242>
10002f86:	4655      	mov	r5, sl
10002f88:	ab0c      	add	r3, sp, #48	@ 0x30
10002f8a:	2420      	movs	r4, #32
10002f8c:	469a      	mov	sl, r3
10002f8e:	e7b8      	b.n	10002f02 <_ftoa+0x1ea>
10002f90:	2204      	movs	r2, #4
10002f92:	4b3b      	ldr	r3, [pc, #236]	@ (10003080 <_ftoa+0x368>)
10002f94:	e796      	b.n	10002ec4 <_ftoa+0x1ac>
10002f96:	9a1e      	ldr	r2, [sp, #120]	@ 0x78
10002f98:	9b1f      	ldr	r3, [sp, #124]	@ 0x7c
10002f9a:	2000      	movs	r0, #0
10002f9c:	2100      	movs	r1, #0
10002f9e:	f7ff f8a8 	bl	100020f2 <__wrap___aeabi_dsub>
10002fa2:	2301      	movs	r3, #1
10002fa4:	930b      	str	r3, [sp, #44]	@ 0x2c
10002fa6:	2380      	movs	r3, #128	@ 0x80
10002fa8:	9c22      	ldr	r4, [sp, #136]	@ 0x88
10002faa:	9a22      	ldr	r2, [sp, #136]	@ 0x88
10002fac:	00db      	lsls	r3, r3, #3
10002fae:	901e      	str	r0, [sp, #120]	@ 0x78
10002fb0:	911f      	str	r1, [sp, #124]	@ 0x7c
10002fb2:	401c      	ands	r4, r3
10002fb4:	421a      	tst	r2, r3
10002fb6:	d000      	beq.n	10002fba <_ftoa+0x2a2>
10002fb8:	e6fc      	b.n	10002db4 <_ftoa+0x9c>
10002fba:	2200      	movs	r2, #0
10002fbc:	4b31      	ldr	r3, [pc, #196]	@ (10003084 <_ftoa+0x36c>)
10002fbe:	2706      	movs	r7, #6
10002fc0:	9206      	str	r2, [sp, #24]
10002fc2:	9307      	str	r3, [sp, #28]
10002fc4:	e70d      	b.n	10002de2 <_ftoa+0xca>
10002fc6:	9b22      	ldr	r3, [sp, #136]	@ 0x88
10002fc8:	9303      	str	r3, [sp, #12]
10002fca:	9b21      	ldr	r3, [sp, #132]	@ 0x84
10002fcc:	9302      	str	r3, [sp, #8]
10002fce:	2304      	movs	r3, #4
10002fd0:	9301      	str	r3, [sp, #4]
10002fd2:	4b2d      	ldr	r3, [pc, #180]	@ (10003088 <_ftoa+0x370>)
10002fd4:	e77b      	b.n	10002ece <_ftoa+0x1b6>
10002fd6:	2200      	movs	r2, #0
10002fd8:	9808      	ldr	r0, [sp, #32]
10002fda:	9909      	ldr	r1, [sp, #36]	@ 0x24
10002fdc:	4b26      	ldr	r3, [pc, #152]	@ (10003078 <_ftoa+0x360>)
10002fde:	f7ff f8eb 	bl	100021b8 <__wrap___aeabi_dcmplt>
10002fe2:	2800      	cmp	r0, #0
10002fe4:	d000      	beq.n	10002fe8 <_ftoa+0x2d0>
10002fe6:	e72f      	b.n	10002e48 <_ftoa+0x130>
10002fe8:	2e00      	cmp	r6, #0
10002fea:	d14f      	bne.n	1000308c <_ftoa+0x374>
10002fec:	3601      	adds	r6, #1
10002fee:	e72b      	b.n	10002e48 <_ftoa+0x130>
10002ff0:	2303      	movs	r3, #3
10002ff2:	9a22      	ldr	r2, [sp, #136]	@ 0x88
10002ff4:	4013      	ands	r3, r2
10002ff6:	2b01      	cmp	r3, #1
10002ff8:	d066      	beq.n	100030c8 <_ftoa+0x3b0>
10002ffa:	2c20      	cmp	r4, #32
10002ffc:	d0a6      	beq.n	10002f4c <_ftoa+0x234>
10002ffe:	9b0b      	ldr	r3, [sp, #44]	@ 0x2c
10003000:	2b00      	cmp	r3, #0
10003002:	d01f      	beq.n	10003044 <_ftoa+0x32c>
10003004:	232d      	movs	r3, #45	@ 0x2d
10003006:	4652      	mov	r2, sl
10003008:	5513      	strb	r3, [r2, r4]
1000300a:	3401      	adds	r4, #1
1000300c:	e79e      	b.n	10002f4c <_ftoa+0x234>
1000300e:	4655      	mov	r5, sl
10003010:	2c20      	cmp	r4, #32
10003012:	d0b9      	beq.n	10002f88 <_ftoa+0x270>
10003014:	2330      	movs	r3, #48	@ 0x30
10003016:	193a      	adds	r2, r7, r4
10003018:	2f00      	cmp	r7, #0
1000301a:	d008      	beq.n	1000302e <_ftoa+0x316>
1000301c:	2017      	movs	r0, #23
1000301e:	a906      	add	r1, sp, #24
10003020:	3401      	adds	r4, #1
10003022:	1809      	adds	r1, r1, r0
10003024:	550b      	strb	r3, [r1, r4]
10003026:	2c20      	cmp	r4, #32
10003028:	d0ae      	beq.n	10002f88 <_ftoa+0x270>
1000302a:	4294      	cmp	r4, r2
1000302c:	d1f6      	bne.n	1000301c <_ftoa+0x304>
1000302e:	ab0c      	add	r3, sp, #48	@ 0x30
10003030:	469a      	mov	sl, r3
10003032:	232e      	movs	r3, #46	@ 0x2e
10003034:	4652      	mov	r2, sl
10003036:	5513      	strb	r3, [r2, r4]
10003038:	3401      	adds	r4, #1
1000303a:	e762      	b.n	10002f02 <_ftoa+0x1ea>
1000303c:	2420      	movs	r4, #32
1000303e:	e6cc      	b.n	10002dda <_ftoa+0xc2>
10003040:	2c20      	cmp	r4, #32
10003042:	d083      	beq.n	10002f4c <_ftoa+0x234>
10003044:	9b22      	ldr	r3, [sp, #136]	@ 0x88
10003046:	075b      	lsls	r3, r3, #29
10003048:	d408      	bmi.n	1000305c <_ftoa+0x344>
1000304a:	9b22      	ldr	r3, [sp, #136]	@ 0x88
1000304c:	071b      	lsls	r3, r3, #28
1000304e:	d400      	bmi.n	10003052 <_ftoa+0x33a>
10003050:	e77c      	b.n	10002f4c <_ftoa+0x234>
10003052:	2320      	movs	r3, #32
10003054:	4652      	mov	r2, sl
10003056:	5513      	strb	r3, [r2, r4]
10003058:	3401      	adds	r4, #1
1000305a:	e777      	b.n	10002f4c <_ftoa+0x234>
1000305c:	232b      	movs	r3, #43	@ 0x2b
1000305e:	4652      	mov	r2, sl
10003060:	5513      	strb	r3, [r2, r4]
10003062:	3401      	adds	r4, #1
10003064:	e772      	b.n	10002f4c <_ftoa+0x234>
10003066:	46c0      	nop			@ (mov r8, r8)
10003068:	ffefffff 	.word	0xffefffff
1000306c:	7fefffff 	.word	0x7fefffff
10003070:	41cdcd65 	.word	0x41cdcd65
10003074:	c1cdcd65 	.word	0xc1cdcd65
10003078:	3fe00000 	.word	0x3fe00000
1000307c:	1000a378 	.word	0x1000a378
10003080:	1000a370 	.word	0x1000a370
10003084:	412e8480 	.word	0x412e8480
10003088:	1000a380 	.word	0x1000a380
1000308c:	07f3      	lsls	r3, r6, #31
1000308e:	d400      	bmi.n	10003092 <_ftoa+0x37a>
10003090:	e6da      	b.n	10002e48 <_ftoa+0x130>
10003092:	3601      	adds	r6, #1
10003094:	e6d8      	b.n	10002e48 <_ftoa+0x130>
10003096:	9b21      	ldr	r3, [sp, #132]	@ 0x84
10003098:	3b01      	subs	r3, #1
1000309a:	9321      	str	r3, [sp, #132]	@ 0x84
1000309c:	42a3      	cmp	r3, r4
1000309e:	d900      	bls.n	100030a2 <_ftoa+0x38a>
100030a0:	e746      	b.n	10002f30 <_ftoa+0x218>
100030a2:	e7aa      	b.n	10002ffa <_ftoa+0x2e2>
100030a4:	9b22      	ldr	r3, [sp, #136]	@ 0x88
100030a6:	9303      	str	r3, [sp, #12]
100030a8:	9b21      	ldr	r3, [sp, #132]	@ 0x84
100030aa:	9302      	str	r3, [sp, #8]
100030ac:	2303      	movs	r3, #3
100030ae:	9301      	str	r3, [sp, #4]
100030b0:	4b07      	ldr	r3, [pc, #28]	@ (100030d0 <_ftoa+0x3b8>)
100030b2:	e70c      	b.n	10002ece <_ftoa+0x1b6>
100030b4:	4b07      	ldr	r3, [pc, #28]	@ (100030d4 <_ftoa+0x3bc>)
100030b6:	00ea      	lsls	r2, r5, #3
100030b8:	189b      	adds	r3, r3, r2
100030ba:	685c      	ldr	r4, [r3, #4]
100030bc:	681b      	ldr	r3, [r3, #0]
100030be:	002f      	movs	r7, r5
100030c0:	9306      	str	r3, [sp, #24]
100030c2:	9407      	str	r4, [sp, #28]
100030c4:	2400      	movs	r4, #0
100030c6:	e68c      	b.n	10002de2 <_ftoa+0xca>
100030c8:	9b21      	ldr	r3, [sp, #132]	@ 0x84
100030ca:	2b00      	cmp	r3, #0
100030cc:	d095      	beq.n	10002ffa <_ftoa+0x2e2>
100030ce:	e722      	b.n	10002f16 <_ftoa+0x1fe>
100030d0:	1000a37c 	.word	0x1000a37c
100030d4:	1000a970 	.word	0x1000a970

100030d8 <_vsnprintf>:
100030d8:	b5f0      	push	{r4, r5, r6, r7, lr}
100030da:	4657      	mov	r7, sl
100030dc:	46de      	mov	lr, fp
100030de:	464e      	mov	r6, r9
100030e0:	4645      	mov	r5, r8
100030e2:	b5e0      	push	{r5, r6, r7, lr}
100030e4:	b0a5      	sub	sp, #148	@ 0x94
100030e6:	001f      	movs	r7, r3
100030e8:	9b2e      	ldr	r3, [sp, #184]	@ 0xb8
100030ea:	4691      	mov	r9, r2
100030ec:	930d      	str	r3, [sp, #52]	@ 0x34
100030ee:	4aca      	ldr	r2, [pc, #808]	@ (10003418 <_vsnprintf+0x340>)
100030f0:	4bca      	ldr	r3, [pc, #808]	@ (1000341c <_vsnprintf+0x344>)
100030f2:	4682      	mov	sl, r0
100030f4:	468b      	mov	fp, r1
100030f6:	601a      	str	r2, [r3, #0]
100030f8:	2900      	cmp	r1, #0
100030fa:	d100      	bne.n	100030fe <_vsnprintf+0x26>
100030fc:	e229      	b.n	10003552 <_vsnprintf+0x47a>
100030fe:	2300      	movs	r3, #0
10003100:	7838      	ldrb	r0, [r7, #0]
10003102:	4698      	mov	r8, r3
10003104:	2800      	cmp	r0, #0
10003106:	d100      	bne.n	1000310a <_vsnprintf+0x32>
10003108:	e22b      	b.n	10003562 <_vsnprintf+0x48a>
1000310a:	4bc5      	ldr	r3, [pc, #788]	@ (10003420 <_vsnprintf+0x348>)
1000310c:	4644      	mov	r4, r8
1000310e:	930c      	str	r3, [sp, #48]	@ 0x30
10003110:	4bc4      	ldr	r3, [pc, #784]	@ (10003424 <_vsnprintf+0x34c>)
10003112:	4655      	mov	r5, sl
10003114:	464e      	mov	r6, r9
10003116:	930e      	str	r3, [sp, #56]	@ 0x38
10003118:	e00a      	b.n	10003130 <_vsnprintf+0x58>
1000311a:	1c63      	adds	r3, r4, #1
1000311c:	4698      	mov	r8, r3
1000311e:	0022      	movs	r2, r4
10003120:	0033      	movs	r3, r6
10003122:	4659      	mov	r1, fp
10003124:	47a8      	blx	r5
10003126:	4644      	mov	r4, r8
10003128:	7838      	ldrb	r0, [r7, #0]
1000312a:	2800      	cmp	r0, #0
1000312c:	d100      	bne.n	10003130 <_vsnprintf+0x58>
1000312e:	e087      	b.n	10003240 <_vsnprintf+0x168>
10003130:	3701      	adds	r7, #1
10003132:	2825      	cmp	r0, #37	@ 0x25
10003134:	d1f1      	bne.n	1000311a <_vsnprintf+0x42>
10003136:	2308      	movs	r3, #8
10003138:	469a      	mov	sl, r3
1000313a:	3b04      	subs	r3, #4
1000313c:	4699      	mov	r9, r3
1000313e:	3b02      	subs	r3, #2
10003140:	4698      	mov	r8, r3
10003142:	3b01      	subs	r3, #1
10003144:	2200      	movs	r2, #0
10003146:	469c      	mov	ip, r3
10003148:	940b      	str	r4, [sp, #44]	@ 0x2c
1000314a:	7838      	ldrb	r0, [r7, #0]
1000314c:	1c79      	adds	r1, r7, #1
1000314e:	0003      	movs	r3, r0
10003150:	3b20      	subs	r3, #32
10003152:	b2db      	uxtb	r3, r3
10003154:	2b10      	cmp	r3, #16
10003156:	d803      	bhi.n	10003160 <_vsnprintf+0x88>
10003158:	9c0c      	ldr	r4, [sp, #48]	@ 0x30
1000315a:	009b      	lsls	r3, r3, #2
1000315c:	58e3      	ldr	r3, [r4, r3]
1000315e:	469f      	mov	pc, r3
10003160:	0003      	movs	r3, r0
10003162:	3b30      	subs	r3, #48	@ 0x30
10003164:	9c0b      	ldr	r4, [sp, #44]	@ 0x2c
10003166:	920b      	str	r2, [sp, #44]	@ 0x2c
10003168:	2b09      	cmp	r3, #9
1000316a:	d93a      	bls.n	100031e2 <_vsnprintf+0x10a>
1000316c:	2300      	movs	r3, #0
1000316e:	4698      	mov	r8, r3
10003170:	282a      	cmp	r0, #42	@ 0x2a
10003172:	d100      	bne.n	10003176 <_vsnprintf+0x9e>
10003174:	e0dd      	b.n	10003332 <_vsnprintf+0x25a>
10003176:	2300      	movs	r3, #0
10003178:	469a      	mov	sl, r3
1000317a:	282e      	cmp	r0, #46	@ 0x2e
1000317c:	d04b      	beq.n	10003216 <_vsnprintf+0x13e>
1000317e:	0003      	movs	r3, r0
10003180:	3b68      	subs	r3, #104	@ 0x68
10003182:	b2db      	uxtb	r3, r3
10003184:	2b12      	cmp	r3, #18
10003186:	d81e      	bhi.n	100031c6 <_vsnprintf+0xee>
10003188:	9a0e      	ldr	r2, [sp, #56]	@ 0x38
1000318a:	009b      	lsls	r3, r3, #2
1000318c:	58d3      	ldr	r3, [r2, r3]
1000318e:	469f      	mov	pc, r3
10003190:	4663      	mov	r3, ip
10003192:	000f      	movs	r7, r1
10003194:	431a      	orrs	r2, r3
10003196:	e7d8      	b.n	1000314a <_vsnprintf+0x72>
10003198:	4643      	mov	r3, r8
1000319a:	000f      	movs	r7, r1
1000319c:	431a      	orrs	r2, r3
1000319e:	e7d4      	b.n	1000314a <_vsnprintf+0x72>
100031a0:	464b      	mov	r3, r9
100031a2:	000f      	movs	r7, r1
100031a4:	431a      	orrs	r2, r3
100031a6:	e7d0      	b.n	1000314a <_vsnprintf+0x72>
100031a8:	2310      	movs	r3, #16
100031aa:	000f      	movs	r7, r1
100031ac:	431a      	orrs	r2, r3
100031ae:	e7cc      	b.n	1000314a <_vsnprintf+0x72>
100031b0:	4653      	mov	r3, sl
100031b2:	000f      	movs	r7, r1
100031b4:	431a      	orrs	r2, r3
100031b6:	e7c8      	b.n	1000314a <_vsnprintf+0x72>
100031b8:	2380      	movs	r3, #128	@ 0x80
100031ba:	005b      	lsls	r3, r3, #1
100031bc:	9a0b      	ldr	r2, [sp, #44]	@ 0x2c
100031be:	7878      	ldrb	r0, [r7, #1]
100031c0:	431a      	orrs	r2, r3
100031c2:	920b      	str	r2, [sp, #44]	@ 0x2c
100031c4:	3101      	adds	r1, #1
100031c6:	000f      	movs	r7, r1
100031c8:	2867      	cmp	r0, #103	@ 0x67
100031ca:	d84f      	bhi.n	1000326c <_vsnprintf+0x194>
100031cc:	2824      	cmp	r0, #36	@ 0x24
100031ce:	d9a4      	bls.n	1000311a <_vsnprintf+0x42>
100031d0:	0003      	movs	r3, r0
100031d2:	3b25      	subs	r3, #37	@ 0x25
100031d4:	b2db      	uxtb	r3, r3
100031d6:	2b42      	cmp	r3, #66	@ 0x42
100031d8:	d89f      	bhi.n	1000311a <_vsnprintf+0x42>
100031da:	4993      	ldr	r1, [pc, #588]	@ (10003428 <_vsnprintf+0x350>)
100031dc:	009b      	lsls	r3, r3, #2
100031de:	58cb      	ldr	r3, [r1, r3]
100031e0:	469f      	mov	pc, r3
100031e2:	2300      	movs	r3, #0
100031e4:	4698      	mov	r8, r3
100031e6:	9b0b      	ldr	r3, [sp, #44]	@ 0x2c
100031e8:	4647      	mov	r7, r8
100031ea:	469c      	mov	ip, r3
100031ec:	e000      	b.n	100031f0 <_vsnprintf+0x118>
100031ee:	3101      	adds	r1, #1
100031f0:	00bb      	lsls	r3, r7, #2
100031f2:	19db      	adds	r3, r3, r7
100031f4:	005b      	lsls	r3, r3, #1
100031f6:	181f      	adds	r7, r3, r0
100031f8:	7808      	ldrb	r0, [r1, #0]
100031fa:	3f30      	subs	r7, #48	@ 0x30
100031fc:	0003      	movs	r3, r0
100031fe:	3b30      	subs	r3, #48	@ 0x30
10003200:	2b09      	cmp	r3, #9
10003202:	d9f4      	bls.n	100031ee <_vsnprintf+0x116>
10003204:	4663      	mov	r3, ip
10003206:	930b      	str	r3, [sp, #44]	@ 0x2c
10003208:	2300      	movs	r3, #0
1000320a:	46b8      	mov	r8, r7
1000320c:	469a      	mov	sl, r3
1000320e:	000f      	movs	r7, r1
10003210:	3101      	adds	r1, #1
10003212:	282e      	cmp	r0, #46	@ 0x2e
10003214:	d1b3      	bne.n	1000317e <_vsnprintf+0xa6>
10003216:	2080      	movs	r0, #128	@ 0x80
10003218:	9a0b      	ldr	r2, [sp, #44]	@ 0x2c
1000321a:	00c0      	lsls	r0, r0, #3
1000321c:	4302      	orrs	r2, r0
1000321e:	920b      	str	r2, [sp, #44]	@ 0x2c
10003220:	2230      	movs	r2, #48	@ 0x30
10003222:	4252      	negs	r2, r2
10003224:	4694      	mov	ip, r2
10003226:	7878      	ldrb	r0, [r7, #1]
10003228:	000b      	movs	r3, r1
1000322a:	4484      	add	ip, r0
1000322c:	4662      	mov	r2, ip
1000322e:	2a09      	cmp	r2, #9
10003230:	d800      	bhi.n	10003234 <_vsnprintf+0x15c>
10003232:	e1aa      	b.n	1000358a <_vsnprintf+0x4b2>
10003234:	282a      	cmp	r0, #42	@ 0x2a
10003236:	d100      	bne.n	1000323a <_vsnprintf+0x162>
10003238:	e1b9      	b.n	100035ae <_vsnprintf+0x4d6>
1000323a:	000f      	movs	r7, r1
1000323c:	3101      	adds	r1, #1
1000323e:	e79e      	b.n	1000317e <_vsnprintf+0xa6>
10003240:	46a0      	mov	r8, r4
10003242:	46aa      	mov	sl, r5
10003244:	46b1      	mov	r9, r6
10003246:	45c8      	cmp	r8, r9
10003248:	d303      	bcc.n	10003252 <_vsnprintf+0x17a>
1000324a:	2301      	movs	r3, #1
1000324c:	425b      	negs	r3, r3
1000324e:	444b      	add	r3, r9
10003250:	4698      	mov	r8, r3
10003252:	464b      	mov	r3, r9
10003254:	4642      	mov	r2, r8
10003256:	4659      	mov	r1, fp
10003258:	2000      	movs	r0, #0
1000325a:	47d0      	blx	sl
1000325c:	0020      	movs	r0, r4
1000325e:	b025      	add	sp, #148	@ 0x94
10003260:	bcf0      	pop	{r4, r5, r6, r7}
10003262:	46bb      	mov	fp, r7
10003264:	46b2      	mov	sl, r6
10003266:	46a9      	mov	r9, r5
10003268:	46a0      	mov	r8, r4
1000326a:	bdf0      	pop	{r4, r5, r6, r7, pc}
1000326c:	0001      	movs	r1, r0
1000326e:	3969      	subs	r1, #105	@ 0x69
10003270:	b2c9      	uxtb	r1, r1
10003272:	290f      	cmp	r1, #15
10003274:	d900      	bls.n	10003278 <_vsnprintf+0x1a0>
10003276:	e750      	b.n	1000311a <_vsnprintf+0x42>
10003278:	2301      	movs	r3, #1
1000327a:	408b      	lsls	r3, r1
1000327c:	469c      	mov	ip, r3
1000327e:	4b6b      	ldr	r3, [pc, #428]	@ (1000342c <_vsnprintf+0x354>)
10003280:	4699      	mov	r9, r3
10003282:	4663      	mov	r3, ip
10003284:	464a      	mov	r2, r9
10003286:	4013      	ands	r3, r2
10003288:	930f      	str	r3, [sp, #60]	@ 0x3c
1000328a:	4662      	mov	r2, ip
1000328c:	464b      	mov	r3, r9
1000328e:	421a      	tst	r2, r3
10003290:	d000      	beq.n	10003294 <_vsnprintf+0x1bc>
10003292:	e168      	b.n	10003566 <_vsnprintf+0x48e>
10003294:	290a      	cmp	r1, #10
10003296:	d056      	beq.n	10003346 <_vsnprintf+0x26e>
10003298:	2907      	cmp	r1, #7
1000329a:	d000      	beq.n	1000329e <_vsnprintf+0x1c6>
1000329c:	e73d      	b.n	1000311a <_vsnprintf+0x42>
1000329e:	9b0d      	ldr	r3, [sp, #52]	@ 0x34
100032a0:	cb02      	ldmia	r3!, {r1}
100032a2:	4698      	mov	r8, r3
100032a4:	2900      	cmp	r1, #0
100032a6:	d000      	beq.n	100032aa <_vsnprintf+0x1d2>
100032a8:	e192      	b.n	100035d0 <_vsnprintf+0x4f8>
100032aa:	9b0b      	ldr	r3, [sp, #44]	@ 0x2c
100032ac:	2110      	movs	r1, #16
100032ae:	001a      	movs	r2, r3
100032b0:	438a      	bics	r2, r1
100032b2:	0010      	movs	r0, r2
100032b4:	3111      	adds	r1, #17
100032b6:	4308      	orrs	r0, r1
100032b8:	4681      	mov	r9, r0
100032ba:	2080      	movs	r0, #128	@ 0x80
100032bc:	001a      	movs	r2, r3
100032be:	00c0      	lsls	r0, r0, #3
100032c0:	4002      	ands	r2, r0
100032c2:	0011      	movs	r1, r2
100032c4:	4203      	tst	r3, r0
100032c6:	d11c      	bne.n	10003302 <_vsnprintf+0x22a>
100032c8:	ab14      	add	r3, sp, #80	@ 0x50
100032ca:	469c      	mov	ip, r3
100032cc:	221f      	movs	r2, #31
100032ce:	230f      	movs	r3, #15
100032d0:	4462      	add	r2, ip
100032d2:	950d      	str	r5, [sp, #52]	@ 0x34
100032d4:	469c      	mov	ip, r3
100032d6:	0015      	movs	r5, r2
100032d8:	9b0f      	ldr	r3, [sp, #60]	@ 0x3c
100032da:	940b      	str	r4, [sp, #44]	@ 0x2c
100032dc:	e002      	b.n	100032e4 <_vsnprintf+0x20c>
100032de:	2b20      	cmp	r3, #32
100032e0:	d00c      	beq.n	100032fc <_vsnprintf+0x224>
100032e2:	0011      	movs	r1, r2
100032e4:	4664      	mov	r4, ip
100032e6:	400c      	ands	r4, r1
100032e8:	0020      	movs	r0, r4
100032ea:	3037      	adds	r0, #55	@ 0x37
100032ec:	2c09      	cmp	r4, #9
100032ee:	d800      	bhi.n	100032f2 <_vsnprintf+0x21a>
100032f0:	3807      	subs	r0, #7
100032f2:	3301      	adds	r3, #1
100032f4:	54e8      	strb	r0, [r5, r3]
100032f6:	090a      	lsrs	r2, r1, #4
100032f8:	290f      	cmp	r1, #15
100032fa:	d8f0      	bhi.n	100032de <_vsnprintf+0x206>
100032fc:	9c0b      	ldr	r4, [sp, #44]	@ 0x2c
100032fe:	9d0d      	ldr	r5, [sp, #52]	@ 0x34
10003300:	930f      	str	r3, [sp, #60]	@ 0x3c
10003302:	464b      	mov	r3, r9
10003304:	2208      	movs	r2, #8
10003306:	9306      	str	r3, [sp, #24]
10003308:	4653      	mov	r3, sl
1000330a:	9205      	str	r2, [sp, #20]
1000330c:	3208      	adds	r2, #8
1000330e:	9203      	str	r2, [sp, #12]
10003310:	2200      	movs	r2, #0
10003312:	9304      	str	r3, [sp, #16]
10003314:	9b0f      	ldr	r3, [sp, #60]	@ 0x3c
10003316:	9202      	str	r2, [sp, #8]
10003318:	9301      	str	r3, [sp, #4]
1000331a:	ab1c      	add	r3, sp, #112	@ 0x70
1000331c:	0022      	movs	r2, r4
1000331e:	9300      	str	r3, [sp, #0]
10003320:	4659      	mov	r1, fp
10003322:	0033      	movs	r3, r6
10003324:	0028      	movs	r0, r5
10003326:	f7ff f98d 	bl	10002644 <_ntoa_format>
1000332a:	4643      	mov	r3, r8
1000332c:	0004      	movs	r4, r0
1000332e:	930d      	str	r3, [sp, #52]	@ 0x34
10003330:	e6fa      	b.n	10003128 <_vsnprintf+0x50>
10003332:	9b0d      	ldr	r3, [sp, #52]	@ 0x34
10003334:	cb04      	ldmia	r3!, {r2}
10003336:	4690      	mov	r8, r2
10003338:	2a00      	cmp	r2, #0
1000333a:	db79      	blt.n	10003430 <_vsnprintf+0x358>
1000333c:	7878      	ldrb	r0, [r7, #1]
1000333e:	930d      	str	r3, [sp, #52]	@ 0x34
10003340:	000f      	movs	r7, r1
10003342:	3101      	adds	r1, #1
10003344:	e717      	b.n	10003176 <_vsnprintf+0x9e>
10003346:	9b0d      	ldr	r3, [sp, #52]	@ 0x34
10003348:	cb02      	ldmia	r3!, {r1}
1000334a:	9314      	str	r3, [sp, #80]	@ 0x50
1000334c:	780b      	ldrb	r3, [r1, #0]
1000334e:	469c      	mov	ip, r3
10003350:	0018      	movs	r0, r3
10003352:	4653      	mov	r3, sl
10003354:	2b00      	cmp	r3, #0
10003356:	d100      	bne.n	1000335a <_vsnprintf+0x282>
10003358:	e134      	b.n	100035c4 <_vsnprintf+0x4ec>
1000335a:	2800      	cmp	r0, #0
1000335c:	d015      	beq.n	1000338a <_vsnprintf+0x2b2>
1000335e:	4653      	mov	r3, sl
10003360:	3b01      	subs	r3, #1
10003362:	3301      	adds	r3, #1
10003364:	4699      	mov	r9, r3
10003366:	940d      	str	r4, [sp, #52]	@ 0x34
10003368:	9c0b      	ldr	r4, [sp, #44]	@ 0x2c
1000336a:	4489      	add	r9, r1
1000336c:	464a      	mov	r2, r9
1000336e:	000b      	movs	r3, r1
10003370:	46a1      	mov	r9, r4
10003372:	e001      	b.n	10003378 <_vsnprintf+0x2a0>
10003374:	4293      	cmp	r3, r2
10003376:	d003      	beq.n	10003380 <_vsnprintf+0x2a8>
10003378:	785c      	ldrb	r4, [r3, #1]
1000337a:	3301      	adds	r3, #1
1000337c:	2c00      	cmp	r4, #0
1000337e:	d1f9      	bne.n	10003374 <_vsnprintf+0x29c>
10003380:	464a      	mov	r2, r9
10003382:	1a5b      	subs	r3, r3, r1
10003384:	9c0d      	ldr	r4, [sp, #52]	@ 0x34
10003386:	920b      	str	r2, [sp, #44]	@ 0x2c
10003388:	930f      	str	r3, [sp, #60]	@ 0x3c
1000338a:	2380      	movs	r3, #128	@ 0x80
1000338c:	00db      	lsls	r3, r3, #3
1000338e:	4699      	mov	r9, r3
10003390:	9a0b      	ldr	r2, [sp, #44]	@ 0x2c
10003392:	4013      	ands	r3, r2
10003394:	930d      	str	r3, [sp, #52]	@ 0x34
10003396:	464b      	mov	r3, r9
10003398:	421a      	tst	r2, r3
1000339a:	d004      	beq.n	100033a6 <_vsnprintf+0x2ce>
1000339c:	9b0f      	ldr	r3, [sp, #60]	@ 0x3c
1000339e:	4553      	cmp	r3, sl
100033a0:	d901      	bls.n	100033a6 <_vsnprintf+0x2ce>
100033a2:	4653      	mov	r3, sl
100033a4:	930f      	str	r3, [sp, #60]	@ 0x3c
100033a6:	2302      	movs	r3, #2
100033a8:	4699      	mov	r9, r3
100033aa:	9a0b      	ldr	r2, [sp, #44]	@ 0x2c
100033ac:	4013      	ands	r3, r2
100033ae:	930b      	str	r3, [sp, #44]	@ 0x2c
100033b0:	464b      	mov	r3, r9
100033b2:	4213      	tst	r3, r2
100033b4:	d100      	bne.n	100033b8 <_vsnprintf+0x2e0>
100033b6:	e1f5      	b.n	100037a4 <_vsnprintf+0x6cc>
100033b8:	4663      	mov	r3, ip
100033ba:	2b00      	cmp	r3, #0
100033bc:	d100      	bne.n	100033c0 <_vsnprintf+0x2e8>
100033be:	e1d6      	b.n	1000376e <_vsnprintf+0x696>
100033c0:	9b0d      	ldr	r3, [sp, #52]	@ 0x34
100033c2:	2b00      	cmp	r3, #0
100033c4:	d100      	bne.n	100033c8 <_vsnprintf+0x2f0>
100033c6:	e182      	b.n	100036ce <_vsnprintf+0x5f6>
100033c8:	1b0b      	subs	r3, r1, r4
100033ca:	46d1      	mov	r9, sl
100033cc:	0031      	movs	r1, r6
100033ce:	469a      	mov	sl, r3
100033d0:	003b      	movs	r3, r7
100033d2:	44a1      	add	r9, r4
100033d4:	002e      	movs	r6, r5
100033d6:	465f      	mov	r7, fp
100033d8:	464d      	mov	r5, r9
100033da:	0022      	movs	r2, r4
100033dc:	469b      	mov	fp, r3
100033de:	4689      	mov	r9, r1
100033e0:	e009      	b.n	100033f6 <_vsnprintf+0x31e>
100033e2:	464b      	mov	r3, r9
100033e4:	0039      	movs	r1, r7
100033e6:	1c54      	adds	r4, r2, #1
100033e8:	47b0      	blx	r6
100033ea:	4653      	mov	r3, sl
100033ec:	5d18      	ldrb	r0, [r3, r4]
100033ee:	2800      	cmp	r0, #0
100033f0:	d100      	bne.n	100033f4 <_vsnprintf+0x31c>
100033f2:	e192      	b.n	1000371a <_vsnprintf+0x642>
100033f4:	0022      	movs	r2, r4
100033f6:	4295      	cmp	r5, r2
100033f8:	d1f3      	bne.n	100033e2 <_vsnprintf+0x30a>
100033fa:	464b      	mov	r3, r9
100033fc:	465a      	mov	r2, fp
100033fe:	46a9      	mov	r9, r5
10003400:	46bb      	mov	fp, r7
10003402:	0035      	movs	r5, r6
10003404:	0017      	movs	r7, r2
10003406:	001e      	movs	r6, r3
10003408:	464c      	mov	r4, r9
1000340a:	9b0b      	ldr	r3, [sp, #44]	@ 0x2c
1000340c:	2b00      	cmp	r3, #0
1000340e:	d000      	beq.n	10003412 <_vsnprintf+0x33a>
10003410:	e1ad      	b.n	1000376e <_vsnprintf+0x696>
10003412:	9b14      	ldr	r3, [sp, #80]	@ 0x50
10003414:	930d      	str	r3, [sp, #52]	@ 0x34
10003416:	e687      	b.n	10003128 <_vsnprintf+0x50>
10003418:	100030d9 	.word	0x100030d9
1000341c:	20002290 	.word	0x20002290
10003420:	1000a7d0 	.word	0x1000a7d0
10003424:	1000a814 	.word	0x1000a814
10003428:	1000a860 	.word	0x1000a860
1000342c:	00009041 	.word	0x00009041
10003430:	9a0b      	ldr	r2, [sp, #44]	@ 0x2c
10003432:	3828      	subs	r0, #40	@ 0x28
10003434:	4302      	orrs	r2, r0
10003436:	920b      	str	r2, [sp, #44]	@ 0x2c
10003438:	4642      	mov	r2, r8
1000343a:	4252      	negs	r2, r2
1000343c:	7878      	ldrb	r0, [r7, #1]
1000343e:	4690      	mov	r8, r2
10003440:	000f      	movs	r7, r1
10003442:	930d      	str	r3, [sp, #52]	@ 0x34
10003444:	3101      	adds	r1, #1
10003446:	e696      	b.n	10003176 <_vsnprintf+0x9e>
10003448:	7878      	ldrb	r0, [r7, #1]
1000344a:	286c      	cmp	r0, #108	@ 0x6c
1000344c:	d100      	bne.n	10003450 <_vsnprintf+0x378>
1000344e:	e15d      	b.n	1000370c <_vsnprintf+0x634>
10003450:	2380      	movs	r3, #128	@ 0x80
10003452:	9a0b      	ldr	r2, [sp, #44]	@ 0x2c
10003454:	005b      	lsls	r3, r3, #1
10003456:	431a      	orrs	r2, r3
10003458:	920b      	str	r2, [sp, #44]	@ 0x2c
1000345a:	3101      	adds	r1, #1
1000345c:	e6b3      	b.n	100031c6 <_vsnprintf+0xee>
1000345e:	2380      	movs	r3, #128	@ 0x80
10003460:	009b      	lsls	r3, r3, #2
10003462:	e6ab      	b.n	100031bc <_vsnprintf+0xe4>
10003464:	7878      	ldrb	r0, [r7, #1]
10003466:	2868      	cmp	r0, #104	@ 0x68
10003468:	d100      	bne.n	1000346c <_vsnprintf+0x394>
1000346a:	e148      	b.n	100036fe <_vsnprintf+0x626>
1000346c:	2380      	movs	r3, #128	@ 0x80
1000346e:	9a0b      	ldr	r2, [sp, #44]	@ 0x2c
10003470:	3101      	adds	r1, #1
10003472:	431a      	orrs	r2, r3
10003474:	920b      	str	r2, [sp, #44]	@ 0x2c
10003476:	e6a6      	b.n	100031c6 <_vsnprintf+0xee>
10003478:	2867      	cmp	r0, #103	@ 0x67
1000347a:	d100      	bne.n	1000347e <_vsnprintf+0x3a6>
1000347c:	e0b2      	b.n	100035e4 <_vsnprintf+0x50c>
1000347e:	2847      	cmp	r0, #71	@ 0x47
10003480:	d100      	bne.n	10003484 <_vsnprintf+0x3ac>
10003482:	e11a      	b.n	100036ba <_vsnprintf+0x5e2>
10003484:	2845      	cmp	r0, #69	@ 0x45
10003486:	d100      	bne.n	1000348a <_vsnprintf+0x3b2>
10003488:	e11c      	b.n	100036c4 <_vsnprintf+0x5ec>
1000348a:	9a0b      	ldr	r2, [sp, #44]	@ 0x2c
1000348c:	2107      	movs	r1, #7
1000348e:	9204      	str	r2, [sp, #16]
10003490:	4642      	mov	r2, r8
10003492:	9b0d      	ldr	r3, [sp, #52]	@ 0x34
10003494:	9203      	str	r2, [sp, #12]
10003496:	3307      	adds	r3, #7
10003498:	4652      	mov	r2, sl
1000349a:	438b      	bics	r3, r1
1000349c:	0019      	movs	r1, r3
1000349e:	9202      	str	r2, [sp, #8]
100034a0:	c90c      	ldmia	r1!, {r2, r3}
100034a2:	0028      	movs	r0, r5
100034a4:	9200      	str	r2, [sp, #0]
100034a6:	9301      	str	r3, [sp, #4]
100034a8:	910d      	str	r1, [sp, #52]	@ 0x34
100034aa:	0022      	movs	r2, r4
100034ac:	0033      	movs	r3, r6
100034ae:	4659      	mov	r1, fp
100034b0:	f7ff fa00 	bl	100028b4 <_etoa>
100034b4:	0004      	movs	r4, r0
100034b6:	e637      	b.n	10003128 <_vsnprintf+0x50>
100034b8:	2846      	cmp	r0, #70	@ 0x46
100034ba:	d100      	bne.n	100034be <_vsnprintf+0x3e6>
100034bc:	e08d      	b.n	100035da <_vsnprintf+0x502>
100034be:	9a0b      	ldr	r2, [sp, #44]	@ 0x2c
100034c0:	2107      	movs	r1, #7
100034c2:	9204      	str	r2, [sp, #16]
100034c4:	4642      	mov	r2, r8
100034c6:	9b0d      	ldr	r3, [sp, #52]	@ 0x34
100034c8:	9203      	str	r2, [sp, #12]
100034ca:	3307      	adds	r3, #7
100034cc:	4652      	mov	r2, sl
100034ce:	438b      	bics	r3, r1
100034d0:	0019      	movs	r1, r3
100034d2:	9202      	str	r2, [sp, #8]
100034d4:	c90c      	ldmia	r1!, {r2, r3}
100034d6:	0028      	movs	r0, r5
100034d8:	9200      	str	r2, [sp, #0]
100034da:	9301      	str	r3, [sp, #4]
100034dc:	910d      	str	r1, [sp, #52]	@ 0x34
100034de:	0022      	movs	r2, r4
100034e0:	0033      	movs	r3, r6
100034e2:	4659      	mov	r1, fp
100034e4:	f7ff fc18 	bl	10002d18 <_ftoa>
100034e8:	0004      	movs	r4, r0
100034ea:	e61d      	b.n	10003128 <_vsnprintf+0x50>
100034ec:	1c63      	adds	r3, r4, #1
100034ee:	4698      	mov	r8, r3
100034f0:	0022      	movs	r2, r4
100034f2:	0033      	movs	r3, r6
100034f4:	4659      	mov	r1, fp
100034f6:	2025      	movs	r0, #37	@ 0x25
100034f8:	47a8      	blx	r5
100034fa:	4644      	mov	r4, r8
100034fc:	e614      	b.n	10003128 <_vsnprintf+0x50>
100034fe:	9b0d      	ldr	r3, [sp, #52]	@ 0x34
10003500:	3304      	adds	r3, #4
10003502:	930f      	str	r3, [sp, #60]	@ 0x3c
10003504:	1c63      	adds	r3, r4, #1
10003506:	4699      	mov	r9, r3
10003508:	9b0b      	ldr	r3, [sp, #44]	@ 0x2c
1000350a:	079a      	lsls	r2, r3, #30
1000350c:	d400      	bmi.n	10003510 <_vsnprintf+0x438>
1000350e:	e10a      	b.n	10003726 <_vsnprintf+0x64e>
10003510:	9b0d      	ldr	r3, [sp, #52]	@ 0x34
10003512:	0022      	movs	r2, r4
10003514:	7818      	ldrb	r0, [r3, #0]
10003516:	4659      	mov	r1, fp
10003518:	0033      	movs	r3, r6
1000351a:	47a8      	blx	r5
1000351c:	4643      	mov	r3, r8
1000351e:	4444      	add	r4, r8
10003520:	2b01      	cmp	r3, #1
10003522:	d800      	bhi.n	10003526 <_vsnprintf+0x44e>
10003524:	e16f      	b.n	10003806 <_vsnprintf+0x72e>
10003526:	46b0      	mov	r8, r6
10003528:	002e      	movs	r6, r5
1000352a:	0025      	movs	r5, r4
1000352c:	464c      	mov	r4, r9
1000352e:	46b9      	mov	r9, r7
10003530:	465f      	mov	r7, fp
10003532:	0022      	movs	r2, r4
10003534:	4643      	mov	r3, r8
10003536:	3401      	adds	r4, #1
10003538:	0039      	movs	r1, r7
1000353a:	2020      	movs	r0, #32
1000353c:	47b0      	blx	r6
1000353e:	42ac      	cmp	r4, r5
10003540:	d1f7      	bne.n	10003532 <_vsnprintf+0x45a>
10003542:	002c      	movs	r4, r5
10003544:	46bb      	mov	fp, r7
10003546:	0035      	movs	r5, r6
10003548:	464f      	mov	r7, r9
1000354a:	4646      	mov	r6, r8
1000354c:	9b0f      	ldr	r3, [sp, #60]	@ 0x3c
1000354e:	930d      	str	r3, [sp, #52]	@ 0x34
10003550:	e5ea      	b.n	10003128 <_vsnprintf+0x50>
10003552:	4bd6      	ldr	r3, [pc, #856]	@ (100038ac <_vsnprintf+0x7d4>)
10003554:	7838      	ldrb	r0, [r7, #0]
10003556:	469a      	mov	sl, r3
10003558:	2300      	movs	r3, #0
1000355a:	4698      	mov	r8, r3
1000355c:	2800      	cmp	r0, #0
1000355e:	d000      	beq.n	10003562 <_vsnprintf+0x48a>
10003560:	e5d3      	b.n	1000310a <_vsnprintf+0x32>
10003562:	2400      	movs	r4, #0
10003564:	e66f      	b.n	10003246 <_vsnprintf+0x16e>
10003566:	286f      	cmp	r0, #111	@ 0x6f
10003568:	d042      	beq.n	100035f0 <_vsnprintf+0x518>
1000356a:	d800      	bhi.n	1000356e <_vsnprintf+0x496>
1000356c:	e1fd      	b.n	1000396a <_vsnprintf+0x892>
1000356e:	2310      	movs	r3, #16
10003570:	2878      	cmp	r0, #120	@ 0x78
10003572:	d100      	bne.n	10003576 <_vsnprintf+0x49e>
10003574:	e09b      	b.n	100036ae <_vsnprintf+0x5d6>
10003576:	9a0b      	ldr	r2, [sp, #44]	@ 0x2c
10003578:	439a      	bics	r2, r3
1000357a:	920b      	str	r2, [sp, #44]	@ 0x2c
1000357c:	230a      	movs	r3, #10
1000357e:	469c      	mov	ip, r3
10003580:	2300      	movs	r3, #0
10003582:	9314      	str	r3, [sp, #80]	@ 0x50
10003584:	330a      	adds	r3, #10
10003586:	930f      	str	r3, [sp, #60]	@ 0x3c
10003588:	e038      	b.n	100035fc <_vsnprintf+0x524>
1000358a:	4657      	mov	r7, sl
1000358c:	9a0b      	ldr	r2, [sp, #44]	@ 0x2c
1000358e:	00b9      	lsls	r1, r7, #2
10003590:	19c9      	adds	r1, r1, r7
10003592:	0049      	lsls	r1, r1, #1
10003594:	3301      	adds	r3, #1
10003596:	180f      	adds	r7, r1, r0
10003598:	7818      	ldrb	r0, [r3, #0]
1000359a:	3f30      	subs	r7, #48	@ 0x30
1000359c:	0001      	movs	r1, r0
1000359e:	3930      	subs	r1, #48	@ 0x30
100035a0:	2909      	cmp	r1, #9
100035a2:	d9f4      	bls.n	1000358e <_vsnprintf+0x4b6>
100035a4:	46ba      	mov	sl, r7
100035a6:	920b      	str	r2, [sp, #44]	@ 0x2c
100035a8:	001f      	movs	r7, r3
100035aa:	1c59      	adds	r1, r3, #1
100035ac:	e5e7      	b.n	1000317e <_vsnprintf+0xa6>
100035ae:	9b0d      	ldr	r3, [sp, #52]	@ 0x34
100035b0:	78b8      	ldrb	r0, [r7, #2]
100035b2:	cb04      	ldmia	r3!, {r2}
100035b4:	3702      	adds	r7, #2
100035b6:	43d1      	mvns	r1, r2
100035b8:	17c9      	asrs	r1, r1, #31
100035ba:	400a      	ands	r2, r1
100035bc:	4692      	mov	sl, r2
100035be:	930d      	str	r3, [sp, #52]	@ 0x34
100035c0:	1c79      	adds	r1, r7, #1
100035c2:	e5dc      	b.n	1000317e <_vsnprintf+0xa6>
100035c4:	2800      	cmp	r0, #0
100035c6:	d100      	bne.n	100035ca <_vsnprintf+0x4f2>
100035c8:	e6df      	b.n	1000338a <_vsnprintf+0x2b2>
100035ca:	2302      	movs	r3, #2
100035cc:	425b      	negs	r3, r3
100035ce:	e6c8      	b.n	10003362 <_vsnprintf+0x28a>
100035d0:	2021      	movs	r0, #33	@ 0x21
100035d2:	9a0b      	ldr	r2, [sp, #44]	@ 0x2c
100035d4:	4302      	orrs	r2, r0
100035d6:	4691      	mov	r9, r2
100035d8:	e676      	b.n	100032c8 <_vsnprintf+0x1f0>
100035da:	2320      	movs	r3, #32
100035dc:	9a0b      	ldr	r2, [sp, #44]	@ 0x2c
100035de:	431a      	orrs	r2, r3
100035e0:	920b      	str	r2, [sp, #44]	@ 0x2c
100035e2:	e76c      	b.n	100034be <_vsnprintf+0x3e6>
100035e4:	2380      	movs	r3, #128	@ 0x80
100035e6:	9a0b      	ldr	r2, [sp, #44]	@ 0x2c
100035e8:	011b      	lsls	r3, r3, #4
100035ea:	431a      	orrs	r2, r3
100035ec:	920b      	str	r2, [sp, #44]	@ 0x2c
100035ee:	e74c      	b.n	1000348a <_vsnprintf+0x3b2>
100035f0:	2308      	movs	r3, #8
100035f2:	469c      	mov	ip, r3
100035f4:	2300      	movs	r3, #0
100035f6:	9314      	str	r3, [sp, #80]	@ 0x50
100035f8:	3308      	adds	r3, #8
100035fa:	930f      	str	r3, [sp, #60]	@ 0x3c
100035fc:	980b      	ldr	r0, [sp, #44]	@ 0x2c
100035fe:	2380      	movs	r3, #128	@ 0x80
10003600:	0002      	movs	r2, r0
10003602:	00db      	lsls	r3, r3, #3
10003604:	401a      	ands	r2, r3
10003606:	0011      	movs	r1, r2
10003608:	0002      	movs	r2, r0
1000360a:	4218      	tst	r0, r3
1000360c:	d000      	beq.n	10003610 <_vsnprintf+0x538>
1000360e:	e080      	b.n	10003712 <_vsnprintf+0x63a>
10003610:	230c      	movs	r3, #12
10003612:	439a      	bics	r2, r3
10003614:	0010      	movs	r0, r2
10003616:	2380      	movs	r3, #128	@ 0x80
10003618:	0002      	movs	r2, r0
1000361a:	009b      	lsls	r3, r3, #2
1000361c:	401a      	ands	r2, r3
1000361e:	920b      	str	r2, [sp, #44]	@ 0x2c
10003620:	4218      	tst	r0, r3
10003622:	d000      	beq.n	10003626 <_vsnprintf+0x54e>
10003624:	e0f1      	b.n	1000380a <_vsnprintf+0x732>
10003626:	2380      	movs	r3, #128	@ 0x80
10003628:	0002      	movs	r2, r0
1000362a:	005b      	lsls	r3, r3, #1
1000362c:	401a      	ands	r2, r3
1000362e:	4691      	mov	r9, r2
10003630:	9a0d      	ldr	r2, [sp, #52]	@ 0x34
10003632:	3204      	adds	r2, #4
10003634:	9214      	str	r2, [sp, #80]	@ 0x50
10003636:	4218      	tst	r0, r3
10003638:	d000      	beq.n	1000363c <_vsnprintf+0x564>
1000363a:	e2c3      	b.n	10003bc4 <_vsnprintf+0xaec>
1000363c:	0643      	lsls	r3, r0, #25
1000363e:	d500      	bpl.n	10003642 <_vsnprintf+0x56a>
10003640:	e0d7      	b.n	100037f2 <_vsnprintf+0x71a>
10003642:	0603      	lsls	r3, r0, #24
10003644:	d400      	bmi.n	10003648 <_vsnprintf+0x570>
10003646:	e321      	b.n	10003c8c <_vsnprintf+0xbb4>
10003648:	9b0d      	ldr	r3, [sp, #52]	@ 0x34
1000364a:	881b      	ldrh	r3, [r3, #0]
1000364c:	9309      	str	r3, [sp, #36]	@ 0x24
1000364e:	2b00      	cmp	r3, #0
10003650:	d000      	beq.n	10003654 <_vsnprintf+0x57c>
10003652:	e12d      	b.n	100038b0 <_vsnprintf+0x7d8>
10003654:	3310      	adds	r3, #16
10003656:	4398      	bics	r0, r3
10003658:	2900      	cmp	r1, #0
1000365a:	d100      	bne.n	1000365e <_vsnprintf+0x586>
1000365c:	e128      	b.n	100038b0 <_vsnprintf+0x7d8>
1000365e:	2300      	movs	r3, #0
10003660:	4699      	mov	r9, r3
10003662:	4643      	mov	r3, r8
10003664:	9305      	str	r3, [sp, #20]
10003666:	4653      	mov	r3, sl
10003668:	9304      	str	r3, [sp, #16]
1000366a:	9b0f      	ldr	r3, [sp, #60]	@ 0x3c
1000366c:	9006      	str	r0, [sp, #24]
1000366e:	9303      	str	r3, [sp, #12]
10003670:	2300      	movs	r3, #0
10003672:	9302      	str	r3, [sp, #8]
10003674:	464b      	mov	r3, r9
10003676:	9301      	str	r3, [sp, #4]
10003678:	ab1c      	add	r3, sp, #112	@ 0x70
1000367a:	0022      	movs	r2, r4
1000367c:	9300      	str	r3, [sp, #0]
1000367e:	4659      	mov	r1, fp
10003680:	0033      	movs	r3, r6
10003682:	0028      	movs	r0, r5
10003684:	f7fe ffde 	bl	10002644 <_ntoa_format>
10003688:	0004      	movs	r4, r0
1000368a:	e6c2      	b.n	10003412 <_vsnprintf+0x33a>
1000368c:	2858      	cmp	r0, #88	@ 0x58
1000368e:	d009      	beq.n	100036a4 <_vsnprintf+0x5cc>
10003690:	2862      	cmp	r0, #98	@ 0x62
10003692:	d000      	beq.n	10003696 <_vsnprintf+0x5be>
10003694:	e2e3      	b.n	10003c5e <_vsnprintf+0xb86>
10003696:	2302      	movs	r3, #2
10003698:	469c      	mov	ip, r3
1000369a:	2300      	movs	r3, #0
1000369c:	9314      	str	r3, [sp, #80]	@ 0x50
1000369e:	3302      	adds	r3, #2
100036a0:	930f      	str	r3, [sp, #60]	@ 0x3c
100036a2:	e7ab      	b.n	100035fc <_vsnprintf+0x524>
100036a4:	2320      	movs	r3, #32
100036a6:	9a0b      	ldr	r2, [sp, #44]	@ 0x2c
100036a8:	431a      	orrs	r2, r3
100036aa:	920b      	str	r2, [sp, #44]	@ 0x2c
100036ac:	3b10      	subs	r3, #16
100036ae:	469c      	mov	ip, r3
100036b0:	2300      	movs	r3, #0
100036b2:	9314      	str	r3, [sp, #80]	@ 0x50
100036b4:	3310      	adds	r3, #16
100036b6:	930f      	str	r3, [sp, #60]	@ 0x3c
100036b8:	e7a0      	b.n	100035fc <_vsnprintf+0x524>
100036ba:	2380      	movs	r3, #128	@ 0x80
100036bc:	9a0b      	ldr	r2, [sp, #44]	@ 0x2c
100036be:	011b      	lsls	r3, r3, #4
100036c0:	431a      	orrs	r2, r3
100036c2:	920b      	str	r2, [sp, #44]	@ 0x2c
100036c4:	2320      	movs	r3, #32
100036c6:	9a0b      	ldr	r2, [sp, #44]	@ 0x2c
100036c8:	431a      	orrs	r2, r3
100036ca:	920b      	str	r2, [sp, #44]	@ 0x2c
100036cc:	e6dd      	b.n	1000348a <_vsnprintf+0x3b2>
100036ce:	1b0b      	subs	r3, r1, r4
100036d0:	469a      	mov	sl, r3
100036d2:	9b0f      	ldr	r3, [sp, #60]	@ 0x3c
100036d4:	4699      	mov	r9, r3
100036d6:	003b      	movs	r3, r7
100036d8:	0037      	movs	r7, r6
100036da:	465e      	mov	r6, fp
100036dc:	469b      	mov	fp, r3
100036de:	0022      	movs	r2, r4
100036e0:	003b      	movs	r3, r7
100036e2:	0031      	movs	r1, r6
100036e4:	47a8      	blx	r5
100036e6:	4653      	mov	r3, sl
100036e8:	3401      	adds	r4, #1
100036ea:	5d18      	ldrb	r0, [r3, r4]
100036ec:	2800      	cmp	r0, #0
100036ee:	d1f6      	bne.n	100036de <_vsnprintf+0x606>
100036f0:	464b      	mov	r3, r9
100036f2:	930f      	str	r3, [sp, #60]	@ 0x3c
100036f4:	465b      	mov	r3, fp
100036f6:	46b3      	mov	fp, r6
100036f8:	003e      	movs	r6, r7
100036fa:	001f      	movs	r7, r3
100036fc:	e685      	b.n	1000340a <_vsnprintf+0x332>
100036fe:	23c0      	movs	r3, #192	@ 0xc0
10003700:	9a0b      	ldr	r2, [sp, #44]	@ 0x2c
10003702:	78b8      	ldrb	r0, [r7, #2]
10003704:	431a      	orrs	r2, r3
10003706:	920b      	str	r2, [sp, #44]	@ 0x2c
10003708:	1cf9      	adds	r1, r7, #3
1000370a:	e55c      	b.n	100031c6 <_vsnprintf+0xee>
1000370c:	23c0      	movs	r3, #192	@ 0xc0
1000370e:	009b      	lsls	r3, r3, #2
10003710:	e7f6      	b.n	10003700 <_vsnprintf+0x628>
10003712:	230d      	movs	r3, #13
10003714:	439a      	bics	r2, r3
10003716:	0010      	movs	r0, r2
10003718:	e77d      	b.n	10003616 <_vsnprintf+0x53e>
1000371a:	465b      	mov	r3, fp
1000371c:	0035      	movs	r5, r6
1000371e:	46bb      	mov	fp, r7
10003720:	464e      	mov	r6, r9
10003722:	001f      	movs	r7, r3
10003724:	e671      	b.n	1000340a <_vsnprintf+0x332>
10003726:	4643      	mov	r3, r8
10003728:	2b01      	cmp	r3, #1
1000372a:	d966      	bls.n	100037fa <_vsnprintf+0x722>
1000372c:	1e63      	subs	r3, r4, #1
1000372e:	4443      	add	r3, r8
10003730:	0032      	movs	r2, r6
10003732:	002e      	movs	r6, r5
10003734:	001d      	movs	r5, r3
10003736:	003b      	movs	r3, r7
10003738:	46a2      	mov	sl, r4
1000373a:	465f      	mov	r7, fp
1000373c:	4691      	mov	r9, r2
1000373e:	469b      	mov	fp, r3
10003740:	0022      	movs	r2, r4
10003742:	464b      	mov	r3, r9
10003744:	3401      	adds	r4, #1
10003746:	0039      	movs	r1, r7
10003748:	2020      	movs	r0, #32
1000374a:	47b0      	blx	r6
1000374c:	42ac      	cmp	r4, r5
1000374e:	d1f7      	bne.n	10003740 <_vsnprintf+0x668>
10003750:	465b      	mov	r3, fp
10003752:	0035      	movs	r5, r6
10003754:	46bb      	mov	fp, r7
10003756:	464e      	mov	r6, r9
10003758:	46a1      	mov	r9, r4
1000375a:	4654      	mov	r4, sl
1000375c:	001f      	movs	r7, r3
1000375e:	9b0d      	ldr	r3, [sp, #52]	@ 0x34
10003760:	464a      	mov	r2, r9
10003762:	7818      	ldrb	r0, [r3, #0]
10003764:	4659      	mov	r1, fp
10003766:	0033      	movs	r3, r6
10003768:	4444      	add	r4, r8
1000376a:	47a8      	blx	r5
1000376c:	e6ee      	b.n	1000354c <_vsnprintf+0x474>
1000376e:	9b0f      	ldr	r3, [sp, #60]	@ 0x3c
10003770:	46a1      	mov	r9, r4
10003772:	4598      	cmp	r8, r3
10003774:	d800      	bhi.n	10003778 <_vsnprintf+0x6a0>
10003776:	e64c      	b.n	10003412 <_vsnprintf+0x33a>
10003778:	4444      	add	r4, r8
1000377a:	1ae4      	subs	r4, r4, r3
1000377c:	46b0      	mov	r8, r6
1000377e:	002e      	movs	r6, r5
10003780:	0025      	movs	r5, r4
10003782:	464c      	mov	r4, r9
10003784:	46b9      	mov	r9, r7
10003786:	465f      	mov	r7, fp
10003788:	0022      	movs	r2, r4
1000378a:	4643      	mov	r3, r8
1000378c:	3401      	adds	r4, #1
1000378e:	0039      	movs	r1, r7
10003790:	2020      	movs	r0, #32
10003792:	47b0      	blx	r6
10003794:	42ac      	cmp	r4, r5
10003796:	d1f7      	bne.n	10003788 <_vsnprintf+0x6b0>
10003798:	002c      	movs	r4, r5
1000379a:	46bb      	mov	fp, r7
1000379c:	0035      	movs	r5, r6
1000379e:	464f      	mov	r7, r9
100037a0:	4646      	mov	r6, r8
100037a2:	e636      	b.n	10003412 <_vsnprintf+0x33a>
100037a4:	980f      	ldr	r0, [sp, #60]	@ 0x3c
100037a6:	4580      	cmp	r8, r0
100037a8:	d800      	bhi.n	100037ac <_vsnprintf+0x6d4>
100037aa:	e273      	b.n	10003c94 <_vsnprintf+0xbbc>
100037ac:	4643      	mov	r3, r8
100037ae:	18e2      	adds	r2, r4, r3
100037b0:	1a13      	subs	r3, r2, r0
100037b2:	0032      	movs	r2, r6
100037b4:	002e      	movs	r6, r5
100037b6:	001d      	movs	r5, r3
100037b8:	003b      	movs	r3, r7
100037ba:	4691      	mov	r9, r2
100037bc:	465f      	mov	r7, fp
100037be:	469b      	mov	fp, r3
100037c0:	910f      	str	r1, [sp, #60]	@ 0x3c
100037c2:	0022      	movs	r2, r4
100037c4:	464b      	mov	r3, r9
100037c6:	3401      	adds	r4, #1
100037c8:	0039      	movs	r1, r7
100037ca:	2020      	movs	r0, #32
100037cc:	47b0      	blx	r6
100037ce:	42ac      	cmp	r4, r5
100037d0:	d1f7      	bne.n	100037c2 <_vsnprintf+0x6ea>
100037d2:	465b      	mov	r3, fp
100037d4:	46bb      	mov	fp, r7
100037d6:	001f      	movs	r7, r3
100037d8:	4643      	mov	r3, r8
100037da:	990f      	ldr	r1, [sp, #60]	@ 0x3c
100037dc:	3301      	adds	r3, #1
100037de:	930f      	str	r3, [sp, #60]	@ 0x3c
100037e0:	780b      	ldrb	r3, [r1, #0]
100037e2:	0035      	movs	r5, r6
100037e4:	469c      	mov	ip, r3
100037e6:	464e      	mov	r6, r9
100037e8:	4660      	mov	r0, ip
100037ea:	2800      	cmp	r0, #0
100037ec:	d000      	beq.n	100037f0 <_vsnprintf+0x718>
100037ee:	e5e7      	b.n	100033c0 <_vsnprintf+0x2e8>
100037f0:	e60f      	b.n	10003412 <_vsnprintf+0x33a>
100037f2:	9b0d      	ldr	r3, [sp, #52]	@ 0x34
100037f4:	781b      	ldrb	r3, [r3, #0]
100037f6:	9309      	str	r3, [sp, #36]	@ 0x24
100037f8:	e729      	b.n	1000364e <_vsnprintf+0x576>
100037fa:	9b0d      	ldr	r3, [sp, #52]	@ 0x34
100037fc:	0022      	movs	r2, r4
100037fe:	7818      	ldrb	r0, [r3, #0]
10003800:	4659      	mov	r1, fp
10003802:	0033      	movs	r3, r6
10003804:	47a8      	blx	r5
10003806:	464c      	mov	r4, r9
10003808:	e6a0      	b.n	1000354c <_vsnprintf+0x474>
1000380a:	9a0d      	ldr	r2, [sp, #52]	@ 0x34
1000380c:	3bfa      	subs	r3, #250	@ 0xfa
1000380e:	3bff      	subs	r3, #255	@ 0xff
10003810:	3207      	adds	r2, #7
10003812:	439a      	bics	r2, r3
10003814:	3301      	adds	r3, #1
10003816:	4699      	mov	r9, r3
10003818:	4491      	add	r9, r2
1000381a:	464b      	mov	r3, r9
1000381c:	930d      	str	r3, [sp, #52]	@ 0x34
1000381e:	6813      	ldr	r3, [r2, #0]
10003820:	6852      	ldr	r2, [r2, #4]
10003822:	9215      	str	r2, [sp, #84]	@ 0x54
10003824:	431a      	orrs	r2, r3
10003826:	d106      	bne.n	10003836 <_vsnprintf+0x75e>
10003828:	3210      	adds	r2, #16
1000382a:	4390      	bics	r0, r2
1000382c:	2200      	movs	r2, #0
1000382e:	9209      	str	r2, [sp, #36]	@ 0x24
10003830:	2900      	cmp	r1, #0
10003832:	d000      	beq.n	10003836 <_vsnprintf+0x75e>
10003834:	e083      	b.n	1000393e <_vsnprintf+0x866>
10003836:	2261      	movs	r2, #97	@ 0x61
10003838:	0681      	lsls	r1, r0, #26
1000383a:	d500      	bpl.n	1000383e <_vsnprintf+0x766>
1000383c:	2241      	movs	r2, #65	@ 0x41
1000383e:	b2d2      	uxtb	r2, r2
10003840:	920a      	str	r2, [sp, #40]	@ 0x28
10003842:	aa14      	add	r2, sp, #80	@ 0x50
10003844:	4691      	mov	r9, r2
10003846:	9a0a      	ldr	r2, [sp, #40]	@ 0x28
10003848:	2100      	movs	r1, #0
1000384a:	3a0a      	subs	r2, #10
1000384c:	920b      	str	r2, [sp, #44]	@ 0x2c
1000384e:	4642      	mov	r2, r8
10003850:	9217      	str	r2, [sp, #92]	@ 0x5c
10003852:	4652      	mov	r2, sl
10003854:	9218      	str	r2, [sp, #96]	@ 0x60
10003856:	465a      	mov	r2, fp
10003858:	46b2      	mov	sl, r6
1000385a:	9109      	str	r1, [sp, #36]	@ 0x24
1000385c:	001e      	movs	r6, r3
1000385e:	311f      	adds	r1, #31
10003860:	9b14      	ldr	r3, [sp, #80]	@ 0x50
10003862:	4449      	add	r1, r9
10003864:	46bb      	mov	fp, r7
10003866:	9416      	str	r4, [sp, #88]	@ 0x58
10003868:	951a      	str	r5, [sp, #104]	@ 0x68
1000386a:	2400      	movs	r4, #0
1000386c:	4667      	mov	r7, ip
1000386e:	4698      	mov	r8, r3
10003870:	4689      	mov	r9, r1
10003872:	9d15      	ldr	r5, [sp, #84]	@ 0x54
10003874:	9019      	str	r0, [sp, #100]	@ 0x64
10003876:	921b      	str	r2, [sp, #108]	@ 0x6c
10003878:	e00a      	b.n	10003890 <_vsnprintf+0x7b8>
1000387a:	3230      	adds	r2, #48	@ 0x30
1000387c:	b2d2      	uxtb	r2, r2
1000387e:	464b      	mov	r3, r9
10003880:	3401      	adds	r4, #1
10003882:	551a      	strb	r2, [r3, r4]
10003884:	45a8      	cmp	r8, r5
10003886:	d04c      	beq.n	10003922 <_vsnprintf+0x84a>
10003888:	2c20      	cmp	r4, #32
1000388a:	d04c      	beq.n	10003926 <_vsnprintf+0x84e>
1000388c:	0006      	movs	r6, r0
1000388e:	000d      	movs	r5, r1
10003890:	003a      	movs	r2, r7
10003892:	2300      	movs	r3, #0
10003894:	0030      	movs	r0, r6
10003896:	0029      	movs	r1, r5
10003898:	f7fe fa2e 	bl	10001cf8 <__wrap___aeabi_uldivmod>
1000389c:	b2d2      	uxtb	r2, r2
1000389e:	2a09      	cmp	r2, #9
100038a0:	d9eb      	bls.n	1000387a <_vsnprintf+0x7a2>
100038a2:	9b0b      	ldr	r3, [sp, #44]	@ 0x2c
100038a4:	469c      	mov	ip, r3
100038a6:	4462      	add	r2, ip
100038a8:	b2d2      	uxtb	r2, r2
100038aa:	e7e8      	b.n	1000387e <_vsnprintf+0x7a6>
100038ac:	10002595 	.word	0x10002595
100038b0:	2361      	movs	r3, #97	@ 0x61
100038b2:	0682      	lsls	r2, r0, #26
100038b4:	d500      	bpl.n	100038b8 <_vsnprintf+0x7e0>
100038b6:	2341      	movs	r3, #65	@ 0x41
100038b8:	b2db      	uxtb	r3, r3
100038ba:	3b0a      	subs	r3, #10
100038bc:	930b      	str	r3, [sp, #44]	@ 0x2c
100038be:	4643      	mov	r3, r8
100038c0:	a914      	add	r1, sp, #80	@ 0x50
100038c2:	221f      	movs	r2, #31
100038c4:	468c      	mov	ip, r1
100038c6:	9315      	str	r3, [sp, #84]	@ 0x54
100038c8:	4653      	mov	r3, sl
100038ca:	4462      	add	r2, ip
100038cc:	46b2      	mov	sl, r6
100038ce:	940d      	str	r4, [sp, #52]	@ 0x34
100038d0:	9717      	str	r7, [sp, #92]	@ 0x5c
100038d2:	464c      	mov	r4, r9
100038d4:	4680      	mov	r8, r0
100038d6:	46a9      	mov	r9, r5
100038d8:	0017      	movs	r7, r2
100038da:	9d09      	ldr	r5, [sp, #36]	@ 0x24
100038dc:	9e0f      	ldr	r6, [sp, #60]	@ 0x3c
100038de:	9316      	str	r3, [sp, #88]	@ 0x58
100038e0:	e008      	b.n	100038f4 <_vsnprintf+0x81c>
100038e2:	3330      	adds	r3, #48	@ 0x30
100038e4:	b2db      	uxtb	r3, r3
100038e6:	3401      	adds	r4, #1
100038e8:	553b      	strb	r3, [r7, r4]
100038ea:	42b5      	cmp	r5, r6
100038ec:	d30e      	bcc.n	1000390c <_vsnprintf+0x834>
100038ee:	2c20      	cmp	r4, #32
100038f0:	d00c      	beq.n	1000390c <_vsnprintf+0x834>
100038f2:	0005      	movs	r5, r0
100038f4:	0031      	movs	r1, r6
100038f6:	0028      	movs	r0, r5
100038f8:	f7fe f9c0 	bl	10001c7c <__wrap___aeabi_uidiv>
100038fc:	b2cb      	uxtb	r3, r1
100038fe:	2909      	cmp	r1, #9
10003900:	d9ef      	bls.n	100038e2 <_vsnprintf+0x80a>
10003902:	9a0b      	ldr	r2, [sp, #44]	@ 0x2c
10003904:	4694      	mov	ip, r2
10003906:	4463      	add	r3, ip
10003908:	b2db      	uxtb	r3, r3
1000390a:	e7ec      	b.n	100038e6 <_vsnprintf+0x80e>
1000390c:	9b15      	ldr	r3, [sp, #84]	@ 0x54
1000390e:	4640      	mov	r0, r8
10003910:	4698      	mov	r8, r3
10003912:	9b16      	ldr	r3, [sp, #88]	@ 0x58
10003914:	464d      	mov	r5, r9
10003916:	4656      	mov	r6, sl
10003918:	46a1      	mov	r9, r4
1000391a:	469a      	mov	sl, r3
1000391c:	9c0d      	ldr	r4, [sp, #52]	@ 0x34
1000391e:	9f17      	ldr	r7, [sp, #92]	@ 0x5c
10003920:	e69f      	b.n	10003662 <_vsnprintf+0x58a>
10003922:	42b7      	cmp	r7, r6
10003924:	d9b0      	bls.n	10003888 <_vsnprintf+0x7b0>
10003926:	9b17      	ldr	r3, [sp, #92]	@ 0x5c
10003928:	4656      	mov	r6, sl
1000392a:	4698      	mov	r8, r3
1000392c:	9b18      	ldr	r3, [sp, #96]	@ 0x60
1000392e:	465f      	mov	r7, fp
10003930:	469a      	mov	sl, r3
10003932:	9b1b      	ldr	r3, [sp, #108]	@ 0x6c
10003934:	9409      	str	r4, [sp, #36]	@ 0x24
10003936:	469b      	mov	fp, r3
10003938:	9c16      	ldr	r4, [sp, #88]	@ 0x58
1000393a:	9819      	ldr	r0, [sp, #100]	@ 0x64
1000393c:	9d1a      	ldr	r5, [sp, #104]	@ 0x68
1000393e:	4643      	mov	r3, r8
10003940:	9305      	str	r3, [sp, #20]
10003942:	4653      	mov	r3, sl
10003944:	9304      	str	r3, [sp, #16]
10003946:	9b0f      	ldr	r3, [sp, #60]	@ 0x3c
10003948:	9006      	str	r0, [sp, #24]
1000394a:	9303      	str	r3, [sp, #12]
1000394c:	2300      	movs	r3, #0
1000394e:	9302      	str	r3, [sp, #8]
10003950:	9b09      	ldr	r3, [sp, #36]	@ 0x24
10003952:	9301      	str	r3, [sp, #4]
10003954:	ab1c      	add	r3, sp, #112	@ 0x70
10003956:	0022      	movs	r2, r4
10003958:	9300      	str	r3, [sp, #0]
1000395a:	4659      	mov	r1, fp
1000395c:	0033      	movs	r3, r6
1000395e:	0028      	movs	r0, r5
10003960:	f7fe fe70 	bl	10002644 <_ntoa_format>
10003964:	0004      	movs	r4, r0
10003966:	f7ff fbdf 	bl	10003128 <_vsnprintf+0x50>
1000396a:	2310      	movs	r3, #16
1000396c:	9a0b      	ldr	r2, [sp, #44]	@ 0x2c
1000396e:	439a      	bics	r2, r3
10003970:	920f      	str	r2, [sp, #60]	@ 0x3c
10003972:	2869      	cmp	r0, #105	@ 0x69
10003974:	d000      	beq.n	10003978 <_vsnprintf+0x8a0>
10003976:	e191      	b.n	10003c9c <_vsnprintf+0xbc4>
10003978:	990b      	ldr	r1, [sp, #44]	@ 0x2c
1000397a:	2380      	movs	r3, #128	@ 0x80
1000397c:	000a      	movs	r2, r1
1000397e:	00db      	lsls	r3, r3, #3
10003980:	401a      	ands	r2, r3
10003982:	0010      	movs	r0, r2
10003984:	000a      	movs	r2, r1
10003986:	4219      	tst	r1, r3
10003988:	d003      	beq.n	10003992 <_vsnprintf+0x8ba>
1000398a:	2111      	movs	r1, #17
1000398c:	0018      	movs	r0, r3
1000398e:	438a      	bics	r2, r1
10003990:	920f      	str	r2, [sp, #60]	@ 0x3c
10003992:	9a0f      	ldr	r2, [sp, #60]	@ 0x3c
10003994:	2380      	movs	r3, #128	@ 0x80
10003996:	0011      	movs	r1, r2
10003998:	009b      	lsls	r3, r3, #2
1000399a:	4019      	ands	r1, r3
1000399c:	468c      	mov	ip, r1
1000399e:	421a      	tst	r2, r3
100039a0:	d15b      	bne.n	10003a5a <_vsnprintf+0x982>
100039a2:	2380      	movs	r3, #128	@ 0x80
100039a4:	0011      	movs	r1, r2
100039a6:	005b      	lsls	r3, r3, #1
100039a8:	4019      	ands	r1, r3
100039aa:	4689      	mov	r9, r1
100039ac:	990d      	ldr	r1, [sp, #52]	@ 0x34
100039ae:	3104      	adds	r1, #4
100039b0:	910b      	str	r1, [sp, #44]	@ 0x2c
100039b2:	421a      	tst	r2, r3
100039b4:	d000      	beq.n	100039b8 <_vsnprintf+0x8e0>
100039b6:	e0b2      	b.n	10003b1e <_vsnprintf+0xa46>
100039b8:	0013      	movs	r3, r2
100039ba:	065b      	lsls	r3, r3, #25
100039bc:	d400      	bmi.n	100039c0 <_vsnprintf+0x8e8>
100039be:	e0ed      	b.n	10003b9c <_vsnprintf+0xac4>
100039c0:	9b0d      	ldr	r3, [sp, #52]	@ 0x34
100039c2:	781b      	ldrb	r3, [r3, #0]
100039c4:	001a      	movs	r2, r3
100039c6:	0fd9      	lsrs	r1, r3, #31
100039c8:	910d      	str	r1, [sp, #52]	@ 0x34
100039ca:	2b00      	cmp	r3, #0
100039cc:	d100      	bne.n	100039d0 <_vsnprintf+0x8f8>
100039ce:	e0a3      	b.n	10003b18 <_vsnprintf+0xa40>
100039d0:	0010      	movs	r0, r2
100039d2:	aa14      	add	r2, sp, #80	@ 0x50
100039d4:	4694      	mov	ip, r2
100039d6:	4642      	mov	r2, r8
100039d8:	231f      	movs	r3, #31
100039da:	9215      	str	r2, [sp, #84]	@ 0x54
100039dc:	4652      	mov	r2, sl
100039de:	4463      	add	r3, ip
100039e0:	46a8      	mov	r8, r5
100039e2:	46ba      	mov	sl, r7
100039e4:	464d      	mov	r5, r9
100039e6:	9414      	str	r4, [sp, #80]	@ 0x50
100039e8:	46b1      	mov	r9, r6
100039ea:	0004      	movs	r4, r0
100039ec:	001f      	movs	r7, r3
100039ee:	9216      	str	r2, [sp, #88]	@ 0x58
100039f0:	e001      	b.n	100039f6 <_vsnprintf+0x91e>
100039f2:	2d20      	cmp	r5, #32
100039f4:	d00f      	beq.n	10003a16 <_vsnprintf+0x93e>
100039f6:	0020      	movs	r0, r4
100039f8:	210a      	movs	r1, #10
100039fa:	f7fe f93f 	bl	10001c7c <__wrap___aeabi_uidiv>
100039fe:	3501      	adds	r5, #1
10003a00:	197e      	adds	r6, r7, r5
10003a02:	3130      	adds	r1, #48	@ 0x30
10003a04:	7031      	strb	r1, [r6, #0]
10003a06:	0020      	movs	r0, r4
10003a08:	210a      	movs	r1, #10
10003a0a:	f7fe f937 	bl	10001c7c <__wrap___aeabi_uidiv>
10003a0e:	0026      	movs	r6, r4
10003a10:	0004      	movs	r4, r0
10003a12:	2e09      	cmp	r6, #9
10003a14:	d8ed      	bhi.n	100039f2 <_vsnprintf+0x91a>
10003a16:	9b15      	ldr	r3, [sp, #84]	@ 0x54
10003a18:	464e      	mov	r6, r9
10003a1a:	46a9      	mov	r9, r5
10003a1c:	4645      	mov	r5, r8
10003a1e:	4698      	mov	r8, r3
10003a20:	9b16      	ldr	r3, [sp, #88]	@ 0x58
10003a22:	4657      	mov	r7, sl
10003a24:	469a      	mov	sl, r3
10003a26:	9c14      	ldr	r4, [sp, #80]	@ 0x50
10003a28:	9b0f      	ldr	r3, [sp, #60]	@ 0x3c
10003a2a:	9306      	str	r3, [sp, #24]
10003a2c:	4643      	mov	r3, r8
10003a2e:	9305      	str	r3, [sp, #20]
10003a30:	4653      	mov	r3, sl
10003a32:	9304      	str	r3, [sp, #16]
10003a34:	230a      	movs	r3, #10
10003a36:	9303      	str	r3, [sp, #12]
10003a38:	9b0d      	ldr	r3, [sp, #52]	@ 0x34
10003a3a:	9302      	str	r3, [sp, #8]
10003a3c:	464b      	mov	r3, r9
10003a3e:	9301      	str	r3, [sp, #4]
10003a40:	ab1c      	add	r3, sp, #112	@ 0x70
10003a42:	0022      	movs	r2, r4
10003a44:	9300      	str	r3, [sp, #0]
10003a46:	4659      	mov	r1, fp
10003a48:	0033      	movs	r3, r6
10003a4a:	0028      	movs	r0, r5
10003a4c:	f7fe fdfa 	bl	10002644 <_ntoa_format>
10003a50:	9b0b      	ldr	r3, [sp, #44]	@ 0x2c
10003a52:	0004      	movs	r4, r0
10003a54:	930d      	str	r3, [sp, #52]	@ 0x34
10003a56:	f7ff fb67 	bl	10003128 <_vsnprintf+0x50>
10003a5a:	2207      	movs	r2, #7
10003a5c:	9b0d      	ldr	r3, [sp, #52]	@ 0x34
10003a5e:	3307      	adds	r3, #7
10003a60:	4393      	bics	r3, r2
10003a62:	3201      	adds	r2, #1
10003a64:	4694      	mov	ip, r2
10003a66:	449c      	add	ip, r3
10003a68:	4662      	mov	r2, ip
10003a6a:	920d      	str	r2, [sp, #52]	@ 0x34
10003a6c:	cb0c      	ldmia	r3, {r2, r3}
10003a6e:	0fd9      	lsrs	r1, r3, #31
10003a70:	910b      	str	r1, [sp, #44]	@ 0x2c
10003a72:	0011      	movs	r1, r2
10003a74:	4319      	orrs	r1, r3
10003a76:	d100      	bne.n	10003a7a <_vsnprintf+0x9a2>
10003a78:	e09b      	b.n	10003bb2 <_vsnprintf+0xada>
10003a7a:	17d9      	asrs	r1, r3, #31
10003a7c:	9113      	str	r1, [sp, #76]	@ 0x4c
10003a7e:	9112      	str	r1, [sp, #72]	@ 0x48
10003a80:	4051      	eors	r1, r2
10003a82:	9110      	str	r1, [sp, #64]	@ 0x40
10003a84:	9913      	ldr	r1, [sp, #76]	@ 0x4c
10003a86:	4059      	eors	r1, r3
10003a88:	9111      	str	r1, [sp, #68]	@ 0x44
10003a8a:	9810      	ldr	r0, [sp, #64]	@ 0x40
10003a8c:	9911      	ldr	r1, [sp, #68]	@ 0x44
10003a8e:	9a12      	ldr	r2, [sp, #72]	@ 0x48
10003a90:	9b13      	ldr	r3, [sp, #76]	@ 0x4c
10003a92:	1a80      	subs	r0, r0, r2
10003a94:	4199      	sbcs	r1, r3
10003a96:	9010      	str	r0, [sp, #64]	@ 0x40
10003a98:	9111      	str	r1, [sp, #68]	@ 0x44
10003a9a:	aa14      	add	r2, sp, #80	@ 0x50
10003a9c:	4694      	mov	ip, r2
10003a9e:	4642      	mov	r2, r8
10003aa0:	2300      	movs	r3, #0
10003aa2:	9215      	str	r2, [sp, #84]	@ 0x54
10003aa4:	4652      	mov	r2, sl
10003aa6:	4699      	mov	r9, r3
10003aa8:	9216      	str	r2, [sp, #88]	@ 0x58
10003aaa:	0032      	movs	r2, r6
10003aac:	331f      	adds	r3, #31
10003aae:	4463      	add	r3, ip
10003ab0:	46a8      	mov	r8, r5
10003ab2:	464e      	mov	r6, r9
10003ab4:	46ba      	mov	sl, r7
10003ab6:	9414      	str	r4, [sp, #80]	@ 0x50
10003ab8:	001f      	movs	r7, r3
10003aba:	9c10      	ldr	r4, [sp, #64]	@ 0x40
10003abc:	9d11      	ldr	r5, [sp, #68]	@ 0x44
10003abe:	4691      	mov	r9, r2
10003ac0:	e001      	b.n	10003ac6 <_vsnprintf+0x9ee>
10003ac2:	2e20      	cmp	r6, #32
10003ac4:	d010      	beq.n	10003ae8 <_vsnprintf+0xa10>
10003ac6:	0020      	movs	r0, r4
10003ac8:	0029      	movs	r1, r5
10003aca:	220a      	movs	r2, #10
10003acc:	2300      	movs	r3, #0
10003ace:	f7fe f913 	bl	10001cf8 <__wrap___aeabi_uldivmod>
10003ad2:	3601      	adds	r6, #1
10003ad4:	3230      	adds	r2, #48	@ 0x30
10003ad6:	002b      	movs	r3, r5
10003ad8:	55ba      	strb	r2, [r7, r6]
10003ada:	000d      	movs	r5, r1
10003adc:	0022      	movs	r2, r4
10003ade:	0004      	movs	r4, r0
10003ae0:	2b00      	cmp	r3, #0
10003ae2:	d1ee      	bne.n	10003ac2 <_vsnprintf+0x9ea>
10003ae4:	2a09      	cmp	r2, #9
10003ae6:	d8ec      	bhi.n	10003ac2 <_vsnprintf+0x9ea>
10003ae8:	9b15      	ldr	r3, [sp, #84]	@ 0x54
10003aea:	9410      	str	r4, [sp, #64]	@ 0x40
10003aec:	9511      	str	r5, [sp, #68]	@ 0x44
10003aee:	4645      	mov	r5, r8
10003af0:	4698      	mov	r8, r3
10003af2:	464b      	mov	r3, r9
10003af4:	9a16      	ldr	r2, [sp, #88]	@ 0x58
10003af6:	46b1      	mov	r9, r6
10003af8:	4657      	mov	r7, sl
10003afa:	001e      	movs	r6, r3
10003afc:	4692      	mov	sl, r2
10003afe:	9c14      	ldr	r4, [sp, #80]	@ 0x50
10003b00:	9b0f      	ldr	r3, [sp, #60]	@ 0x3c
10003b02:	9306      	str	r3, [sp, #24]
10003b04:	4643      	mov	r3, r8
10003b06:	9305      	str	r3, [sp, #20]
10003b08:	4653      	mov	r3, sl
10003b0a:	9304      	str	r3, [sp, #16]
10003b0c:	230a      	movs	r3, #10
10003b0e:	9303      	str	r3, [sp, #12]
10003b10:	9b0b      	ldr	r3, [sp, #44]	@ 0x2c
10003b12:	9302      	str	r3, [sp, #8]
10003b14:	464b      	mov	r3, r9
10003b16:	e71c      	b.n	10003952 <_vsnprintf+0x87a>
10003b18:	2800      	cmp	r0, #0
10003b1a:	d185      	bne.n	10003a28 <_vsnprintf+0x950>
10003b1c:	e759      	b.n	100039d2 <_vsnprintf+0x8fa>
10003b1e:	9b0d      	ldr	r3, [sp, #52]	@ 0x34
10003b20:	681b      	ldr	r3, [r3, #0]
10003b22:	0fda      	lsrs	r2, r3, #31
10003b24:	0011      	movs	r1, r2
10003b26:	2b00      	cmp	r3, #0
10003b28:	d100      	bne.n	10003b2c <_vsnprintf+0xa54>
10003b2a:	e0a6      	b.n	10003c7a <_vsnprintf+0xba2>
10003b2c:	17da      	asrs	r2, r3, #31
10003b2e:	1898      	adds	r0, r3, r2
10003b30:	4050      	eors	r0, r2
10003b32:	aa14      	add	r2, sp, #80	@ 0x50
10003b34:	4691      	mov	r9, r2
10003b36:	231f      	movs	r3, #31
10003b38:	4642      	mov	r2, r8
10003b3a:	444b      	add	r3, r9
10003b3c:	46a8      	mov	r8, r5
10003b3e:	940d      	str	r4, [sp, #52]	@ 0x34
10003b40:	9716      	str	r7, [sp, #88]	@ 0x58
10003b42:	0004      	movs	r4, r0
10003b44:	4665      	mov	r5, ip
10003b46:	46b1      	mov	r9, r6
10003b48:	001f      	movs	r7, r3
10003b4a:	9114      	str	r1, [sp, #80]	@ 0x50
10003b4c:	9215      	str	r2, [sp, #84]	@ 0x54
10003b4e:	e001      	b.n	10003b54 <_vsnprintf+0xa7c>
10003b50:	2d20      	cmp	r5, #32
10003b52:	d00f      	beq.n	10003b74 <_vsnprintf+0xa9c>
10003b54:	0020      	movs	r0, r4
10003b56:	210a      	movs	r1, #10
10003b58:	f7fe f890 	bl	10001c7c <__wrap___aeabi_uidiv>
10003b5c:	3501      	adds	r5, #1
10003b5e:	197e      	adds	r6, r7, r5
10003b60:	3130      	adds	r1, #48	@ 0x30
10003b62:	7031      	strb	r1, [r6, #0]
10003b64:	0020      	movs	r0, r4
10003b66:	210a      	movs	r1, #10
10003b68:	f7fe f888 	bl	10001c7c <__wrap___aeabi_uidiv>
10003b6c:	0026      	movs	r6, r4
10003b6e:	0004      	movs	r4, r0
10003b70:	2e09      	cmp	r6, #9
10003b72:	d8ed      	bhi.n	10003b50 <_vsnprintf+0xa78>
10003b74:	9b15      	ldr	r3, [sp, #84]	@ 0x54
10003b76:	46ac      	mov	ip, r5
10003b78:	4645      	mov	r5, r8
10003b7a:	4698      	mov	r8, r3
10003b7c:	9b14      	ldr	r3, [sp, #80]	@ 0x50
10003b7e:	464e      	mov	r6, r9
10003b80:	0019      	movs	r1, r3
10003b82:	9c0d      	ldr	r4, [sp, #52]	@ 0x34
10003b84:	9f16      	ldr	r7, [sp, #88]	@ 0x58
10003b86:	9b0f      	ldr	r3, [sp, #60]	@ 0x3c
10003b88:	9102      	str	r1, [sp, #8]
10003b8a:	9306      	str	r3, [sp, #24]
10003b8c:	4643      	mov	r3, r8
10003b8e:	9305      	str	r3, [sp, #20]
10003b90:	4653      	mov	r3, sl
10003b92:	9304      	str	r3, [sp, #16]
10003b94:	230a      	movs	r3, #10
10003b96:	9303      	str	r3, [sp, #12]
10003b98:	4663      	mov	r3, ip
10003b9a:	e750      	b.n	10003a3e <_vsnprintf+0x966>
10003b9c:	0013      	movs	r3, r2
10003b9e:	061b      	lsls	r3, r3, #24
10003ba0:	d56e      	bpl.n	10003c80 <_vsnprintf+0xba8>
10003ba2:	9b0d      	ldr	r3, [sp, #52]	@ 0x34
10003ba4:	2200      	movs	r2, #0
10003ba6:	5e9b      	ldrsh	r3, [r3, r2]
10003ba8:	17d9      	asrs	r1, r3, #31
10003baa:	185a      	adds	r2, r3, r1
10003bac:	404a      	eors	r2, r1
10003bae:	b292      	uxth	r2, r2
10003bb0:	e709      	b.n	100039c6 <_vsnprintf+0x8ee>
10003bb2:	2300      	movs	r3, #0
10003bb4:	4699      	mov	r9, r3
10003bb6:	2800      	cmp	r0, #0
10003bb8:	d1a2      	bne.n	10003b00 <_vsnprintf+0xa28>
10003bba:	2200      	movs	r2, #0
10003bbc:	2300      	movs	r3, #0
10003bbe:	9210      	str	r2, [sp, #64]	@ 0x40
10003bc0:	9311      	str	r3, [sp, #68]	@ 0x44
10003bc2:	e76a      	b.n	10003a9a <_vsnprintf+0x9c2>
10003bc4:	9b0d      	ldr	r3, [sp, #52]	@ 0x34
10003bc6:	681b      	ldr	r3, [r3, #0]
10003bc8:	4699      	mov	r9, r3
10003bca:	2b00      	cmp	r3, #0
10003bcc:	d103      	bne.n	10003bd6 <_vsnprintf+0xafe>
10003bce:	3310      	adds	r3, #16
10003bd0:	4398      	bics	r0, r3
10003bd2:	2900      	cmp	r1, #0
10003bd4:	d138      	bne.n	10003c48 <_vsnprintf+0xb70>
10003bd6:	2361      	movs	r3, #97	@ 0x61
10003bd8:	0682      	lsls	r2, r0, #26
10003bda:	d500      	bpl.n	10003bde <_vsnprintf+0xb06>
10003bdc:	2341      	movs	r3, #65	@ 0x41
10003bde:	b2db      	uxtb	r3, r3
10003be0:	3b0a      	subs	r3, #10
10003be2:	930d      	str	r3, [sp, #52]	@ 0x34
10003be4:	4643      	mov	r3, r8
10003be6:	9316      	str	r3, [sp, #88]	@ 0x58
10003be8:	4653      	mov	r3, sl
10003bea:	a914      	add	r1, sp, #80	@ 0x50
10003bec:	221f      	movs	r2, #31
10003bee:	468c      	mov	ip, r1
10003bf0:	9317      	str	r3, [sp, #92]	@ 0x5c
10003bf2:	002b      	movs	r3, r5
10003bf4:	4462      	add	r2, ip
10003bf6:	464d      	mov	r5, r9
10003bf8:	46b2      	mov	sl, r6
10003bfa:	9415      	str	r4, [sp, #84]	@ 0x54
10003bfc:	9718      	str	r7, [sp, #96]	@ 0x60
10003bfe:	4680      	mov	r8, r0
10003c00:	0017      	movs	r7, r2
10003c02:	4699      	mov	r9, r3
10003c04:	9c0b      	ldr	r4, [sp, #44]	@ 0x2c
10003c06:	9e0f      	ldr	r6, [sp, #60]	@ 0x3c
10003c08:	e008      	b.n	10003c1c <_vsnprintf+0xb44>
10003c0a:	3330      	adds	r3, #48	@ 0x30
10003c0c:	b2db      	uxtb	r3, r3
10003c0e:	3401      	adds	r4, #1
10003c10:	553b      	strb	r3, [r7, r4]
10003c12:	42b5      	cmp	r5, r6
10003c14:	d30e      	bcc.n	10003c34 <_vsnprintf+0xb5c>
10003c16:	2c20      	cmp	r4, #32
10003c18:	d00c      	beq.n	10003c34 <_vsnprintf+0xb5c>
10003c1a:	0005      	movs	r5, r0
10003c1c:	0031      	movs	r1, r6
10003c1e:	0028      	movs	r0, r5
10003c20:	f7fe f82c 	bl	10001c7c <__wrap___aeabi_uidiv>
10003c24:	b2cb      	uxtb	r3, r1
10003c26:	2909      	cmp	r1, #9
10003c28:	d9ef      	bls.n	10003c0a <_vsnprintf+0xb32>
10003c2a:	9a0d      	ldr	r2, [sp, #52]	@ 0x34
10003c2c:	4694      	mov	ip, r2
10003c2e:	4463      	add	r3, ip
10003c30:	b2db      	uxtb	r3, r3
10003c32:	e7ec      	b.n	10003c0e <_vsnprintf+0xb36>
10003c34:	9b16      	ldr	r3, [sp, #88]	@ 0x58
10003c36:	4640      	mov	r0, r8
10003c38:	4698      	mov	r8, r3
10003c3a:	9b17      	ldr	r3, [sp, #92]	@ 0x5c
10003c3c:	4656      	mov	r6, sl
10003c3e:	464d      	mov	r5, r9
10003c40:	469a      	mov	sl, r3
10003c42:	940b      	str	r4, [sp, #44]	@ 0x2c
10003c44:	9f18      	ldr	r7, [sp, #96]	@ 0x60
10003c46:	9c15      	ldr	r4, [sp, #84]	@ 0x54
10003c48:	4643      	mov	r3, r8
10003c4a:	9305      	str	r3, [sp, #20]
10003c4c:	4653      	mov	r3, sl
10003c4e:	9304      	str	r3, [sp, #16]
10003c50:	9b0f      	ldr	r3, [sp, #60]	@ 0x3c
10003c52:	9006      	str	r0, [sp, #24]
10003c54:	9303      	str	r3, [sp, #12]
10003c56:	2300      	movs	r3, #0
10003c58:	9302      	str	r3, [sp, #8]
10003c5a:	9b0b      	ldr	r3, [sp, #44]	@ 0x2c
10003c5c:	e50b      	b.n	10003676 <_vsnprintf+0x59e>
10003c5e:	990b      	ldr	r1, [sp, #44]	@ 0x2c
10003c60:	2380      	movs	r3, #128	@ 0x80
10003c62:	000a      	movs	r2, r1
10003c64:	00db      	lsls	r3, r3, #3
10003c66:	401a      	ands	r2, r3
10003c68:	0010      	movs	r0, r2
10003c6a:	000a      	movs	r2, r1
10003c6c:	4219      	tst	r1, r3
10003c6e:	d000      	beq.n	10003c72 <_vsnprintf+0xb9a>
10003c70:	e68b      	b.n	1000398a <_vsnprintf+0x8b2>
10003c72:	2310      	movs	r3, #16
10003c74:	439a      	bics	r2, r3
10003c76:	920f      	str	r2, [sp, #60]	@ 0x3c
10003c78:	e68b      	b.n	10003992 <_vsnprintf+0x8ba>
10003c7a:	2800      	cmp	r0, #0
10003c7c:	d183      	bne.n	10003b86 <_vsnprintf+0xaae>
10003c7e:	e758      	b.n	10003b32 <_vsnprintf+0xa5a>
10003c80:	9b0d      	ldr	r3, [sp, #52]	@ 0x34
10003c82:	681b      	ldr	r3, [r3, #0]
10003c84:	17d9      	asrs	r1, r3, #31
10003c86:	185a      	adds	r2, r3, r1
10003c88:	404a      	eors	r2, r1
10003c8a:	e69c      	b.n	100039c6 <_vsnprintf+0x8ee>
10003c8c:	9b0d      	ldr	r3, [sp, #52]	@ 0x34
10003c8e:	681b      	ldr	r3, [r3, #0]
10003c90:	9309      	str	r3, [sp, #36]	@ 0x24
10003c92:	e4dc      	b.n	1000364e <_vsnprintf+0x576>
10003c94:	0003      	movs	r3, r0
10003c96:	3301      	adds	r3, #1
10003c98:	930f      	str	r3, [sp, #60]	@ 0x3c
10003c9a:	e5a5      	b.n	100037e8 <_vsnprintf+0x710>
10003c9c:	920b      	str	r2, [sp, #44]	@ 0x2c
10003c9e:	e46d      	b.n	1000357c <_vsnprintf+0x4a4>

10003ca0 <__wrap_snprintf>:
10003ca0:	b40c      	push	{r2, r3}
10003ca2:	b530      	push	{r4, r5, lr}
10003ca4:	b085      	sub	sp, #20
10003ca6:	ac08      	add	r4, sp, #32
10003ca8:	cc08      	ldmia	r4!, {r3}
10003caa:	4d06      	ldr	r5, [pc, #24]	@ (10003cc4 <__wrap_snprintf+0x24>)
10003cac:	000a      	movs	r2, r1
10003cae:	9400      	str	r4, [sp, #0]
10003cb0:	0001      	movs	r1, r0
10003cb2:	0028      	movs	r0, r5
10003cb4:	9403      	str	r4, [sp, #12]
10003cb6:	f7ff fa0f 	bl	100030d8 <_vsnprintf>
10003cba:	b005      	add	sp, #20
10003cbc:	bc30      	pop	{r4, r5}
10003cbe:	bc08      	pop	{r3}
10003cc0:	b002      	add	sp, #8
10003cc2:	4718      	bx	r3
10003cc4:	1000258d 	.word	0x1000258d

10003cc8 <vfctprintf>:
10003cc8:	b500      	push	{lr}
10003cca:	b085      	sub	sp, #20
10003ccc:	9103      	str	r1, [sp, #12]
10003cce:	2101      	movs	r1, #1
10003cd0:	9002      	str	r0, [sp, #8]
10003cd2:	9300      	str	r3, [sp, #0]
10003cd4:	4803      	ldr	r0, [pc, #12]	@ (10003ce4 <vfctprintf+0x1c>)
10003cd6:	0013      	movs	r3, r2
10003cd8:	424a      	negs	r2, r1
10003cda:	a902      	add	r1, sp, #8
10003cdc:	f7ff f9fc 	bl	100030d8 <_vsnprintf>
10003ce0:	b005      	add	sp, #20
10003ce2:	bd00      	pop	{pc}
10003ce4:	100028a5 	.word	0x100028a5

10003ce8 <weak_raw_vprintf>:
10003ce8:	b510      	push	{r4, lr}
10003cea:	4a09      	ldr	r2, [pc, #36]	@ (10003d10 <weak_raw_vprintf+0x28>)
10003cec:	0003      	movs	r3, r0
10003cee:	6814      	ldr	r4, [r2, #0]
10003cf0:	b084      	sub	sp, #16
10003cf2:	2c00      	cmp	r4, #0
10003cf4:	d008      	beq.n	10003d08 <weak_raw_vprintf+0x20>
10003cf6:	2201      	movs	r2, #1
10003cf8:	9100      	str	r1, [sp, #0]
10003cfa:	4806      	ldr	r0, [pc, #24]	@ (10003d14 <weak_raw_vprintf+0x2c>)
10003cfc:	4252      	negs	r2, r2
10003cfe:	a903      	add	r1, sp, #12
10003d00:	47a0      	blx	r4
10003d02:	2001      	movs	r0, #1
10003d04:	b004      	add	sp, #16
10003d06:	bd10      	pop	{r4, pc}
10003d08:	f000 f9a4 	bl	10004054 <__wrap_puts>
10003d0c:	2000      	movs	r0, #0
10003d0e:	e7f9      	b.n	10003d04 <weak_raw_vprintf+0x1c>
10003d10:	20002290 	.word	0x20002290
10003d14:	10002895 	.word	0x10002895

10003d18 <_exit>:
10003d18:	be00      	bkpt	0x0000
10003d1a:	e7fd      	b.n	10003d18 <_exit>

10003d1c <_fini>:
10003d1c:	4770      	bx	lr
10003d1e:	46c0      	nop			@ (mov r8, r8)

10003d20 <_sbrk>:
10003d20:	4a09      	ldr	r2, [pc, #36]	@ (10003d48 <_sbrk+0x28>)
10003d22:	0003      	movs	r3, r0
10003d24:	6810      	ldr	r0, [r2, #0]
10003d26:	2800      	cmp	r0, #0
10003d28:	d005      	beq.n	10003d36 <_sbrk+0x16>
10003d2a:	4908      	ldr	r1, [pc, #32]	@ (10003d4c <_sbrk+0x2c>)
10003d2c:	18c3      	adds	r3, r0, r3
10003d2e:	428b      	cmp	r3, r1
10003d30:	d807      	bhi.n	10003d42 <_sbrk+0x22>
10003d32:	6013      	str	r3, [r2, #0]
10003d34:	4770      	bx	lr
10003d36:	4806      	ldr	r0, [pc, #24]	@ (10003d50 <_sbrk+0x30>)
10003d38:	4904      	ldr	r1, [pc, #16]	@ (10003d4c <_sbrk+0x2c>)
10003d3a:	18c3      	adds	r3, r0, r3
10003d3c:	6010      	str	r0, [r2, #0]
10003d3e:	428b      	cmp	r3, r1
10003d40:	d9f7      	bls.n	10003d32 <_sbrk+0x12>
10003d42:	2001      	movs	r0, #1
10003d44:	4240      	negs	r0, r0
10003d46:	e7f5      	b.n	10003d34 <_sbrk+0x14>
10003d48:	20001e8c 	.word	0x20001e8c
10003d4c:	20040000 	.word	0x20040000
10003d50:	20012aac 	.word	0x20012aac

10003d54 <exit>:
10003d54:	b510      	push	{r4, lr}
10003d56:	f7ff ffdf 	bl	10003d18 <_exit>
10003d5a:	46c0      	nop			@ (mov r8, r8)

10003d5c <runtime_init>:
10003d5c:	b570      	push	{r4, r5, r6, lr}
10003d5e:	f7fd fe41 	bl	100019e4 <runtime_run_initializers>
10003d62:	4d07      	ldr	r5, [pc, #28]	@ (10003d80 <runtime_init+0x24>)
10003d64:	4e07      	ldr	r6, [pc, #28]	@ (10003d84 <runtime_init+0x28>)
10003d66:	42b5      	cmp	r5, r6
10003d68:	d209      	bcs.n	10003d7e <runtime_init+0x22>
10003d6a:	2400      	movs	r4, #0
10003d6c:	3e01      	subs	r6, #1
10003d6e:	1b76      	subs	r6, r6, r5
10003d70:	08b6      	lsrs	r6, r6, #2
10003d72:	cd08      	ldmia	r5!, {r3}
10003d74:	4798      	blx	r3
10003d76:	0023      	movs	r3, r4
10003d78:	3401      	adds	r4, #1
10003d7a:	42b3      	cmp	r3, r6
10003d7c:	d1f9      	bne.n	10003d72 <runtime_init+0x16>
10003d7e:	bd70      	pop	{r4, r5, r6, pc}
10003d80:	1000a190 	.word	0x1000a190
10003d84:	1000a194 	.word	0x1000a194

10003d88 <stdio_out_chars_no_crlf>:
10003d88:	0003      	movs	r3, r0
10003d8a:	b510      	push	{r4, lr}
10003d8c:	0008      	movs	r0, r1
10003d8e:	0011      	movs	r1, r2
10003d90:	681b      	ldr	r3, [r3, #0]
10003d92:	4798      	blx	r3
10003d94:	bd10      	pop	{r4, pc}
10003d96:	46c0      	nop			@ (mov r8, r8)

10003d98 <stdio_out_chars_crlf>:
10003d98:	b5f0      	push	{r4, r5, r6, r7, lr}
10003d9a:	46c6      	mov	lr, r8
10003d9c:	b500      	push	{lr}
10003d9e:	7d43      	ldrb	r3, [r0, #21]
10003da0:	0007      	movs	r7, r0
10003da2:	000d      	movs	r5, r1
10003da4:	0016      	movs	r6, r2
10003da6:	2b00      	cmp	r3, #0
10003da8:	d038      	beq.n	10003e1c <stdio_out_chars_crlf+0x84>
10003daa:	2a00      	cmp	r2, #0
10003dac:	dd2e      	ble.n	10003e0c <stdio_out_chars_crlf+0x74>
10003dae:	2100      	movs	r1, #0
10003db0:	1e6a      	subs	r2, r5, #1
10003db2:	4690      	mov	r8, r2
10003db4:	5c6a      	ldrb	r2, [r5, r1]
10003db6:	7d03      	ldrb	r3, [r0, #20]
10003db8:	1c4c      	adds	r4, r1, #1
10003dba:	2000      	movs	r0, #0
10003dbc:	2a0a      	cmp	r2, #10
10003dbe:	d00c      	beq.n	10003dda <stdio_out_chars_crlf+0x42>
10003dc0:	42a6      	cmp	r6, r4
10003dc2:	d016      	beq.n	10003df2 <stdio_out_chars_crlf+0x5a>
10003dc4:	4643      	mov	r3, r8
10003dc6:	5d1b      	ldrb	r3, [r3, r4]
10003dc8:	0021      	movs	r1, r4
10003dca:	3b0d      	subs	r3, #13
10003dcc:	425a      	negs	r2, r3
10003dce:	4153      	adcs	r3, r2
10003dd0:	5c6a      	ldrb	r2, [r5, r1]
10003dd2:	b2db      	uxtb	r3, r3
10003dd4:	1c4c      	adds	r4, r1, #1
10003dd6:	2a0a      	cmp	r2, #10
10003dd8:	d1f2      	bne.n	10003dc0 <stdio_out_chars_crlf+0x28>
10003dda:	2b00      	cmp	r3, #0
10003ddc:	d1f0      	bne.n	10003dc0 <stdio_out_chars_crlf+0x28>
10003dde:	4288      	cmp	r0, r1
10003de0:	db17      	blt.n	10003e12 <stdio_out_chars_crlf+0x7a>
10003de2:	2102      	movs	r1, #2
10003de4:	4810      	ldr	r0, [pc, #64]	@ (10003e28 <stdio_out_chars_crlf+0x90>)
10003de6:	683b      	ldr	r3, [r7, #0]
10003de8:	4798      	blx	r3
10003dea:	42a6      	cmp	r6, r4
10003dec:	d007      	beq.n	10003dfe <stdio_out_chars_crlf+0x66>
10003dee:	0020      	movs	r0, r4
10003df0:	e7e8      	b.n	10003dc4 <stdio_out_chars_crlf+0x2c>
10003df2:	4286      	cmp	r6, r0
10003df4:	dd03      	ble.n	10003dfe <stdio_out_chars_crlf+0x66>
10003df6:	1a31      	subs	r1, r6, r0
10003df8:	683b      	ldr	r3, [r7, #0]
10003dfa:	1828      	adds	r0, r5, r0
10003dfc:	4798      	blx	r3
10003dfe:	19ad      	adds	r5, r5, r6
10003e00:	3d01      	subs	r5, #1
10003e02:	782b      	ldrb	r3, [r5, #0]
10003e04:	3b0d      	subs	r3, #13
10003e06:	425a      	negs	r2, r3
10003e08:	4153      	adcs	r3, r2
10003e0a:	753b      	strb	r3, [r7, #20]
10003e0c:	bc80      	pop	{r7}
10003e0e:	46b8      	mov	r8, r7
10003e10:	bdf0      	pop	{r4, r5, r6, r7, pc}
10003e12:	1a09      	subs	r1, r1, r0
10003e14:	683b      	ldr	r3, [r7, #0]
10003e16:	1828      	adds	r0, r5, r0
10003e18:	4798      	blx	r3
10003e1a:	e7e2      	b.n	10003de2 <stdio_out_chars_crlf+0x4a>
10003e1c:	6803      	ldr	r3, [r0, #0]
10003e1e:	0011      	movs	r1, r2
10003e20:	0028      	movs	r0, r5
10003e22:	4798      	blx	r3
10003e24:	e7f2      	b.n	10003e0c <stdio_out_chars_crlf+0x74>
10003e26:	46c0      	nop			@ (mov r8, r8)
10003e28:	1000a9c0 	.word	0x1000a9c0

10003e2c <stdio_buffered_printer>:
10003e2c:	b5f8      	push	{r3, r4, r5, r6, r7, lr}
10003e2e:	680b      	ldr	r3, [r1, #0]
10003e30:	000d      	movs	r5, r1
10003e32:	1c5a      	adds	r2, r3, #1
10003e34:	18cb      	adds	r3, r1, r3
10003e36:	600a      	str	r2, [r1, #0]
10003e38:	7118      	strb	r0, [r3, #4]
10003e3a:	2a80      	cmp	r2, #128	@ 0x80
10003e3c:	d000      	beq.n	10003e40 <stdio_buffered_printer+0x14>
10003e3e:	bdf8      	pop	{r3, r4, r5, r6, r7, pc}
10003e40:	4b0e      	ldr	r3, [pc, #56]	@ (10003e7c <stdio_buffered_printer+0x50>)
10003e42:	681c      	ldr	r4, [r3, #0]
10003e44:	2c00      	cmp	r4, #0
10003e46:	d015      	beq.n	10003e74 <stdio_buffered_printer+0x48>
10003e48:	4e0d      	ldr	r6, [pc, #52]	@ (10003e80 <stdio_buffered_printer+0x54>)
10003e4a:	1d0f      	adds	r7, r1, #4
10003e4c:	e002      	b.n	10003e54 <stdio_buffered_printer+0x28>
10003e4e:	6924      	ldr	r4, [r4, #16]
10003e50:	2c00      	cmp	r4, #0
10003e52:	d00f      	beq.n	10003e74 <stdio_buffered_printer+0x48>
10003e54:	6823      	ldr	r3, [r4, #0]
10003e56:	2b00      	cmp	r3, #0
10003e58:	d0f9      	beq.n	10003e4e <stdio_buffered_printer+0x22>
10003e5a:	6833      	ldr	r3, [r6, #0]
10003e5c:	2b00      	cmp	r3, #0
10003e5e:	d001      	beq.n	10003e64 <stdio_buffered_printer+0x38>
10003e60:	42a3      	cmp	r3, r4
10003e62:	d1f4      	bne.n	10003e4e <stdio_buffered_printer+0x22>
10003e64:	0020      	movs	r0, r4
10003e66:	0039      	movs	r1, r7
10003e68:	682a      	ldr	r2, [r5, #0]
10003e6a:	f7ff ff95 	bl	10003d98 <stdio_out_chars_crlf>
10003e6e:	6924      	ldr	r4, [r4, #16]
10003e70:	2c00      	cmp	r4, #0
10003e72:	d1ef      	bne.n	10003e54 <stdio_buffered_printer+0x28>
10003e74:	2300      	movs	r3, #0
10003e76:	602b      	str	r3, [r5, #0]
10003e78:	e7e1      	b.n	10003e3e <stdio_buffered_printer+0x12>
10003e7a:	46c0      	nop			@ (mov r8, r8)
10003e7c:	20001e80 	.word	0x20001e80
10003e80:	20001e88 	.word	0x20001e88

10003e84 <stdio_put_string>:
10003e84:	b5f0      	push	{r4, r5, r6, r7, lr}
10003e86:	46de      	mov	lr, fp
10003e88:	4657      	mov	r7, sl
10003e8a:	464e      	mov	r6, r9
10003e8c:	4645      	mov	r5, r8
10003e8e:	b5e0      	push	{r5, r6, r7, lr}
10003e90:	b085      	sub	sp, #20
10003e92:	0017      	movs	r7, r2
10003e94:	001c      	movs	r4, r3
10003e96:	0006      	movs	r6, r0
10003e98:	000d      	movs	r5, r1
10003e9a:	f7fd fb8b 	bl	100015b4 <time_us_64>
10003e9e:	2300      	movs	r3, #0
10003ea0:	4a31      	ldr	r2, [pc, #196]	@ (10003f68 <stdio_put_string+0xe4>)
10003ea2:	1812      	adds	r2, r2, r0
10003ea4:	414b      	adcs	r3, r1
10003ea6:	2180      	movs	r1, #128	@ 0x80
10003ea8:	0609      	lsls	r1, r1, #24
10003eaa:	428b      	cmp	r3, r1
10003eac:	d302      	bcc.n	10003eb4 <stdio_put_string+0x30>
10003eae:	2201      	movs	r2, #1
10003eb0:	4b2e      	ldr	r3, [pc, #184]	@ (10003f6c <stdio_put_string+0xe8>)
10003eb2:	4252      	negs	r2, r2
10003eb4:	492e      	ldr	r1, [pc, #184]	@ (10003f70 <stdio_put_string+0xec>)
10003eb6:	0008      	movs	r0, r1
10003eb8:	468a      	mov	sl, r1
10003eba:	f006 f929 	bl	1000a110 <__mutex_try_enter_block_until_veneer>
10003ebe:	9001      	str	r0, [sp, #4]
10003ec0:	1c6b      	adds	r3, r5, #1
10003ec2:	d103      	bne.n	10003ecc <stdio_put_string+0x48>
10003ec4:	0030      	movs	r0, r6
10003ec6:	f006 f88d 	bl	10009fe4 <strlen>
10003eca:	0005      	movs	r5, r0
10003ecc:	2c00      	cmp	r4, #0
10003ece:	d026      	beq.n	10003f1e <stdio_put_string+0x9a>
10003ed0:	4b28      	ldr	r3, [pc, #160]	@ (10003f74 <stdio_put_string+0xf0>)
10003ed2:	4698      	mov	r8, r3
10003ed4:	4b28      	ldr	r3, [pc, #160]	@ (10003f78 <stdio_put_string+0xf4>)
10003ed6:	681c      	ldr	r4, [r3, #0]
10003ed8:	2c00      	cmp	r4, #0
10003eda:	d015      	beq.n	10003f08 <stdio_put_string+0x84>
10003edc:	2f00      	cmp	r7, #0
10003ede:	d121      	bne.n	10003f24 <stdio_put_string+0xa0>
10003ee0:	4f26      	ldr	r7, [pc, #152]	@ (10003f7c <stdio_put_string+0xf8>)
10003ee2:	e002      	b.n	10003eea <stdio_put_string+0x66>
10003ee4:	6924      	ldr	r4, [r4, #16]
10003ee6:	2c00      	cmp	r4, #0
10003ee8:	d00e      	beq.n	10003f08 <stdio_put_string+0x84>
10003eea:	6823      	ldr	r3, [r4, #0]
10003eec:	2b00      	cmp	r3, #0
10003eee:	d0f9      	beq.n	10003ee4 <stdio_put_string+0x60>
10003ef0:	683b      	ldr	r3, [r7, #0]
10003ef2:	2b00      	cmp	r3, #0
10003ef4:	d001      	beq.n	10003efa <stdio_put_string+0x76>
10003ef6:	429c      	cmp	r4, r3
10003ef8:	d1f4      	bne.n	10003ee4 <stdio_put_string+0x60>
10003efa:	0020      	movs	r0, r4
10003efc:	002a      	movs	r2, r5
10003efe:	0031      	movs	r1, r6
10003f00:	47c0      	blx	r8
10003f02:	6924      	ldr	r4, [r4, #16]
10003f04:	2c00      	cmp	r4, #0
10003f06:	d1f0      	bne.n	10003eea <stdio_put_string+0x66>
10003f08:	9b01      	ldr	r3, [sp, #4]
10003f0a:	2b00      	cmp	r3, #0
10003f0c:	d128      	bne.n	10003f60 <stdio_put_string+0xdc>
10003f0e:	0028      	movs	r0, r5
10003f10:	b005      	add	sp, #20
10003f12:	bcf0      	pop	{r4, r5, r6, r7}
10003f14:	46bb      	mov	fp, r7
10003f16:	46b2      	mov	sl, r6
10003f18:	46a9      	mov	r9, r5
10003f1a:	46a0      	mov	r8, r4
10003f1c:	bdf0      	pop	{r4, r5, r6, r7, pc}
10003f1e:	4b18      	ldr	r3, [pc, #96]	@ (10003f80 <stdio_put_string+0xfc>)
10003f20:	4698      	mov	r8, r3
10003f22:	e7d7      	b.n	10003ed4 <stdio_put_string+0x50>
10003f24:	4b15      	ldr	r3, [pc, #84]	@ (10003f7c <stdio_put_string+0xf8>)
10003f26:	4699      	mov	r9, r3
10003f28:	ab02      	add	r3, sp, #8
10003f2a:	1ddf      	adds	r7, r3, #7
10003f2c:	230a      	movs	r3, #10
10003f2e:	469b      	mov	fp, r3
10003f30:	e002      	b.n	10003f38 <stdio_put_string+0xb4>
10003f32:	6924      	ldr	r4, [r4, #16]
10003f34:	2c00      	cmp	r4, #0
10003f36:	d0e7      	beq.n	10003f08 <stdio_put_string+0x84>
10003f38:	6823      	ldr	r3, [r4, #0]
10003f3a:	2b00      	cmp	r3, #0
10003f3c:	d0f9      	beq.n	10003f32 <stdio_put_string+0xae>
10003f3e:	464b      	mov	r3, r9
10003f40:	681b      	ldr	r3, [r3, #0]
10003f42:	2b00      	cmp	r3, #0
10003f44:	d001      	beq.n	10003f4a <stdio_put_string+0xc6>
10003f46:	42a3      	cmp	r3, r4
10003f48:	d1f3      	bne.n	10003f32 <stdio_put_string+0xae>
10003f4a:	002a      	movs	r2, r5
10003f4c:	0031      	movs	r1, r6
10003f4e:	0020      	movs	r0, r4
10003f50:	47c0      	blx	r8
10003f52:	465b      	mov	r3, fp
10003f54:	2201      	movs	r2, #1
10003f56:	0039      	movs	r1, r7
10003f58:	0020      	movs	r0, r4
10003f5a:	703b      	strb	r3, [r7, #0]
10003f5c:	47c0      	blx	r8
10003f5e:	e7e8      	b.n	10003f32 <stdio_put_string+0xae>
10003f60:	4650      	mov	r0, sl
10003f62:	f006 f88d 	bl	1000a080 <__mutex_exit_veneer>
10003f66:	e7d2      	b.n	10003f0e <stdio_put_string+0x8a>
10003f68:	000f4240 	.word	0x000f4240
10003f6c:	7fffffff 	.word	0x7fffffff
10003f70:	20001648 	.word	0x20001648
10003f74:	10003d99 	.word	0x10003d99
10003f78:	20001e80 	.word	0x20001e80
10003f7c:	20001e88 	.word	0x20001e88
10003f80:	10003d89 	.word	0x10003d89

10003f84 <stdio_set_driver_enabled>:
10003f84:	4a0a      	ldr	r2, [pc, #40]	@ (10003fb0 <stdio_set_driver_enabled+0x2c>)
10003f86:	6813      	ldr	r3, [r2, #0]
10003f88:	2b00      	cmp	r3, #0
10003f8a:	d105      	bne.n	10003f98 <stdio_set_driver_enabled+0x14>
10003f8c:	e00c      	b.n	10003fa8 <stdio_set_driver_enabled+0x24>
10003f8e:	001a      	movs	r2, r3
10003f90:	691b      	ldr	r3, [r3, #16]
10003f92:	3210      	adds	r2, #16
10003f94:	2b00      	cmp	r3, #0
10003f96:	d007      	beq.n	10003fa8 <stdio_set_driver_enabled+0x24>
10003f98:	4298      	cmp	r0, r3
10003f9a:	d1f8      	bne.n	10003f8e <stdio_set_driver_enabled+0xa>
10003f9c:	2900      	cmp	r1, #0
10003f9e:	d102      	bne.n	10003fa6 <stdio_set_driver_enabled+0x22>
10003fa0:	6903      	ldr	r3, [r0, #16]
10003fa2:	6013      	str	r3, [r2, #0]
10003fa4:	6101      	str	r1, [r0, #16]
10003fa6:	4770      	bx	lr
10003fa8:	2900      	cmp	r1, #0
10003faa:	d0fc      	beq.n	10003fa6 <stdio_set_driver_enabled+0x22>
10003fac:	6010      	str	r0, [r2, #0]
10003fae:	e7fa      	b.n	10003fa6 <stdio_set_driver_enabled+0x22>
10003fb0:	20001e80 	.word	0x20001e80

10003fb4 <stdio_init_all>:
10003fb4:	b510      	push	{r4, lr}
10003fb6:	f000 fa7d 	bl	100044b4 <stdio_usb_init>
10003fba:	bd10      	pop	{r4, pc}

10003fbc <__wrap_putchar>:
10003fbc:	b5f0      	push	{r4, r5, r6, r7, lr}
10003fbe:	46ce      	mov	lr, r9
10003fc0:	4647      	mov	r7, r8
10003fc2:	b580      	push	{r7, lr}
10003fc4:	b083      	sub	sp, #12
10003fc6:	466b      	mov	r3, sp
10003fc8:	0006      	movs	r6, r0
10003fca:	1ddd      	adds	r5, r3, #7
10003fcc:	7028      	strb	r0, [r5, #0]
10003fce:	f7fd faf1 	bl	100015b4 <time_us_64>
10003fd2:	2300      	movs	r3, #0
10003fd4:	4a1a      	ldr	r2, [pc, #104]	@ (10004040 <__wrap_putchar+0x84>)
10003fd6:	1812      	adds	r2, r2, r0
10003fd8:	414b      	adcs	r3, r1
10003fda:	2180      	movs	r1, #128	@ 0x80
10003fdc:	0609      	lsls	r1, r1, #24
10003fde:	428b      	cmp	r3, r1
10003fe0:	d302      	bcc.n	10003fe8 <__wrap_putchar+0x2c>
10003fe2:	2201      	movs	r2, #1
10003fe4:	4b17      	ldr	r3, [pc, #92]	@ (10004044 <__wrap_putchar+0x88>)
10003fe6:	4252      	negs	r2, r2
10003fe8:	4917      	ldr	r1, [pc, #92]	@ (10004048 <__wrap_putchar+0x8c>)
10003fea:	0008      	movs	r0, r1
10003fec:	4688      	mov	r8, r1
10003fee:	f006 f88f 	bl	1000a110 <__mutex_try_enter_block_until_veneer>
10003ff2:	4b16      	ldr	r3, [pc, #88]	@ (1000404c <__wrap_putchar+0x90>)
10003ff4:	4681      	mov	r9, r0
10003ff6:	681c      	ldr	r4, [r3, #0]
10003ff8:	2c00      	cmp	r4, #0
10003ffa:	d014      	beq.n	10004026 <__wrap_putchar+0x6a>
10003ffc:	4f14      	ldr	r7, [pc, #80]	@ (10004050 <__wrap_putchar+0x94>)
10003ffe:	e002      	b.n	10004006 <__wrap_putchar+0x4a>
10004000:	6924      	ldr	r4, [r4, #16]
10004002:	2c00      	cmp	r4, #0
10004004:	d00f      	beq.n	10004026 <__wrap_putchar+0x6a>
10004006:	6823      	ldr	r3, [r4, #0]
10004008:	2b00      	cmp	r3, #0
1000400a:	d0f9      	beq.n	10004000 <__wrap_putchar+0x44>
1000400c:	683b      	ldr	r3, [r7, #0]
1000400e:	2b00      	cmp	r3, #0
10004010:	d001      	beq.n	10004016 <__wrap_putchar+0x5a>
10004012:	429c      	cmp	r4, r3
10004014:	d1f4      	bne.n	10004000 <__wrap_putchar+0x44>
10004016:	0020      	movs	r0, r4
10004018:	2201      	movs	r2, #1
1000401a:	0029      	movs	r1, r5
1000401c:	f7ff febc 	bl	10003d98 <stdio_out_chars_crlf>
10004020:	6924      	ldr	r4, [r4, #16]
10004022:	2c00      	cmp	r4, #0
10004024:	d1ef      	bne.n	10004006 <__wrap_putchar+0x4a>
10004026:	464b      	mov	r3, r9
10004028:	2b00      	cmp	r3, #0
1000402a:	d105      	bne.n	10004038 <__wrap_putchar+0x7c>
1000402c:	0030      	movs	r0, r6
1000402e:	b003      	add	sp, #12
10004030:	bcc0      	pop	{r6, r7}
10004032:	46b9      	mov	r9, r7
10004034:	46b0      	mov	r8, r6
10004036:	bdf0      	pop	{r4, r5, r6, r7, pc}
10004038:	4640      	mov	r0, r8
1000403a:	f006 f821 	bl	1000a080 <__mutex_exit_veneer>
1000403e:	e7f5      	b.n	1000402c <__wrap_putchar+0x70>
10004040:	000f4240 	.word	0x000f4240
10004044:	7fffffff 	.word	0x7fffffff
10004048:	20001648 	.word	0x20001648
1000404c:	20001e80 	.word	0x20001e80
10004050:	20001e88 	.word	0x20001e88

10004054 <__wrap_puts>:
10004054:	b570      	push	{r4, r5, r6, lr}
10004056:	0004      	movs	r4, r0
10004058:	f005 ffc4 	bl	10009fe4 <strlen>
1000405c:	2301      	movs	r3, #1
1000405e:	0001      	movs	r1, r0
10004060:	0005      	movs	r5, r0
10004062:	2201      	movs	r2, #1
10004064:	0020      	movs	r0, r4
10004066:	f7ff ff0d 	bl	10003e84 <stdio_put_string>
1000406a:	4b08      	ldr	r3, [pc, #32]	@ (1000408c <__wrap_puts+0x38>)
1000406c:	681c      	ldr	r4, [r3, #0]
1000406e:	2c00      	cmp	r4, #0
10004070:	d006      	beq.n	10004080 <__wrap_puts+0x2c>
10004072:	6863      	ldr	r3, [r4, #4]
10004074:	2b00      	cmp	r3, #0
10004076:	d005      	beq.n	10004084 <__wrap_puts+0x30>
10004078:	4798      	blx	r3
1000407a:	6924      	ldr	r4, [r4, #16]
1000407c:	2c00      	cmp	r4, #0
1000407e:	d1f8      	bne.n	10004072 <__wrap_puts+0x1e>
10004080:	0028      	movs	r0, r5
10004082:	bd70      	pop	{r4, r5, r6, pc}
10004084:	6924      	ldr	r4, [r4, #16]
10004086:	2c00      	cmp	r4, #0
10004088:	d1f3      	bne.n	10004072 <__wrap_puts+0x1e>
1000408a:	e7f9      	b.n	10004080 <__wrap_puts+0x2c>
1000408c:	20001e80 	.word	0x20001e80

10004090 <__wrap_vprintf>:
10004090:	b5f0      	push	{r4, r5, r6, r7, lr}
10004092:	46ce      	mov	lr, r9
10004094:	4647      	mov	r7, r8
10004096:	b580      	push	{r7, lr}
10004098:	b0a3      	sub	sp, #140	@ 0x8c
1000409a:	0004      	movs	r4, r0
1000409c:	000d      	movs	r5, r1
1000409e:	f7fd fa89 	bl	100015b4 <time_us_64>
100040a2:	2300      	movs	r3, #0
100040a4:	4a29      	ldr	r2, [pc, #164]	@ (1000414c <__wrap_vprintf+0xbc>)
100040a6:	1812      	adds	r2, r2, r0
100040a8:	414b      	adcs	r3, r1
100040aa:	2180      	movs	r1, #128	@ 0x80
100040ac:	0609      	lsls	r1, r1, #24
100040ae:	428b      	cmp	r3, r1
100040b0:	d302      	bcc.n	100040b8 <__wrap_vprintf+0x28>
100040b2:	2201      	movs	r2, #1
100040b4:	4b26      	ldr	r3, [pc, #152]	@ (10004150 <__wrap_vprintf+0xc0>)
100040b6:	4252      	negs	r2, r2
100040b8:	4f26      	ldr	r7, [pc, #152]	@ (10004154 <__wrap_vprintf+0xc4>)
100040ba:	0038      	movs	r0, r7
100040bc:	f006 f828 	bl	1000a110 <__mutex_try_enter_block_until_veneer>
100040c0:	2300      	movs	r3, #0
100040c2:	0006      	movs	r6, r0
100040c4:	9301      	str	r3, [sp, #4]
100040c6:	0022      	movs	r2, r4
100040c8:	002b      	movs	r3, r5
100040ca:	4823      	ldr	r0, [pc, #140]	@ (10004158 <__wrap_vprintf+0xc8>)
100040cc:	a901      	add	r1, sp, #4
100040ce:	f7ff fdfb 	bl	10003cc8 <vfctprintf>
100040d2:	9b01      	ldr	r3, [sp, #4]
100040d4:	4680      	mov	r8, r0
100040d6:	2b00      	cmp	r3, #0
100040d8:	d114      	bne.n	10004104 <__wrap_vprintf+0x74>
100040da:	4b20      	ldr	r3, [pc, #128]	@ (1000415c <__wrap_vprintf+0xcc>)
100040dc:	681c      	ldr	r4, [r3, #0]
100040de:	2c00      	cmp	r4, #0
100040e0:	d006      	beq.n	100040f0 <__wrap_vprintf+0x60>
100040e2:	6863      	ldr	r3, [r4, #4]
100040e4:	2b00      	cmp	r3, #0
100040e6:	d00b      	beq.n	10004100 <__wrap_vprintf+0x70>
100040e8:	4798      	blx	r3
100040ea:	6924      	ldr	r4, [r4, #16]
100040ec:	2c00      	cmp	r4, #0
100040ee:	d1f8      	bne.n	100040e2 <__wrap_vprintf+0x52>
100040f0:	2e00      	cmp	r6, #0
100040f2:	d125      	bne.n	10004140 <__wrap_vprintf+0xb0>
100040f4:	4640      	mov	r0, r8
100040f6:	b023      	add	sp, #140	@ 0x8c
100040f8:	bcc0      	pop	{r6, r7}
100040fa:	46b9      	mov	r9, r7
100040fc:	46b0      	mov	r8, r6
100040fe:	bdf0      	pop	{r4, r5, r6, r7, pc}
10004100:	6924      	ldr	r4, [r4, #16]
10004102:	e7ec      	b.n	100040de <__wrap_vprintf+0x4e>
10004104:	4b15      	ldr	r3, [pc, #84]	@ (1000415c <__wrap_vprintf+0xcc>)
10004106:	681d      	ldr	r5, [r3, #0]
10004108:	4699      	mov	r9, r3
1000410a:	2d00      	cmp	r5, #0
1000410c:	d01c      	beq.n	10004148 <__wrap_vprintf+0xb8>
1000410e:	4c14      	ldr	r4, [pc, #80]	@ (10004160 <__wrap_vprintf+0xd0>)
10004110:	e002      	b.n	10004118 <__wrap_vprintf+0x88>
10004112:	692d      	ldr	r5, [r5, #16]
10004114:	2d00      	cmp	r5, #0
10004116:	d00f      	beq.n	10004138 <__wrap_vprintf+0xa8>
10004118:	682b      	ldr	r3, [r5, #0]
1000411a:	2b00      	cmp	r3, #0
1000411c:	d0f9      	beq.n	10004112 <__wrap_vprintf+0x82>
1000411e:	6823      	ldr	r3, [r4, #0]
10004120:	2b00      	cmp	r3, #0
10004122:	d001      	beq.n	10004128 <__wrap_vprintf+0x98>
10004124:	42ab      	cmp	r3, r5
10004126:	d1f4      	bne.n	10004112 <__wrap_vprintf+0x82>
10004128:	0028      	movs	r0, r5
1000412a:	9a01      	ldr	r2, [sp, #4]
1000412c:	a902      	add	r1, sp, #8
1000412e:	f7ff fe33 	bl	10003d98 <stdio_out_chars_crlf>
10004132:	692d      	ldr	r5, [r5, #16]
10004134:	2d00      	cmp	r5, #0
10004136:	d1ef      	bne.n	10004118 <__wrap_vprintf+0x88>
10004138:	464b      	mov	r3, r9
1000413a:	9501      	str	r5, [sp, #4]
1000413c:	681c      	ldr	r4, [r3, #0]
1000413e:	e7ce      	b.n	100040de <__wrap_vprintf+0x4e>
10004140:	0038      	movs	r0, r7
10004142:	f005 ff9d 	bl	1000a080 <__mutex_exit_veneer>
10004146:	e7d5      	b.n	100040f4 <__wrap_vprintf+0x64>
10004148:	9501      	str	r5, [sp, #4]
1000414a:	e7d1      	b.n	100040f0 <__wrap_vprintf+0x60>
1000414c:	000f4240 	.word	0x000f4240
10004150:	7fffffff 	.word	0x7fffffff
10004154:	20001648 	.word	0x20001648
10004158:	10003e2d 	.word	0x10003e2d
1000415c:	20001e80 	.word	0x20001e80
10004160:	20001e88 	.word	0x20001e88

10004164 <__wrap_printf>:
10004164:	b40f      	push	{r0, r1, r2, r3}
10004166:	b500      	push	{lr}
10004168:	b083      	sub	sp, #12
1000416a:	a904      	add	r1, sp, #16
1000416c:	c901      	ldmia	r1!, {r0}
1000416e:	9101      	str	r1, [sp, #4]
10004170:	f7ff ff8e 	bl	10004090 <__wrap_vprintf>
10004174:	b003      	add	sp, #12
10004176:	bc08      	pop	{r3}
10004178:	b004      	add	sp, #16
1000417a:	4718      	bx	r3

1000417c <stdio_usb_set_chars_available_callback>:
1000417c:	4b02      	ldr	r3, [pc, #8]	@ (10004188 <stdio_usb_set_chars_available_callback+0xc>)
1000417e:	6018      	str	r0, [r3, #0]
10004180:	4b02      	ldr	r3, [pc, #8]	@ (1000418c <stdio_usb_set_chars_available_callback+0x10>)
10004182:	6019      	str	r1, [r3, #0]
10004184:	4770      	bx	lr
10004186:	46c0      	nop			@ (mov r8, r8)
10004188:	20001e20 	.word	0x20001e20
1000418c:	20001e24 	.word	0x20001e24

10004190 <usb_irq>:
10004190:	b510      	push	{r4, lr}
10004192:	4b02      	ldr	r3, [pc, #8]	@ (1000419c <usb_irq+0xc>)
10004194:	7818      	ldrb	r0, [r3, #0]
10004196:	f7fc fbdf 	bl	10000958 <irq_set_pending>
1000419a:	bd10      	pop	{r4, pc}
1000419c:	20012aa8 	.word	0x20012aa8

100041a0 <timer_task>:
100041a0:	4b15      	ldr	r3, [pc, #84]	@ (100041f8 <timer_task+0x58>)
100041a2:	b570      	push	{r4, r5, r6, lr}
100041a4:	681a      	ldr	r2, [r3, #0]
100041a6:	2a00      	cmp	r2, #0
100041a8:	d022      	beq.n	100041f0 <timer_task+0x50>
100041aa:	f3ef 8110 	mrs	r1, PRIMASK
100041ae:	b672      	cpsid	i
100041b0:	6810      	ldr	r0, [r2, #0]
100041b2:	2800      	cmp	r0, #0
100041b4:	d0fc      	beq.n	100041b0 <timer_task+0x10>
100041b6:	f3bf 8f5f 	dmb	sy
100041ba:	2000      	movs	r0, #0
100041bc:	4a0f      	ldr	r2, [pc, #60]	@ (100041fc <timer_task+0x5c>)
100041be:	6059      	str	r1, [r3, #4]
100041c0:	7010      	strb	r0, [r2, #0]
100041c2:	681b      	ldr	r3, [r3, #0]
100041c4:	f3bf 8f5f 	dmb	sy
100041c8:	6018      	str	r0, [r3, #0]
100041ca:	f381 8810 	msr	PRIMASK, r1
100041ce:	2400      	movs	r4, #0
100041d0:	2500      	movs	r5, #0
100041d2:	4e0b      	ldr	r6, [pc, #44]	@ (10004200 <timer_task+0x60>)
100041d4:	7830      	ldrb	r0, [r6, #0]
100041d6:	f7fc fbb3 	bl	10000940 <irq_is_enabled>
100041da:	2800      	cmp	r0, #0
100041dc:	d104      	bne.n	100041e8 <timer_task+0x48>
100041de:	2400      	movs	r4, #0
100041e0:	2500      	movs	r5, #0
100041e2:	0029      	movs	r1, r5
100041e4:	0020      	movs	r0, r4
100041e6:	bd70      	pop	{r4, r5, r6, pc}
100041e8:	7830      	ldrb	r0, [r6, #0]
100041ea:	f7fc fbb5 	bl	10000958 <irq_set_pending>
100041ee:	e7f8      	b.n	100041e2 <timer_task+0x42>
100041f0:	24fa      	movs	r4, #250	@ 0xfa
100041f2:	2500      	movs	r5, #0
100041f4:	00a4      	lsls	r4, r4, #2
100041f6:	e7ec      	b.n	100041d2 <timer_task+0x32>
100041f8:	2000229c 	.word	0x2000229c
100041fc:	20012aa9 	.word	0x20012aa9
10004200:	20012aa8 	.word	0x20012aa8

10004204 <stdio_usb_in_chars>:
10004204:	b570      	push	{r4, r5, r6, lr}
10004206:	0004      	movs	r4, r0
10004208:	2000      	movs	r0, #0
1000420a:	000e      	movs	r6, r1
1000420c:	f001 fb78 	bl	10005900 <tud_cdc_n_connected>
10004210:	2800      	cmp	r0, #0
10004212:	d036      	beq.n	10004282 <stdio_usb_in_chars+0x7e>
10004214:	2000      	movs	r0, #0
10004216:	f001 fb89 	bl	1000592c <tud_cdc_n_available>
1000421a:	2800      	cmp	r0, #0
1000421c:	d031      	beq.n	10004282 <stdio_usb_in_chars+0x7e>
1000421e:	f7fd f9c9 	bl	100015b4 <time_us_64>
10004222:	2300      	movs	r3, #0
10004224:	4a18      	ldr	r2, [pc, #96]	@ (10004288 <stdio_usb_in_chars+0x84>)
10004226:	1812      	adds	r2, r2, r0
10004228:	414b      	adcs	r3, r1
1000422a:	2180      	movs	r1, #128	@ 0x80
1000422c:	0609      	lsls	r1, r1, #24
1000422e:	428b      	cmp	r3, r1
10004230:	d216      	bcs.n	10004260 <stdio_usb_in_chars+0x5c>
10004232:	4d16      	ldr	r5, [pc, #88]	@ (1000428c <stdio_usb_in_chars+0x88>)
10004234:	0028      	movs	r0, r5
10004236:	f005 ff6b 	bl	1000a110 <__mutex_try_enter_block_until_veneer>
1000423a:	2800      	cmp	r0, #0
1000423c:	d021      	beq.n	10004282 <stdio_usb_in_chars+0x7e>
1000423e:	2000      	movs	r0, #0
10004240:	f001 fb5e 	bl	10005900 <tud_cdc_n_connected>
10004244:	2800      	cmp	r0, #0
10004246:	d10f      	bne.n	10004268 <stdio_usb_in_chars+0x64>
10004248:	2001      	movs	r0, #1
1000424a:	2100      	movs	r1, #0
1000424c:	4240      	negs	r0, r0
1000424e:	f000 fd7f 	bl	10004d50 <tud_task_ext>
10004252:	2403      	movs	r4, #3
10004254:	4264      	negs	r4, r4
10004256:	0028      	movs	r0, r5
10004258:	f005 ff12 	bl	1000a080 <__mutex_exit_veneer>
1000425c:	0020      	movs	r0, r4
1000425e:	bd70      	pop	{r4, r5, r6, pc}
10004260:	2201      	movs	r2, #1
10004262:	4b0b      	ldr	r3, [pc, #44]	@ (10004290 <stdio_usb_in_chars+0x8c>)
10004264:	4252      	negs	r2, r2
10004266:	e7e4      	b.n	10004232 <stdio_usb_in_chars+0x2e>
10004268:	2000      	movs	r0, #0
1000426a:	f001 fb5f 	bl	1000592c <tud_cdc_n_available>
1000426e:	2800      	cmp	r0, #0
10004270:	d0ea      	beq.n	10004248 <stdio_usb_in_chars+0x44>
10004272:	0021      	movs	r1, r4
10004274:	0032      	movs	r2, r6
10004276:	2000      	movs	r0, #0
10004278:	f001 fb62 	bl	10005940 <tud_cdc_n_read>
1000427c:	1e04      	subs	r4, r0, #0
1000427e:	d1ea      	bne.n	10004256 <stdio_usb_in_chars+0x52>
10004280:	e7e7      	b.n	10004252 <stdio_usb_in_chars+0x4e>
10004282:	2403      	movs	r4, #3
10004284:	4264      	negs	r4, r4
10004286:	e7e9      	b.n	1000425c <stdio_usb_in_chars+0x58>
10004288:	000f4240 	.word	0x000f4240
1000428c:	20012a74 	.word	0x20012a74
10004290:	7fffffff 	.word	0x7fffffff

10004294 <stdio_usb_out_flush>:
10004294:	b510      	push	{r4, lr}
10004296:	f7fd f98d 	bl	100015b4 <time_us_64>
1000429a:	2300      	movs	r3, #0
1000429c:	4a0e      	ldr	r2, [pc, #56]	@ (100042d8 <stdio_usb_out_flush+0x44>)
1000429e:	1812      	adds	r2, r2, r0
100042a0:	414b      	adcs	r3, r1
100042a2:	2180      	movs	r1, #128	@ 0x80
100042a4:	0609      	lsls	r1, r1, #24
100042a6:	428b      	cmp	r3, r1
100042a8:	d302      	bcc.n	100042b0 <stdio_usb_out_flush+0x1c>
100042aa:	2201      	movs	r2, #1
100042ac:	4b0b      	ldr	r3, [pc, #44]	@ (100042dc <stdio_usb_out_flush+0x48>)
100042ae:	4252      	negs	r2, r2
100042b0:	4c0b      	ldr	r4, [pc, #44]	@ (100042e0 <stdio_usb_out_flush+0x4c>)
100042b2:	0020      	movs	r0, r4
100042b4:	f005 ff2c 	bl	1000a110 <__mutex_try_enter_block_until_veneer>
100042b8:	2800      	cmp	r0, #0
100042ba:	d00c      	beq.n	100042d6 <stdio_usb_out_flush+0x42>
100042bc:	2001      	movs	r0, #1
100042be:	2100      	movs	r1, #0
100042c0:	4240      	negs	r0, r0
100042c2:	f000 fd45 	bl	10004d50 <tud_task_ext>
100042c6:	2000      	movs	r0, #0
100042c8:	f001 fb84 	bl	100059d4 <tud_cdc_n_write_flush>
100042cc:	2800      	cmp	r0, #0
100042ce:	d1f5      	bne.n	100042bc <stdio_usb_out_flush+0x28>
100042d0:	0020      	movs	r0, r4
100042d2:	f005 fed5 	bl	1000a080 <__mutex_exit_veneer>
100042d6:	bd10      	pop	{r4, pc}
100042d8:	000f4240 	.word	0x000f4240
100042dc:	7fffffff 	.word	0x7fffffff
100042e0:	20012a74 	.word	0x20012a74

100042e4 <stdio_usb_out_chars>:
100042e4:	b5f8      	push	{r3, r4, r5, r6, r7, lr}
100042e6:	46de      	mov	lr, fp
100042e8:	4657      	mov	r7, sl
100042ea:	b580      	push	{r7, lr}
100042ec:	0005      	movs	r5, r0
100042ee:	000c      	movs	r4, r1
100042f0:	f7fd f960 	bl	100015b4 <time_us_64>
100042f4:	2300      	movs	r3, #0
100042f6:	4a37      	ldr	r2, [pc, #220]	@ (100043d4 <stdio_usb_out_chars+0xf0>)
100042f8:	1812      	adds	r2, r2, r0
100042fa:	414b      	adcs	r3, r1
100042fc:	2180      	movs	r1, #128	@ 0x80
100042fe:	0609      	lsls	r1, r1, #24
10004300:	428b      	cmp	r3, r1
10004302:	d302      	bcc.n	1000430a <stdio_usb_out_chars+0x26>
10004304:	2201      	movs	r2, #1
10004306:	4b34      	ldr	r3, [pc, #208]	@ (100043d8 <stdio_usb_out_chars+0xf4>)
10004308:	4252      	negs	r2, r2
1000430a:	4934      	ldr	r1, [pc, #208]	@ (100043dc <stdio_usb_out_chars+0xf8>)
1000430c:	0008      	movs	r0, r1
1000430e:	468a      	mov	sl, r1
10004310:	f005 fefe 	bl	1000a110 <__mutex_try_enter_block_until_veneer>
10004314:	2800      	cmp	r0, #0
10004316:	d103      	bne.n	10004320 <stdio_usb_out_chars+0x3c>
10004318:	bcc0      	pop	{r6, r7}
1000431a:	46bb      	mov	fp, r7
1000431c:	46b2      	mov	sl, r6
1000431e:	bdf8      	pop	{r3, r4, r5, r6, r7, pc}
10004320:	2000      	movs	r0, #0
10004322:	f001 faed 	bl	10005900 <tud_cdc_n_connected>
10004326:	2800      	cmp	r0, #0
10004328:	d04a      	beq.n	100043c0 <stdio_usb_out_chars+0xdc>
1000432a:	2600      	movs	r6, #0
1000432c:	2c00      	cmp	r4, #0
1000432e:	dd43      	ble.n	100043b8 <stdio_usb_out_chars+0xd4>
10004330:	4b2b      	ldr	r3, [pc, #172]	@ (100043e0 <stdio_usb_out_chars+0xfc>)
10004332:	469b      	mov	fp, r3
10004334:	e014      	b.n	10004360 <stdio_usb_out_chars+0x7c>
10004336:	19a9      	adds	r1, r5, r6
10004338:	2000      	movs	r0, #0
1000433a:	f001 fb85 	bl	10005a48 <tud_cdc_n_write>
1000433e:	0007      	movs	r7, r0
10004340:	2001      	movs	r0, #1
10004342:	2100      	movs	r1, #0
10004344:	4240      	negs	r0, r0
10004346:	f000 fd03 	bl	10004d50 <tud_task_ext>
1000434a:	2000      	movs	r0, #0
1000434c:	f001 fb42 	bl	100059d4 <tud_cdc_n_write_flush>
10004350:	f7fd f930 	bl	100015b4 <time_us_64>
10004354:	4b22      	ldr	r3, [pc, #136]	@ (100043e0 <stdio_usb_out_chars+0xfc>)
10004356:	19f6      	adds	r6, r6, r7
10004358:	6018      	str	r0, [r3, #0]
1000435a:	6059      	str	r1, [r3, #4]
1000435c:	42b4      	cmp	r4, r6
1000435e:	dd2b      	ble.n	100043b8 <stdio_usb_out_chars+0xd4>
10004360:	2000      	movs	r0, #0
10004362:	f001 fb91 	bl	10005a88 <tud_cdc_n_write_available>
10004366:	1ba7      	subs	r7, r4, r6
10004368:	0002      	movs	r2, r0
1000436a:	42b8      	cmp	r0, r7
1000436c:	dd00      	ble.n	10004370 <stdio_usb_out_chars+0x8c>
1000436e:	003a      	movs	r2, r7
10004370:	2a00      	cmp	r2, #0
10004372:	d1e0      	bne.n	10004336 <stdio_usb_out_chars+0x52>
10004374:	2001      	movs	r0, #1
10004376:	2100      	movs	r1, #0
10004378:	4240      	negs	r0, r0
1000437a:	f000 fce9 	bl	10004d50 <tud_task_ext>
1000437e:	2000      	movs	r0, #0
10004380:	f001 fb28 	bl	100059d4 <tud_cdc_n_write_flush>
10004384:	2000      	movs	r0, #0
10004386:	f001 fabb 	bl	10005900 <tud_cdc_n_connected>
1000438a:	2800      	cmp	r0, #0
1000438c:	d014      	beq.n	100043b8 <stdio_usb_out_chars+0xd4>
1000438e:	2000      	movs	r0, #0
10004390:	f001 fb7a 	bl	10005a88 <tud_cdc_n_write_available>
10004394:	2800      	cmp	r0, #0
10004396:	d1e1      	bne.n	1000435c <stdio_usb_out_chars+0x78>
10004398:	f7fd f90c 	bl	100015b4 <time_us_64>
1000439c:	465b      	mov	r3, fp
1000439e:	000f      	movs	r7, r1
100043a0:	681a      	ldr	r2, [r3, #0]
100043a2:	685b      	ldr	r3, [r3, #4]
100043a4:	2100      	movs	r1, #0
100043a6:	4684      	mov	ip, r0
100043a8:	480e      	ldr	r0, [pc, #56]	@ (100043e4 <stdio_usb_out_chars+0x100>)
100043aa:	1812      	adds	r2, r2, r0
100043ac:	414b      	adcs	r3, r1
100043ae:	429f      	cmp	r7, r3
100043b0:	d802      	bhi.n	100043b8 <stdio_usb_out_chars+0xd4>
100043b2:	d1d3      	bne.n	1000435c <stdio_usb_out_chars+0x78>
100043b4:	4594      	cmp	ip, r2
100043b6:	d9d1      	bls.n	1000435c <stdio_usb_out_chars+0x78>
100043b8:	4650      	mov	r0, sl
100043ba:	f005 fe61 	bl	1000a080 <__mutex_exit_veneer>
100043be:	e7ab      	b.n	10004318 <stdio_usb_out_chars+0x34>
100043c0:	2000      	movs	r0, #0
100043c2:	2100      	movs	r1, #0
100043c4:	4b06      	ldr	r3, [pc, #24]	@ (100043e0 <stdio_usb_out_chars+0xfc>)
100043c6:	6018      	str	r0, [r3, #0]
100043c8:	6059      	str	r1, [r3, #4]
100043ca:	4650      	mov	r0, sl
100043cc:	f005 fe58 	bl	1000a080 <__mutex_exit_veneer>
100043d0:	e7a2      	b.n	10004318 <stdio_usb_out_chars+0x34>
100043d2:	46c0      	nop			@ (mov r8, r8)
100043d4:	000f4240 	.word	0x000f4240
100043d8:	7fffffff 	.word	0x7fffffff
100043dc:	20012a74 	.word	0x20012a74
100043e0:	200017d0 	.word	0x200017d0
100043e4:	0007a120 	.word	0x0007a120

100043e8 <low_priority_worker_irq>:
100043e8:	b530      	push	{r4, r5, lr}
100043ea:	4c2b      	ldr	r4, [pc, #172]	@ (10004498 <low_priority_worker_irq+0xb0>)
100043ec:	b085      	sub	sp, #20
100043ee:	2100      	movs	r1, #0
100043f0:	0020      	movs	r0, r4
100043f2:	f005 fe65 	bl	1000a0c0 <__mutex_try_enter_veneer>
100043f6:	2800      	cmp	r0, #0
100043f8:	d11c      	bne.n	10004434 <low_priority_worker_irq+0x4c>
100043fa:	4b28      	ldr	r3, [pc, #160]	@ (1000449c <low_priority_worker_irq+0xb4>)
100043fc:	681a      	ldr	r2, [r3, #0]
100043fe:	2a00      	cmp	r2, #0
10004400:	d016      	beq.n	10004430 <low_priority_worker_irq+0x48>
10004402:	f3ef 8110 	mrs	r1, PRIMASK
10004406:	b672      	cpsid	i
10004408:	6810      	ldr	r0, [r2, #0]
1000440a:	2800      	cmp	r0, #0
1000440c:	d0fc      	beq.n	10004408 <low_priority_worker_irq+0x20>
1000440e:	f3bf 8f5f 	dmb	sy
10004412:	2401      	movs	r4, #1
10004414:	4822      	ldr	r0, [pc, #136]	@ (100044a0 <low_priority_worker_irq+0xb8>)
10004416:	6059      	str	r1, [r3, #4]
10004418:	7802      	ldrb	r2, [r0, #0]
1000441a:	681b      	ldr	r3, [r3, #0]
1000441c:	b2d2      	uxtb	r2, r2
1000441e:	7004      	strb	r4, [r0, #0]
10004420:	f3bf 8f5f 	dmb	sy
10004424:	2000      	movs	r0, #0
10004426:	6018      	str	r0, [r3, #0]
10004428:	f381 8810 	msr	PRIMASK, r1
1000442c:	2a00      	cmp	r2, #0
1000442e:	d017      	beq.n	10004460 <low_priority_worker_irq+0x78>
10004430:	b005      	add	sp, #20
10004432:	bd30      	pop	{r4, r5, pc}
10004434:	2001      	movs	r0, #1
10004436:	2100      	movs	r1, #0
10004438:	4240      	negs	r0, r0
1000443a:	f000 fc89 	bl	10004d50 <tud_task_ext>
1000443e:	2000      	movs	r0, #0
10004440:	f001 fa74 	bl	1000592c <tud_cdc_n_available>
10004444:	0005      	movs	r5, r0
10004446:	0020      	movs	r0, r4
10004448:	f005 fe1a 	bl	1000a080 <__mutex_exit_veneer>
1000444c:	2d00      	cmp	r5, #0
1000444e:	d0ef      	beq.n	10004430 <low_priority_worker_irq+0x48>
10004450:	4b14      	ldr	r3, [pc, #80]	@ (100044a4 <low_priority_worker_irq+0xbc>)
10004452:	681b      	ldr	r3, [r3, #0]
10004454:	2b00      	cmp	r3, #0
10004456:	d0eb      	beq.n	10004430 <low_priority_worker_irq+0x48>
10004458:	4a13      	ldr	r2, [pc, #76]	@ (100044a8 <low_priority_worker_irq+0xc0>)
1000445a:	6810      	ldr	r0, [r2, #0]
1000445c:	4798      	blx	r3
1000445e:	e7e7      	b.n	10004430 <low_priority_worker_irq+0x48>
10004460:	f7fc fe80 	bl	10001164 <alarm_pool_get_default>
10004464:	0004      	movs	r4, r0
10004466:	f7fd f8a5 	bl	100015b4 <time_us_64>
1000446a:	22fa      	movs	r2, #250	@ 0xfa
1000446c:	2300      	movs	r3, #0
1000446e:	0092      	lsls	r2, r2, #2
10004470:	1812      	adds	r2, r2, r0
10004472:	414b      	adcs	r3, r1
10004474:	2180      	movs	r1, #128	@ 0x80
10004476:	0609      	lsls	r1, r1, #24
10004478:	428b      	cmp	r3, r1
1000447a:	d302      	bcc.n	10004482 <low_priority_worker_irq+0x9a>
1000447c:	2201      	movs	r2, #1
1000447e:	4b0b      	ldr	r3, [pc, #44]	@ (100044ac <low_priority_worker_irq+0xc4>)
10004480:	4252      	negs	r2, r2
10004482:	2101      	movs	r1, #1
10004484:	9102      	str	r1, [sp, #8]
10004486:	2100      	movs	r1, #0
10004488:	9101      	str	r1, [sp, #4]
1000448a:	4909      	ldr	r1, [pc, #36]	@ (100044b0 <low_priority_worker_irq+0xc8>)
1000448c:	0020      	movs	r0, r4
1000448e:	9100      	str	r1, [sp, #0]
10004490:	f7fc fe6c 	bl	1000116c <alarm_pool_add_alarm_at>
10004494:	e7cc      	b.n	10004430 <low_priority_worker_irq+0x48>
10004496:	46c0      	nop			@ (mov r8, r8)
10004498:	20012a74 	.word	0x20012a74
1000449c:	2000229c 	.word	0x2000229c
100044a0:	20012aa9 	.word	0x20012aa9
100044a4:	20001e20 	.word	0x20001e20
100044a8:	20001e24 	.word	0x20001e24
100044ac:	7fffffff 	.word	0x7fffffff
100044b0:	100041a1 	.word	0x100041a1

100044b4 <stdio_usb_init>:
100044b4:	23d0      	movs	r3, #208	@ 0xd0
100044b6:	b510      	push	{r4, lr}
100044b8:	061b      	lsls	r3, r3, #24
100044ba:	b084      	sub	sp, #16
100044bc:	681c      	ldr	r4, [r3, #0]
100044be:	f7fc fe51 	bl	10001164 <alarm_pool_get_default>
100044c2:	f7fc ff4f 	bl	10001364 <alarm_pool_core_num>
100044c6:	42a0      	cmp	r0, r4
100044c8:	d002      	beq.n	100044d0 <stdio_usb_init+0x1c>
100044ca:	2000      	movs	r0, #0
100044cc:	b004      	add	sp, #16
100044ce:	bd10      	pop	{r4, pc}
100044d0:	4b2a      	ldr	r3, [pc, #168]	@ (1000457c <stdio_usb_init+0xc8>)
100044d2:	2100      	movs	r1, #0
100044d4:	2000      	movs	r0, #0
100044d6:	781b      	ldrb	r3, [r3, #0]
100044d8:	f001 fca0 	bl	10005e1c <tusb_rhport_init>
100044dc:	4828      	ldr	r0, [pc, #160]	@ (10004580 <stdio_usb_init+0xcc>)
100044de:	6803      	ldr	r3, [r0, #0]
100044e0:	2b00      	cmp	r3, #0
100044e2:	d047      	beq.n	10004574 <stdio_usb_init+0xc0>
100044e4:	2001      	movs	r0, #1
100044e6:	f7fc fbcd 	bl	10000c84 <user_irq_claim_unused>
100044ea:	23ff      	movs	r3, #255	@ 0xff
100044ec:	4c25      	ldr	r4, [pc, #148]	@ (10004584 <stdio_usb_init+0xd0>)
100044ee:	4926      	ldr	r1, [pc, #152]	@ (10004588 <stdio_usb_init+0xd4>)
100044f0:	7020      	strb	r0, [r4, #0]
100044f2:	4018      	ands	r0, r3
100044f4:	f7fc fa4a 	bl	1000098c <irq_set_exclusive_handler>
100044f8:	7820      	ldrb	r0, [r4, #0]
100044fa:	2101      	movs	r1, #1
100044fc:	f7fc fa0e 	bl	1000091c <irq_set_enabled>
10004500:	2005      	movs	r0, #5
10004502:	f7fc fa31 	bl	10000968 <irq_has_shared_handler>
10004506:	2800      	cmp	r0, #0
10004508:	d126      	bne.n	10004558 <stdio_usb_init+0xa4>
1000450a:	2208      	movs	r2, #8
1000450c:	2100      	movs	r1, #0
1000450e:	481f      	ldr	r0, [pc, #124]	@ (1000458c <stdio_usb_init+0xd8>)
10004510:	f7fe f830 	bl	10002574 <__wrap_memset>
10004514:	f7fc fe26 	bl	10001164 <alarm_pool_get_default>
10004518:	0004      	movs	r4, r0
1000451a:	f7fd f84b 	bl	100015b4 <time_us_64>
1000451e:	22fa      	movs	r2, #250	@ 0xfa
10004520:	2300      	movs	r3, #0
10004522:	0092      	lsls	r2, r2, #2
10004524:	1812      	adds	r2, r2, r0
10004526:	414b      	adcs	r3, r1
10004528:	2180      	movs	r1, #128	@ 0x80
1000452a:	0609      	lsls	r1, r1, #24
1000452c:	428b      	cmp	r3, r1
1000452e:	d302      	bcc.n	10004536 <stdio_usb_init+0x82>
10004530:	2201      	movs	r2, #1
10004532:	4b17      	ldr	r3, [pc, #92]	@ (10004590 <stdio_usb_init+0xdc>)
10004534:	4252      	negs	r2, r2
10004536:	2101      	movs	r1, #1
10004538:	9102      	str	r1, [sp, #8]
1000453a:	2100      	movs	r1, #0
1000453c:	9101      	str	r1, [sp, #4]
1000453e:	4915      	ldr	r1, [pc, #84]	@ (10004594 <stdio_usb_init+0xe0>)
10004540:	0020      	movs	r0, r4
10004542:	9100      	str	r1, [sp, #0]
10004544:	f7fc fe12 	bl	1000116c <alarm_pool_add_alarm_at>
10004548:	2800      	cmp	r0, #0
1000454a:	dbbe      	blt.n	100044ca <stdio_usb_init+0x16>
1000454c:	4812      	ldr	r0, [pc, #72]	@ (10004598 <stdio_usb_init+0xe4>)
1000454e:	2101      	movs	r1, #1
10004550:	f7ff fd18 	bl	10003f84 <stdio_set_driver_enabled>
10004554:	2001      	movs	r0, #1
10004556:	e7b9      	b.n	100044cc <stdio_usb_init+0x18>
10004558:	2001      	movs	r0, #1
1000455a:	f7fc f9ad 	bl	100008b8 <spin_lock_claim_unused>
1000455e:	4b0b      	ldr	r3, [pc, #44]	@ (1000458c <stdio_usb_init+0xd8>)
10004560:	0001      	movs	r1, r0
10004562:	0018      	movs	r0, r3
10004564:	f7fc fbf0 	bl	10000d48 <critical_section_init_with_lock_num>
10004568:	2200      	movs	r2, #0
1000456a:	2005      	movs	r0, #5
1000456c:	490b      	ldr	r1, [pc, #44]	@ (1000459c <stdio_usb_init+0xe8>)
1000456e:	f7fc fa37 	bl	100009e0 <irq_add_shared_handler>
10004572:	e7eb      	b.n	1000454c <stdio_usb_init+0x98>
10004574:	f7fc fbcc 	bl	10000d10 <mutex_init>
10004578:	e7b4      	b.n	100044e4 <stdio_usb_init+0x30>
1000457a:	46c0      	nop			@ (mov r8, r8)
1000457c:	1000b820 	.word	0x1000b820
10004580:	20012a74 	.word	0x20012a74
10004584:	20012aa8 	.word	0x20012aa8
10004588:	100043e9 	.word	0x100043e9
1000458c:	2000229c 	.word	0x2000229c
10004590:	7fffffff 	.word	0x7fffffff
10004594:	100041a1 	.word	0x100041a1
10004598:	200010c0 	.word	0x200010c0
1000459c:	10004191 	.word	0x10004191

100045a0 <tud_descriptor_device_cb>:
100045a0:	4800      	ldr	r0, [pc, #0]	@ (100045a4 <tud_descriptor_device_cb+0x4>)
100045a2:	4770      	bx	lr
100045a4:	1000aa3c 	.word	0x1000aa3c

100045a8 <tud_descriptor_configuration_cb>:
100045a8:	4800      	ldr	r0, [pc, #0]	@ (100045ac <tud_descriptor_configuration_cb+0x4>)
100045aa:	4770      	bx	lr
100045ac:	1000a9e8 	.word	0x1000a9e8

100045b0 <tud_descriptor_string_cb>:
100045b0:	b510      	push	{r4, lr}
100045b2:	0004      	movs	r4, r0
100045b4:	4817      	ldr	r0, [pc, #92]	@ (10004614 <tud_descriptor_string_cb+0x64>)
100045b6:	7803      	ldrb	r3, [r0, #0]
100045b8:	2b00      	cmp	r3, #0
100045ba:	d020      	beq.n	100045fe <tud_descriptor_string_cb+0x4e>
100045bc:	2c00      	cmp	r4, #0
100045be:	d106      	bne.n	100045ce <tud_descriptor_string_cb+0x1e>
100045c0:	4b15      	ldr	r3, [pc, #84]	@ (10004618 <tud_descriptor_string_cb+0x68>)
100045c2:	4816      	ldr	r0, [pc, #88]	@ (1000461c <tud_descriptor_string_cb+0x6c>)
100045c4:	8043      	strh	r3, [r0, #2]
100045c6:	3b06      	subs	r3, #6
100045c8:	3bff      	subs	r3, #255	@ 0xff
100045ca:	8003      	strh	r3, [r0, #0]
100045cc:	bd10      	pop	{r4, pc}
100045ce:	2c05      	cmp	r4, #5
100045d0:	d819      	bhi.n	10004606 <tud_descriptor_string_cb+0x56>
100045d2:	4b13      	ldr	r3, [pc, #76]	@ (10004620 <tud_descriptor_string_cb+0x70>)
100045d4:	00a4      	lsls	r4, r4, #2
100045d6:	58e0      	ldr	r0, [r4, r3]
100045d8:	4912      	ldr	r1, [pc, #72]	@ (10004624 <tud_descriptor_string_cb+0x74>)
100045da:	2301      	movs	r3, #1
100045dc:	3801      	subs	r0, #1
100045de:	e004      	b.n	100045ea <tud_descriptor_string_cb+0x3a>
100045e0:	3301      	adds	r3, #1
100045e2:	800a      	strh	r2, [r1, #0]
100045e4:	3102      	adds	r1, #2
100045e6:	2b14      	cmp	r3, #20
100045e8:	d00f      	beq.n	1000460a <tud_descriptor_string_cb+0x5a>
100045ea:	5cc2      	ldrb	r2, [r0, r3]
100045ec:	2a00      	cmp	r2, #0
100045ee:	d1f7      	bne.n	100045e0 <tud_descriptor_string_cb+0x30>
100045f0:	22c0      	movs	r2, #192	@ 0xc0
100045f2:	b2db      	uxtb	r3, r3
100045f4:	005b      	lsls	r3, r3, #1
100045f6:	0092      	lsls	r2, r2, #2
100045f8:	4808      	ldr	r0, [pc, #32]	@ (1000461c <tud_descriptor_string_cb+0x6c>)
100045fa:	4313      	orrs	r3, r2
100045fc:	e7e5      	b.n	100045ca <tud_descriptor_string_cb+0x1a>
100045fe:	2111      	movs	r1, #17
10004600:	f000 f81a 	bl	10004638 <pico_get_unique_board_id_string>
10004604:	e7da      	b.n	100045bc <tud_descriptor_string_cb+0xc>
10004606:	2000      	movs	r0, #0
10004608:	e7e0      	b.n	100045cc <tud_descriptor_string_cb+0x1c>
1000460a:	23ca      	movs	r3, #202	@ 0xca
1000460c:	4803      	ldr	r0, [pc, #12]	@ (1000461c <tud_descriptor_string_cb+0x6c>)
1000460e:	009b      	lsls	r3, r3, #2
10004610:	e7db      	b.n	100045ca <tud_descriptor_string_cb+0x1a>
10004612:	46c0      	nop			@ (mov r8, r8)
10004614:	20012a90 	.word	0x20012a90
10004618:	00000409 	.word	0x00000409
1000461c:	20001e58 	.word	0x20001e58
10004620:	1000a9d0 	.word	0x1000a9d0
10004624:	20001e5a 	.word	0x20001e5a

10004628 <_retrieve_unique_id_on_boot>:
10004628:	b510      	push	{r4, lr}
1000462a:	4802      	ldr	r0, [pc, #8]	@ (10004634 <_retrieve_unique_id_on_boot+0xc>)
1000462c:	f000 f8d8 	bl	100047e0 <flash_get_unique_id>
10004630:	bd10      	pop	{r4, pc}
10004632:	46c0      	nop			@ (mov r8, r8)
10004634:	200022b4 	.word	0x200022b4

10004638 <pico_get_unique_board_id_string>:
10004638:	b530      	push	{r4, r5, lr}
1000463a:	1e4b      	subs	r3, r1, #1
1000463c:	2901      	cmp	r1, #1
1000463e:	d100      	bne.n	10004642 <pico_get_unique_board_id_string+0xa>
10004640:	e0a7      	b.n	10004792 <pico_get_unique_board_id_string+0x15a>
10004642:	4a66      	ldr	r2, [pc, #408]	@ (100047dc <pico_get_unique_board_id_string+0x1a4>)
10004644:	7811      	ldrb	r1, [r2, #0]
10004646:	090d      	lsrs	r5, r1, #4
10004648:	002c      	movs	r4, r5
1000464a:	3430      	adds	r4, #48	@ 0x30
1000464c:	299f      	cmp	r1, #159	@ 0x9f
1000464e:	d900      	bls.n	10004652 <pico_get_unique_board_id_string+0x1a>
10004650:	e0a2      	b.n	10004798 <pico_get_unique_board_id_string+0x160>
10004652:	7004      	strb	r4, [r0, #0]
10004654:	2b01      	cmp	r3, #1
10004656:	d100      	bne.n	1000465a <pico_get_unique_board_id_string+0x22>
10004658:	e0be      	b.n	100047d8 <pico_get_unique_board_id_string+0x1a0>
1000465a:	210f      	movs	r1, #15
1000465c:	7814      	ldrb	r4, [r2, #0]
1000465e:	4021      	ands	r1, r4
10004660:	000c      	movs	r4, r1
10004662:	3430      	adds	r4, #48	@ 0x30
10004664:	2909      	cmp	r1, #9
10004666:	d900      	bls.n	1000466a <pico_get_unique_board_id_string+0x32>
10004668:	e098      	b.n	1000479c <pico_get_unique_board_id_string+0x164>
1000466a:	7044      	strb	r4, [r0, #1]
1000466c:	2b02      	cmp	r3, #2
1000466e:	d100      	bne.n	10004672 <pico_get_unique_board_id_string+0x3a>
10004670:	e0b2      	b.n	100047d8 <pico_get_unique_board_id_string+0x1a0>
10004672:	7854      	ldrb	r4, [r2, #1]
10004674:	0925      	lsrs	r5, r4, #4
10004676:	0029      	movs	r1, r5
10004678:	3130      	adds	r1, #48	@ 0x30
1000467a:	2c9f      	cmp	r4, #159	@ 0x9f
1000467c:	d900      	bls.n	10004680 <pico_get_unique_board_id_string+0x48>
1000467e:	e090      	b.n	100047a2 <pico_get_unique_board_id_string+0x16a>
10004680:	7081      	strb	r1, [r0, #2]
10004682:	2b03      	cmp	r3, #3
10004684:	d100      	bne.n	10004688 <pico_get_unique_board_id_string+0x50>
10004686:	e0a7      	b.n	100047d8 <pico_get_unique_board_id_string+0x1a0>
10004688:	210f      	movs	r1, #15
1000468a:	4021      	ands	r1, r4
1000468c:	000c      	movs	r4, r1
1000468e:	3430      	adds	r4, #48	@ 0x30
10004690:	2909      	cmp	r1, #9
10004692:	d900      	bls.n	10004696 <pico_get_unique_board_id_string+0x5e>
10004694:	e087      	b.n	100047a6 <pico_get_unique_board_id_string+0x16e>
10004696:	70c4      	strb	r4, [r0, #3]
10004698:	2b04      	cmp	r3, #4
1000469a:	d100      	bne.n	1000469e <pico_get_unique_board_id_string+0x66>
1000469c:	e09c      	b.n	100047d8 <pico_get_unique_board_id_string+0x1a0>
1000469e:	7894      	ldrb	r4, [r2, #2]
100046a0:	0925      	lsrs	r5, r4, #4
100046a2:	0029      	movs	r1, r5
100046a4:	3130      	adds	r1, #48	@ 0x30
100046a6:	2c9f      	cmp	r4, #159	@ 0x9f
100046a8:	d900      	bls.n	100046ac <pico_get_unique_board_id_string+0x74>
100046aa:	e07f      	b.n	100047ac <pico_get_unique_board_id_string+0x174>
100046ac:	7101      	strb	r1, [r0, #4]
100046ae:	2b05      	cmp	r3, #5
100046b0:	d100      	bne.n	100046b4 <pico_get_unique_board_id_string+0x7c>
100046b2:	e091      	b.n	100047d8 <pico_get_unique_board_id_string+0x1a0>
100046b4:	210f      	movs	r1, #15
100046b6:	4021      	ands	r1, r4
100046b8:	000c      	movs	r4, r1
100046ba:	3430      	adds	r4, #48	@ 0x30
100046bc:	2909      	cmp	r1, #9
100046be:	d900      	bls.n	100046c2 <pico_get_unique_board_id_string+0x8a>
100046c0:	e076      	b.n	100047b0 <pico_get_unique_board_id_string+0x178>
100046c2:	7144      	strb	r4, [r0, #5]
100046c4:	2b06      	cmp	r3, #6
100046c6:	d100      	bne.n	100046ca <pico_get_unique_board_id_string+0x92>
100046c8:	e086      	b.n	100047d8 <pico_get_unique_board_id_string+0x1a0>
100046ca:	78d4      	ldrb	r4, [r2, #3]
100046cc:	0925      	lsrs	r5, r4, #4
100046ce:	0029      	movs	r1, r5
100046d0:	3130      	adds	r1, #48	@ 0x30
100046d2:	2c9f      	cmp	r4, #159	@ 0x9f
100046d4:	d900      	bls.n	100046d8 <pico_get_unique_board_id_string+0xa0>
100046d6:	e06e      	b.n	100047b6 <pico_get_unique_board_id_string+0x17e>
100046d8:	7181      	strb	r1, [r0, #6]
100046da:	2b07      	cmp	r3, #7
100046dc:	d100      	bne.n	100046e0 <pico_get_unique_board_id_string+0xa8>
100046de:	e07b      	b.n	100047d8 <pico_get_unique_board_id_string+0x1a0>
100046e0:	210f      	movs	r1, #15
100046e2:	4021      	ands	r1, r4
100046e4:	000c      	movs	r4, r1
100046e6:	3430      	adds	r4, #48	@ 0x30
100046e8:	2909      	cmp	r1, #9
100046ea:	d866      	bhi.n	100047ba <pico_get_unique_board_id_string+0x182>
100046ec:	71c4      	strb	r4, [r0, #7]
100046ee:	2b08      	cmp	r3, #8
100046f0:	d100      	bne.n	100046f4 <pico_get_unique_board_id_string+0xbc>
100046f2:	e071      	b.n	100047d8 <pico_get_unique_board_id_string+0x1a0>
100046f4:	7914      	ldrb	r4, [r2, #4]
100046f6:	0925      	lsrs	r5, r4, #4
100046f8:	0029      	movs	r1, r5
100046fa:	3130      	adds	r1, #48	@ 0x30
100046fc:	2c9f      	cmp	r4, #159	@ 0x9f
100046fe:	d85f      	bhi.n	100047c0 <pico_get_unique_board_id_string+0x188>
10004700:	7201      	strb	r1, [r0, #8]
10004702:	2b09      	cmp	r3, #9
10004704:	d068      	beq.n	100047d8 <pico_get_unique_board_id_string+0x1a0>
10004706:	210f      	movs	r1, #15
10004708:	4021      	ands	r1, r4
1000470a:	000c      	movs	r4, r1
1000470c:	3430      	adds	r4, #48	@ 0x30
1000470e:	2909      	cmp	r1, #9
10004710:	d858      	bhi.n	100047c4 <pico_get_unique_board_id_string+0x18c>
10004712:	7244      	strb	r4, [r0, #9]
10004714:	2b0a      	cmp	r3, #10
10004716:	d05f      	beq.n	100047d8 <pico_get_unique_board_id_string+0x1a0>
10004718:	7954      	ldrb	r4, [r2, #5]
1000471a:	0925      	lsrs	r5, r4, #4
1000471c:	0029      	movs	r1, r5
1000471e:	3130      	adds	r1, #48	@ 0x30
10004720:	2c9f      	cmp	r4, #159	@ 0x9f
10004722:	d852      	bhi.n	100047ca <pico_get_unique_board_id_string+0x192>
10004724:	7281      	strb	r1, [r0, #10]
10004726:	2b0b      	cmp	r3, #11
10004728:	d056      	beq.n	100047d8 <pico_get_unique_board_id_string+0x1a0>
1000472a:	210f      	movs	r1, #15
1000472c:	4021      	ands	r1, r4
1000472e:	000c      	movs	r4, r1
10004730:	3430      	adds	r4, #48	@ 0x30
10004732:	2909      	cmp	r1, #9
10004734:	d84b      	bhi.n	100047ce <pico_get_unique_board_id_string+0x196>
10004736:	72c4      	strb	r4, [r0, #11]
10004738:	2b0c      	cmp	r3, #12
1000473a:	d04d      	beq.n	100047d8 <pico_get_unique_board_id_string+0x1a0>
1000473c:	7994      	ldrb	r4, [r2, #6]
1000473e:	0925      	lsrs	r5, r4, #4
10004740:	0029      	movs	r1, r5
10004742:	3130      	adds	r1, #48	@ 0x30
10004744:	2c9f      	cmp	r4, #159	@ 0x9f
10004746:	d900      	bls.n	1000474a <pico_get_unique_board_id_string+0x112>
10004748:	3107      	adds	r1, #7
1000474a:	7301      	strb	r1, [r0, #12]
1000474c:	2b0d      	cmp	r3, #13
1000474e:	d043      	beq.n	100047d8 <pico_get_unique_board_id_string+0x1a0>
10004750:	210f      	movs	r1, #15
10004752:	4021      	ands	r1, r4
10004754:	000c      	movs	r4, r1
10004756:	3430      	adds	r4, #48	@ 0x30
10004758:	2909      	cmp	r1, #9
1000475a:	d901      	bls.n	10004760 <pico_get_unique_board_id_string+0x128>
1000475c:	3137      	adds	r1, #55	@ 0x37
1000475e:	000c      	movs	r4, r1
10004760:	7344      	strb	r4, [r0, #13]
10004762:	2b0e      	cmp	r3, #14
10004764:	d038      	beq.n	100047d8 <pico_get_unique_board_id_string+0x1a0>
10004766:	79d1      	ldrb	r1, [r2, #7]
10004768:	090c      	lsrs	r4, r1, #4
1000476a:	0022      	movs	r2, r4
1000476c:	3230      	adds	r2, #48	@ 0x30
1000476e:	299f      	cmp	r1, #159	@ 0x9f
10004770:	d900      	bls.n	10004774 <pico_get_unique_board_id_string+0x13c>
10004772:	3207      	adds	r2, #7
10004774:	7382      	strb	r2, [r0, #14]
10004776:	2b0f      	cmp	r3, #15
10004778:	d02e      	beq.n	100047d8 <pico_get_unique_board_id_string+0x1a0>
1000477a:	220f      	movs	r2, #15
1000477c:	400a      	ands	r2, r1
1000477e:	0011      	movs	r1, r2
10004780:	3137      	adds	r1, #55	@ 0x37
10004782:	2a09      	cmp	r2, #9
10004784:	d801      	bhi.n	1000478a <pico_get_unique_board_id_string+0x152>
10004786:	3230      	adds	r2, #48	@ 0x30
10004788:	0011      	movs	r1, r2
1000478a:	73c1      	strb	r1, [r0, #15]
1000478c:	2b10      	cmp	r3, #16
1000478e:	d023      	beq.n	100047d8 <pico_get_unique_board_id_string+0x1a0>
10004790:	3010      	adds	r0, #16
10004792:	2300      	movs	r3, #0
10004794:	7003      	strb	r3, [r0, #0]
10004796:	bd30      	pop	{r4, r5, pc}
10004798:	3407      	adds	r4, #7
1000479a:	e75a      	b.n	10004652 <pico_get_unique_board_id_string+0x1a>
1000479c:	3137      	adds	r1, #55	@ 0x37
1000479e:	000c      	movs	r4, r1
100047a0:	e763      	b.n	1000466a <pico_get_unique_board_id_string+0x32>
100047a2:	3107      	adds	r1, #7
100047a4:	e76c      	b.n	10004680 <pico_get_unique_board_id_string+0x48>
100047a6:	3137      	adds	r1, #55	@ 0x37
100047a8:	000c      	movs	r4, r1
100047aa:	e774      	b.n	10004696 <pico_get_unique_board_id_string+0x5e>
100047ac:	3107      	adds	r1, #7
100047ae:	e77d      	b.n	100046ac <pico_get_unique_board_id_string+0x74>
100047b0:	3137      	adds	r1, #55	@ 0x37
100047b2:	000c      	movs	r4, r1
100047b4:	e785      	b.n	100046c2 <pico_get_unique_board_id_string+0x8a>
100047b6:	3107      	adds	r1, #7
100047b8:	e78e      	b.n	100046d8 <pico_get_unique_board_id_string+0xa0>
100047ba:	3137      	adds	r1, #55	@ 0x37
100047bc:	000c      	movs	r4, r1
100047be:	e795      	b.n	100046ec <pico_get_unique_board_id_string+0xb4>
100047c0:	3107      	adds	r1, #7
100047c2:	e79d      	b.n	10004700 <pico_get_unique_board_id_string+0xc8>
100047c4:	3137      	adds	r1, #55	@ 0x37
100047c6:	000c      	movs	r4, r1
100047c8:	e7a3      	b.n	10004712 <pico_get_unique_board_id_string+0xda>
100047ca:	3107      	adds	r1, #7
100047cc:	e7aa      	b.n	10004724 <pico_get_unique_board_id_string+0xec>
100047ce:	3137      	adds	r1, #55	@ 0x37
100047d0:	000c      	movs	r4, r1
100047d2:	72c4      	strb	r4, [r0, #11]
100047d4:	2b0c      	cmp	r3, #12
100047d6:	d1b1      	bne.n	1000473c <pico_get_unique_board_id_string+0x104>
100047d8:	18c0      	adds	r0, r0, r3
100047da:	e7da      	b.n	10004792 <pico_get_unique_board_id_string+0x15a>
100047dc:	200022b4 	.word	0x200022b4

100047e0 <flash_get_unique_id>:
100047e0:	b510      	push	{r4, lr}
100047e2:	b088      	sub	sp, #32
100047e4:	0004      	movs	r4, r0
100047e6:	220d      	movs	r2, #13
100047e8:	2100      	movs	r1, #0
100047ea:	4668      	mov	r0, sp
100047ec:	f7fd fec2 	bl	10002574 <__wrap_memset>
100047f0:	220d      	movs	r2, #13
100047f2:	2100      	movs	r1, #0
100047f4:	a804      	add	r0, sp, #16
100047f6:	f7fd febd 	bl	10002574 <__wrap_memset>
100047fa:	466a      	mov	r2, sp
100047fc:	234b      	movs	r3, #75	@ 0x4b
100047fe:	4668      	mov	r0, sp
10004800:	7013      	strb	r3, [r2, #0]
10004802:	a904      	add	r1, sp, #16
10004804:	2300      	movs	r3, #0
10004806:	220d      	movs	r2, #13
10004808:	f005 fc72 	bl	1000a0f0 <__flash_do_cmd_cs_veneer>
1000480c:	2115      	movs	r1, #21
1000480e:	2208      	movs	r2, #8
10004810:	0020      	movs	r0, r4
10004812:	4469      	add	r1, sp
10004814:	f7fd feb4 	bl	10002580 <__wrap___aeabi_memcpy>
10004818:	b008      	add	sp, #32
1000481a:	bd10      	pop	{r4, pc}

1000481c <usb_reset_interface_init>:
1000481c:	4770      	bx	lr
1000481e:	46c0      	nop			@ (mov r8, r8)

10004820 <usb_reset_interface_reset>:
10004820:	2200      	movs	r2, #0
10004822:	4b01      	ldr	r3, [pc, #4]	@ (10004828 <usb_reset_interface_reset+0x8>)
10004824:	701a      	strb	r2, [r3, #0]
10004826:	4770      	bx	lr
10004828:	20012aa7 	.word	0x20012aa7

1000482c <usb_reset_interface_open>:
1000482c:	794b      	ldrb	r3, [r1, #5]
1000482e:	2000      	movs	r0, #0
10004830:	2bff      	cmp	r3, #255	@ 0xff
10004832:	d10b      	bne.n	1000484c <usb_reset_interface_open+0x20>
10004834:	798b      	ldrb	r3, [r1, #6]
10004836:	2b00      	cmp	r3, #0
10004838:	d108      	bne.n	1000484c <usb_reset_interface_open+0x20>
1000483a:	79cb      	ldrb	r3, [r1, #7]
1000483c:	2b01      	cmp	r3, #1
1000483e:	d105      	bne.n	1000484c <usb_reset_interface_open+0x20>
10004840:	2a08      	cmp	r2, #8
10004842:	d903      	bls.n	1000484c <usb_reset_interface_open+0x20>
10004844:	4b02      	ldr	r3, [pc, #8]	@ (10004850 <usb_reset_interface_open+0x24>)
10004846:	788a      	ldrb	r2, [r1, #2]
10004848:	3009      	adds	r0, #9
1000484a:	701a      	strb	r2, [r3, #0]
1000484c:	4770      	bx	lr
1000484e:	46c0      	nop			@ (mov r8, r8)
10004850:	20012aa7 	.word	0x20012aa7

10004854 <usb_reset_interface_xfer_cb>:
10004854:	2001      	movs	r0, #1
10004856:	4770      	bx	lr

10004858 <usb_reset_interface_control_xfer_cb>:
10004858:	b510      	push	{r4, lr}
1000485a:	2901      	cmp	r1, #1
1000485c:	d001      	beq.n	10004862 <usb_reset_interface_control_xfer_cb+0xa>
1000485e:	2001      	movs	r0, #1
10004860:	bd10      	pop	{r4, pc}
10004862:	4914      	ldr	r1, [pc, #80]	@ (100048b4 <usb_reset_interface_control_xfer_cb+0x5c>)
10004864:	7953      	ldrb	r3, [r2, #5]
10004866:	7910      	ldrb	r0, [r2, #4]
10004868:	7809      	ldrb	r1, [r1, #0]
1000486a:	021b      	lsls	r3, r3, #8
1000486c:	4303      	orrs	r3, r0
1000486e:	2000      	movs	r0, #0
10004870:	4299      	cmp	r1, r3
10004872:	d1f5      	bne.n	10004860 <usb_reset_interface_control_xfer_cb+0x8>
10004874:	7853      	ldrb	r3, [r2, #1]
10004876:	2b01      	cmp	r3, #1
10004878:	d008      	beq.n	1000488c <usb_reset_interface_control_xfer_cb+0x34>
1000487a:	2b02      	cmp	r3, #2
1000487c:	d1f0      	bne.n	10004860 <usb_reset_interface_control_xfer_cb+0x8>
1000487e:	2000      	movs	r0, #0
10004880:	2264      	movs	r2, #100	@ 0x64
10004882:	2100      	movs	r1, #0
10004884:	f7fc fff6 	bl	10001874 <watchdog_reboot>
10004888:	2001      	movs	r0, #1
1000488a:	e7e9      	b.n	10004860 <usb_reset_interface_control_xfer_cb+0x8>
1000488c:	78d1      	ldrb	r1, [r2, #3]
1000488e:	7890      	ldrb	r0, [r2, #2]
10004890:	0209      	lsls	r1, r1, #8
10004892:	4301      	orrs	r1, r0
10004894:	2080      	movs	r0, #128	@ 0x80
10004896:	000a      	movs	r2, r1
10004898:	0040      	lsls	r0, r0, #1
1000489a:	4002      	ands	r2, r0
1000489c:	4201      	tst	r1, r0
1000489e:	d006      	beq.n	100048ae <usb_reset_interface_control_xfer_cb+0x56>
100048a0:	09ca      	lsrs	r2, r1, #7
100048a2:	401a      	ands	r2, r3
100048a4:	0a48      	lsrs	r0, r1, #9
100048a6:	2303      	movs	r3, #3
100048a8:	4019      	ands	r1, r3
100048aa:	f7fd f86b 	bl	10001984 <rom_reset_usb_boot_extra>
100048ae:	2001      	movs	r0, #1
100048b0:	4240      	negs	r0, r0
100048b2:	e7f8      	b.n	100048a6 <usb_reset_interface_control_xfer_cb+0x4e>
100048b4:	20012aa7 	.word	0x20012aa7

100048b8 <tud_descriptor_bos_cb>:
100048b8:	4800      	ldr	r0, [pc, #0]	@ (100048bc <tud_descriptor_bos_cb+0x4>)
100048ba:	4770      	bx	lr
100048bc:	1000aaf8 	.word	0x1000aaf8

100048c0 <tud_vendor_control_xfer_cb>:
100048c0:	b570      	push	{r4, r5, r6, lr}
100048c2:	0005      	movs	r5, r0
100048c4:	0014      	movs	r4, r2
100048c6:	2001      	movs	r0, #1
100048c8:	2901      	cmp	r1, #1
100048ca:	d109      	bne.n	100048e0 <tud_vendor_control_xfer_cb+0x20>
100048cc:	7853      	ldrb	r3, [r2, #1]
100048ce:	2000      	movs	r0, #0
100048d0:	2b01      	cmp	r3, #1
100048d2:	d105      	bne.n	100048e0 <tud_vendor_control_xfer_cb+0x20>
100048d4:	7963      	ldrb	r3, [r4, #5]
100048d6:	7912      	ldrb	r2, [r2, #4]
100048d8:	021b      	lsls	r3, r3, #8
100048da:	4313      	orrs	r3, r2
100048dc:	2b07      	cmp	r3, #7
100048de:	d000      	beq.n	100048e2 <tud_vendor_control_xfer_cb+0x22>
100048e0:	bd70      	pop	{r4, r5, r6, pc}
100048e2:	0021      	movs	r1, r4
100048e4:	0028      	movs	r0, r5
100048e6:	4a02      	ldr	r2, [pc, #8]	@ (100048f0 <tud_vendor_control_xfer_cb+0x30>)
100048e8:	339f      	adds	r3, #159	@ 0x9f
100048ea:	f000 fee9 	bl	100056c0 <tud_control_xfer>
100048ee:	e7f7      	b.n	100048e0 <tud_vendor_control_xfer_cb+0x20>
100048f0:	1000aa50 	.word	0x1000aa50

100048f4 <usbd_app_driver_get_cb>:
100048f4:	2301      	movs	r3, #1
100048f6:	7003      	strb	r3, [r0, #0]
100048f8:	4800      	ldr	r0, [pc, #0]	@ (100048fc <usbd_app_driver_get_cb+0x8>)
100048fa:	4770      	bx	lr
100048fc:	1000ab1c 	.word	0x1000ab1c

10004900 <tud_cdc_line_coding_cb>:
10004900:	784b      	ldrb	r3, [r1, #1]
10004902:	780a      	ldrb	r2, [r1, #0]
10004904:	021b      	lsls	r3, r3, #8
10004906:	4313      	orrs	r3, r2
10004908:	788a      	ldrb	r2, [r1, #2]
1000490a:	b510      	push	{r4, lr}
1000490c:	0412      	lsls	r2, r2, #16
1000490e:	431a      	orrs	r2, r3
10004910:	78cb      	ldrb	r3, [r1, #3]
10004912:	061b      	lsls	r3, r3, #24
10004914:	4313      	orrs	r3, r2
10004916:	2296      	movs	r2, #150	@ 0x96
10004918:	00d2      	lsls	r2, r2, #3
1000491a:	4293      	cmp	r3, r2
1000491c:	d000      	beq.n	10004920 <tud_cdc_line_coding_cb+0x20>
1000491e:	bd10      	pop	{r4, pc}
10004920:	2200      	movs	r2, #0
10004922:	2001      	movs	r0, #1
10004924:	0011      	movs	r1, r2
10004926:	4240      	negs	r0, r0
10004928:	f7fd f82c 	bl	10001984 <rom_reset_usb_boot_extra>

1000492c <dcd_init>:
1000492c:	b5f8      	push	{r3, r4, r5, r6, r7, lr}
1000492e:	f000 f935 	bl	10004b9c <rp2040_usb_init>
10004932:	230c      	movs	r3, #12
10004934:	4d19      	ldr	r5, [pc, #100]	@ (1000499c <dcd_init+0x70>)
10004936:	22ff      	movs	r2, #255	@ 0xff
10004938:	67ab      	str	r3, [r5, #120]	@ 0x78
1000493a:	2005      	movs	r0, #5
1000493c:	4918      	ldr	r1, [pc, #96]	@ (100049a0 <dcd_init+0x74>)
1000493e:	f7fc f84f 	bl	100009e0 <irq_add_shared_handler>
10004942:	4c18      	ldr	r4, [pc, #96]	@ (100049a4 <dcd_init+0x78>)
10004944:	2240      	movs	r2, #64	@ 0x40
10004946:	2100      	movs	r1, #0
10004948:	0020      	movs	r0, r4
1000494a:	f7fd fe13 	bl	10002574 <__wrap_memset>
1000494e:	2740      	movs	r7, #64	@ 0x40
10004950:	2300      	movs	r3, #0
10004952:	2601      	movs	r6, #1
10004954:	2121      	movs	r1, #33	@ 0x21
10004956:	4a14      	ldr	r2, [pc, #80]	@ (100049a8 <dcd_init+0x7c>)
10004958:	7066      	strb	r6, [r4, #1]
1000495a:	8327      	strh	r7, [r4, #24]
1000495c:	60a2      	str	r2, [r4, #8]
1000495e:	6013      	str	r3, [r2, #0]
10004960:	5463      	strb	r3, [r4, r1]
10004962:	315f      	adds	r1, #95	@ 0x5f
10004964:	8461      	strh	r1, [r4, #34]	@ 0x22
10004966:	3945      	subs	r1, #69	@ 0x45
10004968:	5463      	strb	r3, [r4, r1]
1000496a:	4a10      	ldr	r2, [pc, #64]	@ (100049ac <dcd_init+0x80>)
1000496c:	4910      	ldr	r1, [pc, #64]	@ (100049b0 <dcd_init+0x84>)
1000496e:	6063      	str	r3, [r4, #4]
10004970:	60e2      	str	r2, [r4, #12]
10004972:	8727      	strh	r7, [r4, #56]	@ 0x38
10004974:	62a1      	str	r1, [r4, #40]	@ 0x28
10004976:	600b      	str	r3, [r1, #0]
10004978:	6263      	str	r3, [r4, #36]	@ 0x24
1000497a:	62e2      	str	r2, [r4, #44]	@ 0x2c
1000497c:	f005 fbc0 	bl	1000a100 <__reset_non_control_endpoints_veneer>
10004980:	2380      	movs	r3, #128	@ 0x80
10004982:	059b      	lsls	r3, r3, #22
10004984:	642e      	str	r6, [r5, #64]	@ 0x40
10004986:	64eb      	str	r3, [r5, #76]	@ 0x4c
10004988:	2390      	movs	r3, #144	@ 0x90
1000498a:	4a0a      	ldr	r2, [pc, #40]	@ (100049b4 <dcd_init+0x88>)
1000498c:	2001      	movs	r0, #1
1000498e:	50ea      	str	r2, [r5, r3]
10004990:	2280      	movs	r2, #128	@ 0x80
10004992:	4b09      	ldr	r3, [pc, #36]	@ (100049b8 <dcd_init+0x8c>)
10004994:	0252      	lsls	r2, r2, #9
10004996:	64da      	str	r2, [r3, #76]	@ 0x4c
10004998:	bdf8      	pop	{r3, r4, r5, r6, r7, pc}
1000499a:	46c0      	nop			@ (mov r8, r8)
1000499c:	50110000 	.word	0x50110000
100049a0:	200004e1 	.word	0x200004e1
100049a4:	20001e90 	.word	0x20001e90
100049a8:	50100084 	.word	0x50100084
100049ac:	50100100 	.word	0x50100100
100049b0:	50100080 	.word	0x50100080
100049b4:	0001d010 	.word	0x0001d010
100049b8:	50112000 	.word	0x50112000

100049bc <dcd_int_enable>:
100049bc:	b510      	push	{r4, lr}
100049be:	2101      	movs	r1, #1
100049c0:	2005      	movs	r0, #5
100049c2:	f7fb ffab 	bl	1000091c <irq_set_enabled>
100049c6:	bd10      	pop	{r4, pc}

100049c8 <dcd_set_address>:
100049c8:	b510      	push	{r4, lr}
100049ca:	2200      	movs	r2, #0
100049cc:	2100      	movs	r1, #0
100049ce:	4802      	ldr	r0, [pc, #8]	@ (100049d8 <dcd_set_address+0x10>)
100049d0:	f000 f904 	bl	10004bdc <hw_endpoint_xfer_start>
100049d4:	bd10      	pop	{r4, pc}
100049d6:	46c0      	nop			@ (mov r8, r8)
100049d8:	20001eb0 	.word	0x20001eb0

100049dc <dcd_sof_enable>:
100049dc:	4b04      	ldr	r3, [pc, #16]	@ (100049f0 <dcd_sof_enable+0x14>)
100049de:	7019      	strb	r1, [r3, #0]
100049e0:	2900      	cmp	r1, #0
100049e2:	d004      	beq.n	100049ee <dcd_sof_enable+0x12>
100049e4:	2180      	movs	r1, #128	@ 0x80
100049e6:	2390      	movs	r3, #144	@ 0x90
100049e8:	4a02      	ldr	r2, [pc, #8]	@ (100049f4 <dcd_sof_enable+0x18>)
100049ea:	0289      	lsls	r1, r1, #10
100049ec:	50d1      	str	r1, [r2, r3]
100049ee:	4770      	bx	lr
100049f0:	20012aa2 	.word	0x20012aa2
100049f4:	50112000 	.word	0x50112000

100049f8 <dcd_edpt0_status_complete>:
100049f8:	780b      	ldrb	r3, [r1, #0]
100049fa:	065b      	lsls	r3, r3, #25
100049fc:	d102      	bne.n	10004a04 <dcd_edpt0_status_complete+0xc>
100049fe:	784b      	ldrb	r3, [r1, #1]
10004a00:	2b05      	cmp	r3, #5
10004a02:	d000      	beq.n	10004a06 <dcd_edpt0_status_complete+0xe>
10004a04:	4770      	bx	lr
10004a06:	788a      	ldrb	r2, [r1, #2]
10004a08:	4b01      	ldr	r3, [pc, #4]	@ (10004a10 <dcd_edpt0_status_complete+0x18>)
10004a0a:	601a      	str	r2, [r3, #0]
10004a0c:	e7fa      	b.n	10004a04 <dcd_edpt0_status_complete+0xc>
10004a0e:	46c0      	nop			@ (mov r8, r8)
10004a10:	50110000 	.word	0x50110000

10004a14 <dcd_edpt_open>:
10004a14:	b5f0      	push	{r4, r5, r6, r7, lr}
10004a16:	46c6      	mov	lr, r8
10004a18:	78cb      	ldrb	r3, [r1, #3]
10004a1a:	b500      	push	{lr}
10004a1c:	079b      	lsls	r3, r3, #30
10004a1e:	0f9c      	lsrs	r4, r3, #30
10004a20:	0020      	movs	r0, r4
10004a22:	2c01      	cmp	r4, #1
10004a24:	d056      	beq.n	10004ad4 <dcd_edpt_open+0xc0>
10004a26:	788d      	ldrb	r5, [r1, #2]
10004a28:	790a      	ldrb	r2, [r1, #4]
10004a2a:	794b      	ldrb	r3, [r1, #5]
10004a2c:	217f      	movs	r1, #127	@ 0x7f
10004a2e:	021b      	lsls	r3, r3, #8
10004a30:	4029      	ands	r1, r5
10004a32:	09ee      	lsrs	r6, r5, #7
10004a34:	4313      	orrs	r3, r2
10004a36:	004a      	lsls	r2, r1, #1
10004a38:	4694      	mov	ip, r2
10004a3a:	4f2c      	ldr	r7, [pc, #176]	@ (10004aec <dcd_edpt_open+0xd8>)
10004a3c:	1992      	adds	r2, r2, r6
10004a3e:	0152      	lsls	r2, r2, #5
10004a40:	18ba      	adds	r2, r7, r2
10004a42:	7095      	strb	r5, [r2, #2]
10004a44:	2501      	movs	r5, #1
10004a46:	4075      	eors	r5, r6
10004a48:	7055      	strb	r5, [r2, #1]
10004a4a:	2500      	movs	r5, #0
10004a4c:	055b      	lsls	r3, r3, #21
10004a4e:	0d5b      	lsrs	r3, r3, #21
10004a50:	70d5      	strb	r5, [r2, #3]
10004a52:	8313      	strh	r3, [r2, #24]
10004a54:	76d4      	strb	r4, [r2, #27]
10004a56:	00ca      	lsls	r2, r1, #3
10004a58:	2e01      	cmp	r6, #1
10004a5a:	d02b      	beq.n	10004ab4 <dcd_edpt_open+0xa0>
10004a5c:	4c24      	ldr	r4, [pc, #144]	@ (10004af0 <dcd_edpt_open+0xdc>)
10004a5e:	46a0      	mov	r8, r4
10004a60:	018c      	lsls	r4, r1, #6
10004a62:	4442      	add	r2, r8
10004a64:	193c      	adds	r4, r7, r4
10004a66:	60a2      	str	r2, [r4, #8]
10004a68:	6015      	str	r5, [r2, #0]
10004a6a:	2900      	cmp	r1, #0
10004a6c:	d02b      	beq.n	10004ac6 <dcd_edpt_open+0xb2>
10004a6e:	4a21      	ldr	r2, [pc, #132]	@ (10004af4 <dcd_edpt_open+0xe0>)
10004a70:	00c9      	lsls	r1, r1, #3
10004a72:	4690      	mov	r8, r2
10004a74:	4441      	add	r1, r8
10004a76:	6061      	str	r1, [r4, #4]
10004a78:	223f      	movs	r2, #63	@ 0x3f
10004a7a:	333f      	adds	r3, #63	@ 0x3f
10004a7c:	4393      	bics	r3, r2
10004a7e:	2802      	cmp	r0, #2
10004a80:	d030      	beq.n	10004ae4 <dcd_edpt_open+0xd0>
10004a82:	0032      	movs	r2, r6
10004a84:	4c1c      	ldr	r4, [pc, #112]	@ (10004af8 <dcd_edpt_open+0xe4>)
10004a86:	4462      	add	r2, ip
10004a88:	6821      	ldr	r1, [r4, #0]
10004a8a:	0152      	lsls	r2, r2, #5
10004a8c:	18bf      	adds	r7, r7, r2
10004a8e:	4a1b      	ldr	r2, [pc, #108]	@ (10004afc <dcd_edpt_open+0xe8>)
10004a90:	18cb      	adds	r3, r1, r3
10004a92:	60f9      	str	r1, [r7, #12]
10004a94:	6023      	str	r3, [r4, #0]
10004a96:	4293      	cmp	r3, r2
10004a98:	d826      	bhi.n	10004ae8 <dcd_edpt_open+0xd4>
10004a9a:	4a19      	ldr	r2, [pc, #100]	@ (10004b00 <dcd_edpt_open+0xec>)
10004a9c:	0683      	lsls	r3, r0, #26
10004a9e:	404a      	eors	r2, r1
10004aa0:	4313      	orrs	r3, r2
10004aa2:	2280      	movs	r2, #128	@ 0x80
10004aa4:	0612      	lsls	r2, r2, #24
10004aa6:	4313      	orrs	r3, r2
10004aa8:	687a      	ldr	r2, [r7, #4]
10004aaa:	6013      	str	r3, [r2, #0]
10004aac:	2001      	movs	r0, #1
10004aae:	bc80      	pop	{r7}
10004ab0:	46b8      	mov	r8, r7
10004ab2:	bdf0      	pop	{r4, r5, r6, r7, pc}
10004ab4:	4c13      	ldr	r4, [pc, #76]	@ (10004b04 <dcd_edpt_open+0xf0>)
10004ab6:	46a0      	mov	r8, r4
10004ab8:	018c      	lsls	r4, r1, #6
10004aba:	4442      	add	r2, r8
10004abc:	193c      	adds	r4, r7, r4
10004abe:	62a2      	str	r2, [r4, #40]	@ 0x28
10004ac0:	6015      	str	r5, [r2, #0]
10004ac2:	2900      	cmp	r1, #0
10004ac4:	d108      	bne.n	10004ad8 <dcd_edpt_open+0xc4>
10004ac6:	2300      	movs	r3, #0
10004ac8:	0176      	lsls	r6, r6, #5
10004aca:	19be      	adds	r6, r7, r6
10004acc:	6073      	str	r3, [r6, #4]
10004ace:	4b0e      	ldr	r3, [pc, #56]	@ (10004b08 <dcd_edpt_open+0xf4>)
10004ad0:	60f3      	str	r3, [r6, #12]
10004ad2:	e7eb      	b.n	10004aac <dcd_edpt_open+0x98>
10004ad4:	2000      	movs	r0, #0
10004ad6:	e7ea      	b.n	10004aae <dcd_edpt_open+0x9a>
10004ad8:	4a09      	ldr	r2, [pc, #36]	@ (10004b00 <dcd_edpt_open+0xec>)
10004ada:	00c9      	lsls	r1, r1, #3
10004adc:	4690      	mov	r8, r2
10004ade:	4441      	add	r1, r8
10004ae0:	6261      	str	r1, [r4, #36]	@ 0x24
10004ae2:	e7c9      	b.n	10004a78 <dcd_edpt_open+0x64>
10004ae4:	005b      	lsls	r3, r3, #1
10004ae6:	e7cc      	b.n	10004a82 <dcd_edpt_open+0x6e>
10004ae8:	f7fc ff76 	bl	100019d8 <hard_assertion_failure>
10004aec:	20001e90 	.word	0x20001e90
10004af0:	50100084 	.word	0x50100084
10004af4:	50100004 	.word	0x50100004
10004af8:	20002298 	.word	0x20002298
10004afc:	50100fff 	.word	0x50100fff
10004b00:	50100000 	.word	0x50100000
10004b04:	50100080 	.word	0x50100080
10004b08:	50100100 	.word	0x50100100

10004b0c <dcd_edpt_close_all>:
10004b0c:	b510      	push	{r4, lr}
10004b0e:	f005 faf7 	bl	1000a100 <__reset_non_control_endpoints_veneer>
10004b12:	bd10      	pop	{r4, pc}

10004b14 <dcd_edpt_xfer>:
10004b14:	b510      	push	{r4, lr}
10004b16:	207f      	movs	r0, #127	@ 0x7f
10004b18:	000c      	movs	r4, r1
10004b1a:	4020      	ands	r0, r4
10004b1c:	0040      	lsls	r0, r0, #1
10004b1e:	09e4      	lsrs	r4, r4, #7
10004b20:	0011      	movs	r1, r2
10004b22:	1900      	adds	r0, r0, r4
10004b24:	001a      	movs	r2, r3
10004b26:	4b03      	ldr	r3, [pc, #12]	@ (10004b34 <dcd_edpt_xfer+0x20>)
10004b28:	0140      	lsls	r0, r0, #5
10004b2a:	18c0      	adds	r0, r0, r3
10004b2c:	f000 f856 	bl	10004bdc <hw_endpoint_xfer_start>
10004b30:	2001      	movs	r0, #1
10004b32:	bd10      	pop	{r4, pc}
10004b34:	20001e90 	.word	0x20001e90

10004b38 <dcd_edpt_stall>:
10004b38:	237f      	movs	r3, #127	@ 0x7f
10004b3a:	0018      	movs	r0, r3
10004b3c:	b510      	push	{r4, lr}
10004b3e:	4008      	ands	r0, r1
10004b40:	09ca      	lsrs	r2, r1, #7
10004b42:	420b      	tst	r3, r1
10004b44:	d103      	bne.n	10004b4e <dcd_edpt_stall+0x16>
10004b46:	4907      	ldr	r1, [pc, #28]	@ (10004b64 <dcd_edpt_stall+0x2c>)
10004b48:	3b7d      	subs	r3, #125	@ 0x7d
10004b4a:	1a9b      	subs	r3, r3, r2
10004b4c:	668b      	str	r3, [r1, #104]	@ 0x68
10004b4e:	0040      	lsls	r0, r0, #1
10004b50:	1880      	adds	r0, r0, r2
10004b52:	2280      	movs	r2, #128	@ 0x80
10004b54:	4b04      	ldr	r3, [pc, #16]	@ (10004b68 <dcd_edpt_stall+0x30>)
10004b56:	0140      	lsls	r0, r0, #5
10004b58:	2100      	movs	r1, #0
10004b5a:	18c0      	adds	r0, r0, r3
10004b5c:	0112      	lsls	r2, r2, #4
10004b5e:	f005 faef 	bl	1000a140 <___hw_endpoint_buffer_control_update32_veneer>
10004b62:	bd10      	pop	{r4, pc}
10004b64:	50112000 	.word	0x50112000
10004b68:	20001e90 	.word	0x20001e90

10004b6c <dcd_edpt_clear_stall>:
10004b6c:	227f      	movs	r2, #127	@ 0x7f
10004b6e:	0013      	movs	r3, r2
10004b70:	b510      	push	{r4, lr}
10004b72:	400b      	ands	r3, r1
10004b74:	420a      	tst	r2, r1
10004b76:	d100      	bne.n	10004b7a <dcd_edpt_clear_stall+0xe>
10004b78:	bd10      	pop	{r4, pc}
10004b7a:	09c9      	lsrs	r1, r1, #7
10004b7c:	005b      	lsls	r3, r3, #1
10004b7e:	185b      	adds	r3, r3, r1
10004b80:	4804      	ldr	r0, [pc, #16]	@ (10004b94 <dcd_edpt_clear_stall+0x28>)
10004b82:	015b      	lsls	r3, r3, #5
10004b84:	18c0      	adds	r0, r0, r3
10004b86:	2300      	movs	r3, #0
10004b88:	2200      	movs	r2, #0
10004b8a:	4903      	ldr	r1, [pc, #12]	@ (10004b98 <dcd_edpt_clear_stall+0x2c>)
10004b8c:	70c3      	strb	r3, [r0, #3]
10004b8e:	f005 fad7 	bl	1000a140 <___hw_endpoint_buffer_control_update32_veneer>
10004b92:	e7f1      	b.n	10004b78 <dcd_edpt_clear_stall+0xc>
10004b94:	20001e90 	.word	0x20001e90
10004b98:	fffff7ff 	.word	0xfffff7ff

10004b9c <rp2040_usb_init>:
10004b9c:	2280      	movs	r2, #128	@ 0x80
10004b9e:	4b0a      	ldr	r3, [pc, #40]	@ (10004bc8 <rp2040_usb_init+0x2c>)
10004ba0:	0452      	lsls	r2, r2, #17
10004ba2:	b510      	push	{r4, lr}
10004ba4:	601a      	str	r2, [r3, #0]
10004ba6:	4b09      	ldr	r3, [pc, #36]	@ (10004bcc <rp2040_usb_init+0x30>)
10004ba8:	4909      	ldr	r1, [pc, #36]	@ (10004bd0 <rp2040_usb_init+0x34>)
10004baa:	601a      	str	r2, [r3, #0]
10004bac:	0010      	movs	r0, r2
10004bae:	680b      	ldr	r3, [r1, #0]
10004bb0:	4398      	bics	r0, r3
10004bb2:	d1fb      	bne.n	10004bac <rp2040_usb_init+0x10>
10004bb4:	2280      	movs	r2, #128	@ 0x80
10004bb6:	2100      	movs	r1, #0
10004bb8:	0152      	lsls	r2, r2, #5
10004bba:	4806      	ldr	r0, [pc, #24]	@ (10004bd4 <rp2040_usb_init+0x38>)
10004bbc:	f7fd fcda 	bl	10002574 <__wrap_memset>
10004bc0:	2209      	movs	r2, #9
10004bc2:	4b05      	ldr	r3, [pc, #20]	@ (10004bd8 <rp2040_usb_init+0x3c>)
10004bc4:	675a      	str	r2, [r3, #116]	@ 0x74
10004bc6:	bd10      	pop	{r4, pc}
10004bc8:	4000e000 	.word	0x4000e000
10004bcc:	4000f000 	.word	0x4000f000
10004bd0:	4000c008 	.word	0x4000c008
10004bd4:	50100000 	.word	0x50100000
10004bd8:	50110000 	.word	0x50110000

10004bdc <hw_endpoint_xfer_start>:
10004bdc:	2300      	movs	r3, #0
10004bde:	b510      	push	{r4, lr}
10004be0:	82c3      	strh	r3, [r0, #22]
10004be2:	3301      	adds	r3, #1
10004be4:	8282      	strh	r2, [r0, #20]
10004be6:	7683      	strb	r3, [r0, #26]
10004be8:	6101      	str	r1, [r0, #16]
10004bea:	0004      	movs	r4, r0
10004bec:	f005 fa58 	bl	1000a0a0 <__e15_is_bulkin_ep_veneer>
10004bf0:	2800      	cmp	r0, #0
10004bf2:	d004      	beq.n	10004bfe <hw_endpoint_xfer_start+0x22>
10004bf4:	2180      	movs	r1, #128	@ 0x80
10004bf6:	2390      	movs	r3, #144	@ 0x90
10004bf8:	4a07      	ldr	r2, [pc, #28]	@ (10004c18 <hw_endpoint_xfer_start+0x3c>)
10004bfa:	0289      	lsls	r1, r1, #10
10004bfc:	50d1      	str	r1, [r2, r3]
10004bfe:	0020      	movs	r0, r4
10004c00:	f005 fa56 	bl	1000a0b0 <__e15_is_critical_frame_period_veneer>
10004c04:	2800      	cmp	r0, #0
10004c06:	d002      	beq.n	10004c0e <hw_endpoint_xfer_start+0x32>
10004c08:	2301      	movs	r3, #1
10004c0a:	7723      	strb	r3, [r4, #28]
10004c0c:	bd10      	pop	{r4, pc}
10004c0e:	0020      	movs	r0, r4
10004c10:	f005 fa8e 	bl	1000a130 <__hw_endpoint_start_next_buffer_veneer>
10004c14:	e7fa      	b.n	10004c0c <hw_endpoint_xfer_start+0x30>
10004c16:	46c0      	nop			@ (mov r8, r8)
10004c18:	50112000 	.word	0x50112000

10004c1c <tud_event_hook_cb>:
10004c1c:	4770      	bx	lr
10004c1e:	46c0      	nop			@ (mov r8, r8)

10004c20 <tud_sof_cb>:
10004c20:	4770      	bx	lr
10004c22:	46c0      	nop			@ (mov r8, r8)

10004c24 <tud_descriptor_device_qualifier_cb>:
10004c24:	2000      	movs	r0, #0
10004c26:	4770      	bx	lr

10004c28 <tud_descriptor_other_speed_configuration_cb>:
10004c28:	2000      	movs	r0, #0
10004c2a:	4770      	bx	lr

10004c2c <tud_mount_cb>:
10004c2c:	4770      	bx	lr
10004c2e:	46c0      	nop			@ (mov r8, r8)

10004c30 <tud_umount_cb>:
10004c30:	4770      	bx	lr
10004c32:	46c0      	nop			@ (mov r8, r8)

10004c34 <tud_suspend_cb>:
10004c34:	4770      	bx	lr
10004c36:	46c0      	nop			@ (mov r8, r8)

10004c38 <tud_resume_cb>:
10004c38:	4770      	bx	lr
10004c3a:	46c0      	nop			@ (mov r8, r8)

10004c3c <tud_mounted>:
10004c3c:	4b02      	ldr	r3, [pc, #8]	@ (10004c48 <tud_mounted+0xc>)
10004c3e:	7858      	ldrb	r0, [r3, #1]
10004c40:	1e43      	subs	r3, r0, #1
10004c42:	4198      	sbcs	r0, r3
10004c44:	b2c0      	uxtb	r0, r0
10004c46:	4770      	bx	lr
10004c48:	20001c04 	.word	0x20001c04

10004c4c <tud_suspended>:
10004c4c:	4b02      	ldr	r3, [pc, #8]	@ (10004c58 <tud_suspended+0xc>)
10004c4e:	7818      	ldrb	r0, [r3, #0]
10004c50:	0740      	lsls	r0, r0, #29
10004c52:	0fc0      	lsrs	r0, r0, #31
10004c54:	4770      	bx	lr
10004c56:	46c0      	nop			@ (mov r8, r8)
10004c58:	20001c04 	.word	0x20001c04

10004c5c <tud_rhport_init>:
10004c5c:	b5f0      	push	{r4, r5, r6, r7, lr}
10004c5e:	46d6      	mov	lr, sl
10004c60:	464f      	mov	r7, r9
10004c62:	4646      	mov	r6, r8
10004c64:	b5c0      	push	{r6, r7, lr}
10004c66:	4b2f      	ldr	r3, [pc, #188]	@ (10004d24 <tud_rhport_init+0xc8>)
10004c68:	0007      	movs	r7, r0
10004c6a:	469a      	mov	sl, r3
10004c6c:	781b      	ldrb	r3, [r3, #0]
10004c6e:	000e      	movs	r6, r1
10004c70:	2bff      	cmp	r3, #255	@ 0xff
10004c72:	d001      	beq.n	10004c78 <tud_rhport_init+0x1c>
10004c74:	2001      	movs	r0, #1
10004c76:	e041      	b.n	10004cfc <tud_rhport_init+0xa0>
10004c78:	2900      	cmp	r1, #0
10004c7a:	d03e      	beq.n	10004cfa <tud_rhport_init+0x9e>
10004c7c:	2100      	movs	r1, #0
10004c7e:	2254      	movs	r2, #84	@ 0x54
10004c80:	4829      	ldr	r0, [pc, #164]	@ (10004d28 <tud_rhport_init+0xcc>)
10004c82:	f7fd fc77 	bl	10002574 <__wrap_memset>
10004c86:	2200      	movs	r2, #0
10004c88:	4c28      	ldr	r4, [pc, #160]	@ (10004d2c <tud_rhport_init+0xd0>)
10004c8a:	4b29      	ldr	r3, [pc, #164]	@ (10004d30 <tud_rhport_init+0xd4>)
10004c8c:	0020      	movs	r0, r4
10004c8e:	701a      	strb	r2, [r3, #0]
10004c90:	f7fc f83e 	bl	10000d10 <mutex_init>
10004c94:	4b27      	ldr	r3, [pc, #156]	@ (10004d34 <tud_rhport_init+0xd8>)
10004c96:	601c      	str	r4, [r3, #0]
10004c98:	4c27      	ldr	r4, [pc, #156]	@ (10004d38 <tud_rhport_init+0xdc>)
10004c9a:	0020      	movs	r0, r4
10004c9c:	3c14      	subs	r4, #20
10004c9e:	f7fc f845 	bl	10000d2c <critical_section_init>
10004ca2:	0020      	movs	r0, r4
10004ca4:	f001 fbb6 	bl	10006414 <tu_fifo_clear>
10004ca8:	4b24      	ldr	r3, [pc, #144]	@ (10004d3c <tud_rhport_init+0xe0>)
10004caa:	4d25      	ldr	r5, [pc, #148]	@ (10004d40 <tud_rhport_init+0xe4>)
10004cac:	601c      	str	r4, [r3, #0]
10004cae:	4b25      	ldr	r3, [pc, #148]	@ (10004d44 <tud_rhport_init+0xe8>)
10004cb0:	2b00      	cmp	r3, #0
10004cb2:	d028      	beq.n	10004d06 <tud_rhport_init+0xaa>
10004cb4:	0028      	movs	r0, r5
10004cb6:	f7ff fe1d 	bl	100048f4 <usbd_app_driver_get_cb>
10004cba:	4b23      	ldr	r3, [pc, #140]	@ (10004d48 <tud_rhport_init+0xec>)
10004cbc:	6018      	str	r0, [r3, #0]
10004cbe:	782b      	ldrb	r3, [r5, #0]
10004cc0:	4a22      	ldr	r2, [pc, #136]	@ (10004d4c <tud_rhport_init+0xf0>)
10004cc2:	2400      	movs	r4, #0
10004cc4:	4691      	mov	r9, r2
10004cc6:	4a20      	ldr	r2, [pc, #128]	@ (10004d48 <tud_rhport_init+0xec>)
10004cc8:	4690      	mov	r8, r2
10004cca:	e00e      	b.n	10004cea <tud_rhport_init+0x8e>
10004ccc:	4643      	mov	r3, r8
10004cce:	681b      	ldr	r3, [r3, #0]
10004cd0:	0162      	lsls	r2, r4, #5
10004cd2:	189b      	adds	r3, r3, r2
10004cd4:	2b00      	cmp	r3, #0
10004cd6:	d010      	beq.n	10004cfa <tud_rhport_init+0x9e>
10004cd8:	685b      	ldr	r3, [r3, #4]
10004cda:	2b00      	cmp	r3, #0
10004cdc:	d00d      	beq.n	10004cfa <tud_rhport_init+0x9e>
10004cde:	4798      	blx	r3
10004ce0:	3401      	adds	r4, #1
10004ce2:	782b      	ldrb	r3, [r5, #0]
10004ce4:	b2e4      	uxtb	r4, r4
10004ce6:	42a3      	cmp	r3, r4
10004ce8:	d30f      	bcc.n	10004d0a <tud_rhport_init+0xae>
10004cea:	42a3      	cmp	r3, r4
10004cec:	d8ee      	bhi.n	10004ccc <tud_rhport_init+0x70>
10004cee:	1ae3      	subs	r3, r4, r3
10004cf0:	015b      	lsls	r3, r3, #5
10004cf2:	444b      	add	r3, r9
10004cf4:	685b      	ldr	r3, [r3, #4]
10004cf6:	2b00      	cmp	r3, #0
10004cf8:	d1f1      	bne.n	10004cde <tud_rhport_init+0x82>
10004cfa:	2000      	movs	r0, #0
10004cfc:	bce0      	pop	{r5, r6, r7}
10004cfe:	46ba      	mov	sl, r7
10004d00:	46b1      	mov	r9, r6
10004d02:	46a8      	mov	r8, r5
10004d04:	bdf0      	pop	{r4, r5, r6, r7, pc}
10004d06:	782b      	ldrb	r3, [r5, #0]
10004d08:	e7da      	b.n	10004cc0 <tud_rhport_init+0x64>
10004d0a:	4653      	mov	r3, sl
10004d0c:	0031      	movs	r1, r6
10004d0e:	0038      	movs	r0, r7
10004d10:	701f      	strb	r7, [r3, #0]
10004d12:	f7ff fe0b 	bl	1000492c <dcd_init>
10004d16:	2800      	cmp	r0, #0
10004d18:	d0ef      	beq.n	10004cfa <tud_rhport_init+0x9e>
10004d1a:	0038      	movs	r0, r7
10004d1c:	f7ff fe4e 	bl	100049bc <dcd_int_enable>
10004d20:	2001      	movs	r0, #1
10004d22:	e7eb      	b.n	10004cfc <tud_rhport_init+0xa0>
10004d24:	200010f4 	.word	0x200010f4
10004d28:	20001c04 	.word	0x20001c04
10004d2c:	20001bfc 	.word	0x20001bfc
10004d30:	20012aa3 	.word	0x20012aa3
10004d34:	20001c58 	.word	0x20001c58
10004d38:	200010ec 	.word	0x200010ec
10004d3c:	20001c5c 	.word	0x20001c5c
10004d40:	20012aa1 	.word	0x20012aa1
10004d44:	100048f5 	.word	0x100048f5
10004d48:	20001a54 	.word	0x20001a54
10004d4c:	1000abe4 	.word	0x1000abe4

10004d50 <tud_task_ext>:
10004d50:	b5f0      	push	{r4, r5, r6, r7, lr}
10004d52:	46de      	mov	lr, fp
10004d54:	4657      	mov	r7, sl
10004d56:	464e      	mov	r6, r9
10004d58:	4645      	mov	r5, r8
10004d5a:	b5e0      	push	{r5, r6, r7, lr}
10004d5c:	4bc9      	ldr	r3, [pc, #804]	@ (10005084 <tud_task_ext+0x334>)
10004d5e:	b091      	sub	sp, #68	@ 0x44
10004d60:	9303      	str	r3, [sp, #12]
10004d62:	781b      	ldrb	r3, [r3, #0]
10004d64:	2bff      	cmp	r3, #255	@ 0xff
10004d66:	d100      	bne.n	10004d6a <tud_task_ext+0x1a>
10004d68:	e145      	b.n	10004ff6 <tud_task_ext+0x2a6>
10004d6a:	4bc7      	ldr	r3, [pc, #796]	@ (10005088 <tud_task_ext+0x338>)
10004d6c:	4ec7      	ldr	r6, [pc, #796]	@ (1000508c <tud_task_ext+0x33c>)
10004d6e:	469b      	mov	fp, r3
10004d70:	465f      	mov	r7, fp
10004d72:	4bc7      	ldr	r3, [pc, #796]	@ (10005090 <tud_task_ext+0x340>)
10004d74:	ac0d      	add	r4, sp, #52	@ 0x34
10004d76:	9302      	str	r3, [sp, #8]
10004d78:	4bc6      	ldr	r3, [pc, #792]	@ (10005094 <tud_task_ext+0x344>)
10004d7a:	9301      	str	r3, [sp, #4]
10004d7c:	6835      	ldr	r5, [r6, #0]
10004d7e:	696a      	ldr	r2, [r5, #20]
10004d80:	f3ef 8110 	mrs	r1, PRIMASK
10004d84:	b672      	cpsid	i
10004d86:	6813      	ldr	r3, [r2, #0]
10004d88:	2b00      	cmp	r3, #0
10004d8a:	d0fc      	beq.n	10004d86 <tud_task_ext+0x36>
10004d8c:	f3bf 8f5f 	dmb	sy
10004d90:	61a9      	str	r1, [r5, #24]
10004d92:	0028      	movs	r0, r5
10004d94:	0021      	movs	r1, r4
10004d96:	f001 f96b 	bl	10006070 <tu_fifo_read>
10004d9a:	696a      	ldr	r2, [r5, #20]
10004d9c:	69ab      	ldr	r3, [r5, #24]
10004d9e:	f3bf 8f5f 	dmb	sy
10004da2:	2100      	movs	r1, #0
10004da4:	6011      	str	r1, [r2, #0]
10004da6:	f383 8810 	msr	PRIMASK, r3
10004daa:	2800      	cmp	r0, #0
10004dac:	d100      	bne.n	10004db0 <tud_task_ext+0x60>
10004dae:	e122      	b.n	10004ff6 <tud_task_ext+0x2a6>
10004db0:	7863      	ldrb	r3, [r4, #1]
10004db2:	2b08      	cmp	r3, #8
10004db4:	d8e2      	bhi.n	10004d7c <tud_task_ext+0x2c>
10004db6:	009b      	lsls	r3, r3, #2
10004db8:	58fb      	ldr	r3, [r7, r3]
10004dba:	469f      	mov	pc, r3
10004dbc:	6863      	ldr	r3, [r4, #4]
10004dbe:	2b00      	cmp	r3, #0
10004dc0:	d0dc      	beq.n	10004d7c <tud_task_ext+0x2c>
10004dc2:	68a0      	ldr	r0, [r4, #8]
10004dc4:	4798      	blx	r3
10004dc6:	e7d9      	b.n	10004d7c <tud_task_ext+0x2c>
10004dc8:	227f      	movs	r2, #127	@ 0x7f
10004dca:	7921      	ldrb	r1, [r4, #4]
10004dcc:	4db0      	ldr	r5, [pc, #704]	@ (10005090 <tud_task_ext+0x340>)
10004dce:	400a      	ands	r2, r1
10004dd0:	0053      	lsls	r3, r2, #1
10004dd2:	18eb      	adds	r3, r5, r3
10004dd4:	4698      	mov	r8, r3
10004dd6:	09c8      	lsrs	r0, r1, #7
10004dd8:	4480      	add	r8, r0
10004dda:	4640      	mov	r0, r8
10004ddc:	2301      	movs	r3, #1
10004dde:	3030      	adds	r0, #48	@ 0x30
10004de0:	7905      	ldrb	r5, [r0, #4]
10004de2:	439d      	bics	r5, r3
10004de4:	7105      	strb	r5, [r0, #4]
10004de6:	7905      	ldrb	r5, [r0, #4]
10004de8:	3303      	adds	r3, #3
10004dea:	439d      	bics	r5, r3
10004dec:	7105      	strb	r5, [r0, #4]
10004dee:	2a00      	cmp	r2, #0
10004df0:	d100      	bne.n	10004df4 <tud_task_ext+0xa4>
10004df2:	e107      	b.n	10005004 <tud_task_ext+0x2b4>
10004df4:	4643      	mov	r3, r8
10004df6:	4aa8      	ldr	r2, [pc, #672]	@ (10005098 <tud_task_ext+0x348>)
10004df8:	7d1b      	ldrb	r3, [r3, #20]
10004dfa:	7812      	ldrb	r2, [r2, #0]
10004dfc:	4293      	cmp	r3, r2
10004dfe:	d300      	bcc.n	10004e02 <tud_task_ext+0xb2>
10004e00:	e0f7      	b.n	10004ff2 <tud_task_ext+0x2a2>
10004e02:	4aa6      	ldr	r2, [pc, #664]	@ (1000509c <tud_task_ext+0x34c>)
10004e04:	015b      	lsls	r3, r3, #5
10004e06:	6815      	ldr	r5, [r2, #0]
10004e08:	18ed      	adds	r5, r5, r3
10004e0a:	2d00      	cmp	r5, #0
10004e0c:	d100      	bne.n	10004e10 <tud_task_ext+0xc0>
10004e0e:	e0f2      	b.n	10004ff6 <tud_task_ext+0x2a6>
10004e10:	68a3      	ldr	r3, [r4, #8]
10004e12:	7962      	ldrb	r2, [r4, #5]
10004e14:	7820      	ldrb	r0, [r4, #0]
10004e16:	69ad      	ldr	r5, [r5, #24]
10004e18:	47a8      	blx	r5
10004e1a:	e7af      	b.n	10004d7c <tud_task_ext+0x2c>
10004e1c:	4aa0      	ldr	r2, [pc, #640]	@ (100050a0 <tud_task_ext+0x350>)
10004e1e:	7813      	ldrb	r3, [r2, #0]
10004e20:	2b00      	cmp	r3, #0
10004e22:	d100      	bne.n	10004e26 <tud_task_ext+0xd6>
10004e24:	e0e7      	b.n	10004ff6 <tud_task_ext+0x2a6>
10004e26:	7813      	ldrb	r3, [r2, #0]
10004e28:	3b01      	subs	r3, #1
10004e2a:	b2db      	uxtb	r3, r3
10004e2c:	7013      	strb	r3, [r2, #0]
10004e2e:	7813      	ldrb	r3, [r2, #0]
10004e30:	2b00      	cmp	r3, #0
10004e32:	d1a3      	bne.n	10004d7c <tud_task_ext+0x2c>
10004e34:	2201      	movs	r2, #1
10004e36:	4d96      	ldr	r5, [pc, #600]	@ (10005090 <tud_task_ext+0x340>)
10004e38:	2101      	movs	r1, #1
10004e3a:	782b      	ldrb	r3, [r5, #0]
10004e3c:	2004      	movs	r0, #4
10004e3e:	4313      	orrs	r3, r2
10004e40:	702b      	strb	r3, [r5, #0]
10004e42:	2334      	movs	r3, #52	@ 0x34
10004e44:	5cea      	ldrb	r2, [r5, r3]
10004e46:	438a      	bics	r2, r1
10004e48:	54ea      	strb	r2, [r5, r3]
10004e4a:	5cea      	ldrb	r2, [r5, r3]
10004e4c:	4382      	bics	r2, r0
10004e4e:	54ea      	strb	r2, [r5, r3]
10004e50:	3301      	adds	r3, #1
10004e52:	5cea      	ldrb	r2, [r5, r3]
10004e54:	438a      	bics	r2, r1
10004e56:	54ea      	strb	r2, [r5, r3]
10004e58:	5cea      	ldrb	r2, [r5, r3]
10004e5a:	4382      	bics	r2, r0
10004e5c:	54ea      	strb	r2, [r5, r3]
10004e5e:	7823      	ldrb	r3, [r4, #0]
10004e60:	2000      	movs	r0, #0
10004e62:	469b      	mov	fp, r3
10004e64:	f000 fc8c 	bl	10005780 <usbd_control_set_complete_callback>
10004e68:	2260      	movs	r2, #96	@ 0x60
10004e6a:	7923      	ldrb	r3, [r4, #4]
10004e6c:	401a      	ands	r2, r3
10004e6e:	2a60      	cmp	r2, #96	@ 0x60
10004e70:	d100      	bne.n	10004e74 <tud_task_ext+0x124>
10004e72:	e0f2      	b.n	1000505a <tud_task_ext+0x30a>
10004e74:	2a40      	cmp	r2, #64	@ 0x40
10004e76:	d100      	bne.n	10004e7a <tud_task_ext+0x12a>
10004e78:	e0f8      	b.n	1000506c <tud_task_ext+0x31c>
10004e7a:	06db      	lsls	r3, r3, #27
10004e7c:	0edb      	lsrs	r3, r3, #27
10004e7e:	2b01      	cmp	r3, #1
10004e80:	d100      	bne.n	10004e84 <tud_task_ext+0x134>
10004e82:	e115      	b.n	100050b0 <tud_task_ext+0x360>
10004e84:	2b02      	cmp	r3, #2
10004e86:	d100      	bne.n	10004e8a <tud_task_ext+0x13a>
10004e88:	e0cb      	b.n	10005022 <tud_task_ext+0x2d2>
10004e8a:	2b00      	cmp	r3, #0
10004e8c:	d000      	beq.n	10004e90 <tud_task_ext+0x140>
10004e8e:	e0e4      	b.n	1000505a <tud_task_ext+0x30a>
10004e90:	2a20      	cmp	r2, #32
10004e92:	d100      	bne.n	10004e96 <tud_task_ext+0x146>
10004e94:	e20f      	b.n	100052b6 <tud_task_ext+0x566>
10004e96:	2a00      	cmp	r2, #0
10004e98:	d000      	beq.n	10004e9c <tud_task_ext+0x14c>
10004e9a:	e0de      	b.n	1000505a <tud_task_ext+0x30a>
10004e9c:	7963      	ldrb	r3, [r4, #5]
10004e9e:	2b09      	cmp	r3, #9
10004ea0:	d900      	bls.n	10004ea4 <tud_task_ext+0x154>
10004ea2:	e0da      	b.n	1000505a <tud_task_ext+0x30a>
10004ea4:	4a7f      	ldr	r2, [pc, #508]	@ (100050a4 <tud_task_ext+0x354>)
10004ea6:	009b      	lsls	r3, r3, #2
10004ea8:	58d3      	ldr	r3, [r2, r3]
10004eaa:	469f      	mov	pc, r3
10004eac:	4d78      	ldr	r5, [pc, #480]	@ (10005090 <tud_task_ext+0x340>)
10004eae:	782b      	ldrb	r3, [r5, #0]
10004eb0:	07db      	lsls	r3, r3, #31
10004eb2:	d400      	bmi.n	10004eb6 <tud_task_ext+0x166>
10004eb4:	e762      	b.n	10004d7c <tud_task_ext+0x2c>
10004eb6:	f7ff febf 	bl	10004c38 <tud_resume_cb>
10004eba:	e75f      	b.n	10004d7c <tud_task_ext+0x2c>
10004ebc:	9b02      	ldr	r3, [sp, #8]
10004ebe:	78db      	ldrb	r3, [r3, #3]
10004ec0:	07db      	lsls	r3, r3, #31
10004ec2:	d400      	bmi.n	10004ec6 <tud_task_ext+0x176>
10004ec4:	e75a      	b.n	10004d7c <tud_task_ext+0x2c>
10004ec6:	6860      	ldr	r0, [r4, #4]
10004ec8:	f7ff feaa 	bl	10004c20 <tud_sof_cb>
10004ecc:	e756      	b.n	10004d7c <tud_task_ext+0x2c>
10004ece:	4d70      	ldr	r5, [pc, #448]	@ (10005090 <tud_task_ext+0x340>)
10004ed0:	782b      	ldrb	r3, [r5, #0]
10004ed2:	07db      	lsls	r3, r3, #31
10004ed4:	d400      	bmi.n	10004ed8 <tud_task_ext+0x188>
10004ed6:	e751      	b.n	10004d7c <tud_task_ext+0x2c>
10004ed8:	7828      	ldrb	r0, [r5, #0]
10004eda:	0700      	lsls	r0, r0, #28
10004edc:	0fc0      	lsrs	r0, r0, #31
10004ede:	f7ff fea9 	bl	10004c34 <tud_suspend_cb>
10004ee2:	e74b      	b.n	10004d7c <tud_task_ext+0x2c>
10004ee4:	7823      	ldrb	r3, [r4, #0]
10004ee6:	4a6b      	ldr	r2, [pc, #428]	@ (10005094 <tud_task_ext+0x344>)
10004ee8:	4699      	mov	r9, r3
10004eea:	4693      	mov	fp, r2
10004eec:	4b6a      	ldr	r3, [pc, #424]	@ (10005098 <tud_task_ext+0x348>)
10004eee:	4a6b      	ldr	r2, [pc, #428]	@ (1000509c <tud_task_ext+0x34c>)
10004ef0:	4698      	mov	r8, r3
10004ef2:	4692      	mov	sl, r2
10004ef4:	003a      	movs	r2, r7
10004ef6:	2500      	movs	r5, #0
10004ef8:	4647      	mov	r7, r8
10004efa:	781b      	ldrb	r3, [r3, #0]
10004efc:	46b0      	mov	r8, r6
10004efe:	464e      	mov	r6, r9
10004f00:	4691      	mov	r9, r2
10004f02:	e00e      	b.n	10004f22 <tud_task_ext+0x1d2>
10004f04:	4653      	mov	r3, sl
10004f06:	681b      	ldr	r3, [r3, #0]
10004f08:	016a      	lsls	r2, r5, #5
10004f0a:	189b      	adds	r3, r3, r2
10004f0c:	2b00      	cmp	r3, #0
10004f0e:	d100      	bne.n	10004f12 <tud_task_ext+0x1c2>
10004f10:	e07e      	b.n	10005010 <tud_task_ext+0x2c0>
10004f12:	68db      	ldr	r3, [r3, #12]
10004f14:	0030      	movs	r0, r6
10004f16:	4798      	blx	r3
10004f18:	3501      	adds	r5, #1
10004f1a:	783b      	ldrb	r3, [r7, #0]
10004f1c:	b2ed      	uxtb	r5, r5
10004f1e:	42ab      	cmp	r3, r5
10004f20:	d30c      	bcc.n	10004f3c <tud_task_ext+0x1ec>
10004f22:	42ab      	cmp	r3, r5
10004f24:	d8ee      	bhi.n	10004f04 <tud_task_ext+0x1b4>
10004f26:	1aeb      	subs	r3, r5, r3
10004f28:	015b      	lsls	r3, r3, #5
10004f2a:	445b      	add	r3, fp
10004f2c:	68db      	ldr	r3, [r3, #12]
10004f2e:	0030      	movs	r0, r6
10004f30:	4798      	blx	r3
10004f32:	3501      	adds	r5, #1
10004f34:	783b      	ldrb	r3, [r7, #0]
10004f36:	b2ed      	uxtb	r5, r5
10004f38:	42ab      	cmp	r3, r5
10004f3a:	d2f2      	bcs.n	10004f22 <tud_task_ext+0x1d2>
10004f3c:	4d54      	ldr	r5, [pc, #336]	@ (10005090 <tud_task_ext+0x340>)
10004f3e:	2254      	movs	r2, #84	@ 0x54
10004f40:	2100      	movs	r1, #0
10004f42:	0028      	movs	r0, r5
10004f44:	f7fd fb16 	bl	10002574 <__wrap_memset>
10004f48:	2210      	movs	r2, #16
10004f4a:	21ff      	movs	r1, #255	@ 0xff
10004f4c:	1d28      	adds	r0, r5, #4
10004f4e:	f7fd fb11 	bl	10002574 <__wrap_memset>
10004f52:	0028      	movs	r0, r5
10004f54:	2220      	movs	r2, #32
10004f56:	21ff      	movs	r1, #255	@ 0xff
10004f58:	3014      	adds	r0, #20
10004f5a:	4646      	mov	r6, r8
10004f5c:	464f      	mov	r7, r9
10004f5e:	f7fd fb09 	bl	10002574 <__wrap_memset>
10004f62:	f000 fc03 	bl	1000576c <usbd_control_reset>
10004f66:	7923      	ldrb	r3, [r4, #4]
10004f68:	70ab      	strb	r3, [r5, #2]
10004f6a:	e707      	b.n	10004d7c <tud_task_ext+0x2c>
10004f6c:	7823      	ldrb	r3, [r4, #0]
10004f6e:	4a4b      	ldr	r2, [pc, #300]	@ (1000509c <tud_task_ext+0x34c>)
10004f70:	4699      	mov	r9, r3
10004f72:	4b49      	ldr	r3, [pc, #292]	@ (10005098 <tud_task_ext+0x348>)
10004f74:	4692      	mov	sl, r2
10004f76:	4698      	mov	r8, r3
10004f78:	0032      	movs	r2, r6
10004f7a:	46bb      	mov	fp, r7
10004f7c:	464e      	mov	r6, r9
10004f7e:	2500      	movs	r5, #0
10004f80:	4647      	mov	r7, r8
10004f82:	4691      	mov	r9, r2
10004f84:	781b      	ldrb	r3, [r3, #0]
10004f86:	e00d      	b.n	10004fa4 <tud_task_ext+0x254>
10004f88:	4653      	mov	r3, sl
10004f8a:	681b      	ldr	r3, [r3, #0]
10004f8c:	016a      	lsls	r2, r5, #5
10004f8e:	189b      	adds	r3, r3, r2
10004f90:	2b00      	cmp	r3, #0
10004f92:	d041      	beq.n	10005018 <tud_task_ext+0x2c8>
10004f94:	68db      	ldr	r3, [r3, #12]
10004f96:	0030      	movs	r0, r6
10004f98:	4798      	blx	r3
10004f9a:	3501      	adds	r5, #1
10004f9c:	783b      	ldrb	r3, [r7, #0]
10004f9e:	b2ed      	uxtb	r5, r5
10004fa0:	42ab      	cmp	r3, r5
10004fa2:	d30e      	bcc.n	10004fc2 <tud_task_ext+0x272>
10004fa4:	429d      	cmp	r5, r3
10004fa6:	d3ef      	bcc.n	10004f88 <tud_task_ext+0x238>
10004fa8:	9a01      	ldr	r2, [sp, #4]
10004faa:	1aeb      	subs	r3, r5, r3
10004fac:	4694      	mov	ip, r2
10004fae:	015b      	lsls	r3, r3, #5
10004fb0:	4463      	add	r3, ip
10004fb2:	68db      	ldr	r3, [r3, #12]
10004fb4:	0030      	movs	r0, r6
10004fb6:	4798      	blx	r3
10004fb8:	3501      	adds	r5, #1
10004fba:	783b      	ldrb	r3, [r7, #0]
10004fbc:	b2ed      	uxtb	r5, r5
10004fbe:	42ab      	cmp	r3, r5
10004fc0:	d2f0      	bcs.n	10004fa4 <tud_task_ext+0x254>
10004fc2:	9d02      	ldr	r5, [sp, #8]
10004fc4:	2254      	movs	r2, #84	@ 0x54
10004fc6:	2100      	movs	r1, #0
10004fc8:	0028      	movs	r0, r5
10004fca:	f7fd fad3 	bl	10002574 <__wrap_memset>
10004fce:	2210      	movs	r2, #16
10004fd0:	21ff      	movs	r1, #255	@ 0xff
10004fd2:	4835      	ldr	r0, [pc, #212]	@ (100050a8 <tud_task_ext+0x358>)
10004fd4:	f7fd face 	bl	10002574 <__wrap_memset>
10004fd8:	0028      	movs	r0, r5
10004fda:	2220      	movs	r2, #32
10004fdc:	21ff      	movs	r1, #255	@ 0xff
10004fde:	3014      	adds	r0, #20
10004fe0:	464e      	mov	r6, r9
10004fe2:	465f      	mov	r7, fp
10004fe4:	f7fd fac6 	bl	10002574 <__wrap_memset>
10004fe8:	f000 fbc0 	bl	1000576c <usbd_control_reset>
10004fec:	f7ff fe20 	bl	10004c30 <tud_umount_cb>
10004ff0:	e6c4      	b.n	10004d7c <tud_task_ext+0x2c>
10004ff2:	4293      	cmp	r3, r2
10004ff4:	d013      	beq.n	1000501e <tud_task_ext+0x2ce>
10004ff6:	b011      	add	sp, #68	@ 0x44
10004ff8:	bcf0      	pop	{r4, r5, r6, r7}
10004ffa:	46bb      	mov	fp, r7
10004ffc:	46b2      	mov	sl, r6
10004ffe:	46a9      	mov	r9, r5
10005000:	46a0      	mov	r8, r4
10005002:	bdf0      	pop	{r4, r5, r6, r7, pc}
10005004:	68a3      	ldr	r3, [r4, #8]
10005006:	7962      	ldrb	r2, [r4, #5]
10005008:	7820      	ldrb	r0, [r4, #0]
1000500a:	f000 fbcd 	bl	100057a8 <usbd_control_xfer_cb>
1000500e:	e6b5      	b.n	10004d7c <tud_task_ext+0x2c>
10005010:	4646      	mov	r6, r8
10005012:	464f      	mov	r7, r9
10005014:	4d1e      	ldr	r5, [pc, #120]	@ (10005090 <tud_task_ext+0x340>)
10005016:	e7a4      	b.n	10004f62 <tud_task_ext+0x212>
10005018:	464e      	mov	r6, r9
1000501a:	465f      	mov	r7, fp
1000501c:	e7e4      	b.n	10004fe8 <tud_task_ext+0x298>
1000501e:	4d1d      	ldr	r5, [pc, #116]	@ (10005094 <tud_task_ext+0x344>)
10005020:	e6f6      	b.n	10004e10 <tud_task_ext+0xc0>
10005022:	2370      	movs	r3, #112	@ 0x70
10005024:	7a21      	ldrb	r1, [r4, #8]
10005026:	420b      	tst	r3, r1
10005028:	d117      	bne.n	1000505a <tud_task_ext+0x30a>
1000502a:	09c8      	lsrs	r0, r1, #7
1000502c:	4682      	mov	sl, r0
1000502e:	330f      	adds	r3, #15
10005030:	400b      	ands	r3, r1
10005032:	005b      	lsls	r3, r3, #1
10005034:	4698      	mov	r8, r3
10005036:	4818      	ldr	r0, [pc, #96]	@ (10005098 <tud_task_ext+0x348>)
10005038:	18eb      	adds	r3, r5, r3
1000503a:	4453      	add	r3, sl
1000503c:	7d1b      	ldrb	r3, [r3, #20]
1000503e:	7800      	ldrb	r0, [r0, #0]
10005040:	4283      	cmp	r3, r0
10005042:	d260      	bcs.n	10005106 <tud_task_ext+0x3b6>
10005044:	4815      	ldr	r0, [pc, #84]	@ (1000509c <tud_task_ext+0x34c>)
10005046:	015b      	lsls	r3, r3, #5
10005048:	6800      	ldr	r0, [r0, #0]
1000504a:	4681      	mov	r9, r0
1000504c:	4499      	add	r9, r3
1000504e:	2a00      	cmp	r2, #0
10005050:	d100      	bne.n	10005054 <tud_task_ext+0x304>
10005052:	e14f      	b.n	100052f4 <tud_task_ext+0x5a4>
10005054:	464b      	mov	r3, r9
10005056:	2b00      	cmp	r3, #0
10005058:	d15d      	bne.n	10005116 <tud_task_ext+0x3c6>
1000505a:	7820      	ldrb	r0, [r4, #0]
1000505c:	2100      	movs	r1, #0
1000505e:	f7ff fd6b 	bl	10004b38 <dcd_edpt_stall>
10005062:	2180      	movs	r1, #128	@ 0x80
10005064:	7820      	ldrb	r0, [r4, #0]
10005066:	f7ff fd67 	bl	10004b38 <dcd_edpt_stall>
1000506a:	e687      	b.n	10004d7c <tud_task_ext+0x2c>
1000506c:	480f      	ldr	r0, [pc, #60]	@ (100050ac <tud_task_ext+0x35c>)
1000506e:	f000 fb87 	bl	10005780 <usbd_control_set_complete_callback>
10005072:	2101      	movs	r1, #1
10005074:	4658      	mov	r0, fp
10005076:	aa0e      	add	r2, sp, #56	@ 0x38
10005078:	f7ff fc22 	bl	100048c0 <tud_vendor_control_xfer_cb>
1000507c:	2800      	cmp	r0, #0
1000507e:	d000      	beq.n	10005082 <tud_task_ext+0x332>
10005080:	e67c      	b.n	10004d7c <tud_task_ext+0x2c>
10005082:	e7ea      	b.n	1000505a <tud_task_ext+0x30a>
10005084:	200010f4 	.word	0x200010f4
10005088:	1000ab3c 	.word	0x1000ab3c
1000508c:	20001c5c 	.word	0x20001c5c
10005090:	20001c04 	.word	0x20001c04
10005094:	1000abe4 	.word	0x1000abe4
10005098:	20012aa1 	.word	0x20012aa1
1000509c:	20001a54 	.word	0x20001a54
100050a0:	20012aa3 	.word	0x20012aa3
100050a4:	1000ab60 	.word	0x1000ab60
100050a8:	20001c08 	.word	0x20001c08
100050ac:	100048c1 	.word	0x100048c1
100050b0:	7a23      	ldrb	r3, [r4, #8]
100050b2:	2b0f      	cmp	r3, #15
100050b4:	d8d1      	bhi.n	1000505a <tud_task_ext+0x30a>
100050b6:	4ad6      	ldr	r2, [pc, #856]	@ (10005410 <tud_task_ext+0x6c0>)
100050b8:	18eb      	adds	r3, r5, r3
100050ba:	791b      	ldrb	r3, [r3, #4]
100050bc:	7812      	ldrb	r2, [r2, #0]
100050be:	4293      	cmp	r3, r2
100050c0:	d334      	bcc.n	1000512c <tud_task_ext+0x3dc>
100050c2:	d1ca      	bne.n	1000505a <tud_task_ext+0x30a>
100050c4:	4dd3      	ldr	r5, [pc, #844]	@ (10005414 <tud_task_ext+0x6c4>)
100050c6:	6968      	ldr	r0, [r5, #20]
100050c8:	f000 fb5a 	bl	10005780 <usbd_control_set_complete_callback>
100050cc:	2101      	movs	r1, #1
100050ce:	4658      	mov	r0, fp
100050d0:	696b      	ldr	r3, [r5, #20]
100050d2:	aa0e      	add	r2, sp, #56	@ 0x38
100050d4:	4798      	blx	r3
100050d6:	2800      	cmp	r0, #0
100050d8:	d000      	beq.n	100050dc <tud_task_ext+0x38c>
100050da:	e64f      	b.n	10004d7c <tud_task_ext+0x2c>
100050dc:	2260      	movs	r2, #96	@ 0x60
100050de:	0015      	movs	r5, r2
100050e0:	7923      	ldrb	r3, [r4, #4]
100050e2:	401d      	ands	r5, r3
100050e4:	421a      	tst	r2, r3
100050e6:	d1b8      	bne.n	1000505a <tud_task_ext+0x30a>
100050e8:	7963      	ldrb	r3, [r4, #5]
100050ea:	3b0a      	subs	r3, #10
100050ec:	2b01      	cmp	r3, #1
100050ee:	d8b4      	bhi.n	1000505a <tud_task_ext+0x30a>
100050f0:	f000 fb46 	bl	10005780 <usbd_control_set_complete_callback>
100050f4:	7963      	ldrb	r3, [r4, #5]
100050f6:	2b0a      	cmp	r3, #10
100050f8:	d100      	bne.n	100050fc <tud_task_ext+0x3ac>
100050fa:	e17f      	b.n	100053fc <tud_task_ext+0x6ac>
100050fc:	4658      	mov	r0, fp
100050fe:	a90e      	add	r1, sp, #56	@ 0x38
10005100:	f000 fac8 	bl	10005694 <tud_control_status>
10005104:	e63a      	b.n	10004d7c <tud_task_ext+0x2c>
10005106:	4283      	cmp	r3, r0
10005108:	d000      	beq.n	1000510c <tud_task_ext+0x3bc>
1000510a:	e0ee      	b.n	100052ea <tud_task_ext+0x59a>
1000510c:	4bc1      	ldr	r3, [pc, #772]	@ (10005414 <tud_task_ext+0x6c4>)
1000510e:	4699      	mov	r9, r3
10005110:	2a00      	cmp	r2, #0
10005112:	d100      	bne.n	10005116 <tud_task_ext+0x3c6>
10005114:	e0ee      	b.n	100052f4 <tud_task_ext+0x5a4>
10005116:	464b      	mov	r3, r9
10005118:	6958      	ldr	r0, [r3, #20]
1000511a:	f000 fb31 	bl	10005780 <usbd_control_set_complete_callback>
1000511e:	464b      	mov	r3, r9
10005120:	2101      	movs	r1, #1
10005122:	4658      	mov	r0, fp
10005124:	695b      	ldr	r3, [r3, #20]
10005126:	aa0e      	add	r2, sp, #56	@ 0x38
10005128:	4798      	blx	r3
1000512a:	e7a7      	b.n	1000507c <tud_task_ext+0x32c>
1000512c:	4aba      	ldr	r2, [pc, #744]	@ (10005418 <tud_task_ext+0x6c8>)
1000512e:	015b      	lsls	r3, r3, #5
10005130:	6815      	ldr	r5, [r2, #0]
10005132:	18ed      	adds	r5, r5, r3
10005134:	2d00      	cmp	r5, #0
10005136:	d1c6      	bne.n	100050c6 <tud_task_ext+0x376>
10005138:	e78f      	b.n	1000505a <tud_task_ext+0x30a>
1000513a:	79a3      	ldrb	r3, [r4, #6]
1000513c:	4699      	mov	r9, r3
1000513e:	786b      	ldrb	r3, [r5, #1]
10005140:	4599      	cmp	r9, r3
10005142:	d0db      	beq.n	100050fc <tud_task_ext+0x3ac>
10005144:	786b      	ldrb	r3, [r5, #1]
10005146:	2b00      	cmp	r3, #0
10005148:	d000      	beq.n	1000514c <tud_task_ext+0x3fc>
1000514a:	e12a      	b.n	100053a2 <tud_task_ext+0x652>
1000514c:	464b      	mov	r3, r9
1000514e:	706b      	strb	r3, [r5, #1]
10005150:	2b00      	cmp	r3, #0
10005152:	d100      	bne.n	10005156 <tud_task_ext+0x406>
10005154:	e122      	b.n	1000539c <tud_task_ext+0x64c>
10005156:	4648      	mov	r0, r9
10005158:	3801      	subs	r0, #1
1000515a:	b2c0      	uxtb	r0, r0
1000515c:	f7ff fa24 	bl	100045a8 <tud_descriptor_configuration_cb>
10005160:	2800      	cmp	r0, #0
10005162:	d100      	bne.n	10005166 <tud_task_ext+0x416>
10005164:	e174      	b.n	10005450 <tud_task_ext+0x700>
10005166:	7843      	ldrb	r3, [r0, #1]
10005168:	9307      	str	r3, [sp, #28]
1000516a:	2b02      	cmp	r3, #2
1000516c:	d000      	beq.n	10005170 <tud_task_ext+0x420>
1000516e:	e16f      	b.n	10005450 <tud_task_ext+0x700>
10005170:	2201      	movs	r2, #1
10005172:	79c1      	ldrb	r1, [r0, #7]
10005174:	46b1      	mov	r9, r6
10005176:	118b      	asrs	r3, r1, #6
10005178:	1149      	asrs	r1, r1, #5
1000517a:	4013      	ands	r3, r2
1000517c:	400a      	ands	r2, r1
1000517e:	2130      	movs	r1, #48	@ 0x30
10005180:	0112      	lsls	r2, r2, #4
10005182:	015b      	lsls	r3, r3, #5
10005184:	4313      	orrs	r3, r2
10005186:	782a      	ldrb	r2, [r5, #0]
10005188:	46a8      	mov	r8, r5
1000518a:	438a      	bics	r2, r1
1000518c:	4313      	orrs	r3, r2
1000518e:	702b      	strb	r3, [r5, #0]
10005190:	2309      	movs	r3, #9
10005192:	469a      	mov	sl, r3
10005194:	4482      	add	sl, r0
10005196:	4656      	mov	r6, sl
10005198:	46ba      	mov	sl, r7
1000519a:	78c3      	ldrb	r3, [r0, #3]
1000519c:	7882      	ldrb	r2, [r0, #2]
1000519e:	021b      	lsls	r3, r3, #8
100051a0:	4313      	orrs	r3, r2
100051a2:	18c3      	adds	r3, r0, r3
100051a4:	9305      	str	r3, [sp, #20]
100051a6:	4b9a      	ldr	r3, [pc, #616]	@ (10005410 <tud_task_ext+0x6c0>)
100051a8:	9304      	str	r3, [sp, #16]
100051aa:	4b9a      	ldr	r3, [pc, #616]	@ (10005414 <tud_task_ext+0x6c4>)
100051ac:	9308      	str	r3, [sp, #32]
100051ae:	4b9a      	ldr	r3, [pc, #616]	@ (10005418 <tud_task_ext+0x6c8>)
100051b0:	9309      	str	r3, [sp, #36]	@ 0x24
100051b2:	4b9a      	ldr	r3, [pc, #616]	@ (1000541c <tud_task_ext+0x6cc>)
100051b4:	930a      	str	r3, [sp, #40]	@ 0x28
100051b6:	9b05      	ldr	r3, [sp, #20]
100051b8:	42b3      	cmp	r3, r6
100051ba:	d800      	bhi.n	100051be <tud_task_ext+0x46e>
100051bc:	e14b      	b.n	10005456 <tud_task_ext+0x706>
100051be:	7873      	ldrb	r3, [r6, #1]
100051c0:	2201      	movs	r2, #1
100051c2:	2b0b      	cmp	r3, #11
100051c4:	d103      	bne.n	100051ce <tud_task_ext+0x47e>
100051c6:	7833      	ldrb	r3, [r6, #0]
100051c8:	78f2      	ldrb	r2, [r6, #3]
100051ca:	18f6      	adds	r6, r6, r3
100051cc:	7873      	ldrb	r3, [r6, #1]
100051ce:	2b04      	cmp	r3, #4
100051d0:	d000      	beq.n	100051d4 <tud_task_ext+0x484>
100051d2:	e13a      	b.n	1000544a <tud_task_ext+0x6fa>
100051d4:	9b05      	ldr	r3, [sp, #20]
100051d6:	2700      	movs	r7, #0
100051d8:	1b9b      	subs	r3, r3, r6
100051da:	b29b      	uxth	r3, r3
100051dc:	9306      	str	r3, [sp, #24]
100051de:	9b04      	ldr	r3, [sp, #16]
100051e0:	920b      	str	r2, [sp, #44]	@ 0x2c
100051e2:	781d      	ldrb	r5, [r3, #0]
100051e4:	e019      	b.n	1000521a <tud_task_ext+0x4ca>
100051e6:	9a09      	ldr	r2, [sp, #36]	@ 0x24
100051e8:	017b      	lsls	r3, r7, #5
100051ea:	6815      	ldr	r5, [r2, #0]
100051ec:	18ed      	adds	r5, r5, r3
100051ee:	2d00      	cmp	r5, #0
100051f0:	d100      	bne.n	100051f4 <tud_task_ext+0x4a4>
100051f2:	e12a      	b.n	1000544a <tud_task_ext+0x6fa>
100051f4:	0031      	movs	r1, r6
100051f6:	4658      	mov	r0, fp
100051f8:	692b      	ldr	r3, [r5, #16]
100051fa:	9a06      	ldr	r2, [sp, #24]
100051fc:	4798      	blx	r3
100051fe:	4684      	mov	ip, r0
10005200:	2808      	cmp	r0, #8
10005202:	d903      	bls.n	1000520c <tud_task_ext+0x4bc>
10005204:	9a06      	ldr	r2, [sp, #24]
10005206:	4282      	cmp	r2, r0
10005208:	d300      	bcc.n	1000520c <tud_task_ext+0x4bc>
1000520a:	e10b      	b.n	10005424 <tud_task_ext+0x6d4>
1000520c:	9b04      	ldr	r3, [sp, #16]
1000520e:	3701      	adds	r7, #1
10005210:	781d      	ldrb	r5, [r3, #0]
10005212:	b2ff      	uxtb	r7, r7
10005214:	42bd      	cmp	r5, r7
10005216:	d200      	bcs.n	1000521a <tud_task_ext+0x4ca>
10005218:	e117      	b.n	1000544a <tud_task_ext+0x6fa>
1000521a:	42af      	cmp	r7, r5
1000521c:	d3e3      	bcc.n	100051e6 <tud_task_ext+0x496>
1000521e:	9b08      	ldr	r3, [sp, #32]
10005220:	1b7d      	subs	r5, r7, r5
10005222:	469c      	mov	ip, r3
10005224:	016d      	lsls	r5, r5, #5
10005226:	4465      	add	r5, ip
10005228:	e7e4      	b.n	100051f4 <tud_task_ext+0x4a4>
1000522a:	786b      	ldrb	r3, [r5, #1]
1000522c:	aa0c      	add	r2, sp, #48	@ 0x30
1000522e:	3202      	adds	r2, #2
10005230:	7013      	strb	r3, [r2, #0]
10005232:	4658      	mov	r0, fp
10005234:	2301      	movs	r3, #1
10005236:	a90e      	add	r1, sp, #56	@ 0x38
10005238:	f000 fa42 	bl	100056c0 <tud_control_xfer>
1000523c:	e59e      	b.n	10004d7c <tud_task_ext+0x2c>
1000523e:	88e3      	ldrh	r3, [r4, #6]
10005240:	0a1a      	lsrs	r2, r3, #8
10005242:	b2d8      	uxtb	r0, r3
10005244:	2a0f      	cmp	r2, #15
10005246:	d900      	bls.n	1000524a <tud_task_ext+0x4fa>
10005248:	e707      	b.n	1000505a <tud_task_ext+0x30a>
1000524a:	4975      	ldr	r1, [pc, #468]	@ (10005420 <tud_task_ext+0x6d0>)
1000524c:	0093      	lsls	r3, r2, #2
1000524e:	58cb      	ldr	r3, [r1, r3]
10005250:	469f      	mov	pc, r3
10005252:	a80e      	add	r0, sp, #56	@ 0x38
10005254:	f000 fa9a 	bl	1000578c <usbd_control_set_request>
10005258:	4658      	mov	r0, fp
1000525a:	79a1      	ldrb	r1, [r4, #6]
1000525c:	f7ff fbb4 	bl	100049c8 <dcd_set_address>
10005260:	2202      	movs	r2, #2
10005262:	782b      	ldrb	r3, [r5, #0]
10005264:	4313      	orrs	r3, r2
10005266:	702b      	strb	r3, [r5, #0]
10005268:	e588      	b.n	10004d7c <tud_task_ext+0x2c>
1000526a:	88e3      	ldrh	r3, [r4, #6]
1000526c:	2b01      	cmp	r3, #1
1000526e:	d000      	beq.n	10005272 <tud_task_ext+0x522>
10005270:	e6f3      	b.n	1000505a <tud_task_ext+0x30a>
10005272:	2208      	movs	r2, #8
10005274:	782b      	ldrb	r3, [r5, #0]
10005276:	4658      	mov	r0, fp
10005278:	4393      	bics	r3, r2
1000527a:	a90e      	add	r1, sp, #56	@ 0x38
1000527c:	702b      	strb	r3, [r5, #0]
1000527e:	f000 fa09 	bl	10005694 <tud_control_status>
10005282:	e57b      	b.n	10004d7c <tud_task_ext+0x2c>
10005284:	2002      	movs	r0, #2
10005286:	7829      	ldrb	r1, [r5, #0]
10005288:	ab0c      	add	r3, sp, #48	@ 0x30
1000528a:	1c9a      	adds	r2, r3, #2
1000528c:	068b      	lsls	r3, r1, #26
1000528e:	0889      	lsrs	r1, r1, #2
10005290:	0fdb      	lsrs	r3, r3, #31
10005292:	4001      	ands	r1, r0
10005294:	430b      	orrs	r3, r1
10005296:	8013      	strh	r3, [r2, #0]
10005298:	4658      	mov	r0, fp
1000529a:	2302      	movs	r3, #2
1000529c:	a90e      	add	r1, sp, #56	@ 0x38
1000529e:	f000 fa0f 	bl	100056c0 <tud_control_xfer>
100052a2:	e56b      	b.n	10004d7c <tud_task_ext+0x2c>
100052a4:	88e3      	ldrh	r3, [r4, #6]
100052a6:	2b01      	cmp	r3, #1
100052a8:	d000      	beq.n	100052ac <tud_task_ext+0x55c>
100052aa:	e6d6      	b.n	1000505a <tud_task_ext+0x30a>
100052ac:	2208      	movs	r2, #8
100052ae:	782b      	ldrb	r3, [r5, #0]
100052b0:	4313      	orrs	r3, r2
100052b2:	702b      	strb	r3, [r5, #0]
100052b4:	e722      	b.n	100050fc <tud_task_ext+0x3ac>
100052b6:	7a23      	ldrb	r3, [r4, #8]
100052b8:	2b0f      	cmp	r3, #15
100052ba:	d900      	bls.n	100052be <tud_task_ext+0x56e>
100052bc:	e6cd      	b.n	1000505a <tud_task_ext+0x30a>
100052be:	4a54      	ldr	r2, [pc, #336]	@ (10005410 <tud_task_ext+0x6c0>)
100052c0:	18eb      	adds	r3, r5, r3
100052c2:	791b      	ldrb	r3, [r3, #4]
100052c4:	7812      	ldrb	r2, [r2, #0]
100052c6:	4293      	cmp	r3, r2
100052c8:	d228      	bcs.n	1000531c <tud_task_ext+0x5cc>
100052ca:	4a53      	ldr	r2, [pc, #332]	@ (10005418 <tud_task_ext+0x6c8>)
100052cc:	015b      	lsls	r3, r3, #5
100052ce:	6815      	ldr	r5, [r2, #0]
100052d0:	18ed      	adds	r5, r5, r3
100052d2:	2d00      	cmp	r5, #0
100052d4:	d100      	bne.n	100052d8 <tud_task_ext+0x588>
100052d6:	e6c0      	b.n	1000505a <tud_task_ext+0x30a>
100052d8:	6968      	ldr	r0, [r5, #20]
100052da:	f000 fa51 	bl	10005780 <usbd_control_set_complete_callback>
100052de:	2101      	movs	r1, #1
100052e0:	4658      	mov	r0, fp
100052e2:	696b      	ldr	r3, [r5, #20]
100052e4:	aa0e      	add	r2, sp, #56	@ 0x38
100052e6:	4798      	blx	r3
100052e8:	e6c8      	b.n	1000507c <tud_task_ext+0x32c>
100052ea:	2a00      	cmp	r2, #0
100052ec:	d000      	beq.n	100052f0 <tud_task_ext+0x5a0>
100052ee:	e6b4      	b.n	1000505a <tud_task_ext+0x30a>
100052f0:	2300      	movs	r3, #0
100052f2:	4699      	mov	r9, r3
100052f4:	7962      	ldrb	r2, [r4, #5]
100052f6:	2002      	movs	r0, #2
100052f8:	0013      	movs	r3, r2
100052fa:	9204      	str	r2, [sp, #16]
100052fc:	4383      	bics	r3, r0
100052fe:	2b01      	cmp	r3, #1
10005300:	d011      	beq.n	10005326 <tud_task_ext+0x5d6>
10005302:	2a00      	cmp	r2, #0
10005304:	d000      	beq.n	10005308 <tud_task_ext+0x5b8>
10005306:	e6a8      	b.n	1000505a <tud_task_ext+0x30a>
10005308:	002b      	movs	r3, r5
1000530a:	4443      	add	r3, r8
1000530c:	4453      	add	r3, sl
1000530e:	3330      	adds	r3, #48	@ 0x30
10005310:	791b      	ldrb	r3, [r3, #4]
10005312:	aa0c      	add	r2, sp, #48	@ 0x30
10005314:	079b      	lsls	r3, r3, #30
10005316:	0fdb      	lsrs	r3, r3, #31
10005318:	3202      	adds	r2, #2
1000531a:	e7bc      	b.n	10005296 <tud_task_ext+0x546>
1000531c:	4293      	cmp	r3, r2
1000531e:	d000      	beq.n	10005322 <tud_task_ext+0x5d2>
10005320:	e69b      	b.n	1000505a <tud_task_ext+0x30a>
10005322:	4d3c      	ldr	r5, [pc, #240]	@ (10005414 <tud_task_ext+0x6c4>)
10005324:	e7d8      	b.n	100052d8 <tud_task_ext+0x588>
10005326:	88e3      	ldrh	r3, [r4, #6]
10005328:	2b00      	cmp	r3, #0
1000532a:	d112      	bne.n	10005352 <tud_task_ext+0x602>
1000532c:	9b03      	ldr	r3, [sp, #12]
1000532e:	7818      	ldrb	r0, [r3, #0]
10005330:	9b04      	ldr	r3, [sp, #16]
10005332:	2b01      	cmp	r3, #1
10005334:	d023      	beq.n	1000537e <tud_task_ext+0x62e>
10005336:	f7ff fbff 	bl	10004b38 <dcd_edpt_stall>
1000533a:	4643      	mov	r3, r8
1000533c:	2102      	movs	r1, #2
1000533e:	18eb      	adds	r3, r5, r3
10005340:	4453      	add	r3, sl
10005342:	3330      	adds	r3, #48	@ 0x30
10005344:	791a      	ldrb	r2, [r3, #4]
10005346:	430a      	orrs	r2, r1
10005348:	2101      	movs	r1, #1
1000534a:	711a      	strb	r2, [r3, #4]
1000534c:	791a      	ldrb	r2, [r3, #4]
1000534e:	430a      	orrs	r2, r1
10005350:	711a      	strb	r2, [r3, #4]
10005352:	464b      	mov	r3, r9
10005354:	2b00      	cmp	r3, #0
10005356:	d100      	bne.n	1000535a <tud_task_ext+0x60a>
10005358:	e510      	b.n	10004d7c <tud_task_ext+0x2c>
1000535a:	6958      	ldr	r0, [r3, #20]
1000535c:	f000 fa10 	bl	10005780 <usbd_control_set_complete_callback>
10005360:	464b      	mov	r3, r9
10005362:	2101      	movs	r1, #1
10005364:	695b      	ldr	r3, [r3, #20]
10005366:	aa0e      	add	r2, sp, #56	@ 0x38
10005368:	4658      	mov	r0, fp
1000536a:	4798      	blx	r3
1000536c:	2000      	movs	r0, #0
1000536e:	f000 fa07 	bl	10005780 <usbd_control_set_complete_callback>
10005372:	2335      	movs	r3, #53	@ 0x35
10005374:	5ceb      	ldrb	r3, [r5, r3]
10005376:	07db      	lsls	r3, r3, #31
10005378:	d500      	bpl.n	1000537c <tud_task_ext+0x62c>
1000537a:	e4ff      	b.n	10004d7c <tud_task_ext+0x2c>
1000537c:	e6be      	b.n	100050fc <tud_task_ext+0x3ac>
1000537e:	f7ff fbf5 	bl	10004b6c <dcd_edpt_clear_stall>
10005382:	4643      	mov	r3, r8
10005384:	2102      	movs	r1, #2
10005386:	18eb      	adds	r3, r5, r3
10005388:	4453      	add	r3, sl
1000538a:	3330      	adds	r3, #48	@ 0x30
1000538c:	791a      	ldrb	r2, [r3, #4]
1000538e:	438a      	bics	r2, r1
10005390:	711a      	strb	r2, [r3, #4]
10005392:	791a      	ldrb	r2, [r3, #4]
10005394:	9904      	ldr	r1, [sp, #16]
10005396:	438a      	bics	r2, r1
10005398:	711a      	strb	r2, [r3, #4]
1000539a:	e7da      	b.n	10005352 <tud_task_ext+0x602>
1000539c:	f7ff fc48 	bl	10004c30 <tud_umount_cb>
100053a0:	e6ac      	b.n	100050fc <tud_task_ext+0x3ac>
100053a2:	2100      	movs	r1, #0
100053a4:	4658      	mov	r0, fp
100053a6:	f7ff fb19 	bl	100049dc <dcd_sof_enable>
100053aa:	4658      	mov	r0, fp
100053ac:	f7ff fbae 	bl	10004b0c <dcd_edpt_close_all>
100053b0:	2200      	movs	r2, #0
100053b2:	4692      	mov	sl, r2
100053b4:	4a17      	ldr	r2, [pc, #92]	@ (10005414 <tud_task_ext+0x6c4>)
100053b6:	78ab      	ldrb	r3, [r5, #2]
100053b8:	9205      	str	r2, [sp, #20]
100053ba:	4a17      	ldr	r2, [pc, #92]	@ (10005418 <tud_task_ext+0x6c8>)
100053bc:	9304      	str	r3, [sp, #16]
100053be:	9206      	str	r2, [sp, #24]
100053c0:	002a      	movs	r2, r5
100053c2:	4b13      	ldr	r3, [pc, #76]	@ (10005410 <tud_task_ext+0x6c0>)
100053c4:	4655      	mov	r5, sl
100053c6:	4698      	mov	r8, r3
100053c8:	4692      	mov	sl, r2
100053ca:	781b      	ldrb	r3, [r3, #0]
100053cc:	e00e      	b.n	100053ec <tud_task_ext+0x69c>
100053ce:	9b06      	ldr	r3, [sp, #24]
100053d0:	016a      	lsls	r2, r5, #5
100053d2:	681b      	ldr	r3, [r3, #0]
100053d4:	189b      	adds	r3, r3, r2
100053d6:	2b00      	cmp	r3, #0
100053d8:	d056      	beq.n	10005488 <tud_task_ext+0x738>
100053da:	68db      	ldr	r3, [r3, #12]
100053dc:	4658      	mov	r0, fp
100053de:	4798      	blx	r3
100053e0:	4643      	mov	r3, r8
100053e2:	3501      	adds	r5, #1
100053e4:	781b      	ldrb	r3, [r3, #0]
100053e6:	b2ed      	uxtb	r5, r5
100053e8:	42ab      	cmp	r3, r5
100053ea:	d339      	bcc.n	10005460 <tud_task_ext+0x710>
100053ec:	42ab      	cmp	r3, r5
100053ee:	d8ee      	bhi.n	100053ce <tud_task_ext+0x67e>
100053f0:	9a05      	ldr	r2, [sp, #20]
100053f2:	1aeb      	subs	r3, r5, r3
100053f4:	4694      	mov	ip, r2
100053f6:	015b      	lsls	r3, r3, #5
100053f8:	4463      	add	r3, ip
100053fa:	e7ee      	b.n	100053da <tud_task_ext+0x68a>
100053fc:	ab0c      	add	r3, sp, #48	@ 0x30
100053fe:	1c9a      	adds	r2, r3, #2
10005400:	4658      	mov	r0, fp
10005402:	2301      	movs	r3, #1
10005404:	a90e      	add	r1, sp, #56	@ 0x38
10005406:	7015      	strb	r5, [r2, #0]
10005408:	f000 f95a 	bl	100056c0 <tud_control_xfer>
1000540c:	e4b6      	b.n	10004d7c <tud_task_ext+0x2c>
1000540e:	46c0      	nop			@ (mov r8, r8)
10005410:	20012aa1 	.word	0x20012aa1
10005414:	1000abe4 	.word	0x1000abe4
10005418:	20001a54 	.word	0x20001a54
1000541c:	20001c18 	.word	0x20001c18
10005420:	1000ab88 	.word	0x1000ab88
10005424:	9a0b      	ldr	r2, [sp, #44]	@ 0x2c
10005426:	2a01      	cmp	r2, #1
10005428:	d04d      	beq.n	100054c6 <tud_task_ext+0x776>
1000542a:	2a00      	cmp	r2, #0
1000542c:	d03c      	beq.n	100054a8 <tud_task_ext+0x758>
1000542e:	2300      	movs	r3, #0
10005430:	78b0      	ldrb	r0, [r6, #2]
10005432:	e004      	b.n	1000543e <tud_task_ext+0x6ee>
10005434:	3301      	adds	r3, #1
10005436:	b2db      	uxtb	r3, r3
10005438:	710f      	strb	r7, [r1, #4]
1000543a:	4293      	cmp	r3, r2
1000543c:	d234      	bcs.n	100054a8 <tud_task_ext+0x758>
1000543e:	18c1      	adds	r1, r0, r3
10005440:	b2c9      	uxtb	r1, r1
10005442:	4441      	add	r1, r8
10005444:	790d      	ldrb	r5, [r1, #4]
10005446:	2dff      	cmp	r5, #255	@ 0xff
10005448:	d0f4      	beq.n	10005434 <tud_task_ext+0x6e4>
1000544a:	464e      	mov	r6, r9
1000544c:	4645      	mov	r5, r8
1000544e:	4657      	mov	r7, sl
10005450:	2300      	movs	r3, #0
10005452:	706b      	strb	r3, [r5, #1]
10005454:	e601      	b.n	1000505a <tud_task_ext+0x30a>
10005456:	464e      	mov	r6, r9
10005458:	4657      	mov	r7, sl
1000545a:	f7ff fbe7 	bl	10004c2c <tud_mount_cb>
1000545e:	e64d      	b.n	100050fc <tud_task_ext+0x3ac>
10005460:	4655      	mov	r5, sl
10005462:	2254      	movs	r2, #84	@ 0x54
10005464:	2100      	movs	r1, #0
10005466:	0028      	movs	r0, r5
10005468:	f7fd f884 	bl	10002574 <__wrap_memset>
1000546c:	2210      	movs	r2, #16
1000546e:	21ff      	movs	r1, #255	@ 0xff
10005470:	1d28      	adds	r0, r5, #4
10005472:	f7fd f87f 	bl	10002574 <__wrap_memset>
10005476:	0028      	movs	r0, r5
10005478:	2220      	movs	r2, #32
1000547a:	21ff      	movs	r1, #255	@ 0xff
1000547c:	3014      	adds	r0, #20
1000547e:	f7fd f879 	bl	10002574 <__wrap_memset>
10005482:	9b04      	ldr	r3, [sp, #16]
10005484:	70ab      	strb	r3, [r5, #2]
10005486:	e661      	b.n	1000514c <tud_task_ext+0x3fc>
10005488:	4655      	mov	r5, sl
1000548a:	e7fa      	b.n	10005482 <tud_task_ext+0x732>
1000548c:	f7ff fa14 	bl	100048b8 <tud_descriptor_bos_cb>
10005490:	1e02      	subs	r2, r0, #0
10005492:	d100      	bne.n	10005496 <tud_task_ext+0x746>
10005494:	e5e1      	b.n	1000505a <tud_task_ext+0x30a>
10005496:	78d3      	ldrb	r3, [r2, #3]
10005498:	7891      	ldrb	r1, [r2, #2]
1000549a:	021b      	lsls	r3, r3, #8
1000549c:	430b      	orrs	r3, r1
1000549e:	4658      	mov	r0, fp
100054a0:	a90e      	add	r1, sp, #56	@ 0x38
100054a2:	f000 f90d 	bl	100056c0 <tud_control_xfer>
100054a6:	e5e9      	b.n	1000507c <tud_task_ext+0x32c>
100054a8:	4665      	mov	r5, ip
100054aa:	003b      	movs	r3, r7
100054ac:	0031      	movs	r1, r6
100054ae:	002a      	movs	r2, r5
100054b0:	980a      	ldr	r0, [sp, #40]	@ 0x28
100054b2:	f000 fd59 	bl	10005f68 <tu_edpt_bind_driver>
100054b6:	46ac      	mov	ip, r5
100054b8:	9b04      	ldr	r3, [sp, #16]
100054ba:	4466      	add	r6, ip
100054bc:	781b      	ldrb	r3, [r3, #0]
100054be:	42bb      	cmp	r3, r7
100054c0:	d300      	bcc.n	100054c4 <tud_task_ext+0x774>
100054c2:	e678      	b.n	100051b6 <tud_task_ext+0x466>
100054c4:	e7c1      	b.n	1000544a <tud_task_ext+0x6fa>
100054c6:	4b17      	ldr	r3, [pc, #92]	@ (10005524 <tud_task_ext+0x7d4>)
100054c8:	6929      	ldr	r1, [r5, #16]
100054ca:	4299      	cmp	r1, r3
100054cc:	d1af      	bne.n	1000542e <tud_task_ext+0x6de>
100054ce:	9a07      	ldr	r2, [sp, #28]
100054d0:	e7ad      	b.n	1000542e <tud_task_ext+0x6de>
100054d2:	f7ff fba7 	bl	10004c24 <tud_descriptor_device_qualifier_cb>
100054d6:	1e02      	subs	r2, r0, #0
100054d8:	d100      	bne.n	100054dc <tud_task_ext+0x78c>
100054da:	e5be      	b.n	1000505a <tud_task_ext+0x30a>
100054dc:	4658      	mov	r0, fp
100054de:	7813      	ldrb	r3, [r2, #0]
100054e0:	a90e      	add	r1, sp, #56	@ 0x38
100054e2:	f000 f8ed 	bl	100056c0 <tud_control_xfer>
100054e6:	e5c9      	b.n	1000507c <tud_task_ext+0x32c>
100054e8:	8921      	ldrh	r1, [r4, #8]
100054ea:	f7ff f861 	bl	100045b0 <tud_descriptor_string_cb>
100054ee:	1e02      	subs	r2, r0, #0
100054f0:	d1f4      	bne.n	100054dc <tud_task_ext+0x78c>
100054f2:	e5b2      	b.n	1000505a <tud_task_ext+0x30a>
100054f4:	2a02      	cmp	r2, #2
100054f6:	d00f      	beq.n	10005518 <tud_task_ext+0x7c8>
100054f8:	f7ff fb96 	bl	10004c28 <tud_descriptor_other_speed_configuration_cb>
100054fc:	1e02      	subs	r2, r0, #0
100054fe:	d1ca      	bne.n	10005496 <tud_task_ext+0x746>
10005500:	e5ab      	b.n	1000505a <tud_task_ext+0x30a>
10005502:	f7ff f84d 	bl	100045a0 <tud_descriptor_device_cb>
10005506:	1e02      	subs	r2, r0, #0
10005508:	d100      	bne.n	1000550c <tud_task_ext+0x7bc>
1000550a:	e5a6      	b.n	1000505a <tud_task_ext+0x30a>
1000550c:	2312      	movs	r3, #18
1000550e:	4658      	mov	r0, fp
10005510:	a90e      	add	r1, sp, #56	@ 0x38
10005512:	f000 f8d5 	bl	100056c0 <tud_control_xfer>
10005516:	e5b1      	b.n	1000507c <tud_task_ext+0x32c>
10005518:	f7ff f846 	bl	100045a8 <tud_descriptor_configuration_cb>
1000551c:	1e02      	subs	r2, r0, #0
1000551e:	d1ba      	bne.n	10005496 <tud_task_ext+0x746>
10005520:	e59b      	b.n	1000505a <tud_task_ext+0x30a>
10005522:	46c0      	nop			@ (mov r8, r8)
10005524:	10005b8d 	.word	0x10005b8d

10005528 <usbd_open_edpt_pair>:
10005528:	b5f8      	push	{r3, r4, r5, r6, r7, lr}
1000552a:	4657      	mov	r7, sl
1000552c:	464e      	mov	r6, r9
1000552e:	46de      	mov	lr, fp
10005530:	4645      	mov	r5, r8
10005532:	000c      	movs	r4, r1
10005534:	b5e0      	push	{r5, r6, r7, lr}
10005536:	0016      	movs	r6, r2
10005538:	001f      	movs	r7, r3
1000553a:	2a00      	cmp	r2, #0
1000553c:	d03c      	beq.n	100055b8 <usbd_open_edpt_pair+0x90>
1000553e:	4b1f      	ldr	r3, [pc, #124]	@ (100055bc <usbd_open_edpt_pair+0x94>)
10005540:	2500      	movs	r5, #0
10005542:	469a      	mov	sl, r3
10005544:	2370      	movs	r3, #112	@ 0x70
10005546:	4699      	mov	r9, r3
10005548:	4b1d      	ldr	r3, [pc, #116]	@ (100055c0 <usbd_open_edpt_pair+0x98>)
1000554a:	469b      	mov	fp, r3
1000554c:	e017      	b.n	1000557e <usbd_open_edpt_pair+0x56>
1000554e:	465b      	mov	r3, fp
10005550:	0020      	movs	r0, r4
10005552:	7899      	ldrb	r1, [r3, #2]
10005554:	f000 fcca 	bl	10005eec <tu_edpt_validate>
10005558:	2800      	cmp	r0, #0
1000555a:	d01f      	beq.n	1000559c <usbd_open_edpt_pair+0x74>
1000555c:	0021      	movs	r1, r4
1000555e:	4640      	mov	r0, r8
10005560:	f7ff fa58 	bl	10004a14 <dcd_edpt_open>
10005564:	2800      	cmp	r0, #0
10005566:	d019      	beq.n	1000559c <usbd_open_edpt_pair+0x74>
10005568:	78a3      	ldrb	r3, [r4, #2]
1000556a:	09da      	lsrs	r2, r3, #7
1000556c:	2a01      	cmp	r2, #1
1000556e:	d01c      	beq.n	100055aa <usbd_open_edpt_pair+0x82>
10005570:	9a0a      	ldr	r2, [sp, #40]	@ 0x28
10005572:	3501      	adds	r5, #1
10005574:	7013      	strb	r3, [r2, #0]
10005576:	7823      	ldrb	r3, [r4, #0]
10005578:	18e4      	adds	r4, r4, r3
1000557a:	42b5      	cmp	r5, r6
1000557c:	da1c      	bge.n	100055b8 <usbd_open_edpt_pair+0x90>
1000557e:	7863      	ldrb	r3, [r4, #1]
10005580:	2b05      	cmp	r3, #5
10005582:	d10b      	bne.n	1000559c <usbd_open_edpt_pair+0x74>
10005584:	78e3      	ldrb	r3, [r4, #3]
10005586:	079b      	lsls	r3, r3, #30
10005588:	0f9b      	lsrs	r3, r3, #30
1000558a:	42bb      	cmp	r3, r7
1000558c:	d106      	bne.n	1000559c <usbd_open_edpt_pair+0x74>
1000558e:	4653      	mov	r3, sl
10005590:	464a      	mov	r2, r9
10005592:	781b      	ldrb	r3, [r3, #0]
10005594:	4698      	mov	r8, r3
10005596:	78a3      	ldrb	r3, [r4, #2]
10005598:	421a      	tst	r2, r3
1000559a:	d0d8      	beq.n	1000554e <usbd_open_edpt_pair+0x26>
1000559c:	2000      	movs	r0, #0
1000559e:	bcf0      	pop	{r4, r5, r6, r7}
100055a0:	46bb      	mov	fp, r7
100055a2:	46b2      	mov	sl, r6
100055a4:	46a9      	mov	r9, r5
100055a6:	46a0      	mov	r8, r4
100055a8:	bdf8      	pop	{r3, r4, r5, r6, r7, pc}
100055aa:	9a0b      	ldr	r2, [sp, #44]	@ 0x2c
100055ac:	3501      	adds	r5, #1
100055ae:	7013      	strb	r3, [r2, #0]
100055b0:	7823      	ldrb	r3, [r4, #0]
100055b2:	18e4      	adds	r4, r4, r3
100055b4:	42b5      	cmp	r5, r6
100055b6:	dbe2      	blt.n	1000557e <usbd_open_edpt_pair+0x56>
100055b8:	2001      	movs	r0, #1
100055ba:	e7f0      	b.n	1000559e <usbd_open_edpt_pair+0x76>
100055bc:	200010f4 	.word	0x200010f4
100055c0:	20001c04 	.word	0x20001c04

100055c4 <usbd_edpt_open>:
100055c4:	2270      	movs	r2, #112	@ 0x70
100055c6:	b570      	push	{r4, r5, r6, lr}
100055c8:	4b09      	ldr	r3, [pc, #36]	@ (100055f0 <usbd_edpt_open+0x2c>)
100055ca:	000c      	movs	r4, r1
100055cc:	781d      	ldrb	r5, [r3, #0]
100055ce:	788b      	ldrb	r3, [r1, #2]
100055d0:	421a      	tst	r2, r3
100055d2:	d001      	beq.n	100055d8 <usbd_edpt_open+0x14>
100055d4:	2000      	movs	r0, #0
100055d6:	bd70      	pop	{r4, r5, r6, pc}
100055d8:	4b06      	ldr	r3, [pc, #24]	@ (100055f4 <usbd_edpt_open+0x30>)
100055da:	0020      	movs	r0, r4
100055dc:	7899      	ldrb	r1, [r3, #2]
100055de:	f000 fc85 	bl	10005eec <tu_edpt_validate>
100055e2:	2800      	cmp	r0, #0
100055e4:	d0f6      	beq.n	100055d4 <usbd_edpt_open+0x10>
100055e6:	0021      	movs	r1, r4
100055e8:	0028      	movs	r0, r5
100055ea:	f7ff fa13 	bl	10004a14 <dcd_edpt_open>
100055ee:	e7f2      	b.n	100055d6 <usbd_edpt_open+0x12>
100055f0:	200010f4 	.word	0x200010f4
100055f4:	20001c04 	.word	0x20001c04

100055f8 <usbd_edpt_claim>:
100055f8:	000b      	movs	r3, r1
100055fa:	207f      	movs	r0, #127	@ 0x7f
100055fc:	b510      	push	{r4, lr}
100055fe:	4018      	ands	r0, r3
10005600:	09db      	lsrs	r3, r3, #7
10005602:	3334      	adds	r3, #52	@ 0x34
10005604:	0040      	lsls	r0, r0, #1
10005606:	4a04      	ldr	r2, [pc, #16]	@ (10005618 <usbd_edpt_claim+0x20>)
10005608:	18c0      	adds	r0, r0, r3
1000560a:	4b04      	ldr	r3, [pc, #16]	@ (1000561c <usbd_edpt_claim+0x24>)
1000560c:	6811      	ldr	r1, [r2, #0]
1000560e:	18c0      	adds	r0, r0, r3
10005610:	f000 fc28 	bl	10005e64 <tu_edpt_claim>
10005614:	bd10      	pop	{r4, pc}
10005616:	46c0      	nop			@ (mov r8, r8)
10005618:	20001c58 	.word	0x20001c58
1000561c:	20001c04 	.word	0x20001c04

10005620 <usbd_edpt_release>:
10005620:	000b      	movs	r3, r1
10005622:	207f      	movs	r0, #127	@ 0x7f
10005624:	b510      	push	{r4, lr}
10005626:	4018      	ands	r0, r3
10005628:	09db      	lsrs	r3, r3, #7
1000562a:	3334      	adds	r3, #52	@ 0x34
1000562c:	0040      	lsls	r0, r0, #1
1000562e:	4a04      	ldr	r2, [pc, #16]	@ (10005640 <usbd_edpt_release+0x20>)
10005630:	18c0      	adds	r0, r0, r3
10005632:	4b04      	ldr	r3, [pc, #16]	@ (10005644 <usbd_edpt_release+0x24>)
10005634:	6811      	ldr	r1, [r2, #0]
10005636:	18c0      	adds	r0, r0, r3
10005638:	f000 fc3c 	bl	10005eb4 <tu_edpt_release>
1000563c:	bd10      	pop	{r4, pc}
1000563e:	46c0      	nop			@ (mov r8, r8)
10005640:	20001c58 	.word	0x20001c58
10005644:	20001c04 	.word	0x20001c04

10005648 <usbd_edpt_xfer>:
10005648:	b570      	push	{r4, r5, r6, lr}
1000564a:	247f      	movs	r4, #127	@ 0x7f
1000564c:	480f      	ldr	r0, [pc, #60]	@ (1000568c <usbd_edpt_xfer+0x44>)
1000564e:	400c      	ands	r4, r1
10005650:	0064      	lsls	r4, r4, #1
10005652:	1904      	adds	r4, r0, r4
10005654:	09cd      	lsrs	r5, r1, #7
10005656:	1964      	adds	r4, r4, r5
10005658:	3430      	adds	r4, #48	@ 0x30
1000565a:	7920      	ldrb	r0, [r4, #4]
1000565c:	07c0      	lsls	r0, r0, #31
1000565e:	d501      	bpl.n	10005664 <usbd_edpt_xfer+0x1c>
10005660:	2000      	movs	r0, #0
10005662:	bd70      	pop	{r4, r5, r6, pc}
10005664:	2601      	movs	r6, #1
10005666:	7925      	ldrb	r5, [r4, #4]
10005668:	4809      	ldr	r0, [pc, #36]	@ (10005690 <usbd_edpt_xfer+0x48>)
1000566a:	4335      	orrs	r5, r6
1000566c:	7800      	ldrb	r0, [r0, #0]
1000566e:	7125      	strb	r5, [r4, #4]
10005670:	f7ff fa50 	bl	10004b14 <dcd_edpt_xfer>
10005674:	2800      	cmp	r0, #0
10005676:	d1f4      	bne.n	10005662 <usbd_edpt_xfer+0x1a>
10005678:	2201      	movs	r2, #1
1000567a:	7923      	ldrb	r3, [r4, #4]
1000567c:	4393      	bics	r3, r2
1000567e:	7123      	strb	r3, [r4, #4]
10005680:	7923      	ldrb	r3, [r4, #4]
10005682:	3203      	adds	r2, #3
10005684:	4393      	bics	r3, r2
10005686:	7123      	strb	r3, [r4, #4]
10005688:	e7ea      	b.n	10005660 <usbd_edpt_xfer+0x18>
1000568a:	46c0      	nop			@ (mov r8, r8)
1000568c:	20001c04 	.word	0x20001c04
10005690:	200010f4 	.word	0x200010f4

10005694 <tud_control_status>:
10005694:	b570      	push	{r4, r5, r6, lr}
10005696:	4c09      	ldr	r4, [pc, #36]	@ (100056bc <tud_control_status+0x28>)
10005698:	0006      	movs	r6, r0
1000569a:	2208      	movs	r2, #8
1000569c:	0020      	movs	r0, r4
1000569e:	000d      	movs	r5, r1
100056a0:	f7fc ff6e 	bl	10002580 <__wrap___aeabi_memcpy>
100056a4:	2300      	movs	r3, #0
100056a6:	2180      	movs	r1, #128	@ 0x80
100056a8:	60e3      	str	r3, [r4, #12]
100056aa:	60a3      	str	r3, [r4, #8]
100056ac:	782b      	ldrb	r3, [r5, #0]
100056ae:	0030      	movs	r0, r6
100056b0:	4399      	bics	r1, r3
100056b2:	2200      	movs	r2, #0
100056b4:	2300      	movs	r3, #0
100056b6:	f7ff ffc7 	bl	10005648 <usbd_edpt_xfer>
100056ba:	bd70      	pop	{r4, r5, r6, pc}
100056bc:	20001be4 	.word	0x20001be4

100056c0 <tud_control_xfer>:
100056c0:	b5f8      	push	{r3, r4, r5, r6, r7, lr}
100056c2:	46ce      	mov	lr, r9
100056c4:	4647      	mov	r7, r8
100056c6:	4690      	mov	r8, r2
100056c8:	4e26      	ldr	r6, [pc, #152]	@ (10005764 <tud_control_xfer+0xa4>)
100056ca:	b580      	push	{r7, lr}
100056cc:	4681      	mov	r9, r0
100056ce:	2208      	movs	r2, #8
100056d0:	0030      	movs	r0, r6
100056d2:	000d      	movs	r5, r1
100056d4:	001f      	movs	r7, r3
100056d6:	f7fc ff53 	bl	10002580 <__wrap___aeabi_memcpy>
100056da:	4643      	mov	r3, r8
100056dc:	60b3      	str	r3, [r6, #8]
100056de:	2300      	movs	r3, #0
100056e0:	81f3      	strh	r3, [r6, #14]
100056e2:	79ec      	ldrb	r4, [r5, #7]
100056e4:	79ab      	ldrb	r3, [r5, #6]
100056e6:	0224      	lsls	r4, r4, #8
100056e8:	431c      	orrs	r4, r3
100056ea:	1c23      	adds	r3, r4, #0
100056ec:	42bc      	cmp	r4, r7
100056ee:	d900      	bls.n	100056f2 <tud_control_xfer+0x32>
100056f0:	1c3b      	adds	r3, r7, #0
100056f2:	b29f      	uxth	r7, r3
100056f4:	81b3      	strh	r3, [r6, #12]
100056f6:	2c00      	cmp	r4, #0
100056f8:	d00e      	beq.n	10005718 <tud_control_xfer+0x58>
100056fa:	2f00      	cmp	r7, #0
100056fc:	d018      	beq.n	10005730 <tud_control_xfer+0x70>
100056fe:	4643      	mov	r3, r8
10005700:	2b00      	cmp	r3, #0
10005702:	d02c      	beq.n	1000575e <tud_control_xfer+0x9e>
10005704:	1c3b      	adds	r3, r7, #0
10005706:	2f40      	cmp	r7, #64	@ 0x40
10005708:	d81b      	bhi.n	10005742 <tud_control_xfer+0x82>
1000570a:	b29f      	uxth	r7, r3
1000570c:	7833      	ldrb	r3, [r6, #0]
1000570e:	2b7f      	cmp	r3, #127	@ 0x7f
10005710:	d81c      	bhi.n	1000574c <tud_control_xfer+0x8c>
10005712:	2100      	movs	r1, #0
10005714:	4a14      	ldr	r2, [pc, #80]	@ (10005768 <tud_control_xfer+0xa8>)
10005716:	e00f      	b.n	10005738 <tud_control_xfer+0x78>
10005718:	2180      	movs	r1, #128	@ 0x80
1000571a:	782b      	ldrb	r3, [r5, #0]
1000571c:	2200      	movs	r2, #0
1000571e:	4399      	bics	r1, r3
10005720:	4648      	mov	r0, r9
10005722:	2300      	movs	r3, #0
10005724:	f7ff ff90 	bl	10005648 <usbd_edpt_xfer>
10005728:	bcc0      	pop	{r6, r7}
1000572a:	46b9      	mov	r9, r7
1000572c:	46b0      	mov	r8, r6
1000572e:	bdf8      	pop	{r3, r4, r5, r6, r7, pc}
10005730:	237f      	movs	r3, #127	@ 0x7f
10005732:	2200      	movs	r2, #0
10005734:	7831      	ldrb	r1, [r6, #0]
10005736:	4399      	bics	r1, r3
10005738:	003b      	movs	r3, r7
1000573a:	4648      	mov	r0, r9
1000573c:	f7ff ff84 	bl	10005648 <usbd_edpt_xfer>
10005740:	e7f2      	b.n	10005728 <tud_control_xfer+0x68>
10005742:	2340      	movs	r3, #64	@ 0x40
10005744:	b29f      	uxth	r7, r3
10005746:	7833      	ldrb	r3, [r6, #0]
10005748:	2b7f      	cmp	r3, #127	@ 0x7f
1000574a:	d9e2      	bls.n	10005712 <tud_control_xfer+0x52>
1000574c:	4c06      	ldr	r4, [pc, #24]	@ (10005768 <tud_control_xfer+0xa8>)
1000574e:	003a      	movs	r2, r7
10005750:	4641      	mov	r1, r8
10005752:	0020      	movs	r0, r4
10005754:	f7fc ff14 	bl	10002580 <__wrap___aeabi_memcpy>
10005758:	2180      	movs	r1, #128	@ 0x80
1000575a:	0022      	movs	r2, r4
1000575c:	e7ec      	b.n	10005738 <tud_control_xfer+0x78>
1000575e:	2000      	movs	r0, #0
10005760:	e7e2      	b.n	10005728 <tud_control_xfer+0x68>
10005762:	46c0      	nop			@ (mov r8, r8)
10005764:	20001be4 	.word	0x20001be4
10005768:	20001ba4 	.word	0x20001ba4

1000576c <usbd_control_reset>:
1000576c:	b510      	push	{r4, lr}
1000576e:	2214      	movs	r2, #20
10005770:	2100      	movs	r1, #0
10005772:	4802      	ldr	r0, [pc, #8]	@ (1000577c <usbd_control_reset+0x10>)
10005774:	f7fc fefe 	bl	10002574 <__wrap_memset>
10005778:	bd10      	pop	{r4, pc}
1000577a:	46c0      	nop			@ (mov r8, r8)
1000577c:	20001be4 	.word	0x20001be4

10005780 <usbd_control_set_complete_callback>:
10005780:	4b01      	ldr	r3, [pc, #4]	@ (10005788 <usbd_control_set_complete_callback+0x8>)
10005782:	6118      	str	r0, [r3, #16]
10005784:	4770      	bx	lr
10005786:	46c0      	nop			@ (mov r8, r8)
10005788:	20001be4 	.word	0x20001be4

1000578c <usbd_control_set_request>:
1000578c:	b510      	push	{r4, lr}
1000578e:	4c05      	ldr	r4, [pc, #20]	@ (100057a4 <usbd_control_set_request+0x18>)
10005790:	0001      	movs	r1, r0
10005792:	2208      	movs	r2, #8
10005794:	0020      	movs	r0, r4
10005796:	f7fc fef3 	bl	10002580 <__wrap___aeabi_memcpy>
1000579a:	2300      	movs	r3, #0
1000579c:	60a3      	str	r3, [r4, #8]
1000579e:	60e3      	str	r3, [r4, #12]
100057a0:	bd10      	pop	{r4, pc}
100057a2:	46c0      	nop			@ (mov r8, r8)
100057a4:	20001be4 	.word	0x20001be4

100057a8 <usbd_control_xfer_cb>:
100057a8:	b570      	push	{r4, r5, r6, lr}
100057aa:	4c38      	ldr	r4, [pc, #224]	@ (1000588c <usbd_control_xfer_cb+0xe4>)
100057ac:	001d      	movs	r5, r3
100057ae:	7823      	ldrb	r3, [r4, #0]
100057b0:	0006      	movs	r6, r0
100057b2:	09da      	lsrs	r2, r3, #7
100057b4:	09c9      	lsrs	r1, r1, #7
100057b6:	428a      	cmp	r2, r1
100057b8:	d010      	beq.n	100057dc <usbd_control_xfer_cb+0x34>
100057ba:	2000      	movs	r0, #0
100057bc:	2d00      	cmp	r5, #0
100057be:	d000      	beq.n	100057c2 <usbd_control_xfer_cb+0x1a>
100057c0:	bd70      	pop	{r4, r5, r6, pc}
100057c2:	0021      	movs	r1, r4
100057c4:	0030      	movs	r0, r6
100057c6:	f7ff f917 	bl	100049f8 <dcd_edpt0_status_complete>
100057ca:	6923      	ldr	r3, [r4, #16]
100057cc:	2b00      	cmp	r3, #0
100057ce:	d003      	beq.n	100057d8 <usbd_control_xfer_cb+0x30>
100057d0:	0022      	movs	r2, r4
100057d2:	2103      	movs	r1, #3
100057d4:	0030      	movs	r0, r6
100057d6:	4798      	blx	r3
100057d8:	2001      	movs	r0, #1
100057da:	e7f1      	b.n	100057c0 <usbd_control_xfer_cb+0x18>
100057dc:	68a0      	ldr	r0, [r4, #8]
100057de:	2b7f      	cmp	r3, #127	@ 0x7f
100057e0:	d805      	bhi.n	100057ee <usbd_control_xfer_cb+0x46>
100057e2:	2800      	cmp	r0, #0
100057e4:	d034      	beq.n	10005850 <usbd_control_xfer_cb+0xa8>
100057e6:	002a      	movs	r2, r5
100057e8:	4929      	ldr	r1, [pc, #164]	@ (10005890 <usbd_control_xfer_cb+0xe8>)
100057ea:	f7fc fec9 	bl	10002580 <__wrap___aeabi_memcpy>
100057ee:	89e2      	ldrh	r2, [r4, #14]
100057f0:	68a1      	ldr	r1, [r4, #8]
100057f2:	1952      	adds	r2, r2, r5
100057f4:	88e3      	ldrh	r3, [r4, #6]
100057f6:	b292      	uxth	r2, r2
100057f8:	1949      	adds	r1, r1, r5
100057fa:	81e2      	strh	r2, [r4, #14]
100057fc:	60a1      	str	r1, [r4, #8]
100057fe:	4293      	cmp	r3, r2
10005800:	d014      	beq.n	1000582c <usbd_control_xfer_cb+0x84>
10005802:	2d3f      	cmp	r5, #63	@ 0x3f
10005804:	d912      	bls.n	1000582c <usbd_control_xfer_cb+0x84>
10005806:	89a3      	ldrh	r3, [r4, #12]
10005808:	1a98      	subs	r0, r3, r2
1000580a:	1c05      	adds	r5, r0, #0
1000580c:	b280      	uxth	r0, r0
1000580e:	2840      	cmp	r0, #64	@ 0x40
10005810:	d82a      	bhi.n	10005868 <usbd_control_xfer_cb+0xc0>
10005812:	7820      	ldrb	r0, [r4, #0]
10005814:	b2ad      	uxth	r5, r5
10005816:	287f      	cmp	r0, #127	@ 0x7f
10005818:	d828      	bhi.n	1000586c <usbd_control_xfer_cb+0xc4>
1000581a:	2100      	movs	r1, #0
1000581c:	429a      	cmp	r2, r3
1000581e:	d032      	beq.n	10005886 <usbd_control_xfer_cb+0xde>
10005820:	4a1b      	ldr	r2, [pc, #108]	@ (10005890 <usbd_control_xfer_cb+0xe8>)
10005822:	002b      	movs	r3, r5
10005824:	0030      	movs	r0, r6
10005826:	f7ff ff0f 	bl	10005648 <usbd_edpt_xfer>
1000582a:	e7c9      	b.n	100057c0 <usbd_control_xfer_cb+0x18>
1000582c:	6923      	ldr	r3, [r4, #16]
1000582e:	2b00      	cmp	r3, #0
10005830:	d005      	beq.n	1000583e <usbd_control_xfer_cb+0x96>
10005832:	0022      	movs	r2, r4
10005834:	2102      	movs	r1, #2
10005836:	0030      	movs	r0, r6
10005838:	4798      	blx	r3
1000583a:	2800      	cmp	r0, #0
1000583c:	d00a      	beq.n	10005854 <usbd_control_xfer_cb+0xac>
1000583e:	2180      	movs	r1, #128	@ 0x80
10005840:	7823      	ldrb	r3, [r4, #0]
10005842:	2200      	movs	r2, #0
10005844:	4399      	bics	r1, r3
10005846:	0030      	movs	r0, r6
10005848:	2300      	movs	r3, #0
1000584a:	f7ff fefd 	bl	10005648 <usbd_edpt_xfer>
1000584e:	e7b7      	b.n	100057c0 <usbd_control_xfer_cb+0x18>
10005850:	2000      	movs	r0, #0
10005852:	e7b5      	b.n	100057c0 <usbd_control_xfer_cb+0x18>
10005854:	2100      	movs	r1, #0
10005856:	0030      	movs	r0, r6
10005858:	f7ff f96e 	bl	10004b38 <dcd_edpt_stall>
1000585c:	0030      	movs	r0, r6
1000585e:	2180      	movs	r1, #128	@ 0x80
10005860:	f7ff f96a 	bl	10004b38 <dcd_edpt_stall>
10005864:	2001      	movs	r0, #1
10005866:	e7ab      	b.n	100057c0 <usbd_control_xfer_cb+0x18>
10005868:	2540      	movs	r5, #64	@ 0x40
1000586a:	e7d2      	b.n	10005812 <usbd_control_xfer_cb+0x6a>
1000586c:	429a      	cmp	r2, r3
1000586e:	d007      	beq.n	10005880 <usbd_control_xfer_cb+0xd8>
10005870:	4c07      	ldr	r4, [pc, #28]	@ (10005890 <usbd_control_xfer_cb+0xe8>)
10005872:	002a      	movs	r2, r5
10005874:	0020      	movs	r0, r4
10005876:	f7fc fe83 	bl	10002580 <__wrap___aeabi_memcpy>
1000587a:	2180      	movs	r1, #128	@ 0x80
1000587c:	0022      	movs	r2, r4
1000587e:	e7d0      	b.n	10005822 <usbd_control_xfer_cb+0x7a>
10005880:	2180      	movs	r1, #128	@ 0x80
10005882:	2200      	movs	r2, #0
10005884:	e7cd      	b.n	10005822 <usbd_control_xfer_cb+0x7a>
10005886:	2200      	movs	r2, #0
10005888:	e7cb      	b.n	10005822 <usbd_control_xfer_cb+0x7a>
1000588a:	46c0      	nop			@ (mov r8, r8)
1000588c:	20001be4 	.word	0x20001be4
10005890:	20001ba4 	.word	0x20001ba4

10005894 <_prep_out_transaction.isra.0>:
10005894:	b570      	push	{r4, r5, r6, lr}
10005896:	0005      	movs	r5, r0
10005898:	f7ff f9d0 	bl	10004c3c <tud_mounted>
1000589c:	2800      	cmp	r0, #0
1000589e:	d100      	bne.n	100058a2 <_prep_out_transaction.isra.0+0xe>
100058a0:	bd70      	pop	{r4, r5, r6, pc}
100058a2:	f7ff f9d3 	bl	10004c4c <tud_suspended>
100058a6:	2800      	cmp	r0, #0
100058a8:	d1fa      	bne.n	100058a0 <_prep_out_transaction.isra.0+0xc>
100058aa:	23c8      	movs	r3, #200	@ 0xc8
100058ac:	436b      	muls	r3, r5
100058ae:	4c12      	ldr	r4, [pc, #72]	@ (100058f8 <_prep_out_transaction.isra.0+0x64>)
100058b0:	18e6      	adds	r6, r4, r3
100058b2:	78f1      	ldrb	r1, [r6, #3]
100058b4:	2900      	cmp	r1, #0
100058b6:	d0f3      	beq.n	100058a0 <_prep_out_transaction.isra.0+0xc>
100058b8:	3310      	adds	r3, #16
100058ba:	191c      	adds	r4, r3, r4
100058bc:	0020      	movs	r0, r4
100058be:	f000 fbc1 	bl	10006044 <tu_fifo_remaining>
100058c2:	283f      	cmp	r0, #63	@ 0x3f
100058c4:	d9ec      	bls.n	100058a0 <_prep_out_transaction.isra.0+0xc>
100058c6:	2000      	movs	r0, #0
100058c8:	78f1      	ldrb	r1, [r6, #3]
100058ca:	f7ff fe95 	bl	100055f8 <usbd_edpt_claim>
100058ce:	2800      	cmp	r0, #0
100058d0:	d0e6      	beq.n	100058a0 <_prep_out_transaction.isra.0+0xc>
100058d2:	0020      	movs	r0, r4
100058d4:	f000 fbb6 	bl	10006044 <tu_fifo_remaining>
100058d8:	283f      	cmp	r0, #63	@ 0x3f
100058da:	d908      	bls.n	100058ee <_prep_out_transaction.isra.0+0x5a>
100058dc:	4b07      	ldr	r3, [pc, #28]	@ (100058fc <_prep_out_transaction.isra.0+0x68>)
100058de:	01ea      	lsls	r2, r5, #7
100058e0:	18d2      	adds	r2, r2, r3
100058e2:	78f1      	ldrb	r1, [r6, #3]
100058e4:	2340      	movs	r3, #64	@ 0x40
100058e6:	2000      	movs	r0, #0
100058e8:	f7ff feae 	bl	10005648 <usbd_edpt_xfer>
100058ec:	e7d8      	b.n	100058a0 <_prep_out_transaction.isra.0+0xc>
100058ee:	78f1      	ldrb	r1, [r6, #3]
100058f0:	2000      	movs	r0, #0
100058f2:	f7ff fe95 	bl	10005620 <usbd_edpt_release>
100058f6:	e7d3      	b.n	100058a0 <_prep_out_transaction.isra.0+0xc>
100058f8:	20001adc 	.word	0x20001adc
100058fc:	20001a58 	.word	0x20001a58

10005900 <tud_cdc_n_connected>:
10005900:	b510      	push	{r4, lr}
10005902:	0004      	movs	r4, r0
10005904:	f7ff f99a 	bl	10004c3c <tud_mounted>
10005908:	2800      	cmp	r0, #0
1000590a:	d101      	bne.n	10005910 <tud_cdc_n_connected+0x10>
1000590c:	2000      	movs	r0, #0
1000590e:	bd10      	pop	{r4, pc}
10005910:	f7ff f99c 	bl	10004c4c <tud_suspended>
10005914:	2800      	cmp	r0, #0
10005916:	d1f9      	bne.n	1000590c <tud_cdc_n_connected+0xc>
10005918:	22c8      	movs	r2, #200	@ 0xc8
1000591a:	4362      	muls	r2, r4
1000591c:	4b02      	ldr	r3, [pc, #8]	@ (10005928 <tud_cdc_n_connected+0x28>)
1000591e:	3001      	adds	r0, #1
10005920:	189b      	adds	r3, r3, r2
10005922:	791b      	ldrb	r3, [r3, #4]
10005924:	4018      	ands	r0, r3
10005926:	e7f2      	b.n	1000590e <tud_cdc_n_connected+0xe>
10005928:	20001adc 	.word	0x20001adc

1000592c <tud_cdc_n_available>:
1000592c:	23c8      	movs	r3, #200	@ 0xc8
1000592e:	b510      	push	{r4, lr}
10005930:	4343      	muls	r3, r0
10005932:	4802      	ldr	r0, [pc, #8]	@ (1000593c <tud_cdc_n_available+0x10>)
10005934:	1818      	adds	r0, r3, r0
10005936:	f000 fb67 	bl	10006008 <tu_fifo_count>
1000593a:	bd10      	pop	{r4, pc}
1000593c:	20001aec 	.word	0x20001aec

10005940 <tud_cdc_n_read>:
10005940:	b5f0      	push	{r4, r5, r6, r7, lr}
10005942:	24c8      	movs	r4, #200	@ 0xc8
10005944:	46c6      	mov	lr, r8
10005946:	2380      	movs	r3, #128	@ 0x80
10005948:	4344      	muls	r4, r0
1000594a:	4f1f      	ldr	r7, [pc, #124]	@ (100059c8 <tud_cdc_n_read+0x88>)
1000594c:	3410      	adds	r4, #16
1000594e:	0005      	movs	r5, r0
10005950:	b500      	push	{lr}
10005952:	193c      	adds	r4, r7, r4
10005954:	025b      	lsls	r3, r3, #9
10005956:	429a      	cmp	r2, r3
10005958:	d300      	bcc.n	1000595c <tud_cdc_n_read+0x1c>
1000595a:	4a1c      	ldr	r2, [pc, #112]	@ (100059cc <tud_cdc_n_read+0x8c>)
1000595c:	0020      	movs	r0, r4
1000595e:	b292      	uxth	r2, r2
10005960:	f000 fbd4 	bl	1000610c <tu_fifo_read_n>
10005964:	4680      	mov	r8, r0
10005966:	f7ff f969 	bl	10004c3c <tud_mounted>
1000596a:	2800      	cmp	r0, #0
1000596c:	d103      	bne.n	10005976 <tud_cdc_n_read+0x36>
1000596e:	4640      	mov	r0, r8
10005970:	bc80      	pop	{r7}
10005972:	46b8      	mov	r8, r7
10005974:	bdf0      	pop	{r4, r5, r6, r7, pc}
10005976:	f7ff f969 	bl	10004c4c <tud_suspended>
1000597a:	2800      	cmp	r0, #0
1000597c:	d1f7      	bne.n	1000596e <tud_cdc_n_read+0x2e>
1000597e:	26c8      	movs	r6, #200	@ 0xc8
10005980:	436e      	muls	r6, r5
10005982:	19be      	adds	r6, r7, r6
10005984:	78f3      	ldrb	r3, [r6, #3]
10005986:	2b00      	cmp	r3, #0
10005988:	d0f1      	beq.n	1000596e <tud_cdc_n_read+0x2e>
1000598a:	0020      	movs	r0, r4
1000598c:	f000 fb5a 	bl	10006044 <tu_fifo_remaining>
10005990:	283f      	cmp	r0, #63	@ 0x3f
10005992:	d9ec      	bls.n	1000596e <tud_cdc_n_read+0x2e>
10005994:	2000      	movs	r0, #0
10005996:	78f1      	ldrb	r1, [r6, #3]
10005998:	f7ff fe2e 	bl	100055f8 <usbd_edpt_claim>
1000599c:	2800      	cmp	r0, #0
1000599e:	d0e6      	beq.n	1000596e <tud_cdc_n_read+0x2e>
100059a0:	0020      	movs	r0, r4
100059a2:	f000 fb4f 	bl	10006044 <tu_fifo_remaining>
100059a6:	283f      	cmp	r0, #63	@ 0x3f
100059a8:	d908      	bls.n	100059bc <tud_cdc_n_read+0x7c>
100059aa:	4b09      	ldr	r3, [pc, #36]	@ (100059d0 <tud_cdc_n_read+0x90>)
100059ac:	01ea      	lsls	r2, r5, #7
100059ae:	18d2      	adds	r2, r2, r3
100059b0:	78f1      	ldrb	r1, [r6, #3]
100059b2:	2340      	movs	r3, #64	@ 0x40
100059b4:	2000      	movs	r0, #0
100059b6:	f7ff fe47 	bl	10005648 <usbd_edpt_xfer>
100059ba:	e7d8      	b.n	1000596e <tud_cdc_n_read+0x2e>
100059bc:	78f1      	ldrb	r1, [r6, #3]
100059be:	2000      	movs	r0, #0
100059c0:	f7ff fe2e 	bl	10005620 <usbd_edpt_release>
100059c4:	e7d3      	b.n	1000596e <tud_cdc_n_read+0x2e>
100059c6:	46c0      	nop			@ (mov r8, r8)
100059c8:	20001adc 	.word	0x20001adc
100059cc:	0000ffff 	.word	0x0000ffff
100059d0:	20001a58 	.word	0x20001a58

100059d4 <tud_cdc_n_write_flush>:
100059d4:	b5f8      	push	{r3, r4, r5, r6, r7, lr}
100059d6:	0006      	movs	r6, r0
100059d8:	f7ff f930 	bl	10004c3c <tud_mounted>
100059dc:	2800      	cmp	r0, #0
100059de:	d101      	bne.n	100059e4 <tud_cdc_n_write_flush+0x10>
100059e0:	2000      	movs	r0, #0
100059e2:	bdf8      	pop	{r3, r4, r5, r6, r7, pc}
100059e4:	f7ff f932 	bl	10004c4c <tud_suspended>
100059e8:	2800      	cmp	r0, #0
100059ea:	d1f9      	bne.n	100059e0 <tud_cdc_n_write_flush+0xc>
100059ec:	24c8      	movs	r4, #200	@ 0xc8
100059ee:	4374      	muls	r4, r6
100059f0:	0025      	movs	r5, r4
100059f2:	4f13      	ldr	r7, [pc, #76]	@ (10005a40 <tud_cdc_n_write_flush+0x6c>)
100059f4:	3524      	adds	r5, #36	@ 0x24
100059f6:	19ed      	adds	r5, r5, r7
100059f8:	0028      	movs	r0, r5
100059fa:	f000 fb05 	bl	10006008 <tu_fifo_count>
100059fe:	2800      	cmp	r0, #0
10005a00:	d0ee      	beq.n	100059e0 <tud_cdc_n_write_flush+0xc>
10005a02:	193f      	adds	r7, r7, r4
10005a04:	2000      	movs	r0, #0
10005a06:	78b9      	ldrb	r1, [r7, #2]
10005a08:	f7ff fdf6 	bl	100055f8 <usbd_edpt_claim>
10005a0c:	2800      	cmp	r0, #0
10005a0e:	d0e7      	beq.n	100059e0 <tud_cdc_n_write_flush+0xc>
10005a10:	4b0c      	ldr	r3, [pc, #48]	@ (10005a44 <tud_cdc_n_write_flush+0x70>)
10005a12:	01f4      	lsls	r4, r6, #7
10005a14:	18e4      	adds	r4, r4, r3
10005a16:	0021      	movs	r1, r4
10005a18:	0028      	movs	r0, r5
10005a1a:	2240      	movs	r2, #64	@ 0x40
10005a1c:	f000 fb76 	bl	1000610c <tu_fifo_read_n>
10005a20:	78b9      	ldrb	r1, [r7, #2]
10005a22:	1e05      	subs	r5, r0, #0
10005a24:	d008      	beq.n	10005a38 <tud_cdc_n_write_flush+0x64>
10005a26:	0003      	movs	r3, r0
10005a28:	0022      	movs	r2, r4
10005a2a:	2000      	movs	r0, #0
10005a2c:	f7ff fe0c 	bl	10005648 <usbd_edpt_xfer>
10005a30:	2800      	cmp	r0, #0
10005a32:	d0d5      	beq.n	100059e0 <tud_cdc_n_write_flush+0xc>
10005a34:	0028      	movs	r0, r5
10005a36:	e7d4      	b.n	100059e2 <tud_cdc_n_write_flush+0xe>
10005a38:	2000      	movs	r0, #0
10005a3a:	f7ff fdf1 	bl	10005620 <usbd_edpt_release>
10005a3e:	e7cf      	b.n	100059e0 <tud_cdc_n_write_flush+0xc>
10005a40:	20001adc 	.word	0x20001adc
10005a44:	20001a98 	.word	0x20001a98

10005a48 <tud_cdc_n_write>:
10005a48:	b570      	push	{r4, r5, r6, lr}
10005a4a:	24c8      	movs	r4, #200	@ 0xc8
10005a4c:	4344      	muls	r4, r0
10005a4e:	4b0c      	ldr	r3, [pc, #48]	@ (10005a80 <tud_cdc_n_write+0x38>)
10005a50:	0005      	movs	r5, r0
10005a52:	18e4      	adds	r4, r4, r3
10005a54:	2380      	movs	r3, #128	@ 0x80
10005a56:	025b      	lsls	r3, r3, #9
10005a58:	429a      	cmp	r2, r3
10005a5a:	d300      	bcc.n	10005a5e <tud_cdc_n_write+0x16>
10005a5c:	4a09      	ldr	r2, [pc, #36]	@ (10005a84 <tud_cdc_n_write+0x3c>)
10005a5e:	0020      	movs	r0, r4
10005a60:	b292      	uxth	r2, r2
10005a62:	f000 fc1b 	bl	1000629c <tu_fifo_write_n>
10005a66:	0006      	movs	r6, r0
10005a68:	0020      	movs	r0, r4
10005a6a:	f000 facd 	bl	10006008 <tu_fifo_count>
10005a6e:	283f      	cmp	r0, #63	@ 0x3f
10005a70:	d801      	bhi.n	10005a76 <tud_cdc_n_write+0x2e>
10005a72:	0030      	movs	r0, r6
10005a74:	bd70      	pop	{r4, r5, r6, pc}
10005a76:	0028      	movs	r0, r5
10005a78:	f7ff ffac 	bl	100059d4 <tud_cdc_n_write_flush>
10005a7c:	e7f9      	b.n	10005a72 <tud_cdc_n_write+0x2a>
10005a7e:	46c0      	nop			@ (mov r8, r8)
10005a80:	20001b00 	.word	0x20001b00
10005a84:	0000ffff 	.word	0x0000ffff

10005a88 <tud_cdc_n_write_available>:
10005a88:	23c8      	movs	r3, #200	@ 0xc8
10005a8a:	b510      	push	{r4, lr}
10005a8c:	4343      	muls	r3, r0
10005a8e:	4802      	ldr	r0, [pc, #8]	@ (10005a98 <tud_cdc_n_write_available+0x10>)
10005a90:	1818      	adds	r0, r3, r0
10005a92:	f000 fad7 	bl	10006044 <tu_fifo_remaining>
10005a96:	bd10      	pop	{r4, pc}
10005a98:	20001b00 	.word	0x20001b00

10005a9c <cdcd_init>:
10005a9c:	b5f0      	push	{r4, r5, r6, r7, lr}
10005a9e:	2500      	movs	r5, #0
10005aa0:	4c18      	ldr	r4, [pc, #96]	@ (10005b04 <cdcd_init+0x68>)
10005aa2:	b083      	sub	sp, #12
10005aa4:	22c8      	movs	r2, #200	@ 0xc8
10005aa6:	2100      	movs	r1, #0
10005aa8:	0020      	movs	r0, r4
10005aaa:	f7fc fd63 	bl	10002574 <__wrap_memset>
10005aae:	4b16      	ldr	r3, [pc, #88]	@ (10005b08 <cdcd_init+0x6c>)
10005ab0:	0021      	movs	r1, r4
10005ab2:	701d      	strb	r5, [r3, #0]
10005ab4:	23ff      	movs	r3, #255	@ 0xff
10005ab6:	7163      	strb	r3, [r4, #5]
10005ab8:	23e1      	movs	r3, #225	@ 0xe1
10005aba:	025b      	lsls	r3, r3, #9
10005abc:	60a3      	str	r3, [r4, #8]
10005abe:	0020      	movs	r0, r4
10005ac0:	2308      	movs	r3, #8
10005ac2:	2240      	movs	r2, #64	@ 0x40
10005ac4:	73a3      	strb	r3, [r4, #14]
10005ac6:	3138      	adds	r1, #56	@ 0x38
10005ac8:	9500      	str	r5, [sp, #0]
10005aca:	3b07      	subs	r3, #7
10005acc:	3010      	adds	r0, #16
10005ace:	f000 fa65 	bl	10005f9c <tu_fifo_config>
10005ad2:	0027      	movs	r7, r4
10005ad4:	2301      	movs	r3, #1
10005ad6:	0021      	movs	r1, r4
10005ad8:	0020      	movs	r0, r4
10005ada:	0026      	movs	r6, r4
10005adc:	2240      	movs	r2, #64	@ 0x40
10005ade:	3178      	adds	r1, #120	@ 0x78
10005ae0:	9300      	str	r3, [sp, #0]
10005ae2:	37b8      	adds	r7, #184	@ 0xb8
10005ae4:	3024      	adds	r0, #36	@ 0x24
10005ae6:	f000 fa59 	bl	10005f9c <tu_fifo_config>
10005aea:	36c0      	adds	r6, #192	@ 0xc0
10005aec:	0038      	movs	r0, r7
10005aee:	f7fb f90f 	bl	10000d10 <mutex_init>
10005af2:	0030      	movs	r0, r6
10005af4:	f7fb f90c 	bl	10000d10 <mutex_init>
10005af8:	61e5      	str	r5, [r4, #28]
10005afa:	6227      	str	r7, [r4, #32]
10005afc:	6326      	str	r6, [r4, #48]	@ 0x30
10005afe:	6365      	str	r5, [r4, #52]	@ 0x34
10005b00:	b003      	add	sp, #12
10005b02:	bdf0      	pop	{r4, r5, r6, r7, pc}
10005b04:	20001adc 	.word	0x20001adc
10005b08:	20001ad8 	.word	0x20001ad8

10005b0c <cdcd_deinit>:
10005b0c:	4b0b      	ldr	r3, [pc, #44]	@ (10005b3c <cdcd_deinit+0x30>)
10005b0e:	6b19      	ldr	r1, [r3, #48]	@ 0x30
10005b10:	2900      	cmp	r1, #0
10005b12:	d00a      	beq.n	10005b2a <cdcd_deinit+0x1e>
10005b14:	6a1a      	ldr	r2, [r3, #32]
10005b16:	2a00      	cmp	r2, #0
10005b18:	d00d      	beq.n	10005b36 <cdcd_deinit+0x2a>
10005b1a:	2200      	movs	r2, #0
10005b1c:	621a      	str	r2, [r3, #32]
10005b1e:	631a      	str	r2, [r3, #48]	@ 0x30
10005b20:	61da      	str	r2, [r3, #28]
10005b22:	2200      	movs	r2, #0
10005b24:	635a      	str	r2, [r3, #52]	@ 0x34
10005b26:	2001      	movs	r0, #1
10005b28:	4770      	bx	lr
10005b2a:	6a1a      	ldr	r2, [r3, #32]
10005b2c:	2a00      	cmp	r2, #0
10005b2e:	d0fa      	beq.n	10005b26 <cdcd_deinit+0x1a>
10005b30:	61d9      	str	r1, [r3, #28]
10005b32:	6219      	str	r1, [r3, #32]
10005b34:	e7f7      	b.n	10005b26 <cdcd_deinit+0x1a>
10005b36:	631a      	str	r2, [r3, #48]	@ 0x30
10005b38:	e7f3      	b.n	10005b22 <cdcd_deinit+0x16>
10005b3a:	46c0      	nop			@ (mov r8, r8)
10005b3c:	20001adc 	.word	0x20001adc

10005b40 <cdcd_reset>:
10005b40:	b570      	push	{r4, r5, r6, lr}
10005b42:	4c0f      	ldr	r4, [pc, #60]	@ (10005b80 <cdcd_reset+0x40>)
10005b44:	2205      	movs	r2, #5
10005b46:	2100      	movs	r1, #0
10005b48:	0020      	movs	r0, r4
10005b4a:	f7fc fd13 	bl	10002574 <__wrap_memset>
10005b4e:	4d0d      	ldr	r5, [pc, #52]	@ (10005b84 <cdcd_reset+0x44>)
10005b50:	782b      	ldrb	r3, [r5, #0]
10005b52:	07da      	lsls	r2, r3, #31
10005b54:	d507      	bpl.n	10005b66 <cdcd_reset+0x26>
10005b56:	4c0c      	ldr	r4, [pc, #48]	@ (10005b88 <cdcd_reset+0x48>)
10005b58:	079b      	lsls	r3, r3, #30
10005b5a:	d50c      	bpl.n	10005b76 <cdcd_reset+0x36>
10005b5c:	2101      	movs	r1, #1
10005b5e:	0020      	movs	r0, r4
10005b60:	f000 fc78 	bl	10006454 <tu_fifo_set_overwritable>
10005b64:	bd70      	pop	{r4, r5, r6, pc}
10005b66:	0020      	movs	r0, r4
10005b68:	3010      	adds	r0, #16
10005b6a:	f000 fc53 	bl	10006414 <tu_fifo_clear>
10005b6e:	782b      	ldrb	r3, [r5, #0]
10005b70:	4c05      	ldr	r4, [pc, #20]	@ (10005b88 <cdcd_reset+0x48>)
10005b72:	079b      	lsls	r3, r3, #30
10005b74:	d4f2      	bmi.n	10005b5c <cdcd_reset+0x1c>
10005b76:	0020      	movs	r0, r4
10005b78:	f000 fc4c 	bl	10006414 <tu_fifo_clear>
10005b7c:	e7ee      	b.n	10005b5c <cdcd_reset+0x1c>
10005b7e:	46c0      	nop			@ (mov r8, r8)
10005b80:	20001adc 	.word	0x20001adc
10005b84:	20001ad8 	.word	0x20001ad8
10005b88:	20001b00 	.word	0x20001b00

10005b8c <cdcd_open>:
10005b8c:	b5f0      	push	{r4, r5, r6, r7, lr}
10005b8e:	794b      	ldrb	r3, [r1, #5]
10005b90:	0006      	movs	r6, r0
10005b92:	b083      	sub	sp, #12
10005b94:	2b02      	cmp	r3, #2
10005b96:	d102      	bne.n	10005b9e <cdcd_open+0x12>
10005b98:	798b      	ldrb	r3, [r1, #6]
10005b9a:	2b02      	cmp	r3, #2
10005b9c:	d003      	beq.n	10005ba6 <cdcd_open+0x1a>
10005b9e:	2500      	movs	r5, #0
10005ba0:	0028      	movs	r0, r5
10005ba2:	b003      	add	sp, #12
10005ba4:	bdf0      	pop	{r4, r5, r6, r7, pc}
10005ba6:	4f21      	ldr	r7, [pc, #132]	@ (10005c2c <cdcd_open+0xa0>)
10005ba8:	78bb      	ldrb	r3, [r7, #2]
10005baa:	2b00      	cmp	r3, #0
10005bac:	d1f7      	bne.n	10005b9e <cdcd_open+0x12>
10005bae:	788b      	ldrb	r3, [r1, #2]
10005bb0:	2509      	movs	r5, #9
10005bb2:	703b      	strb	r3, [r7, #0]
10005bb4:	780c      	ldrb	r4, [r1, #0]
10005bb6:	190c      	adds	r4, r1, r4
10005bb8:	7863      	ldrb	r3, [r4, #1]
10005bba:	2b24      	cmp	r3, #36	@ 0x24
10005bbc:	d10b      	bne.n	10005bd6 <cdcd_open+0x4a>
10005bbe:	2a08      	cmp	r2, #8
10005bc0:	d802      	bhi.n	10005bc8 <cdcd_open+0x3c>
10005bc2:	e00f      	b.n	10005be4 <cdcd_open+0x58>
10005bc4:	42aa      	cmp	r2, r5
10005bc6:	d30d      	bcc.n	10005be4 <cdcd_open+0x58>
10005bc8:	7823      	ldrb	r3, [r4, #0]
10005bca:	18e4      	adds	r4, r4, r3
10005bcc:	195d      	adds	r5, r3, r5
10005bce:	7863      	ldrb	r3, [r4, #1]
10005bd0:	b2ad      	uxth	r5, r5
10005bd2:	2b24      	cmp	r3, #36	@ 0x24
10005bd4:	d0f6      	beq.n	10005bc4 <cdcd_open+0x38>
10005bd6:	2b05      	cmp	r3, #5
10005bd8:	d008      	beq.n	10005bec <cdcd_open+0x60>
10005bda:	2b04      	cmp	r3, #4
10005bdc:	d102      	bne.n	10005be4 <cdcd_open+0x58>
10005bde:	7963      	ldrb	r3, [r4, #5]
10005be0:	2b0a      	cmp	r3, #10
10005be2:	d011      	beq.n	10005c08 <cdcd_open+0x7c>
10005be4:	2000      	movs	r0, #0
10005be6:	f7ff fe55 	bl	10005894 <_prep_out_transaction.isra.0>
10005bea:	e7d9      	b.n	10005ba0 <cdcd_open+0x14>
10005bec:	0021      	movs	r1, r4
10005bee:	0030      	movs	r0, r6
10005bf0:	f7ff fce8 	bl	100055c4 <usbd_edpt_open>
10005bf4:	2800      	cmp	r0, #0
10005bf6:	d0d2      	beq.n	10005b9e <cdcd_open+0x12>
10005bf8:	78a3      	ldrb	r3, [r4, #2]
10005bfa:	707b      	strb	r3, [r7, #1]
10005bfc:	7823      	ldrb	r3, [r4, #0]
10005bfe:	195d      	adds	r5, r3, r5
10005c00:	18e4      	adds	r4, r4, r3
10005c02:	7863      	ldrb	r3, [r4, #1]
10005c04:	b2ad      	uxth	r5, r5
10005c06:	e7e8      	b.n	10005bda <cdcd_open+0x4e>
10005c08:	4b09      	ldr	r3, [pc, #36]	@ (10005c30 <cdcd_open+0xa4>)
10005c0a:	7827      	ldrb	r7, [r4, #0]
10005c0c:	9301      	str	r3, [sp, #4]
10005c0e:	3301      	adds	r3, #1
10005c10:	9300      	str	r3, [sp, #0]
10005c12:	2202      	movs	r2, #2
10005c14:	2302      	movs	r3, #2
10005c16:	0030      	movs	r0, r6
10005c18:	19e1      	adds	r1, r4, r7
10005c1a:	f7ff fc85 	bl	10005528 <usbd_open_edpt_pair>
10005c1e:	2800      	cmp	r0, #0
10005c20:	d0bd      	beq.n	10005b9e <cdcd_open+0x12>
10005c22:	350e      	adds	r5, #14
10005c24:	19ed      	adds	r5, r5, r7
10005c26:	b2ad      	uxth	r5, r5
10005c28:	e7dc      	b.n	10005be4 <cdcd_open+0x58>
10005c2a:	46c0      	nop			@ (mov r8, r8)
10005c2c:	20001adc 	.word	0x20001adc
10005c30:	20001ade 	.word	0x20001ade

10005c34 <cdcd_control_xfer_cb>:
10005c34:	b5f8      	push	{r3, r4, r5, r6, r7, lr}
10005c36:	2360      	movs	r3, #96	@ 0x60
10005c38:	0014      	movs	r4, r2
10005c3a:	7812      	ldrb	r2, [r2, #0]
10005c3c:	0005      	movs	r5, r0
10005c3e:	4013      	ands	r3, r2
10005c40:	2000      	movs	r0, #0
10005c42:	2b20      	cmp	r3, #32
10005c44:	d107      	bne.n	10005c56 <cdcd_control_xfer_cb+0x22>
10005c46:	4a30      	ldr	r2, [pc, #192]	@ (10005d08 <cdcd_control_xfer_cb+0xd4>)
10005c48:	7963      	ldrb	r3, [r4, #5]
10005c4a:	7927      	ldrb	r7, [r4, #4]
10005c4c:	7816      	ldrb	r6, [r2, #0]
10005c4e:	021b      	lsls	r3, r3, #8
10005c50:	433b      	orrs	r3, r7
10005c52:	429e      	cmp	r6, r3
10005c54:	d000      	beq.n	10005c58 <cdcd_control_xfer_cb+0x24>
10005c56:	bdf8      	pop	{r3, r4, r5, r6, r7, pc}
10005c58:	7863      	ldrb	r3, [r4, #1]
10005c5a:	2b22      	cmp	r3, #34	@ 0x22
10005c5c:	d01a      	beq.n	10005c94 <cdcd_control_xfer_cb+0x60>
10005c5e:	d807      	bhi.n	10005c70 <cdcd_control_xfer_cb+0x3c>
10005c60:	2b20      	cmp	r3, #32
10005c62:	d034      	beq.n	10005cce <cdcd_control_xfer_cb+0x9a>
10005c64:	2b21      	cmp	r3, #33	@ 0x21
10005c66:	d1f6      	bne.n	10005c56 <cdcd_control_xfer_cb+0x22>
10005c68:	2901      	cmp	r1, #1
10005c6a:	d03e      	beq.n	10005cea <cdcd_control_xfer_cb+0xb6>
10005c6c:	2001      	movs	r0, #1
10005c6e:	e7f2      	b.n	10005c56 <cdcd_control_xfer_cb+0x22>
10005c70:	2b23      	cmp	r3, #35	@ 0x23
10005c72:	d1f0      	bne.n	10005c56 <cdcd_control_xfer_cb+0x22>
10005c74:	2901      	cmp	r1, #1
10005c76:	d040      	beq.n	10005cfa <cdcd_control_xfer_cb+0xc6>
10005c78:	2903      	cmp	r1, #3
10005c7a:	d1f7      	bne.n	10005c6c <cdcd_control_xfer_cb+0x38>
10005c7c:	4b23      	ldr	r3, [pc, #140]	@ (10005d0c <cdcd_control_xfer_cb+0xd8>)
10005c7e:	2b00      	cmp	r3, #0
10005c80:	d0f4      	beq.n	10005c6c <cdcd_control_xfer_cb+0x38>
10005c82:	78e1      	ldrb	r1, [r4, #3]
10005c84:	78a3      	ldrb	r3, [r4, #2]
10005c86:	0209      	lsls	r1, r1, #8
10005c88:	2000      	movs	r0, #0
10005c8a:	4319      	orrs	r1, r3
10005c8c:	e000      	b.n	10005c90 <cdcd_control_xfer_cb+0x5c>
10005c8e:	bf00      	nop
10005c90:	2001      	movs	r0, #1
10005c92:	e7e0      	b.n	10005c56 <cdcd_control_xfer_cb+0x22>
10005c94:	2901      	cmp	r1, #1
10005c96:	d030      	beq.n	10005cfa <cdcd_control_xfer_cb+0xc6>
10005c98:	2903      	cmp	r1, #3
10005c9a:	d1e7      	bne.n	10005c6c <cdcd_control_xfer_cb+0x38>
10005c9c:	2501      	movs	r5, #1
10005c9e:	002e      	movs	r6, r5
10005ca0:	78a3      	ldrb	r3, [r4, #2]
10005ca2:	78e4      	ldrb	r4, [r4, #3]
10005ca4:	3902      	subs	r1, #2
10005ca6:	0224      	lsls	r4, r4, #8
10005ca8:	431c      	orrs	r4, r3
10005caa:	7114      	strb	r4, [r2, #4]
10005cac:	4026      	ands	r6, r4
10005cae:	3224      	adds	r2, #36	@ 0x24
10005cb0:	0010      	movs	r0, r2
10005cb2:	4071      	eors	r1, r6
10005cb4:	f000 fbce 	bl	10006454 <tu_fifo_set_overwritable>
10005cb8:	4b15      	ldr	r3, [pc, #84]	@ (10005d10 <cdcd_control_xfer_cb+0xdc>)
10005cba:	2b00      	cmp	r3, #0
10005cbc:	d0d6      	beq.n	10005c6c <cdcd_control_xfer_cb+0x38>
10005cbe:	0862      	lsrs	r2, r4, #1
10005cc0:	2000      	movs	r0, #0
10005cc2:	0031      	movs	r1, r6
10005cc4:	402a      	ands	r2, r5
10005cc6:	e000      	b.n	10005cca <cdcd_control_xfer_cb+0x96>
10005cc8:	bf00      	nop
10005cca:	2001      	movs	r0, #1
10005ccc:	e7c3      	b.n	10005c56 <cdcd_control_xfer_cb+0x22>
10005cce:	2901      	cmp	r1, #1
10005cd0:	d00b      	beq.n	10005cea <cdcd_control_xfer_cb+0xb6>
10005cd2:	2903      	cmp	r1, #3
10005cd4:	d1ca      	bne.n	10005c6c <cdcd_control_xfer_cb+0x38>
10005cd6:	4b0f      	ldr	r3, [pc, #60]	@ (10005d14 <cdcd_control_xfer_cb+0xe0>)
10005cd8:	2b00      	cmp	r3, #0
10005cda:	d0c7      	beq.n	10005c6c <cdcd_control_xfer_cb+0x38>
10005cdc:	3208      	adds	r2, #8
10005cde:	2000      	movs	r0, #0
10005ce0:	0011      	movs	r1, r2
10005ce2:	f7fe fe0d 	bl	10004900 <tud_cdc_line_coding_cb>
10005ce6:	2001      	movs	r0, #1
10005ce8:	e7b5      	b.n	10005c56 <cdcd_control_xfer_cb+0x22>
10005cea:	2307      	movs	r3, #7
10005cec:	0021      	movs	r1, r4
10005cee:	0028      	movs	r0, r5
10005cf0:	4a09      	ldr	r2, [pc, #36]	@ (10005d18 <cdcd_control_xfer_cb+0xe4>)
10005cf2:	f7ff fce5 	bl	100056c0 <tud_control_xfer>
10005cf6:	2001      	movs	r0, #1
10005cf8:	e7ad      	b.n	10005c56 <cdcd_control_xfer_cb+0x22>
10005cfa:	0021      	movs	r1, r4
10005cfc:	0028      	movs	r0, r5
10005cfe:	f7ff fcc9 	bl	10005694 <tud_control_status>
10005d02:	2001      	movs	r0, #1
10005d04:	e7a7      	b.n	10005c56 <cdcd_control_xfer_cb+0x22>
10005d06:	46c0      	nop			@ (mov r8, r8)
10005d08:	20001adc 	.word	0x20001adc
	...
10005d14:	10004901 	.word	0x10004901
10005d18:	20001ae4 	.word	0x20001ae4

10005d1c <cdcd_xfer_cb>:
10005d1c:	b5f0      	push	{r4, r5, r6, r7, lr}
10005d1e:	464f      	mov	r7, r9
10005d20:	4646      	mov	r6, r8
10005d22:	46d6      	mov	lr, sl
10005d24:	4d36      	ldr	r5, [pc, #216]	@ (10005e00 <cdcd_xfer_cb+0xe4>)
10005d26:	b5c0      	push	{r6, r7, lr}
10005d28:	78ea      	ldrb	r2, [r5, #3]
10005d2a:	001f      	movs	r7, r3
10005d2c:	4680      	mov	r8, r0
10005d2e:	000c      	movs	r4, r1
10005d30:	78ab      	ldrb	r3, [r5, #2]
10005d32:	428a      	cmp	r2, r1
10005d34:	d03b      	beq.n	10005dae <cdcd_xfer_cb+0x92>
10005d36:	428b      	cmp	r3, r1
10005d38:	d010      	beq.n	10005d5c <cdcd_xfer_cb+0x40>
10005d3a:	2000      	movs	r0, #0
10005d3c:	bce0      	pop	{r5, r6, r7}
10005d3e:	46ba      	mov	sl, r7
10005d40:	46b1      	mov	r9, r6
10005d42:	46a8      	mov	r8, r5
10005d44:	bdf0      	pop	{r4, r5, r6, r7, pc}
10005d46:	4b2f      	ldr	r3, [pc, #188]	@ (10005e04 <cdcd_xfer_cb+0xe8>)
10005d48:	2b00      	cmp	r3, #0
10005d4a:	d004      	beq.n	10005d56 <cdcd_xfer_cb+0x3a>
10005d4c:	482e      	ldr	r0, [pc, #184]	@ (10005e08 <cdcd_xfer_cb+0xec>)
10005d4e:	f000 f971 	bl	10006034 <tu_fifo_empty>
10005d52:	2800      	cmp	r0, #0
10005d54:	d051      	beq.n	10005dfa <cdcd_xfer_cb+0xde>
10005d56:	2000      	movs	r0, #0
10005d58:	f7ff fd9c 	bl	10005894 <_prep_out_transaction.isra.0>
10005d5c:	78ab      	ldrb	r3, [r5, #2]
10005d5e:	42a3      	cmp	r3, r4
10005d60:	d001      	beq.n	10005d66 <cdcd_xfer_cb+0x4a>
10005d62:	2001      	movs	r0, #1
10005d64:	e7ea      	b.n	10005d3c <cdcd_xfer_cb+0x20>
10005d66:	4b29      	ldr	r3, [pc, #164]	@ (10005e0c <cdcd_xfer_cb+0xf0>)
10005d68:	2b00      	cmp	r3, #0
10005d6a:	d002      	beq.n	10005d72 <cdcd_xfer_cb+0x56>
10005d6c:	2000      	movs	r0, #0
10005d6e:	e000      	b.n	10005d72 <cdcd_xfer_cb+0x56>
10005d70:	bf00      	nop
10005d72:	2000      	movs	r0, #0
10005d74:	f7ff fe2e 	bl	100059d4 <tud_cdc_n_write_flush>
10005d78:	2800      	cmp	r0, #0
10005d7a:	d1f2      	bne.n	10005d62 <cdcd_xfer_cb+0x46>
10005d7c:	4c24      	ldr	r4, [pc, #144]	@ (10005e10 <cdcd_xfer_cb+0xf4>)
10005d7e:	0020      	movs	r0, r4
10005d80:	f000 f942 	bl	10006008 <tu_fifo_count>
10005d84:	2800      	cmp	r0, #0
10005d86:	d1ec      	bne.n	10005d62 <cdcd_xfer_cb+0x46>
10005d88:	2f00      	cmp	r7, #0
10005d8a:	d0ea      	beq.n	10005d62 <cdcd_xfer_cb+0x46>
10005d8c:	06bf      	lsls	r7, r7, #26
10005d8e:	d1e8      	bne.n	10005d62 <cdcd_xfer_cb+0x46>
10005d90:	3c24      	subs	r4, #36	@ 0x24
10005d92:	4640      	mov	r0, r8
10005d94:	78a1      	ldrb	r1, [r4, #2]
10005d96:	f7ff fc2f 	bl	100055f8 <usbd_edpt_claim>
10005d9a:	2800      	cmp	r0, #0
10005d9c:	d0e1      	beq.n	10005d62 <cdcd_xfer_cb+0x46>
10005d9e:	2300      	movs	r3, #0
10005da0:	2200      	movs	r2, #0
10005da2:	4640      	mov	r0, r8
10005da4:	78a1      	ldrb	r1, [r4, #2]
10005da6:	f7ff fc4f 	bl	10005648 <usbd_edpt_xfer>
10005daa:	2001      	movs	r0, #1
10005dac:	e7c6      	b.n	10005d3c <cdcd_xfer_cb+0x20>
10005dae:	2310      	movs	r3, #16
10005db0:	469a      	mov	sl, r3
10005db2:	4e18      	ldr	r6, [pc, #96]	@ (10005e14 <cdcd_xfer_cb+0xf8>)
10005db4:	44aa      	add	sl, r5
10005db6:	0031      	movs	r1, r6
10005db8:	4650      	mov	r0, sl
10005dba:	b2ba      	uxth	r2, r7
10005dbc:	f000 fa6e 	bl	1000629c <tu_fifo_write_n>
10005dc0:	4b15      	ldr	r3, [pc, #84]	@ (10005e18 <cdcd_xfer_cb+0xfc>)
10005dc2:	2b00      	cmp	r3, #0
10005dc4:	d0bf      	beq.n	10005d46 <cdcd_xfer_cb+0x2a>
10005dc6:	796b      	ldrb	r3, [r5, #5]
10005dc8:	2bff      	cmp	r3, #255	@ 0xff
10005dca:	d0bc      	beq.n	10005d46 <cdcd_xfer_cb+0x2a>
10005dcc:	2f00      	cmp	r7, #0
10005dce:	d0ba      	beq.n	10005d46 <cdcd_xfer_cb+0x2a>
10005dd0:	19f2      	adds	r2, r6, r7
10005dd2:	4691      	mov	r9, r2
10005dd4:	e003      	b.n	10005dde <cdcd_xfer_cb+0xc2>
10005dd6:	3601      	adds	r6, #1
10005dd8:	45b1      	cmp	r9, r6
10005dda:	d0b4      	beq.n	10005d46 <cdcd_xfer_cb+0x2a>
10005ddc:	796b      	ldrb	r3, [r5, #5]
10005dde:	7832      	ldrb	r2, [r6, #0]
10005de0:	429a      	cmp	r2, r3
10005de2:	d1f8      	bne.n	10005dd6 <cdcd_xfer_cb+0xba>
10005de4:	4650      	mov	r0, sl
10005de6:	f000 f925 	bl	10006034 <tu_fifo_empty>
10005dea:	2800      	cmp	r0, #0
10005dec:	d1f3      	bne.n	10005dd6 <cdcd_xfer_cb+0xba>
10005dee:	4653      	mov	r3, sl
10005df0:	3b10      	subs	r3, #16
10005df2:	7959      	ldrb	r1, [r3, #5]
10005df4:	e000      	b.n	10005df8 <cdcd_xfer_cb+0xdc>
10005df6:	bf00      	nop
10005df8:	e7ed      	b.n	10005dd6 <cdcd_xfer_cb+0xba>
10005dfa:	e000      	b.n	10005dfe <cdcd_xfer_cb+0xe2>
10005dfc:	bf00      	nop
10005dfe:	e7aa      	b.n	10005d56 <cdcd_xfer_cb+0x3a>
10005e00:	20001adc 	.word	0x20001adc
10005e04:	00000000 	.word	0x00000000
10005e08:	20001aec 	.word	0x20001aec
10005e0c:	00000000 	.word	0x00000000
10005e10:	20001b00 	.word	0x20001b00
10005e14:	20001a58 	.word	0x20001a58
10005e18:	00000000 	.word	0x00000000

10005e1c <tusb_rhport_init>:
10005e1c:	b500      	push	{lr}
10005e1e:	0003      	movs	r3, r0
10005e20:	b083      	sub	sp, #12
10005e22:	2900      	cmp	r1, #0
10005e24:	d010      	beq.n	10005e48 <tusb_rhport_init+0x2c>
10005e26:	2000      	movs	r0, #0
10005e28:	2b01      	cmp	r3, #1
10005e2a:	d807      	bhi.n	10005e3c <tusb_rhport_init+0x20>
10005e2c:	780a      	ldrb	r2, [r1, #0]
10005e2e:	2a00      	cmp	r2, #0
10005e30:	d004      	beq.n	10005e3c <tusb_rhport_init+0x20>
10005e32:	480b      	ldr	r0, [pc, #44]	@ (10005e60 <tusb_rhport_init+0x44>)
10005e34:	54c2      	strb	r2, [r0, r3]
10005e36:	2001      	movs	r0, #1
10005e38:	2a01      	cmp	r2, #1
10005e3a:	d001      	beq.n	10005e40 <tusb_rhport_init+0x24>
10005e3c:	b003      	add	sp, #12
10005e3e:	bd00      	pop	{pc}
10005e40:	0018      	movs	r0, r3
10005e42:	f7fe ff0b 	bl	10004c5c <tud_rhport_init>
10005e46:	e7f9      	b.n	10005e3c <tusb_rhport_init+0x20>
10005e48:	2301      	movs	r3, #1
10005e4a:	a901      	add	r1, sp, #4
10005e4c:	2000      	movs	r0, #0
10005e4e:	800b      	strh	r3, [r1, #0]
10005e50:	f7fe ff04 	bl	10004c5c <tud_rhport_init>
10005e54:	2800      	cmp	r0, #0
10005e56:	d0f1      	beq.n	10005e3c <tusb_rhport_init+0x20>
10005e58:	2201      	movs	r2, #1
10005e5a:	4b01      	ldr	r3, [pc, #4]	@ (10005e60 <tusb_rhport_init+0x44>)
10005e5c:	701a      	strb	r2, [r3, #0]
10005e5e:	e7ed      	b.n	10005e3c <tusb_rhport_init+0x20>
10005e60:	20001bf8 	.word	0x20001bf8

10005e64 <tu_edpt_claim>:
10005e64:	7803      	ldrb	r3, [r0, #0]
10005e66:	b570      	push	{r4, r5, r6, lr}
10005e68:	07db      	lsls	r3, r3, #31
10005e6a:	0004      	movs	r4, r0
10005e6c:	000e      	movs	r6, r1
10005e6e:	0fdd      	lsrs	r5, r3, #31
10005e70:	2b00      	cmp	r3, #0
10005e72:	d117      	bne.n	10005ea4 <tu_edpt_claim+0x40>
10005e74:	7803      	ldrb	r3, [r0, #0]
10005e76:	075b      	lsls	r3, r3, #29
10005e78:	d501      	bpl.n	10005e7e <tu_edpt_claim+0x1a>
10005e7a:	0028      	movs	r0, r5
10005e7c:	bd70      	pop	{r4, r5, r6, pc}
10005e7e:	2101      	movs	r1, #1
10005e80:	0030      	movs	r0, r6
10005e82:	4249      	negs	r1, r1
10005e84:	f004 f924 	bl	1000a0d0 <__mutex_enter_timeout_ms_veneer>
10005e88:	7823      	ldrb	r3, [r4, #0]
10005e8a:	07db      	lsls	r3, r3, #31
10005e8c:	0fdd      	lsrs	r5, r3, #31
10005e8e:	2b00      	cmp	r3, #0
10005e90:	d10a      	bne.n	10005ea8 <tu_edpt_claim+0x44>
10005e92:	7823      	ldrb	r3, [r4, #0]
10005e94:	075b      	lsls	r3, r3, #29
10005e96:	d408      	bmi.n	10005eaa <tu_edpt_claim+0x46>
10005e98:	2204      	movs	r2, #4
10005e9a:	7823      	ldrb	r3, [r4, #0]
10005e9c:	2501      	movs	r5, #1
10005e9e:	4313      	orrs	r3, r2
10005ea0:	7023      	strb	r3, [r4, #0]
10005ea2:	e002      	b.n	10005eaa <tu_edpt_claim+0x46>
10005ea4:	2500      	movs	r5, #0
10005ea6:	e7e8      	b.n	10005e7a <tu_edpt_claim+0x16>
10005ea8:	2500      	movs	r5, #0
10005eaa:	0030      	movs	r0, r6
10005eac:	f004 f8e8 	bl	1000a080 <__mutex_exit_veneer>
10005eb0:	e7e3      	b.n	10005e7a <tu_edpt_claim+0x16>
10005eb2:	46c0      	nop			@ (mov r8, r8)

10005eb4 <tu_edpt_release>:
10005eb4:	b570      	push	{r4, r5, r6, lr}
10005eb6:	000c      	movs	r4, r1
10005eb8:	2101      	movs	r1, #1
10005eba:	0006      	movs	r6, r0
10005ebc:	4249      	negs	r1, r1
10005ebe:	0020      	movs	r0, r4
10005ec0:	f004 f906 	bl	1000a0d0 <__mutex_enter_timeout_ms_veneer>
10005ec4:	7833      	ldrb	r3, [r6, #0]
10005ec6:	075b      	lsls	r3, r3, #29
10005ec8:	0fdd      	lsrs	r5, r3, #31
10005eca:	2b00      	cmp	r3, #0
10005ecc:	db04      	blt.n	10005ed8 <tu_edpt_release+0x24>
10005ece:	0020      	movs	r0, r4
10005ed0:	f004 f8d6 	bl	1000a080 <__mutex_exit_veneer>
10005ed4:	0028      	movs	r0, r5
10005ed6:	bd70      	pop	{r4, r5, r6, pc}
10005ed8:	7833      	ldrb	r3, [r6, #0]
10005eda:	07db      	lsls	r3, r3, #31
10005edc:	d404      	bmi.n	10005ee8 <tu_edpt_release+0x34>
10005ede:	2204      	movs	r2, #4
10005ee0:	7833      	ldrb	r3, [r6, #0]
10005ee2:	4393      	bics	r3, r2
10005ee4:	7033      	strb	r3, [r6, #0]
10005ee6:	e7f2      	b.n	10005ece <tu_edpt_release+0x1a>
10005ee8:	2500      	movs	r5, #0
10005eea:	e7f0      	b.n	10005ece <tu_edpt_release+0x1a>

10005eec <tu_edpt_validate>:
10005eec:	7943      	ldrb	r3, [r0, #5]
10005eee:	7902      	ldrb	r2, [r0, #4]
10005ef0:	021b      	lsls	r3, r3, #8
10005ef2:	4313      	orrs	r3, r2
10005ef4:	78c2      	ldrb	r2, [r0, #3]
10005ef6:	055b      	lsls	r3, r3, #21
10005ef8:	0792      	lsls	r2, r2, #30
10005efa:	0d5b      	lsrs	r3, r3, #21
10005efc:	0f92      	lsrs	r2, r2, #30
10005efe:	2a02      	cmp	r2, #2
10005f00:	d01d      	beq.n	10005f3e <tu_edpt_validate+0x52>
10005f02:	2a03      	cmp	r2, #3
10005f04:	d00c      	beq.n	10005f20 <tu_edpt_validate+0x34>
10005f06:	2000      	movs	r0, #0
10005f08:	2a01      	cmp	r2, #1
10005f0a:	d108      	bne.n	10005f1e <tu_edpt_validate+0x32>
10005f0c:	3902      	subs	r1, #2
10005f0e:	424a      	negs	r2, r1
10005f10:	4151      	adcs	r1, r2
10005f12:	4a12      	ldr	r2, [pc, #72]	@ (10005f5c <tu_edpt_validate+0x70>)
10005f14:	4694      	mov	ip, r2
10005f16:	4461      	add	r1, ip
10005f18:	4299      	cmp	r1, r3
10005f1a:	4140      	adcs	r0, r0
10005f1c:	b2c0      	uxtb	r0, r0
10005f1e:	4770      	bx	lr
10005f20:	3902      	subs	r1, #2
10005f22:	1e4a      	subs	r2, r1, #1
10005f24:	4191      	sbcs	r1, r2
10005f26:	4a0e      	ldr	r2, [pc, #56]	@ (10005f60 <tu_edpt_validate+0x74>)
10005f28:	4249      	negs	r1, r1
10005f2a:	4011      	ands	r1, r2
10005f2c:	2280      	movs	r2, #128	@ 0x80
10005f2e:	00d2      	lsls	r2, r2, #3
10005f30:	4694      	mov	ip, r2
10005f32:	2000      	movs	r0, #0
10005f34:	4461      	add	r1, ip
10005f36:	4299      	cmp	r1, r3
10005f38:	4140      	adcs	r0, r0
10005f3a:	b2c0      	uxtb	r0, r0
10005f3c:	e7ef      	b.n	10005f1e <tu_edpt_validate+0x32>
10005f3e:	2902      	cmp	r1, #2
10005f40:	d005      	beq.n	10005f4e <tu_edpt_validate+0x62>
10005f42:	2000      	movs	r0, #0
10005f44:	2240      	movs	r2, #64	@ 0x40
10005f46:	429a      	cmp	r2, r3
10005f48:	4140      	adcs	r0, r0
10005f4a:	b2c0      	uxtb	r0, r0
10005f4c:	e7e7      	b.n	10005f1e <tu_edpt_validate+0x32>
10005f4e:	4a05      	ldr	r2, [pc, #20]	@ (10005f64 <tu_edpt_validate+0x78>)
10005f50:	1898      	adds	r0, r3, r2
10005f52:	4243      	negs	r3, r0
10005f54:	4158      	adcs	r0, r3
10005f56:	b2c0      	uxtb	r0, r0
10005f58:	e7e1      	b.n	10005f1e <tu_edpt_validate+0x32>
10005f5a:	46c0      	nop			@ (mov r8, r8)
10005f5c:	000003ff 	.word	0x000003ff
10005f60:	fffffc40 	.word	0xfffffc40
10005f64:	fffffe00 	.word	0xfffffe00

10005f68 <tu_edpt_bind_driver>:
10005f68:	188a      	adds	r2, r1, r2
10005f6a:	b570      	push	{r4, r5, r6, lr}
10005f6c:	4291      	cmp	r1, r2
10005f6e:	d207      	bcs.n	10005f80 <tu_edpt_bind_driver+0x18>
10005f70:	267f      	movs	r6, #127	@ 0x7f
10005f72:	784c      	ldrb	r4, [r1, #1]
10005f74:	2c05      	cmp	r4, #5
10005f76:	d004      	beq.n	10005f82 <tu_edpt_bind_driver+0x1a>
10005f78:	780c      	ldrb	r4, [r1, #0]
10005f7a:	1909      	adds	r1, r1, r4
10005f7c:	428a      	cmp	r2, r1
10005f7e:	d8f8      	bhi.n	10005f72 <tu_edpt_bind_driver+0xa>
10005f80:	bd70      	pop	{r4, r5, r6, pc}
10005f82:	0034      	movs	r4, r6
10005f84:	788d      	ldrb	r5, [r1, #2]
10005f86:	402c      	ands	r4, r5
10005f88:	0064      	lsls	r4, r4, #1
10005f8a:	1904      	adds	r4, r0, r4
10005f8c:	09ed      	lsrs	r5, r5, #7
10005f8e:	5563      	strb	r3, [r4, r5]
10005f90:	780c      	ldrb	r4, [r1, #0]
10005f92:	1909      	adds	r1, r1, r4
10005f94:	428a      	cmp	r2, r1
10005f96:	d8ec      	bhi.n	10005f72 <tu_edpt_bind_driver+0xa>
10005f98:	e7f2      	b.n	10005f80 <tu_edpt_bind_driver+0x18>
10005f9a:	46c0      	nop			@ (mov r8, r8)

10005f9c <tu_fifo_config>:
10005f9c:	b5f0      	push	{r4, r5, r6, r7, lr}
10005f9e:	46c6      	mov	lr, r8
10005fa0:	b500      	push	{lr}
10005fa2:	0004      	movs	r4, r0
10005fa4:	a806      	add	r0, sp, #24
10005fa6:	7805      	ldrb	r5, [r0, #0]
10005fa8:	2080      	movs	r0, #128	@ 0x80
10005faa:	4688      	mov	r8, r1
10005fac:	0017      	movs	r7, r2
10005fae:	001e      	movs	r6, r3
10005fb0:	0200      	lsls	r0, r0, #8
10005fb2:	4282      	cmp	r2, r0
10005fb4:	d826      	bhi.n	10006004 <tu_fifo_config+0x68>
10005fb6:	68e0      	ldr	r0, [r4, #12]
10005fb8:	2800      	cmp	r0, #0
10005fba:	d003      	beq.n	10005fc4 <tu_fifo_config+0x28>
10005fbc:	2101      	movs	r1, #1
10005fbe:	4249      	negs	r1, r1
10005fc0:	f004 f886 	bl	1000a0d0 <__mutex_enter_timeout_ms_veneer>
10005fc4:	6920      	ldr	r0, [r4, #16]
10005fc6:	2800      	cmp	r0, #0
10005fc8:	d003      	beq.n	10005fd2 <tu_fifo_config+0x36>
10005fca:	2101      	movs	r1, #1
10005fcc:	4249      	negs	r1, r1
10005fce:	f004 f87f 	bl	1000a0d0 <__mutex_enter_timeout_ms_veneer>
10005fd2:	4643      	mov	r3, r8
10005fd4:	6023      	str	r3, [r4, #0]
10005fd6:	0473      	lsls	r3, r6, #17
10005fd8:	0c5b      	lsrs	r3, r3, #17
10005fda:	03ed      	lsls	r5, r5, #15
10005fdc:	431d      	orrs	r5, r3
10005fde:	2300      	movs	r3, #0
10005fe0:	68e0      	ldr	r0, [r4, #12]
10005fe2:	8163      	strh	r3, [r4, #10]
10005fe4:	80a7      	strh	r7, [r4, #4]
10005fe6:	80e5      	strh	r5, [r4, #6]
10005fe8:	8123      	strh	r3, [r4, #8]
10005fea:	2800      	cmp	r0, #0
10005fec:	d001      	beq.n	10005ff2 <tu_fifo_config+0x56>
10005fee:	f004 f847 	bl	1000a080 <__mutex_exit_veneer>
10005ff2:	6920      	ldr	r0, [r4, #16]
10005ff4:	2800      	cmp	r0, #0
10005ff6:	d001      	beq.n	10005ffc <tu_fifo_config+0x60>
10005ff8:	f004 f842 	bl	1000a080 <__mutex_exit_veneer>
10005ffc:	2001      	movs	r0, #1
10005ffe:	bc80      	pop	{r7}
10006000:	46b8      	mov	r8, r7
10006002:	bdf0      	pop	{r4, r5, r6, r7, pc}
10006004:	2000      	movs	r0, #0
10006006:	e7fa      	b.n	10005ffe <tu_fifo_config+0x62>

10006008 <tu_fifo_count>:
10006008:	b510      	push	{r4, lr}
1000600a:	8904      	ldrh	r4, [r0, #8]
1000600c:	8941      	ldrh	r1, [r0, #10]
1000600e:	8882      	ldrh	r2, [r0, #4]
10006010:	b2a3      	uxth	r3, r4
10006012:	b288      	uxth	r0, r1
10006014:	428c      	cmp	r4, r1
10006016:	d307      	bcc.n	10006028 <tu_fifo_count+0x20>
10006018:	1a1b      	subs	r3, r3, r0
1000601a:	b29b      	uxth	r3, r3
1000601c:	1c10      	adds	r0, r2, #0
1000601e:	429a      	cmp	r2, r3
10006020:	d900      	bls.n	10006024 <tu_fifo_count+0x1c>
10006022:	1c18      	adds	r0, r3, #0
10006024:	b280      	uxth	r0, r0
10006026:	bd10      	pop	{r4, pc}
10006028:	0051      	lsls	r1, r2, #1
1000602a:	1a09      	subs	r1, r1, r0
1000602c:	185b      	adds	r3, r3, r1
1000602e:	b29b      	uxth	r3, r3
10006030:	e7f4      	b.n	1000601c <tu_fifo_count+0x14>
10006032:	46c0      	nop			@ (mov r8, r8)

10006034 <tu_fifo_empty>:
10006034:	8903      	ldrh	r3, [r0, #8]
10006036:	8940      	ldrh	r0, [r0, #10]
10006038:	1a18      	subs	r0, r3, r0
1000603a:	4243      	negs	r3, r0
1000603c:	4158      	adcs	r0, r3
1000603e:	b2c0      	uxtb	r0, r0
10006040:	4770      	bx	lr
10006042:	46c0      	nop			@ (mov r8, r8)

10006044 <tu_fifo_remaining>:
10006044:	b510      	push	{r4, lr}
10006046:	8904      	ldrh	r4, [r0, #8]
10006048:	8941      	ldrh	r1, [r0, #10]
1000604a:	8882      	ldrh	r2, [r0, #4]
1000604c:	b2a3      	uxth	r3, r4
1000604e:	b288      	uxth	r0, r1
10006050:	428c      	cmp	r4, r1
10006052:	d307      	bcc.n	10006064 <tu_fifo_remaining+0x20>
10006054:	1a1b      	subs	r3, r3, r0
10006056:	b29b      	uxth	r3, r3
10006058:	2000      	movs	r0, #0
1000605a:	429a      	cmp	r2, r3
1000605c:	d901      	bls.n	10006062 <tu_fifo_remaining+0x1e>
1000605e:	1ad2      	subs	r2, r2, r3
10006060:	b290      	uxth	r0, r2
10006062:	bd10      	pop	{r4, pc}
10006064:	0051      	lsls	r1, r2, #1
10006066:	1a09      	subs	r1, r1, r0
10006068:	185b      	adds	r3, r3, r1
1000606a:	b29b      	uxth	r3, r3
1000606c:	e7f4      	b.n	10006058 <tu_fifo_remaining+0x14>
1000606e:	46c0      	nop			@ (mov r8, r8)

10006070 <tu_fifo_read>:
10006070:	b570      	push	{r4, r5, r6, lr}
10006072:	0004      	movs	r4, r0
10006074:	6900      	ldr	r0, [r0, #16]
10006076:	000e      	movs	r6, r1
10006078:	2800      	cmp	r0, #0
1000607a:	d003      	beq.n	10006084 <tu_fifo_read+0x14>
1000607c:	2101      	movs	r1, #1
1000607e:	4249      	negs	r1, r1
10006080:	f004 f826 	bl	1000a0d0 <__mutex_enter_timeout_ms_veneer>
10006084:	8925      	ldrh	r5, [r4, #8]
10006086:	8960      	ldrh	r0, [r4, #10]
10006088:	88a2      	ldrh	r2, [r4, #4]
1000608a:	b2a9      	uxth	r1, r5
1000608c:	b283      	uxth	r3, r0
1000608e:	4285      	cmp	r5, r0
10006090:	d32c      	bcc.n	100060ec <tu_fifo_read+0x7c>
10006092:	1acd      	subs	r5, r1, r3
10006094:	b2ad      	uxth	r5, r5
10006096:	2d00      	cmp	r5, #0
10006098:	d02e      	beq.n	100060f8 <tu_fifo_read+0x88>
1000609a:	42aa      	cmp	r2, r5
1000609c:	d208      	bcs.n	100060b0 <tu_fifo_read+0x40>
1000609e:	4291      	cmp	r1, r2
100060a0:	d330      	bcc.n	10006104 <tu_fifo_read+0x94>
100060a2:	1a89      	subs	r1, r1, r2
100060a4:	b28b      	uxth	r3, r1
100060a6:	8163      	strh	r3, [r4, #10]
100060a8:	429a      	cmp	r2, r3
100060aa:	d803      	bhi.n	100060b4 <tu_fifo_read+0x44>
100060ac:	1a9b      	subs	r3, r3, r2
100060ae:	b29b      	uxth	r3, r3
100060b0:	429a      	cmp	r2, r3
100060b2:	d9fb      	bls.n	100060ac <tu_fifo_read+0x3c>
100060b4:	88e2      	ldrh	r2, [r4, #6]
100060b6:	6821      	ldr	r1, [r4, #0]
100060b8:	0452      	lsls	r2, r2, #17
100060ba:	0c52      	lsrs	r2, r2, #17
100060bc:	4353      	muls	r3, r2
100060be:	0030      	movs	r0, r6
100060c0:	18c9      	adds	r1, r1, r3
100060c2:	f7fc fa5d 	bl	10002580 <__wrap___aeabi_memcpy>
100060c6:	8963      	ldrh	r3, [r4, #10]
100060c8:	2501      	movs	r5, #1
100060ca:	1c59      	adds	r1, r3, #1
100060cc:	b289      	uxth	r1, r1
100060ce:	88a2      	ldrh	r2, [r4, #4]
100060d0:	428b      	cmp	r3, r1
100060d2:	d913      	bls.n	100060fc <tu_fifo_read+0x8c>
100060d4:	2100      	movs	r1, #0
100060d6:	0052      	lsls	r2, r2, #1
100060d8:	1a89      	subs	r1, r1, r2
100060da:	b289      	uxth	r1, r1
100060dc:	6920      	ldr	r0, [r4, #16]
100060de:	8161      	strh	r1, [r4, #10]
100060e0:	2800      	cmp	r0, #0
100060e2:	d001      	beq.n	100060e8 <tu_fifo_read+0x78>
100060e4:	f003 ffcc 	bl	1000a080 <__mutex_exit_veneer>
100060e8:	0028      	movs	r0, r5
100060ea:	bd70      	pop	{r4, r5, r6, pc}
100060ec:	0055      	lsls	r5, r2, #1
100060ee:	1aed      	subs	r5, r5, r3
100060f0:	194d      	adds	r5, r1, r5
100060f2:	b2ad      	uxth	r5, r5
100060f4:	2d00      	cmp	r5, #0
100060f6:	d1d0      	bne.n	1000609a <tu_fifo_read+0x2a>
100060f8:	8961      	ldrh	r1, [r4, #10]
100060fa:	b289      	uxth	r1, r1
100060fc:	0052      	lsls	r2, r2, #1
100060fe:	4291      	cmp	r1, r2
10006100:	dbec      	blt.n	100060dc <tu_fifo_read+0x6c>
10006102:	e7e9      	b.n	100060d8 <tu_fifo_read+0x68>
10006104:	1889      	adds	r1, r1, r2
10006106:	b28b      	uxth	r3, r1
10006108:	8163      	strh	r3, [r4, #10]
1000610a:	e7cd      	b.n	100060a8 <tu_fifo_read+0x38>

1000610c <tu_fifo_read_n>:
1000610c:	b5f0      	push	{r4, r5, r6, r7, lr}
1000610e:	4646      	mov	r6, r8
10006110:	464f      	mov	r7, r9
10006112:	46d6      	mov	lr, sl
10006114:	b5c0      	push	{r6, r7, lr}
10006116:	0006      	movs	r6, r0
10006118:	6900      	ldr	r0, [r0, #16]
1000611a:	4689      	mov	r9, r1
1000611c:	4690      	mov	r8, r2
1000611e:	2800      	cmp	r0, #0
10006120:	d003      	beq.n	1000612a <tu_fifo_read_n+0x1e>
10006122:	2101      	movs	r1, #1
10006124:	4249      	negs	r1, r1
10006126:	f003 ffd3 	bl	1000a0d0 <__mutex_enter_timeout_ms_veneer>
1000612a:	8931      	ldrh	r1, [r6, #8]
1000612c:	8972      	ldrh	r2, [r6, #10]
1000612e:	88b5      	ldrh	r5, [r6, #4]
10006130:	b28b      	uxth	r3, r1
10006132:	b294      	uxth	r4, r2
10006134:	4291      	cmp	r1, r2
10006136:	d354      	bcc.n	100061e2 <tu_fifo_read_n+0xd6>
10006138:	1b1f      	subs	r7, r3, r4
1000613a:	b2bf      	uxth	r7, r7
1000613c:	2f00      	cmp	r7, #0
1000613e:	d04a      	beq.n	100061d6 <tu_fifo_read_n+0xca>
10006140:	42bd      	cmp	r5, r7
10006142:	d205      	bcs.n	10006150 <tu_fifo_read_n+0x44>
10006144:	42ab      	cmp	r3, r5
10006146:	d251      	bcs.n	100061ec <tu_fifo_read_n+0xe0>
10006148:	195b      	adds	r3, r3, r5
1000614a:	b29c      	uxth	r4, r3
1000614c:	002f      	movs	r7, r5
1000614e:	8174      	strh	r4, [r6, #10]
10006150:	4643      	mov	r3, r8
10006152:	45b8      	cmp	r8, r7
10006154:	d83d      	bhi.n	100061d2 <tu_fifo_read_n+0xc6>
10006156:	b29f      	uxth	r7, r3
10006158:	42a5      	cmp	r5, r4
1000615a:	d803      	bhi.n	10006164 <tu_fifo_read_n+0x58>
1000615c:	1b64      	subs	r4, r4, r5
1000615e:	b2a4      	uxth	r4, r4
10006160:	42a5      	cmp	r5, r4
10006162:	d9fb      	bls.n	1000615c <tu_fifo_read_n+0x50>
10006164:	88f2      	ldrh	r2, [r6, #6]
10006166:	6831      	ldr	r1, [r6, #0]
10006168:	0452      	lsls	r2, r2, #17
1000616a:	0c52      	lsrs	r2, r2, #17
1000616c:	4690      	mov	r8, r2
1000616e:	4362      	muls	r2, r4
10006170:	1b2b      	subs	r3, r5, r4
10006172:	b29b      	uxth	r3, r3
10006174:	1889      	adds	r1, r1, r2
10006176:	4642      	mov	r2, r8
10006178:	429f      	cmp	r7, r3
1000617a:	d925      	bls.n	100061c8 <tu_fifo_read_n+0xbc>
1000617c:	4353      	muls	r3, r2
1000617e:	b29b      	uxth	r3, r3
10006180:	001a      	movs	r2, r3
10006182:	4648      	mov	r0, r9
10006184:	469a      	mov	sl, r3
10006186:	f7fc f9fb 	bl	10002580 <__wrap___aeabi_memcpy>
1000618a:	4643      	mov	r3, r8
1000618c:	4648      	mov	r0, r9
1000618e:	1b7d      	subs	r5, r7, r5
10006190:	1964      	adds	r4, r4, r5
10006192:	435c      	muls	r4, r3
10006194:	6831      	ldr	r1, [r6, #0]
10006196:	4450      	add	r0, sl
10006198:	b2a2      	uxth	r2, r4
1000619a:	f7fc f9f1 	bl	10002580 <__wrap___aeabi_memcpy>
1000619e:	8971      	ldrh	r1, [r6, #10]
100061a0:	88b5      	ldrh	r5, [r6, #4]
100061a2:	19cb      	adds	r3, r1, r7
100061a4:	b29b      	uxth	r3, r3
100061a6:	006a      	lsls	r2, r5, #1
100061a8:	4299      	cmp	r1, r3
100061aa:	d916      	bls.n	100061da <tu_fifo_read_n+0xce>
100061ac:	1a9b      	subs	r3, r3, r2
100061ae:	b29b      	uxth	r3, r3
100061b0:	6930      	ldr	r0, [r6, #16]
100061b2:	8173      	strh	r3, [r6, #10]
100061b4:	2800      	cmp	r0, #0
100061b6:	d001      	beq.n	100061bc <tu_fifo_read_n+0xb0>
100061b8:	f003 ff62 	bl	1000a080 <__mutex_exit_veneer>
100061bc:	0038      	movs	r0, r7
100061be:	bce0      	pop	{r5, r6, r7}
100061c0:	46ba      	mov	sl, r7
100061c2:	46b1      	mov	r9, r6
100061c4:	46a8      	mov	r8, r5
100061c6:	bdf0      	pop	{r4, r5, r6, r7, pc}
100061c8:	4648      	mov	r0, r9
100061ca:	437a      	muls	r2, r7
100061cc:	f7fc f9d8 	bl	10002580 <__wrap___aeabi_memcpy>
100061d0:	e7e5      	b.n	1000619e <tu_fifo_read_n+0x92>
100061d2:	1c3b      	adds	r3, r7, #0
100061d4:	e7bf      	b.n	10006156 <tu_fifo_read_n+0x4a>
100061d6:	8973      	ldrh	r3, [r6, #10]
100061d8:	b29b      	uxth	r3, r3
100061da:	006a      	lsls	r2, r5, #1
100061dc:	4293      	cmp	r3, r2
100061de:	dbe7      	blt.n	100061b0 <tu_fifo_read_n+0xa4>
100061e0:	e7e4      	b.n	100061ac <tu_fifo_read_n+0xa0>
100061e2:	006f      	lsls	r7, r5, #1
100061e4:	1b3f      	subs	r7, r7, r4
100061e6:	19df      	adds	r7, r3, r7
100061e8:	b2bf      	uxth	r7, r7
100061ea:	e7a7      	b.n	1000613c <tu_fifo_read_n+0x30>
100061ec:	1b5b      	subs	r3, r3, r5
100061ee:	b29c      	uxth	r4, r3
100061f0:	e7ac      	b.n	1000614c <tu_fifo_read_n+0x40>
100061f2:	46c0      	nop			@ (mov r8, r8)

100061f4 <tu_fifo_write>:
100061f4:	b5f8      	push	{r3, r4, r5, r6, r7, lr}
100061f6:	0004      	movs	r4, r0
100061f8:	68c0      	ldr	r0, [r0, #12]
100061fa:	000e      	movs	r6, r1
100061fc:	2800      	cmp	r0, #0
100061fe:	d003      	beq.n	10006208 <tu_fifo_write+0x14>
10006200:	2101      	movs	r1, #1
10006202:	4249      	negs	r1, r1
10006204:	f003 ff64 	bl	1000a0d0 <__mutex_enter_timeout_ms_veneer>
10006208:	8925      	ldrh	r5, [r4, #8]
1000620a:	8920      	ldrh	r0, [r4, #8]
1000620c:	8961      	ldrh	r1, [r4, #10]
1000620e:	88a2      	ldrh	r2, [r4, #4]
10006210:	b2ad      	uxth	r5, r5
10006212:	b283      	uxth	r3, r0
10006214:	b28f      	uxth	r7, r1
10006216:	4288      	cmp	r0, r1
10006218:	d329      	bcc.n	1000626e <tu_fifo_write+0x7a>
1000621a:	1bdb      	subs	r3, r3, r7
1000621c:	b29b      	uxth	r3, r3
1000621e:	429a      	cmp	r2, r3
10006220:	d809      	bhi.n	10006236 <tu_fifo_write+0x42>
10006222:	79e7      	ldrb	r7, [r4, #7]
10006224:	09ff      	lsrs	r7, r7, #7
10006226:	d106      	bne.n	10006236 <tu_fifo_write+0x42>
10006228:	68e0      	ldr	r0, [r4, #12]
1000622a:	2800      	cmp	r0, #0
1000622c:	d001      	beq.n	10006232 <tu_fifo_write+0x3e>
1000622e:	f003 ff27 	bl	1000a080 <__mutex_exit_veneer>
10006232:	0038      	movs	r0, r7
10006234:	bdf8      	pop	{r3, r4, r5, r6, r7, pc}
10006236:	4295      	cmp	r5, r2
10006238:	d31e      	bcc.n	10006278 <tu_fifo_write+0x84>
1000623a:	002b      	movs	r3, r5
1000623c:	1a9b      	subs	r3, r3, r2
1000623e:	b29b      	uxth	r3, r3
10006240:	4293      	cmp	r3, r2
10006242:	d2fb      	bcs.n	1000623c <tu_fifo_write+0x48>
10006244:	88e2      	ldrh	r2, [r4, #6]
10006246:	6820      	ldr	r0, [r4, #0]
10006248:	0452      	lsls	r2, r2, #17
1000624a:	0c52      	lsrs	r2, r2, #17
1000624c:	4353      	muls	r3, r2
1000624e:	0031      	movs	r1, r6
10006250:	18c0      	adds	r0, r0, r3
10006252:	f7fc f995 	bl	10002580 <__wrap___aeabi_memcpy>
10006256:	1c6b      	adds	r3, r5, #1
10006258:	b29b      	uxth	r3, r3
1000625a:	88a2      	ldrh	r2, [r4, #4]
1000625c:	429d      	cmp	r5, r3
1000625e:	d918      	bls.n	10006292 <tu_fifo_write+0x9e>
10006260:	2300      	movs	r3, #0
10006262:	0052      	lsls	r2, r2, #1
10006264:	1a9b      	subs	r3, r3, r2
10006266:	b29b      	uxth	r3, r3
10006268:	2701      	movs	r7, #1
1000626a:	8123      	strh	r3, [r4, #8]
1000626c:	e7dc      	b.n	10006228 <tu_fifo_write+0x34>
1000626e:	0051      	lsls	r1, r2, #1
10006270:	1bc9      	subs	r1, r1, r7
10006272:	185b      	adds	r3, r3, r1
10006274:	b29b      	uxth	r3, r3
10006276:	e7d2      	b.n	1000621e <tu_fifo_write+0x2a>
10006278:	002b      	movs	r3, r5
1000627a:	88e2      	ldrh	r2, [r4, #6]
1000627c:	6820      	ldr	r0, [r4, #0]
1000627e:	0452      	lsls	r2, r2, #17
10006280:	0c52      	lsrs	r2, r2, #17
10006282:	4353      	muls	r3, r2
10006284:	0031      	movs	r1, r6
10006286:	18c0      	adds	r0, r0, r3
10006288:	f7fc f97a 	bl	10002580 <__wrap___aeabi_memcpy>
1000628c:	3501      	adds	r5, #1
1000628e:	88a2      	ldrh	r2, [r4, #4]
10006290:	b2ab      	uxth	r3, r5
10006292:	0052      	lsls	r2, r2, #1
10006294:	4293      	cmp	r3, r2
10006296:	dbe7      	blt.n	10006268 <tu_fifo_write+0x74>
10006298:	e7e4      	b.n	10006264 <tu_fifo_write+0x70>
1000629a:	46c0      	nop			@ (mov r8, r8)

1000629c <tu_fifo_write_n>:
1000629c:	b5f0      	push	{r4, r5, r6, r7, lr}
1000629e:	4657      	mov	r7, sl
100062a0:	4645      	mov	r5, r8
100062a2:	46de      	mov	lr, fp
100062a4:	464e      	mov	r6, r9
100062a6:	b5e0      	push	{r5, r6, r7, lr}
100062a8:	0014      	movs	r4, r2
100062aa:	0005      	movs	r5, r0
100062ac:	000f      	movs	r7, r1
100062ae:	b083      	sub	sp, #12
100062b0:	2a00      	cmp	r2, #0
100062b2:	d075      	beq.n	100063a0 <tu_fifo_write_n+0x104>
100062b4:	68c0      	ldr	r0, [r0, #12]
100062b6:	2800      	cmp	r0, #0
100062b8:	d003      	beq.n	100062c2 <tu_fifo_write_n+0x26>
100062ba:	2101      	movs	r1, #1
100062bc:	4249      	negs	r1, r1
100062be:	f003 ff07 	bl	1000a0d0 <__mutex_enter_timeout_ms_veneer>
100062c2:	892e      	ldrh	r6, [r5, #8]
100062c4:	79e9      	ldrb	r1, [r5, #7]
100062c6:	896a      	ldrh	r2, [r5, #10]
100062c8:	88ab      	ldrh	r3, [r5, #4]
100062ca:	b2b6      	uxth	r6, r6
100062cc:	b292      	uxth	r2, r2
100062ce:	09c9      	lsrs	r1, r1, #7
100062d0:	d145      	bne.n	1000635e <tu_fifo_write_n+0xc2>
100062d2:	4296      	cmp	r6, r2
100062d4:	d300      	bcc.n	100062d8 <tu_fifo_write_n+0x3c>
100062d6:	e06d      	b.n	100063b4 <tu_fifo_write_n+0x118>
100062d8:	0059      	lsls	r1, r3, #1
100062da:	1a8a      	subs	r2, r1, r2
100062dc:	18b2      	adds	r2, r6, r2
100062de:	b292      	uxth	r2, r2
100062e0:	2100      	movs	r1, #0
100062e2:	4689      	mov	r9, r1
100062e4:	429a      	cmp	r2, r3
100062e6:	d234      	bcs.n	10006352 <tu_fifo_write_n+0xb6>
100062e8:	1a9a      	subs	r2, r3, r2
100062ea:	1c11      	adds	r1, r2, #0
100062ec:	b292      	uxth	r2, r2
100062ee:	42a2      	cmp	r2, r4
100062f0:	d900      	bls.n	100062f4 <tu_fifo_write_n+0x58>
100062f2:	1c21      	adds	r1, r4, #0
100062f4:	b28a      	uxth	r2, r1
100062f6:	4691      	mov	r9, r2
100062f8:	88ea      	ldrh	r2, [r5, #6]
100062fa:	0452      	lsls	r2, r2, #17
100062fc:	0c52      	lsrs	r2, r2, #17
100062fe:	4690      	mov	r8, r2
10006300:	464a      	mov	r2, r9
10006302:	18b2      	adds	r2, r6, r2
10006304:	b292      	uxth	r2, r2
10006306:	4692      	mov	sl, r2
10006308:	464a      	mov	r2, r9
1000630a:	1ad2      	subs	r2, r2, r3
1000630c:	b292      	uxth	r2, r2
1000630e:	4693      	mov	fp, r2
10006310:	0034      	movs	r4, r6
10006312:	429e      	cmp	r6, r3
10006314:	d303      	bcc.n	1000631e <tu_fifo_write_n+0x82>
10006316:	1ae4      	subs	r4, r4, r3
10006318:	b2a4      	uxth	r4, r4
1000631a:	429c      	cmp	r4, r3
1000631c:	d2fb      	bcs.n	10006316 <tu_fifo_write_n+0x7a>
1000631e:	4642      	mov	r2, r8
10006320:	4362      	muls	r2, r4
10006322:	6828      	ldr	r0, [r5, #0]
10006324:	1b1b      	subs	r3, r3, r4
10006326:	b29b      	uxth	r3, r3
10006328:	1880      	adds	r0, r0, r2
1000632a:	4642      	mov	r2, r8
1000632c:	454b      	cmp	r3, r9
1000632e:	d354      	bcc.n	100063da <tu_fifo_write_n+0x13e>
10006330:	464b      	mov	r3, r9
10006332:	0039      	movs	r1, r7
10006334:	435a      	muls	r2, r3
10006336:	f7fc f923 	bl	10002580 <__wrap___aeabi_memcpy>
1000633a:	88ab      	ldrh	r3, [r5, #4]
1000633c:	005b      	lsls	r3, r3, #1
1000633e:	4556      	cmp	r6, sl
10006340:	d801      	bhi.n	10006346 <tu_fifo_write_n+0xaa>
10006342:	459a      	cmp	sl, r3
10006344:	db03      	blt.n	1000634e <tu_fifo_write_n+0xb2>
10006346:	4652      	mov	r2, sl
10006348:	1ad3      	subs	r3, r2, r3
1000634a:	b29b      	uxth	r3, r3
1000634c:	469a      	mov	sl, r3
1000634e:	4653      	mov	r3, sl
10006350:	812b      	strh	r3, [r5, #8]
10006352:	68e8      	ldr	r0, [r5, #12]
10006354:	2800      	cmp	r0, #0
10006356:	d025      	beq.n	100063a4 <tu_fifo_write_n+0x108>
10006358:	f003 fe92 	bl	1000a080 <__mutex_exit_veneer>
1000635c:	e022      	b.n	100063a4 <tu_fifo_write_n+0x108>
1000635e:	88e9      	ldrh	r1, [r5, #6]
10006360:	0449      	lsls	r1, r1, #17
10006362:	0c49      	lsrs	r1, r1, #17
10006364:	4688      	mov	r8, r1
10006366:	429c      	cmp	r4, r3
10006368:	d227      	bcs.n	100063ba <tu_fifo_write_n+0x11e>
1000636a:	4296      	cmp	r6, r2
1000636c:	d347      	bcc.n	100063fe <tu_fifo_write_n+0x162>
1000636e:	1ab1      	subs	r1, r6, r2
10006370:	b289      	uxth	r1, r1
10006372:	468c      	mov	ip, r1
10006374:	0058      	lsls	r0, r3, #1
10006376:	1ae1      	subs	r1, r4, r3
10006378:	b289      	uxth	r1, r1
1000637a:	468b      	mov	fp, r1
1000637c:	4661      	mov	r1, ip
1000637e:	1909      	adds	r1, r1, r4
10006380:	4281      	cmp	r1, r0
10006382:	db08      	blt.n	10006396 <tu_fifo_write_n+0xfa>
10006384:	18d1      	adds	r1, r2, r3
10006386:	b289      	uxth	r1, r1
10006388:	1b0e      	subs	r6, r1, r4
1000638a:	b2b6      	uxth	r6, r6
1000638c:	468a      	mov	sl, r1
1000638e:	42b2      	cmp	r2, r6
10006390:	d93b      	bls.n	1000640a <tu_fifo_write_n+0x16e>
10006392:	1a36      	subs	r6, r6, r0
10006394:	b2b6      	uxth	r6, r6
10006396:	19a2      	adds	r2, r4, r6
10006398:	b292      	uxth	r2, r2
1000639a:	4692      	mov	sl, r2
1000639c:	46a1      	mov	r9, r4
1000639e:	e7b7      	b.n	10006310 <tu_fifo_write_n+0x74>
100063a0:	2300      	movs	r3, #0
100063a2:	4699      	mov	r9, r3
100063a4:	4648      	mov	r0, r9
100063a6:	b003      	add	sp, #12
100063a8:	bcf0      	pop	{r4, r5, r6, r7}
100063aa:	46bb      	mov	fp, r7
100063ac:	46b2      	mov	sl, r6
100063ae:	46a9      	mov	r9, r5
100063b0:	46a0      	mov	r8, r4
100063b2:	bdf0      	pop	{r4, r5, r6, r7, pc}
100063b4:	1ab2      	subs	r2, r6, r2
100063b6:	b292      	uxth	r2, r2
100063b8:	e792      	b.n	100062e0 <tu_fifo_write_n+0x44>
100063ba:	2100      	movs	r1, #0
100063bc:	4689      	mov	r9, r1
100063be:	2b00      	cmp	r3, #0
100063c0:	d0c7      	beq.n	10006352 <tu_fifo_write_n+0xb6>
100063c2:	4641      	mov	r1, r8
100063c4:	1ae4      	subs	r4, r4, r3
100063c6:	434c      	muls	r4, r1
100063c8:	0016      	movs	r6, r2
100063ca:	18d1      	adds	r1, r2, r3
100063cc:	2200      	movs	r2, #0
100063ce:	b289      	uxth	r1, r1
100063d0:	468a      	mov	sl, r1
100063d2:	4699      	mov	r9, r3
100063d4:	4693      	mov	fp, r2
100063d6:	193f      	adds	r7, r7, r4
100063d8:	e79a      	b.n	10006310 <tu_fifo_write_n+0x74>
100063da:	4353      	muls	r3, r2
100063dc:	b29b      	uxth	r3, r3
100063de:	001a      	movs	r2, r3
100063e0:	0039      	movs	r1, r7
100063e2:	445c      	add	r4, fp
100063e4:	9301      	str	r3, [sp, #4]
100063e6:	f7fc f8cb 	bl	10002580 <__wrap___aeabi_memcpy>
100063ea:	4641      	mov	r1, r8
100063ec:	0022      	movs	r2, r4
100063ee:	434a      	muls	r2, r1
100063f0:	9b01      	ldr	r3, [sp, #4]
100063f2:	6828      	ldr	r0, [r5, #0]
100063f4:	b292      	uxth	r2, r2
100063f6:	18f9      	adds	r1, r7, r3
100063f8:	f7fc f8c2 	bl	10002580 <__wrap___aeabi_memcpy>
100063fc:	e79d      	b.n	1000633a <tu_fifo_write_n+0x9e>
100063fe:	0058      	lsls	r0, r3, #1
10006400:	1a81      	subs	r1, r0, r2
10006402:	1871      	adds	r1, r6, r1
10006404:	b289      	uxth	r1, r1
10006406:	468c      	mov	ip, r1
10006408:	e7b5      	b.n	10006376 <tu_fifo_write_n+0xda>
1000640a:	46a1      	mov	r9, r4
1000640c:	42b0      	cmp	r0, r6
1000640e:	dd00      	ble.n	10006412 <tu_fifo_write_n+0x176>
10006410:	e77e      	b.n	10006310 <tu_fifo_write_n+0x74>
10006412:	e7be      	b.n	10006392 <tu_fifo_write_n+0xf6>

10006414 <tu_fifo_clear>:
10006414:	b510      	push	{r4, lr}
10006416:	0004      	movs	r4, r0
10006418:	68c0      	ldr	r0, [r0, #12]
1000641a:	2800      	cmp	r0, #0
1000641c:	d003      	beq.n	10006426 <tu_fifo_clear+0x12>
1000641e:	2101      	movs	r1, #1
10006420:	4249      	negs	r1, r1
10006422:	f003 fe55 	bl	1000a0d0 <__mutex_enter_timeout_ms_veneer>
10006426:	6920      	ldr	r0, [r4, #16]
10006428:	2800      	cmp	r0, #0
1000642a:	d003      	beq.n	10006434 <tu_fifo_clear+0x20>
1000642c:	2101      	movs	r1, #1
1000642e:	4249      	negs	r1, r1
10006430:	f003 fe4e 	bl	1000a0d0 <__mutex_enter_timeout_ms_veneer>
10006434:	2300      	movs	r3, #0
10006436:	68e0      	ldr	r0, [r4, #12]
10006438:	8163      	strh	r3, [r4, #10]
1000643a:	8123      	strh	r3, [r4, #8]
1000643c:	2800      	cmp	r0, #0
1000643e:	d001      	beq.n	10006444 <tu_fifo_clear+0x30>
10006440:	f003 fe1e 	bl	1000a080 <__mutex_exit_veneer>
10006444:	6920      	ldr	r0, [r4, #16]
10006446:	2800      	cmp	r0, #0
10006448:	d001      	beq.n	1000644e <tu_fifo_clear+0x3a>
1000644a:	f003 fe19 	bl	1000a080 <__mutex_exit_veneer>
1000644e:	2001      	movs	r0, #1
10006450:	bd10      	pop	{r4, pc}
10006452:	46c0      	nop			@ (mov r8, r8)

10006454 <tu_fifo_set_overwritable>:
10006454:	b570      	push	{r4, r5, r6, lr}
10006456:	0004      	movs	r4, r0
10006458:	68c0      	ldr	r0, [r0, #12]
1000645a:	000d      	movs	r5, r1
1000645c:	2800      	cmp	r0, #0
1000645e:	d003      	beq.n	10006468 <tu_fifo_set_overwritable+0x14>
10006460:	2101      	movs	r1, #1
10006462:	4249      	negs	r1, r1
10006464:	f003 fe34 	bl	1000a0d0 <__mutex_enter_timeout_ms_veneer>
10006468:	6920      	ldr	r0, [r4, #16]
1000646a:	2800      	cmp	r0, #0
1000646c:	d003      	beq.n	10006476 <tu_fifo_set_overwritable+0x22>
1000646e:	2101      	movs	r1, #1
10006470:	4249      	negs	r1, r1
10006472:	f003 fe2d 	bl	1000a0d0 <__mutex_enter_timeout_ms_veneer>
10006476:	217f      	movs	r1, #127	@ 0x7f
10006478:	79e3      	ldrb	r3, [r4, #7]
1000647a:	01ed      	lsls	r5, r5, #7
1000647c:	4019      	ands	r1, r3
1000647e:	68e0      	ldr	r0, [r4, #12]
10006480:	4329      	orrs	r1, r5
10006482:	71e1      	strb	r1, [r4, #7]
10006484:	2800      	cmp	r0, #0
10006486:	d001      	beq.n	1000648c <tu_fifo_set_overwritable+0x38>
10006488:	f003 fdfa 	bl	1000a080 <__mutex_exit_veneer>
1000648c:	6920      	ldr	r0, [r4, #16]
1000648e:	2800      	cmp	r0, #0
10006490:	d001      	beq.n	10006496 <tu_fifo_set_overwritable+0x42>
10006492:	f003 fdf5 	bl	1000a080 <__mutex_exit_veneer>
10006496:	2001      	movs	r0, #1
10006498:	bd70      	pop	{r4, r5, r6, pc}
1000649a:	46c0      	nop			@ (mov r8, r8)

1000649c <runtime_init_per_core_tls_setup>:
1000649c:	2200      	movs	r2, #0
1000649e:	4b01      	ldr	r3, [pc, #4]	@ (100064a4 <runtime_init_per_core_tls_setup+0x8>)
100064a0:	605a      	str	r2, [r3, #4]
100064a2:	4770      	bx	lr
100064a4:	20001a4c 	.word	0x20001a4c

100064a8 <spi_init>:
100064a8:	4a49      	ldr	r2, [pc, #292]	@ (100065d0 <spi_init+0x128>)
100064aa:	0003      	movs	r3, r0
100064ac:	4694      	mov	ip, r2
100064ae:	4463      	add	r3, ip
100064b0:	1e5a      	subs	r2, r3, #1
100064b2:	4193      	sbcs	r3, r2
100064b4:	2280      	movs	r2, #128	@ 0x80
100064b6:	b5f0      	push	{r4, r5, r6, r7, lr}
100064b8:	464e      	mov	r6, r9
100064ba:	46de      	mov	lr, fp
100064bc:	4657      	mov	r7, sl
100064be:	4645      	mov	r5, r8
100064c0:	0292      	lsls	r2, r2, #10
100064c2:	4694      	mov	ip, r2
100064c4:	b5e0      	push	{r5, r6, r7, lr}
100064c6:	425b      	negs	r3, r3
100064c8:	0c1b      	lsrs	r3, r3, #16
100064ca:	4a42      	ldr	r2, [pc, #264]	@ (100065d4 <spi_init+0x12c>)
100064cc:	041b      	lsls	r3, r3, #16
100064ce:	4463      	add	r3, ip
100064d0:	b085      	sub	sp, #20
100064d2:	9002      	str	r0, [sp, #8]
100064d4:	6013      	str	r3, [r2, #0]
100064d6:	4a40      	ldr	r2, [pc, #256]	@ (100065d8 <spi_init+0x130>)
100064d8:	000e      	movs	r6, r1
100064da:	4940      	ldr	r1, [pc, #256]	@ (100065dc <spi_init+0x134>)
100064dc:	6013      	str	r3, [r2, #0]
100064de:	0018      	movs	r0, r3
100064e0:	680a      	ldr	r2, [r1, #0]
100064e2:	4390      	bics	r0, r2
100064e4:	d1fb      	bne.n	100064de <spi_init+0x36>
100064e6:	2006      	movs	r0, #6
100064e8:	f7fb f96c 	bl	100017c4 <clock_get_hz>
100064ec:	2302      	movs	r3, #2
100064ee:	9902      	ldr	r1, [sp, #8]
100064f0:	0004      	movs	r4, r0
100064f2:	468c      	mov	ip, r1
100064f4:	684a      	ldr	r2, [r1, #4]
100064f6:	9001      	str	r0, [sp, #4]
100064f8:	401a      	ands	r2, r3
100064fa:	9203      	str	r2, [sp, #12]
100064fc:	1d0a      	adds	r2, r1, #4
100064fe:	4690      	mov	r8, r2
10006500:	4a37      	ldr	r2, [pc, #220]	@ (100065e0 <spi_init+0x138>)
10006502:	0df1      	lsrs	r1, r6, #23
10006504:	4462      	add	r2, ip
10006506:	4691      	mov	r9, r2
10006508:	6013      	str	r3, [r2, #0]
1000650a:	0270      	lsls	r0, r6, #9
1000650c:	2900      	cmp	r1, #0
1000650e:	d15a      	bne.n	100065c6 <spi_init+0x11e>
10006510:	42a0      	cmp	r0, r4
10006512:	d858      	bhi.n	100065c6 <spi_init+0x11e>
10006514:	2480      	movs	r4, #128	@ 0x80
10006516:	0064      	lsls	r4, r4, #1
10006518:	2702      	movs	r7, #2
1000651a:	46a2      	mov	sl, r4
1000651c:	46b4      	mov	ip, r6
1000651e:	0db3      	lsrs	r3, r6, #22
10006520:	02b2      	lsls	r2, r6, #10
10006522:	e004      	b.n	1000652e <spi_init+0x86>
10006524:	9e01      	ldr	r6, [sp, #4]
10006526:	4296      	cmp	r6, r2
10006528:	d30a      	bcc.n	10006540 <spi_init+0x98>
1000652a:	0022      	movs	r2, r4
1000652c:	002b      	movs	r3, r5
1000652e:	3702      	adds	r7, #2
10006530:	4557      	cmp	r7, sl
10006532:	d005      	beq.n	10006540 <spi_init+0x98>
10006534:	0004      	movs	r4, r0
10006536:	000d      	movs	r5, r1
10006538:	18a4      	adds	r4, r4, r2
1000653a:	415d      	adcs	r5, r3
1000653c:	2b00      	cmp	r3, #0
1000653e:	d0f1      	beq.n	10006524 <spi_init+0x7c>
10006540:	4666      	mov	r6, ip
10006542:	9b01      	ldr	r3, [sp, #4]
10006544:	2580      	movs	r5, #128	@ 0x80
10006546:	469a      	mov	sl, r3
10006548:	46b3      	mov	fp, r6
1000654a:	023c      	lsls	r4, r7, #8
1000654c:	1be4      	subs	r4, r4, r7
1000654e:	006d      	lsls	r5, r5, #1
10006550:	002e      	movs	r6, r5
10006552:	3d01      	subs	r5, #1
10006554:	2d00      	cmp	r5, #0
10006556:	d038      	beq.n	100065ca <spi_init+0x122>
10006558:	0021      	movs	r1, r4
1000655a:	4650      	mov	r0, sl
1000655c:	f7fb fb8e 	bl	10001c7c <__wrap___aeabi_uidiv>
10006560:	1be4      	subs	r4, r4, r7
10006562:	4583      	cmp	fp, r0
10006564:	d2f4      	bcs.n	10006550 <spi_init+0xa8>
10006566:	0031      	movs	r1, r6
10006568:	4379      	muls	r1, r7
1000656a:	022d      	lsls	r5, r5, #8
1000656c:	9c02      	ldr	r4, [sp, #8]
1000656e:	22ff      	movs	r2, #255	@ 0xff
10006570:	2680      	movs	r6, #128	@ 0x80
10006572:	46a4      	mov	ip, r4
10006574:	6127      	str	r7, [r4, #16]
10006576:	6823      	ldr	r3, [r4, #0]
10006578:	0212      	lsls	r2, r2, #8
1000657a:	406b      	eors	r3, r5
1000657c:	0176      	lsls	r6, r6, #5
1000657e:	4466      	add	r6, ip
10006580:	4013      	ands	r3, r2
10006582:	6033      	str	r3, [r6, #0]
10006584:	2380      	movs	r3, #128	@ 0x80
10006586:	9a03      	ldr	r2, [sp, #12]
10006588:	019b      	lsls	r3, r3, #6
1000658a:	4443      	add	r3, r8
1000658c:	601a      	str	r2, [r3, #0]
1000658e:	464d      	mov	r5, r9
10006590:	2202      	movs	r2, #2
10006592:	2707      	movs	r7, #7
10006594:	6860      	ldr	r0, [r4, #4]
10006596:	602a      	str	r2, [r5, #0]
10006598:	6825      	ldr	r5, [r4, #0]
1000659a:	4010      	ands	r0, r2
1000659c:	406f      	eors	r7, r5
1000659e:	25cf      	movs	r5, #207	@ 0xcf
100065a0:	403d      	ands	r5, r7
100065a2:	6035      	str	r5, [r6, #0]
100065a4:	6018      	str	r0, [r3, #0]
100065a6:	480f      	ldr	r0, [pc, #60]	@ (100065e4 <spi_init+0x13c>)
100065a8:	4684      	mov	ip, r0
100065aa:	2003      	movs	r0, #3
100065ac:	4464      	add	r4, ip
100065ae:	6020      	str	r0, [r4, #0]
100065b0:	9801      	ldr	r0, [sp, #4]
100065b2:	601a      	str	r2, [r3, #0]
100065b4:	f7fb fb62 	bl	10001c7c <__wrap___aeabi_uidiv>
100065b8:	b005      	add	sp, #20
100065ba:	bcf0      	pop	{r4, r5, r6, r7}
100065bc:	46bb      	mov	fp, r7
100065be:	46b2      	mov	sl, r6
100065c0:	46a9      	mov	r9, r5
100065c2:	46a0      	mov	r8, r4
100065c4:	bdf0      	pop	{r4, r5, r6, r7, pc}
100065c6:	2702      	movs	r7, #2
100065c8:	e7bb      	b.n	10006542 <spi_init+0x9a>
100065ca:	0039      	movs	r1, r7
100065cc:	e7ce      	b.n	1000656c <spi_init+0xc4>
100065ce:	46c0      	nop			@ (mov r8, r8)
100065d0:	bffc0000 	.word	0xbffc0000
100065d4:	4000e000 	.word	0x4000e000
100065d8:	4000f000 	.word	0x4000f000
100065dc:	4000c008 	.word	0x4000c008
100065e0:	00003004 	.word	0x00003004
100065e4:	00002024 	.word	0x00002024

100065e8 <spi_set_baudrate>:
100065e8:	b5f0      	push	{r4, r5, r6, r7, lr}
100065ea:	46de      	mov	lr, fp
100065ec:	4657      	mov	r7, sl
100065ee:	464e      	mov	r6, r9
100065f0:	4645      	mov	r5, r8
100065f2:	4683      	mov	fp, r0
100065f4:	b5e0      	push	{r5, r6, r7, lr}
100065f6:	2006      	movs	r0, #6
100065f8:	b083      	sub	sp, #12
100065fa:	468a      	mov	sl, r1
100065fc:	f7fb f8e2 	bl	100017c4 <clock_get_hz>
10006600:	465b      	mov	r3, fp
10006602:	685a      	ldr	r2, [r3, #4]
10006604:	2302      	movs	r3, #2
10006606:	401a      	ands	r2, r3
10006608:	9200      	str	r2, [sp, #0]
1000660a:	465a      	mov	r2, fp
1000660c:	3204      	adds	r2, #4
1000660e:	9201      	str	r2, [sp, #4]
10006610:	4a2b      	ldr	r2, [pc, #172]	@ (100066c0 <spi_set_baudrate+0xd8>)
10006612:	4681      	mov	r9, r0
10006614:	445a      	add	r2, fp
10006616:	6013      	str	r3, [r2, #0]
10006618:	4653      	mov	r3, sl
1000661a:	0ddf      	lsrs	r7, r3, #23
1000661c:	025e      	lsls	r6, r3, #9
1000661e:	2f00      	cmp	r7, #0
10006620:	d148      	bne.n	100066b4 <spi_set_baudrate+0xcc>
10006622:	4286      	cmp	r6, r0
10006624:	d846      	bhi.n	100066b4 <spi_set_baudrate+0xcc>
10006626:	4651      	mov	r1, sl
10006628:	028a      	lsls	r2, r1, #10
1000662a:	2102      	movs	r1, #2
1000662c:	0d9b      	lsrs	r3, r3, #22
1000662e:	4688      	mov	r8, r1
10006630:	31fe      	adds	r1, #254	@ 0xfe
10006632:	e003      	b.n	1000663c <spi_set_baudrate+0x54>
10006634:	4591      	cmp	r9, r2
10006636:	d30c      	bcc.n	10006652 <spi_set_baudrate+0x6a>
10006638:	0022      	movs	r2, r4
1000663a:	002b      	movs	r3, r5
1000663c:	2002      	movs	r0, #2
1000663e:	4684      	mov	ip, r0
10006640:	44e0      	add	r8, ip
10006642:	4588      	cmp	r8, r1
10006644:	d005      	beq.n	10006652 <spi_set_baudrate+0x6a>
10006646:	0034      	movs	r4, r6
10006648:	003d      	movs	r5, r7
1000664a:	18a4      	adds	r4, r4, r2
1000664c:	415d      	adcs	r5, r3
1000664e:	2b00      	cmp	r3, #0
10006650:	d0f0      	beq.n	10006634 <spi_set_baudrate+0x4c>
10006652:	4643      	mov	r3, r8
10006654:	2480      	movs	r4, #128	@ 0x80
10006656:	021d      	lsls	r5, r3, #8
10006658:	1aed      	subs	r5, r5, r3
1000665a:	0064      	lsls	r4, r4, #1
1000665c:	0026      	movs	r6, r4
1000665e:	3c01      	subs	r4, #1
10006660:	2c00      	cmp	r4, #0
10006662:	d02a      	beq.n	100066ba <spi_set_baudrate+0xd2>
10006664:	0029      	movs	r1, r5
10006666:	4648      	mov	r0, r9
10006668:	f7fb fb08 	bl	10001c7c <__wrap___aeabi_uidiv>
1000666c:	4643      	mov	r3, r8
1000666e:	1aed      	subs	r5, r5, r3
10006670:	4550      	cmp	r0, sl
10006672:	d9f3      	bls.n	1000665c <spi_set_baudrate+0x74>
10006674:	4641      	mov	r1, r8
10006676:	4371      	muls	r1, r6
10006678:	0224      	lsls	r4, r4, #8
1000667a:	465b      	mov	r3, fp
1000667c:	4642      	mov	r2, r8
1000667e:	611a      	str	r2, [r3, #16]
10006680:	681a      	ldr	r2, [r3, #0]
10006682:	23ff      	movs	r3, #255	@ 0xff
10006684:	4062      	eors	r2, r4
10006686:	021b      	lsls	r3, r3, #8
10006688:	401a      	ands	r2, r3
1000668a:	2380      	movs	r3, #128	@ 0x80
1000668c:	015b      	lsls	r3, r3, #5
1000668e:	445b      	add	r3, fp
10006690:	601a      	str	r2, [r3, #0]
10006692:	2280      	movs	r2, #128	@ 0x80
10006694:	0192      	lsls	r2, r2, #6
10006696:	4694      	mov	ip, r2
10006698:	9b01      	ldr	r3, [sp, #4]
1000669a:	9a00      	ldr	r2, [sp, #0]
1000669c:	4463      	add	r3, ip
1000669e:	4648      	mov	r0, r9
100066a0:	601a      	str	r2, [r3, #0]
100066a2:	f7fb faeb 	bl	10001c7c <__wrap___aeabi_uidiv>
100066a6:	b003      	add	sp, #12
100066a8:	bcf0      	pop	{r4, r5, r6, r7}
100066aa:	46bb      	mov	fp, r7
100066ac:	46b2      	mov	sl, r6
100066ae:	46a9      	mov	r9, r5
100066b0:	46a0      	mov	r8, r4
100066b2:	bdf0      	pop	{r4, r5, r6, r7, pc}
100066b4:	2302      	movs	r3, #2
100066b6:	4698      	mov	r8, r3
100066b8:	e7cb      	b.n	10006652 <spi_set_baudrate+0x6a>
100066ba:	4641      	mov	r1, r8
100066bc:	e7dd      	b.n	1000667a <spi_set_baudrate+0x92>
100066be:	46c0      	nop			@ (mov r8, r8)
100066c0:	00003004 	.word	0x00003004

100066c4 <LCD_SetBackLight>:
100066c4:	2388      	movs	r3, #136	@ 0x88
100066c6:	4a0a      	ldr	r2, [pc, #40]	@ (100066f0 <LCD_SetBackLight+0x2c>)
100066c8:	490a      	ldr	r1, [pc, #40]	@ (100066f4 <LCD_SetBackLight+0x30>)
100066ca:	50d1      	str	r1, [r2, r3]
100066cc:	4b0a      	ldr	r3, [pc, #40]	@ (100066f8 <LCD_SetBackLight+0x34>)
100066ce:	681a      	ldr	r2, [r3, #0]
100066d0:	0083      	lsls	r3, r0, #2
100066d2:	181b      	adds	r3, r3, r0
100066d4:	045b      	lsls	r3, r3, #17
100066d6:	4053      	eors	r3, r2
100066d8:	0c1b      	lsrs	r3, r3, #16
100066da:	4a08      	ldr	r2, [pc, #32]	@ (100066fc <LCD_SetBackLight+0x38>)
100066dc:	041b      	lsls	r3, r3, #16
100066de:	6013      	str	r3, [r2, #0]
100066e0:	4b07      	ldr	r3, [pc, #28]	@ (10006700 <LCD_SetBackLight+0x3c>)
100066e2:	681a      	ldr	r2, [r3, #0]
100066e4:	2301      	movs	r3, #1
100066e6:	4393      	bics	r3, r2
100066e8:	4a06      	ldr	r2, [pc, #24]	@ (10006704 <LCD_SetBackLight+0x40>)
100066ea:	6013      	str	r3, [r2, #0]
100066ec:	4770      	bx	lr
100066ee:	46c0      	nop			@ (mov r8, r8)
100066f0:	40050000 	.word	0x40050000
100066f4:	00002710 	.word	0x00002710
100066f8:	40050084 	.word	0x40050084
100066fc:	40051084 	.word	0x40051084
10006700:	40050078 	.word	0x40050078
10006704:	40051078 	.word	0x40051078

10006708 <LCD_SetGramScanWay>:
10006708:	b570      	push	{r4, r5, r6, lr}
1000670a:	4c63      	ldr	r4, [pc, #396]	@ (10006898 <LCD_SetGramScanWay+0x190>)
1000670c:	7823      	ldrb	r3, [r4, #0]
1000670e:	2b52      	cmp	r3, #82	@ 0x52
10006710:	d100      	bne.n	10006714 <LCD_SetGramScanWay+0xc>
10006712:	e08c      	b.n	1000682e <LCD_SetGramScanWay+0x126>
10006714:	2807      	cmp	r0, #7
10006716:	d900      	bls.n	1000671a <LCD_SetGramScanWay+0x12>
10006718:	e06d      	b.n	100067f6 <LCD_SetGramScanWay+0xee>
1000671a:	4b60      	ldr	r3, [pc, #384]	@ (1000689c <LCD_SetGramScanWay+0x194>)
1000671c:	0042      	lsls	r2, r0, #1
1000671e:	5c9e      	ldrb	r6, [r3, r2]
10006720:	4b5f      	ldr	r3, [pc, #380]	@ (100068a0 <LCD_SetGramScanWay+0x198>)
10006722:	5c9d      	ldrb	r5, [r3, r2]
10006724:	2803      	cmp	r0, #3
10006726:	d900      	bls.n	1000672a <LCD_SetGramScanWay+0x22>
10006728:	e0b1      	b.n	1000688e <LCD_SetGramScanWay+0x186>
1000672a:	21f0      	movs	r1, #240	@ 0xf0
1000672c:	22a0      	movs	r2, #160	@ 0xa0
1000672e:	0049      	lsls	r1, r1, #1
10006730:	0052      	lsls	r2, r2, #1
10006732:	4b5c      	ldr	r3, [pc, #368]	@ (100068a4 <LCD_SetGramScanWay+0x19c>)
10006734:	7118      	strb	r0, [r3, #4]
10006736:	8059      	strh	r1, [r3, #2]
10006738:	2008      	movs	r0, #8
1000673a:	2100      	movs	r1, #0
1000673c:	801a      	strh	r2, [r3, #0]
1000673e:	f002 ff8b 	bl	10009658 <DEV_Digital_Write>
10006742:	2100      	movs	r1, #0
10006744:	2009      	movs	r0, #9
10006746:	f002 ff87 	bl	10009658 <DEV_Digital_Write>
1000674a:	20b6      	movs	r0, #182	@ 0xb6
1000674c:	f002 ffde 	bl	1000970c <SPI4W_Write_Byte>
10006750:	2101      	movs	r1, #1
10006752:	2009      	movs	r0, #9
10006754:	f002 ff80 	bl	10009658 <DEV_Digital_Write>
10006758:	7823      	ldrb	r3, [r4, #0]
1000675a:	2101      	movs	r1, #1
1000675c:	2008      	movs	r0, #8
1000675e:	2b52      	cmp	r3, #82	@ 0x52
10006760:	d05e      	beq.n	10006820 <LCD_SetGramScanWay+0x118>
10006762:	f002 ff79 	bl	10009658 <DEV_Digital_Write>
10006766:	2009      	movs	r0, #9
10006768:	2100      	movs	r1, #0
1000676a:	f002 ff75 	bl	10009658 <DEV_Digital_Write>
1000676e:	2000      	movs	r0, #0
10006770:	f002 ffcc 	bl	1000970c <SPI4W_Write_Byte>
10006774:	2000      	movs	r0, #0
10006776:	f002 ffc9 	bl	1000970c <SPI4W_Write_Byte>
1000677a:	2101      	movs	r1, #1
1000677c:	2009      	movs	r0, #9
1000677e:	f002 ff6b 	bl	10009658 <DEV_Digital_Write>
10006782:	7823      	ldrb	r3, [r4, #0]
10006784:	2101      	movs	r1, #1
10006786:	2008      	movs	r0, #8
10006788:	2b52      	cmp	r3, #82	@ 0x52
1000678a:	d042      	beq.n	10006812 <LCD_SetGramScanWay+0x10a>
1000678c:	f002 ff64 	bl	10009658 <DEV_Digital_Write>
10006790:	2009      	movs	r0, #9
10006792:	2100      	movs	r1, #0
10006794:	f002 ff60 	bl	10009658 <DEV_Digital_Write>
10006798:	2000      	movs	r0, #0
1000679a:	f002 ffb7 	bl	1000970c <SPI4W_Write_Byte>
1000679e:	0030      	movs	r0, r6
100067a0:	f002 ffb4 	bl	1000970c <SPI4W_Write_Byte>
100067a4:	2101      	movs	r1, #1
100067a6:	2009      	movs	r0, #9
100067a8:	f002 ff56 	bl	10009658 <DEV_Digital_Write>
100067ac:	2100      	movs	r1, #0
100067ae:	2008      	movs	r0, #8
100067b0:	f002 ff52 	bl	10009658 <DEV_Digital_Write>
100067b4:	2100      	movs	r1, #0
100067b6:	2009      	movs	r0, #9
100067b8:	f002 ff4e 	bl	10009658 <DEV_Digital_Write>
100067bc:	2036      	movs	r0, #54	@ 0x36
100067be:	f002 ffa5 	bl	1000970c <SPI4W_Write_Byte>
100067c2:	2101      	movs	r1, #1
100067c4:	2009      	movs	r0, #9
100067c6:	f002 ff47 	bl	10009658 <DEV_Digital_Write>
100067ca:	7823      	ldrb	r3, [r4, #0]
100067cc:	2101      	movs	r1, #1
100067ce:	2008      	movs	r0, #8
100067d0:	2b52      	cmp	r3, #82	@ 0x52
100067d2:	d017      	beq.n	10006804 <LCD_SetGramScanWay+0xfc>
100067d4:	f002 ff40 	bl	10009658 <DEV_Digital_Write>
100067d8:	2009      	movs	r0, #9
100067da:	2100      	movs	r1, #0
100067dc:	f002 ff3c 	bl	10009658 <DEV_Digital_Write>
100067e0:	2000      	movs	r0, #0
100067e2:	f002 ff93 	bl	1000970c <SPI4W_Write_Byte>
100067e6:	0028      	movs	r0, r5
100067e8:	f002 ff90 	bl	1000970c <SPI4W_Write_Byte>
100067ec:	2101      	movs	r1, #1
100067ee:	2009      	movs	r0, #9
100067f0:	f002 ff32 	bl	10009658 <DEV_Digital_Write>
100067f4:	bd70      	pop	{r4, r5, r6, pc}
100067f6:	21a0      	movs	r1, #160	@ 0xa0
100067f8:	22f0      	movs	r2, #240	@ 0xf0
100067fa:	2600      	movs	r6, #0
100067fc:	2500      	movs	r5, #0
100067fe:	0049      	lsls	r1, r1, #1
10006800:	0052      	lsls	r2, r2, #1
10006802:	e796      	b.n	10006732 <LCD_SetGramScanWay+0x2a>
10006804:	f002 ff28 	bl	10009658 <DEV_Digital_Write>
10006808:	2100      	movs	r1, #0
1000680a:	2009      	movs	r0, #9
1000680c:	f002 ff24 	bl	10009658 <DEV_Digital_Write>
10006810:	e7e9      	b.n	100067e6 <LCD_SetGramScanWay+0xde>
10006812:	f002 ff21 	bl	10009658 <DEV_Digital_Write>
10006816:	2100      	movs	r1, #0
10006818:	2009      	movs	r0, #9
1000681a:	f002 ff1d 	bl	10009658 <DEV_Digital_Write>
1000681e:	e7be      	b.n	1000679e <LCD_SetGramScanWay+0x96>
10006820:	f002 ff1a 	bl	10009658 <DEV_Digital_Write>
10006824:	2100      	movs	r1, #0
10006826:	2009      	movs	r0, #9
10006828:	f002 ff16 	bl	10009658 <DEV_Digital_Write>
1000682c:	e7a2      	b.n	10006774 <LCD_SetGramScanWay+0x6c>
1000682e:	4b1d      	ldr	r3, [pc, #116]	@ (100068a4 <LCD_SetGramScanWay+0x19c>)
10006830:	4a1d      	ldr	r2, [pc, #116]	@ (100068a8 <LCD_SetGramScanWay+0x1a0>)
10006832:	7118      	strb	r0, [r3, #4]
10006834:	2100      	movs	r1, #0
10006836:	2008      	movs	r0, #8
10006838:	601a      	str	r2, [r3, #0]
1000683a:	f002 ff0d 	bl	10009658 <DEV_Digital_Write>
1000683e:	2100      	movs	r1, #0
10006840:	2009      	movs	r0, #9
10006842:	f002 ff09 	bl	10009658 <DEV_Digital_Write>
10006846:	2036      	movs	r0, #54	@ 0x36
10006848:	f002 ff60 	bl	1000970c <SPI4W_Write_Byte>
1000684c:	2101      	movs	r1, #1
1000684e:	2009      	movs	r0, #9
10006850:	f002 ff02 	bl	10009658 <DEV_Digital_Write>
10006854:	7823      	ldrb	r3, [r4, #0]
10006856:	2101      	movs	r1, #1
10006858:	2008      	movs	r0, #8
1000685a:	2b52      	cmp	r3, #82	@ 0x52
1000685c:	d010      	beq.n	10006880 <LCD_SetGramScanWay+0x178>
1000685e:	f002 fefb 	bl	10009658 <DEV_Digital_Write>
10006862:	2009      	movs	r0, #9
10006864:	2100      	movs	r1, #0
10006866:	f002 fef7 	bl	10009658 <DEV_Digital_Write>
1000686a:	2000      	movs	r0, #0
1000686c:	f002 ff4e 	bl	1000970c <SPI4W_Write_Byte>
10006870:	2000      	movs	r0, #0
10006872:	f002 ff4b 	bl	1000970c <SPI4W_Write_Byte>
10006876:	2101      	movs	r1, #1
10006878:	2009      	movs	r0, #9
1000687a:	f002 feed 	bl	10009658 <DEV_Digital_Write>
1000687e:	e7b9      	b.n	100067f4 <LCD_SetGramScanWay+0xec>
10006880:	f002 feea 	bl	10009658 <DEV_Digital_Write>
10006884:	2100      	movs	r1, #0
10006886:	2009      	movs	r0, #9
10006888:	f002 fee6 	bl	10009658 <DEV_Digital_Write>
1000688c:	e7f0      	b.n	10006870 <LCD_SetGramScanWay+0x168>
1000688e:	21a0      	movs	r1, #160	@ 0xa0
10006890:	22f0      	movs	r2, #240	@ 0xf0
10006892:	0049      	lsls	r1, r1, #1
10006894:	0052      	lsls	r2, r2, #1
10006896:	e74c      	b.n	10006732 <LCD_SetGramScanWay+0x2a>
10006898:	20012aa5 	.word	0x20012aa5
1000689c:	1000ac04 	.word	0x1000ac04
100068a0:	1000ac14 	.word	0x1000ac14
100068a4:	2001293c 	.word	0x2001293c
100068a8:	014000f0 	.word	0x014000f0

100068ac <LCD_Init>:
100068ac:	b5f0      	push	{r4, r5, r6, r7, lr}
100068ae:	0005      	movs	r5, r0
100068b0:	b083      	sub	sp, #12
100068b2:	200f      	movs	r0, #15
100068b4:	000e      	movs	r6, r1
100068b6:	2101      	movs	r1, #1
100068b8:	f002 fece 	bl	10009658 <DEV_Digital_Write>
100068bc:	20fa      	movs	r0, #250	@ 0xfa
100068be:	0040      	lsls	r0, r0, #1
100068c0:	f002 ff46 	bl	10009750 <Driver_Delay_ms>
100068c4:	2100      	movs	r1, #0
100068c6:	200f      	movs	r0, #15
100068c8:	f002 fec6 	bl	10009658 <DEV_Digital_Write>
100068cc:	20fa      	movs	r0, #250	@ 0xfa
100068ce:	0040      	lsls	r0, r0, #1
100068d0:	f002 ff3e 	bl	10009750 <Driver_Delay_ms>
100068d4:	2101      	movs	r1, #1
100068d6:	200f      	movs	r0, #15
100068d8:	f002 febe 	bl	10009658 <DEV_Digital_Write>
100068dc:	20fa      	movs	r0, #250	@ 0xfa
100068de:	0040      	lsls	r0, r0, #1
100068e0:	f002 ff36 	bl	10009750 <Driver_Delay_ms>
100068e4:	466b      	mov	r3, sp
100068e6:	1d9f      	adds	r7, r3, #6
100068e8:	2300      	movs	r3, #0
100068ea:	2100      	movs	r1, #0
100068ec:	2009      	movs	r0, #9
100068ee:	703b      	strb	r3, [r7, #0]
100068f0:	f002 feb2 	bl	10009658 <DEV_Digital_Write>
100068f4:	2100      	movs	r1, #0
100068f6:	2008      	movs	r0, #8
100068f8:	f002 feae 	bl	10009658 <DEV_Digital_Write>
100068fc:	20dc      	movs	r0, #220	@ 0xdc
100068fe:	f002 ff05 	bl	1000970c <SPI4W_Write_Byte>
10006902:	466b      	mov	r3, sp
10006904:	1ddc      	adds	r4, r3, #7
10006906:	0022      	movs	r2, r4
10006908:	2301      	movs	r3, #1
1000690a:	0039      	movs	r1, r7
1000690c:	48f4      	ldr	r0, [pc, #976]	@ (10006ce0 <LCD_Init+0x434>)
1000690e:	f003 fc07 	bl	1000a120 <__spi_write_read_blocking_veneer>
10006912:	2101      	movs	r1, #1
10006914:	2009      	movs	r0, #9
10006916:	f002 fe9f 	bl	10009658 <DEV_Digital_Write>
1000691a:	7823      	ldrb	r3, [r4, #0]
1000691c:	4cf1      	ldr	r4, [pc, #964]	@ (10006ce4 <LCD_Init+0x438>)
1000691e:	2100      	movs	r1, #0
10006920:	2008      	movs	r0, #8
10006922:	7023      	strb	r3, [r4, #0]
10006924:	2b52      	cmp	r3, #82	@ 0x52
10006926:	d101      	bne.n	1000692c <LCD_Init+0x80>
10006928:	f000 fc26 	bl	10007178 <LCD_Init+0x8cc>
1000692c:	f002 fe94 	bl	10009658 <DEV_Digital_Write>
10006930:	2100      	movs	r1, #0
10006932:	2009      	movs	r0, #9
10006934:	f002 fe90 	bl	10009658 <DEV_Digital_Write>
10006938:	2021      	movs	r0, #33	@ 0x21
1000693a:	f002 fee7 	bl	1000970c <SPI4W_Write_Byte>
1000693e:	2101      	movs	r1, #1
10006940:	2009      	movs	r0, #9
10006942:	f002 fe89 	bl	10009658 <DEV_Digital_Write>
10006946:	2100      	movs	r1, #0
10006948:	2008      	movs	r0, #8
1000694a:	f002 fe85 	bl	10009658 <DEV_Digital_Write>
1000694e:	2100      	movs	r1, #0
10006950:	2009      	movs	r0, #9
10006952:	f002 fe81 	bl	10009658 <DEV_Digital_Write>
10006956:	20c2      	movs	r0, #194	@ 0xc2
10006958:	f002 fed8 	bl	1000970c <SPI4W_Write_Byte>
1000695c:	2101      	movs	r1, #1
1000695e:	2009      	movs	r0, #9
10006960:	f002 fe7a 	bl	10009658 <DEV_Digital_Write>
10006964:	7823      	ldrb	r3, [r4, #0]
10006966:	2101      	movs	r1, #1
10006968:	2008      	movs	r0, #8
1000696a:	2b52      	cmp	r3, #82	@ 0x52
1000696c:	d101      	bne.n	10006972 <LCD_Init+0xc6>
1000696e:	f000 fbef 	bl	10007150 <LCD_Init+0x8a4>
10006972:	f002 fe71 	bl	10009658 <DEV_Digital_Write>
10006976:	2009      	movs	r0, #9
10006978:	2100      	movs	r1, #0
1000697a:	f002 fe6d 	bl	10009658 <DEV_Digital_Write>
1000697e:	2000      	movs	r0, #0
10006980:	f002 fec4 	bl	1000970c <SPI4W_Write_Byte>
10006984:	2033      	movs	r0, #51	@ 0x33
10006986:	f002 fec1 	bl	1000970c <SPI4W_Write_Byte>
1000698a:	2101      	movs	r1, #1
1000698c:	2009      	movs	r0, #9
1000698e:	f002 fe63 	bl	10009658 <DEV_Digital_Write>
10006992:	2100      	movs	r1, #0
10006994:	2008      	movs	r0, #8
10006996:	f002 fe5f 	bl	10009658 <DEV_Digital_Write>
1000699a:	2100      	movs	r1, #0
1000699c:	2009      	movs	r0, #9
1000699e:	f002 fe5b 	bl	10009658 <DEV_Digital_Write>
100069a2:	20c5      	movs	r0, #197	@ 0xc5
100069a4:	f002 feb2 	bl	1000970c <SPI4W_Write_Byte>
100069a8:	2101      	movs	r1, #1
100069aa:	2009      	movs	r0, #9
100069ac:	f002 fe54 	bl	10009658 <DEV_Digital_Write>
100069b0:	7823      	ldrb	r3, [r4, #0]
100069b2:	2101      	movs	r1, #1
100069b4:	2008      	movs	r0, #8
100069b6:	2b52      	cmp	r3, #82	@ 0x52
100069b8:	d101      	bne.n	100069be <LCD_Init+0x112>
100069ba:	f001 f8ec 	bl	10007b96 <LCD_Init+0x12ea>
100069be:	f002 fe4b 	bl	10009658 <DEV_Digital_Write>
100069c2:	2009      	movs	r0, #9
100069c4:	2100      	movs	r1, #0
100069c6:	f002 fe47 	bl	10009658 <DEV_Digital_Write>
100069ca:	2000      	movs	r0, #0
100069cc:	f002 fe9e 	bl	1000970c <SPI4W_Write_Byte>
100069d0:	2000      	movs	r0, #0
100069d2:	f002 fe9b 	bl	1000970c <SPI4W_Write_Byte>
100069d6:	2101      	movs	r1, #1
100069d8:	2009      	movs	r0, #9
100069da:	f002 fe3d 	bl	10009658 <DEV_Digital_Write>
100069de:	7823      	ldrb	r3, [r4, #0]
100069e0:	2101      	movs	r1, #1
100069e2:	2008      	movs	r0, #8
100069e4:	2b52      	cmp	r3, #82	@ 0x52
100069e6:	d101      	bne.n	100069ec <LCD_Init+0x140>
100069e8:	f001 f8cd 	bl	10007b86 <LCD_Init+0x12da>
100069ec:	f002 fe34 	bl	10009658 <DEV_Digital_Write>
100069f0:	2009      	movs	r0, #9
100069f2:	2100      	movs	r1, #0
100069f4:	f002 fe30 	bl	10009658 <DEV_Digital_Write>
100069f8:	2000      	movs	r0, #0
100069fa:	f002 fe87 	bl	1000970c <SPI4W_Write_Byte>
100069fe:	201e      	movs	r0, #30
10006a00:	f002 fe84 	bl	1000970c <SPI4W_Write_Byte>
10006a04:	2101      	movs	r1, #1
10006a06:	2009      	movs	r0, #9
10006a08:	f002 fe26 	bl	10009658 <DEV_Digital_Write>
10006a0c:	7823      	ldrb	r3, [r4, #0]
10006a0e:	2101      	movs	r1, #1
10006a10:	2008      	movs	r0, #8
10006a12:	2b52      	cmp	r3, #82	@ 0x52
10006a14:	d101      	bne.n	10006a1a <LCD_Init+0x16e>
10006a16:	f001 f8de 	bl	10007bd6 <LCD_Init+0x132a>
10006a1a:	f002 fe1d 	bl	10009658 <DEV_Digital_Write>
10006a1e:	2009      	movs	r0, #9
10006a20:	2100      	movs	r1, #0
10006a22:	f002 fe19 	bl	10009658 <DEV_Digital_Write>
10006a26:	2000      	movs	r0, #0
10006a28:	f002 fe70 	bl	1000970c <SPI4W_Write_Byte>
10006a2c:	2080      	movs	r0, #128	@ 0x80
10006a2e:	f002 fe6d 	bl	1000970c <SPI4W_Write_Byte>
10006a32:	2101      	movs	r1, #1
10006a34:	2009      	movs	r0, #9
10006a36:	f002 fe0f 	bl	10009658 <DEV_Digital_Write>
10006a3a:	2100      	movs	r1, #0
10006a3c:	2008      	movs	r0, #8
10006a3e:	f002 fe0b 	bl	10009658 <DEV_Digital_Write>
10006a42:	2100      	movs	r1, #0
10006a44:	2009      	movs	r0, #9
10006a46:	f002 fe07 	bl	10009658 <DEV_Digital_Write>
10006a4a:	20b1      	movs	r0, #177	@ 0xb1
10006a4c:	f002 fe5e 	bl	1000970c <SPI4W_Write_Byte>
10006a50:	2101      	movs	r1, #1
10006a52:	2009      	movs	r0, #9
10006a54:	f002 fe00 	bl	10009658 <DEV_Digital_Write>
10006a58:	7823      	ldrb	r3, [r4, #0]
10006a5a:	2101      	movs	r1, #1
10006a5c:	2008      	movs	r0, #8
10006a5e:	2b52      	cmp	r3, #82	@ 0x52
10006a60:	d101      	bne.n	10006a66 <LCD_Init+0x1ba>
10006a62:	f001 f8b0 	bl	10007bc6 <LCD_Init+0x131a>
10006a66:	f002 fdf7 	bl	10009658 <DEV_Digital_Write>
10006a6a:	2009      	movs	r0, #9
10006a6c:	2100      	movs	r1, #0
10006a6e:	f002 fdf3 	bl	10009658 <DEV_Digital_Write>
10006a72:	2000      	movs	r0, #0
10006a74:	f002 fe4a 	bl	1000970c <SPI4W_Write_Byte>
10006a78:	20b0      	movs	r0, #176	@ 0xb0
10006a7a:	f002 fe47 	bl	1000970c <SPI4W_Write_Byte>
10006a7e:	2101      	movs	r1, #1
10006a80:	2009      	movs	r0, #9
10006a82:	f002 fde9 	bl	10009658 <DEV_Digital_Write>
10006a86:	2100      	movs	r1, #0
10006a88:	2008      	movs	r0, #8
10006a8a:	f002 fde5 	bl	10009658 <DEV_Digital_Write>
10006a8e:	2100      	movs	r1, #0
10006a90:	2009      	movs	r0, #9
10006a92:	f002 fde1 	bl	10009658 <DEV_Digital_Write>
10006a96:	2036      	movs	r0, #54	@ 0x36
10006a98:	f002 fe38 	bl	1000970c <SPI4W_Write_Byte>
10006a9c:	2101      	movs	r1, #1
10006a9e:	2009      	movs	r0, #9
10006aa0:	f002 fdda 	bl	10009658 <DEV_Digital_Write>
10006aa4:	7823      	ldrb	r3, [r4, #0]
10006aa6:	2101      	movs	r1, #1
10006aa8:	2008      	movs	r0, #8
10006aaa:	2b52      	cmp	r3, #82	@ 0x52
10006aac:	d101      	bne.n	10006ab2 <LCD_Init+0x206>
10006aae:	f001 f882 	bl	10007bb6 <LCD_Init+0x130a>
10006ab2:	f002 fdd1 	bl	10009658 <DEV_Digital_Write>
10006ab6:	2009      	movs	r0, #9
10006ab8:	2100      	movs	r1, #0
10006aba:	f002 fdcd 	bl	10009658 <DEV_Digital_Write>
10006abe:	2000      	movs	r0, #0
10006ac0:	f002 fe24 	bl	1000970c <SPI4W_Write_Byte>
10006ac4:	2028      	movs	r0, #40	@ 0x28
10006ac6:	f002 fe21 	bl	1000970c <SPI4W_Write_Byte>
10006aca:	2101      	movs	r1, #1
10006acc:	2009      	movs	r0, #9
10006ace:	f002 fdc3 	bl	10009658 <DEV_Digital_Write>
10006ad2:	2100      	movs	r1, #0
10006ad4:	2008      	movs	r0, #8
10006ad6:	f002 fdbf 	bl	10009658 <DEV_Digital_Write>
10006ada:	2100      	movs	r1, #0
10006adc:	2009      	movs	r0, #9
10006ade:	f002 fdbb 	bl	10009658 <DEV_Digital_Write>
10006ae2:	20e0      	movs	r0, #224	@ 0xe0
10006ae4:	f002 fe12 	bl	1000970c <SPI4W_Write_Byte>
10006ae8:	2101      	movs	r1, #1
10006aea:	2009      	movs	r0, #9
10006aec:	f002 fdb4 	bl	10009658 <DEV_Digital_Write>
10006af0:	7823      	ldrb	r3, [r4, #0]
10006af2:	2101      	movs	r1, #1
10006af4:	2008      	movs	r0, #8
10006af6:	2b52      	cmp	r3, #82	@ 0x52
10006af8:	d101      	bne.n	10006afe <LCD_Init+0x252>
10006afa:	f001 f854 	bl	10007ba6 <LCD_Init+0x12fa>
10006afe:	f002 fdab 	bl	10009658 <DEV_Digital_Write>
10006b02:	2009      	movs	r0, #9
10006b04:	2100      	movs	r1, #0
10006b06:	f002 fda7 	bl	10009658 <DEV_Digital_Write>
10006b0a:	2000      	movs	r0, #0
10006b0c:	f002 fdfe 	bl	1000970c <SPI4W_Write_Byte>
10006b10:	2000      	movs	r0, #0
10006b12:	f002 fdfb 	bl	1000970c <SPI4W_Write_Byte>
10006b16:	2101      	movs	r1, #1
10006b18:	2009      	movs	r0, #9
10006b1a:	f002 fd9d 	bl	10009658 <DEV_Digital_Write>
10006b1e:	7823      	ldrb	r3, [r4, #0]
10006b20:	2101      	movs	r1, #1
10006b22:	2008      	movs	r0, #8
10006b24:	2b52      	cmp	r3, #82	@ 0x52
10006b26:	d101      	bne.n	10006b2c <LCD_Init+0x280>
10006b28:	f001 f895 	bl	10007c56 <LCD_Init+0x13aa>
10006b2c:	f002 fd94 	bl	10009658 <DEV_Digital_Write>
10006b30:	2009      	movs	r0, #9
10006b32:	2100      	movs	r1, #0
10006b34:	f002 fd90 	bl	10009658 <DEV_Digital_Write>
10006b38:	2000      	movs	r0, #0
10006b3a:	f002 fde7 	bl	1000970c <SPI4W_Write_Byte>
10006b3e:	2013      	movs	r0, #19
10006b40:	f002 fde4 	bl	1000970c <SPI4W_Write_Byte>
10006b44:	2101      	movs	r1, #1
10006b46:	2009      	movs	r0, #9
10006b48:	f002 fd86 	bl	10009658 <DEV_Digital_Write>
10006b4c:	7823      	ldrb	r3, [r4, #0]
10006b4e:	2101      	movs	r1, #1
10006b50:	2008      	movs	r0, #8
10006b52:	2b52      	cmp	r3, #82	@ 0x52
10006b54:	d101      	bne.n	10006b5a <LCD_Init+0x2ae>
10006b56:	f001 f876 	bl	10007c46 <LCD_Init+0x139a>
10006b5a:	f002 fd7d 	bl	10009658 <DEV_Digital_Write>
10006b5e:	2009      	movs	r0, #9
10006b60:	2100      	movs	r1, #0
10006b62:	f002 fd79 	bl	10009658 <DEV_Digital_Write>
10006b66:	2000      	movs	r0, #0
10006b68:	f002 fdd0 	bl	1000970c <SPI4W_Write_Byte>
10006b6c:	2018      	movs	r0, #24
10006b6e:	f002 fdcd 	bl	1000970c <SPI4W_Write_Byte>
10006b72:	2101      	movs	r1, #1
10006b74:	2009      	movs	r0, #9
10006b76:	f002 fd6f 	bl	10009658 <DEV_Digital_Write>
10006b7a:	7823      	ldrb	r3, [r4, #0]
10006b7c:	2101      	movs	r1, #1
10006b7e:	2008      	movs	r0, #8
10006b80:	2b52      	cmp	r3, #82	@ 0x52
10006b82:	d101      	bne.n	10006b88 <LCD_Init+0x2dc>
10006b84:	f001 f857 	bl	10007c36 <LCD_Init+0x138a>
10006b88:	f002 fd66 	bl	10009658 <DEV_Digital_Write>
10006b8c:	2009      	movs	r0, #9
10006b8e:	2100      	movs	r1, #0
10006b90:	f002 fd62 	bl	10009658 <DEV_Digital_Write>
10006b94:	2000      	movs	r0, #0
10006b96:	f002 fdb9 	bl	1000970c <SPI4W_Write_Byte>
10006b9a:	2004      	movs	r0, #4
10006b9c:	f002 fdb6 	bl	1000970c <SPI4W_Write_Byte>
10006ba0:	2101      	movs	r1, #1
10006ba2:	2009      	movs	r0, #9
10006ba4:	f002 fd58 	bl	10009658 <DEV_Digital_Write>
10006ba8:	7823      	ldrb	r3, [r4, #0]
10006baa:	2101      	movs	r1, #1
10006bac:	2008      	movs	r0, #8
10006bae:	2b52      	cmp	r3, #82	@ 0x52
10006bb0:	d101      	bne.n	10006bb6 <LCD_Init+0x30a>
10006bb2:	f001 f838 	bl	10007c26 <LCD_Init+0x137a>
10006bb6:	f002 fd4f 	bl	10009658 <DEV_Digital_Write>
10006bba:	2009      	movs	r0, #9
10006bbc:	2100      	movs	r1, #0
10006bbe:	f002 fd4b 	bl	10009658 <DEV_Digital_Write>
10006bc2:	2000      	movs	r0, #0
10006bc4:	f002 fda2 	bl	1000970c <SPI4W_Write_Byte>
10006bc8:	200f      	movs	r0, #15
10006bca:	f002 fd9f 	bl	1000970c <SPI4W_Write_Byte>
10006bce:	2101      	movs	r1, #1
10006bd0:	2009      	movs	r0, #9
10006bd2:	f002 fd41 	bl	10009658 <DEV_Digital_Write>
10006bd6:	7823      	ldrb	r3, [r4, #0]
10006bd8:	2101      	movs	r1, #1
10006bda:	2008      	movs	r0, #8
10006bdc:	2b52      	cmp	r3, #82	@ 0x52
10006bde:	d101      	bne.n	10006be4 <LCD_Init+0x338>
10006be0:	f001 f819 	bl	10007c16 <LCD_Init+0x136a>
10006be4:	f002 fd38 	bl	10009658 <DEV_Digital_Write>
10006be8:	2009      	movs	r0, #9
10006bea:	2100      	movs	r1, #0
10006bec:	f002 fd34 	bl	10009658 <DEV_Digital_Write>
10006bf0:	2000      	movs	r0, #0
10006bf2:	f002 fd8b 	bl	1000970c <SPI4W_Write_Byte>
10006bf6:	2006      	movs	r0, #6
10006bf8:	f002 fd88 	bl	1000970c <SPI4W_Write_Byte>
10006bfc:	2101      	movs	r1, #1
10006bfe:	2009      	movs	r0, #9
10006c00:	f002 fd2a 	bl	10009658 <DEV_Digital_Write>
10006c04:	7823      	ldrb	r3, [r4, #0]
10006c06:	2101      	movs	r1, #1
10006c08:	2008      	movs	r0, #8
10006c0a:	2b52      	cmp	r3, #82	@ 0x52
10006c0c:	d101      	bne.n	10006c12 <LCD_Init+0x366>
10006c0e:	f000 fffa 	bl	10007c06 <LCD_Init+0x135a>
10006c12:	f002 fd21 	bl	10009658 <DEV_Digital_Write>
10006c16:	2009      	movs	r0, #9
10006c18:	2100      	movs	r1, #0
10006c1a:	f002 fd1d 	bl	10009658 <DEV_Digital_Write>
10006c1e:	2000      	movs	r0, #0
10006c20:	f002 fd74 	bl	1000970c <SPI4W_Write_Byte>
10006c24:	203a      	movs	r0, #58	@ 0x3a
10006c26:	f002 fd71 	bl	1000970c <SPI4W_Write_Byte>
10006c2a:	2101      	movs	r1, #1
10006c2c:	2009      	movs	r0, #9
10006c2e:	f002 fd13 	bl	10009658 <DEV_Digital_Write>
10006c32:	7823      	ldrb	r3, [r4, #0]
10006c34:	2101      	movs	r1, #1
10006c36:	2008      	movs	r0, #8
10006c38:	2b52      	cmp	r3, #82	@ 0x52
10006c3a:	d101      	bne.n	10006c40 <LCD_Init+0x394>
10006c3c:	f000 ffdb 	bl	10007bf6 <LCD_Init+0x134a>
10006c40:	f002 fd0a 	bl	10009658 <DEV_Digital_Write>
10006c44:	2009      	movs	r0, #9
10006c46:	2100      	movs	r1, #0
10006c48:	f002 fd06 	bl	10009658 <DEV_Digital_Write>
10006c4c:	2000      	movs	r0, #0
10006c4e:	f002 fd5d 	bl	1000970c <SPI4W_Write_Byte>
10006c52:	2056      	movs	r0, #86	@ 0x56
10006c54:	f002 fd5a 	bl	1000970c <SPI4W_Write_Byte>
10006c58:	2101      	movs	r1, #1
10006c5a:	2009      	movs	r0, #9
10006c5c:	f002 fcfc 	bl	10009658 <DEV_Digital_Write>
10006c60:	7823      	ldrb	r3, [r4, #0]
10006c62:	2101      	movs	r1, #1
10006c64:	2008      	movs	r0, #8
10006c66:	2b52      	cmp	r3, #82	@ 0x52
10006c68:	d101      	bne.n	10006c6e <LCD_Init+0x3c2>
10006c6a:	f000 ffbc 	bl	10007be6 <LCD_Init+0x133a>
10006c6e:	f002 fcf3 	bl	10009658 <DEV_Digital_Write>
10006c72:	2009      	movs	r0, #9
10006c74:	2100      	movs	r1, #0
10006c76:	f002 fcef 	bl	10009658 <DEV_Digital_Write>
10006c7a:	2000      	movs	r0, #0
10006c7c:	f002 fd46 	bl	1000970c <SPI4W_Write_Byte>
10006c80:	204d      	movs	r0, #77	@ 0x4d
10006c82:	f002 fd43 	bl	1000970c <SPI4W_Write_Byte>
10006c86:	2101      	movs	r1, #1
10006c88:	2009      	movs	r0, #9
10006c8a:	f002 fce5 	bl	10009658 <DEV_Digital_Write>
10006c8e:	7823      	ldrb	r3, [r4, #0]
10006c90:	2101      	movs	r1, #1
10006c92:	2008      	movs	r0, #8
10006c94:	2b52      	cmp	r3, #82	@ 0x52
10006c96:	d101      	bne.n	10006c9c <LCD_Init+0x3f0>
10006c98:	f001 f85d 	bl	10007d56 <LCD_Init+0x14aa>
10006c9c:	f002 fcdc 	bl	10009658 <DEV_Digital_Write>
10006ca0:	2009      	movs	r0, #9
10006ca2:	2100      	movs	r1, #0
10006ca4:	f002 fcd8 	bl	10009658 <DEV_Digital_Write>
10006ca8:	2000      	movs	r0, #0
10006caa:	f002 fd2f 	bl	1000970c <SPI4W_Write_Byte>
10006cae:	2003      	movs	r0, #3
10006cb0:	f002 fd2c 	bl	1000970c <SPI4W_Write_Byte>
10006cb4:	2101      	movs	r1, #1
10006cb6:	2009      	movs	r0, #9
10006cb8:	f002 fcce 	bl	10009658 <DEV_Digital_Write>
10006cbc:	7823      	ldrb	r3, [r4, #0]
10006cbe:	2101      	movs	r1, #1
10006cc0:	2008      	movs	r0, #8
10006cc2:	2b52      	cmp	r3, #82	@ 0x52
10006cc4:	d101      	bne.n	10006cca <LCD_Init+0x41e>
10006cc6:	f001 f83e 	bl	10007d46 <LCD_Init+0x149a>
10006cca:	f002 fcc5 	bl	10009658 <DEV_Digital_Write>
10006cce:	2009      	movs	r0, #9
10006cd0:	2100      	movs	r1, #0
10006cd2:	f002 fcc1 	bl	10009658 <DEV_Digital_Write>
10006cd6:	2000      	movs	r0, #0
10006cd8:	f002 fd18 	bl	1000970c <SPI4W_Write_Byte>
10006cdc:	e004      	b.n	10006ce8 <LCD_Init+0x43c>
10006cde:	46c0      	nop			@ (mov r8, r8)
10006ce0:	40040000 	.word	0x40040000
10006ce4:	20012aa5 	.word	0x20012aa5
10006ce8:	200a      	movs	r0, #10
10006cea:	f002 fd0f 	bl	1000970c <SPI4W_Write_Byte>
10006cee:	2101      	movs	r1, #1
10006cf0:	2009      	movs	r0, #9
10006cf2:	f002 fcb1 	bl	10009658 <DEV_Digital_Write>
10006cf6:	7823      	ldrb	r3, [r4, #0]
10006cf8:	2101      	movs	r1, #1
10006cfa:	2008      	movs	r0, #8
10006cfc:	2b52      	cmp	r3, #82	@ 0x52
10006cfe:	d101      	bne.n	10006d04 <LCD_Init+0x458>
10006d00:	f001 f819 	bl	10007d36 <LCD_Init+0x148a>
10006d04:	f002 fca8 	bl	10009658 <DEV_Digital_Write>
10006d08:	2009      	movs	r0, #9
10006d0a:	2100      	movs	r1, #0
10006d0c:	f002 fca4 	bl	10009658 <DEV_Digital_Write>
10006d10:	2000      	movs	r0, #0
10006d12:	f002 fcfb 	bl	1000970c <SPI4W_Write_Byte>
10006d16:	2006      	movs	r0, #6
10006d18:	f002 fcf8 	bl	1000970c <SPI4W_Write_Byte>
10006d1c:	2101      	movs	r1, #1
10006d1e:	2009      	movs	r0, #9
10006d20:	f002 fc9a 	bl	10009658 <DEV_Digital_Write>
10006d24:	7823      	ldrb	r3, [r4, #0]
10006d26:	2101      	movs	r1, #1
10006d28:	2008      	movs	r0, #8
10006d2a:	2b52      	cmp	r3, #82	@ 0x52
10006d2c:	d101      	bne.n	10006d32 <LCD_Init+0x486>
10006d2e:	f000 fffa 	bl	10007d26 <LCD_Init+0x147a>
10006d32:	f002 fc91 	bl	10009658 <DEV_Digital_Write>
10006d36:	2009      	movs	r0, #9
10006d38:	2100      	movs	r1, #0
10006d3a:	f002 fc8d 	bl	10009658 <DEV_Digital_Write>
10006d3e:	2000      	movs	r0, #0
10006d40:	f002 fce4 	bl	1000970c <SPI4W_Write_Byte>
10006d44:	2030      	movs	r0, #48	@ 0x30
10006d46:	f002 fce1 	bl	1000970c <SPI4W_Write_Byte>
10006d4a:	2101      	movs	r1, #1
10006d4c:	2009      	movs	r0, #9
10006d4e:	f002 fc83 	bl	10009658 <DEV_Digital_Write>
10006d52:	7823      	ldrb	r3, [r4, #0]
10006d54:	2101      	movs	r1, #1
10006d56:	2008      	movs	r0, #8
10006d58:	2b52      	cmp	r3, #82	@ 0x52
10006d5a:	d101      	bne.n	10006d60 <LCD_Init+0x4b4>
10006d5c:	f000 ffdb 	bl	10007d16 <LCD_Init+0x146a>
10006d60:	f002 fc7a 	bl	10009658 <DEV_Digital_Write>
10006d64:	2009      	movs	r0, #9
10006d66:	2100      	movs	r1, #0
10006d68:	f002 fc76 	bl	10009658 <DEV_Digital_Write>
10006d6c:	2000      	movs	r0, #0
10006d6e:	f002 fccd 	bl	1000970c <SPI4W_Write_Byte>
10006d72:	203e      	movs	r0, #62	@ 0x3e
10006d74:	f002 fcca 	bl	1000970c <SPI4W_Write_Byte>
10006d78:	2101      	movs	r1, #1
10006d7a:	2009      	movs	r0, #9
10006d7c:	f002 fc6c 	bl	10009658 <DEV_Digital_Write>
10006d80:	7823      	ldrb	r3, [r4, #0]
10006d82:	2101      	movs	r1, #1
10006d84:	2008      	movs	r0, #8
10006d86:	2b52      	cmp	r3, #82	@ 0x52
10006d88:	d101      	bne.n	10006d8e <LCD_Init+0x4e2>
10006d8a:	f000 ffbc 	bl	10007d06 <LCD_Init+0x145a>
10006d8e:	f002 fc63 	bl	10009658 <DEV_Digital_Write>
10006d92:	2009      	movs	r0, #9
10006d94:	2100      	movs	r1, #0
10006d96:	f002 fc5f 	bl	10009658 <DEV_Digital_Write>
10006d9a:	2000      	movs	r0, #0
10006d9c:	f002 fcb6 	bl	1000970c <SPI4W_Write_Byte>
10006da0:	200f      	movs	r0, #15
10006da2:	f002 fcb3 	bl	1000970c <SPI4W_Write_Byte>
10006da6:	2101      	movs	r1, #1
10006da8:	2009      	movs	r0, #9
10006daa:	f002 fc55 	bl	10009658 <DEV_Digital_Write>
10006dae:	2100      	movs	r1, #0
10006db0:	2008      	movs	r0, #8
10006db2:	f002 fc51 	bl	10009658 <DEV_Digital_Write>
10006db6:	2100      	movs	r1, #0
10006db8:	2009      	movs	r0, #9
10006dba:	f002 fc4d 	bl	10009658 <DEV_Digital_Write>
10006dbe:	20e1      	movs	r0, #225	@ 0xe1
10006dc0:	f002 fca4 	bl	1000970c <SPI4W_Write_Byte>
10006dc4:	2101      	movs	r1, #1
10006dc6:	2009      	movs	r0, #9
10006dc8:	f002 fc46 	bl	10009658 <DEV_Digital_Write>
10006dcc:	7823      	ldrb	r3, [r4, #0]
10006dce:	2101      	movs	r1, #1
10006dd0:	2008      	movs	r0, #8
10006dd2:	2b52      	cmp	r3, #82	@ 0x52
10006dd4:	d101      	bne.n	10006dda <LCD_Init+0x52e>
10006dd6:	f000 ff8e 	bl	10007cf6 <LCD_Init+0x144a>
10006dda:	f002 fc3d 	bl	10009658 <DEV_Digital_Write>
10006dde:	2009      	movs	r0, #9
10006de0:	2100      	movs	r1, #0
10006de2:	f002 fc39 	bl	10009658 <DEV_Digital_Write>
10006de6:	2000      	movs	r0, #0
10006de8:	f002 fc90 	bl	1000970c <SPI4W_Write_Byte>
10006dec:	2000      	movs	r0, #0
10006dee:	f002 fc8d 	bl	1000970c <SPI4W_Write_Byte>
10006df2:	2101      	movs	r1, #1
10006df4:	2009      	movs	r0, #9
10006df6:	f002 fc2f 	bl	10009658 <DEV_Digital_Write>
10006dfa:	7823      	ldrb	r3, [r4, #0]
10006dfc:	2101      	movs	r1, #1
10006dfe:	2008      	movs	r0, #8
10006e00:	2b52      	cmp	r3, #82	@ 0x52
10006e02:	d101      	bne.n	10006e08 <LCD_Init+0x55c>
10006e04:	f000 ff6f 	bl	10007ce6 <LCD_Init+0x143a>
10006e08:	f002 fc26 	bl	10009658 <DEV_Digital_Write>
10006e0c:	2009      	movs	r0, #9
10006e0e:	2100      	movs	r1, #0
10006e10:	f002 fc22 	bl	10009658 <DEV_Digital_Write>
10006e14:	2000      	movs	r0, #0
10006e16:	f002 fc79 	bl	1000970c <SPI4W_Write_Byte>
10006e1a:	2013      	movs	r0, #19
10006e1c:	f002 fc76 	bl	1000970c <SPI4W_Write_Byte>
10006e20:	2101      	movs	r1, #1
10006e22:	2009      	movs	r0, #9
10006e24:	f002 fc18 	bl	10009658 <DEV_Digital_Write>
10006e28:	7823      	ldrb	r3, [r4, #0]
10006e2a:	2101      	movs	r1, #1
10006e2c:	2008      	movs	r0, #8
10006e2e:	2b52      	cmp	r3, #82	@ 0x52
10006e30:	d101      	bne.n	10006e36 <LCD_Init+0x58a>
10006e32:	f000 ff50 	bl	10007cd6 <LCD_Init+0x142a>
10006e36:	f002 fc0f 	bl	10009658 <DEV_Digital_Write>
10006e3a:	2009      	movs	r0, #9
10006e3c:	2100      	movs	r1, #0
10006e3e:	f002 fc0b 	bl	10009658 <DEV_Digital_Write>
10006e42:	2000      	movs	r0, #0
10006e44:	f002 fc62 	bl	1000970c <SPI4W_Write_Byte>
10006e48:	2018      	movs	r0, #24
10006e4a:	f002 fc5f 	bl	1000970c <SPI4W_Write_Byte>
10006e4e:	2101      	movs	r1, #1
10006e50:	2009      	movs	r0, #9
10006e52:	f002 fc01 	bl	10009658 <DEV_Digital_Write>
10006e56:	7823      	ldrb	r3, [r4, #0]
10006e58:	2101      	movs	r1, #1
10006e5a:	2008      	movs	r0, #8
10006e5c:	2b52      	cmp	r3, #82	@ 0x52
10006e5e:	d101      	bne.n	10006e64 <LCD_Init+0x5b8>
10006e60:	f000 ff31 	bl	10007cc6 <LCD_Init+0x141a>
10006e64:	f002 fbf8 	bl	10009658 <DEV_Digital_Write>
10006e68:	2009      	movs	r0, #9
10006e6a:	2100      	movs	r1, #0
10006e6c:	f002 fbf4 	bl	10009658 <DEV_Digital_Write>
10006e70:	2000      	movs	r0, #0
10006e72:	f002 fc4b 	bl	1000970c <SPI4W_Write_Byte>
10006e76:	2001      	movs	r0, #1
10006e78:	f002 fc48 	bl	1000970c <SPI4W_Write_Byte>
10006e7c:	2101      	movs	r1, #1
10006e7e:	2009      	movs	r0, #9
10006e80:	f002 fbea 	bl	10009658 <DEV_Digital_Write>
10006e84:	7823      	ldrb	r3, [r4, #0]
10006e86:	2101      	movs	r1, #1
10006e88:	2008      	movs	r0, #8
10006e8a:	2b52      	cmp	r3, #82	@ 0x52
10006e8c:	d101      	bne.n	10006e92 <LCD_Init+0x5e6>
10006e8e:	f000 ff12 	bl	10007cb6 <LCD_Init+0x140a>
10006e92:	f002 fbe1 	bl	10009658 <DEV_Digital_Write>
10006e96:	2009      	movs	r0, #9
10006e98:	2100      	movs	r1, #0
10006e9a:	f002 fbdd 	bl	10009658 <DEV_Digital_Write>
10006e9e:	2000      	movs	r0, #0
10006ea0:	f002 fc34 	bl	1000970c <SPI4W_Write_Byte>
10006ea4:	2011      	movs	r0, #17
10006ea6:	f002 fc31 	bl	1000970c <SPI4W_Write_Byte>
10006eaa:	2101      	movs	r1, #1
10006eac:	2009      	movs	r0, #9
10006eae:	f002 fbd3 	bl	10009658 <DEV_Digital_Write>
10006eb2:	7823      	ldrb	r3, [r4, #0]
10006eb4:	2101      	movs	r1, #1
10006eb6:	2008      	movs	r0, #8
10006eb8:	2b52      	cmp	r3, #82	@ 0x52
10006eba:	d101      	bne.n	10006ec0 <LCD_Init+0x614>
10006ebc:	f000 fef3 	bl	10007ca6 <LCD_Init+0x13fa>
10006ec0:	f002 fbca 	bl	10009658 <DEV_Digital_Write>
10006ec4:	2009      	movs	r0, #9
10006ec6:	2100      	movs	r1, #0
10006ec8:	f002 fbc6 	bl	10009658 <DEV_Digital_Write>
10006ecc:	2000      	movs	r0, #0
10006ece:	f002 fc1d 	bl	1000970c <SPI4W_Write_Byte>
10006ed2:	2006      	movs	r0, #6
10006ed4:	f002 fc1a 	bl	1000970c <SPI4W_Write_Byte>
10006ed8:	2101      	movs	r1, #1
10006eda:	2009      	movs	r0, #9
10006edc:	f002 fbbc 	bl	10009658 <DEV_Digital_Write>
10006ee0:	7823      	ldrb	r3, [r4, #0]
10006ee2:	2101      	movs	r1, #1
10006ee4:	2008      	movs	r0, #8
10006ee6:	2b52      	cmp	r3, #82	@ 0x52
10006ee8:	d101      	bne.n	10006eee <LCD_Init+0x642>
10006eea:	f000 fed4 	bl	10007c96 <LCD_Init+0x13ea>
10006eee:	f002 fbb3 	bl	10009658 <DEV_Digital_Write>
10006ef2:	2009      	movs	r0, #9
10006ef4:	2100      	movs	r1, #0
10006ef6:	f002 fbaf 	bl	10009658 <DEV_Digital_Write>
10006efa:	2000      	movs	r0, #0
10006efc:	f002 fc06 	bl	1000970c <SPI4W_Write_Byte>
10006f00:	2038      	movs	r0, #56	@ 0x38
10006f02:	f002 fc03 	bl	1000970c <SPI4W_Write_Byte>
10006f06:	2101      	movs	r1, #1
10006f08:	2009      	movs	r0, #9
10006f0a:	f002 fba5 	bl	10009658 <DEV_Digital_Write>
10006f0e:	7823      	ldrb	r3, [r4, #0]
10006f10:	2101      	movs	r1, #1
10006f12:	2008      	movs	r0, #8
10006f14:	2b52      	cmp	r3, #82	@ 0x52
10006f16:	d101      	bne.n	10006f1c <LCD_Init+0x670>
10006f18:	f000 feb5 	bl	10007c86 <LCD_Init+0x13da>
10006f1c:	f002 fb9c 	bl	10009658 <DEV_Digital_Write>
10006f20:	2009      	movs	r0, #9
10006f22:	2100      	movs	r1, #0
10006f24:	f002 fb98 	bl	10009658 <DEV_Digital_Write>
10006f28:	2000      	movs	r0, #0
10006f2a:	f002 fbef 	bl	1000970c <SPI4W_Write_Byte>
10006f2e:	2034      	movs	r0, #52	@ 0x34
10006f30:	f002 fbec 	bl	1000970c <SPI4W_Write_Byte>
10006f34:	2101      	movs	r1, #1
10006f36:	2009      	movs	r0, #9
10006f38:	f002 fb8e 	bl	10009658 <DEV_Digital_Write>
10006f3c:	7823      	ldrb	r3, [r4, #0]
10006f3e:	2101      	movs	r1, #1
10006f40:	2008      	movs	r0, #8
10006f42:	2b52      	cmp	r3, #82	@ 0x52
10006f44:	d101      	bne.n	10006f4a <LCD_Init+0x69e>
10006f46:	f000 fe96 	bl	10007c76 <LCD_Init+0x13ca>
10006f4a:	f002 fb85 	bl	10009658 <DEV_Digital_Write>
10006f4e:	2009      	movs	r0, #9
10006f50:	2100      	movs	r1, #0
10006f52:	f002 fb81 	bl	10009658 <DEV_Digital_Write>
10006f56:	2000      	movs	r0, #0
10006f58:	f002 fbd8 	bl	1000970c <SPI4W_Write_Byte>
10006f5c:	204d      	movs	r0, #77	@ 0x4d
10006f5e:	f002 fbd5 	bl	1000970c <SPI4W_Write_Byte>
10006f62:	2101      	movs	r1, #1
10006f64:	2009      	movs	r0, #9
10006f66:	f002 fb77 	bl	10009658 <DEV_Digital_Write>
10006f6a:	7823      	ldrb	r3, [r4, #0]
10006f6c:	2101      	movs	r1, #1
10006f6e:	2008      	movs	r0, #8
10006f70:	2b52      	cmp	r3, #82	@ 0x52
10006f72:	d101      	bne.n	10006f78 <LCD_Init+0x6cc>
10006f74:	f000 fe77 	bl	10007c66 <LCD_Init+0x13ba>
10006f78:	f002 fb6e 	bl	10009658 <DEV_Digital_Write>
10006f7c:	2009      	movs	r0, #9
10006f7e:	2100      	movs	r1, #0
10006f80:	f002 fb6a 	bl	10009658 <DEV_Digital_Write>
10006f84:	2000      	movs	r0, #0
10006f86:	f002 fbc1 	bl	1000970c <SPI4W_Write_Byte>
10006f8a:	2006      	movs	r0, #6
10006f8c:	f002 fbbe 	bl	1000970c <SPI4W_Write_Byte>
10006f90:	2101      	movs	r1, #1
10006f92:	2009      	movs	r0, #9
10006f94:	f002 fb60 	bl	10009658 <DEV_Digital_Write>
10006f98:	7823      	ldrb	r3, [r4, #0]
10006f9a:	2101      	movs	r1, #1
10006f9c:	2008      	movs	r0, #8
10006f9e:	2b52      	cmp	r3, #82	@ 0x52
10006fa0:	d101      	bne.n	10006fa6 <LCD_Init+0x6fa>
10006fa2:	f000 fdd8 	bl	10007b56 <LCD_Init+0x12aa>
10006fa6:	f002 fb57 	bl	10009658 <DEV_Digital_Write>
10006faa:	2009      	movs	r0, #9
10006fac:	2100      	movs	r1, #0
10006fae:	f002 fb53 	bl	10009658 <DEV_Digital_Write>
10006fb2:	2000      	movs	r0, #0
10006fb4:	f002 fbaa 	bl	1000970c <SPI4W_Write_Byte>
10006fb8:	200d      	movs	r0, #13
10006fba:	f002 fba7 	bl	1000970c <SPI4W_Write_Byte>
10006fbe:	2101      	movs	r1, #1
10006fc0:	2009      	movs	r0, #9
10006fc2:	f002 fb49 	bl	10009658 <DEV_Digital_Write>
10006fc6:	7823      	ldrb	r3, [r4, #0]
10006fc8:	2101      	movs	r1, #1
10006fca:	2008      	movs	r0, #8
10006fcc:	2b52      	cmp	r3, #82	@ 0x52
10006fce:	d101      	bne.n	10006fd4 <LCD_Init+0x728>
10006fd0:	f000 fdb9 	bl	10007b46 <LCD_Init+0x129a>
10006fd4:	f002 fb40 	bl	10009658 <DEV_Digital_Write>
10006fd8:	2009      	movs	r0, #9
10006fda:	2100      	movs	r1, #0
10006fdc:	f002 fb3c 	bl	10009658 <DEV_Digital_Write>
10006fe0:	2000      	movs	r0, #0
10006fe2:	f002 fb93 	bl	1000970c <SPI4W_Write_Byte>
10006fe6:	200b      	movs	r0, #11
10006fe8:	f002 fb90 	bl	1000970c <SPI4W_Write_Byte>
10006fec:	2101      	movs	r1, #1
10006fee:	2009      	movs	r0, #9
10006ff0:	f002 fb32 	bl	10009658 <DEV_Digital_Write>
10006ff4:	7823      	ldrb	r3, [r4, #0]
10006ff6:	2101      	movs	r1, #1
10006ff8:	2008      	movs	r0, #8
10006ffa:	2b52      	cmp	r3, #82	@ 0x52
10006ffc:	d101      	bne.n	10007002 <LCD_Init+0x756>
10006ffe:	f000 fd9a 	bl	10007b36 <LCD_Init+0x128a>
10007002:	f002 fb29 	bl	10009658 <DEV_Digital_Write>
10007006:	2009      	movs	r0, #9
10007008:	2100      	movs	r1, #0
1000700a:	f002 fb25 	bl	10009658 <DEV_Digital_Write>
1000700e:	2000      	movs	r0, #0
10007010:	f002 fb7c 	bl	1000970c <SPI4W_Write_Byte>
10007014:	2031      	movs	r0, #49	@ 0x31
10007016:	f002 fb79 	bl	1000970c <SPI4W_Write_Byte>
1000701a:	2101      	movs	r1, #1
1000701c:	2009      	movs	r0, #9
1000701e:	f002 fb1b 	bl	10009658 <DEV_Digital_Write>
10007022:	7823      	ldrb	r3, [r4, #0]
10007024:	2101      	movs	r1, #1
10007026:	2008      	movs	r0, #8
10007028:	2b52      	cmp	r3, #82	@ 0x52
1000702a:	d101      	bne.n	10007030 <LCD_Init+0x784>
1000702c:	f000 fd7b 	bl	10007b26 <LCD_Init+0x127a>
10007030:	f002 fb12 	bl	10009658 <DEV_Digital_Write>
10007034:	2009      	movs	r0, #9
10007036:	2100      	movs	r1, #0
10007038:	f002 fb0e 	bl	10009658 <DEV_Digital_Write>
1000703c:	2000      	movs	r0, #0
1000703e:	f002 fb65 	bl	1000970c <SPI4W_Write_Byte>
10007042:	2037      	movs	r0, #55	@ 0x37
10007044:	f002 fb62 	bl	1000970c <SPI4W_Write_Byte>
10007048:	2101      	movs	r1, #1
1000704a:	2009      	movs	r0, #9
1000704c:	f002 fb04 	bl	10009658 <DEV_Digital_Write>
10007050:	7823      	ldrb	r3, [r4, #0]
10007052:	2101      	movs	r1, #1
10007054:	2008      	movs	r0, #8
10007056:	2b52      	cmp	r3, #82	@ 0x52
10007058:	d101      	bne.n	1000705e <LCD_Init+0x7b2>
1000705a:	f000 fd8c 	bl	10007b76 <LCD_Init+0x12ca>
1000705e:	f002 fafb 	bl	10009658 <DEV_Digital_Write>
10007062:	2009      	movs	r0, #9
10007064:	2100      	movs	r1, #0
10007066:	f002 faf7 	bl	10009658 <DEV_Digital_Write>
1000706a:	2000      	movs	r0, #0
1000706c:	f002 fb4e 	bl	1000970c <SPI4W_Write_Byte>
10007070:	200f      	movs	r0, #15
10007072:	f002 fb4b 	bl	1000970c <SPI4W_Write_Byte>
10007076:	2101      	movs	r1, #1
10007078:	2009      	movs	r0, #9
1000707a:	f002 faed 	bl	10009658 <DEV_Digital_Write>
1000707e:	2100      	movs	r1, #0
10007080:	2008      	movs	r0, #8
10007082:	f002 fae9 	bl	10009658 <DEV_Digital_Write>
10007086:	2100      	movs	r1, #0
10007088:	2009      	movs	r0, #9
1000708a:	f002 fae5 	bl	10009658 <DEV_Digital_Write>
1000708e:	203a      	movs	r0, #58	@ 0x3a
10007090:	f002 fb3c 	bl	1000970c <SPI4W_Write_Byte>
10007094:	2101      	movs	r1, #1
10007096:	2009      	movs	r0, #9
10007098:	f002 fade 	bl	10009658 <DEV_Digital_Write>
1000709c:	7823      	ldrb	r3, [r4, #0]
1000709e:	2101      	movs	r1, #1
100070a0:	2008      	movs	r0, #8
100070a2:	2b52      	cmp	r3, #82	@ 0x52
100070a4:	d101      	bne.n	100070aa <LCD_Init+0x7fe>
100070a6:	f000 fd5e 	bl	10007b66 <LCD_Init+0x12ba>
100070aa:	f002 fad5 	bl	10009658 <DEV_Digital_Write>
100070ae:	2009      	movs	r0, #9
100070b0:	2100      	movs	r1, #0
100070b2:	f002 fad1 	bl	10009658 <DEV_Digital_Write>
100070b6:	2000      	movs	r0, #0
100070b8:	f002 fb28 	bl	1000970c <SPI4W_Write_Byte>
100070bc:	2055      	movs	r0, #85	@ 0x55
100070be:	f002 fb25 	bl	1000970c <SPI4W_Write_Byte>
100070c2:	2101      	movs	r1, #1
100070c4:	2009      	movs	r0, #9
100070c6:	f002 fac7 	bl	10009658 <DEV_Digital_Write>
100070ca:	2100      	movs	r1, #0
100070cc:	2008      	movs	r0, #8
100070ce:	f002 fac3 	bl	10009658 <DEV_Digital_Write>
100070d2:	2100      	movs	r1, #0
100070d4:	2009      	movs	r0, #9
100070d6:	f002 fabf 	bl	10009658 <DEV_Digital_Write>
100070da:	2011      	movs	r0, #17
100070dc:	f002 fb16 	bl	1000970c <SPI4W_Write_Byte>
100070e0:	2009      	movs	r0, #9
100070e2:	2101      	movs	r1, #1
100070e4:	f002 fab8 	bl	10009658 <DEV_Digital_Write>
100070e8:	2078      	movs	r0, #120	@ 0x78
100070ea:	f002 fb31 	bl	10009750 <Driver_Delay_ms>
100070ee:	2100      	movs	r1, #0
100070f0:	2008      	movs	r0, #8
100070f2:	f002 fab1 	bl	10009658 <DEV_Digital_Write>
100070f6:	2100      	movs	r1, #0
100070f8:	2009      	movs	r0, #9
100070fa:	f002 faad 	bl	10009658 <DEV_Digital_Write>
100070fe:	2029      	movs	r0, #41	@ 0x29
10007100:	f002 fb04 	bl	1000970c <SPI4W_Write_Byte>
10007104:	2101      	movs	r1, #1
10007106:	2009      	movs	r0, #9
10007108:	f002 faa6 	bl	10009658 <DEV_Digital_Write>
1000710c:	2388      	movs	r3, #136	@ 0x88
1000710e:	4a14      	ldr	r2, [pc, #80]	@ (10007160 <LCD_Init+0x8b4>)
10007110:	4914      	ldr	r1, [pc, #80]	@ (10007164 <LCD_Init+0x8b8>)
10007112:	50d1      	str	r1, [r2, r3]
10007114:	4b14      	ldr	r3, [pc, #80]	@ (10007168 <LCD_Init+0x8bc>)
10007116:	1c32      	adds	r2, r6, #0
10007118:	6819      	ldr	r1, [r3, #0]
1000711a:	23fa      	movs	r3, #250	@ 0xfa
1000711c:	009b      	lsls	r3, r3, #2
1000711e:	429e      	cmp	r6, r3
10007120:	d900      	bls.n	10007124 <LCD_Init+0x878>
10007122:	1c1a      	adds	r2, r3, #0
10007124:	0093      	lsls	r3, r2, #2
10007126:	189b      	adds	r3, r3, r2
10007128:	045b      	lsls	r3, r3, #17
1000712a:	404b      	eors	r3, r1
1000712c:	4a0f      	ldr	r2, [pc, #60]	@ (1000716c <LCD_Init+0x8c0>)
1000712e:	0c1b      	lsrs	r3, r3, #16
10007130:	041b      	lsls	r3, r3, #16
10007132:	6013      	str	r3, [r2, #0]
10007134:	4b0e      	ldr	r3, [pc, #56]	@ (10007170 <LCD_Init+0x8c4>)
10007136:	0028      	movs	r0, r5
10007138:	681a      	ldr	r2, [r3, #0]
1000713a:	2301      	movs	r3, #1
1000713c:	4393      	bics	r3, r2
1000713e:	4a0d      	ldr	r2, [pc, #52]	@ (10007174 <LCD_Init+0x8c8>)
10007140:	6013      	str	r3, [r2, #0]
10007142:	f7ff fae1 	bl	10006708 <LCD_SetGramScanWay>
10007146:	20c8      	movs	r0, #200	@ 0xc8
10007148:	f002 fb02 	bl	10009750 <Driver_Delay_ms>
1000714c:	b003      	add	sp, #12
1000714e:	bdf0      	pop	{r4, r5, r6, r7, pc}
10007150:	f002 fa82 	bl	10009658 <DEV_Digital_Write>
10007154:	2100      	movs	r1, #0
10007156:	2009      	movs	r0, #9
10007158:	f002 fa7e 	bl	10009658 <DEV_Digital_Write>
1000715c:	f7ff fc12 	bl	10006984 <LCD_Init+0xd8>
10007160:	40050000 	.word	0x40050000
10007164:	00002710 	.word	0x00002710
10007168:	40050084 	.word	0x40050084
1000716c:	40051084 	.word	0x40051084
10007170:	40050078 	.word	0x40050078
10007174:	40051078 	.word	0x40051078
10007178:	f002 fa6e 	bl	10009658 <DEV_Digital_Write>
1000717c:	2100      	movs	r1, #0
1000717e:	2009      	movs	r0, #9
10007180:	f002 fa6a 	bl	10009658 <DEV_Digital_Write>
10007184:	2011      	movs	r0, #17
10007186:	f002 fac1 	bl	1000970c <SPI4W_Write_Byte>
1000718a:	2101      	movs	r1, #1
1000718c:	2009      	movs	r0, #9
1000718e:	f002 fa63 	bl	10009658 <DEV_Digital_Write>
10007192:	2064      	movs	r0, #100	@ 0x64
10007194:	f002 fadc 	bl	10009750 <Driver_Delay_ms>
10007198:	2100      	movs	r1, #0
1000719a:	2008      	movs	r0, #8
1000719c:	f002 fa5c 	bl	10009658 <DEV_Digital_Write>
100071a0:	2100      	movs	r1, #0
100071a2:	2009      	movs	r0, #9
100071a4:	f002 fa58 	bl	10009658 <DEV_Digital_Write>
100071a8:	2036      	movs	r0, #54	@ 0x36
100071aa:	f002 faaf 	bl	1000970c <SPI4W_Write_Byte>
100071ae:	2101      	movs	r1, #1
100071b0:	2009      	movs	r0, #9
100071b2:	f002 fa51 	bl	10009658 <DEV_Digital_Write>
100071b6:	7823      	ldrb	r3, [r4, #0]
100071b8:	2101      	movs	r1, #1
100071ba:	2008      	movs	r0, #8
100071bc:	2b52      	cmp	r3, #82	@ 0x52
100071be:	d101      	bne.n	100071c4 <LCD_Init+0x918>
100071c0:	f000 fdd1 	bl	10007d66 <LCD_Init+0x14ba>
100071c4:	f002 fa48 	bl	10009658 <DEV_Digital_Write>
100071c8:	2009      	movs	r0, #9
100071ca:	2100      	movs	r1, #0
100071cc:	f002 fa44 	bl	10009658 <DEV_Digital_Write>
100071d0:	2000      	movs	r0, #0
100071d2:	f002 fa9b 	bl	1000970c <SPI4W_Write_Byte>
100071d6:	2000      	movs	r0, #0
100071d8:	f002 fa98 	bl	1000970c <SPI4W_Write_Byte>
100071dc:	2101      	movs	r1, #1
100071de:	2009      	movs	r0, #9
100071e0:	f002 fa3a 	bl	10009658 <DEV_Digital_Write>
100071e4:	2100      	movs	r1, #0
100071e6:	2008      	movs	r0, #8
100071e8:	f002 fa36 	bl	10009658 <DEV_Digital_Write>
100071ec:	2100      	movs	r1, #0
100071ee:	2009      	movs	r0, #9
100071f0:	f002 fa32 	bl	10009658 <DEV_Digital_Write>
100071f4:	203a      	movs	r0, #58	@ 0x3a
100071f6:	f002 fa89 	bl	1000970c <SPI4W_Write_Byte>
100071fa:	2101      	movs	r1, #1
100071fc:	2009      	movs	r0, #9
100071fe:	f002 fa2b 	bl	10009658 <DEV_Digital_Write>
10007202:	7823      	ldrb	r3, [r4, #0]
10007204:	2101      	movs	r1, #1
10007206:	2008      	movs	r0, #8
10007208:	2b52      	cmp	r3, #82	@ 0x52
1000720a:	d101      	bne.n	10007210 <LCD_Init+0x964>
1000720c:	f000 fef3 	bl	10007ff6 <LCD_Init+0x174a>
10007210:	f002 fa22 	bl	10009658 <DEV_Digital_Write>
10007214:	2009      	movs	r0, #9
10007216:	2100      	movs	r1, #0
10007218:	f002 fa1e 	bl	10009658 <DEV_Digital_Write>
1000721c:	2000      	movs	r0, #0
1000721e:	f002 fa75 	bl	1000970c <SPI4W_Write_Byte>
10007222:	2055      	movs	r0, #85	@ 0x55
10007224:	f002 fa72 	bl	1000970c <SPI4W_Write_Byte>
10007228:	2101      	movs	r1, #1
1000722a:	2009      	movs	r0, #9
1000722c:	f002 fa14 	bl	10009658 <DEV_Digital_Write>
10007230:	2100      	movs	r1, #0
10007232:	2008      	movs	r0, #8
10007234:	f002 fa10 	bl	10009658 <DEV_Digital_Write>
10007238:	2100      	movs	r1, #0
1000723a:	2009      	movs	r0, #9
1000723c:	f002 fa0c 	bl	10009658 <DEV_Digital_Write>
10007240:	20b2      	movs	r0, #178	@ 0xb2
10007242:	f002 fa63 	bl	1000970c <SPI4W_Write_Byte>
10007246:	2101      	movs	r1, #1
10007248:	2009      	movs	r0, #9
1000724a:	f002 fa05 	bl	10009658 <DEV_Digital_Write>
1000724e:	7823      	ldrb	r3, [r4, #0]
10007250:	2101      	movs	r1, #1
10007252:	2008      	movs	r0, #8
10007254:	2b52      	cmp	r3, #82	@ 0x52
10007256:	d101      	bne.n	1000725c <LCD_Init+0x9b0>
10007258:	f000 fec5 	bl	10007fe6 <LCD_Init+0x173a>
1000725c:	f002 f9fc 	bl	10009658 <DEV_Digital_Write>
10007260:	2009      	movs	r0, #9
10007262:	2100      	movs	r1, #0
10007264:	f002 f9f8 	bl	10009658 <DEV_Digital_Write>
10007268:	2000      	movs	r0, #0
1000726a:	f002 fa4f 	bl	1000970c <SPI4W_Write_Byte>
1000726e:	200c      	movs	r0, #12
10007270:	f002 fa4c 	bl	1000970c <SPI4W_Write_Byte>
10007274:	2101      	movs	r1, #1
10007276:	2009      	movs	r0, #9
10007278:	f002 f9ee 	bl	10009658 <DEV_Digital_Write>
1000727c:	7823      	ldrb	r3, [r4, #0]
1000727e:	2101      	movs	r1, #1
10007280:	2008      	movs	r0, #8
10007282:	2b52      	cmp	r3, #82	@ 0x52
10007284:	d101      	bne.n	1000728a <LCD_Init+0x9de>
10007286:	f000 fea6 	bl	10007fd6 <LCD_Init+0x172a>
1000728a:	f002 f9e5 	bl	10009658 <DEV_Digital_Write>
1000728e:	2009      	movs	r0, #9
10007290:	2100      	movs	r1, #0
10007292:	f002 f9e1 	bl	10009658 <DEV_Digital_Write>
10007296:	2000      	movs	r0, #0
10007298:	f002 fa38 	bl	1000970c <SPI4W_Write_Byte>
1000729c:	200c      	movs	r0, #12
1000729e:	f002 fa35 	bl	1000970c <SPI4W_Write_Byte>
100072a2:	2101      	movs	r1, #1
100072a4:	2009      	movs	r0, #9
100072a6:	f002 f9d7 	bl	10009658 <DEV_Digital_Write>
100072aa:	7823      	ldrb	r3, [r4, #0]
100072ac:	2101      	movs	r1, #1
100072ae:	2008      	movs	r0, #8
100072b0:	2b52      	cmp	r3, #82	@ 0x52
100072b2:	d101      	bne.n	100072b8 <LCD_Init+0xa0c>
100072b4:	f000 fe87 	bl	10007fc6 <LCD_Init+0x171a>
100072b8:	f002 f9ce 	bl	10009658 <DEV_Digital_Write>
100072bc:	2009      	movs	r0, #9
100072be:	2100      	movs	r1, #0
100072c0:	f002 f9ca 	bl	10009658 <DEV_Digital_Write>
100072c4:	2000      	movs	r0, #0
100072c6:	f002 fa21 	bl	1000970c <SPI4W_Write_Byte>
100072ca:	2000      	movs	r0, #0
100072cc:	f002 fa1e 	bl	1000970c <SPI4W_Write_Byte>
100072d0:	2101      	movs	r1, #1
100072d2:	2009      	movs	r0, #9
100072d4:	f002 f9c0 	bl	10009658 <DEV_Digital_Write>
100072d8:	7823      	ldrb	r3, [r4, #0]
100072da:	2101      	movs	r1, #1
100072dc:	2008      	movs	r0, #8
100072de:	2b52      	cmp	r3, #82	@ 0x52
100072e0:	d101      	bne.n	100072e6 <LCD_Init+0xa3a>
100072e2:	f000 fe68 	bl	10007fb6 <LCD_Init+0x170a>
100072e6:	f002 f9b7 	bl	10009658 <DEV_Digital_Write>
100072ea:	2009      	movs	r0, #9
100072ec:	2100      	movs	r1, #0
100072ee:	f002 f9b3 	bl	10009658 <DEV_Digital_Write>
100072f2:	2000      	movs	r0, #0
100072f4:	f002 fa0a 	bl	1000970c <SPI4W_Write_Byte>
100072f8:	2033      	movs	r0, #51	@ 0x33
100072fa:	f002 fa07 	bl	1000970c <SPI4W_Write_Byte>
100072fe:	2101      	movs	r1, #1
10007300:	2009      	movs	r0, #9
10007302:	f002 f9a9 	bl	10009658 <DEV_Digital_Write>
10007306:	7823      	ldrb	r3, [r4, #0]
10007308:	2101      	movs	r1, #1
1000730a:	2008      	movs	r0, #8
1000730c:	2b52      	cmp	r3, #82	@ 0x52
1000730e:	d101      	bne.n	10007314 <LCD_Init+0xa68>
10007310:	f000 fe49 	bl	10007fa6 <LCD_Init+0x16fa>
10007314:	f002 f9a0 	bl	10009658 <DEV_Digital_Write>
10007318:	2009      	movs	r0, #9
1000731a:	2100      	movs	r1, #0
1000731c:	f002 f99c 	bl	10009658 <DEV_Digital_Write>
10007320:	2000      	movs	r0, #0
10007322:	f002 f9f3 	bl	1000970c <SPI4W_Write_Byte>
10007326:	2033      	movs	r0, #51	@ 0x33
10007328:	f002 f9f0 	bl	1000970c <SPI4W_Write_Byte>
1000732c:	2101      	movs	r1, #1
1000732e:	2009      	movs	r0, #9
10007330:	f002 f992 	bl	10009658 <DEV_Digital_Write>
10007334:	2100      	movs	r1, #0
10007336:	2008      	movs	r0, #8
10007338:	f002 f98e 	bl	10009658 <DEV_Digital_Write>
1000733c:	2100      	movs	r1, #0
1000733e:	2009      	movs	r0, #9
10007340:	f002 f98a 	bl	10009658 <DEV_Digital_Write>
10007344:	20b7      	movs	r0, #183	@ 0xb7
10007346:	f002 f9e1 	bl	1000970c <SPI4W_Write_Byte>
1000734a:	2101      	movs	r1, #1
1000734c:	2009      	movs	r0, #9
1000734e:	f002 f983 	bl	10009658 <DEV_Digital_Write>
10007352:	7823      	ldrb	r3, [r4, #0]
10007354:	2101      	movs	r1, #1
10007356:	2008      	movs	r0, #8
10007358:	2b52      	cmp	r3, #82	@ 0x52
1000735a:	d101      	bne.n	10007360 <LCD_Init+0xab4>
1000735c:	f000 fe1b 	bl	10007f96 <LCD_Init+0x16ea>
10007360:	f002 f97a 	bl	10009658 <DEV_Digital_Write>
10007364:	2009      	movs	r0, #9
10007366:	2100      	movs	r1, #0
10007368:	f002 f976 	bl	10009658 <DEV_Digital_Write>
1000736c:	2000      	movs	r0, #0
1000736e:	f002 f9cd 	bl	1000970c <SPI4W_Write_Byte>
10007372:	2035      	movs	r0, #53	@ 0x35
10007374:	f002 f9ca 	bl	1000970c <SPI4W_Write_Byte>
10007378:	2101      	movs	r1, #1
1000737a:	2009      	movs	r0, #9
1000737c:	f002 f96c 	bl	10009658 <DEV_Digital_Write>
10007380:	2100      	movs	r1, #0
10007382:	2008      	movs	r0, #8
10007384:	f002 f968 	bl	10009658 <DEV_Digital_Write>
10007388:	2100      	movs	r1, #0
1000738a:	2009      	movs	r0, #9
1000738c:	f002 f964 	bl	10009658 <DEV_Digital_Write>
10007390:	20bb      	movs	r0, #187	@ 0xbb
10007392:	f002 f9bb 	bl	1000970c <SPI4W_Write_Byte>
10007396:	2101      	movs	r1, #1
10007398:	2009      	movs	r0, #9
1000739a:	f002 f95d 	bl	10009658 <DEV_Digital_Write>
1000739e:	7823      	ldrb	r3, [r4, #0]
100073a0:	2101      	movs	r1, #1
100073a2:	2008      	movs	r0, #8
100073a4:	2b52      	cmp	r3, #82	@ 0x52
100073a6:	d101      	bne.n	100073ac <LCD_Init+0xb00>
100073a8:	f000 fded 	bl	10007f86 <LCD_Init+0x16da>
100073ac:	f002 f954 	bl	10009658 <DEV_Digital_Write>
100073b0:	2009      	movs	r0, #9
100073b2:	2100      	movs	r1, #0
100073b4:	f002 f950 	bl	10009658 <DEV_Digital_Write>
100073b8:	2000      	movs	r0, #0
100073ba:	f002 f9a7 	bl	1000970c <SPI4W_Write_Byte>
100073be:	2028      	movs	r0, #40	@ 0x28
100073c0:	f002 f9a4 	bl	1000970c <SPI4W_Write_Byte>
100073c4:	2101      	movs	r1, #1
100073c6:	2009      	movs	r0, #9
100073c8:	f002 f946 	bl	10009658 <DEV_Digital_Write>
100073cc:	2100      	movs	r1, #0
100073ce:	2008      	movs	r0, #8
100073d0:	f002 f942 	bl	10009658 <DEV_Digital_Write>
100073d4:	2100      	movs	r1, #0
100073d6:	2009      	movs	r0, #9
100073d8:	f002 f93e 	bl	10009658 <DEV_Digital_Write>
100073dc:	20c0      	movs	r0, #192	@ 0xc0
100073de:	f002 f995 	bl	1000970c <SPI4W_Write_Byte>
100073e2:	2101      	movs	r1, #1
100073e4:	2009      	movs	r0, #9
100073e6:	f002 f937 	bl	10009658 <DEV_Digital_Write>
100073ea:	7823      	ldrb	r3, [r4, #0]
100073ec:	2101      	movs	r1, #1
100073ee:	2008      	movs	r0, #8
100073f0:	2b52      	cmp	r3, #82	@ 0x52
100073f2:	d101      	bne.n	100073f8 <LCD_Init+0xb4c>
100073f4:	f000 fdbf 	bl	10007f76 <LCD_Init+0x16ca>
100073f8:	f002 f92e 	bl	10009658 <DEV_Digital_Write>
100073fc:	2009      	movs	r0, #9
100073fe:	2100      	movs	r1, #0
10007400:	f002 f92a 	bl	10009658 <DEV_Digital_Write>
10007404:	2000      	movs	r0, #0
10007406:	f002 f981 	bl	1000970c <SPI4W_Write_Byte>
1000740a:	203c      	movs	r0, #60	@ 0x3c
1000740c:	f002 f97e 	bl	1000970c <SPI4W_Write_Byte>
10007410:	2101      	movs	r1, #1
10007412:	2009      	movs	r0, #9
10007414:	f002 f920 	bl	10009658 <DEV_Digital_Write>
10007418:	2100      	movs	r1, #0
1000741a:	2008      	movs	r0, #8
1000741c:	f002 f91c 	bl	10009658 <DEV_Digital_Write>
10007420:	2100      	movs	r1, #0
10007422:	2009      	movs	r0, #9
10007424:	f002 f918 	bl	10009658 <DEV_Digital_Write>
10007428:	20c2      	movs	r0, #194	@ 0xc2
1000742a:	f002 f96f 	bl	1000970c <SPI4W_Write_Byte>
1000742e:	2101      	movs	r1, #1
10007430:	2009      	movs	r0, #9
10007432:	f002 f911 	bl	10009658 <DEV_Digital_Write>
10007436:	7823      	ldrb	r3, [r4, #0]
10007438:	2101      	movs	r1, #1
1000743a:	2008      	movs	r0, #8
1000743c:	2b52      	cmp	r3, #82	@ 0x52
1000743e:	d101      	bne.n	10007444 <LCD_Init+0xb98>
10007440:	f000 fd91 	bl	10007f66 <LCD_Init+0x16ba>
10007444:	f002 f908 	bl	10009658 <DEV_Digital_Write>
10007448:	2009      	movs	r0, #9
1000744a:	2100      	movs	r1, #0
1000744c:	f002 f904 	bl	10009658 <DEV_Digital_Write>
10007450:	2000      	movs	r0, #0
10007452:	f002 f95b 	bl	1000970c <SPI4W_Write_Byte>
10007456:	2001      	movs	r0, #1
10007458:	f002 f958 	bl	1000970c <SPI4W_Write_Byte>
1000745c:	2101      	movs	r1, #1
1000745e:	2009      	movs	r0, #9
10007460:	f002 f8fa 	bl	10009658 <DEV_Digital_Write>
10007464:	2100      	movs	r1, #0
10007466:	2008      	movs	r0, #8
10007468:	f002 f8f6 	bl	10009658 <DEV_Digital_Write>
1000746c:	2100      	movs	r1, #0
1000746e:	2009      	movs	r0, #9
10007470:	f002 f8f2 	bl	10009658 <DEV_Digital_Write>
10007474:	20c3      	movs	r0, #195	@ 0xc3
10007476:	f002 f949 	bl	1000970c <SPI4W_Write_Byte>
1000747a:	2101      	movs	r1, #1
1000747c:	2009      	movs	r0, #9
1000747e:	f002 f8eb 	bl	10009658 <DEV_Digital_Write>
10007482:	7823      	ldrb	r3, [r4, #0]
10007484:	2101      	movs	r1, #1
10007486:	2008      	movs	r0, #8
10007488:	2b52      	cmp	r3, #82	@ 0x52
1000748a:	d101      	bne.n	10007490 <LCD_Init+0xbe4>
1000748c:	f000 fd63 	bl	10007f56 <LCD_Init+0x16aa>
10007490:	f002 f8e2 	bl	10009658 <DEV_Digital_Write>
10007494:	2009      	movs	r0, #9
10007496:	2100      	movs	r1, #0
10007498:	f002 f8de 	bl	10009658 <DEV_Digital_Write>
1000749c:	2000      	movs	r0, #0
1000749e:	f002 f935 	bl	1000970c <SPI4W_Write_Byte>
100074a2:	200b      	movs	r0, #11
100074a4:	f002 f932 	bl	1000970c <SPI4W_Write_Byte>
100074a8:	2101      	movs	r1, #1
100074aa:	2009      	movs	r0, #9
100074ac:	f002 f8d4 	bl	10009658 <DEV_Digital_Write>
100074b0:	2100      	movs	r1, #0
100074b2:	2008      	movs	r0, #8
100074b4:	f002 f8d0 	bl	10009658 <DEV_Digital_Write>
100074b8:	2100      	movs	r1, #0
100074ba:	2009      	movs	r0, #9
100074bc:	f002 f8cc 	bl	10009658 <DEV_Digital_Write>
100074c0:	20c4      	movs	r0, #196	@ 0xc4
100074c2:	f002 f923 	bl	1000970c <SPI4W_Write_Byte>
100074c6:	2101      	movs	r1, #1
100074c8:	2009      	movs	r0, #9
100074ca:	f002 f8c5 	bl	10009658 <DEV_Digital_Write>
100074ce:	7823      	ldrb	r3, [r4, #0]
100074d0:	2101      	movs	r1, #1
100074d2:	2008      	movs	r0, #8
100074d4:	2b52      	cmp	r3, #82	@ 0x52
100074d6:	d101      	bne.n	100074dc <LCD_Init+0xc30>
100074d8:	f000 fd35 	bl	10007f46 <LCD_Init+0x169a>
100074dc:	f002 f8bc 	bl	10009658 <DEV_Digital_Write>
100074e0:	2009      	movs	r0, #9
100074e2:	2100      	movs	r1, #0
100074e4:	f002 f8b8 	bl	10009658 <DEV_Digital_Write>
100074e8:	2000      	movs	r0, #0
100074ea:	f002 f90f 	bl	1000970c <SPI4W_Write_Byte>
100074ee:	2020      	movs	r0, #32
100074f0:	f002 f90c 	bl	1000970c <SPI4W_Write_Byte>
100074f4:	2101      	movs	r1, #1
100074f6:	2009      	movs	r0, #9
100074f8:	f002 f8ae 	bl	10009658 <DEV_Digital_Write>
100074fc:	2100      	movs	r1, #0
100074fe:	2008      	movs	r0, #8
10007500:	f002 f8aa 	bl	10009658 <DEV_Digital_Write>
10007504:	2100      	movs	r1, #0
10007506:	2009      	movs	r0, #9
10007508:	f002 f8a6 	bl	10009658 <DEV_Digital_Write>
1000750c:	20c6      	movs	r0, #198	@ 0xc6
1000750e:	f002 f8fd 	bl	1000970c <SPI4W_Write_Byte>
10007512:	2101      	movs	r1, #1
10007514:	2009      	movs	r0, #9
10007516:	f002 f89f 	bl	10009658 <DEV_Digital_Write>
1000751a:	7823      	ldrb	r3, [r4, #0]
1000751c:	2101      	movs	r1, #1
1000751e:	2008      	movs	r0, #8
10007520:	2b52      	cmp	r3, #82	@ 0x52
10007522:	d101      	bne.n	10007528 <LCD_Init+0xc7c>
10007524:	f000 fd07 	bl	10007f36 <LCD_Init+0x168a>
10007528:	f002 f896 	bl	10009658 <DEV_Digital_Write>
1000752c:	2009      	movs	r0, #9
1000752e:	2100      	movs	r1, #0
10007530:	f002 f892 	bl	10009658 <DEV_Digital_Write>
10007534:	2000      	movs	r0, #0
10007536:	f002 f8e9 	bl	1000970c <SPI4W_Write_Byte>
1000753a:	200f      	movs	r0, #15
1000753c:	f002 f8e6 	bl	1000970c <SPI4W_Write_Byte>
10007540:	2101      	movs	r1, #1
10007542:	2009      	movs	r0, #9
10007544:	f002 f888 	bl	10009658 <DEV_Digital_Write>
10007548:	2100      	movs	r1, #0
1000754a:	2008      	movs	r0, #8
1000754c:	f002 f884 	bl	10009658 <DEV_Digital_Write>
10007550:	2100      	movs	r1, #0
10007552:	2009      	movs	r0, #9
10007554:	f002 f880 	bl	10009658 <DEV_Digital_Write>
10007558:	20d0      	movs	r0, #208	@ 0xd0
1000755a:	f002 f8d7 	bl	1000970c <SPI4W_Write_Byte>
1000755e:	2101      	movs	r1, #1
10007560:	2009      	movs	r0, #9
10007562:	f002 f879 	bl	10009658 <DEV_Digital_Write>
10007566:	7823      	ldrb	r3, [r4, #0]
10007568:	2101      	movs	r1, #1
1000756a:	2008      	movs	r0, #8
1000756c:	2b52      	cmp	r3, #82	@ 0x52
1000756e:	d101      	bne.n	10007574 <LCD_Init+0xcc8>
10007570:	f000 fcd9 	bl	10007f26 <LCD_Init+0x167a>
10007574:	f002 f870 	bl	10009658 <DEV_Digital_Write>
10007578:	2009      	movs	r0, #9
1000757a:	2100      	movs	r1, #0
1000757c:	f002 f86c 	bl	10009658 <DEV_Digital_Write>
10007580:	2000      	movs	r0, #0
10007582:	f002 f8c3 	bl	1000970c <SPI4W_Write_Byte>
10007586:	20a4      	movs	r0, #164	@ 0xa4
10007588:	f002 f8c0 	bl	1000970c <SPI4W_Write_Byte>
1000758c:	2101      	movs	r1, #1
1000758e:	2009      	movs	r0, #9
10007590:	f002 f862 	bl	10009658 <DEV_Digital_Write>
10007594:	7823      	ldrb	r3, [r4, #0]
10007596:	2101      	movs	r1, #1
10007598:	2008      	movs	r0, #8
1000759a:	2b52      	cmp	r3, #82	@ 0x52
1000759c:	d101      	bne.n	100075a2 <LCD_Init+0xcf6>
1000759e:	f000 fcba 	bl	10007f16 <LCD_Init+0x166a>
100075a2:	f002 f859 	bl	10009658 <DEV_Digital_Write>
100075a6:	2009      	movs	r0, #9
100075a8:	2100      	movs	r1, #0
100075aa:	f002 f855 	bl	10009658 <DEV_Digital_Write>
100075ae:	2000      	movs	r0, #0
100075b0:	f002 f8ac 	bl	1000970c <SPI4W_Write_Byte>
100075b4:	20a1      	movs	r0, #161	@ 0xa1
100075b6:	f002 f8a9 	bl	1000970c <SPI4W_Write_Byte>
100075ba:	2101      	movs	r1, #1
100075bc:	2009      	movs	r0, #9
100075be:	f002 f84b 	bl	10009658 <DEV_Digital_Write>
100075c2:	2100      	movs	r1, #0
100075c4:	2008      	movs	r0, #8
100075c6:	f002 f847 	bl	10009658 <DEV_Digital_Write>
100075ca:	2100      	movs	r1, #0
100075cc:	2009      	movs	r0, #9
100075ce:	f002 f843 	bl	10009658 <DEV_Digital_Write>
100075d2:	20e0      	movs	r0, #224	@ 0xe0
100075d4:	f002 f89a 	bl	1000970c <SPI4W_Write_Byte>
100075d8:	2101      	movs	r1, #1
100075da:	2009      	movs	r0, #9
100075dc:	f002 f83c 	bl	10009658 <DEV_Digital_Write>
100075e0:	7823      	ldrb	r3, [r4, #0]
100075e2:	2101      	movs	r1, #1
100075e4:	2008      	movs	r0, #8
100075e6:	2b52      	cmp	r3, #82	@ 0x52
100075e8:	d101      	bne.n	100075ee <LCD_Init+0xd42>
100075ea:	f000 fc8c 	bl	10007f06 <LCD_Init+0x165a>
100075ee:	f002 f833 	bl	10009658 <DEV_Digital_Write>
100075f2:	2009      	movs	r0, #9
100075f4:	2100      	movs	r1, #0
100075f6:	f002 f82f 	bl	10009658 <DEV_Digital_Write>
100075fa:	2000      	movs	r0, #0
100075fc:	f002 f886 	bl	1000970c <SPI4W_Write_Byte>
10007600:	20d0      	movs	r0, #208	@ 0xd0
10007602:	f002 f883 	bl	1000970c <SPI4W_Write_Byte>
10007606:	2101      	movs	r1, #1
10007608:	2009      	movs	r0, #9
1000760a:	f002 f825 	bl	10009658 <DEV_Digital_Write>
1000760e:	7823      	ldrb	r3, [r4, #0]
10007610:	2101      	movs	r1, #1
10007612:	2008      	movs	r0, #8
10007614:	2b52      	cmp	r3, #82	@ 0x52
10007616:	d101      	bne.n	1000761c <LCD_Init+0xd70>
10007618:	f000 fc6d 	bl	10007ef6 <LCD_Init+0x164a>
1000761c:	f002 f81c 	bl	10009658 <DEV_Digital_Write>
10007620:	2009      	movs	r0, #9
10007622:	2100      	movs	r1, #0
10007624:	f002 f818 	bl	10009658 <DEV_Digital_Write>
10007628:	2000      	movs	r0, #0
1000762a:	f002 f86f 	bl	1000970c <SPI4W_Write_Byte>
1000762e:	2001      	movs	r0, #1
10007630:	f002 f86c 	bl	1000970c <SPI4W_Write_Byte>
10007634:	2101      	movs	r1, #1
10007636:	2009      	movs	r0, #9
10007638:	f002 f80e 	bl	10009658 <DEV_Digital_Write>
1000763c:	7823      	ldrb	r3, [r4, #0]
1000763e:	2101      	movs	r1, #1
10007640:	2008      	movs	r0, #8
10007642:	2b52      	cmp	r3, #82	@ 0x52
10007644:	d101      	bne.n	1000764a <LCD_Init+0xd9e>
10007646:	f000 fc4e 	bl	10007ee6 <LCD_Init+0x163a>
1000764a:	f002 f805 	bl	10009658 <DEV_Digital_Write>
1000764e:	2009      	movs	r0, #9
10007650:	2100      	movs	r1, #0
10007652:	f002 f801 	bl	10009658 <DEV_Digital_Write>
10007656:	2000      	movs	r0, #0
10007658:	f002 f858 	bl	1000970c <SPI4W_Write_Byte>
1000765c:	2008      	movs	r0, #8
1000765e:	f002 f855 	bl	1000970c <SPI4W_Write_Byte>
10007662:	2101      	movs	r1, #1
10007664:	2009      	movs	r0, #9
10007666:	f001 fff7 	bl	10009658 <DEV_Digital_Write>
1000766a:	7823      	ldrb	r3, [r4, #0]
1000766c:	2101      	movs	r1, #1
1000766e:	2008      	movs	r0, #8
10007670:	2b52      	cmp	r3, #82	@ 0x52
10007672:	d101      	bne.n	10007678 <LCD_Init+0xdcc>
10007674:	f000 fc2f 	bl	10007ed6 <LCD_Init+0x162a>
10007678:	f001 ffee 	bl	10009658 <DEV_Digital_Write>
1000767c:	2009      	movs	r0, #9
1000767e:	2100      	movs	r1, #0
10007680:	f001 ffea 	bl	10009658 <DEV_Digital_Write>
10007684:	2000      	movs	r0, #0
10007686:	f002 f841 	bl	1000970c <SPI4W_Write_Byte>
1000768a:	200f      	movs	r0, #15
1000768c:	f002 f83e 	bl	1000970c <SPI4W_Write_Byte>
10007690:	2101      	movs	r1, #1
10007692:	2009      	movs	r0, #9
10007694:	f001 ffe0 	bl	10009658 <DEV_Digital_Write>
10007698:	7823      	ldrb	r3, [r4, #0]
1000769a:	2101      	movs	r1, #1
1000769c:	2008      	movs	r0, #8
1000769e:	2b52      	cmp	r3, #82	@ 0x52
100076a0:	d101      	bne.n	100076a6 <LCD_Init+0xdfa>
100076a2:	f000 fc10 	bl	10007ec6 <LCD_Init+0x161a>
100076a6:	f001 ffd7 	bl	10009658 <DEV_Digital_Write>
100076aa:	2009      	movs	r0, #9
100076ac:	2100      	movs	r1, #0
100076ae:	f001 ffd3 	bl	10009658 <DEV_Digital_Write>
100076b2:	2000      	movs	r0, #0
100076b4:	f002 f82a 	bl	1000970c <SPI4W_Write_Byte>
100076b8:	2011      	movs	r0, #17
100076ba:	f002 f827 	bl	1000970c <SPI4W_Write_Byte>
100076be:	2101      	movs	r1, #1
100076c0:	2009      	movs	r0, #9
100076c2:	f001 ffc9 	bl	10009658 <DEV_Digital_Write>
100076c6:	7823      	ldrb	r3, [r4, #0]
100076c8:	2101      	movs	r1, #1
100076ca:	2008      	movs	r0, #8
100076cc:	2b52      	cmp	r3, #82	@ 0x52
100076ce:	d100      	bne.n	100076d2 <LCD_Init+0xe26>
100076d0:	e3f2      	b.n	10007eb8 <LCD_Init+0x160c>
100076d2:	f001 ffc1 	bl	10009658 <DEV_Digital_Write>
100076d6:	2009      	movs	r0, #9
100076d8:	2100      	movs	r1, #0
100076da:	f001 ffbd 	bl	10009658 <DEV_Digital_Write>
100076de:	2000      	movs	r0, #0
100076e0:	f002 f814 	bl	1000970c <SPI4W_Write_Byte>
100076e4:	202a      	movs	r0, #42	@ 0x2a
100076e6:	f002 f811 	bl	1000970c <SPI4W_Write_Byte>
100076ea:	2101      	movs	r1, #1
100076ec:	2009      	movs	r0, #9
100076ee:	f001 ffb3 	bl	10009658 <DEV_Digital_Write>
100076f2:	7823      	ldrb	r3, [r4, #0]
100076f4:	2101      	movs	r1, #1
100076f6:	2008      	movs	r0, #8
100076f8:	2b52      	cmp	r3, #82	@ 0x52
100076fa:	d100      	bne.n	100076fe <LCD_Init+0xe52>
100076fc:	e3d5      	b.n	10007eaa <LCD_Init+0x15fe>
100076fe:	f001 ffab 	bl	10009658 <DEV_Digital_Write>
10007702:	2009      	movs	r0, #9
10007704:	2100      	movs	r1, #0
10007706:	f001 ffa7 	bl	10009658 <DEV_Digital_Write>
1000770a:	2000      	movs	r0, #0
1000770c:	f001 fffe 	bl	1000970c <SPI4W_Write_Byte>
10007710:	2036      	movs	r0, #54	@ 0x36
10007712:	f001 fffb 	bl	1000970c <SPI4W_Write_Byte>
10007716:	2101      	movs	r1, #1
10007718:	2009      	movs	r0, #9
1000771a:	f001 ff9d 	bl	10009658 <DEV_Digital_Write>
1000771e:	7823      	ldrb	r3, [r4, #0]
10007720:	2101      	movs	r1, #1
10007722:	2008      	movs	r0, #8
10007724:	2b52      	cmp	r3, #82	@ 0x52
10007726:	d100      	bne.n	1000772a <LCD_Init+0xe7e>
10007728:	e3b8      	b.n	10007e9c <LCD_Init+0x15f0>
1000772a:	f001 ff95 	bl	10009658 <DEV_Digital_Write>
1000772e:	2009      	movs	r0, #9
10007730:	2100      	movs	r1, #0
10007732:	f001 ff91 	bl	10009658 <DEV_Digital_Write>
10007736:	2000      	movs	r0, #0
10007738:	f001 ffe8 	bl	1000970c <SPI4W_Write_Byte>
1000773c:	2055      	movs	r0, #85	@ 0x55
1000773e:	f001 ffe5 	bl	1000970c <SPI4W_Write_Byte>
10007742:	2101      	movs	r1, #1
10007744:	2009      	movs	r0, #9
10007746:	f001 ff87 	bl	10009658 <DEV_Digital_Write>
1000774a:	7823      	ldrb	r3, [r4, #0]
1000774c:	2101      	movs	r1, #1
1000774e:	2008      	movs	r0, #8
10007750:	2b52      	cmp	r3, #82	@ 0x52
10007752:	d100      	bne.n	10007756 <LCD_Init+0xeaa>
10007754:	e39b      	b.n	10007e8e <LCD_Init+0x15e2>
10007756:	f001 ff7f 	bl	10009658 <DEV_Digital_Write>
1000775a:	2009      	movs	r0, #9
1000775c:	2100      	movs	r1, #0
1000775e:	f001 ff7b 	bl	10009658 <DEV_Digital_Write>
10007762:	2000      	movs	r0, #0
10007764:	f001 ffd2 	bl	1000970c <SPI4W_Write_Byte>
10007768:	2044      	movs	r0, #68	@ 0x44
1000776a:	f001 ffcf 	bl	1000970c <SPI4W_Write_Byte>
1000776e:	2101      	movs	r1, #1
10007770:	2009      	movs	r0, #9
10007772:	f001 ff71 	bl	10009658 <DEV_Digital_Write>
10007776:	7823      	ldrb	r3, [r4, #0]
10007778:	2101      	movs	r1, #1
1000777a:	2008      	movs	r0, #8
1000777c:	2b52      	cmp	r3, #82	@ 0x52
1000777e:	d100      	bne.n	10007782 <LCD_Init+0xed6>
10007780:	e37e      	b.n	10007e80 <LCD_Init+0x15d4>
10007782:	f001 ff69 	bl	10009658 <DEV_Digital_Write>
10007786:	2009      	movs	r0, #9
10007788:	2100      	movs	r1, #0
1000778a:	f001 ff65 	bl	10009658 <DEV_Digital_Write>
1000778e:	2000      	movs	r0, #0
10007790:	f001 ffbc 	bl	1000970c <SPI4W_Write_Byte>
10007794:	203a      	movs	r0, #58	@ 0x3a
10007796:	f001 ffb9 	bl	1000970c <SPI4W_Write_Byte>
1000779a:	2101      	movs	r1, #1
1000779c:	2009      	movs	r0, #9
1000779e:	f001 ff5b 	bl	10009658 <DEV_Digital_Write>
100077a2:	7823      	ldrb	r3, [r4, #0]
100077a4:	2101      	movs	r1, #1
100077a6:	2008      	movs	r0, #8
100077a8:	2b52      	cmp	r3, #82	@ 0x52
100077aa:	d100      	bne.n	100077ae <LCD_Init+0xf02>
100077ac:	e361      	b.n	10007e72 <LCD_Init+0x15c6>
100077ae:	f001 ff53 	bl	10009658 <DEV_Digital_Write>
100077b2:	2009      	movs	r0, #9
100077b4:	2100      	movs	r1, #0
100077b6:	f001 ff4f 	bl	10009658 <DEV_Digital_Write>
100077ba:	2000      	movs	r0, #0
100077bc:	f001 ffa6 	bl	1000970c <SPI4W_Write_Byte>
100077c0:	200b      	movs	r0, #11
100077c2:	f001 ffa3 	bl	1000970c <SPI4W_Write_Byte>
100077c6:	2101      	movs	r1, #1
100077c8:	2009      	movs	r0, #9
100077ca:	f001 ff45 	bl	10009658 <DEV_Digital_Write>
100077ce:	7823      	ldrb	r3, [r4, #0]
100077d0:	2101      	movs	r1, #1
100077d2:	2008      	movs	r0, #8
100077d4:	2b52      	cmp	r3, #82	@ 0x52
100077d6:	d100      	bne.n	100077da <LCD_Init+0xf2e>
100077d8:	e344      	b.n	10007e64 <LCD_Init+0x15b8>
100077da:	f001 ff3d 	bl	10009658 <DEV_Digital_Write>
100077de:	2009      	movs	r0, #9
100077e0:	2100      	movs	r1, #0
100077e2:	f001 ff39 	bl	10009658 <DEV_Digital_Write>
100077e6:	2000      	movs	r0, #0
100077e8:	f001 ff90 	bl	1000970c <SPI4W_Write_Byte>
100077ec:	2006      	movs	r0, #6
100077ee:	f001 ff8d 	bl	1000970c <SPI4W_Write_Byte>
100077f2:	2101      	movs	r1, #1
100077f4:	2009      	movs	r0, #9
100077f6:	f001 ff2f 	bl	10009658 <DEV_Digital_Write>
100077fa:	7823      	ldrb	r3, [r4, #0]
100077fc:	2101      	movs	r1, #1
100077fe:	2008      	movs	r0, #8
10007800:	2b52      	cmp	r3, #82	@ 0x52
10007802:	d100      	bne.n	10007806 <LCD_Init+0xf5a>
10007804:	e327      	b.n	10007e56 <LCD_Init+0x15aa>
10007806:	f001 ff27 	bl	10009658 <DEV_Digital_Write>
1000780a:	2009      	movs	r0, #9
1000780c:	2100      	movs	r1, #0
1000780e:	f001 ff23 	bl	10009658 <DEV_Digital_Write>
10007812:	2000      	movs	r0, #0
10007814:	f001 ff7a 	bl	1000970c <SPI4W_Write_Byte>
10007818:	2011      	movs	r0, #17
1000781a:	f001 ff77 	bl	1000970c <SPI4W_Write_Byte>
1000781e:	2101      	movs	r1, #1
10007820:	2009      	movs	r0, #9
10007822:	f001 ff19 	bl	10009658 <DEV_Digital_Write>
10007826:	7823      	ldrb	r3, [r4, #0]
10007828:	2101      	movs	r1, #1
1000782a:	2008      	movs	r0, #8
1000782c:	2b52      	cmp	r3, #82	@ 0x52
1000782e:	d100      	bne.n	10007832 <LCD_Init+0xf86>
10007830:	e30a      	b.n	10007e48 <LCD_Init+0x159c>
10007832:	f001 ff11 	bl	10009658 <DEV_Digital_Write>
10007836:	2009      	movs	r0, #9
10007838:	2100      	movs	r1, #0
1000783a:	f001 ff0d 	bl	10009658 <DEV_Digital_Write>
1000783e:	2000      	movs	r0, #0
10007840:	f001 ff64 	bl	1000970c <SPI4W_Write_Byte>
10007844:	2020      	movs	r0, #32
10007846:	f001 ff61 	bl	1000970c <SPI4W_Write_Byte>
1000784a:	2101      	movs	r1, #1
1000784c:	2009      	movs	r0, #9
1000784e:	f001 ff03 	bl	10009658 <DEV_Digital_Write>
10007852:	2100      	movs	r1, #0
10007854:	2008      	movs	r0, #8
10007856:	f001 feff 	bl	10009658 <DEV_Digital_Write>
1000785a:	2100      	movs	r1, #0
1000785c:	2009      	movs	r0, #9
1000785e:	f001 fefb 	bl	10009658 <DEV_Digital_Write>
10007862:	20e1      	movs	r0, #225	@ 0xe1
10007864:	f001 ff52 	bl	1000970c <SPI4W_Write_Byte>
10007868:	2101      	movs	r1, #1
1000786a:	2009      	movs	r0, #9
1000786c:	f001 fef4 	bl	10009658 <DEV_Digital_Write>
10007870:	7823      	ldrb	r3, [r4, #0]
10007872:	2101      	movs	r1, #1
10007874:	2008      	movs	r0, #8
10007876:	2b52      	cmp	r3, #82	@ 0x52
10007878:	d100      	bne.n	1000787c <LCD_Init+0xfd0>
1000787a:	e2de      	b.n	10007e3a <LCD_Init+0x158e>
1000787c:	f001 feec 	bl	10009658 <DEV_Digital_Write>
10007880:	2009      	movs	r0, #9
10007882:	2100      	movs	r1, #0
10007884:	f001 fee8 	bl	10009658 <DEV_Digital_Write>
10007888:	2000      	movs	r0, #0
1000788a:	f001 ff3f 	bl	1000970c <SPI4W_Write_Byte>
1000788e:	20d0      	movs	r0, #208	@ 0xd0
10007890:	f001 ff3c 	bl	1000970c <SPI4W_Write_Byte>
10007894:	2101      	movs	r1, #1
10007896:	2009      	movs	r0, #9
10007898:	f001 fede 	bl	10009658 <DEV_Digital_Write>
1000789c:	7823      	ldrb	r3, [r4, #0]
1000789e:	2101      	movs	r1, #1
100078a0:	2008      	movs	r0, #8
100078a2:	2b52      	cmp	r3, #82	@ 0x52
100078a4:	d100      	bne.n	100078a8 <LCD_Init+0xffc>
100078a6:	e2c1      	b.n	10007e2c <LCD_Init+0x1580>
100078a8:	f001 fed6 	bl	10009658 <DEV_Digital_Write>
100078ac:	2009      	movs	r0, #9
100078ae:	2100      	movs	r1, #0
100078b0:	f001 fed2 	bl	10009658 <DEV_Digital_Write>
100078b4:	2000      	movs	r0, #0
100078b6:	f001 ff29 	bl	1000970c <SPI4W_Write_Byte>
100078ba:	2002      	movs	r0, #2
100078bc:	f001 ff26 	bl	1000970c <SPI4W_Write_Byte>
100078c0:	2101      	movs	r1, #1
100078c2:	2009      	movs	r0, #9
100078c4:	f001 fec8 	bl	10009658 <DEV_Digital_Write>
100078c8:	7823      	ldrb	r3, [r4, #0]
100078ca:	2101      	movs	r1, #1
100078cc:	2008      	movs	r0, #8
100078ce:	2b52      	cmp	r3, #82	@ 0x52
100078d0:	d100      	bne.n	100078d4 <LCD_Init+0x1028>
100078d2:	e2a4      	b.n	10007e1e <LCD_Init+0x1572>
100078d4:	f001 fec0 	bl	10009658 <DEV_Digital_Write>
100078d8:	2009      	movs	r0, #9
100078da:	2100      	movs	r1, #0
100078dc:	f001 febc 	bl	10009658 <DEV_Digital_Write>
100078e0:	2000      	movs	r0, #0
100078e2:	f001 ff13 	bl	1000970c <SPI4W_Write_Byte>
100078e6:	2007      	movs	r0, #7
100078e8:	f001 ff10 	bl	1000970c <SPI4W_Write_Byte>
100078ec:	2101      	movs	r1, #1
100078ee:	2009      	movs	r0, #9
100078f0:	f001 feb2 	bl	10009658 <DEV_Digital_Write>
100078f4:	7823      	ldrb	r3, [r4, #0]
100078f6:	2101      	movs	r1, #1
100078f8:	2008      	movs	r0, #8
100078fa:	2b52      	cmp	r3, #82	@ 0x52
100078fc:	d100      	bne.n	10007900 <LCD_Init+0x1054>
100078fe:	e287      	b.n	10007e10 <LCD_Init+0x1564>
10007900:	f001 feaa 	bl	10009658 <DEV_Digital_Write>
10007904:	2009      	movs	r0, #9
10007906:	2100      	movs	r1, #0
10007908:	f001 fea6 	bl	10009658 <DEV_Digital_Write>
1000790c:	2000      	movs	r0, #0
1000790e:	f001 fefd 	bl	1000970c <SPI4W_Write_Byte>
10007912:	200a      	movs	r0, #10
10007914:	f001 fefa 	bl	1000970c <SPI4W_Write_Byte>
10007918:	2101      	movs	r1, #1
1000791a:	2009      	movs	r0, #9
1000791c:	f001 fe9c 	bl	10009658 <DEV_Digital_Write>
10007920:	7823      	ldrb	r3, [r4, #0]
10007922:	2101      	movs	r1, #1
10007924:	2008      	movs	r0, #8
10007926:	2b52      	cmp	r3, #82	@ 0x52
10007928:	d100      	bne.n	1000792c <LCD_Init+0x1080>
1000792a:	e26a      	b.n	10007e02 <LCD_Init+0x1556>
1000792c:	f001 fe94 	bl	10009658 <DEV_Digital_Write>
10007930:	2009      	movs	r0, #9
10007932:	2100      	movs	r1, #0
10007934:	f001 fe90 	bl	10009658 <DEV_Digital_Write>
10007938:	2000      	movs	r0, #0
1000793a:	f001 fee7 	bl	1000970c <SPI4W_Write_Byte>
1000793e:	200b      	movs	r0, #11
10007940:	f001 fee4 	bl	1000970c <SPI4W_Write_Byte>
10007944:	2101      	movs	r1, #1
10007946:	2009      	movs	r0, #9
10007948:	f001 fe86 	bl	10009658 <DEV_Digital_Write>
1000794c:	7823      	ldrb	r3, [r4, #0]
1000794e:	2101      	movs	r1, #1
10007950:	2008      	movs	r0, #8
10007952:	2b52      	cmp	r3, #82	@ 0x52
10007954:	d100      	bne.n	10007958 <LCD_Init+0x10ac>
10007956:	e24d      	b.n	10007df4 <LCD_Init+0x1548>
10007958:	f001 fe7e 	bl	10009658 <DEV_Digital_Write>
1000795c:	2009      	movs	r0, #9
1000795e:	2100      	movs	r1, #0
10007960:	f001 fe7a 	bl	10009658 <DEV_Digital_Write>
10007964:	2000      	movs	r0, #0
10007966:	f001 fed1 	bl	1000970c <SPI4W_Write_Byte>
1000796a:	2018      	movs	r0, #24
1000796c:	f001 fece 	bl	1000970c <SPI4W_Write_Byte>
10007970:	2101      	movs	r1, #1
10007972:	2009      	movs	r0, #9
10007974:	f001 fe70 	bl	10009658 <DEV_Digital_Write>
10007978:	7823      	ldrb	r3, [r4, #0]
1000797a:	2101      	movs	r1, #1
1000797c:	2008      	movs	r0, #8
1000797e:	2b52      	cmp	r3, #82	@ 0x52
10007980:	d100      	bne.n	10007984 <LCD_Init+0x10d8>
10007982:	e230      	b.n	10007de6 <LCD_Init+0x153a>
10007984:	f001 fe68 	bl	10009658 <DEV_Digital_Write>
10007988:	2009      	movs	r0, #9
1000798a:	2100      	movs	r1, #0
1000798c:	f001 fe64 	bl	10009658 <DEV_Digital_Write>
10007990:	2000      	movs	r0, #0
10007992:	f001 febb 	bl	1000970c <SPI4W_Write_Byte>
10007996:	2034      	movs	r0, #52	@ 0x34
10007998:	f001 feb8 	bl	1000970c <SPI4W_Write_Byte>
1000799c:	2101      	movs	r1, #1
1000799e:	2009      	movs	r0, #9
100079a0:	f001 fe5a 	bl	10009658 <DEV_Digital_Write>
100079a4:	7823      	ldrb	r3, [r4, #0]
100079a6:	2101      	movs	r1, #1
100079a8:	2008      	movs	r0, #8
100079aa:	2b52      	cmp	r3, #82	@ 0x52
100079ac:	d100      	bne.n	100079b0 <LCD_Init+0x1104>
100079ae:	e213      	b.n	10007dd8 <LCD_Init+0x152c>
100079b0:	f001 fe52 	bl	10009658 <DEV_Digital_Write>
100079b4:	2009      	movs	r0, #9
100079b6:	2100      	movs	r1, #0
100079b8:	f001 fe4e 	bl	10009658 <DEV_Digital_Write>
100079bc:	2000      	movs	r0, #0
100079be:	f001 fea5 	bl	1000970c <SPI4W_Write_Byte>
100079c2:	2043      	movs	r0, #67	@ 0x43
100079c4:	f001 fea2 	bl	1000970c <SPI4W_Write_Byte>
100079c8:	2101      	movs	r1, #1
100079ca:	2009      	movs	r0, #9
100079cc:	f001 fe44 	bl	10009658 <DEV_Digital_Write>
100079d0:	7823      	ldrb	r3, [r4, #0]
100079d2:	2101      	movs	r1, #1
100079d4:	2008      	movs	r0, #8
100079d6:	2b52      	cmp	r3, #82	@ 0x52
100079d8:	d100      	bne.n	100079dc <LCD_Init+0x1130>
100079da:	e1f6      	b.n	10007dca <LCD_Init+0x151e>
100079dc:	f001 fe3c 	bl	10009658 <DEV_Digital_Write>
100079e0:	2009      	movs	r0, #9
100079e2:	2100      	movs	r1, #0
100079e4:	f001 fe38 	bl	10009658 <DEV_Digital_Write>
100079e8:	2000      	movs	r0, #0
100079ea:	f001 fe8f 	bl	1000970c <SPI4W_Write_Byte>
100079ee:	204a      	movs	r0, #74	@ 0x4a
100079f0:	f001 fe8c 	bl	1000970c <SPI4W_Write_Byte>
100079f4:	2101      	movs	r1, #1
100079f6:	2009      	movs	r0, #9
100079f8:	f001 fe2e 	bl	10009658 <DEV_Digital_Write>
100079fc:	7823      	ldrb	r3, [r4, #0]
100079fe:	2101      	movs	r1, #1
10007a00:	2008      	movs	r0, #8
10007a02:	2b52      	cmp	r3, #82	@ 0x52
10007a04:	d100      	bne.n	10007a08 <LCD_Init+0x115c>
10007a06:	e1d9      	b.n	10007dbc <LCD_Init+0x1510>
10007a08:	f001 fe26 	bl	10009658 <DEV_Digital_Write>
10007a0c:	2009      	movs	r0, #9
10007a0e:	2100      	movs	r1, #0
10007a10:	f001 fe22 	bl	10009658 <DEV_Digital_Write>
10007a14:	2000      	movs	r0, #0
10007a16:	f001 fe79 	bl	1000970c <SPI4W_Write_Byte>
10007a1a:	202b      	movs	r0, #43	@ 0x2b
10007a1c:	f001 fe76 	bl	1000970c <SPI4W_Write_Byte>
10007a20:	2101      	movs	r1, #1
10007a22:	2009      	movs	r0, #9
10007a24:	f001 fe18 	bl	10009658 <DEV_Digital_Write>
10007a28:	7823      	ldrb	r3, [r4, #0]
10007a2a:	2101      	movs	r1, #1
10007a2c:	2008      	movs	r0, #8
10007a2e:	2b52      	cmp	r3, #82	@ 0x52
10007a30:	d100      	bne.n	10007a34 <LCD_Init+0x1188>
10007a32:	e1bc      	b.n	10007dae <LCD_Init+0x1502>
10007a34:	f001 fe10 	bl	10009658 <DEV_Digital_Write>
10007a38:	2009      	movs	r0, #9
10007a3a:	2100      	movs	r1, #0
10007a3c:	f001 fe0c 	bl	10009658 <DEV_Digital_Write>
10007a40:	2000      	movs	r0, #0
10007a42:	f001 fe63 	bl	1000970c <SPI4W_Write_Byte>
10007a46:	201b      	movs	r0, #27
10007a48:	f001 fe60 	bl	1000970c <SPI4W_Write_Byte>
10007a4c:	2101      	movs	r1, #1
10007a4e:	2009      	movs	r0, #9
10007a50:	f001 fe02 	bl	10009658 <DEV_Digital_Write>
10007a54:	7823      	ldrb	r3, [r4, #0]
10007a56:	2101      	movs	r1, #1
10007a58:	2008      	movs	r0, #8
10007a5a:	2b52      	cmp	r3, #82	@ 0x52
10007a5c:	d100      	bne.n	10007a60 <LCD_Init+0x11b4>
10007a5e:	e19f      	b.n	10007da0 <LCD_Init+0x14f4>
10007a60:	f001 fdfa 	bl	10009658 <DEV_Digital_Write>
10007a64:	2009      	movs	r0, #9
10007a66:	2100      	movs	r1, #0
10007a68:	f001 fdf6 	bl	10009658 <DEV_Digital_Write>
10007a6c:	2000      	movs	r0, #0
10007a6e:	f001 fe4d 	bl	1000970c <SPI4W_Write_Byte>
10007a72:	201c      	movs	r0, #28
10007a74:	f001 fe4a 	bl	1000970c <SPI4W_Write_Byte>
10007a78:	2101      	movs	r1, #1
10007a7a:	2009      	movs	r0, #9
10007a7c:	f001 fdec 	bl	10009658 <DEV_Digital_Write>
10007a80:	7823      	ldrb	r3, [r4, #0]
10007a82:	2101      	movs	r1, #1
10007a84:	2008      	movs	r0, #8
10007a86:	2b52      	cmp	r3, #82	@ 0x52
10007a88:	d100      	bne.n	10007a8c <LCD_Init+0x11e0>
10007a8a:	e182      	b.n	10007d92 <LCD_Init+0x14e6>
10007a8c:	f001 fde4 	bl	10009658 <DEV_Digital_Write>
10007a90:	2009      	movs	r0, #9
10007a92:	2100      	movs	r1, #0
10007a94:	f001 fde0 	bl	10009658 <DEV_Digital_Write>
10007a98:	2000      	movs	r0, #0
10007a9a:	f001 fe37 	bl	1000970c <SPI4W_Write_Byte>
10007a9e:	2022      	movs	r0, #34	@ 0x22
10007aa0:	f001 fe34 	bl	1000970c <SPI4W_Write_Byte>
10007aa4:	2101      	movs	r1, #1
10007aa6:	2009      	movs	r0, #9
10007aa8:	f001 fdd6 	bl	10009658 <DEV_Digital_Write>
10007aac:	7823      	ldrb	r3, [r4, #0]
10007aae:	2101      	movs	r1, #1
10007ab0:	2008      	movs	r0, #8
10007ab2:	2b52      	cmp	r3, #82	@ 0x52
10007ab4:	d100      	bne.n	10007ab8 <LCD_Init+0x120c>
10007ab6:	e165      	b.n	10007d84 <LCD_Init+0x14d8>
10007ab8:	f001 fdce 	bl	10009658 <DEV_Digital_Write>
10007abc:	2009      	movs	r0, #9
10007abe:	2100      	movs	r1, #0
10007ac0:	f001 fdca 	bl	10009658 <DEV_Digital_Write>
10007ac4:	2000      	movs	r0, #0
10007ac6:	f001 fe21 	bl	1000970c <SPI4W_Write_Byte>
10007aca:	201f      	movs	r0, #31
10007acc:	f001 fe1e 	bl	1000970c <SPI4W_Write_Byte>
10007ad0:	2101      	movs	r1, #1
10007ad2:	2009      	movs	r0, #9
10007ad4:	f001 fdc0 	bl	10009658 <DEV_Digital_Write>
10007ad8:	2100      	movs	r1, #0
10007ada:	2008      	movs	r0, #8
10007adc:	f001 fdbc 	bl	10009658 <DEV_Digital_Write>
10007ae0:	2100      	movs	r1, #0
10007ae2:	2009      	movs	r0, #9
10007ae4:	f001 fdb8 	bl	10009658 <DEV_Digital_Write>
10007ae8:	2055      	movs	r0, #85	@ 0x55
10007aea:	f001 fe0f 	bl	1000970c <SPI4W_Write_Byte>
10007aee:	2101      	movs	r1, #1
10007af0:	2009      	movs	r0, #9
10007af2:	f001 fdb1 	bl	10009658 <DEV_Digital_Write>
10007af6:	7823      	ldrb	r3, [r4, #0]
10007af8:	2101      	movs	r1, #1
10007afa:	2008      	movs	r0, #8
10007afc:	2b52      	cmp	r3, #82	@ 0x52
10007afe:	d100      	bne.n	10007b02 <LCD_Init+0x1256>
10007b00:	e139      	b.n	10007d76 <LCD_Init+0x14ca>
10007b02:	f001 fda9 	bl	10009658 <DEV_Digital_Write>
10007b06:	2009      	movs	r0, #9
10007b08:	2100      	movs	r1, #0
10007b0a:	f001 fda5 	bl	10009658 <DEV_Digital_Write>
10007b0e:	2000      	movs	r0, #0
10007b10:	f001 fdfc 	bl	1000970c <SPI4W_Write_Byte>
10007b14:	20b0      	movs	r0, #176	@ 0xb0
10007b16:	f001 fdf9 	bl	1000970c <SPI4W_Write_Byte>
10007b1a:	2101      	movs	r1, #1
10007b1c:	2009      	movs	r0, #9
10007b1e:	f001 fd9b 	bl	10009658 <DEV_Digital_Write>
10007b22:	f7ff fae4 	bl	100070ee <LCD_Init+0x842>
10007b26:	f001 fd97 	bl	10009658 <DEV_Digital_Write>
10007b2a:	2100      	movs	r1, #0
10007b2c:	2009      	movs	r0, #9
10007b2e:	f001 fd93 	bl	10009658 <DEV_Digital_Write>
10007b32:	f7ff fa86 	bl	10007042 <LCD_Init+0x796>
10007b36:	f001 fd8f 	bl	10009658 <DEV_Digital_Write>
10007b3a:	2100      	movs	r1, #0
10007b3c:	2009      	movs	r0, #9
10007b3e:	f001 fd8b 	bl	10009658 <DEV_Digital_Write>
10007b42:	f7ff fa67 	bl	10007014 <LCD_Init+0x768>
10007b46:	f001 fd87 	bl	10009658 <DEV_Digital_Write>
10007b4a:	2100      	movs	r1, #0
10007b4c:	2009      	movs	r0, #9
10007b4e:	f001 fd83 	bl	10009658 <DEV_Digital_Write>
10007b52:	f7ff fa48 	bl	10006fe6 <LCD_Init+0x73a>
10007b56:	f001 fd7f 	bl	10009658 <DEV_Digital_Write>
10007b5a:	2100      	movs	r1, #0
10007b5c:	2009      	movs	r0, #9
10007b5e:	f001 fd7b 	bl	10009658 <DEV_Digital_Write>
10007b62:	f7ff fa29 	bl	10006fb8 <LCD_Init+0x70c>
10007b66:	f001 fd77 	bl	10009658 <DEV_Digital_Write>
10007b6a:	2100      	movs	r1, #0
10007b6c:	2009      	movs	r0, #9
10007b6e:	f001 fd73 	bl	10009658 <DEV_Digital_Write>
10007b72:	f7ff faa3 	bl	100070bc <LCD_Init+0x810>
10007b76:	f001 fd6f 	bl	10009658 <DEV_Digital_Write>
10007b7a:	2100      	movs	r1, #0
10007b7c:	2009      	movs	r0, #9
10007b7e:	f001 fd6b 	bl	10009658 <DEV_Digital_Write>
10007b82:	f7ff fa75 	bl	10007070 <LCD_Init+0x7c4>
10007b86:	f001 fd67 	bl	10009658 <DEV_Digital_Write>
10007b8a:	2100      	movs	r1, #0
10007b8c:	2009      	movs	r0, #9
10007b8e:	f001 fd63 	bl	10009658 <DEV_Digital_Write>
10007b92:	f7fe ff34 	bl	100069fe <LCD_Init+0x152>
10007b96:	f001 fd5f 	bl	10009658 <DEV_Digital_Write>
10007b9a:	2100      	movs	r1, #0
10007b9c:	2009      	movs	r0, #9
10007b9e:	f001 fd5b 	bl	10009658 <DEV_Digital_Write>
10007ba2:	f7fe ff15 	bl	100069d0 <LCD_Init+0x124>
10007ba6:	f001 fd57 	bl	10009658 <DEV_Digital_Write>
10007baa:	2100      	movs	r1, #0
10007bac:	2009      	movs	r0, #9
10007bae:	f001 fd53 	bl	10009658 <DEV_Digital_Write>
10007bb2:	f7fe ffad 	bl	10006b10 <LCD_Init+0x264>
10007bb6:	f001 fd4f 	bl	10009658 <DEV_Digital_Write>
10007bba:	2100      	movs	r1, #0
10007bbc:	2009      	movs	r0, #9
10007bbe:	f001 fd4b 	bl	10009658 <DEV_Digital_Write>
10007bc2:	f7fe ff7f 	bl	10006ac4 <LCD_Init+0x218>
10007bc6:	f001 fd47 	bl	10009658 <DEV_Digital_Write>
10007bca:	2100      	movs	r1, #0
10007bcc:	2009      	movs	r0, #9
10007bce:	f001 fd43 	bl	10009658 <DEV_Digital_Write>
10007bd2:	f7fe ff51 	bl	10006a78 <LCD_Init+0x1cc>
10007bd6:	f001 fd3f 	bl	10009658 <DEV_Digital_Write>
10007bda:	2100      	movs	r1, #0
10007bdc:	2009      	movs	r0, #9
10007bde:	f001 fd3b 	bl	10009658 <DEV_Digital_Write>
10007be2:	f7fe ff23 	bl	10006a2c <LCD_Init+0x180>
10007be6:	f001 fd37 	bl	10009658 <DEV_Digital_Write>
10007bea:	2100      	movs	r1, #0
10007bec:	2009      	movs	r0, #9
10007bee:	f001 fd33 	bl	10009658 <DEV_Digital_Write>
10007bf2:	f7ff f845 	bl	10006c80 <LCD_Init+0x3d4>
10007bf6:	f001 fd2f 	bl	10009658 <DEV_Digital_Write>
10007bfa:	2100      	movs	r1, #0
10007bfc:	2009      	movs	r0, #9
10007bfe:	f001 fd2b 	bl	10009658 <DEV_Digital_Write>
10007c02:	f7ff f826 	bl	10006c52 <LCD_Init+0x3a6>
10007c06:	f001 fd27 	bl	10009658 <DEV_Digital_Write>
10007c0a:	2100      	movs	r1, #0
10007c0c:	2009      	movs	r0, #9
10007c0e:	f001 fd23 	bl	10009658 <DEV_Digital_Write>
10007c12:	f7ff f807 	bl	10006c24 <LCD_Init+0x378>
10007c16:	f001 fd1f 	bl	10009658 <DEV_Digital_Write>
10007c1a:	2100      	movs	r1, #0
10007c1c:	2009      	movs	r0, #9
10007c1e:	f001 fd1b 	bl	10009658 <DEV_Digital_Write>
10007c22:	f7fe ffe8 	bl	10006bf6 <LCD_Init+0x34a>
10007c26:	f001 fd17 	bl	10009658 <DEV_Digital_Write>
10007c2a:	2100      	movs	r1, #0
10007c2c:	2009      	movs	r0, #9
10007c2e:	f001 fd13 	bl	10009658 <DEV_Digital_Write>
10007c32:	f7fe ffc9 	bl	10006bc8 <LCD_Init+0x31c>
10007c36:	f001 fd0f 	bl	10009658 <DEV_Digital_Write>
10007c3a:	2100      	movs	r1, #0
10007c3c:	2009      	movs	r0, #9
10007c3e:	f001 fd0b 	bl	10009658 <DEV_Digital_Write>
10007c42:	f7fe ffaa 	bl	10006b9a <LCD_Init+0x2ee>
10007c46:	f001 fd07 	bl	10009658 <DEV_Digital_Write>
10007c4a:	2100      	movs	r1, #0
10007c4c:	2009      	movs	r0, #9
10007c4e:	f001 fd03 	bl	10009658 <DEV_Digital_Write>
10007c52:	f7fe ff8b 	bl	10006b6c <LCD_Init+0x2c0>
10007c56:	f001 fcff 	bl	10009658 <DEV_Digital_Write>
10007c5a:	2100      	movs	r1, #0
10007c5c:	2009      	movs	r0, #9
10007c5e:	f001 fcfb 	bl	10009658 <DEV_Digital_Write>
10007c62:	f7fe ff6c 	bl	10006b3e <LCD_Init+0x292>
10007c66:	f001 fcf7 	bl	10009658 <DEV_Digital_Write>
10007c6a:	2100      	movs	r1, #0
10007c6c:	2009      	movs	r0, #9
10007c6e:	f001 fcf3 	bl	10009658 <DEV_Digital_Write>
10007c72:	f7ff f98a 	bl	10006f8a <LCD_Init+0x6de>
10007c76:	f001 fcef 	bl	10009658 <DEV_Digital_Write>
10007c7a:	2100      	movs	r1, #0
10007c7c:	2009      	movs	r0, #9
10007c7e:	f001 fceb 	bl	10009658 <DEV_Digital_Write>
10007c82:	f7ff f96b 	bl	10006f5c <LCD_Init+0x6b0>
10007c86:	f001 fce7 	bl	10009658 <DEV_Digital_Write>
10007c8a:	2100      	movs	r1, #0
10007c8c:	2009      	movs	r0, #9
10007c8e:	f001 fce3 	bl	10009658 <DEV_Digital_Write>
10007c92:	f7ff f94c 	bl	10006f2e <LCD_Init+0x682>
10007c96:	f001 fcdf 	bl	10009658 <DEV_Digital_Write>
10007c9a:	2100      	movs	r1, #0
10007c9c:	2009      	movs	r0, #9
10007c9e:	f001 fcdb 	bl	10009658 <DEV_Digital_Write>
10007ca2:	f7ff f92d 	bl	10006f00 <LCD_Init+0x654>
10007ca6:	f001 fcd7 	bl	10009658 <DEV_Digital_Write>
10007caa:	2100      	movs	r1, #0
10007cac:	2009      	movs	r0, #9
10007cae:	f001 fcd3 	bl	10009658 <DEV_Digital_Write>
10007cb2:	f7ff f90e 	bl	10006ed2 <LCD_Init+0x626>
10007cb6:	f001 fccf 	bl	10009658 <DEV_Digital_Write>
10007cba:	2100      	movs	r1, #0
10007cbc:	2009      	movs	r0, #9
10007cbe:	f001 fccb 	bl	10009658 <DEV_Digital_Write>
10007cc2:	f7ff f8ef 	bl	10006ea4 <LCD_Init+0x5f8>
10007cc6:	f001 fcc7 	bl	10009658 <DEV_Digital_Write>
10007cca:	2100      	movs	r1, #0
10007ccc:	2009      	movs	r0, #9
10007cce:	f001 fcc3 	bl	10009658 <DEV_Digital_Write>
10007cd2:	f7ff f8d0 	bl	10006e76 <LCD_Init+0x5ca>
10007cd6:	f001 fcbf 	bl	10009658 <DEV_Digital_Write>
10007cda:	2100      	movs	r1, #0
10007cdc:	2009      	movs	r0, #9
10007cde:	f001 fcbb 	bl	10009658 <DEV_Digital_Write>
10007ce2:	f7ff f8b1 	bl	10006e48 <LCD_Init+0x59c>
10007ce6:	f001 fcb7 	bl	10009658 <DEV_Digital_Write>
10007cea:	2100      	movs	r1, #0
10007cec:	2009      	movs	r0, #9
10007cee:	f001 fcb3 	bl	10009658 <DEV_Digital_Write>
10007cf2:	f7ff f892 	bl	10006e1a <LCD_Init+0x56e>
10007cf6:	f001 fcaf 	bl	10009658 <DEV_Digital_Write>
10007cfa:	2100      	movs	r1, #0
10007cfc:	2009      	movs	r0, #9
10007cfe:	f001 fcab 	bl	10009658 <DEV_Digital_Write>
10007d02:	f7ff f873 	bl	10006dec <LCD_Init+0x540>
10007d06:	f001 fca7 	bl	10009658 <DEV_Digital_Write>
10007d0a:	2100      	movs	r1, #0
10007d0c:	2009      	movs	r0, #9
10007d0e:	f001 fca3 	bl	10009658 <DEV_Digital_Write>
10007d12:	f7ff f845 	bl	10006da0 <LCD_Init+0x4f4>
10007d16:	f001 fc9f 	bl	10009658 <DEV_Digital_Write>
10007d1a:	2100      	movs	r1, #0
10007d1c:	2009      	movs	r0, #9
10007d1e:	f001 fc9b 	bl	10009658 <DEV_Digital_Write>
10007d22:	f7ff f826 	bl	10006d72 <LCD_Init+0x4c6>
10007d26:	f001 fc97 	bl	10009658 <DEV_Digital_Write>
10007d2a:	2100      	movs	r1, #0
10007d2c:	2009      	movs	r0, #9
10007d2e:	f001 fc93 	bl	10009658 <DEV_Digital_Write>
10007d32:	f7ff f807 	bl	10006d44 <LCD_Init+0x498>
10007d36:	f001 fc8f 	bl	10009658 <DEV_Digital_Write>
10007d3a:	2100      	movs	r1, #0
10007d3c:	2009      	movs	r0, #9
10007d3e:	f001 fc8b 	bl	10009658 <DEV_Digital_Write>
10007d42:	f7fe ffe8 	bl	10006d16 <LCD_Init+0x46a>
10007d46:	f001 fc87 	bl	10009658 <DEV_Digital_Write>
10007d4a:	2100      	movs	r1, #0
10007d4c:	2009      	movs	r0, #9
10007d4e:	f001 fc83 	bl	10009658 <DEV_Digital_Write>
10007d52:	f7fe ffc9 	bl	10006ce8 <LCD_Init+0x43c>
10007d56:	f001 fc7f 	bl	10009658 <DEV_Digital_Write>
10007d5a:	2100      	movs	r1, #0
10007d5c:	2009      	movs	r0, #9
10007d5e:	f001 fc7b 	bl	10009658 <DEV_Digital_Write>
10007d62:	f7fe ffa4 	bl	10006cae <LCD_Init+0x402>
10007d66:	f001 fc77 	bl	10009658 <DEV_Digital_Write>
10007d6a:	2100      	movs	r1, #0
10007d6c:	2009      	movs	r0, #9
10007d6e:	f001 fc73 	bl	10009658 <DEV_Digital_Write>
10007d72:	f7ff fa30 	bl	100071d6 <LCD_Init+0x92a>
10007d76:	f001 fc6f 	bl	10009658 <DEV_Digital_Write>
10007d7a:	2100      	movs	r1, #0
10007d7c:	2009      	movs	r0, #9
10007d7e:	f001 fc6b 	bl	10009658 <DEV_Digital_Write>
10007d82:	e6c7      	b.n	10007b14 <LCD_Init+0x1268>
10007d84:	f001 fc68 	bl	10009658 <DEV_Digital_Write>
10007d88:	2100      	movs	r1, #0
10007d8a:	2009      	movs	r0, #9
10007d8c:	f001 fc64 	bl	10009658 <DEV_Digital_Write>
10007d90:	e69b      	b.n	10007aca <LCD_Init+0x121e>
10007d92:	f001 fc61 	bl	10009658 <DEV_Digital_Write>
10007d96:	2100      	movs	r1, #0
10007d98:	2009      	movs	r0, #9
10007d9a:	f001 fc5d 	bl	10009658 <DEV_Digital_Write>
10007d9e:	e67e      	b.n	10007a9e <LCD_Init+0x11f2>
10007da0:	f001 fc5a 	bl	10009658 <DEV_Digital_Write>
10007da4:	2100      	movs	r1, #0
10007da6:	2009      	movs	r0, #9
10007da8:	f001 fc56 	bl	10009658 <DEV_Digital_Write>
10007dac:	e661      	b.n	10007a72 <LCD_Init+0x11c6>
10007dae:	f001 fc53 	bl	10009658 <DEV_Digital_Write>
10007db2:	2100      	movs	r1, #0
10007db4:	2009      	movs	r0, #9
10007db6:	f001 fc4f 	bl	10009658 <DEV_Digital_Write>
10007dba:	e644      	b.n	10007a46 <LCD_Init+0x119a>
10007dbc:	f001 fc4c 	bl	10009658 <DEV_Digital_Write>
10007dc0:	2100      	movs	r1, #0
10007dc2:	2009      	movs	r0, #9
10007dc4:	f001 fc48 	bl	10009658 <DEV_Digital_Write>
10007dc8:	e627      	b.n	10007a1a <LCD_Init+0x116e>
10007dca:	f001 fc45 	bl	10009658 <DEV_Digital_Write>
10007dce:	2100      	movs	r1, #0
10007dd0:	2009      	movs	r0, #9
10007dd2:	f001 fc41 	bl	10009658 <DEV_Digital_Write>
10007dd6:	e60a      	b.n	100079ee <LCD_Init+0x1142>
10007dd8:	f001 fc3e 	bl	10009658 <DEV_Digital_Write>
10007ddc:	2100      	movs	r1, #0
10007dde:	2009      	movs	r0, #9
10007de0:	f001 fc3a 	bl	10009658 <DEV_Digital_Write>
10007de4:	e5ed      	b.n	100079c2 <LCD_Init+0x1116>
10007de6:	f001 fc37 	bl	10009658 <DEV_Digital_Write>
10007dea:	2100      	movs	r1, #0
10007dec:	2009      	movs	r0, #9
10007dee:	f001 fc33 	bl	10009658 <DEV_Digital_Write>
10007df2:	e5d0      	b.n	10007996 <LCD_Init+0x10ea>
10007df4:	f001 fc30 	bl	10009658 <DEV_Digital_Write>
10007df8:	2100      	movs	r1, #0
10007dfa:	2009      	movs	r0, #9
10007dfc:	f001 fc2c 	bl	10009658 <DEV_Digital_Write>
10007e00:	e5b3      	b.n	1000796a <LCD_Init+0x10be>
10007e02:	f001 fc29 	bl	10009658 <DEV_Digital_Write>
10007e06:	2100      	movs	r1, #0
10007e08:	2009      	movs	r0, #9
10007e0a:	f001 fc25 	bl	10009658 <DEV_Digital_Write>
10007e0e:	e596      	b.n	1000793e <LCD_Init+0x1092>
10007e10:	f001 fc22 	bl	10009658 <DEV_Digital_Write>
10007e14:	2100      	movs	r1, #0
10007e16:	2009      	movs	r0, #9
10007e18:	f001 fc1e 	bl	10009658 <DEV_Digital_Write>
10007e1c:	e579      	b.n	10007912 <LCD_Init+0x1066>
10007e1e:	f001 fc1b 	bl	10009658 <DEV_Digital_Write>
10007e22:	2100      	movs	r1, #0
10007e24:	2009      	movs	r0, #9
10007e26:	f001 fc17 	bl	10009658 <DEV_Digital_Write>
10007e2a:	e55c      	b.n	100078e6 <LCD_Init+0x103a>
10007e2c:	f001 fc14 	bl	10009658 <DEV_Digital_Write>
10007e30:	2100      	movs	r1, #0
10007e32:	2009      	movs	r0, #9
10007e34:	f001 fc10 	bl	10009658 <DEV_Digital_Write>
10007e38:	e53f      	b.n	100078ba <LCD_Init+0x100e>
10007e3a:	f001 fc0d 	bl	10009658 <DEV_Digital_Write>
10007e3e:	2100      	movs	r1, #0
10007e40:	2009      	movs	r0, #9
10007e42:	f001 fc09 	bl	10009658 <DEV_Digital_Write>
10007e46:	e522      	b.n	1000788e <LCD_Init+0xfe2>
10007e48:	f001 fc06 	bl	10009658 <DEV_Digital_Write>
10007e4c:	2100      	movs	r1, #0
10007e4e:	2009      	movs	r0, #9
10007e50:	f001 fc02 	bl	10009658 <DEV_Digital_Write>
10007e54:	e4f6      	b.n	10007844 <LCD_Init+0xf98>
10007e56:	f001 fbff 	bl	10009658 <DEV_Digital_Write>
10007e5a:	2100      	movs	r1, #0
10007e5c:	2009      	movs	r0, #9
10007e5e:	f001 fbfb 	bl	10009658 <DEV_Digital_Write>
10007e62:	e4d9      	b.n	10007818 <LCD_Init+0xf6c>
10007e64:	f001 fbf8 	bl	10009658 <DEV_Digital_Write>
10007e68:	2100      	movs	r1, #0
10007e6a:	2009      	movs	r0, #9
10007e6c:	f001 fbf4 	bl	10009658 <DEV_Digital_Write>
10007e70:	e4bc      	b.n	100077ec <LCD_Init+0xf40>
10007e72:	f001 fbf1 	bl	10009658 <DEV_Digital_Write>
10007e76:	2100      	movs	r1, #0
10007e78:	2009      	movs	r0, #9
10007e7a:	f001 fbed 	bl	10009658 <DEV_Digital_Write>
10007e7e:	e49f      	b.n	100077c0 <LCD_Init+0xf14>
10007e80:	f001 fbea 	bl	10009658 <DEV_Digital_Write>
10007e84:	2100      	movs	r1, #0
10007e86:	2009      	movs	r0, #9
10007e88:	f001 fbe6 	bl	10009658 <DEV_Digital_Write>
10007e8c:	e482      	b.n	10007794 <LCD_Init+0xee8>
10007e8e:	f001 fbe3 	bl	10009658 <DEV_Digital_Write>
10007e92:	2100      	movs	r1, #0
10007e94:	2009      	movs	r0, #9
10007e96:	f001 fbdf 	bl	10009658 <DEV_Digital_Write>
10007e9a:	e465      	b.n	10007768 <LCD_Init+0xebc>
10007e9c:	f001 fbdc 	bl	10009658 <DEV_Digital_Write>
10007ea0:	2100      	movs	r1, #0
10007ea2:	2009      	movs	r0, #9
10007ea4:	f001 fbd8 	bl	10009658 <DEV_Digital_Write>
10007ea8:	e448      	b.n	1000773c <LCD_Init+0xe90>
10007eaa:	f001 fbd5 	bl	10009658 <DEV_Digital_Write>
10007eae:	2100      	movs	r1, #0
10007eb0:	2009      	movs	r0, #9
10007eb2:	f001 fbd1 	bl	10009658 <DEV_Digital_Write>
10007eb6:	e42b      	b.n	10007710 <LCD_Init+0xe64>
10007eb8:	f001 fbce 	bl	10009658 <DEV_Digital_Write>
10007ebc:	2100      	movs	r1, #0
10007ebe:	2009      	movs	r0, #9
10007ec0:	f001 fbca 	bl	10009658 <DEV_Digital_Write>
10007ec4:	e40e      	b.n	100076e4 <LCD_Init+0xe38>
10007ec6:	f001 fbc7 	bl	10009658 <DEV_Digital_Write>
10007eca:	2100      	movs	r1, #0
10007ecc:	2009      	movs	r0, #9
10007ece:	f001 fbc3 	bl	10009658 <DEV_Digital_Write>
10007ed2:	f7ff fbf1 	bl	100076b8 <LCD_Init+0xe0c>
10007ed6:	f001 fbbf 	bl	10009658 <DEV_Digital_Write>
10007eda:	2100      	movs	r1, #0
10007edc:	2009      	movs	r0, #9
10007ede:	f001 fbbb 	bl	10009658 <DEV_Digital_Write>
10007ee2:	f7ff fbd2 	bl	1000768a <LCD_Init+0xdde>
10007ee6:	f001 fbb7 	bl	10009658 <DEV_Digital_Write>
10007eea:	2100      	movs	r1, #0
10007eec:	2009      	movs	r0, #9
10007eee:	f001 fbb3 	bl	10009658 <DEV_Digital_Write>
10007ef2:	f7ff fbb3 	bl	1000765c <LCD_Init+0xdb0>
10007ef6:	f001 fbaf 	bl	10009658 <DEV_Digital_Write>
10007efa:	2100      	movs	r1, #0
10007efc:	2009      	movs	r0, #9
10007efe:	f001 fbab 	bl	10009658 <DEV_Digital_Write>
10007f02:	f7ff fb94 	bl	1000762e <LCD_Init+0xd82>
10007f06:	f001 fba7 	bl	10009658 <DEV_Digital_Write>
10007f0a:	2100      	movs	r1, #0
10007f0c:	2009      	movs	r0, #9
10007f0e:	f001 fba3 	bl	10009658 <DEV_Digital_Write>
10007f12:	f7ff fb75 	bl	10007600 <LCD_Init+0xd54>
10007f16:	f001 fb9f 	bl	10009658 <DEV_Digital_Write>
10007f1a:	2100      	movs	r1, #0
10007f1c:	2009      	movs	r0, #9
10007f1e:	f001 fb9b 	bl	10009658 <DEV_Digital_Write>
10007f22:	f7ff fb47 	bl	100075b4 <LCD_Init+0xd08>
10007f26:	f001 fb97 	bl	10009658 <DEV_Digital_Write>
10007f2a:	2100      	movs	r1, #0
10007f2c:	2009      	movs	r0, #9
10007f2e:	f001 fb93 	bl	10009658 <DEV_Digital_Write>
10007f32:	f7ff fb28 	bl	10007586 <LCD_Init+0xcda>
10007f36:	f001 fb8f 	bl	10009658 <DEV_Digital_Write>
10007f3a:	2100      	movs	r1, #0
10007f3c:	2009      	movs	r0, #9
10007f3e:	f001 fb8b 	bl	10009658 <DEV_Digital_Write>
10007f42:	f7ff fafa 	bl	1000753a <LCD_Init+0xc8e>
10007f46:	f001 fb87 	bl	10009658 <DEV_Digital_Write>
10007f4a:	2100      	movs	r1, #0
10007f4c:	2009      	movs	r0, #9
10007f4e:	f001 fb83 	bl	10009658 <DEV_Digital_Write>
10007f52:	f7ff facc 	bl	100074ee <LCD_Init+0xc42>
10007f56:	f001 fb7f 	bl	10009658 <DEV_Digital_Write>
10007f5a:	2100      	movs	r1, #0
10007f5c:	2009      	movs	r0, #9
10007f5e:	f001 fb7b 	bl	10009658 <DEV_Digital_Write>
10007f62:	f7ff fa9e 	bl	100074a2 <LCD_Init+0xbf6>
10007f66:	f001 fb77 	bl	10009658 <DEV_Digital_Write>
10007f6a:	2100      	movs	r1, #0
10007f6c:	2009      	movs	r0, #9
10007f6e:	f001 fb73 	bl	10009658 <DEV_Digital_Write>
10007f72:	f7ff fa70 	bl	10007456 <LCD_Init+0xbaa>
10007f76:	f001 fb6f 	bl	10009658 <DEV_Digital_Write>
10007f7a:	2100      	movs	r1, #0
10007f7c:	2009      	movs	r0, #9
10007f7e:	f001 fb6b 	bl	10009658 <DEV_Digital_Write>
10007f82:	f7ff fa42 	bl	1000740a <LCD_Init+0xb5e>
10007f86:	f001 fb67 	bl	10009658 <DEV_Digital_Write>
10007f8a:	2100      	movs	r1, #0
10007f8c:	2009      	movs	r0, #9
10007f8e:	f001 fb63 	bl	10009658 <DEV_Digital_Write>
10007f92:	f7ff fa14 	bl	100073be <LCD_Init+0xb12>
10007f96:	f001 fb5f 	bl	10009658 <DEV_Digital_Write>
10007f9a:	2100      	movs	r1, #0
10007f9c:	2009      	movs	r0, #9
10007f9e:	f001 fb5b 	bl	10009658 <DEV_Digital_Write>
10007fa2:	f7ff f9e6 	bl	10007372 <LCD_Init+0xac6>
10007fa6:	f001 fb57 	bl	10009658 <DEV_Digital_Write>
10007faa:	2100      	movs	r1, #0
10007fac:	2009      	movs	r0, #9
10007fae:	f001 fb53 	bl	10009658 <DEV_Digital_Write>
10007fb2:	f7ff f9b8 	bl	10007326 <LCD_Init+0xa7a>
10007fb6:	f001 fb4f 	bl	10009658 <DEV_Digital_Write>
10007fba:	2100      	movs	r1, #0
10007fbc:	2009      	movs	r0, #9
10007fbe:	f001 fb4b 	bl	10009658 <DEV_Digital_Write>
10007fc2:	f7ff f999 	bl	100072f8 <LCD_Init+0xa4c>
10007fc6:	f001 fb47 	bl	10009658 <DEV_Digital_Write>
10007fca:	2100      	movs	r1, #0
10007fcc:	2009      	movs	r0, #9
10007fce:	f001 fb43 	bl	10009658 <DEV_Digital_Write>
10007fd2:	f7ff f97a 	bl	100072ca <LCD_Init+0xa1e>
10007fd6:	f001 fb3f 	bl	10009658 <DEV_Digital_Write>
10007fda:	2100      	movs	r1, #0
10007fdc:	2009      	movs	r0, #9
10007fde:	f001 fb3b 	bl	10009658 <DEV_Digital_Write>
10007fe2:	f7ff f95b 	bl	1000729c <LCD_Init+0x9f0>
10007fe6:	f001 fb37 	bl	10009658 <DEV_Digital_Write>
10007fea:	2100      	movs	r1, #0
10007fec:	2009      	movs	r0, #9
10007fee:	f001 fb33 	bl	10009658 <DEV_Digital_Write>
10007ff2:	f7ff f93c 	bl	1000726e <LCD_Init+0x9c2>
10007ff6:	f001 fb2f 	bl	10009658 <DEV_Digital_Write>
10007ffa:	2100      	movs	r1, #0
10007ffc:	2009      	movs	r0, #9
10007ffe:	f001 fb2b 	bl	10009658 <DEV_Digital_Write>
10008002:	f7ff f90e 	bl	10007222 <LCD_Init+0x976>
10008006:	46c0      	nop			@ (mov r8, r8)

10008008 <LCD_SetWindow>:
10008008:	b5f8      	push	{r3, r4, r5, r6, r7, lr}
1000800a:	46ce      	mov	lr, r9
1000800c:	4647      	mov	r7, r8
1000800e:	4680      	mov	r8, r0
10008010:	b580      	push	{r7, lr}
10008012:	2008      	movs	r0, #8
10008014:	000f      	movs	r7, r1
10008016:	2100      	movs	r1, #0
10008018:	001c      	movs	r4, r3
1000801a:	0016      	movs	r6, r2
1000801c:	f001 fb1c 	bl	10009658 <DEV_Digital_Write>
10008020:	2100      	movs	r1, #0
10008022:	2009      	movs	r0, #9
10008024:	f001 fb18 	bl	10009658 <DEV_Digital_Write>
10008028:	202a      	movs	r0, #42	@ 0x2a
1000802a:	f001 fb6f 	bl	1000970c <SPI4W_Write_Byte>
1000802e:	2101      	movs	r1, #1
10008030:	2009      	movs	r0, #9
10008032:	f001 fb11 	bl	10009658 <DEV_Digital_Write>
10008036:	4643      	mov	r3, r8
10008038:	4d8c      	ldr	r5, [pc, #560]	@ (1000826c <LCD_SetWindow+0x264>)
1000803a:	0a1b      	lsrs	r3, r3, #8
1000803c:	4699      	mov	r9, r3
1000803e:	782b      	ldrb	r3, [r5, #0]
10008040:	2101      	movs	r1, #1
10008042:	2008      	movs	r0, #8
10008044:	2b52      	cmp	r3, #82	@ 0x52
10008046:	d100      	bne.n	1000804a <LCD_SetWindow+0x42>
10008048:	e0d8      	b.n	100081fc <LCD_SetWindow+0x1f4>
1000804a:	f001 fb05 	bl	10009658 <DEV_Digital_Write>
1000804e:	2009      	movs	r0, #9
10008050:	2100      	movs	r1, #0
10008052:	f001 fb01 	bl	10009658 <DEV_Digital_Write>
10008056:	2000      	movs	r0, #0
10008058:	f001 fb58 	bl	1000970c <SPI4W_Write_Byte>
1000805c:	4648      	mov	r0, r9
1000805e:	f001 fb55 	bl	1000970c <SPI4W_Write_Byte>
10008062:	2101      	movs	r1, #1
10008064:	2009      	movs	r0, #9
10008066:	f001 faf7 	bl	10009658 <DEV_Digital_Write>
1000806a:	4643      	mov	r3, r8
1000806c:	b2db      	uxtb	r3, r3
1000806e:	4698      	mov	r8, r3
10008070:	782b      	ldrb	r3, [r5, #0]
10008072:	2101      	movs	r1, #1
10008074:	2008      	movs	r0, #8
10008076:	2b52      	cmp	r3, #82	@ 0x52
10008078:	d100      	bne.n	1000807c <LCD_SetWindow+0x74>
1000807a:	e0f0      	b.n	1000825e <LCD_SetWindow+0x256>
1000807c:	f001 faec 	bl	10009658 <DEV_Digital_Write>
10008080:	2009      	movs	r0, #9
10008082:	2100      	movs	r1, #0
10008084:	f001 fae8 	bl	10009658 <DEV_Digital_Write>
10008088:	2000      	movs	r0, #0
1000808a:	f001 fb3f 	bl	1000970c <SPI4W_Write_Byte>
1000808e:	4640      	mov	r0, r8
10008090:	f001 fb3c 	bl	1000970c <SPI4W_Write_Byte>
10008094:	3e01      	subs	r6, #1
10008096:	2101      	movs	r1, #1
10008098:	2009      	movs	r0, #9
1000809a:	f001 fadd 	bl	10009658 <DEV_Digital_Write>
1000809e:	1233      	asrs	r3, r6, #8
100080a0:	4698      	mov	r8, r3
100080a2:	b2db      	uxtb	r3, r3
100080a4:	4699      	mov	r9, r3
100080a6:	782b      	ldrb	r3, [r5, #0]
100080a8:	2101      	movs	r1, #1
100080aa:	2008      	movs	r0, #8
100080ac:	2b52      	cmp	r3, #82	@ 0x52
100080ae:	d100      	bne.n	100080b2 <LCD_SetWindow+0xaa>
100080b0:	e0ce      	b.n	10008250 <LCD_SetWindow+0x248>
100080b2:	f001 fad1 	bl	10009658 <DEV_Digital_Write>
100080b6:	2009      	movs	r0, #9
100080b8:	2100      	movs	r1, #0
100080ba:	f001 facd 	bl	10009658 <DEV_Digital_Write>
100080be:	4643      	mov	r3, r8
100080c0:	0e18      	lsrs	r0, r3, #24
100080c2:	f001 fb23 	bl	1000970c <SPI4W_Write_Byte>
100080c6:	4648      	mov	r0, r9
100080c8:	f001 fb20 	bl	1000970c <SPI4W_Write_Byte>
100080cc:	2101      	movs	r1, #1
100080ce:	2009      	movs	r0, #9
100080d0:	f001 fac2 	bl	10009658 <DEV_Digital_Write>
100080d4:	782b      	ldrb	r3, [r5, #0]
100080d6:	2101      	movs	r1, #1
100080d8:	2008      	movs	r0, #8
100080da:	b2f6      	uxtb	r6, r6
100080dc:	2b52      	cmp	r3, #82	@ 0x52
100080de:	d100      	bne.n	100080e2 <LCD_SetWindow+0xda>
100080e0:	e0af      	b.n	10008242 <LCD_SetWindow+0x23a>
100080e2:	f001 fab9 	bl	10009658 <DEV_Digital_Write>
100080e6:	2009      	movs	r0, #9
100080e8:	2100      	movs	r1, #0
100080ea:	f001 fab5 	bl	10009658 <DEV_Digital_Write>
100080ee:	2000      	movs	r0, #0
100080f0:	f001 fb0c 	bl	1000970c <SPI4W_Write_Byte>
100080f4:	0030      	movs	r0, r6
100080f6:	f001 fb09 	bl	1000970c <SPI4W_Write_Byte>
100080fa:	2101      	movs	r1, #1
100080fc:	2009      	movs	r0, #9
100080fe:	f001 faab 	bl	10009658 <DEV_Digital_Write>
10008102:	2100      	movs	r1, #0
10008104:	2008      	movs	r0, #8
10008106:	f001 faa7 	bl	10009658 <DEV_Digital_Write>
1000810a:	2100      	movs	r1, #0
1000810c:	2009      	movs	r0, #9
1000810e:	f001 faa3 	bl	10009658 <DEV_Digital_Write>
10008112:	202b      	movs	r0, #43	@ 0x2b
10008114:	f001 fafa 	bl	1000970c <SPI4W_Write_Byte>
10008118:	2101      	movs	r1, #1
1000811a:	2009      	movs	r0, #9
1000811c:	f001 fa9c 	bl	10009658 <DEV_Digital_Write>
10008120:	782b      	ldrb	r3, [r5, #0]
10008122:	2101      	movs	r1, #1
10008124:	2008      	movs	r0, #8
10008126:	0a3e      	lsrs	r6, r7, #8
10008128:	2b52      	cmp	r3, #82	@ 0x52
1000812a:	d100      	bne.n	1000812e <LCD_SetWindow+0x126>
1000812c:	e082      	b.n	10008234 <LCD_SetWindow+0x22c>
1000812e:	f001 fa93 	bl	10009658 <DEV_Digital_Write>
10008132:	2009      	movs	r0, #9
10008134:	2100      	movs	r1, #0
10008136:	f001 fa8f 	bl	10009658 <DEV_Digital_Write>
1000813a:	2000      	movs	r0, #0
1000813c:	f001 fae6 	bl	1000970c <SPI4W_Write_Byte>
10008140:	0030      	movs	r0, r6
10008142:	f001 fae3 	bl	1000970c <SPI4W_Write_Byte>
10008146:	2101      	movs	r1, #1
10008148:	2009      	movs	r0, #9
1000814a:	f001 fa85 	bl	10009658 <DEV_Digital_Write>
1000814e:	782b      	ldrb	r3, [r5, #0]
10008150:	2101      	movs	r1, #1
10008152:	2008      	movs	r0, #8
10008154:	b2ff      	uxtb	r7, r7
10008156:	2b52      	cmp	r3, #82	@ 0x52
10008158:	d065      	beq.n	10008226 <LCD_SetWindow+0x21e>
1000815a:	f001 fa7d 	bl	10009658 <DEV_Digital_Write>
1000815e:	2009      	movs	r0, #9
10008160:	2100      	movs	r1, #0
10008162:	f001 fa79 	bl	10009658 <DEV_Digital_Write>
10008166:	2000      	movs	r0, #0
10008168:	f001 fad0 	bl	1000970c <SPI4W_Write_Byte>
1000816c:	0038      	movs	r0, r7
1000816e:	f001 facd 	bl	1000970c <SPI4W_Write_Byte>
10008172:	2101      	movs	r1, #1
10008174:	2009      	movs	r0, #9
10008176:	f001 fa6f 	bl	10009658 <DEV_Digital_Write>
1000817a:	3c01      	subs	r4, #1
1000817c:	782b      	ldrb	r3, [r5, #0]
1000817e:	1226      	asrs	r6, r4, #8
10008180:	2101      	movs	r1, #1
10008182:	2008      	movs	r0, #8
10008184:	b2f7      	uxtb	r7, r6
10008186:	2b52      	cmp	r3, #82	@ 0x52
10008188:	d046      	beq.n	10008218 <LCD_SetWindow+0x210>
1000818a:	f001 fa65 	bl	10009658 <DEV_Digital_Write>
1000818e:	2009      	movs	r0, #9
10008190:	2100      	movs	r1, #0
10008192:	f001 fa61 	bl	10009658 <DEV_Digital_Write>
10008196:	0e30      	lsrs	r0, r6, #24
10008198:	f001 fab8 	bl	1000970c <SPI4W_Write_Byte>
1000819c:	0038      	movs	r0, r7
1000819e:	f001 fab5 	bl	1000970c <SPI4W_Write_Byte>
100081a2:	2101      	movs	r1, #1
100081a4:	2009      	movs	r0, #9
100081a6:	f001 fa57 	bl	10009658 <DEV_Digital_Write>
100081aa:	782b      	ldrb	r3, [r5, #0]
100081ac:	2101      	movs	r1, #1
100081ae:	2008      	movs	r0, #8
100081b0:	b2e4      	uxtb	r4, r4
100081b2:	2b52      	cmp	r3, #82	@ 0x52
100081b4:	d029      	beq.n	1000820a <LCD_SetWindow+0x202>
100081b6:	f001 fa4f 	bl	10009658 <DEV_Digital_Write>
100081ba:	2009      	movs	r0, #9
100081bc:	2100      	movs	r1, #0
100081be:	f001 fa4b 	bl	10009658 <DEV_Digital_Write>
100081c2:	2000      	movs	r0, #0
100081c4:	f001 faa2 	bl	1000970c <SPI4W_Write_Byte>
100081c8:	0020      	movs	r0, r4
100081ca:	f001 fa9f 	bl	1000970c <SPI4W_Write_Byte>
100081ce:	2101      	movs	r1, #1
100081d0:	2009      	movs	r0, #9
100081d2:	f001 fa41 	bl	10009658 <DEV_Digital_Write>
100081d6:	2100      	movs	r1, #0
100081d8:	2008      	movs	r0, #8
100081da:	f001 fa3d 	bl	10009658 <DEV_Digital_Write>
100081de:	2100      	movs	r1, #0
100081e0:	2009      	movs	r0, #9
100081e2:	f001 fa39 	bl	10009658 <DEV_Digital_Write>
100081e6:	202c      	movs	r0, #44	@ 0x2c
100081e8:	f001 fa90 	bl	1000970c <SPI4W_Write_Byte>
100081ec:	2101      	movs	r1, #1
100081ee:	2009      	movs	r0, #9
100081f0:	f001 fa32 	bl	10009658 <DEV_Digital_Write>
100081f4:	bcc0      	pop	{r6, r7}
100081f6:	46b9      	mov	r9, r7
100081f8:	46b0      	mov	r8, r6
100081fa:	bdf8      	pop	{r3, r4, r5, r6, r7, pc}
100081fc:	f001 fa2c 	bl	10009658 <DEV_Digital_Write>
10008200:	2100      	movs	r1, #0
10008202:	2009      	movs	r0, #9
10008204:	f001 fa28 	bl	10009658 <DEV_Digital_Write>
10008208:	e728      	b.n	1000805c <LCD_SetWindow+0x54>
1000820a:	f001 fa25 	bl	10009658 <DEV_Digital_Write>
1000820e:	2100      	movs	r1, #0
10008210:	2009      	movs	r0, #9
10008212:	f001 fa21 	bl	10009658 <DEV_Digital_Write>
10008216:	e7d7      	b.n	100081c8 <LCD_SetWindow+0x1c0>
10008218:	f001 fa1e 	bl	10009658 <DEV_Digital_Write>
1000821c:	2100      	movs	r1, #0
1000821e:	2009      	movs	r0, #9
10008220:	f001 fa1a 	bl	10009658 <DEV_Digital_Write>
10008224:	e7ba      	b.n	1000819c <LCD_SetWindow+0x194>
10008226:	f001 fa17 	bl	10009658 <DEV_Digital_Write>
1000822a:	2100      	movs	r1, #0
1000822c:	2009      	movs	r0, #9
1000822e:	f001 fa13 	bl	10009658 <DEV_Digital_Write>
10008232:	e79b      	b.n	1000816c <LCD_SetWindow+0x164>
10008234:	f001 fa10 	bl	10009658 <DEV_Digital_Write>
10008238:	2100      	movs	r1, #0
1000823a:	2009      	movs	r0, #9
1000823c:	f001 fa0c 	bl	10009658 <DEV_Digital_Write>
10008240:	e77e      	b.n	10008140 <LCD_SetWindow+0x138>
10008242:	f001 fa09 	bl	10009658 <DEV_Digital_Write>
10008246:	2100      	movs	r1, #0
10008248:	2009      	movs	r0, #9
1000824a:	f001 fa05 	bl	10009658 <DEV_Digital_Write>
1000824e:	e751      	b.n	100080f4 <LCD_SetWindow+0xec>
10008250:	f001 fa02 	bl	10009658 <DEV_Digital_Write>
10008254:	2100      	movs	r1, #0
10008256:	2009      	movs	r0, #9
10008258:	f001 f9fe 	bl	10009658 <DEV_Digital_Write>
1000825c:	e733      	b.n	100080c6 <LCD_SetWindow+0xbe>
1000825e:	f001 f9fb 	bl	10009658 <DEV_Digital_Write>
10008262:	2100      	movs	r1, #0
10008264:	2009      	movs	r0, #9
10008266:	f001 f9f7 	bl	10009658 <DEV_Digital_Write>
1000826a:	e710      	b.n	1000808e <LCD_SetWindow+0x86>
1000826c:	20012aa5 	.word	0x20012aa5

10008270 <LCD_SetPointlColor>:
10008270:	4b10      	ldr	r3, [pc, #64]	@ (100082b4 <LCD_SetPointlColor+0x44>)
10008272:	b510      	push	{r4, lr}
10008274:	0014      	movs	r4, r2
10008276:	881a      	ldrh	r2, [r3, #0]
10008278:	4282      	cmp	r2, r0
1000827a:	d302      	bcc.n	10008282 <LCD_SetPointlColor+0x12>
1000827c:	885b      	ldrh	r3, [r3, #2]
1000827e:	428b      	cmp	r3, r1
10008280:	d200      	bcs.n	10008284 <LCD_SetPointlColor+0x14>
10008282:	bd10      	pop	{r4, pc}
10008284:	000b      	movs	r3, r1
10008286:	0002      	movs	r2, r0
10008288:	f7ff febe 	bl	10008008 <LCD_SetWindow>
1000828c:	2101      	movs	r1, #1
1000828e:	2008      	movs	r0, #8
10008290:	f001 f9e2 	bl	10009658 <DEV_Digital_Write>
10008294:	2100      	movs	r1, #0
10008296:	2009      	movs	r0, #9
10008298:	f001 f9de 	bl	10009658 <DEV_Digital_Write>
1000829c:	0a20      	lsrs	r0, r4, #8
1000829e:	f001 fa35 	bl	1000970c <SPI4W_Write_Byte>
100082a2:	b2e0      	uxtb	r0, r4
100082a4:	f001 fa32 	bl	1000970c <SPI4W_Write_Byte>
100082a8:	2101      	movs	r1, #1
100082aa:	2009      	movs	r0, #9
100082ac:	f001 f9d4 	bl	10009658 <DEV_Digital_Write>
100082b0:	e7e7      	b.n	10008282 <LCD_SetPointlColor+0x12>
100082b2:	46c0      	nop			@ (mov r8, r8)
100082b4:	2001293c 	.word	0x2001293c

100082b8 <LCD_SetArealColor>:
100082b8:	b5f0      	push	{r4, r5, r6, r7, lr}
100082ba:	46c6      	mov	lr, r8
100082bc:	b500      	push	{lr}
100082be:	001c      	movs	r4, r3
100082c0:	ab06      	add	r3, sp, #24
100082c2:	4680      	mov	r8, r0
100082c4:	000f      	movs	r7, r1
100082c6:	0015      	movs	r5, r2
100082c8:	881e      	ldrh	r6, [r3, #0]
100082ca:	4282      	cmp	r2, r0
100082cc:	d901      	bls.n	100082d2 <LCD_SetArealColor+0x1a>
100082ce:	428c      	cmp	r4, r1
100082d0:	d802      	bhi.n	100082d8 <LCD_SetArealColor+0x20>
100082d2:	bc80      	pop	{r7}
100082d4:	46b8      	mov	r8, r7
100082d6:	bdf0      	pop	{r4, r5, r6, r7, pc}
100082d8:	0023      	movs	r3, r4
100082da:	f7ff fe95 	bl	10008008 <LCD_SetWindow>
100082de:	4643      	mov	r3, r8
100082e0:	2101      	movs	r1, #1
100082e2:	1aed      	subs	r5, r5, r3
100082e4:	2008      	movs	r0, #8
100082e6:	1be4      	subs	r4, r4, r7
100082e8:	f001 f9b6 	bl	10009658 <DEV_Digital_Write>
100082ec:	b2ad      	uxth	r5, r5
100082ee:	2100      	movs	r1, #0
100082f0:	2009      	movs	r0, #9
100082f2:	b2a4      	uxth	r4, r4
100082f4:	436c      	muls	r4, r5
100082f6:	f001 f9af 	bl	10009658 <DEV_Digital_Write>
100082fa:	2500      	movs	r5, #0
100082fc:	0a37      	lsrs	r7, r6, #8
100082fe:	b2f6      	uxtb	r6, r6
10008300:	0038      	movs	r0, r7
10008302:	f001 fa03 	bl	1000970c <SPI4W_Write_Byte>
10008306:	3501      	adds	r5, #1
10008308:	0030      	movs	r0, r6
1000830a:	f001 f9ff 	bl	1000970c <SPI4W_Write_Byte>
1000830e:	42ac      	cmp	r4, r5
10008310:	d1f6      	bne.n	10008300 <LCD_SetArealColor+0x48>
10008312:	2101      	movs	r1, #1
10008314:	2009      	movs	r0, #9
10008316:	f001 f99f 	bl	10009658 <DEV_Digital_Write>
1000831a:	e7da      	b.n	100082d2 <LCD_SetArealColor+0x1a>

1000831c <LCD_Clear>:
1000831c:	b5f8      	push	{r3, r4, r5, r6, r7, lr}
1000831e:	4b14      	ldr	r3, [pc, #80]	@ (10008370 <LCD_Clear+0x54>)
10008320:	0004      	movs	r4, r0
10008322:	881d      	ldrh	r5, [r3, #0]
10008324:	2d00      	cmp	r5, #0
10008326:	d002      	beq.n	1000832e <LCD_Clear+0x12>
10008328:	885e      	ldrh	r6, [r3, #2]
1000832a:	2e00      	cmp	r6, #0
1000832c:	d100      	bne.n	10008330 <LCD_Clear+0x14>
1000832e:	bdf8      	pop	{r3, r4, r5, r6, r7, pc}
10008330:	0033      	movs	r3, r6
10008332:	002a      	movs	r2, r5
10008334:	2100      	movs	r1, #0
10008336:	2000      	movs	r0, #0
10008338:	f7ff fe66 	bl	10008008 <LCD_SetWindow>
1000833c:	2101      	movs	r1, #1
1000833e:	2008      	movs	r0, #8
10008340:	f001 f98a 	bl	10009658 <DEV_Digital_Write>
10008344:	2100      	movs	r1, #0
10008346:	2009      	movs	r0, #9
10008348:	436e      	muls	r6, r5
1000834a:	f001 f985 	bl	10009658 <DEV_Digital_Write>
1000834e:	2500      	movs	r5, #0
10008350:	0a27      	lsrs	r7, r4, #8
10008352:	b2e4      	uxtb	r4, r4
10008354:	0038      	movs	r0, r7
10008356:	f001 f9d9 	bl	1000970c <SPI4W_Write_Byte>
1000835a:	3501      	adds	r5, #1
1000835c:	0020      	movs	r0, r4
1000835e:	f001 f9d5 	bl	1000970c <SPI4W_Write_Byte>
10008362:	42ae      	cmp	r6, r5
10008364:	d1f6      	bne.n	10008354 <LCD_Clear+0x38>
10008366:	2101      	movs	r1, #1
10008368:	2009      	movs	r0, #9
1000836a:	f001 f975 	bl	10009658 <DEV_Digital_Write>
1000836e:	e7de      	b.n	1000832e <LCD_Clear+0x12>
10008370:	2001293c 	.word	0x2001293c

10008374 <GUI_DisChar.part.0>:
10008374:	b5f0      	push	{r4, r5, r6, r7, lr}
10008376:	4657      	mov	r7, sl
10008378:	464e      	mov	r6, r9
1000837a:	4645      	mov	r5, r8
1000837c:	46de      	mov	lr, fp
1000837e:	b5e0      	push	{r5, r6, r7, lr}
10008380:	001e      	movs	r6, r3
10008382:	2507      	movs	r5, #7
10008384:	b087      	sub	sp, #28
10008386:	9301      	str	r3, [sp, #4]
10008388:	ab10      	add	r3, sp, #64	@ 0x40
1000838a:	000c      	movs	r4, r1
1000838c:	8819      	ldrh	r1, [r3, #0]
1000838e:	ab11      	add	r3, sp, #68	@ 0x44
10008390:	468a      	mov	sl, r1
10008392:	8819      	ldrh	r1, [r3, #0]
10008394:	9103      	str	r1, [sp, #12]
10008396:	88b1      	ldrh	r1, [r6, #4]
10008398:	88f7      	ldrh	r7, [r6, #6]
1000839a:	400d      	ands	r5, r1
1000839c:	1e6b      	subs	r3, r5, #1
1000839e:	419d      	sbcs	r5, r3
100083a0:	08cb      	lsrs	r3, r1, #3
100083a2:	18ed      	adds	r5, r5, r3
100083a4:	0013      	movs	r3, r2
100083a6:	3b20      	subs	r3, #32
100083a8:	437b      	muls	r3, r7
100083aa:	436b      	muls	r3, r5
100083ac:	6836      	ldr	r6, [r6, #0]
100083ae:	18f6      	adds	r6, r6, r3
100083b0:	2f00      	cmp	r7, #0
100083b2:	d05d      	beq.n	10008470 <GUI_DisChar.part.0+0xfc>
100083b4:	4b57      	ldr	r3, [pc, #348]	@ (10008514 <GUI_DisChar.part.0+0x1a0>)
100083b6:	3c01      	subs	r4, #1
100083b8:	459a      	cmp	sl, r3
100083ba:	d060      	beq.n	1000847e <GUI_DisChar.part.0+0x10a>
100083bc:	3801      	subs	r0, #1
100083be:	b282      	uxth	r2, r0
100083c0:	4691      	mov	r9, r2
100083c2:	4a55      	ldr	r2, [pc, #340]	@ (10008518 <GUI_DisChar.part.0+0x1a4>)
100083c4:	b2a3      	uxth	r3, r4
100083c6:	2700      	movs	r7, #0
100083c8:	4690      	mov	r8, r2
100083ca:	4652      	mov	r2, sl
100083cc:	469a      	mov	sl, r3
100083ce:	464b      	mov	r3, r9
100083d0:	9702      	str	r7, [sp, #8]
100083d2:	9204      	str	r2, [sp, #16]
100083d4:	9305      	str	r3, [sp, #20]
100083d6:	2900      	cmp	r1, #0
100083d8:	d04a      	beq.n	10008470 <GUI_DisChar.part.0+0xfc>
100083da:	2307      	movs	r3, #7
100083dc:	4699      	mov	r9, r3
100083de:	4653      	mov	r3, sl
100083e0:	3301      	adds	r3, #1
100083e2:	b29b      	uxth	r3, r3
100083e4:	2500      	movs	r5, #0
100083e6:	469b      	mov	fp, r3
100083e8:	9805      	ldr	r0, [sp, #20]
100083ea:	e016      	b.n	1000841a <GUI_DisChar.part.0+0xa6>
100083ec:	1c47      	adds	r7, r0, #1
100083ee:	b2bb      	uxth	r3, r7
100083f0:	429a      	cmp	r2, r3
100083f2:	d309      	bcc.n	10008408 <GUI_DisChar.part.0+0x94>
100083f4:	4643      	mov	r3, r8
100083f6:	885b      	ldrh	r3, [r3, #2]
100083f8:	455b      	cmp	r3, fp
100083fa:	d305      	bcc.n	10008408 <GUI_DisChar.part.0+0x94>
100083fc:	4651      	mov	r1, sl
100083fe:	9a03      	ldr	r2, [sp, #12]
10008400:	f7ff ff36 	bl	10008270 <LCD_SetPointlColor>
10008404:	9b01      	ldr	r3, [sp, #4]
10008406:	8899      	ldrh	r1, [r3, #4]
10008408:	3c07      	subs	r4, #7
1000840a:	4263      	negs	r3, r4
1000840c:	415c      	adcs	r4, r3
1000840e:	3501      	adds	r5, #1
10008410:	b2ad      	uxth	r5, r5
10008412:	1936      	adds	r6, r6, r4
10008414:	b2b8      	uxth	r0, r7
10008416:	428d      	cmp	r5, r1
10008418:	d217      	bcs.n	1000844a <GUI_DisChar.part.0+0xd6>
1000841a:	4643      	mov	r3, r8
1000841c:	464c      	mov	r4, r9
1000841e:	881a      	ldrh	r2, [r3, #0]
10008420:	2380      	movs	r3, #128	@ 0x80
10008422:	402c      	ands	r4, r5
10008424:	4123      	asrs	r3, r4
10008426:	7837      	ldrb	r7, [r6, #0]
10008428:	421f      	tst	r7, r3
1000842a:	d1df      	bne.n	100083ec <GUI_DisChar.part.0+0x78>
1000842c:	1c47      	adds	r7, r0, #1
1000842e:	b2bb      	uxth	r3, r7
10008430:	429a      	cmp	r2, r3
10008432:	d3e9      	bcc.n	10008408 <GUI_DisChar.part.0+0x94>
10008434:	4643      	mov	r3, r8
10008436:	885b      	ldrh	r3, [r3, #2]
10008438:	455b      	cmp	r3, fp
1000843a:	d3e5      	bcc.n	10008408 <GUI_DisChar.part.0+0x94>
1000843c:	4651      	mov	r1, sl
1000843e:	9a04      	ldr	r2, [sp, #16]
10008440:	f7ff ff16 	bl	10008270 <LCD_SetPointlColor>
10008444:	9b01      	ldr	r3, [sp, #4]
10008446:	8899      	ldrh	r1, [r3, #4]
10008448:	e7de      	b.n	10008408 <GUI_DisChar.part.0+0x94>
1000844a:	9b01      	ldr	r3, [sp, #4]
1000844c:	9f02      	ldr	r7, [sp, #8]
1000844e:	88da      	ldrh	r2, [r3, #6]
10008450:	2307      	movs	r3, #7
10008452:	400b      	ands	r3, r1
10008454:	1e58      	subs	r0, r3, #1
10008456:	4183      	sbcs	r3, r0
10008458:	3701      	adds	r7, #1
1000845a:	18f6      	adds	r6, r6, r3
1000845c:	b2bb      	uxth	r3, r7
1000845e:	9302      	str	r3, [sp, #8]
10008460:	429a      	cmp	r2, r3
10008462:	d905      	bls.n	10008470 <GUI_DisChar.part.0+0xfc>
10008464:	4653      	mov	r3, sl
10008466:	3301      	adds	r3, #1
10008468:	b29b      	uxth	r3, r3
1000846a:	469a      	mov	sl, r3
1000846c:	2900      	cmp	r1, #0
1000846e:	d1b4      	bne.n	100083da <GUI_DisChar.part.0+0x66>
10008470:	b007      	add	sp, #28
10008472:	bcf0      	pop	{r4, r5, r6, r7}
10008474:	46bb      	mov	fp, r7
10008476:	46b2      	mov	sl, r6
10008478:	46a9      	mov	r9, r5
1000847a:	46a0      	mov	r8, r4
1000847c:	bdf0      	pop	{r4, r5, r6, r7, pc}
1000847e:	b2a3      	uxth	r3, r4
10008480:	469b      	mov	fp, r3
10008482:	2300      	movs	r3, #0
10008484:	3801      	subs	r0, #1
10008486:	4698      	mov	r8, r3
10008488:	4b23      	ldr	r3, [pc, #140]	@ (10008518 <GUI_DisChar.part.0+0x1a4>)
1000848a:	b284      	uxth	r4, r0
1000848c:	9304      	str	r3, [sp, #16]
1000848e:	0023      	movs	r3, r4
10008490:	4644      	mov	r4, r8
10008492:	4698      	mov	r8, r3
10008494:	2900      	cmp	r1, #0
10008496:	d0eb      	beq.n	10008470 <GUI_DisChar.part.0+0xfc>
10008498:	2307      	movs	r3, #7
1000849a:	4640      	mov	r0, r8
1000849c:	2500      	movs	r5, #0
1000849e:	4699      	mov	r9, r3
100084a0:	9402      	str	r4, [sp, #8]
100084a2:	e009      	b.n	100084b8 <GUI_DisChar.part.0+0x144>
100084a4:	3c07      	subs	r4, #7
100084a6:	4263      	negs	r3, r4
100084a8:	415c      	adcs	r4, r3
100084aa:	4653      	mov	r3, sl
100084ac:	3501      	adds	r5, #1
100084ae:	b2ad      	uxth	r5, r5
100084b0:	1936      	adds	r6, r6, r4
100084b2:	b298      	uxth	r0, r3
100084b4:	428d      	cmp	r5, r1
100084b6:	d21b      	bcs.n	100084f0 <GUI_DisChar.part.0+0x17c>
100084b8:	464c      	mov	r4, r9
100084ba:	2380      	movs	r3, #128	@ 0x80
100084bc:	402c      	ands	r4, r5
100084be:	4123      	asrs	r3, r4
100084c0:	7832      	ldrb	r2, [r6, #0]
100084c2:	1c47      	adds	r7, r0, #1
100084c4:	46ba      	mov	sl, r7
100084c6:	421a      	tst	r2, r3
100084c8:	d0ec      	beq.n	100084a4 <GUI_DisChar.part.0+0x130>
100084ca:	4653      	mov	r3, sl
100084cc:	9f04      	ldr	r7, [sp, #16]
100084ce:	b29b      	uxth	r3, r3
100084d0:	883a      	ldrh	r2, [r7, #0]
100084d2:	429a      	cmp	r2, r3
100084d4:	d3e6      	bcc.n	100084a4 <GUI_DisChar.part.0+0x130>
100084d6:	465b      	mov	r3, fp
100084d8:	887a      	ldrh	r2, [r7, #2]
100084da:	3301      	adds	r3, #1
100084dc:	b29b      	uxth	r3, r3
100084de:	429a      	cmp	r2, r3
100084e0:	d3e0      	bcc.n	100084a4 <GUI_DisChar.part.0+0x130>
100084e2:	4659      	mov	r1, fp
100084e4:	9a03      	ldr	r2, [sp, #12]
100084e6:	f7ff fec3 	bl	10008270 <LCD_SetPointlColor>
100084ea:	9b01      	ldr	r3, [sp, #4]
100084ec:	8899      	ldrh	r1, [r3, #4]
100084ee:	e7d9      	b.n	100084a4 <GUI_DisChar.part.0+0x130>
100084f0:	9b01      	ldr	r3, [sp, #4]
100084f2:	9c02      	ldr	r4, [sp, #8]
100084f4:	88da      	ldrh	r2, [r3, #6]
100084f6:	2307      	movs	r3, #7
100084f8:	400b      	ands	r3, r1
100084fa:	1e58      	subs	r0, r3, #1
100084fc:	4183      	sbcs	r3, r0
100084fe:	3401      	adds	r4, #1
10008500:	b2a4      	uxth	r4, r4
10008502:	18f6      	adds	r6, r6, r3
10008504:	4294      	cmp	r4, r2
10008506:	d2b3      	bcs.n	10008470 <GUI_DisChar.part.0+0xfc>
10008508:	465b      	mov	r3, fp
1000850a:	3301      	adds	r3, #1
1000850c:	b29b      	uxth	r3, r3
1000850e:	469b      	mov	fp, r3
10008510:	e7c0      	b.n	10008494 <GUI_DisChar.part.0+0x120>
10008512:	46c0      	nop			@ (mov r8, r8)
10008514:	0000ffff 	.word	0x0000ffff
10008518:	2001293c 	.word	0x2001293c

1000851c <GUI_DrawLine.part.0>:
1000851c:	b5f0      	push	{r4, r5, r6, r7, lr}
1000851e:	4645      	mov	r5, r8
10008520:	46de      	mov	lr, fp
10008522:	4657      	mov	r7, sl
10008524:	464e      	mov	r6, r9
10008526:	b5e0      	push	{r5, r6, r7, lr}
10008528:	0006      	movs	r6, r0
1000852a:	468b      	mov	fp, r1
1000852c:	b08f      	sub	sp, #60	@ 0x3c
1000852e:	001d      	movs	r5, r3
10008530:	9309      	str	r3, [sp, #36]	@ 0x24
10008532:	ab18      	add	r3, sp, #96	@ 0x60
10008534:	8818      	ldrh	r0, [r3, #0]
10008536:	ab19      	add	r3, sp, #100	@ 0x64
10008538:	4680      	mov	r8, r0
1000853a:	7818      	ldrb	r0, [r3, #0]
1000853c:	ab1a      	add	r3, sp, #104	@ 0x68
1000853e:	9003      	str	r0, [sp, #12]
10008540:	7818      	ldrb	r0, [r3, #0]
10008542:	1b93      	subs	r3, r2, r6
10008544:	0011      	movs	r1, r2
10008546:	9208      	str	r2, [sp, #32]
10008548:	17da      	asrs	r2, r3, #31
1000854a:	189c      	adds	r4, r3, r2
1000854c:	465b      	mov	r3, fp
1000854e:	1aeb      	subs	r3, r5, r3
10008550:	4054      	eors	r4, r2
10008552:	17da      	asrs	r2, r3, #31
10008554:	189f      	adds	r7, r3, r2
10008556:	4057      	eors	r7, r2
10008558:	17da      	asrs	r2, r3, #31
1000855a:	1ad3      	subs	r3, r2, r3
1000855c:	4053      	eors	r3, r2
1000855e:	9302      	str	r3, [sp, #8]
10008560:	2300      	movs	r3, #0
10008562:	001a      	movs	r2, r3
10008564:	428e      	cmp	r6, r1
10008566:	415a      	adcs	r2, r3
10008568:	4953      	ldr	r1, [pc, #332]	@ (100086b8 <GUI_DrawLine.part.0+0x19c>)
1000856a:	4252      	negs	r2, r2
1000856c:	400a      	ands	r2, r1
1000856e:	3201      	adds	r2, #1
10008570:	920c      	str	r2, [sp, #48]	@ 0x30
10008572:	465a      	mov	r2, fp
10008574:	42aa      	cmp	r2, r5
10008576:	415b      	adcs	r3, r3
10008578:	2201      	movs	r2, #1
1000857a:	425b      	negs	r3, r3
1000857c:	431a      	orrs	r2, r3
1000857e:	4b4f      	ldr	r3, [pc, #316]	@ (100086bc <GUI_DrawLine.part.0+0x1a0>)
10008580:	9405      	str	r4, [sp, #20]
10008582:	1be4      	subs	r4, r4, r7
10008584:	970a      	str	r7, [sp, #40]	@ 0x28
10008586:	9301      	str	r3, [sp, #4]
10008588:	0027      	movs	r7, r4
1000858a:	0063      	lsls	r3, r4, #1
1000858c:	2100      	movs	r1, #0
1000858e:	0034      	movs	r4, r6
10008590:	0045      	lsls	r5, r0, #1
10008592:	900d      	str	r0, [sp, #52]	@ 0x34
10008594:	920b      	str	r2, [sp, #44]	@ 0x2c
10008596:	3d01      	subs	r5, #1
10008598:	9300      	str	r3, [sp, #0]
1000859a:	9b01      	ldr	r3, [sp, #4]
1000859c:	3101      	adds	r1, #1
1000859e:	881e      	ldrh	r6, [r3, #0]
100085a0:	9b03      	ldr	r3, [sp, #12]
100085a2:	b248      	sxtb	r0, r1
100085a4:	9004      	str	r0, [sp, #16]
100085a6:	2b01      	cmp	r3, #1
100085a8:	d105      	bne.n	100085b6 <GUI_DrawLine.part.0+0x9a>
100085aa:	2103      	movs	r1, #3
100085ac:	f7f9 fb3e 	bl	10001c2c <__wrap___aeabi_idiv>
100085b0:	b249      	sxtb	r1, r1
100085b2:	2900      	cmp	r1, #0
100085b4:	d047      	beq.n	10008646 <GUI_DrawLine.part.0+0x12a>
100085b6:	42b4      	cmp	r4, r6
100085b8:	d825      	bhi.n	10008606 <GUI_DrawLine.part.0+0xea>
100085ba:	9b01      	ldr	r3, [sp, #4]
100085bc:	885b      	ldrh	r3, [r3, #2]
100085be:	455b      	cmp	r3, fp
100085c0:	d321      	bcc.n	10008606 <GUI_DrawLine.part.0+0xea>
100085c2:	2d00      	cmp	r5, #0
100085c4:	dd1f      	ble.n	10008606 <GUI_DrawLine.part.0+0xea>
100085c6:	9a0d      	ldr	r2, [sp, #52]	@ 0x34
100085c8:	9407      	str	r4, [sp, #28]
100085ca:	1aa3      	subs	r3, r4, r2
100085cc:	b29b      	uxth	r3, r3
100085ce:	4699      	mov	r9, r3
100085d0:	465b      	mov	r3, fp
100085d2:	1a9e      	subs	r6, r3, r2
100085d4:	2300      	movs	r3, #0
100085d6:	b2b6      	uxth	r6, r6
100085d8:	469a      	mov	sl, r3
100085da:	0034      	movs	r4, r6
100085dc:	9706      	str	r7, [sp, #24]
100085de:	464e      	mov	r6, r9
100085e0:	2700      	movs	r7, #0
100085e2:	4456      	add	r6, sl
100085e4:	b2b6      	uxth	r6, r6
100085e6:	19e1      	adds	r1, r4, r7
100085e8:	4642      	mov	r2, r8
100085ea:	0030      	movs	r0, r6
100085ec:	b289      	uxth	r1, r1
100085ee:	3701      	adds	r7, #1
100085f0:	f7ff fe3e 	bl	10008270 <LCD_SetPointlColor>
100085f4:	42bd      	cmp	r5, r7
100085f6:	dcf6      	bgt.n	100085e6 <GUI_DrawLine.part.0+0xca>
100085f8:	2301      	movs	r3, #1
100085fa:	469c      	mov	ip, r3
100085fc:	44e2      	add	sl, ip
100085fe:	45aa      	cmp	sl, r5
10008600:	dbed      	blt.n	100085de <GUI_DrawLine.part.0+0xc2>
10008602:	9f06      	ldr	r7, [sp, #24]
10008604:	9c07      	ldr	r4, [sp, #28]
10008606:	9904      	ldr	r1, [sp, #16]
10008608:	9b02      	ldr	r3, [sp, #8]
1000860a:	9a00      	ldr	r2, [sp, #0]
1000860c:	4293      	cmp	r3, r2
1000860e:	dc0d      	bgt.n	1000862c <GUI_DrawLine.part.0+0x110>
10008610:	9b08      	ldr	r3, [sp, #32]
10008612:	42a3      	cmp	r3, r4
10008614:	d049      	beq.n	100086aa <GUI_DrawLine.part.0+0x18e>
10008616:	9b0a      	ldr	r3, [sp, #40]	@ 0x28
10008618:	9a05      	ldr	r2, [sp, #20]
1000861a:	1aff      	subs	r7, r7, r3
1000861c:	9b0c      	ldr	r3, [sp, #48]	@ 0x30
1000861e:	469c      	mov	ip, r3
10008620:	007b      	lsls	r3, r7, #1
10008622:	4464      	add	r4, ip
10008624:	b2a4      	uxth	r4, r4
10008626:	9300      	str	r3, [sp, #0]
10008628:	429a      	cmp	r2, r3
1000862a:	dbb6      	blt.n	1000859a <GUI_DrawLine.part.0+0x7e>
1000862c:	9b09      	ldr	r3, [sp, #36]	@ 0x24
1000862e:	455b      	cmp	r3, fp
10008630:	d03b      	beq.n	100086aa <GUI_DrawLine.part.0+0x18e>
10008632:	9b05      	ldr	r3, [sp, #20]
10008634:	469c      	mov	ip, r3
10008636:	9b0b      	ldr	r3, [sp, #44]	@ 0x2c
10008638:	4467      	add	r7, ip
1000863a:	445b      	add	r3, fp
1000863c:	b29b      	uxth	r3, r3
1000863e:	469b      	mov	fp, r3
10008640:	007b      	lsls	r3, r7, #1
10008642:	9300      	str	r3, [sp, #0]
10008644:	e7a9      	b.n	1000859a <GUI_DrawLine.part.0+0x7e>
10008646:	42b4      	cmp	r4, r6
10008648:	d8de      	bhi.n	10008608 <GUI_DrawLine.part.0+0xec>
1000864a:	9b01      	ldr	r3, [sp, #4]
1000864c:	885b      	ldrh	r3, [r3, #2]
1000864e:	455b      	cmp	r3, fp
10008650:	d3da      	bcc.n	10008608 <GUI_DrawLine.part.0+0xec>
10008652:	2d00      	cmp	r5, #0
10008654:	ddd8      	ble.n	10008608 <GUI_DrawLine.part.0+0xec>
10008656:	9a0d      	ldr	r2, [sp, #52]	@ 0x34
10008658:	9106      	str	r1, [sp, #24]
1000865a:	1aa3      	subs	r3, r4, r2
1000865c:	b29b      	uxth	r3, r3
1000865e:	9304      	str	r3, [sp, #16]
10008660:	465b      	mov	r3, fp
10008662:	1a9b      	subs	r3, r3, r2
10008664:	b29b      	uxth	r3, r3
10008666:	4699      	mov	r9, r3
10008668:	2300      	movs	r3, #0
1000866a:	469a      	mov	sl, r3
1000866c:	464b      	mov	r3, r9
1000866e:	4642      	mov	r2, r8
10008670:	46b9      	mov	r9, r7
10008672:	46d0      	mov	r8, sl
10008674:	001f      	movs	r7, r3
10008676:	46a2      	mov	sl, r4
10008678:	9207      	str	r2, [sp, #28]
1000867a:	2600      	movs	r6, #0
1000867c:	9c04      	ldr	r4, [sp, #16]
1000867e:	4444      	add	r4, r8
10008680:	b2a4      	uxth	r4, r4
10008682:	19b9      	adds	r1, r7, r6
10008684:	0020      	movs	r0, r4
10008686:	4a0e      	ldr	r2, [pc, #56]	@ (100086c0 <GUI_DrawLine.part.0+0x1a4>)
10008688:	b289      	uxth	r1, r1
1000868a:	3601      	adds	r6, #1
1000868c:	f7ff fdf0 	bl	10008270 <LCD_SetPointlColor>
10008690:	42b5      	cmp	r5, r6
10008692:	dcf6      	bgt.n	10008682 <GUI_DrawLine.part.0+0x166>
10008694:	2301      	movs	r3, #1
10008696:	469c      	mov	ip, r3
10008698:	44e0      	add	r8, ip
1000869a:	4545      	cmp	r5, r8
1000869c:	dced      	bgt.n	1000867a <GUI_DrawLine.part.0+0x15e>
1000869e:	9b07      	ldr	r3, [sp, #28]
100086a0:	464f      	mov	r7, r9
100086a2:	4654      	mov	r4, sl
100086a4:	4698      	mov	r8, r3
100086a6:	9906      	ldr	r1, [sp, #24]
100086a8:	e7ae      	b.n	10008608 <GUI_DrawLine.part.0+0xec>
100086aa:	b00f      	add	sp, #60	@ 0x3c
100086ac:	bcf0      	pop	{r4, r5, r6, r7}
100086ae:	46bb      	mov	fp, r7
100086b0:	46b2      	mov	sl, r6
100086b2:	46a9      	mov	r9, r5
100086b4:	46a0      	mov	r8, r4
100086b6:	bdf0      	pop	{r4, r5, r6, r7, pc}
100086b8:	0000fffe 	.word	0x0000fffe
100086bc:	2001293c 	.word	0x2001293c
100086c0:	0000ffff 	.word	0x0000ffff

100086c4 <GUI_DrawPoint>:
100086c4:	b5f0      	push	{r4, r5, r6, r7, lr}
100086c6:	4646      	mov	r6, r8
100086c8:	46d6      	mov	lr, sl
100086ca:	464f      	mov	r7, r9
100086cc:	b5c0      	push	{r6, r7, lr}
100086ce:	4698      	mov	r8, r3
100086d0:	ab08      	add	r3, sp, #32
100086d2:	781c      	ldrb	r4, [r3, #0]
100086d4:	4b26      	ldr	r3, [pc, #152]	@ (10008770 <GUI_DrawPoint+0xac>)
100086d6:	0016      	movs	r6, r2
100086d8:	881a      	ldrh	r2, [r3, #0]
100086da:	4282      	cmp	r2, r0
100086dc:	d322      	bcc.n	10008724 <GUI_DrawPoint+0x60>
100086de:	885b      	ldrh	r3, [r3, #2]
100086e0:	428b      	cmp	r3, r1
100086e2:	d31f      	bcc.n	10008724 <GUI_DrawPoint+0x60>
100086e4:	4643      	mov	r3, r8
100086e6:	2c01      	cmp	r4, #1
100086e8:	d021      	beq.n	1000872e <GUI_DrawPoint+0x6a>
100086ea:	2b00      	cmp	r3, #0
100086ec:	d01a      	beq.n	10008724 <GUI_DrawPoint+0x60>
100086ee:	3801      	subs	r0, #1
100086f0:	b283      	uxth	r3, r0
100086f2:	469a      	mov	sl, r3
100086f4:	2300      	movs	r3, #0
100086f6:	4699      	mov	r9, r3
100086f8:	3901      	subs	r1, #1
100086fa:	b28d      	uxth	r5, r1
100086fc:	4657      	mov	r7, sl
100086fe:	2400      	movs	r4, #0
10008700:	444f      	add	r7, r9
10008702:	b2bf      	uxth	r7, r7
10008704:	1929      	adds	r1, r5, r4
10008706:	3401      	adds	r4, #1
10008708:	0032      	movs	r2, r6
1000870a:	0038      	movs	r0, r7
1000870c:	b289      	uxth	r1, r1
1000870e:	b2a4      	uxth	r4, r4
10008710:	f7ff fdae 	bl	10008270 <LCD_SetPointlColor>
10008714:	4544      	cmp	r4, r8
10008716:	d3f5      	bcc.n	10008704 <GUI_DrawPoint+0x40>
10008718:	464b      	mov	r3, r9
1000871a:	3301      	adds	r3, #1
1000871c:	b29b      	uxth	r3, r3
1000871e:	4699      	mov	r9, r3
10008720:	4543      	cmp	r3, r8
10008722:	d3eb      	bcc.n	100086fc <GUI_DrawPoint+0x38>
10008724:	bce0      	pop	{r5, r6, r7}
10008726:	46ba      	mov	sl, r7
10008728:	46b1      	mov	r9, r6
1000872a:	46a8      	mov	r8, r5
1000872c:	bdf0      	pop	{r4, r5, r6, r7, pc}
1000872e:	005b      	lsls	r3, r3, #1
10008730:	3b01      	subs	r3, #1
10008732:	4699      	mov	r9, r3
10008734:	2b00      	cmp	r3, #0
10008736:	ddf5      	ble.n	10008724 <GUI_DrawPoint+0x60>
10008738:	4643      	mov	r3, r8
1000873a:	1ac0      	subs	r0, r0, r3
1000873c:	b283      	uxth	r3, r0
1000873e:	469a      	mov	sl, r3
10008740:	4643      	mov	r3, r8
10008742:	1acd      	subs	r5, r1, r3
10008744:	2300      	movs	r3, #0
10008746:	4698      	mov	r8, r3
10008748:	b2ad      	uxth	r5, r5
1000874a:	4657      	mov	r7, sl
1000874c:	2400      	movs	r4, #0
1000874e:	4447      	add	r7, r8
10008750:	b2bf      	uxth	r7, r7
10008752:	1929      	adds	r1, r5, r4
10008754:	0032      	movs	r2, r6
10008756:	0038      	movs	r0, r7
10008758:	b289      	uxth	r1, r1
1000875a:	3401      	adds	r4, #1
1000875c:	f7ff fd88 	bl	10008270 <LCD_SetPointlColor>
10008760:	454c      	cmp	r4, r9
10008762:	dbf6      	blt.n	10008752 <GUI_DrawPoint+0x8e>
10008764:	2301      	movs	r3, #1
10008766:	469c      	mov	ip, r3
10008768:	44e0      	add	r8, ip
1000876a:	45c1      	cmp	r9, r8
1000876c:	dced      	bgt.n	1000874a <GUI_DrawPoint+0x86>
1000876e:	e7d9      	b.n	10008724 <GUI_DrawPoint+0x60>
10008770:	2001293c 	.word	0x2001293c

10008774 <GUI_DrawRectangle>:
10008774:	b5f0      	push	{r4, r5, r6, r7, lr}
10008776:	4657      	mov	r7, sl
10008778:	464e      	mov	r6, r9
1000877a:	4645      	mov	r5, r8
1000877c:	46de      	mov	lr, fp
1000877e:	b5e0      	push	{r5, r6, r7, lr}
10008780:	b085      	sub	sp, #20
10008782:	001f      	movs	r7, r3
10008784:	ab0e      	add	r3, sp, #56	@ 0x38
10008786:	881b      	ldrh	r3, [r3, #0]
10008788:	0004      	movs	r4, r0
1000878a:	469a      	mov	sl, r3
1000878c:	ab0f      	add	r3, sp, #60	@ 0x3c
1000878e:	781b      	ldrb	r3, [r3, #0]
10008790:	000d      	movs	r5, r1
10008792:	4699      	mov	r9, r3
10008794:	ab10      	add	r3, sp, #64	@ 0x40
10008796:	781b      	ldrb	r3, [r3, #0]
10008798:	0016      	movs	r6, r2
1000879a:	469b      	mov	fp, r3
1000879c:	4b34      	ldr	r3, [pc, #208]	@ (10008870 <GUI_DrawRectangle+0xfc>)
1000879e:	4698      	mov	r8, r3
100087a0:	881b      	ldrh	r3, [r3, #0]
100087a2:	4283      	cmp	r3, r0
100087a4:	d310      	bcc.n	100087c8 <GUI_DrawRectangle+0x54>
100087a6:	4642      	mov	r2, r8
100087a8:	8852      	ldrh	r2, [r2, #2]
100087aa:	428a      	cmp	r2, r1
100087ac:	d30c      	bcc.n	100087c8 <GUI_DrawRectangle+0x54>
100087ae:	42b3      	cmp	r3, r6
100087b0:	d30a      	bcc.n	100087c8 <GUI_DrawRectangle+0x54>
100087b2:	42ba      	cmp	r2, r7
100087b4:	d308      	bcc.n	100087c8 <GUI_DrawRectangle+0x54>
100087b6:	464b      	mov	r3, r9
100087b8:	2b00      	cmp	r3, #0
100087ba:	d00c      	beq.n	100087d6 <GUI_DrawRectangle+0x62>
100087bc:	4653      	mov	r3, sl
100087be:	0032      	movs	r2, r6
100087c0:	9300      	str	r3, [sp, #0]
100087c2:	003b      	movs	r3, r7
100087c4:	f7ff fd78 	bl	100082b8 <LCD_SetArealColor>
100087c8:	b005      	add	sp, #20
100087ca:	bcf0      	pop	{r4, r5, r6, r7}
100087cc:	46bb      	mov	fp, r7
100087ce:	46b2      	mov	sl, r6
100087d0:	46a9      	mov	r9, r5
100087d2:	46a0      	mov	r8, r4
100087d4:	bdf0      	pop	{r4, r5, r6, r7, pc}
100087d6:	465b      	mov	r3, fp
100087d8:	9302      	str	r3, [sp, #8]
100087da:	464b      	mov	r3, r9
100087dc:	9301      	str	r3, [sp, #4]
100087de:	4653      	mov	r3, sl
100087e0:	0032      	movs	r2, r6
100087e2:	9300      	str	r3, [sp, #0]
100087e4:	000b      	movs	r3, r1
100087e6:	f7ff fe99 	bl	1000851c <GUI_DrawLine.part.0>
100087ea:	4643      	mov	r3, r8
100087ec:	881b      	ldrh	r3, [r3, #0]
100087ee:	429c      	cmp	r4, r3
100087f0:	d813      	bhi.n	1000881a <GUI_DrawRectangle+0xa6>
100087f2:	4642      	mov	r2, r8
100087f4:	8852      	ldrh	r2, [r2, #2]
100087f6:	4295      	cmp	r5, r2
100087f8:	d80f      	bhi.n	1000881a <GUI_DrawRectangle+0xa6>
100087fa:	4297      	cmp	r7, r2
100087fc:	d80d      	bhi.n	1000881a <GUI_DrawRectangle+0xa6>
100087fe:	465b      	mov	r3, fp
10008800:	9302      	str	r3, [sp, #8]
10008802:	464b      	mov	r3, r9
10008804:	9301      	str	r3, [sp, #4]
10008806:	4653      	mov	r3, sl
10008808:	0022      	movs	r2, r4
1000880a:	9300      	str	r3, [sp, #0]
1000880c:	0029      	movs	r1, r5
1000880e:	003b      	movs	r3, r7
10008810:	0020      	movs	r0, r4
10008812:	f7ff fe83 	bl	1000851c <GUI_DrawLine.part.0>
10008816:	4643      	mov	r3, r8
10008818:	881b      	ldrh	r3, [r3, #0]
1000881a:	429e      	cmp	r6, r3
1000881c:	d8d4      	bhi.n	100087c8 <GUI_DrawRectangle+0x54>
1000881e:	4642      	mov	r2, r8
10008820:	8852      	ldrh	r2, [r2, #2]
10008822:	4297      	cmp	r7, r2
10008824:	d8d0      	bhi.n	100087c8 <GUI_DrawRectangle+0x54>
10008826:	4295      	cmp	r5, r2
10008828:	d813      	bhi.n	10008852 <GUI_DrawRectangle+0xde>
1000882a:	465b      	mov	r3, fp
1000882c:	9302      	str	r3, [sp, #8]
1000882e:	2300      	movs	r3, #0
10008830:	9301      	str	r3, [sp, #4]
10008832:	4653      	mov	r3, sl
10008834:	0032      	movs	r2, r6
10008836:	9300      	str	r3, [sp, #0]
10008838:	0039      	movs	r1, r7
1000883a:	002b      	movs	r3, r5
1000883c:	0030      	movs	r0, r6
1000883e:	f7ff fe6d 	bl	1000851c <GUI_DrawLine.part.0>
10008842:	4643      	mov	r3, r8
10008844:	881b      	ldrh	r3, [r3, #0]
10008846:	429e      	cmp	r6, r3
10008848:	d8be      	bhi.n	100087c8 <GUI_DrawRectangle+0x54>
1000884a:	4642      	mov	r2, r8
1000884c:	8852      	ldrh	r2, [r2, #2]
1000884e:	42ba      	cmp	r2, r7
10008850:	d3ba      	bcc.n	100087c8 <GUI_DrawRectangle+0x54>
10008852:	429c      	cmp	r4, r3
10008854:	d8b8      	bhi.n	100087c8 <GUI_DrawRectangle+0x54>
10008856:	465b      	mov	r3, fp
10008858:	9302      	str	r3, [sp, #8]
1000885a:	2300      	movs	r3, #0
1000885c:	9301      	str	r3, [sp, #4]
1000885e:	4653      	mov	r3, sl
10008860:	0022      	movs	r2, r4
10008862:	9300      	str	r3, [sp, #0]
10008864:	0039      	movs	r1, r7
10008866:	003b      	movs	r3, r7
10008868:	0030      	movs	r0, r6
1000886a:	f7ff fe57 	bl	1000851c <GUI_DrawLine.part.0>
1000886e:	e7ab      	b.n	100087c8 <GUI_DrawRectangle+0x54>
10008870:	2001293c 	.word	0x2001293c

10008874 <GUI_DisString_EN>:
10008874:	b5f0      	push	{r4, r5, r6, r7, lr}
10008876:	4657      	mov	r7, sl
10008878:	46de      	mov	lr, fp
1000887a:	464e      	mov	r6, r9
1000887c:	4645      	mov	r5, r8
1000887e:	b5e0      	push	{r5, r6, r7, lr}
10008880:	b087      	sub	sp, #28
10008882:	4698      	mov	r8, r3
10008884:	ab10      	add	r3, sp, #64	@ 0x40
10008886:	881b      	ldrh	r3, [r3, #0]
10008888:	468b      	mov	fp, r1
1000888a:	9304      	str	r3, [sp, #16]
1000888c:	ab11      	add	r3, sp, #68	@ 0x44
1000888e:	881b      	ldrh	r3, [r3, #0]
10008890:	4682      	mov	sl, r0
10008892:	9305      	str	r3, [sp, #20]
10008894:	4b20      	ldr	r3, [pc, #128]	@ (10008918 <GUI_DisString_EN+0xa4>)
10008896:	0017      	movs	r7, r2
10008898:	8819      	ldrh	r1, [r3, #0]
1000889a:	4699      	mov	r9, r3
1000889c:	4281      	cmp	r1, r0
1000889e:	d333      	bcc.n	10008908 <GUI_DisString_EN+0x94>
100088a0:	8858      	ldrh	r0, [r3, #2]
100088a2:	4558      	cmp	r0, fp
100088a4:	d330      	bcc.n	10008908 <GUI_DisString_EN+0x94>
100088a6:	7812      	ldrb	r2, [r2, #0]
100088a8:	2a00      	cmp	r2, #0
100088aa:	d02d      	beq.n	10008908 <GUI_DisString_EN+0x94>
100088ac:	4643      	mov	r3, r8
100088ae:	465d      	mov	r5, fp
100088b0:	889b      	ldrh	r3, [r3, #4]
100088b2:	4654      	mov	r4, sl
100088b4:	9703      	str	r7, [sp, #12]
100088b6:	e003      	b.n	100088c0 <GUI_DisString_EN+0x4c>
100088b8:	4649      	mov	r1, r9
100088ba:	4648      	mov	r0, r9
100088bc:	8809      	ldrh	r1, [r1, #0]
100088be:	8840      	ldrh	r0, [r0, #2]
100088c0:	4646      	mov	r6, r8
100088c2:	18e7      	adds	r7, r4, r3
100088c4:	88f6      	ldrh	r6, [r6, #6]
100088c6:	428f      	cmp	r7, r1
100088c8:	dd02      	ble.n	100088d0 <GUI_DisString_EN+0x5c>
100088ca:	4654      	mov	r4, sl
100088cc:	19ad      	adds	r5, r5, r6
100088ce:	b2ad      	uxth	r5, r5
100088d0:	19ae      	adds	r6, r5, r6
100088d2:	4286      	cmp	r6, r0
100088d4:	dd01      	ble.n	100088da <GUI_DisString_EN+0x66>
100088d6:	465d      	mov	r5, fp
100088d8:	4654      	mov	r4, sl
100088da:	428c      	cmp	r4, r1
100088dc:	d80c      	bhi.n	100088f8 <GUI_DisString_EN+0x84>
100088de:	4285      	cmp	r5, r0
100088e0:	d80a      	bhi.n	100088f8 <GUI_DisString_EN+0x84>
100088e2:	9b05      	ldr	r3, [sp, #20]
100088e4:	0029      	movs	r1, r5
100088e6:	9301      	str	r3, [sp, #4]
100088e8:	9b04      	ldr	r3, [sp, #16]
100088ea:	0020      	movs	r0, r4
100088ec:	9300      	str	r3, [sp, #0]
100088ee:	4643      	mov	r3, r8
100088f0:	f7ff fd40 	bl	10008374 <GUI_DisChar.part.0>
100088f4:	4643      	mov	r3, r8
100088f6:	889b      	ldrh	r3, [r3, #4]
100088f8:	9a03      	ldr	r2, [sp, #12]
100088fa:	18e4      	adds	r4, r4, r3
100088fc:	3201      	adds	r2, #1
100088fe:	9203      	str	r2, [sp, #12]
10008900:	7812      	ldrb	r2, [r2, #0]
10008902:	b2a4      	uxth	r4, r4
10008904:	2a00      	cmp	r2, #0
10008906:	d1d7      	bne.n	100088b8 <GUI_DisString_EN+0x44>
10008908:	b007      	add	sp, #28
1000890a:	bcf0      	pop	{r4, r5, r6, r7}
1000890c:	46bb      	mov	fp, r7
1000890e:	46b2      	mov	sl, r6
10008910:	46a9      	mov	r9, r5
10008912:	46a0      	mov	r8, r4
10008914:	bdf0      	pop	{r4, r5, r6, r7, pc}
10008916:	46c0      	nop			@ (mov r8, r8)
10008918:	2001293c 	.word	0x2001293c

1000891c <TP_Read_ADC_Average>:
1000891c:	b5f0      	push	{r4, r5, r6, r7, lr}
1000891e:	46c6      	mov	lr, r8
10008920:	b500      	push	{lr}
10008922:	0007      	movs	r7, r0
10008924:	b084      	sub	sp, #16
10008926:	493b      	ldr	r1, [pc, #236]	@ (10008a14 <TP_Read_ADC_Average+0xf8>)
10008928:	483b      	ldr	r0, [pc, #236]	@ (10008a18 <TP_Read_ADC_Average+0xfc>)
1000892a:	f7fd fe5d 	bl	100065e8 <spi_set_baudrate>
1000892e:	230e      	movs	r3, #14
10008930:	ad01      	add	r5, sp, #4
10008932:	446b      	add	r3, sp
10008934:	002e      	movs	r6, r5
10008936:	4698      	mov	r8, r3
10008938:	2100      	movs	r1, #0
1000893a:	2010      	movs	r0, #16
1000893c:	f000 fe8c 	bl	10009658 <DEV_Digital_Write>
10008940:	0038      	movs	r0, r7
10008942:	f000 fee3 	bl	1000970c <SPI4W_Write_Byte>
10008946:	20c8      	movs	r0, #200	@ 0xc8
10008948:	f000 ff06 	bl	10009758 <Driver_Delay_us>
1000894c:	2000      	movs	r0, #0
1000894e:	f000 feef 	bl	10009730 <SPI4W_Read_Byte>
10008952:	0204      	lsls	r4, r0, #8
10008954:	2000      	movs	r0, #0
10008956:	f000 feeb 	bl	10009730 <SPI4W_Read_Byte>
1000895a:	b2a4      	uxth	r4, r4
1000895c:	4304      	orrs	r4, r0
1000895e:	b2a4      	uxth	r4, r4
10008960:	2101      	movs	r1, #1
10008962:	2010      	movs	r0, #16
10008964:	08e4      	lsrs	r4, r4, #3
10008966:	f000 fe77 	bl	10009658 <DEV_Digital_Write>
1000896a:	8034      	strh	r4, [r6, #0]
1000896c:	20c8      	movs	r0, #200	@ 0xc8
1000896e:	3602      	adds	r6, #2
10008970:	f000 fef2 	bl	10009758 <Driver_Delay_us>
10008974:	45b0      	cmp	r8, r6
10008976:	d1df      	bne.n	10008938 <TP_Read_ADC_Average+0x1c>
10008978:	4928      	ldr	r1, [pc, #160]	@ (10008a1c <TP_Read_ADC_Average+0x100>)
1000897a:	4827      	ldr	r0, [pc, #156]	@ (10008a18 <TP_Read_ADC_Average+0xfc>)
1000897c:	f7fd fe34 	bl	100065e8 <spi_set_baudrate>
10008980:	882b      	ldrh	r3, [r5, #0]
10008982:	886a      	ldrh	r2, [r5, #2]
10008984:	4293      	cmp	r3, r2
10008986:	d901      	bls.n	1000898c <TP_Read_ADC_Average+0x70>
10008988:	802a      	strh	r2, [r5, #0]
1000898a:	806b      	strh	r3, [r5, #2]
1000898c:	882b      	ldrh	r3, [r5, #0]
1000898e:	88aa      	ldrh	r2, [r5, #4]
10008990:	4293      	cmp	r3, r2
10008992:	d901      	bls.n	10008998 <TP_Read_ADC_Average+0x7c>
10008994:	802a      	strh	r2, [r5, #0]
10008996:	80ab      	strh	r3, [r5, #4]
10008998:	882b      	ldrh	r3, [r5, #0]
1000899a:	88ea      	ldrh	r2, [r5, #6]
1000899c:	4293      	cmp	r3, r2
1000899e:	d901      	bls.n	100089a4 <TP_Read_ADC_Average+0x88>
100089a0:	802a      	strh	r2, [r5, #0]
100089a2:	80eb      	strh	r3, [r5, #6]
100089a4:	882b      	ldrh	r3, [r5, #0]
100089a6:	892a      	ldrh	r2, [r5, #8]
100089a8:	4293      	cmp	r3, r2
100089aa:	d831      	bhi.n	10008a10 <TP_Read_ADC_Average+0xf4>
100089ac:	886b      	ldrh	r3, [r5, #2]
100089ae:	88aa      	ldrh	r2, [r5, #4]
100089b0:	4293      	cmp	r3, r2
100089b2:	d901      	bls.n	100089b8 <TP_Read_ADC_Average+0x9c>
100089b4:	806a      	strh	r2, [r5, #2]
100089b6:	80ab      	strh	r3, [r5, #4]
100089b8:	886b      	ldrh	r3, [r5, #2]
100089ba:	88ea      	ldrh	r2, [r5, #6]
100089bc:	4293      	cmp	r3, r2
100089be:	d901      	bls.n	100089c4 <TP_Read_ADC_Average+0xa8>
100089c0:	806a      	strh	r2, [r5, #2]
100089c2:	80eb      	strh	r3, [r5, #6]
100089c4:	886b      	ldrh	r3, [r5, #2]
100089c6:	892a      	ldrh	r2, [r5, #8]
100089c8:	4293      	cmp	r3, r2
100089ca:	d81e      	bhi.n	10008a0a <TP_Read_ADC_Average+0xee>
100089cc:	88ab      	ldrh	r3, [r5, #4]
100089ce:	88ea      	ldrh	r2, [r5, #6]
100089d0:	4293      	cmp	r3, r2
100089d2:	d901      	bls.n	100089d8 <TP_Read_ADC_Average+0xbc>
100089d4:	80aa      	strh	r2, [r5, #4]
100089d6:	80eb      	strh	r3, [r5, #6]
100089d8:	88ab      	ldrh	r3, [r5, #4]
100089da:	892a      	ldrh	r2, [r5, #8]
100089dc:	4293      	cmp	r3, r2
100089de:	d901      	bls.n	100089e4 <TP_Read_ADC_Average+0xc8>
100089e0:	80aa      	strh	r2, [r5, #4]
100089e2:	812b      	strh	r3, [r5, #8]
100089e4:	892b      	ldrh	r3, [r5, #8]
100089e6:	88ea      	ldrh	r2, [r5, #6]
100089e8:	429a      	cmp	r2, r3
100089ea:	d900      	bls.n	100089ee <TP_Read_ADC_Average+0xd2>
100089ec:	80eb      	strh	r3, [r5, #6]
100089ee:	88ab      	ldrh	r3, [r5, #4]
100089f0:	8868      	ldrh	r0, [r5, #2]
100089f2:	2103      	movs	r1, #3
100089f4:	18c0      	adds	r0, r0, r3
100089f6:	88eb      	ldrh	r3, [r5, #6]
100089f8:	18c0      	adds	r0, r0, r3
100089fa:	b280      	uxth	r0, r0
100089fc:	f7f9 f93e 	bl	10001c7c <__wrap___aeabi_uidiv>
10008a00:	b280      	uxth	r0, r0
10008a02:	b004      	add	sp, #16
10008a04:	bc80      	pop	{r7}
10008a06:	46b8      	mov	r8, r7
10008a08:	bdf0      	pop	{r4, r5, r6, r7, pc}
10008a0a:	806a      	strh	r2, [r5, #2]
10008a0c:	812b      	strh	r3, [r5, #8]
10008a0e:	e7dd      	b.n	100089cc <TP_Read_ADC_Average+0xb0>
10008a10:	812b      	strh	r3, [r5, #8]
10008a12:	e7cb      	b.n	100089ac <TP_Read_ADC_Average+0x90>
10008a14:	002dc6c0 	.word	0x002dc6c0
10008a18:	40040000 	.word	0x40040000
10008a1c:	0112a880 	.word	0x0112a880

10008a20 <TP_GetAdFac>:
10008a20:	b510      	push	{r4, lr}
10008a22:	4b29      	ldr	r3, [pc, #164]	@ (10008ac8 <TP_GetAdFac+0xa8>)
10008a24:	b082      	sub	sp, #8
10008a26:	781b      	ldrb	r3, [r3, #0]
10008a28:	2b52      	cmp	r3, #82	@ 0x52
10008a2a:	d01b      	beq.n	10008a64 <TP_GetAdFac+0x44>
10008a2c:	4b27      	ldr	r3, [pc, #156]	@ (10008acc <TP_GetAdFac+0xac>)
10008a2e:	7e1a      	ldrb	r2, [r3, #24]
10008a30:	2a06      	cmp	r2, #6
10008a32:	d00c      	beq.n	10008a4e <TP_GetAdFac+0x2e>
10008a34:	2a00      	cmp	r2, #0
10008a36:	d120      	bne.n	10008a7a <TP_GetAdFac+0x5a>
10008a38:	4a25      	ldr	r2, [pc, #148]	@ (10008ad0 <TP_GetAdFac+0xb0>)
10008a3a:	611a      	str	r2, [r3, #16]
10008a3c:	4a25      	ldr	r2, [pc, #148]	@ (10008ad4 <TP_GetAdFac+0xb4>)
10008a3e:	615a      	str	r2, [r3, #20]
10008a40:	2215      	movs	r2, #21
10008a42:	4252      	negs	r2, r2
10008a44:	815a      	strh	r2, [r3, #10]
10008a46:	3a12      	subs	r2, #18
10008a48:	819a      	strh	r2, [r3, #12]
10008a4a:	b002      	add	sp, #8
10008a4c:	bd10      	pop	{r4, pc}
10008a4e:	4a22      	ldr	r2, [pc, #136]	@ (10008ad8 <TP_GetAdFac+0xb8>)
10008a50:	611a      	str	r2, [r3, #16]
10008a52:	4a22      	ldr	r2, [pc, #136]	@ (10008adc <TP_GetAdFac+0xbc>)
10008a54:	615a      	str	r2, [r3, #20]
10008a56:	2281      	movs	r2, #129	@ 0x81
10008a58:	0092      	lsls	r2, r2, #2
10008a5a:	815a      	strh	r2, [r3, #10]
10008a5c:	2216      	movs	r2, #22
10008a5e:	4252      	negs	r2, r2
10008a60:	819a      	strh	r2, [r3, #12]
10008a62:	e7f2      	b.n	10008a4a <TP_GetAdFac+0x2a>
10008a64:	4b19      	ldr	r3, [pc, #100]	@ (10008acc <TP_GetAdFac+0xac>)
10008a66:	4a1e      	ldr	r2, [pc, #120]	@ (10008ae0 <TP_GetAdFac+0xc0>)
10008a68:	611a      	str	r2, [r3, #16]
10008a6a:	4a1e      	ldr	r2, [pc, #120]	@ (10008ae4 <TP_GetAdFac+0xc4>)
10008a6c:	615a      	str	r2, [r3, #20]
10008a6e:	2214      	movs	r2, #20
10008a70:	4252      	negs	r2, r2
10008a72:	815a      	strh	r2, [r3, #10]
10008a74:	3a0e      	subs	r2, #14
10008a76:	819a      	strh	r2, [r3, #12]
10008a78:	e7e7      	b.n	10008a4a <TP_GetAdFac+0x2a>
10008a7a:	2a03      	cmp	r2, #3
10008a7c:	d00b      	beq.n	10008a96 <TP_GetAdFac+0x76>
10008a7e:	2a05      	cmp	r2, #5
10008a80:	d113      	bne.n	10008aaa <TP_GetAdFac+0x8a>
10008a82:	4a19      	ldr	r2, [pc, #100]	@ (10008ae8 <TP_GetAdFac+0xc8>)
10008a84:	611a      	str	r2, [r3, #16]
10008a86:	4a19      	ldr	r2, [pc, #100]	@ (10008aec <TP_GetAdFac+0xcc>)
10008a88:	615a      	str	r2, [r3, #20]
10008a8a:	4a19      	ldr	r2, [pc, #100]	@ (10008af0 <TP_GetAdFac+0xd0>)
10008a8c:	815a      	strh	r2, [r3, #10]
10008a8e:	2214      	movs	r2, #20
10008a90:	4252      	negs	r2, r2
10008a92:	819a      	strh	r2, [r3, #12]
10008a94:	e7d9      	b.n	10008a4a <TP_GetAdFac+0x2a>
10008a96:	4a17      	ldr	r2, [pc, #92]	@ (10008af4 <TP_GetAdFac+0xd4>)
10008a98:	611a      	str	r2, [r3, #16]
10008a9a:	4a17      	ldr	r2, [pc, #92]	@ (10008af8 <TP_GetAdFac+0xd8>)
10008a9c:	615a      	str	r2, [r3, #20]
10008a9e:	2216      	movs	r2, #22
10008aa0:	4252      	negs	r2, r2
10008aa2:	815a      	strh	r2, [r3, #10]
10008aa4:	3a10      	subs	r2, #16
10008aa6:	819a      	strh	r2, [r3, #12]
10008aa8:	e7cf      	b.n	10008a4a <TP_GetAdFac+0x2a>
10008aaa:	4c14      	ldr	r4, [pc, #80]	@ (10008afc <TP_GetAdFac+0xdc>)
10008aac:	0020      	movs	r0, r4
10008aae:	f7ff fc35 	bl	1000831c <LCD_Clear>
10008ab2:	21f8      	movs	r1, #248	@ 0xf8
10008ab4:	0209      	lsls	r1, r1, #8
10008ab6:	9101      	str	r1, [sp, #4]
10008ab8:	2000      	movs	r0, #0
10008aba:	213c      	movs	r1, #60	@ 0x3c
10008abc:	4b10      	ldr	r3, [pc, #64]	@ (10008b00 <TP_GetAdFac+0xe0>)
10008abe:	4a11      	ldr	r2, [pc, #68]	@ (10008b04 <TP_GetAdFac+0xe4>)
10008ac0:	9400      	str	r4, [sp, #0]
10008ac2:	f7ff fed7 	bl	10008874 <GUI_DisString_EN>
10008ac6:	e7c0      	b.n	10008a4a <TP_GetAdFac+0x2a>
10008ac8:	20012aa5 	.word	0x20012aa5
10008acc:	20012948 	.word	0x20012948
10008ad0:	3db7b310 	.word	0x3db7b310
10008ad4:	3e0a06ea 	.word	0x3e0a06ea
10008ad8:	be079f23 	.word	0xbe079f23
10008adc:	3db85059 	.word	0x3db85059
10008ae0:	3d887336 	.word	0x3d887336
10008ae4:	3db7de0d 	.word	0x3db7de0d
10008ae8:	be081883 	.word	0xbe081883
10008aec:	3db42678 	.word	0x3db42678
10008af0:	00000205 	.word	0x00000205
10008af4:	3db8255b 	.word	0x3db8255b
10008af8:	3e085fd0 	.word	0x3e085fd0
10008afc:	0000ffff 	.word	0x0000ffff
10008b00:	20001100 	.word	0x20001100
10008b04:	1000a424 	.word	0x1000a424

10008b08 <TP_Dialog>:
10008b08:	2201      	movs	r2, #1
10008b0a:	b570      	push	{r4, r5, r6, lr}
10008b0c:	4b18      	ldr	r3, [pc, #96]	@ (10008b70 <TP_Dialog+0x68>)
10008b0e:	4e19      	ldr	r6, [pc, #100]	@ (10008b74 <TP_Dialog+0x6c>)
10008b10:	4252      	negs	r2, r2
10008b12:	601a      	str	r2, [r3, #0]
10008b14:	4b18      	ldr	r3, [pc, #96]	@ (10008b78 <TP_Dialog+0x70>)
10008b16:	b084      	sub	sp, #16
10008b18:	0030      	movs	r0, r6
10008b1a:	2400      	movs	r4, #0
10008b1c:	601a      	str	r2, [r3, #0]
10008b1e:	f7ff fbfd 	bl	1000831c <LCD_Clear>
10008b22:	20aa      	movs	r0, #170	@ 0xaa
10008b24:	4d15      	ldr	r5, [pc, #84]	@ (10008b7c <TP_Dialog+0x74>)
10008b26:	2105      	movs	r1, #5
10008b28:	002b      	movs	r3, r5
10008b2a:	4a15      	ldr	r2, [pc, #84]	@ (10008b80 <TP_Dialog+0x78>)
10008b2c:	9601      	str	r6, [sp, #4]
10008b2e:	9400      	str	r4, [sp, #0]
10008b30:	0040      	lsls	r0, r0, #1
10008b32:	f7ff fe9f 	bl	10008874 <GUI_DisString_EN>
10008b36:	20a0      	movs	r0, #160	@ 0xa0
10008b38:	002b      	movs	r3, r5
10008b3a:	2105      	movs	r1, #5
10008b3c:	4a11      	ldr	r2, [pc, #68]	@ (10008b84 <TP_Dialog+0x7c>)
10008b3e:	9601      	str	r6, [sp, #4]
10008b40:	9400      	str	r4, [sp, #0]
10008b42:	30ff      	adds	r0, #255	@ 0xff
10008b44:	f7ff fe96 	bl	10008874 <GUI_DisString_EN>
10008b48:	2102      	movs	r1, #2
10008b4a:	2391      	movs	r3, #145	@ 0x91
10008b4c:	22be      	movs	r2, #190	@ 0xbe
10008b4e:	9102      	str	r1, [sp, #8]
10008b50:	005b      	lsls	r3, r3, #1
10008b52:	2064      	movs	r0, #100	@ 0x64
10008b54:	9401      	str	r4, [sp, #4]
10008b56:	9400      	str	r4, [sp, #0]
10008b58:	0052      	lsls	r2, r2, #1
10008b5a:	3130      	adds	r1, #48	@ 0x30
10008b5c:	f7ff fe0a 	bl	10008774 <GUI_DrawRectangle>
10008b60:	2100      	movs	r1, #0
10008b62:	4a09      	ldr	r2, [pc, #36]	@ (10008b88 <TP_Dialog+0x80>)
10008b64:	4809      	ldr	r0, [pc, #36]	@ (10008b8c <TP_Dialog+0x84>)
10008b66:	f7f9 fd05 	bl	10002574 <__wrap_memset>
10008b6a:	b004      	add	sp, #16
10008b6c:	bd70      	pop	{r4, r5, r6, pc}
10008b6e:	46c0      	nop			@ (mov r8, r8)
10008b70:	200010fc 	.word	0x200010fc
10008b74:	0000ffff 	.word	0x0000ffff
10008b78:	200010f8 	.word	0x200010f8
10008b7c:	20001100 	.word	0x20001100
10008b80:	1000a468 	.word	0x1000a468
10008b84:	1000a470 	.word	0x1000a470
10008b88:	00010680 	.word	0x00010680
10008b8c:	200022bc 	.word	0x200022bc

10008b90 <TP_Save>:
10008b90:	b5f0      	push	{r4, r5, r6, r7, lr}
10008b92:	46ce      	mov	lr, r9
10008b94:	4647      	mov	r7, r8
10008b96:	b580      	push	{r7, lr}
10008b98:	483f      	ldr	r0, [pc, #252]	@ (10008c98 <TP_Save+0x108>)
10008b9a:	b08f      	sub	sp, #60	@ 0x3c
10008b9c:	f7fb fa5a 	bl	10004054 <__wrap_puts>
10008ba0:	483e      	ldr	r0, [pc, #248]	@ (10008c9c <TP_Save+0x10c>)
10008ba2:	f7fb fa57 	bl	10004054 <__wrap_puts>
10008ba6:	4b3e      	ldr	r3, [pc, #248]	@ (10008ca0 <TP_Save+0x110>)
10008ba8:	0018      	movs	r0, r3
10008baa:	4699      	mov	r9, r3
10008bac:	f7fb fa52 	bl	10004054 <__wrap_puts>
10008bb0:	4b3c      	ldr	r3, [pc, #240]	@ (10008ca4 <TP_Save+0x114>)
10008bb2:	2096      	movs	r0, #150	@ 0x96
10008bb4:	9301      	str	r3, [sp, #4]
10008bb6:	2300      	movs	r3, #0
10008bb8:	4f3b      	ldr	r7, [pc, #236]	@ (10008ca8 <TP_Save+0x118>)
10008bba:	2128      	movs	r1, #40	@ 0x28
10008bbc:	4a3b      	ldr	r2, [pc, #236]	@ (10008cac <TP_Save+0x11c>)
10008bbe:	9300      	str	r3, [sp, #0]
10008bc0:	0040      	lsls	r0, r0, #1
10008bc2:	003b      	movs	r3, r7
10008bc4:	f7ff fe56 	bl	10008874 <GUI_DisString_EN>
10008bc8:	2391      	movs	r3, #145	@ 0x91
10008bca:	218c      	movs	r1, #140	@ 0x8c
10008bcc:	005b      	lsls	r3, r3, #1
10008bce:	9302      	str	r3, [sp, #8]
10008bd0:	335a      	adds	r3, #90	@ 0x5a
10008bd2:	9301      	str	r3, [sp, #4]
10008bd4:	3b4b      	subs	r3, #75	@ 0x4b
10008bd6:	3bff      	subs	r3, #255	@ 0xff
10008bd8:	9300      	str	r3, [sp, #0]
10008bda:	22f0      	movs	r2, #240	@ 0xf0
10008bdc:	3332      	adds	r3, #50	@ 0x32
10008bde:	4834      	ldr	r0, [pc, #208]	@ (10008cb0 <TP_Save+0x120>)
10008be0:	0049      	lsls	r1, r1, #1
10008be2:	f7fb fabf 	bl	10004164 <__wrap_printf>
10008be6:	4b33      	ldr	r3, [pc, #204]	@ (10008cb4 <TP_Save+0x124>)
10008be8:	681e      	ldr	r6, [r3, #0]
10008bea:	4698      	mov	r8, r3
10008bec:	2e00      	cmp	r6, #0
10008bee:	d046      	beq.n	10008c7e <TP_Save+0xee>
10008bf0:	4c31      	ldr	r4, [pc, #196]	@ (10008cb8 <TP_Save+0x128>)
10008bf2:	6870      	ldr	r0, [r6, #4]
10008bf4:	6034      	str	r4, [r6, #0]
10008bf6:	2800      	cmp	r0, #0
10008bf8:	d002      	beq.n	10008c00 <TP_Save+0x70>
10008bfa:	f7f9 fca3 	bl	10002544 <__wrap_free>
10008bfe:	6834      	ldr	r4, [r6, #0]
10008c00:	0020      	movs	r0, r4
10008c02:	f7f9 fc81 	bl	10002508 <__wrap_malloc>
10008c06:	1e05      	subs	r5, r0, #0
10008c08:	6070      	str	r0, [r6, #4]
10008c0a:	d03c      	beq.n	10008c86 <TP_Save+0xf6>
10008c0c:	0022      	movs	r2, r4
10008c0e:	492b      	ldr	r1, [pc, #172]	@ (10008cbc <TP_Save+0x12c>)
10008c10:	f7f9 fcb6 	bl	10002580 <__wrap___aeabi_memcpy>
10008c14:	482a      	ldr	r0, [pc, #168]	@ (10008cc0 <TP_Save+0x130>)
10008c16:	f7fb fa1d 	bl	10004054 <__wrap_puts>
10008c1a:	482a      	ldr	r0, [pc, #168]	@ (10008cc4 <TP_Save+0x134>)
10008c1c:	f7fb fa1a 	bl	10004054 <__wrap_puts>
10008c20:	2300      	movs	r3, #0
10008c22:	9305      	str	r3, [sp, #20]
10008c24:	4643      	mov	r3, r8
10008c26:	228c      	movs	r2, #140	@ 0x8c
10008c28:	681b      	ldr	r3, [r3, #0]
10008c2a:	0052      	lsls	r2, r2, #1
10008c2c:	6819      	ldr	r1, [r3, #0]
10008c2e:	6858      	ldr	r0, [r3, #4]
10008c30:	ab05      	add	r3, sp, #20
10008c32:	9300      	str	r3, [sp, #0]
10008c34:	23f0      	movs	r3, #240	@ 0xf0
10008c36:	f7f7 fc0f 	bl	10000458 <recognize_character>
10008c3a:	0004      	movs	r4, r0
10008c3c:	9805      	ldr	r0, [sp, #20]
10008c3e:	f7f9 fc29 	bl	10002494 <__wrap___aeabi_f2d>
10008c42:	0002      	movs	r2, r0
10008c44:	000b      	movs	r3, r1
10008c46:	4820      	ldr	r0, [pc, #128]	@ (10008cc8 <TP_Save+0x138>)
10008c48:	0021      	movs	r1, r4
10008c4a:	f7fb fa8b 	bl	10004164 <__wrap_printf>
10008c4e:	0023      	movs	r3, r4
10008c50:	2120      	movs	r1, #32
10008c52:	4a1e      	ldr	r2, [pc, #120]	@ (10008ccc <TP_Save+0x13c>)
10008c54:	a806      	add	r0, sp, #24
10008c56:	f7fb f823 	bl	10003ca0 <__wrap_snprintf>
10008c5a:	4b12      	ldr	r3, [pc, #72]	@ (10008ca4 <TP_Save+0x114>)
10008c5c:	20fa      	movs	r0, #250	@ 0xfa
10008c5e:	9301      	str	r3, [sp, #4]
10008c60:	2300      	movs	r3, #0
10008c62:	2128      	movs	r1, #40	@ 0x28
10008c64:	9300      	str	r3, [sp, #0]
10008c66:	aa06      	add	r2, sp, #24
10008c68:	003b      	movs	r3, r7
10008c6a:	f7ff fe03 	bl	10008874 <GUI_DisString_EN>
10008c6e:	4648      	mov	r0, r9
10008c70:	f7fb f9f0 	bl	10004054 <__wrap_puts>
10008c74:	b00f      	add	sp, #60	@ 0x3c
10008c76:	bcc0      	pop	{r6, r7}
10008c78:	46b9      	mov	r9, r7
10008c7a:	46b0      	mov	r8, r6
10008c7c:	bdf0      	pop	{r4, r5, r6, r7, pc}
10008c7e:	4814      	ldr	r0, [pc, #80]	@ (10008cd0 <TP_Save+0x140>)
10008c80:	f7fb f9e8 	bl	10004054 <__wrap_puts>
10008c84:	e7f6      	b.n	10008c74 <TP_Save+0xe4>
10008c86:	0021      	movs	r1, r4
10008c88:	4812      	ldr	r0, [pc, #72]	@ (10008cd4 <TP_Save+0x144>)
10008c8a:	f7fb fa6b 	bl	10004164 <__wrap_printf>
10008c8e:	4643      	mov	r3, r8
10008c90:	681b      	ldr	r3, [r3, #0]
10008c92:	601d      	str	r5, [r3, #0]
10008c94:	e7ee      	b.n	10008c74 <TP_Save+0xe4>
10008c96:	46c0      	nop			@ (mov r8, r8)
10008c98:	1000a478 	.word	0x1000a478
10008c9c:	1000a4a0 	.word	0x1000a4a0
10008ca0:	1000a4bc 	.word	0x1000a4bc
10008ca4:	0000ffff 	.word	0x0000ffff
10008ca8:	20001100 	.word	0x20001100
10008cac:	1000a4e4 	.word	0x1000a4e4
10008cb0:	1000a4ec 	.word	0x1000a4ec
10008cb4:	20012a84 	.word	0x20012a84
10008cb8:	00010680 	.word	0x00010680
10008cbc:	200022bc 	.word	0x200022bc
10008cc0:	1000a55c 	.word	0x1000a55c
10008cc4:	1000a580 	.word	0x1000a580
10008cc8:	1000a5a0 	.word	0x1000a5a0
10008ccc:	1000a5d0 	.word	0x1000a5d0
10008cd0:	1000a528 	.word	0x1000a528
10008cd4:	1000a540 	.word	0x1000a540

10008cd8 <TP_DrawBoard>:
10008cd8:	b5f0      	push	{r4, r5, r6, r7, lr}
10008cda:	46de      	mov	lr, fp
10008cdc:	4657      	mov	r7, sl
10008cde:	464e      	mov	r6, r9
10008ce0:	4645      	mov	r5, r8
10008ce2:	b5e0      	push	{r5, r6, r7, lr}
10008ce4:	2011      	movs	r0, #17
10008ce6:	b09f      	sub	sp, #124	@ 0x7c
10008ce8:	f000 fcc0 	bl	1000966c <DEV_Digital_Read>
10008cec:	2800      	cmp	r0, #0
10008cee:	d000      	beq.n	10008cf2 <TP_DrawBoard+0x1a>
10008cf0:	e183      	b.n	10008ffa <TP_DrawBoard+0x322>
10008cf2:	30d0      	adds	r0, #208	@ 0xd0
10008cf4:	f7ff fe12 	bl	1000891c <TP_Read_ADC_Average>
10008cf8:	0005      	movs	r5, r0
10008cfa:	2090      	movs	r0, #144	@ 0x90
10008cfc:	f7ff fe0e 	bl	1000891c <TP_Read_ADC_Average>
10008d00:	0007      	movs	r7, r0
10008d02:	200a      	movs	r0, #10
10008d04:	f000 fd28 	bl	10009758 <Driver_Delay_us>
10008d08:	20d0      	movs	r0, #208	@ 0xd0
10008d0a:	f7ff fe07 	bl	1000891c <TP_Read_ADC_Average>
10008d0e:	0004      	movs	r4, r0
10008d10:	2090      	movs	r0, #144	@ 0x90
10008d12:	f7ff fe03 	bl	1000891c <TP_Read_ADC_Average>
10008d16:	0006      	movs	r6, r0
10008d18:	200a      	movs	r0, #10
10008d1a:	f000 fd1d 	bl	10009758 <Driver_Delay_us>
10008d1e:	42a5      	cmp	r5, r4
10008d20:	d300      	bcc.n	10008d24 <TP_DrawBoard+0x4c>
10008d22:	e105      	b.n	10008f30 <TP_DrawBoard+0x258>
10008d24:	002b      	movs	r3, r5
10008d26:	3331      	adds	r3, #49	@ 0x31
10008d28:	42a3      	cmp	r3, r4
10008d2a:	db00      	blt.n	10008d2e <TP_DrawBoard+0x56>
10008d2c:	e105      	b.n	10008f3a <TP_DrawBoard+0x262>
10008d2e:	4bc4      	ldr	r3, [pc, #784]	@ (10009040 <TP_DrawBoard+0x368>)
10008d30:	4cc4      	ldr	r4, [pc, #784]	@ (10009044 <TP_DrawBoard+0x36c>)
10008d32:	4dc5      	ldr	r5, [pc, #788]	@ (10009048 <TP_DrawBoard+0x370>)
10008d34:	9304      	str	r3, [sp, #16]
10008d36:	7a23      	ldrb	r3, [r4, #8]
10008d38:	2b7f      	cmp	r3, #127	@ 0x7f
10008d3a:	d803      	bhi.n	10008d44 <TP_DrawBoard+0x6c>
10008d3c:	23c0      	movs	r3, #192	@ 0xc0
10008d3e:	7223      	strb	r3, [r4, #8]
10008d40:	6863      	ldr	r3, [r4, #4]
10008d42:	6023      	str	r3, [r4, #0]
10008d44:	49c1      	ldr	r1, [pc, #772]	@ (1000904c <TP_DrawBoard+0x374>)
10008d46:	48c2      	ldr	r0, [pc, #776]	@ (10009050 <TP_DrawBoard+0x378>)
10008d48:	f7fd fbae 	bl	100064a8 <spi_init>
10008d4c:	9c04      	ldr	r4, [sp, #16]
10008d4e:	48c1      	ldr	r0, [pc, #772]	@ (10009054 <TP_DrawBoard+0x37c>)
10008d50:	8862      	ldrh	r2, [r4, #2]
10008d52:	8821      	ldrh	r1, [r4, #0]
10008d54:	f7fb fa06 	bl	10004164 <__wrap_printf>
10008d58:	882b      	ldrh	r3, [r5, #0]
10008d5a:	8826      	ldrh	r6, [r4, #0]
10008d5c:	3b3b      	subs	r3, #59	@ 0x3b
10008d5e:	42b3      	cmp	r3, r6
10008d60:	dc04      	bgt.n	10008d6c <TP_DrawBoard+0x94>
10008d62:	9b04      	ldr	r3, [sp, #16]
10008d64:	885b      	ldrh	r3, [r3, #2]
10008d66:	2b0f      	cmp	r3, #15
10008d68:	d800      	bhi.n	10008d6c <TP_DrawBoard+0x94>
10008d6a:	e206      	b.n	1000917a <TP_DrawBoard+0x4a2>
10008d6c:	0033      	movs	r3, r6
10008d6e:	3b55      	subs	r3, #85	@ 0x55
10008d70:	3bff      	subs	r3, #255	@ 0xff
10008d72:	2b5a      	cmp	r3, #90	@ 0x5a
10008d74:	d804      	bhi.n	10008d80 <TP_DrawBoard+0xa8>
10008d76:	9b04      	ldr	r3, [sp, #16]
10008d78:	885a      	ldrh	r2, [r3, #2]
10008d7a:	2a32      	cmp	r2, #50	@ 0x32
10008d7c:	d800      	bhi.n	10008d80 <TP_DrawBoard+0xa8>
10008d7e:	e22f      	b.n	100091e0 <TP_DrawBoard+0x508>
10008d80:	2300      	movs	r3, #0
10008d82:	9904      	ldr	r1, [sp, #16]
10008d84:	228b      	movs	r2, #139	@ 0x8b
10008d86:	808b      	strh	r3, [r1, #4]
10008d88:	0033      	movs	r3, r6
10008d8a:	3b65      	subs	r3, #101	@ 0x65
10008d8c:	b29b      	uxth	r3, r3
10008d8e:	0052      	lsls	r2, r2, #1
10008d90:	4293      	cmp	r3, r2
10008d92:	d900      	bls.n	10008d96 <TP_DrawBoard+0xbe>
10008d94:	e17d      	b.n	10009092 <TP_DrawBoard+0x3ba>
10008d96:	884d      	ldrh	r5, [r1, #2]
10008d98:	002b      	movs	r3, r5
10008d9a:	3b33      	subs	r3, #51	@ 0x33
10008d9c:	2bee      	cmp	r3, #238	@ 0xee
10008d9e:	d900      	bls.n	10008da2 <TP_DrawBoard+0xca>
10008da0:	e177      	b.n	10009092 <TP_DrawBoard+0x3ba>
10008da2:	4bad      	ldr	r3, [pc, #692]	@ (10009058 <TP_DrawBoard+0x380>)
10008da4:	4fad      	ldr	r7, [pc, #692]	@ (1000905c <TP_DrawBoard+0x384>)
10008da6:	4699      	mov	r9, r3
10008da8:	681b      	ldr	r3, [r3, #0]
10008daa:	9316      	str	r3, [sp, #88]	@ 0x58
10008dac:	2b00      	cmp	r3, #0
10008dae:	db04      	blt.n	10008dba <TP_DrawBoard+0xe2>
10008db0:	683b      	ldr	r3, [r7, #0]
10008db2:	9317      	str	r3, [sp, #92]	@ 0x5c
10008db4:	2b00      	cmp	r3, #0
10008db6:	db00      	blt.n	10008dba <TP_DrawBoard+0xe2>
10008db8:	e21b      	b.n	100091f2 <TP_DrawBoard+0x51a>
10008dba:	00ab      	lsls	r3, r5, #2
10008dbc:	195b      	adds	r3, r3, r5
10008dbe:	00da      	lsls	r2, r3, #3
10008dc0:	1ad2      	subs	r2, r2, r3
10008dc2:	4ba7      	ldr	r3, [pc, #668]	@ (10009060 <TP_DrawBoard+0x388>)
10008dc4:	00d2      	lsls	r2, r2, #3
10008dc6:	469c      	mov	ip, r3
10008dc8:	4ba6      	ldr	r3, [pc, #664]	@ (10009064 <TP_DrawBoard+0x38c>)
10008dca:	4462      	add	r2, ip
10008dcc:	1992      	adds	r2, r2, r6
10008dce:	18d2      	adds	r2, r2, r3
10008dd0:	236a      	movs	r3, #106	@ 0x6a
10008dd2:	425b      	negs	r3, r3
10008dd4:	469b      	mov	fp, r3
10008dd6:	3301      	adds	r3, #1
10008dd8:	469c      	mov	ip, r3
10008dda:	44b4      	add	ip, r6
10008ddc:	4663      	mov	r3, ip
10008dde:	930a      	str	r3, [sp, #40]	@ 0x28
10008de0:	2368      	movs	r3, #104	@ 0x68
10008de2:	425b      	negs	r3, r3
10008de4:	469c      	mov	ip, r3
10008de6:	44b4      	add	ip, r6
10008de8:	4663      	mov	r3, ip
10008dea:	930b      	str	r3, [sp, #44]	@ 0x2c
10008dec:	2367      	movs	r3, #103	@ 0x67
10008dee:	425b      	negs	r3, r3
10008df0:	469c      	mov	ip, r3
10008df2:	44b4      	add	ip, r6
10008df4:	4663      	mov	r3, ip
10008df6:	930c      	str	r3, [sp, #48]	@ 0x30
10008df8:	2366      	movs	r3, #102	@ 0x66
10008dfa:	425b      	negs	r3, r3
10008dfc:	469c      	mov	ip, r3
10008dfe:	44b4      	add	ip, r6
10008e00:	4663      	mov	r3, ip
10008e02:	930d      	str	r3, [sp, #52]	@ 0x34
10008e04:	2362      	movs	r3, #98	@ 0x62
10008e06:	425b      	negs	r3, r3
10008e08:	469c      	mov	ip, r3
10008e0a:	44b4      	add	ip, r6
10008e0c:	4663      	mov	r3, ip
10008e0e:	9306      	str	r3, [sp, #24]
10008e10:	2361      	movs	r3, #97	@ 0x61
10008e12:	425b      	negs	r3, r3
10008e14:	469c      	mov	ip, r3
10008e16:	44b4      	add	ip, r6
10008e18:	4663      	mov	r3, ip
10008e1a:	9307      	str	r3, [sp, #28]
10008e1c:	2360      	movs	r3, #96	@ 0x60
10008e1e:	425b      	negs	r3, r3
10008e20:	469c      	mov	ip, r3
10008e22:	44b4      	add	ip, r6
10008e24:	4663      	mov	r3, ip
10008e26:	9308      	str	r3, [sp, #32]
10008e28:	235f      	movs	r3, #95	@ 0x5f
10008e2a:	425b      	negs	r3, r3
10008e2c:	469c      	mov	ip, r3
10008e2e:	44b4      	add	ip, r6
10008e30:	4663      	mov	r3, ip
10008e32:	9309      	str	r3, [sp, #36]	@ 0x24
10008e34:	235e      	movs	r3, #94	@ 0x5e
10008e36:	425b      	negs	r3, r3
10008e38:	469c      	mov	ip, r3
10008e3a:	2132      	movs	r1, #50	@ 0x32
10008e3c:	44b4      	add	ip, r6
10008e3e:	4663      	mov	r3, ip
10008e40:	4249      	negs	r1, r1
10008e42:	4688      	mov	r8, r1
10008e44:	3133      	adds	r1, #51	@ 0x33
10008e46:	208c      	movs	r0, #140	@ 0x8c
10008e48:	468a      	mov	sl, r1
10008e4a:	9305      	str	r3, [sp, #20]
10008e4c:	4649      	mov	r1, r9
10008e4e:	2306      	movs	r3, #6
10008e50:	46b1      	mov	r9, r6
10008e52:	44b3      	add	fp, r6
10008e54:	425b      	negs	r3, r3
10008e56:	44a8      	add	r8, r5
10008e58:	0040      	lsls	r0, r0, #1
10008e5a:	950e      	str	r5, [sp, #56]	@ 0x38
10008e5c:	910f      	str	r1, [sp, #60]	@ 0x3c
10008e5e:	9710      	str	r7, [sp, #64]	@ 0x40
10008e60:	e044      	b.n	10008eec <TP_DrawBoard+0x214>
10008e62:	2501      	movs	r5, #1
10008e64:	7015      	strb	r5, [r2, #0]
10008e66:	000d      	movs	r5, r1
10008e68:	3519      	adds	r5, #25
10008e6a:	2601      	movs	r6, #1
10008e6c:	000f      	movs	r7, r1
10008e6e:	7056      	strb	r6, [r2, #1]
10008e70:	3710      	adds	r7, #16
10008e72:	2601      	movs	r6, #1
10008e74:	7096      	strb	r6, [r2, #2]
10008e76:	3608      	adds	r6, #8
10008e78:	46b4      	mov	ip, r6
10008e7a:	448c      	add	ip, r1
10008e7c:	2601      	movs	r6, #1
10008e7e:	70d6      	strb	r6, [r2, #3]
10008e80:	1d0e      	adds	r6, r1, #4
10008e82:	2101      	movs	r1, #1
10008e84:	7111      	strb	r1, [r2, #4]
10008e86:	4651      	mov	r1, sl
10008e88:	7151      	strb	r1, [r2, #5]
10008e8a:	7191      	strb	r1, [r2, #6]
10008e8c:	217c      	movs	r1, #124	@ 0x7c
10008e8e:	31ff      	adds	r1, #255	@ 0xff
10008e90:	4589      	cmp	r9, r1
10008e92:	d001      	beq.n	10008e98 <TP_DrawBoard+0x1c0>
10008e94:	4651      	mov	r1, sl
10008e96:	71d1      	strb	r1, [r2, #7]
10008e98:	2e24      	cmp	r6, #36	@ 0x24
10008e9a:	dc04      	bgt.n	10008ea6 <TP_DrawBoard+0x1ce>
10008e9c:	9906      	ldr	r1, [sp, #24]
10008e9e:	4281      	cmp	r1, r0
10008ea0:	d201      	bcs.n	10008ea6 <TP_DrawBoard+0x1ce>
10008ea2:	2101      	movs	r1, #1
10008ea4:	7211      	strb	r1, [r2, #8]
10008ea6:	4661      	mov	r1, ip
10008ea8:	2924      	cmp	r1, #36	@ 0x24
10008eaa:	dc04      	bgt.n	10008eb6 <TP_DrawBoard+0x1de>
10008eac:	9907      	ldr	r1, [sp, #28]
10008eae:	4281      	cmp	r1, r0
10008eb0:	d201      	bcs.n	10008eb6 <TP_DrawBoard+0x1de>
10008eb2:	2101      	movs	r1, #1
10008eb4:	7251      	strb	r1, [r2, #9]
10008eb6:	2f24      	cmp	r7, #36	@ 0x24
10008eb8:	dc04      	bgt.n	10008ec4 <TP_DrawBoard+0x1ec>
10008eba:	9908      	ldr	r1, [sp, #32]
10008ebc:	4281      	cmp	r1, r0
10008ebe:	d201      	bcs.n	10008ec4 <TP_DrawBoard+0x1ec>
10008ec0:	2101      	movs	r1, #1
10008ec2:	7291      	strb	r1, [r2, #10]
10008ec4:	2d24      	cmp	r5, #36	@ 0x24
10008ec6:	dc04      	bgt.n	10008ed2 <TP_DrawBoard+0x1fa>
10008ec8:	9909      	ldr	r1, [sp, #36]	@ 0x24
10008eca:	4281      	cmp	r1, r0
10008ecc:	d201      	bcs.n	10008ed2 <TP_DrawBoard+0x1fa>
10008ece:	2101      	movs	r1, #1
10008ed0:	72d1      	strb	r1, [r2, #11]
10008ed2:	2c24      	cmp	r4, #36	@ 0x24
10008ed4:	dc04      	bgt.n	10008ee0 <TP_DrawBoard+0x208>
10008ed6:	9905      	ldr	r1, [sp, #20]
10008ed8:	4281      	cmp	r1, r0
10008eda:	d201      	bcs.n	10008ee0 <TP_DrawBoard+0x208>
10008edc:	2101      	movs	r1, #1
10008ede:	7311      	strb	r1, [r2, #12]
10008ee0:	3219      	adds	r2, #25
10008ee2:	3301      	adds	r3, #1
10008ee4:	32ff      	adds	r2, #255	@ 0xff
10008ee6:	2b07      	cmp	r3, #7
10008ee8:	d100      	bne.n	10008eec <TP_DrawBoard+0x214>
10008eea:	e0bf      	b.n	1000906c <TP_DrawBoard+0x394>
10008eec:	4641      	mov	r1, r8
10008eee:	18c9      	adds	r1, r1, r3
10008ef0:	29ef      	cmp	r1, #239	@ 0xef
10008ef2:	d8f5      	bhi.n	10008ee0 <TP_DrawBoard+0x208>
10008ef4:	0019      	movs	r1, r3
10008ef6:	4359      	muls	r1, r3
10008ef8:	000c      	movs	r4, r1
10008efa:	3424      	adds	r4, #36	@ 0x24
10008efc:	2c24      	cmp	r4, #36	@ 0x24
10008efe:	dd00      	ble.n	10008f02 <TP_DrawBoard+0x22a>
10008f00:	e120      	b.n	10009144 <TP_DrawBoard+0x46c>
10008f02:	4583      	cmp	fp, r0
10008f04:	d3ad      	bcc.n	10008e62 <TP_DrawBoard+0x18a>
10008f06:	000d      	movs	r5, r1
10008f08:	3519      	adds	r5, #25
10008f0a:	9e0a      	ldr	r6, [sp, #40]	@ 0x28
10008f0c:	4286      	cmp	r6, r0
10008f0e:	d3ac      	bcc.n	10008e6a <TP_DrawBoard+0x192>
10008f10:	000f      	movs	r7, r1
10008f12:	3710      	adds	r7, #16
10008f14:	9e0b      	ldr	r6, [sp, #44]	@ 0x2c
10008f16:	4286      	cmp	r6, r0
10008f18:	d3ab      	bcc.n	10008e72 <TP_DrawBoard+0x19a>
10008f1a:	2609      	movs	r6, #9
10008f1c:	46b4      	mov	ip, r6
10008f1e:	448c      	add	ip, r1
10008f20:	9e0c      	ldr	r6, [sp, #48]	@ 0x30
10008f22:	4286      	cmp	r6, r0
10008f24:	d3aa      	bcc.n	10008e7c <TP_DrawBoard+0x1a4>
10008f26:	1d0e      	adds	r6, r1, #4
10008f28:	990d      	ldr	r1, [sp, #52]	@ 0x34
10008f2a:	4281      	cmp	r1, r0
10008f2c:	d2ab      	bcs.n	10008e86 <TP_DrawBoard+0x1ae>
10008f2e:	e7a8      	b.n	10008e82 <TP_DrawBoard+0x1aa>
10008f30:	0023      	movs	r3, r4
10008f32:	3331      	adds	r3, #49	@ 0x31
10008f34:	42ab      	cmp	r3, r5
10008f36:	da00      	bge.n	10008f3a <TP_DrawBoard+0x262>
10008f38:	e07d      	b.n	10009036 <TP_DrawBoard+0x35e>
10008f3a:	42b7      	cmp	r7, r6
10008f3c:	d306      	bcc.n	10008f4c <TP_DrawBoard+0x274>
10008f3e:	0033      	movs	r3, r6
10008f40:	3331      	adds	r3, #49	@ 0x31
10008f42:	42bb      	cmp	r3, r7
10008f44:	da07      	bge.n	10008f56 <TP_DrawBoard+0x27e>
10008f46:	42b7      	cmp	r7, r6
10008f48:	d000      	beq.n	10008f4c <TP_DrawBoard+0x274>
10008f4a:	e6f0      	b.n	10008d2e <TP_DrawBoard+0x56>
10008f4c:	003b      	movs	r3, r7
10008f4e:	3331      	adds	r3, #49	@ 0x31
10008f50:	42b3      	cmp	r3, r6
10008f52:	da00      	bge.n	10008f56 <TP_DrawBoard+0x27e>
10008f54:	e6eb      	b.n	10008d2e <TP_DrawBoard+0x56>
10008f56:	192d      	adds	r5, r5, r4
10008f58:	4c3a      	ldr	r4, [pc, #232]	@ (10009044 <TP_DrawBoard+0x36c>)
10008f5a:	19f0      	adds	r0, r6, r7
10008f5c:	6923      	ldr	r3, [r4, #16]
10008f5e:	106d      	asrs	r5, r5, #1
10008f60:	1040      	asrs	r0, r0, #1
10008f62:	80a5      	strh	r5, [r4, #4]
10008f64:	80e0      	strh	r0, [r4, #6]
10008f66:	469b      	mov	fp, r3
10008f68:	f7f9 fa6c 	bl	10002444 <__wrap___aeabi_i2f>
10008f6c:	4681      	mov	r9, r0
10008f6e:	230a      	movs	r3, #10
10008f70:	5ee0      	ldrsh	r0, [r4, r3]
10008f72:	f7f9 fa67 	bl	10002444 <__wrap___aeabi_i2f>
10008f76:	6963      	ldr	r3, [r4, #20]
10008f78:	1c07      	adds	r7, r0, #0
10008f7a:	0028      	movs	r0, r5
10008f7c:	469a      	mov	sl, r3
10008f7e:	f7f9 fa61 	bl	10002444 <__wrap___aeabi_i2f>
10008f82:	4680      	mov	r8, r0
10008f84:	230c      	movs	r3, #12
10008f86:	5ee0      	ldrsh	r0, [r4, r3]
10008f88:	f7f9 fa5c 	bl	10002444 <__wrap___aeabi_i2f>
10008f8c:	4b36      	ldr	r3, [pc, #216]	@ (10009068 <TP_DrawBoard+0x390>)
10008f8e:	1c06      	adds	r6, r0, #0
10008f90:	781b      	ldrb	r3, [r3, #0]
10008f92:	2b52      	cmp	r3, #82	@ 0x52
10008f94:	d100      	bne.n	10008f98 <TP_DrawBoard+0x2c0>
10008f96:	e081      	b.n	1000909c <TP_DrawBoard+0x3c4>
10008f98:	7e25      	ldrb	r5, [r4, #24]
10008f9a:	2d03      	cmp	r5, #3
10008f9c:	d100      	bne.n	10008fa0 <TP_DrawBoard+0x2c8>
10008f9e:	e0a7      	b.n	100090f0 <TP_DrawBoard+0x418>
10008fa0:	2d00      	cmp	r5, #0
10008fa2:	d100      	bne.n	10008fa6 <TP_DrawBoard+0x2ce>
10008fa4:	e07a      	b.n	1000909c <TP_DrawBoard+0x3c4>
10008fa6:	4649      	mov	r1, r9
10008fa8:	4658      	mov	r0, fp
10008faa:	f7f9 fa10 	bl	100023ce <__wrap___aeabi_fmul>
10008fae:	4641      	mov	r1, r8
10008fb0:	4681      	mov	r9, r0
10008fb2:	4650      	mov	r0, sl
10008fb4:	f7f9 fa0b 	bl	100023ce <__wrap___aeabi_fmul>
10008fb8:	4680      	mov	r8, r0
10008fba:	2d05      	cmp	r5, #5
10008fbc:	d100      	bne.n	10008fc0 <TP_DrawBoard+0x2e8>
10008fbe:	e0af      	b.n	10009120 <TP_DrawBoard+0x448>
10008fc0:	4d21      	ldr	r5, [pc, #132]	@ (10009048 <TP_DrawBoard+0x370>)
10008fc2:	4b1f      	ldr	r3, [pc, #124]	@ (10009040 <TP_DrawBoard+0x368>)
10008fc4:	8828      	ldrh	r0, [r5, #0]
10008fc6:	9304      	str	r3, [sp, #16]
10008fc8:	f7f9 fa3c 	bl	10002444 <__wrap___aeabi_i2f>
10008fcc:	4649      	mov	r1, r9
10008fce:	f7f9 f9e4 	bl	1000239a <__wrap___aeabi_fsub>
10008fd2:	1c39      	adds	r1, r7, #0
10008fd4:	f7f9 f9e1 	bl	1000239a <__wrap___aeabi_fsub>
10008fd8:	f7f9 fa56 	bl	10002488 <__wrap___aeabi_f2uiz>
10008fdc:	9f04      	ldr	r7, [sp, #16]
10008fde:	8038      	strh	r0, [r7, #0]
10008fe0:	8868      	ldrh	r0, [r5, #2]
10008fe2:	f7f9 fa2f 	bl	10002444 <__wrap___aeabi_i2f>
10008fe6:	4641      	mov	r1, r8
10008fe8:	f7f9 f9d7 	bl	1000239a <__wrap___aeabi_fsub>
10008fec:	1c31      	adds	r1, r6, #0
10008fee:	f7f9 f9d4 	bl	1000239a <__wrap___aeabi_fsub>
10008ff2:	f7f9 fa49 	bl	10002488 <__wrap___aeabi_f2uiz>
10008ff6:	8078      	strh	r0, [r7, #2]
10008ff8:	e69d      	b.n	10008d36 <TP_DrawBoard+0x5e>
10008ffa:	2208      	movs	r2, #8
10008ffc:	4b11      	ldr	r3, [pc, #68]	@ (10009044 <TP_DrawBoard+0x36c>)
10008ffe:	569a      	ldrsb	r2, [r3, r2]
10009000:	7a19      	ldrb	r1, [r3, #8]
10009002:	2a00      	cmp	r2, #0
10009004:	db13      	blt.n	1000902e <TP_DrawBoard+0x356>
10009006:	2200      	movs	r2, #0
10009008:	601a      	str	r2, [r3, #0]
1000900a:	3a01      	subs	r2, #1
1000900c:	605a      	str	r2, [r3, #4]
1000900e:	2201      	movs	r2, #1
10009010:	4b11      	ldr	r3, [pc, #68]	@ (10009058 <TP_DrawBoard+0x380>)
10009012:	4252      	negs	r2, r2
10009014:	601a      	str	r2, [r3, #0]
10009016:	4b11      	ldr	r3, [pc, #68]	@ (1000905c <TP_DrawBoard+0x384>)
10009018:	601a      	str	r2, [r3, #0]
1000901a:	20ff      	movs	r0, #255	@ 0xff
1000901c:	f000 fb76 	bl	1000970c <SPI4W_Write_Byte>
10009020:	b01f      	add	sp, #124	@ 0x7c
10009022:	bcf0      	pop	{r4, r5, r6, r7}
10009024:	46bb      	mov	fp, r7
10009026:	46b2      	mov	sl, r6
10009028:	46a9      	mov	r9, r5
1000902a:	46a0      	mov	r8, r4
1000902c:	bdf0      	pop	{r4, r5, r6, r7, pc}
1000902e:	227f      	movs	r2, #127	@ 0x7f
10009030:	400a      	ands	r2, r1
10009032:	721a      	strb	r2, [r3, #8]
10009034:	e7eb      	b.n	1000900e <TP_DrawBoard+0x336>
10009036:	42a5      	cmp	r5, r4
10009038:	d000      	beq.n	1000903c <TP_DrawBoard+0x364>
1000903a:	e678      	b.n	10008d2e <TP_DrawBoard+0x56>
1000903c:	e672      	b.n	10008d24 <TP_DrawBoard+0x4c>
1000903e:	46c0      	nop			@ (mov r8, r8)
10009040:	20012964 	.word	0x20012964
10009044:	20012948 	.word	0x20012948
10009048:	2001293c 	.word	0x2001293c
1000904c:	00989680 	.word	0x00989680
10009050:	40040000 	.word	0x40040000
10009054:	1000a604 	.word	0x1000a604
10009058:	200010fc 	.word	0x200010fc
1000905c:	200010f8 	.word	0x200010f8
10009060:	ffffc256 	.word	0xffffc256
10009064:	200022bc 	.word	0x200022bc
10009068:	20012aa5 	.word	0x20012aa5
1000906c:	9b0f      	ldr	r3, [sp, #60]	@ 0x3c
1000906e:	464e      	mov	r6, r9
10009070:	4699      	mov	r9, r3
10009072:	9d0e      	ldr	r5, [sp, #56]	@ 0x38
10009074:	9f10      	ldr	r7, [sp, #64]	@ 0x40
10009076:	2302      	movs	r3, #2
10009078:	2200      	movs	r2, #0
1000907a:	0029      	movs	r1, r5
1000907c:	9300      	str	r3, [sp, #0]
1000907e:	0030      	movs	r0, r6
10009080:	3302      	adds	r3, #2
10009082:	f7ff fb1f 	bl	100086c4 <GUI_DrawPoint>
10009086:	4649      	mov	r1, r9
10009088:	9a04      	ldr	r2, [sp, #16]
1000908a:	8813      	ldrh	r3, [r2, #0]
1000908c:	600b      	str	r3, [r1, #0]
1000908e:	8853      	ldrh	r3, [r2, #2]
10009090:	603b      	str	r3, [r7, #0]
10009092:	49d1      	ldr	r1, [pc, #836]	@ (100093d8 <TP_DrawBoard+0x700>)
10009094:	48d1      	ldr	r0, [pc, #836]	@ (100093dc <TP_DrawBoard+0x704>)
10009096:	f7fd fa07 	bl	100064a8 <spi_init>
1000909a:	e7be      	b.n	1000901a <TP_DrawBoard+0x342>
1000909c:	4dd0      	ldr	r5, [pc, #832]	@ (100093e0 <TP_DrawBoard+0x708>)
1000909e:	4bd1      	ldr	r3, [pc, #836]	@ (100093e4 <TP_DrawBoard+0x70c>)
100090a0:	8828      	ldrh	r0, [r5, #0]
100090a2:	9304      	str	r3, [sp, #16]
100090a4:	f7f9 f9ce 	bl	10002444 <__wrap___aeabi_i2f>
100090a8:	4641      	mov	r1, r8
100090aa:	9005      	str	r0, [sp, #20]
100090ac:	4658      	mov	r0, fp
100090ae:	f7f9 f98e 	bl	100023ce <__wrap___aeabi_fmul>
100090b2:	1c01      	adds	r1, r0, #0
100090b4:	9805      	ldr	r0, [sp, #20]
100090b6:	f7f9 f970 	bl	1000239a <__wrap___aeabi_fsub>
100090ba:	1c39      	adds	r1, r7, #0
100090bc:	f7f9 f96d 	bl	1000239a <__wrap___aeabi_fsub>
100090c0:	f7f9 f9e2 	bl	10002488 <__wrap___aeabi_f2uiz>
100090c4:	9b04      	ldr	r3, [sp, #16]
100090c6:	8018      	strh	r0, [r3, #0]
100090c8:	8868      	ldrh	r0, [r5, #2]
100090ca:	f7f9 f9bb 	bl	10002444 <__wrap___aeabi_i2f>
100090ce:	4651      	mov	r1, sl
100090d0:	1c07      	adds	r7, r0, #0
100090d2:	4648      	mov	r0, r9
100090d4:	f7f9 f97b 	bl	100023ce <__wrap___aeabi_fmul>
100090d8:	1c01      	adds	r1, r0, #0
100090da:	1c38      	adds	r0, r7, #0
100090dc:	f7f9 f95d 	bl	1000239a <__wrap___aeabi_fsub>
100090e0:	1c31      	adds	r1, r6, #0
100090e2:	f7f9 f95a 	bl	1000239a <__wrap___aeabi_fsub>
100090e6:	f7f9 f9cf 	bl	10002488 <__wrap___aeabi_f2uiz>
100090ea:	9b04      	ldr	r3, [sp, #16]
100090ec:	8058      	strh	r0, [r3, #2]
100090ee:	e622      	b.n	10008d36 <TP_DrawBoard+0x5e>
100090f0:	4dbc      	ldr	r5, [pc, #752]	@ (100093e4 <TP_DrawBoard+0x70c>)
100090f2:	4641      	mov	r1, r8
100090f4:	4658      	mov	r0, fp
100090f6:	9504      	str	r5, [sp, #16]
100090f8:	f7f9 f969 	bl	100023ce <__wrap___aeabi_fmul>
100090fc:	1c39      	adds	r1, r7, #0
100090fe:	f7f9 f94f 	bl	100023a0 <__wrap___aeabi_fadd>
10009102:	f7f9 f9c1 	bl	10002488 <__wrap___aeabi_f2uiz>
10009106:	4651      	mov	r1, sl
10009108:	8028      	strh	r0, [r5, #0]
1000910a:	4648      	mov	r0, r9
1000910c:	f7f9 f95f 	bl	100023ce <__wrap___aeabi_fmul>
10009110:	1c31      	adds	r1, r6, #0
10009112:	f7f9 f945 	bl	100023a0 <__wrap___aeabi_fadd>
10009116:	f7f9 f9b7 	bl	10002488 <__wrap___aeabi_f2uiz>
1000911a:	8068      	strh	r0, [r5, #2]
1000911c:	4db0      	ldr	r5, [pc, #704]	@ (100093e0 <TP_DrawBoard+0x708>)
1000911e:	e60a      	b.n	10008d36 <TP_DrawBoard+0x5e>
10009120:	4db0      	ldr	r5, [pc, #704]	@ (100093e4 <TP_DrawBoard+0x70c>)
10009122:	1c39      	adds	r1, r7, #0
10009124:	4648      	mov	r0, r9
10009126:	9504      	str	r5, [sp, #16]
10009128:	f7f9 f93a 	bl	100023a0 <__wrap___aeabi_fadd>
1000912c:	f7f9 f9ac 	bl	10002488 <__wrap___aeabi_f2uiz>
10009130:	1c31      	adds	r1, r6, #0
10009132:	8028      	strh	r0, [r5, #0]
10009134:	4640      	mov	r0, r8
10009136:	f7f9 f933 	bl	100023a0 <__wrap___aeabi_fadd>
1000913a:	f7f9 f9a5 	bl	10002488 <__wrap___aeabi_f2uiz>
1000913e:	8068      	strh	r0, [r5, #2]
10009140:	4da7      	ldr	r5, [pc, #668]	@ (100093e0 <TP_DrawBoard+0x708>)
10009142:	e5f8      	b.n	10008d36 <TP_DrawBoard+0x5e>
10009144:	000d      	movs	r5, r1
10009146:	3519      	adds	r5, #25
10009148:	2d24      	cmp	r5, #36	@ 0x24
1000914a:	dc00      	bgt.n	1000914e <TP_DrawBoard+0x476>
1000914c:	e6dd      	b.n	10008f0a <TP_DrawBoard+0x232>
1000914e:	000f      	movs	r7, r1
10009150:	3710      	adds	r7, #16
10009152:	2f24      	cmp	r7, #36	@ 0x24
10009154:	dc00      	bgt.n	10009158 <TP_DrawBoard+0x480>
10009156:	e6dd      	b.n	10008f14 <TP_DrawBoard+0x23c>
10009158:	2609      	movs	r6, #9
1000915a:	46b4      	mov	ip, r6
1000915c:	448c      	add	ip, r1
1000915e:	4666      	mov	r6, ip
10009160:	2e24      	cmp	r6, #36	@ 0x24
10009162:	dc00      	bgt.n	10009166 <TP_DrawBoard+0x48e>
10009164:	e6dc      	b.n	10008f20 <TP_DrawBoard+0x248>
10009166:	1d0e      	adds	r6, r1, #4
10009168:	2e24      	cmp	r6, #36	@ 0x24
1000916a:	dc00      	bgt.n	1000916e <TP_DrawBoard+0x496>
1000916c:	e6dc      	b.n	10008f28 <TP_DrawBoard+0x250>
1000916e:	2924      	cmp	r1, #36	@ 0x24
10009170:	d000      	beq.n	10009174 <TP_DrawBoard+0x49c>
10009172:	e688      	b.n	10008e86 <TP_DrawBoard+0x1ae>
10009174:	4651      	mov	r1, sl
10009176:	7191      	strb	r1, [r2, #6]
10009178:	e6ab      	b.n	10008ed2 <TP_DrawBoard+0x1fa>
1000917a:	2201      	movs	r2, #1
1000917c:	4e9a      	ldr	r6, [pc, #616]	@ (100093e8 <TP_DrawBoard+0x710>)
1000917e:	4b9b      	ldr	r3, [pc, #620]	@ (100093ec <TP_DrawBoard+0x714>)
10009180:	4f9b      	ldr	r7, [pc, #620]	@ (100093f0 <TP_DrawBoard+0x718>)
10009182:	4252      	negs	r2, r2
10009184:	0030      	movs	r0, r6
10009186:	2400      	movs	r4, #0
10009188:	601a      	str	r2, [r3, #0]
1000918a:	603a      	str	r2, [r7, #0]
1000918c:	f7ff f8c6 	bl	1000831c <LCD_Clear>
10009190:	20aa      	movs	r0, #170	@ 0xaa
10009192:	4d98      	ldr	r5, [pc, #608]	@ (100093f4 <TP_DrawBoard+0x71c>)
10009194:	2105      	movs	r1, #5
10009196:	002b      	movs	r3, r5
10009198:	4a97      	ldr	r2, [pc, #604]	@ (100093f8 <TP_DrawBoard+0x720>)
1000919a:	9601      	str	r6, [sp, #4]
1000919c:	0040      	lsls	r0, r0, #1
1000919e:	9400      	str	r4, [sp, #0]
100091a0:	f7ff fb68 	bl	10008874 <GUI_DisString_EN>
100091a4:	20a0      	movs	r0, #160	@ 0xa0
100091a6:	002b      	movs	r3, r5
100091a8:	2105      	movs	r1, #5
100091aa:	4a94      	ldr	r2, [pc, #592]	@ (100093fc <TP_DrawBoard+0x724>)
100091ac:	9601      	str	r6, [sp, #4]
100091ae:	30ff      	adds	r0, #255	@ 0xff
100091b0:	9400      	str	r4, [sp, #0]
100091b2:	f7ff fb5f 	bl	10008874 <GUI_DisString_EN>
100091b6:	2302      	movs	r3, #2
100091b8:	22be      	movs	r2, #190	@ 0xbe
100091ba:	9302      	str	r3, [sp, #8]
100091bc:	3321      	adds	r3, #33	@ 0x21
100091be:	2132      	movs	r1, #50	@ 0x32
100091c0:	2064      	movs	r0, #100	@ 0x64
100091c2:	33ff      	adds	r3, #255	@ 0xff
100091c4:	0052      	lsls	r2, r2, #1
100091c6:	9401      	str	r4, [sp, #4]
100091c8:	9400      	str	r4, [sp, #0]
100091ca:	f7ff fad3 	bl	10008774 <GUI_DrawRectangle>
100091ce:	4b8c      	ldr	r3, [pc, #560]	@ (10009400 <TP_DrawBoard+0x728>)
100091d0:	2100      	movs	r1, #0
100091d2:	0018      	movs	r0, r3
100091d4:	4a8b      	ldr	r2, [pc, #556]	@ (10009404 <TP_DrawBoard+0x72c>)
100091d6:	f7f9 f9cd 	bl	10002574 <__wrap_memset>
100091da:	9b04      	ldr	r3, [sp, #16]
100091dc:	881e      	ldrh	r6, [r3, #0]
100091de:	e5cf      	b.n	10008d80 <TP_DrawBoard+0xa8>
100091e0:	0031      	movs	r1, r6
100091e2:	4889      	ldr	r0, [pc, #548]	@ (10009408 <TP_DrawBoard+0x730>)
100091e4:	f7fa ffbe 	bl	10004164 <__wrap_printf>
100091e8:	f7ff fcd2 	bl	10008b90 <TP_Save>
100091ec:	9b04      	ldr	r3, [sp, #16]
100091ee:	881e      	ldrh	r6, [r3, #0]
100091f0:	e5c6      	b.n	10008d80 <TP_DrawBoard+0xa8>
100091f2:	9a16      	ldr	r2, [sp, #88]	@ 0x58
100091f4:	1ae9      	subs	r1, r5, r3
100091f6:	1ab2      	subs	r2, r6, r2
100091f8:	0013      	movs	r3, r2
100091fa:	9218      	str	r2, [sp, #96]	@ 0x60
100091fc:	17d2      	asrs	r2, r2, #31
100091fe:	189b      	adds	r3, r3, r2
10009200:	4053      	eors	r3, r2
10009202:	17ca      	asrs	r2, r1, #31
10009204:	9119      	str	r1, [sp, #100]	@ 0x64
10009206:	1889      	adds	r1, r1, r2
10009208:	4051      	eors	r1, r2
1000920a:	9115      	str	r1, [sp, #84]	@ 0x54
1000920c:	4299      	cmp	r1, r3
1000920e:	da00      	bge.n	10009212 <TP_DrawBoard+0x53a>
10009210:	9315      	str	r3, [sp, #84]	@ 0x54
10009212:	9b15      	ldr	r3, [sp, #84]	@ 0x54
10009214:	2b00      	cmp	r3, #0
10009216:	d100      	bne.n	1000921a <TP_DrawBoard+0x542>
10009218:	e12b      	b.n	10009472 <TP_DrawBoard+0x79a>
1000921a:	3301      	adds	r3, #1
1000921c:	931a      	str	r3, [sp, #104]	@ 0x68
1000921e:	2300      	movs	r3, #0
10009220:	248c      	movs	r4, #140	@ 0x8c
10009222:	961c      	str	r6, [sp, #112]	@ 0x70
10009224:	46a8      	mov	r8, r5
10009226:	464e      	mov	r6, r9
10009228:	9313      	str	r3, [sp, #76]	@ 0x4c
1000922a:	9312      	str	r3, [sp, #72]	@ 0x48
1000922c:	9314      	str	r3, [sp, #80]	@ 0x50
1000922e:	4b74      	ldr	r3, [pc, #464]	@ (10009400 <TP_DrawBoard+0x728>)
10009230:	0064      	lsls	r4, r4, #1
10009232:	931b      	str	r3, [sp, #108]	@ 0x6c
10009234:	971d      	str	r7, [sp, #116]	@ 0x74
10009236:	9d15      	ldr	r5, [sp, #84]	@ 0x54
10009238:	9812      	ldr	r0, [sp, #72]	@ 0x48
1000923a:	0029      	movs	r1, r5
1000923c:	f7f8 fcf6 	bl	10001c2c <__wrap___aeabi_idiv>
10009240:	9b16      	ldr	r3, [sp, #88]	@ 0x58
10009242:	0029      	movs	r1, r5
10009244:	18c7      	adds	r7, r0, r3
10009246:	9813      	ldr	r0, [sp, #76]	@ 0x4c
10009248:	f7f8 fcf0 	bl	10001c2c <__wrap___aeabi_idiv>
1000924c:	9b17      	ldr	r3, [sp, #92]	@ 0x5c
1000924e:	043f      	lsls	r7, r7, #16
10009250:	18c2      	adds	r2, r0, r3
10009252:	4b6e      	ldr	r3, [pc, #440]	@ (1000940c <TP_DrawBoard+0x734>)
10009254:	0c3f      	lsrs	r7, r7, #16
10009256:	18f9      	adds	r1, r7, r3
10009258:	9b1b      	ldr	r3, [sp, #108]	@ 0x6c
1000925a:	0412      	lsls	r2, r2, #16
1000925c:	469c      	mov	ip, r3
1000925e:	236a      	movs	r3, #106	@ 0x6a
10009260:	0c15      	lsrs	r5, r2, #16
10009262:	0b92      	lsrs	r2, r2, #14
10009264:	1952      	adds	r2, r2, r5
10009266:	425b      	negs	r3, r3
10009268:	00d0      	lsls	r0, r2, #3
1000926a:	469b      	mov	fp, r3
1000926c:	1a82      	subs	r2, r0, r2
1000926e:	3301      	adds	r3, #1
10009270:	469a      	mov	sl, r3
10009272:	00d2      	lsls	r2, r2, #3
10009274:	3301      	adds	r3, #1
10009276:	4699      	mov	r9, r3
10009278:	1889      	adds	r1, r1, r2
1000927a:	3301      	adds	r3, #1
1000927c:	4461      	add	r1, ip
1000927e:	469c      	mov	ip, r3
10009280:	44bc      	add	ip, r7
10009282:	4663      	mov	r3, ip
10009284:	9307      	str	r3, [sp, #28]
10009286:	2366      	movs	r3, #102	@ 0x66
10009288:	425b      	negs	r3, r3
1000928a:	469c      	mov	ip, r3
1000928c:	44bc      	add	ip, r7
1000928e:	4663      	mov	r3, ip
10009290:	9308      	str	r3, [sp, #32]
10009292:	2365      	movs	r3, #101	@ 0x65
10009294:	425b      	negs	r3, r3
10009296:	469c      	mov	ip, r3
10009298:	44bc      	add	ip, r7
1000929a:	4663      	mov	r3, ip
1000929c:	9309      	str	r3, [sp, #36]	@ 0x24
1000929e:	2364      	movs	r3, #100	@ 0x64
100092a0:	425b      	negs	r3, r3
100092a2:	469c      	mov	ip, r3
100092a4:	44bc      	add	ip, r7
100092a6:	4663      	mov	r3, ip
100092a8:	930a      	str	r3, [sp, #40]	@ 0x28
100092aa:	2363      	movs	r3, #99	@ 0x63
100092ac:	425b      	negs	r3, r3
100092ae:	469c      	mov	ip, r3
100092b0:	44bc      	add	ip, r7
100092b2:	4663      	mov	r3, ip
100092b4:	930b      	str	r3, [sp, #44]	@ 0x2c
100092b6:	2362      	movs	r3, #98	@ 0x62
100092b8:	425b      	negs	r3, r3
100092ba:	469c      	mov	ip, r3
100092bc:	44bc      	add	ip, r7
100092be:	4663      	mov	r3, ip
100092c0:	930c      	str	r3, [sp, #48]	@ 0x30
100092c2:	2361      	movs	r3, #97	@ 0x61
100092c4:	425b      	negs	r3, r3
100092c6:	469c      	mov	ip, r3
100092c8:	44bc      	add	ip, r7
100092ca:	4663      	mov	r3, ip
100092cc:	930d      	str	r3, [sp, #52]	@ 0x34
100092ce:	2360      	movs	r3, #96	@ 0x60
100092d0:	425b      	negs	r3, r3
100092d2:	469c      	mov	ip, r3
100092d4:	44bc      	add	ip, r7
100092d6:	4663      	mov	r3, ip
100092d8:	930e      	str	r3, [sp, #56]	@ 0x38
100092da:	235f      	movs	r3, #95	@ 0x5f
100092dc:	425b      	negs	r3, r3
100092de:	469c      	mov	ip, r3
100092e0:	44ba      	add	sl, r7
100092e2:	44bc      	add	ip, r7
100092e4:	4652      	mov	r2, sl
100092e6:	4663      	mov	r3, ip
100092e8:	44b9      	add	r9, r7
100092ea:	930f      	str	r3, [sp, #60]	@ 0x3c
100092ec:	9210      	str	r2, [sp, #64]	@ 0x40
100092ee:	2306      	movs	r3, #6
100092f0:	464a      	mov	r2, r9
100092f2:	44bb      	add	fp, r7
100092f4:	3d32      	subs	r5, #50	@ 0x32
100092f6:	3f5e      	subs	r7, #94	@ 0x5e
100092f8:	46c1      	mov	r9, r8
100092fa:	46b2      	mov	sl, r6
100092fc:	46a8      	mov	r8, r5
100092fe:	9706      	str	r7, [sp, #24]
10009300:	425b      	negs	r3, r3
10009302:	9211      	str	r2, [sp, #68]	@ 0x44
10009304:	e033      	b.n	1000936e <TP_DrawBoard+0x696>
10009306:	9a0a      	ldr	r2, [sp, #40]	@ 0x28
10009308:	42a2      	cmp	r2, r4
1000930a:	d201      	bcs.n	10009310 <TP_DrawBoard+0x638>
1000930c:	2201      	movs	r2, #1
1000930e:	718a      	strb	r2, [r1, #6]
10009310:	9a0b      	ldr	r2, [sp, #44]	@ 0x2c
10009312:	42a2      	cmp	r2, r4
10009314:	d201      	bcs.n	1000931a <TP_DrawBoard+0x642>
10009316:	2201      	movs	r2, #1
10009318:	71ca      	strb	r2, [r1, #7]
1000931a:	4662      	mov	r2, ip
1000931c:	2a24      	cmp	r2, #36	@ 0x24
1000931e:	dc04      	bgt.n	1000932a <TP_DrawBoard+0x652>
10009320:	9a0c      	ldr	r2, [sp, #48]	@ 0x30
10009322:	42a2      	cmp	r2, r4
10009324:	d201      	bcs.n	1000932a <TP_DrawBoard+0x652>
10009326:	2201      	movs	r2, #1
10009328:	720a      	strb	r2, [r1, #8]
1000932a:	9a05      	ldr	r2, [sp, #20]
1000932c:	2a24      	cmp	r2, #36	@ 0x24
1000932e:	dc04      	bgt.n	1000933a <TP_DrawBoard+0x662>
10009330:	9a0d      	ldr	r2, [sp, #52]	@ 0x34
10009332:	42a2      	cmp	r2, r4
10009334:	d201      	bcs.n	1000933a <TP_DrawBoard+0x662>
10009336:	2201      	movs	r2, #1
10009338:	724a      	strb	r2, [r1, #9]
1000933a:	2f24      	cmp	r7, #36	@ 0x24
1000933c:	dc04      	bgt.n	10009348 <TP_DrawBoard+0x670>
1000933e:	9a0e      	ldr	r2, [sp, #56]	@ 0x38
10009340:	42a2      	cmp	r2, r4
10009342:	d201      	bcs.n	10009348 <TP_DrawBoard+0x670>
10009344:	2201      	movs	r2, #1
10009346:	728a      	strb	r2, [r1, #10]
10009348:	2e24      	cmp	r6, #36	@ 0x24
1000934a:	dc04      	bgt.n	10009356 <TP_DrawBoard+0x67e>
1000934c:	9a0f      	ldr	r2, [sp, #60]	@ 0x3c
1000934e:	42a2      	cmp	r2, r4
10009350:	d201      	bcs.n	10009356 <TP_DrawBoard+0x67e>
10009352:	2201      	movs	r2, #1
10009354:	72ca      	strb	r2, [r1, #11]
10009356:	2824      	cmp	r0, #36	@ 0x24
10009358:	dc04      	bgt.n	10009364 <TP_DrawBoard+0x68c>
1000935a:	9a06      	ldr	r2, [sp, #24]
1000935c:	42a2      	cmp	r2, r4
1000935e:	d201      	bcs.n	10009364 <TP_DrawBoard+0x68c>
10009360:	2201      	movs	r2, #1
10009362:	730a      	strb	r2, [r1, #12]
10009364:	3119      	adds	r1, #25
10009366:	3301      	adds	r3, #1
10009368:	31ff      	adds	r1, #255	@ 0xff
1000936a:	2b07      	cmp	r3, #7
1000936c:	d069      	beq.n	10009442 <TP_DrawBoard+0x76a>
1000936e:	4642      	mov	r2, r8
10009370:	18d2      	adds	r2, r2, r3
10009372:	2aef      	cmp	r2, #239	@ 0xef
10009374:	d8f6      	bhi.n	10009364 <TP_DrawBoard+0x68c>
10009376:	001a      	movs	r2, r3
10009378:	435a      	muls	r2, r3
1000937a:	0010      	movs	r0, r2
1000937c:	3024      	adds	r0, #36	@ 0x24
1000937e:	2824      	cmp	r0, #36	@ 0x24
10009380:	dc46      	bgt.n	10009410 <TP_DrawBoard+0x738>
10009382:	45a3      	cmp	fp, r4
10009384:	d201      	bcs.n	1000938a <TP_DrawBoard+0x6b2>
10009386:	2501      	movs	r5, #1
10009388:	700d      	strb	r5, [r1, #0]
1000938a:	0016      	movs	r6, r2
1000938c:	3619      	adds	r6, #25
1000938e:	9d10      	ldr	r5, [sp, #64]	@ 0x40
10009390:	42a5      	cmp	r5, r4
10009392:	d201      	bcs.n	10009398 <TP_DrawBoard+0x6c0>
10009394:	2501      	movs	r5, #1
10009396:	704d      	strb	r5, [r1, #1]
10009398:	0017      	movs	r7, r2
1000939a:	3710      	adds	r7, #16
1000939c:	9d11      	ldr	r5, [sp, #68]	@ 0x44
1000939e:	42a5      	cmp	r5, r4
100093a0:	d201      	bcs.n	100093a6 <TP_DrawBoard+0x6ce>
100093a2:	2501      	movs	r5, #1
100093a4:	708d      	strb	r5, [r1, #2]
100093a6:	0015      	movs	r5, r2
100093a8:	3509      	adds	r5, #9
100093aa:	9505      	str	r5, [sp, #20]
100093ac:	9d07      	ldr	r5, [sp, #28]
100093ae:	42a5      	cmp	r5, r4
100093b0:	d201      	bcs.n	100093b6 <TP_DrawBoard+0x6de>
100093b2:	2501      	movs	r5, #1
100093b4:	70cd      	strb	r5, [r1, #3]
100093b6:	3204      	adds	r2, #4
100093b8:	4694      	mov	ip, r2
100093ba:	9a08      	ldr	r2, [sp, #32]
100093bc:	42a2      	cmp	r2, r4
100093be:	d201      	bcs.n	100093c4 <TP_DrawBoard+0x6ec>
100093c0:	2201      	movs	r2, #1
100093c2:	710a      	strb	r2, [r1, #4]
100093c4:	9a09      	ldr	r2, [sp, #36]	@ 0x24
100093c6:	42a2      	cmp	r2, r4
100093c8:	d29d      	bcs.n	10009306 <TP_DrawBoard+0x62e>
100093ca:	2201      	movs	r2, #1
100093cc:	714a      	strb	r2, [r1, #5]
100093ce:	9a0a      	ldr	r2, [sp, #40]	@ 0x28
100093d0:	42a2      	cmp	r2, r4
100093d2:	d09d      	beq.n	10009310 <TP_DrawBoard+0x638>
100093d4:	e79a      	b.n	1000930c <TP_DrawBoard+0x634>
100093d6:	46c0      	nop			@ (mov r8, r8)
100093d8:	004c4b40 	.word	0x004c4b40
100093dc:	40040000 	.word	0x40040000
100093e0:	2001293c 	.word	0x2001293c
100093e4:	20012964 	.word	0x20012964
100093e8:	0000ffff 	.word	0x0000ffff
100093ec:	200010fc 	.word	0x200010fc
100093f0:	200010f8 	.word	0x200010f8
100093f4:	20001100 	.word	0x20001100
100093f8:	1000a468 	.word	0x1000a468
100093fc:	1000a470 	.word	0x1000a470
10009400:	200022bc 	.word	0x200022bc
10009404:	00010680 	.word	0x00010680
10009408:	1000a5e0 	.word	0x1000a5e0
1000940c:	ffffc256 	.word	0xffffc256
10009410:	0016      	movs	r6, r2
10009412:	3619      	adds	r6, #25
10009414:	2e24      	cmp	r6, #36	@ 0x24
10009416:	ddba      	ble.n	1000938e <TP_DrawBoard+0x6b6>
10009418:	0017      	movs	r7, r2
1000941a:	3710      	adds	r7, #16
1000941c:	2f24      	cmp	r7, #36	@ 0x24
1000941e:	ddbd      	ble.n	1000939c <TP_DrawBoard+0x6c4>
10009420:	0015      	movs	r5, r2
10009422:	3509      	adds	r5, #9
10009424:	9505      	str	r5, [sp, #20]
10009426:	2d24      	cmp	r5, #36	@ 0x24
10009428:	ddc0      	ble.n	100093ac <TP_DrawBoard+0x6d4>
1000942a:	1d15      	adds	r5, r2, #4
1000942c:	46ac      	mov	ip, r5
1000942e:	2d24      	cmp	r5, #36	@ 0x24
10009430:	ddc3      	ble.n	100093ba <TP_DrawBoard+0x6e2>
10009432:	2a24      	cmp	r2, #36	@ 0x24
10009434:	d1c6      	bne.n	100093c4 <TP_DrawBoard+0x6ec>
10009436:	9a0a      	ldr	r2, [sp, #40]	@ 0x28
10009438:	42a2      	cmp	r2, r4
1000943a:	d28c      	bcs.n	10009356 <TP_DrawBoard+0x67e>
1000943c:	2201      	movs	r2, #1
1000943e:	718a      	strb	r2, [r1, #6]
10009440:	e789      	b.n	10009356 <TP_DrawBoard+0x67e>
10009442:	9918      	ldr	r1, [sp, #96]	@ 0x60
10009444:	9a12      	ldr	r2, [sp, #72]	@ 0x48
10009446:	468c      	mov	ip, r1
10009448:	9919      	ldr	r1, [sp, #100]	@ 0x64
1000944a:	4462      	add	r2, ip
1000944c:	468c      	mov	ip, r1
1000944e:	9212      	str	r2, [sp, #72]	@ 0x48
10009450:	9a13      	ldr	r2, [sp, #76]	@ 0x4c
10009452:	9b14      	ldr	r3, [sp, #80]	@ 0x50
10009454:	4462      	add	r2, ip
10009456:	9213      	str	r2, [sp, #76]	@ 0x4c
10009458:	9a1a      	ldr	r2, [sp, #104]	@ 0x68
1000945a:	3301      	adds	r3, #1
1000945c:	46c8      	mov	r8, r9
1000945e:	4656      	mov	r6, sl
10009460:	9314      	str	r3, [sp, #80]	@ 0x50
10009462:	4293      	cmp	r3, r2
10009464:	d000      	beq.n	10009468 <TP_DrawBoard+0x790>
10009466:	e6e6      	b.n	10009236 <TP_DrawBoard+0x55e>
10009468:	464d      	mov	r5, r9
1000946a:	9e1c      	ldr	r6, [sp, #112]	@ 0x70
1000946c:	46d1      	mov	r9, sl
1000946e:	9f1d      	ldr	r7, [sp, #116]	@ 0x74
10009470:	e601      	b.n	10009076 <TP_DrawBoard+0x39e>
10009472:	00aa      	lsls	r2, r5, #2
10009474:	1952      	adds	r2, r2, r5
10009476:	00d3      	lsls	r3, r2, #3
10009478:	1a9b      	subs	r3, r3, r2
1000947a:	4a69      	ldr	r2, [pc, #420]	@ (10009620 <TP_DrawBoard+0x948>)
1000947c:	00db      	lsls	r3, r3, #3
1000947e:	4694      	mov	ip, r2
10009480:	4a68      	ldr	r2, [pc, #416]	@ (10009624 <TP_DrawBoard+0x94c>)
10009482:	4463      	add	r3, ip
10009484:	199b      	adds	r3, r3, r6
10009486:	189b      	adds	r3, r3, r2
10009488:	226a      	movs	r2, #106	@ 0x6a
1000948a:	4252      	negs	r2, r2
1000948c:	4694      	mov	ip, r2
1000948e:	44b4      	add	ip, r6
10009490:	4662      	mov	r2, ip
10009492:	920c      	str	r2, [sp, #48]	@ 0x30
10009494:	2269      	movs	r2, #105	@ 0x69
10009496:	4252      	negs	r2, r2
10009498:	4694      	mov	ip, r2
1000949a:	44b4      	add	ip, r6
1000949c:	4662      	mov	r2, ip
1000949e:	920d      	str	r2, [sp, #52]	@ 0x34
100094a0:	2268      	movs	r2, #104	@ 0x68
100094a2:	4252      	negs	r2, r2
100094a4:	4694      	mov	ip, r2
100094a6:	44b4      	add	ip, r6
100094a8:	4662      	mov	r2, ip
100094aa:	920a      	str	r2, [sp, #40]	@ 0x28
100094ac:	2267      	movs	r2, #103	@ 0x67
100094ae:	4252      	negs	r2, r2
100094b0:	4694      	mov	ip, r2
100094b2:	44b4      	add	ip, r6
100094b4:	4662      	mov	r2, ip
100094b6:	9209      	str	r2, [sp, #36]	@ 0x24
100094b8:	2266      	movs	r2, #102	@ 0x66
100094ba:	4252      	negs	r2, r2
100094bc:	4694      	mov	ip, r2
100094be:	44b4      	add	ip, r6
100094c0:	4662      	mov	r2, ip
100094c2:	9208      	str	r2, [sp, #32]
100094c4:	2262      	movs	r2, #98	@ 0x62
100094c6:	4252      	negs	r2, r2
100094c8:	4694      	mov	ip, r2
100094ca:	44b4      	add	ip, r6
100094cc:	4662      	mov	r2, ip
100094ce:	920e      	str	r2, [sp, #56]	@ 0x38
100094d0:	2261      	movs	r2, #97	@ 0x61
100094d2:	4252      	negs	r2, r2
100094d4:	4694      	mov	ip, r2
100094d6:	44b4      	add	ip, r6
100094d8:	4662      	mov	r2, ip
100094da:	9207      	str	r2, [sp, #28]
100094dc:	2260      	movs	r2, #96	@ 0x60
100094de:	4252      	negs	r2, r2
100094e0:	4694      	mov	ip, r2
100094e2:	44b4      	add	ip, r6
100094e4:	4662      	mov	r2, ip
100094e6:	9206      	str	r2, [sp, #24]
100094e8:	225f      	movs	r2, #95	@ 0x5f
100094ea:	4252      	negs	r2, r2
100094ec:	4694      	mov	ip, r2
100094ee:	44b4      	add	ip, r6
100094f0:	4662      	mov	r2, ip
100094f2:	9205      	str	r2, [sp, #20]
100094f4:	225e      	movs	r2, #94	@ 0x5e
100094f6:	4252      	negs	r2, r2
100094f8:	4693      	mov	fp, r2
100094fa:	322c      	adds	r2, #44	@ 0x2c
100094fc:	4690      	mov	r8, r2
100094fe:	2106      	movs	r1, #6
10009500:	248c      	movs	r4, #140	@ 0x8c
10009502:	464a      	mov	r2, r9
10009504:	46b4      	mov	ip, r6
10009506:	46aa      	mov	sl, r5
10009508:	44b3      	add	fp, r6
1000950a:	4249      	negs	r1, r1
1000950c:	44a8      	add	r8, r5
1000950e:	0064      	lsls	r4, r4, #1
10009510:	920f      	str	r2, [sp, #60]	@ 0x3c
10009512:	9710      	str	r7, [sp, #64]	@ 0x40
10009514:	e042      	b.n	1000959c <TP_DrawBoard+0x8c4>
10009516:	2001      	movs	r0, #1
10009518:	7018      	strb	r0, [r3, #0]
1000951a:	3018      	adds	r0, #24
1000951c:	4681      	mov	r9, r0
1000951e:	4491      	add	r9, r2
10009520:	2001      	movs	r0, #1
10009522:	7058      	strb	r0, [r3, #1]
10009524:	0010      	movs	r0, r2
10009526:	3010      	adds	r0, #16
10009528:	2501      	movs	r5, #1
1000952a:	709d      	strb	r5, [r3, #2]
1000952c:	0015      	movs	r5, r2
1000952e:	3509      	adds	r5, #9
10009530:	2601      	movs	r6, #1
10009532:	70de      	strb	r6, [r3, #3]
10009534:	1d16      	adds	r6, r2, #4
10009536:	2201      	movs	r2, #1
10009538:	711a      	strb	r2, [r3, #4]
1000953a:	277c      	movs	r7, #124	@ 0x7c
1000953c:	2201      	movs	r2, #1
1000953e:	37ff      	adds	r7, #255	@ 0xff
10009540:	715a      	strb	r2, [r3, #5]
10009542:	719a      	strb	r2, [r3, #6]
10009544:	45bc      	cmp	ip, r7
10009546:	d000      	beq.n	1000954a <TP_DrawBoard+0x872>
10009548:	71da      	strb	r2, [r3, #7]
1000954a:	2e24      	cmp	r6, #36	@ 0x24
1000954c:	dc04      	bgt.n	10009558 <TP_DrawBoard+0x880>
1000954e:	9a0e      	ldr	r2, [sp, #56]	@ 0x38
10009550:	42a2      	cmp	r2, r4
10009552:	d201      	bcs.n	10009558 <TP_DrawBoard+0x880>
10009554:	2201      	movs	r2, #1
10009556:	721a      	strb	r2, [r3, #8]
10009558:	2d24      	cmp	r5, #36	@ 0x24
1000955a:	dc04      	bgt.n	10009566 <TP_DrawBoard+0x88e>
1000955c:	9a07      	ldr	r2, [sp, #28]
1000955e:	42a2      	cmp	r2, r4
10009560:	d201      	bcs.n	10009566 <TP_DrawBoard+0x88e>
10009562:	2201      	movs	r2, #1
10009564:	725a      	strb	r2, [r3, #9]
10009566:	2824      	cmp	r0, #36	@ 0x24
10009568:	dc04      	bgt.n	10009574 <TP_DrawBoard+0x89c>
1000956a:	9a06      	ldr	r2, [sp, #24]
1000956c:	42a2      	cmp	r2, r4
1000956e:	d201      	bcs.n	10009574 <TP_DrawBoard+0x89c>
10009570:	2201      	movs	r2, #1
10009572:	729a      	strb	r2, [r3, #10]
10009574:	464a      	mov	r2, r9
10009576:	2a24      	cmp	r2, #36	@ 0x24
10009578:	dc04      	bgt.n	10009584 <TP_DrawBoard+0x8ac>
1000957a:	9a05      	ldr	r2, [sp, #20]
1000957c:	42a2      	cmp	r2, r4
1000957e:	d201      	bcs.n	10009584 <TP_DrawBoard+0x8ac>
10009580:	2201      	movs	r2, #1
10009582:	72da      	strb	r2, [r3, #11]
10009584:	9a0b      	ldr	r2, [sp, #44]	@ 0x2c
10009586:	2a24      	cmp	r2, #36	@ 0x24
10009588:	dc03      	bgt.n	10009592 <TP_DrawBoard+0x8ba>
1000958a:	45a3      	cmp	fp, r4
1000958c:	d201      	bcs.n	10009592 <TP_DrawBoard+0x8ba>
1000958e:	2201      	movs	r2, #1
10009590:	731a      	strb	r2, [r3, #12]
10009592:	3319      	adds	r3, #25
10009594:	3101      	adds	r1, #1
10009596:	33ff      	adds	r3, #255	@ 0xff
10009598:	2907      	cmp	r1, #7
1000959a:	d03a      	beq.n	10009612 <TP_DrawBoard+0x93a>
1000959c:	4642      	mov	r2, r8
1000959e:	1852      	adds	r2, r2, r1
100095a0:	2aef      	cmp	r2, #239	@ 0xef
100095a2:	d8f6      	bhi.n	10009592 <TP_DrawBoard+0x8ba>
100095a4:	2024      	movs	r0, #36	@ 0x24
100095a6:	000a      	movs	r2, r1
100095a8:	4681      	mov	r9, r0
100095aa:	434a      	muls	r2, r1
100095ac:	4491      	add	r9, r2
100095ae:	4648      	mov	r0, r9
100095b0:	900b      	str	r0, [sp, #44]	@ 0x2c
100095b2:	2824      	cmp	r0, #36	@ 0x24
100095b4:	dc17      	bgt.n	100095e6 <TP_DrawBoard+0x90e>
100095b6:	980c      	ldr	r0, [sp, #48]	@ 0x30
100095b8:	42a0      	cmp	r0, r4
100095ba:	d3ac      	bcc.n	10009516 <TP_DrawBoard+0x83e>
100095bc:	2019      	movs	r0, #25
100095be:	4681      	mov	r9, r0
100095c0:	4491      	add	r9, r2
100095c2:	980d      	ldr	r0, [sp, #52]	@ 0x34
100095c4:	42a0      	cmp	r0, r4
100095c6:	d3ab      	bcc.n	10009520 <TP_DrawBoard+0x848>
100095c8:	0010      	movs	r0, r2
100095ca:	3010      	adds	r0, #16
100095cc:	9d0a      	ldr	r5, [sp, #40]	@ 0x28
100095ce:	42a5      	cmp	r5, r4
100095d0:	d3aa      	bcc.n	10009528 <TP_DrawBoard+0x850>
100095d2:	0015      	movs	r5, r2
100095d4:	3509      	adds	r5, #9
100095d6:	9e09      	ldr	r6, [sp, #36]	@ 0x24
100095d8:	42a6      	cmp	r6, r4
100095da:	d3a9      	bcc.n	10009530 <TP_DrawBoard+0x858>
100095dc:	1d16      	adds	r6, r2, #4
100095de:	9a08      	ldr	r2, [sp, #32]
100095e0:	42a2      	cmp	r2, r4
100095e2:	d2aa      	bcs.n	1000953a <TP_DrawBoard+0x862>
100095e4:	e7a7      	b.n	10009536 <TP_DrawBoard+0x85e>
100095e6:	2019      	movs	r0, #25
100095e8:	4681      	mov	r9, r0
100095ea:	4491      	add	r9, r2
100095ec:	4648      	mov	r0, r9
100095ee:	2824      	cmp	r0, #36	@ 0x24
100095f0:	dde7      	ble.n	100095c2 <TP_DrawBoard+0x8ea>
100095f2:	0010      	movs	r0, r2
100095f4:	3010      	adds	r0, #16
100095f6:	2824      	cmp	r0, #36	@ 0x24
100095f8:	dde8      	ble.n	100095cc <TP_DrawBoard+0x8f4>
100095fa:	0015      	movs	r5, r2
100095fc:	3509      	adds	r5, #9
100095fe:	2d24      	cmp	r5, #36	@ 0x24
10009600:	dde9      	ble.n	100095d6 <TP_DrawBoard+0x8fe>
10009602:	1d16      	adds	r6, r2, #4
10009604:	2e24      	cmp	r6, #36	@ 0x24
10009606:	ddea      	ble.n	100095de <TP_DrawBoard+0x906>
10009608:	2a24      	cmp	r2, #36	@ 0x24
1000960a:	d196      	bne.n	1000953a <TP_DrawBoard+0x862>
1000960c:	3a23      	subs	r2, #35	@ 0x23
1000960e:	719a      	strb	r2, [r3, #6]
10009610:	e7b8      	b.n	10009584 <TP_DrawBoard+0x8ac>
10009612:	9b0f      	ldr	r3, [sp, #60]	@ 0x3c
10009614:	4666      	mov	r6, ip
10009616:	4655      	mov	r5, sl
10009618:	4699      	mov	r9, r3
1000961a:	9f10      	ldr	r7, [sp, #64]	@ 0x40
1000961c:	e52b      	b.n	10009076 <TP_DrawBoard+0x39e>
1000961e:	46c0      	nop			@ (mov r8, r8)
10009620:	ffffc256 	.word	0xffffc256
10009624:	200022bc 	.word	0x200022bc

10009628 <TP_Init>:
10009628:	b570      	push	{r4, r5, r6, lr}
1000962a:	0006      	movs	r6, r0
1000962c:	000d      	movs	r5, r1
1000962e:	2010      	movs	r0, #16
10009630:	2101      	movs	r1, #1
10009632:	f000 f811 	bl	10009658 <DEV_Digital_Write>
10009636:	4c06      	ldr	r4, [pc, #24]	@ (10009650 <TP_Init+0x28>)
10009638:	4b06      	ldr	r3, [pc, #24]	@ (10009654 <TP_Init+0x2c>)
1000963a:	20d0      	movs	r0, #208	@ 0xd0
1000963c:	601d      	str	r5, [r3, #0]
1000963e:	7626      	strb	r6, [r4, #24]
10009640:	f7ff f96c 	bl	1000891c <TP_Read_ADC_Average>
10009644:	80a0      	strh	r0, [r4, #4]
10009646:	2090      	movs	r0, #144	@ 0x90
10009648:	f7ff f968 	bl	1000891c <TP_Read_ADC_Average>
1000964c:	80e0      	strh	r0, [r4, #6]
1000964e:	bd70      	pop	{r4, r5, r6, pc}
10009650:	20012948 	.word	0x20012948
10009654:	20012a84 	.word	0x20012a84

10009658 <DEV_Digital_Write>:
10009658:	2301      	movs	r3, #1
1000965a:	22d0      	movs	r2, #208	@ 0xd0
1000965c:	4083      	lsls	r3, r0
1000965e:	0612      	lsls	r2, r2, #24
10009660:	2900      	cmp	r1, #0
10009662:	d001      	beq.n	10009668 <DEV_Digital_Write+0x10>
10009664:	6153      	str	r3, [r2, #20]
10009666:	4770      	bx	lr
10009668:	6193      	str	r3, [r2, #24]
1000966a:	e7fc      	b.n	10009666 <DEV_Digital_Write+0xe>

1000966c <DEV_Digital_Read>:
1000966c:	2201      	movs	r2, #1
1000966e:	23d0      	movs	r3, #208	@ 0xd0
10009670:	4082      	lsls	r2, r0
10009672:	061b      	lsls	r3, r3, #24
10009674:	685b      	ldr	r3, [r3, #4]
10009676:	4013      	ands	r3, r2
10009678:	1e5a      	subs	r2, r3, #1
1000967a:	4193      	sbcs	r3, r2
1000967c:	b2d8      	uxtb	r0, r3
1000967e:	4770      	bx	lr

10009680 <System_Init>:
10009680:	b570      	push	{r4, r5, r6, lr}
10009682:	f7fa fc97 	bl	10003fb4 <stdio_init_all>
10009686:	200f      	movs	r0, #15
10009688:	f7f7 f85c 	bl	10000744 <gpio_init>
1000968c:	24d0      	movs	r4, #208	@ 0xd0
1000968e:	2380      	movs	r3, #128	@ 0x80
10009690:	0624      	lsls	r4, r4, #24
10009692:	021b      	lsls	r3, r3, #8
10009694:	6263      	str	r3, [r4, #36]	@ 0x24
10009696:	2008      	movs	r0, #8
10009698:	f7f7 f854 	bl	10000744 <gpio_init>
1000969c:	2380      	movs	r3, #128	@ 0x80
1000969e:	2580      	movs	r5, #128	@ 0x80
100096a0:	2680      	movs	r6, #128	@ 0x80
100096a2:	005b      	lsls	r3, r3, #1
100096a4:	6263      	str	r3, [r4, #36]	@ 0x24
100096a6:	00ad      	lsls	r5, r5, #2
100096a8:	2009      	movs	r0, #9
100096aa:	f7f7 f84b 	bl	10000744 <gpio_init>
100096ae:	0276      	lsls	r6, r6, #9
100096b0:	6265      	str	r5, [r4, #36]	@ 0x24
100096b2:	2010      	movs	r0, #16
100096b4:	f7f7 f846 	bl	10000744 <gpio_init>
100096b8:	6266      	str	r6, [r4, #36]	@ 0x24
100096ba:	2011      	movs	r0, #17
100096bc:	f7f7 f842 	bl	10000744 <gpio_init>
100096c0:	2380      	movs	r3, #128	@ 0x80
100096c2:	029b      	lsls	r3, r3, #10
100096c4:	62a3      	str	r3, [r4, #40]	@ 0x28
100096c6:	2016      	movs	r0, #22
100096c8:	f7f7 f83c 	bl	10000744 <gpio_init>
100096cc:	2380      	movs	r3, #128	@ 0x80
100096ce:	03db      	lsls	r3, r3, #15
100096d0:	6263      	str	r3, [r4, #36]	@ 0x24
100096d2:	2104      	movs	r1, #4
100096d4:	6166      	str	r6, [r4, #20]
100096d6:	200d      	movs	r0, #13
100096d8:	6165      	str	r5, [r4, #20]
100096da:	6163      	str	r3, [r4, #20]
100096dc:	f7f7 f804 	bl	100006e8 <gpio_set_function>
100096e0:	4908      	ldr	r1, [pc, #32]	@ (10009704 <System_Init+0x84>)
100096e2:	4809      	ldr	r0, [pc, #36]	@ (10009708 <System_Init+0x88>)
100096e4:	f7fc fee0 	bl	100064a8 <spi_init>
100096e8:	2101      	movs	r1, #1
100096ea:	200a      	movs	r0, #10
100096ec:	f7f6 fffc 	bl	100006e8 <gpio_set_function>
100096f0:	2101      	movs	r1, #1
100096f2:	200b      	movs	r0, #11
100096f4:	f7f6 fff8 	bl	100006e8 <gpio_set_function>
100096f8:	2101      	movs	r1, #1
100096fa:	200c      	movs	r0, #12
100096fc:	f7f6 fff4 	bl	100006e8 <gpio_set_function>
10009700:	2000      	movs	r0, #0
10009702:	bd70      	pop	{r4, r5, r6, pc}
10009704:	004c4b40 	.word	0x004c4b40
10009708:	40040000 	.word	0x40040000

1000970c <SPI4W_Write_Byte>:
1000970c:	b510      	push	{r4, lr}
1000970e:	b084      	sub	sp, #16
10009710:	466b      	mov	r3, sp
10009712:	240f      	movs	r4, #15
10009714:	446c      	add	r4, sp
10009716:	1dd9      	adds	r1, r3, #7
10009718:	7008      	strb	r0, [r1, #0]
1000971a:	2301      	movs	r3, #1
1000971c:	0022      	movs	r2, r4
1000971e:	4803      	ldr	r0, [pc, #12]	@ (1000972c <SPI4W_Write_Byte+0x20>)
10009720:	f000 fcfe 	bl	1000a120 <__spi_write_read_blocking_veneer>
10009724:	7820      	ldrb	r0, [r4, #0]
10009726:	b004      	add	sp, #16
10009728:	bd10      	pop	{r4, pc}
1000972a:	46c0      	nop			@ (mov r8, r8)
1000972c:	40040000 	.word	0x40040000

10009730 <SPI4W_Read_Byte>:
10009730:	b510      	push	{r4, lr}
10009732:	b082      	sub	sp, #8
10009734:	466b      	mov	r3, sp
10009736:	1ddc      	adds	r4, r3, #7
10009738:	1d99      	adds	r1, r3, #6
1000973a:	7008      	strb	r0, [r1, #0]
1000973c:	2301      	movs	r3, #1
1000973e:	0022      	movs	r2, r4
10009740:	4802      	ldr	r0, [pc, #8]	@ (1000974c <SPI4W_Read_Byte+0x1c>)
10009742:	f000 fced 	bl	1000a120 <__spi_write_read_blocking_veneer>
10009746:	7820      	ldrb	r0, [r4, #0]
10009748:	b002      	add	sp, #8
1000974a:	bd10      	pop	{r4, pc}
1000974c:	40040000 	.word	0x40040000

10009750 <Driver_Delay_ms>:
10009750:	b510      	push	{r4, lr}
10009752:	f7f7 fe75 	bl	10001440 <sleep_ms>
10009756:	bd10      	pop	{r4, pc}

10009758 <Driver_Delay_us>:
10009758:	4770      	bx	lr
1000975a:	46c0      	nop			@ (mov r8, r8)

1000975c <_malloc_r>:
1000975c:	b5f0      	push	{r4, r5, r6, r7, lr}
1000975e:	464e      	mov	r6, r9
10009760:	4645      	mov	r5, r8
10009762:	46de      	mov	lr, fp
10009764:	4657      	mov	r7, sl
10009766:	b5e0      	push	{r5, r6, r7, lr}
10009768:	000d      	movs	r5, r1
1000976a:	350b      	adds	r5, #11
1000976c:	0006      	movs	r6, r0
1000976e:	b085      	sub	sp, #20
10009770:	2d16      	cmp	r5, #22
10009772:	d827      	bhi.n	100097c4 <_malloc_r+0x68>
10009774:	2910      	cmp	r1, #16
10009776:	d900      	bls.n	1000977a <_malloc_r+0x1e>
10009778:	e0da      	b.n	10009930 <_malloc_r+0x1d4>
1000977a:	f000 fc2f 	bl	10009fdc <__malloc_lock>
1000977e:	2510      	movs	r5, #16
10009780:	2318      	movs	r3, #24
10009782:	2102      	movs	r1, #2
10009784:	4fc8      	ldr	r7, [pc, #800]	@ (10009aa8 <_malloc_r+0x34c>)
10009786:	18fb      	adds	r3, r7, r3
10009788:	001a      	movs	r2, r3
1000978a:	685c      	ldr	r4, [r3, #4]
1000978c:	3a08      	subs	r2, #8
1000978e:	4294      	cmp	r4, r2
10009790:	d100      	bne.n	10009794 <_malloc_r+0x38>
10009792:	e147      	b.n	10009a24 <_malloc_r+0x2c8>
10009794:	2203      	movs	r2, #3
10009796:	6863      	ldr	r3, [r4, #4]
10009798:	68a1      	ldr	r1, [r4, #8]
1000979a:	4393      	bics	r3, r2
1000979c:	68e2      	ldr	r2, [r4, #12]
1000979e:	60ca      	str	r2, [r1, #12]
100097a0:	6091      	str	r1, [r2, #8]
100097a2:	2101      	movs	r1, #1
100097a4:	18e3      	adds	r3, r4, r3
100097a6:	685a      	ldr	r2, [r3, #4]
100097a8:	0030      	movs	r0, r6
100097aa:	430a      	orrs	r2, r1
100097ac:	605a      	str	r2, [r3, #4]
100097ae:	f000 fc17 	bl	10009fe0 <__malloc_unlock>
100097b2:	0020      	movs	r0, r4
100097b4:	3008      	adds	r0, #8
100097b6:	b005      	add	sp, #20
100097b8:	bcf0      	pop	{r4, r5, r6, r7}
100097ba:	46bb      	mov	fp, r7
100097bc:	46b2      	mov	sl, r6
100097be:	46a9      	mov	r9, r5
100097c0:	46a0      	mov	r8, r4
100097c2:	bdf0      	pop	{r4, r5, r6, r7, pc}
100097c4:	2307      	movs	r3, #7
100097c6:	439d      	bics	r5, r3
100097c8:	d500      	bpl.n	100097cc <_malloc_r+0x70>
100097ca:	e0b1      	b.n	10009930 <_malloc_r+0x1d4>
100097cc:	42a9      	cmp	r1, r5
100097ce:	d900      	bls.n	100097d2 <_malloc_r+0x76>
100097d0:	e0ae      	b.n	10009930 <_malloc_r+0x1d4>
100097d2:	f000 fc03 	bl	10009fdc <__malloc_lock>
100097d6:	23fc      	movs	r3, #252	@ 0xfc
100097d8:	005b      	lsls	r3, r3, #1
100097da:	429d      	cmp	r5, r3
100097dc:	d200      	bcs.n	100097e0 <_malloc_r+0x84>
100097de:	e196      	b.n	10009b0e <_malloc_r+0x3b2>
100097e0:	0a69      	lsrs	r1, r5, #9
100097e2:	d100      	bne.n	100097e6 <_malloc_r+0x8a>
100097e4:	e0a8      	b.n	10009938 <_malloc_r+0x1dc>
100097e6:	2904      	cmp	r1, #4
100097e8:	d900      	bls.n	100097ec <_malloc_r+0x90>
100097ea:	e150      	b.n	10009a8e <_malloc_r+0x332>
100097ec:	2338      	movs	r3, #56	@ 0x38
100097ee:	4698      	mov	r8, r3
100097f0:	09a9      	lsrs	r1, r5, #6
100097f2:	4488      	add	r8, r1
100097f4:	3139      	adds	r1, #57	@ 0x39
100097f6:	00cb      	lsls	r3, r1, #3
100097f8:	2208      	movs	r2, #8
100097fa:	4252      	negs	r2, r2
100097fc:	4694      	mov	ip, r2
100097fe:	4faa      	ldr	r7, [pc, #680]	@ (10009aa8 <_malloc_r+0x34c>)
10009800:	18fb      	adds	r3, r7, r3
10009802:	449c      	add	ip, r3
10009804:	4663      	mov	r3, ip
10009806:	68dc      	ldr	r4, [r3, #12]
10009808:	45a4      	cmp	ip, r4
1000980a:	d014      	beq.n	10009836 <_malloc_r+0xda>
1000980c:	2303      	movs	r3, #3
1000980e:	4699      	mov	r9, r3
10009810:	000b      	movs	r3, r1
10009812:	4661      	mov	r1, ip
10009814:	469c      	mov	ip, r3
10009816:	e007      	b.n	10009828 <_malloc_r+0xcc>
10009818:	68e0      	ldr	r0, [r4, #12]
1000981a:	2a00      	cmp	r2, #0
1000981c:	db00      	blt.n	10009820 <_malloc_r+0xc4>
1000981e:	e0fb      	b.n	10009a18 <_malloc_r+0x2bc>
10009820:	4281      	cmp	r1, r0
10009822:	d100      	bne.n	10009826 <_malloc_r+0xca>
10009824:	e0fc      	b.n	10009a20 <_malloc_r+0x2c4>
10009826:	0004      	movs	r4, r0
10009828:	464a      	mov	r2, r9
1000982a:	6863      	ldr	r3, [r4, #4]
1000982c:	4393      	bics	r3, r2
1000982e:	1b5a      	subs	r2, r3, r5
10009830:	2a0f      	cmp	r2, #15
10009832:	ddf1      	ble.n	10009818 <_malloc_r+0xbc>
10009834:	4641      	mov	r1, r8
10009836:	003a      	movs	r2, r7
10009838:	693c      	ldr	r4, [r7, #16]
1000983a:	3208      	adds	r2, #8
1000983c:	4294      	cmp	r4, r2
1000983e:	d100      	bne.n	10009842 <_malloc_r+0xe6>
10009840:	e0d9      	b.n	100099f6 <_malloc_r+0x29a>
10009842:	2003      	movs	r0, #3
10009844:	6863      	ldr	r3, [r4, #4]
10009846:	4383      	bics	r3, r0
10009848:	1b58      	subs	r0, r3, r5
1000984a:	280f      	cmp	r0, #15
1000984c:	dd00      	ble.n	10009850 <_malloc_r+0xf4>
1000984e:	e162      	b.n	10009b16 <_malloc_r+0x3ba>
10009850:	613a      	str	r2, [r7, #16]
10009852:	617a      	str	r2, [r7, #20]
10009854:	2800      	cmp	r0, #0
10009856:	daa4      	bge.n	100097a2 <_malloc_r+0x46>
10009858:	687a      	ldr	r2, [r7, #4]
1000985a:	4690      	mov	r8, r2
1000985c:	2280      	movs	r2, #128	@ 0x80
1000985e:	0092      	lsls	r2, r2, #2
10009860:	4293      	cmp	r3, r2
10009862:	d300      	bcc.n	10009866 <_malloc_r+0x10a>
10009864:	e0e4      	b.n	10009a30 <_malloc_r+0x2d4>
10009866:	08da      	lsrs	r2, r3, #3
10009868:	0958      	lsrs	r0, r3, #5
1000986a:	2301      	movs	r3, #1
1000986c:	4083      	lsls	r3, r0
1000986e:	4640      	mov	r0, r8
10009870:	4318      	orrs	r0, r3
10009872:	4680      	mov	r8, r0
10009874:	00d3      	lsls	r3, r2, #3
10009876:	19db      	adds	r3, r3, r7
10009878:	689a      	ldr	r2, [r3, #8]
1000987a:	6078      	str	r0, [r7, #4]
1000987c:	60e3      	str	r3, [r4, #12]
1000987e:	60a2      	str	r2, [r4, #8]
10009880:	609c      	str	r4, [r3, #8]
10009882:	60d4      	str	r4, [r2, #12]
10009884:	2001      	movs	r0, #1
10009886:	108b      	asrs	r3, r1, #2
10009888:	4098      	lsls	r0, r3
1000988a:	4540      	cmp	r0, r8
1000988c:	d85c      	bhi.n	10009948 <_malloc_r+0x1ec>
1000988e:	4643      	mov	r3, r8
10009890:	4203      	tst	r3, r0
10009892:	d10a      	bne.n	100098aa <_malloc_r+0x14e>
10009894:	2303      	movs	r3, #3
10009896:	4399      	bics	r1, r3
10009898:	4643      	mov	r3, r8
1000989a:	0040      	lsls	r0, r0, #1
1000989c:	3104      	adds	r1, #4
1000989e:	4203      	tst	r3, r0
100098a0:	d103      	bne.n	100098aa <_malloc_r+0x14e>
100098a2:	0040      	lsls	r0, r0, #1
100098a4:	3104      	adds	r1, #4
100098a6:	4203      	tst	r3, r0
100098a8:	d0fb      	beq.n	100098a2 <_malloc_r+0x146>
100098aa:	2303      	movs	r3, #3
100098ac:	46b3      	mov	fp, r6
100098ae:	469c      	mov	ip, r3
100098b0:	000e      	movs	r6, r1
100098b2:	46b8      	mov	r8, r7
100098b4:	9001      	str	r0, [sp, #4]
100098b6:	00f0      	lsls	r0, r6, #3
100098b8:	4440      	add	r0, r8
100098ba:	0001      	movs	r1, r0
100098bc:	46b2      	mov	sl, r6
100098be:	68cb      	ldr	r3, [r1, #12]
100098c0:	e00b      	b.n	100098da <_malloc_r+0x17e>
100098c2:	4664      	mov	r4, ip
100098c4:	685a      	ldr	r2, [r3, #4]
100098c6:	001f      	movs	r7, r3
100098c8:	43a2      	bics	r2, r4
100098ca:	68db      	ldr	r3, [r3, #12]
100098cc:	1b54      	subs	r4, r2, r5
100098ce:	2c0f      	cmp	r4, #15
100098d0:	dd00      	ble.n	100098d4 <_malloc_r+0x178>
100098d2:	e0ef      	b.n	10009ab4 <_malloc_r+0x358>
100098d4:	2c00      	cmp	r4, #0
100098d6:	db00      	blt.n	100098da <_malloc_r+0x17e>
100098d8:	e109      	b.n	10009aee <_malloc_r+0x392>
100098da:	4299      	cmp	r1, r3
100098dc:	d1f1      	bne.n	100098c2 <_malloc_r+0x166>
100098de:	2301      	movs	r3, #1
100098e0:	4699      	mov	r9, r3
100098e2:	44ca      	add	sl, r9
100098e4:	4653      	mov	r3, sl
100098e6:	3108      	adds	r1, #8
100098e8:	079b      	lsls	r3, r3, #30
100098ea:	d1e8      	bne.n	100098be <_malloc_r+0x162>
100098ec:	2203      	movs	r2, #3
100098ee:	e005      	b.n	100098fc <_malloc_r+0x1a0>
100098f0:	6803      	ldr	r3, [r0, #0]
100098f2:	3808      	subs	r0, #8
100098f4:	3e01      	subs	r6, #1
100098f6:	4283      	cmp	r3, r0
100098f8:	d000      	beq.n	100098fc <_malloc_r+0x1a0>
100098fa:	e203      	b.n	10009d04 <_malloc_r+0x5a8>
100098fc:	4232      	tst	r2, r6
100098fe:	d1f7      	bne.n	100098f0 <_malloc_r+0x194>
10009900:	4643      	mov	r3, r8
10009902:	9a01      	ldr	r2, [sp, #4]
10009904:	685b      	ldr	r3, [r3, #4]
10009906:	4393      	bics	r3, r2
10009908:	4642      	mov	r2, r8
1000990a:	6053      	str	r3, [r2, #4]
1000990c:	9a01      	ldr	r2, [sp, #4]
1000990e:	0052      	lsls	r2, r2, #1
10009910:	9201      	str	r2, [sp, #4]
10009912:	429a      	cmp	r2, r3
10009914:	d816      	bhi.n	10009944 <_malloc_r+0x1e8>
10009916:	2a00      	cmp	r2, #0
10009918:	d106      	bne.n	10009928 <_malloc_r+0x1cc>
1000991a:	e013      	b.n	10009944 <_malloc_r+0x1e8>
1000991c:	2204      	movs	r2, #4
1000991e:	4691      	mov	r9, r2
10009920:	9a01      	ldr	r2, [sp, #4]
10009922:	44ca      	add	sl, r9
10009924:	0052      	lsls	r2, r2, #1
10009926:	9201      	str	r2, [sp, #4]
10009928:	4213      	tst	r3, r2
1000992a:	d0f7      	beq.n	1000991c <_malloc_r+0x1c0>
1000992c:	4656      	mov	r6, sl
1000992e:	e7c2      	b.n	100098b6 <_malloc_r+0x15a>
10009930:	230c      	movs	r3, #12
10009932:	2000      	movs	r0, #0
10009934:	6033      	str	r3, [r6, #0]
10009936:	e73e      	b.n	100097b6 <_malloc_r+0x5a>
10009938:	2380      	movs	r3, #128	@ 0x80
1000993a:	223f      	movs	r2, #63	@ 0x3f
1000993c:	2140      	movs	r1, #64	@ 0x40
1000993e:	4690      	mov	r8, r2
10009940:	009b      	lsls	r3, r3, #2
10009942:	e759      	b.n	100097f8 <_malloc_r+0x9c>
10009944:	465e      	mov	r6, fp
10009946:	4647      	mov	r7, r8
10009948:	2203      	movs	r2, #3
1000994a:	68bc      	ldr	r4, [r7, #8]
1000994c:	6863      	ldr	r3, [r4, #4]
1000994e:	4393      	bics	r3, r2
10009950:	469a      	mov	sl, r3
10009952:	42ab      	cmp	r3, r5
10009954:	d302      	bcc.n	1000995c <_malloc_r+0x200>
10009956:	1b5a      	subs	r2, r3, r5
10009958:	2a0f      	cmp	r2, #15
1000995a:	dc4f      	bgt.n	100099fc <_malloc_r+0x2a0>
1000995c:	0023      	movs	r3, r4
1000995e:	4453      	add	r3, sl
10009960:	9302      	str	r3, [sp, #8]
10009962:	4b52      	ldr	r3, [pc, #328]	@ (10009aac <_malloc_r+0x350>)
10009964:	2008      	movs	r0, #8
10009966:	4699      	mov	r9, r3
10009968:	681b      	ldr	r3, [r3, #0]
1000996a:	3310      	adds	r3, #16
1000996c:	195b      	adds	r3, r3, r5
1000996e:	9301      	str	r3, [sp, #4]
10009970:	f000 fb26 	bl	10009fc0 <sysconf>
10009974:	494e      	ldr	r1, [pc, #312]	@ (10009ab0 <_malloc_r+0x354>)
10009976:	9003      	str	r0, [sp, #12]
10009978:	680b      	ldr	r3, [r1, #0]
1000997a:	468b      	mov	fp, r1
1000997c:	3301      	adds	r3, #1
1000997e:	d006      	beq.n	1000998e <_malloc_r+0x232>
10009980:	4684      	mov	ip, r0
10009982:	9b01      	ldr	r3, [sp, #4]
10009984:	4242      	negs	r2, r0
10009986:	3b01      	subs	r3, #1
10009988:	4463      	add	r3, ip
1000998a:	4013      	ands	r3, r2
1000998c:	9301      	str	r3, [sp, #4]
1000998e:	0030      	movs	r0, r6
10009990:	9901      	ldr	r1, [sp, #4]
10009992:	f000 fb55 	bl	1000a040 <_sbrk_r>
10009996:	0003      	movs	r3, r0
10009998:	4680      	mov	r8, r0
1000999a:	3301      	adds	r3, #1
1000999c:	d100      	bne.n	100099a0 <_malloc_r+0x244>
1000999e:	e0d8      	b.n	10009b52 <_malloc_r+0x3f6>
100099a0:	9b02      	ldr	r3, [sp, #8]
100099a2:	4283      	cmp	r3, r0
100099a4:	d900      	bls.n	100099a8 <_malloc_r+0x24c>
100099a6:	e0d2      	b.n	10009b4e <_malloc_r+0x3f2>
100099a8:	464b      	mov	r3, r9
100099aa:	9901      	ldr	r1, [sp, #4]
100099ac:	685a      	ldr	r2, [r3, #4]
100099ae:	468c      	mov	ip, r1
100099b0:	4462      	add	r2, ip
100099b2:	9903      	ldr	r1, [sp, #12]
100099b4:	605a      	str	r2, [r3, #4]
100099b6:	9b02      	ldr	r3, [sp, #8]
100099b8:	0010      	movs	r0, r2
100099ba:	3901      	subs	r1, #1
100099bc:	4543      	cmp	r3, r8
100099be:	d000      	beq.n	100099c2 <_malloc_r+0x266>
100099c0:	e0e5      	b.n	10009b8e <_malloc_r+0x432>
100099c2:	4643      	mov	r3, r8
100099c4:	420b      	tst	r3, r1
100099c6:	d000      	beq.n	100099ca <_malloc_r+0x26e>
100099c8:	e0e1      	b.n	10009b8e <_malloc_r+0x432>
100099ca:	68bb      	ldr	r3, [r7, #8]
100099cc:	2101      	movs	r1, #1
100099ce:	4698      	mov	r8, r3
100099d0:	4663      	mov	r3, ip
100099d2:	4453      	add	r3, sl
100099d4:	430b      	orrs	r3, r1
100099d6:	4641      	mov	r1, r8
100099d8:	604b      	str	r3, [r1, #4]
100099da:	4649      	mov	r1, r9
100099dc:	6ac9      	ldr	r1, [r1, #44]	@ 0x2c
100099de:	4291      	cmp	r1, r2
100099e0:	d201      	bcs.n	100099e6 <_malloc_r+0x28a>
100099e2:	4649      	mov	r1, r9
100099e4:	62ca      	str	r2, [r1, #44]	@ 0x2c
100099e6:	4649      	mov	r1, r9
100099e8:	6b09      	ldr	r1, [r1, #48]	@ 0x30
100099ea:	4291      	cmp	r1, r2
100099ec:	d201      	bcs.n	100099f2 <_malloc_r+0x296>
100099ee:	4649      	mov	r1, r9
100099f0:	630a      	str	r2, [r1, #48]	@ 0x30
100099f2:	4644      	mov	r4, r8
100099f4:	e0af      	b.n	10009b56 <_malloc_r+0x3fa>
100099f6:	687b      	ldr	r3, [r7, #4]
100099f8:	4698      	mov	r8, r3
100099fa:	e743      	b.n	10009884 <_malloc_r+0x128>
100099fc:	2301      	movs	r3, #1
100099fe:	0029      	movs	r1, r5
10009a00:	431a      	orrs	r2, r3
10009a02:	4319      	orrs	r1, r3
10009a04:	1965      	adds	r5, r4, r5
10009a06:	6061      	str	r1, [r4, #4]
10009a08:	0030      	movs	r0, r6
10009a0a:	60bd      	str	r5, [r7, #8]
10009a0c:	606a      	str	r2, [r5, #4]
10009a0e:	f000 fae7 	bl	10009fe0 <__malloc_unlock>
10009a12:	0020      	movs	r0, r4
10009a14:	3008      	adds	r0, #8
10009a16:	e6ce      	b.n	100097b6 <_malloc_r+0x5a>
10009a18:	68a2      	ldr	r2, [r4, #8]
10009a1a:	60d0      	str	r0, [r2, #12]
10009a1c:	6082      	str	r2, [r0, #8]
10009a1e:	e6c0      	b.n	100097a2 <_malloc_r+0x46>
10009a20:	4661      	mov	r1, ip
10009a22:	e708      	b.n	10009836 <_malloc_r+0xda>
10009a24:	68dc      	ldr	r4, [r3, #12]
10009a26:	3102      	adds	r1, #2
10009a28:	42a3      	cmp	r3, r4
10009a2a:	d100      	bne.n	10009a2e <_malloc_r+0x2d2>
10009a2c:	e703      	b.n	10009836 <_malloc_r+0xda>
10009a2e:	e6b1      	b.n	10009794 <_malloc_r+0x38>
10009a30:	0a5a      	lsrs	r2, r3, #9
10009a32:	2a04      	cmp	r2, #4
10009a34:	d800      	bhi.n	10009a38 <_malloc_r+0x2dc>
10009a36:	e083      	b.n	10009b40 <_malloc_r+0x3e4>
10009a38:	2a14      	cmp	r2, #20
10009a3a:	d900      	bls.n	10009a3e <_malloc_r+0x2e2>
10009a3c:	e108      	b.n	10009c50 <_malloc_r+0x4f4>
10009a3e:	0010      	movs	r0, r2
10009a40:	305b      	adds	r0, #91	@ 0x5b
10009a42:	4682      	mov	sl, r0
10009a44:	325c      	adds	r2, #92	@ 0x5c
10009a46:	00d2      	lsls	r2, r2, #3
10009a48:	2008      	movs	r0, #8
10009a4a:	4240      	negs	r0, r0
10009a4c:	4684      	mov	ip, r0
10009a4e:	18ba      	adds	r2, r7, r2
10009a50:	4494      	add	ip, r2
10009a52:	4662      	mov	r2, ip
10009a54:	6892      	ldr	r2, [r2, #8]
10009a56:	300b      	adds	r0, #11
10009a58:	4681      	mov	r9, r0
10009a5a:	4594      	cmp	ip, r2
10009a5c:	d100      	bne.n	10009a60 <_malloc_r+0x304>
10009a5e:	e0df      	b.n	10009c20 <_malloc_r+0x4c4>
10009a60:	0008      	movs	r0, r1
10009a62:	46a2      	mov	sl, r4
10009a64:	4661      	mov	r1, ip
10009a66:	4684      	mov	ip, r0
10009a68:	e002      	b.n	10009a70 <_malloc_r+0x314>
10009a6a:	6892      	ldr	r2, [r2, #8]
10009a6c:	4291      	cmp	r1, r2
10009a6e:	d004      	beq.n	10009a7a <_malloc_r+0x31e>
10009a70:	464c      	mov	r4, r9
10009a72:	6850      	ldr	r0, [r2, #4]
10009a74:	43a0      	bics	r0, r4
10009a76:	4298      	cmp	r0, r3
10009a78:	d8f7      	bhi.n	10009a6a <_malloc_r+0x30e>
10009a7a:	68d3      	ldr	r3, [r2, #12]
10009a7c:	4661      	mov	r1, ip
10009a7e:	4654      	mov	r4, sl
10009a80:	469c      	mov	ip, r3
10009a82:	4663      	mov	r3, ip
10009a84:	60a2      	str	r2, [r4, #8]
10009a86:	60e3      	str	r3, [r4, #12]
10009a88:	609c      	str	r4, [r3, #8]
10009a8a:	60d4      	str	r4, [r2, #12]
10009a8c:	e6fa      	b.n	10009884 <_malloc_r+0x128>
10009a8e:	2914      	cmp	r1, #20
10009a90:	d96e      	bls.n	10009b70 <_malloc_r+0x414>
10009a92:	2954      	cmp	r1, #84	@ 0x54
10009a94:	d900      	bls.n	10009a98 <_malloc_r+0x33c>
10009a96:	e0e4      	b.n	10009c62 <_malloc_r+0x506>
10009a98:	236e      	movs	r3, #110	@ 0x6e
10009a9a:	4698      	mov	r8, r3
10009a9c:	0b29      	lsrs	r1, r5, #12
10009a9e:	4488      	add	r8, r1
10009aa0:	316f      	adds	r1, #111	@ 0x6f
10009aa2:	00cb      	lsls	r3, r1, #3
10009aa4:	e6a8      	b.n	100097f8 <_malloc_r+0x9c>
10009aa6:	46c0      	nop			@ (mov r8, r8)
10009aa8:	20001238 	.word	0x20001238
10009aac:	200018d8 	.word	0x200018d8
10009ab0:	20001230 	.word	0x20001230
10009ab4:	46ba      	mov	sl, r7
10009ab6:	2001      	movs	r0, #1
10009ab8:	4651      	mov	r1, sl
10009aba:	4684      	mov	ip, r0
10009abc:	1949      	adds	r1, r1, r5
10009abe:	4305      	orrs	r5, r0
10009ac0:	4650      	mov	r0, sl
10009ac2:	6045      	str	r5, [r0, #4]
10009ac4:	6885      	ldr	r5, [r0, #8]
10009ac6:	4647      	mov	r7, r8
10009ac8:	4660      	mov	r0, ip
10009aca:	60eb      	str	r3, [r5, #12]
10009acc:	465e      	mov	r6, fp
10009ace:	609d      	str	r5, [r3, #8]
10009ad0:	4653      	mov	r3, sl
10009ad2:	6139      	str	r1, [r7, #16]
10009ad4:	6179      	str	r1, [r7, #20]
10009ad6:	4320      	orrs	r0, r4
10009ad8:	3708      	adds	r7, #8
10009ada:	6048      	str	r0, [r1, #4]
10009adc:	60cf      	str	r7, [r1, #12]
10009ade:	0030      	movs	r0, r6
10009ae0:	608f      	str	r7, [r1, #8]
10009ae2:	509c      	str	r4, [r3, r2]
10009ae4:	f000 fa7c 	bl	10009fe0 <__malloc_unlock>
10009ae8:	4650      	mov	r0, sl
10009aea:	3008      	adds	r0, #8
10009aec:	e663      	b.n	100097b6 <_malloc_r+0x5a>
10009aee:	46ba      	mov	sl, r7
10009af0:	2001      	movs	r0, #1
10009af2:	465e      	mov	r6, fp
10009af4:	4452      	add	r2, sl
10009af6:	6851      	ldr	r1, [r2, #4]
10009af8:	4301      	orrs	r1, r0
10009afa:	6051      	str	r1, [r2, #4]
10009afc:	68ba      	ldr	r2, [r7, #8]
10009afe:	0030      	movs	r0, r6
10009b00:	60d3      	str	r3, [r2, #12]
10009b02:	609a      	str	r2, [r3, #8]
10009b04:	f000 fa6c 	bl	10009fe0 <__malloc_unlock>
10009b08:	0038      	movs	r0, r7
10009b0a:	3008      	adds	r0, #8
10009b0c:	e653      	b.n	100097b6 <_malloc_r+0x5a>
10009b0e:	002b      	movs	r3, r5
10009b10:	08e9      	lsrs	r1, r5, #3
10009b12:	3308      	adds	r3, #8
10009b14:	e636      	b.n	10009784 <_malloc_r+0x28>
10009b16:	1961      	adds	r1, r4, r5
10009b18:	4688      	mov	r8, r1
10009b1a:	2101      	movs	r1, #1
10009b1c:	468c      	mov	ip, r1
10009b1e:	430d      	orrs	r5, r1
10009b20:	4641      	mov	r1, r8
10009b22:	6065      	str	r5, [r4, #4]
10009b24:	6139      	str	r1, [r7, #16]
10009b26:	6179      	str	r1, [r7, #20]
10009b28:	60ca      	str	r2, [r1, #12]
10009b2a:	608a      	str	r2, [r1, #8]
10009b2c:	4662      	mov	r2, ip
10009b2e:	4302      	orrs	r2, r0
10009b30:	604a      	str	r2, [r1, #4]
10009b32:	50e0      	str	r0, [r4, r3]
10009b34:	0030      	movs	r0, r6
10009b36:	f000 fa53 	bl	10009fe0 <__malloc_unlock>
10009b3a:	0020      	movs	r0, r4
10009b3c:	3008      	adds	r0, #8
10009b3e:	e63a      	b.n	100097b6 <_malloc_r+0x5a>
10009b40:	099a      	lsrs	r2, r3, #6
10009b42:	0010      	movs	r0, r2
10009b44:	3239      	adds	r2, #57	@ 0x39
10009b46:	3038      	adds	r0, #56	@ 0x38
10009b48:	4682      	mov	sl, r0
10009b4a:	00d2      	lsls	r2, r2, #3
10009b4c:	e77c      	b.n	10009a48 <_malloc_r+0x2ec>
10009b4e:	42bc      	cmp	r4, r7
10009b50:	d014      	beq.n	10009b7c <_malloc_r+0x420>
10009b52:	68bc      	ldr	r4, [r7, #8]
10009b54:	6863      	ldr	r3, [r4, #4]
10009b56:	2203      	movs	r2, #3
10009b58:	4393      	bics	r3, r2
10009b5a:	1b5a      	subs	r2, r3, r5
10009b5c:	42ab      	cmp	r3, r5
10009b5e:	d302      	bcc.n	10009b66 <_malloc_r+0x40a>
10009b60:	2a0f      	cmp	r2, #15
10009b62:	dd00      	ble.n	10009b66 <_malloc_r+0x40a>
10009b64:	e74a      	b.n	100099fc <_malloc_r+0x2a0>
10009b66:	0030      	movs	r0, r6
10009b68:	f000 fa3a 	bl	10009fe0 <__malloc_unlock>
10009b6c:	2000      	movs	r0, #0
10009b6e:	e622      	b.n	100097b6 <_malloc_r+0x5a>
10009b70:	235b      	movs	r3, #91	@ 0x5b
10009b72:	4698      	mov	r8, r3
10009b74:	4488      	add	r8, r1
10009b76:	315c      	adds	r1, #92	@ 0x5c
10009b78:	00cb      	lsls	r3, r1, #3
10009b7a:	e63d      	b.n	100097f8 <_malloc_r+0x9c>
10009b7c:	464b      	mov	r3, r9
10009b7e:	6858      	ldr	r0, [r3, #4]
10009b80:	9b01      	ldr	r3, [sp, #4]
10009b82:	469c      	mov	ip, r3
10009b84:	464b      	mov	r3, r9
10009b86:	4460      	add	r0, ip
10009b88:	6058      	str	r0, [r3, #4]
10009b8a:	9b03      	ldr	r3, [sp, #12]
10009b8c:	1e59      	subs	r1, r3, #1
10009b8e:	465b      	mov	r3, fp
10009b90:	681b      	ldr	r3, [r3, #0]
10009b92:	3301      	adds	r3, #1
10009b94:	d070      	beq.n	10009c78 <_malloc_r+0x51c>
10009b96:	4643      	mov	r3, r8
10009b98:	9a02      	ldr	r2, [sp, #8]
10009b9a:	1a9b      	subs	r3, r3, r2
10009b9c:	464a      	mov	r2, r9
10009b9e:	181b      	adds	r3, r3, r0
10009ba0:	6053      	str	r3, [r2, #4]
10009ba2:	2307      	movs	r3, #7
10009ba4:	4642      	mov	r2, r8
10009ba6:	4640      	mov	r0, r8
10009ba8:	401a      	ands	r2, r3
10009baa:	9202      	str	r2, [sp, #8]
10009bac:	4218      	tst	r0, r3
10009bae:	d040      	beq.n	10009c32 <_malloc_r+0x4d6>
10009bb0:	9803      	ldr	r0, [sp, #12]
10009bb2:	3301      	adds	r3, #1
10009bb4:	4684      	mov	ip, r0
10009bb6:	1a9b      	subs	r3, r3, r2
10009bb8:	9a01      	ldr	r2, [sp, #4]
10009bba:	4498      	add	r8, r3
10009bbc:	4442      	add	r2, r8
10009bbe:	9201      	str	r2, [sp, #4]
10009bc0:	4463      	add	r3, ip
10009bc2:	400a      	ands	r2, r1
10009bc4:	1a9b      	subs	r3, r3, r2
10009bc6:	4019      	ands	r1, r3
10009bc8:	0030      	movs	r0, r6
10009bca:	468b      	mov	fp, r1
10009bcc:	f000 fa38 	bl	1000a040 <_sbrk_r>
10009bd0:	1c43      	adds	r3, r0, #1
10009bd2:	d077      	beq.n	10009cc4 <_malloc_r+0x568>
10009bd4:	4643      	mov	r3, r8
10009bd6:	1ac0      	subs	r0, r0, r3
10009bd8:	0003      	movs	r3, r0
10009bda:	445b      	add	r3, fp
10009bdc:	9301      	str	r3, [sp, #4]
10009bde:	464b      	mov	r3, r9
10009be0:	685a      	ldr	r2, [r3, #4]
10009be2:	2001      	movs	r0, #1
10009be4:	445a      	add	r2, fp
10009be6:	605a      	str	r2, [r3, #4]
10009be8:	4643      	mov	r3, r8
10009bea:	4641      	mov	r1, r8
10009bec:	60bb      	str	r3, [r7, #8]
10009bee:	9b01      	ldr	r3, [sp, #4]
10009bf0:	4303      	orrs	r3, r0
10009bf2:	604b      	str	r3, [r1, #4]
10009bf4:	42bc      	cmp	r4, r7
10009bf6:	d100      	bne.n	10009bfa <_malloc_r+0x49e>
10009bf8:	e6ef      	b.n	100099da <_malloc_r+0x27e>
10009bfa:	4653      	mov	r3, sl
10009bfc:	2b0f      	cmp	r3, #15
10009bfe:	d93f      	bls.n	10009c80 <_malloc_r+0x524>
10009c00:	2107      	movs	r1, #7
10009c02:	3b0c      	subs	r3, #12
10009c04:	438b      	bics	r3, r1
10009c06:	6861      	ldr	r1, [r4, #4]
10009c08:	4001      	ands	r1, r0
10009c0a:	2005      	movs	r0, #5
10009c0c:	4319      	orrs	r1, r3
10009c0e:	6061      	str	r1, [r4, #4]
10009c10:	18e1      	adds	r1, r4, r3
10009c12:	6048      	str	r0, [r1, #4]
10009c14:	6088      	str	r0, [r1, #8]
10009c16:	2b0f      	cmp	r3, #15
10009c18:	d849      	bhi.n	10009cae <_malloc_r+0x552>
10009c1a:	4643      	mov	r3, r8
10009c1c:	685b      	ldr	r3, [r3, #4]
10009c1e:	e6dc      	b.n	100099da <_malloc_r+0x27e>
10009c20:	4653      	mov	r3, sl
10009c22:	1098      	asrs	r0, r3, #2
10009c24:	2301      	movs	r3, #1
10009c26:	4083      	lsls	r3, r0
10009c28:	4640      	mov	r0, r8
10009c2a:	4318      	orrs	r0, r3
10009c2c:	4680      	mov	r8, r0
10009c2e:	6078      	str	r0, [r7, #4]
10009c30:	e727      	b.n	10009a82 <_malloc_r+0x326>
10009c32:	9b01      	ldr	r3, [sp, #4]
10009c34:	9a03      	ldr	r2, [sp, #12]
10009c36:	4443      	add	r3, r8
10009c38:	400b      	ands	r3, r1
10009c3a:	1ad3      	subs	r3, r2, r3
10009c3c:	4019      	ands	r1, r3
10009c3e:	0030      	movs	r0, r6
10009c40:	468b      	mov	fp, r1
10009c42:	f000 f9fd 	bl	1000a040 <_sbrk_r>
10009c46:	1c43      	adds	r3, r0, #1
10009c48:	d1c4      	bne.n	10009bd4 <_malloc_r+0x478>
10009c4a:	2300      	movs	r3, #0
10009c4c:	469b      	mov	fp, r3
10009c4e:	e7c6      	b.n	10009bde <_malloc_r+0x482>
10009c50:	2a54      	cmp	r2, #84	@ 0x54
10009c52:	d817      	bhi.n	10009c84 <_malloc_r+0x528>
10009c54:	0b1a      	lsrs	r2, r3, #12
10009c56:	0010      	movs	r0, r2
10009c58:	326f      	adds	r2, #111	@ 0x6f
10009c5a:	306e      	adds	r0, #110	@ 0x6e
10009c5c:	4682      	mov	sl, r0
10009c5e:	00d2      	lsls	r2, r2, #3
10009c60:	e6f2      	b.n	10009a48 <_malloc_r+0x2ec>
10009c62:	23aa      	movs	r3, #170	@ 0xaa
10009c64:	005b      	lsls	r3, r3, #1
10009c66:	4299      	cmp	r1, r3
10009c68:	d817      	bhi.n	10009c9a <_malloc_r+0x53e>
10009c6a:	3bdd      	subs	r3, #221	@ 0xdd
10009c6c:	4698      	mov	r8, r3
10009c6e:	0be9      	lsrs	r1, r5, #15
10009c70:	4488      	add	r8, r1
10009c72:	3178      	adds	r1, #120	@ 0x78
10009c74:	00cb      	lsls	r3, r1, #3
10009c76:	e5bf      	b.n	100097f8 <_malloc_r+0x9c>
10009c78:	465b      	mov	r3, fp
10009c7a:	4642      	mov	r2, r8
10009c7c:	601a      	str	r2, [r3, #0]
10009c7e:	e790      	b.n	10009ba2 <_malloc_r+0x446>
10009c80:	6048      	str	r0, [r1, #4]
10009c82:	e770      	b.n	10009b66 <_malloc_r+0x40a>
10009c84:	20aa      	movs	r0, #170	@ 0xaa
10009c86:	0040      	lsls	r0, r0, #1
10009c88:	4282      	cmp	r2, r0
10009c8a:	d826      	bhi.n	10009cda <_malloc_r+0x57e>
10009c8c:	0bda      	lsrs	r2, r3, #15
10009c8e:	0010      	movs	r0, r2
10009c90:	3278      	adds	r2, #120	@ 0x78
10009c92:	3077      	adds	r0, #119	@ 0x77
10009c94:	4682      	mov	sl, r0
10009c96:	00d2      	lsls	r2, r2, #3
10009c98:	e6d6      	b.n	10009a48 <_malloc_r+0x2ec>
10009c9a:	4b1c      	ldr	r3, [pc, #112]	@ (10009d0c <_malloc_r+0x5b0>)
10009c9c:	4299      	cmp	r1, r3
10009c9e:	d826      	bhi.n	10009cee <_malloc_r+0x592>
10009ca0:	237c      	movs	r3, #124	@ 0x7c
10009ca2:	4698      	mov	r8, r3
10009ca4:	0ca9      	lsrs	r1, r5, #18
10009ca6:	4488      	add	r8, r1
10009ca8:	317d      	adds	r1, #125	@ 0x7d
10009caa:	00cb      	lsls	r3, r1, #3
10009cac:	e5a4      	b.n	100097f8 <_malloc_r+0x9c>
10009cae:	0021      	movs	r1, r4
10009cb0:	0030      	movs	r0, r6
10009cb2:	3108      	adds	r1, #8
10009cb4:	f000 f886 	bl	10009dc4 <_free_r>
10009cb8:	464b      	mov	r3, r9
10009cba:	685a      	ldr	r2, [r3, #4]
10009cbc:	68bb      	ldr	r3, [r7, #8]
10009cbe:	4698      	mov	r8, r3
10009cc0:	685b      	ldr	r3, [r3, #4]
10009cc2:	e68a      	b.n	100099da <_malloc_r+0x27e>
10009cc4:	9a01      	ldr	r2, [sp, #4]
10009cc6:	9b02      	ldr	r3, [sp, #8]
10009cc8:	4694      	mov	ip, r2
10009cca:	4642      	mov	r2, r8
10009ccc:	3b08      	subs	r3, #8
10009cce:	4463      	add	r3, ip
10009cd0:	1a9b      	subs	r3, r3, r2
10009cd2:	9301      	str	r3, [sp, #4]
10009cd4:	2300      	movs	r3, #0
10009cd6:	469b      	mov	fp, r3
10009cd8:	e781      	b.n	10009bde <_malloc_r+0x482>
10009cda:	480c      	ldr	r0, [pc, #48]	@ (10009d0c <_malloc_r+0x5b0>)
10009cdc:	4282      	cmp	r2, r0
10009cde:	d80c      	bhi.n	10009cfa <_malloc_r+0x59e>
10009ce0:	0c9a      	lsrs	r2, r3, #18
10009ce2:	0010      	movs	r0, r2
10009ce4:	327d      	adds	r2, #125	@ 0x7d
10009ce6:	307c      	adds	r0, #124	@ 0x7c
10009ce8:	4682      	mov	sl, r0
10009cea:	00d2      	lsls	r2, r2, #3
10009cec:	e6ac      	b.n	10009a48 <_malloc_r+0x2ec>
10009cee:	23fe      	movs	r3, #254	@ 0xfe
10009cf0:	227e      	movs	r2, #126	@ 0x7e
10009cf2:	217f      	movs	r1, #127	@ 0x7f
10009cf4:	4690      	mov	r8, r2
10009cf6:	009b      	lsls	r3, r3, #2
10009cf8:	e57e      	b.n	100097f8 <_malloc_r+0x9c>
10009cfa:	22fe      	movs	r2, #254	@ 0xfe
10009cfc:	207e      	movs	r0, #126	@ 0x7e
10009cfe:	0092      	lsls	r2, r2, #2
10009d00:	4682      	mov	sl, r0
10009d02:	e6a1      	b.n	10009a48 <_malloc_r+0x2ec>
10009d04:	4643      	mov	r3, r8
10009d06:	685b      	ldr	r3, [r3, #4]
10009d08:	e600      	b.n	1000990c <_malloc_r+0x1b0>
10009d0a:	46c0      	nop			@ (mov r8, r8)
10009d0c:	00000554 	.word	0x00000554

10009d10 <_malloc_trim_r>:
10009d10:	b5f0      	push	{r4, r5, r6, r7, lr}
10009d12:	46c6      	mov	lr, r8
10009d14:	0006      	movs	r6, r0
10009d16:	b500      	push	{lr}
10009d18:	2008      	movs	r0, #8
10009d1a:	000d      	movs	r5, r1
10009d1c:	f000 f950 	bl	10009fc0 <sysconf>
10009d20:	0004      	movs	r4, r0
10009d22:	0030      	movs	r0, r6
10009d24:	f000 f95a 	bl	10009fdc <__malloc_lock>
10009d28:	4b23      	ldr	r3, [pc, #140]	@ (10009db8 <_malloc_trim_r+0xa8>)
10009d2a:	0021      	movs	r1, r4
10009d2c:	4698      	mov	r8, r3
10009d2e:	689b      	ldr	r3, [r3, #8]
10009d30:	685f      	ldr	r7, [r3, #4]
10009d32:	2303      	movs	r3, #3
10009d34:	439f      	bics	r7, r3
10009d36:	0038      	movs	r0, r7
10009d38:	3811      	subs	r0, #17
10009d3a:	1b40      	subs	r0, r0, r5
10009d3c:	1900      	adds	r0, r0, r4
10009d3e:	f7f7 ff9d 	bl	10001c7c <__wrap___aeabi_uidiv>
10009d42:	1e45      	subs	r5, r0, #1
10009d44:	4365      	muls	r5, r4
10009d46:	42ac      	cmp	r4, r5
10009d48:	dc08      	bgt.n	10009d5c <_malloc_trim_r+0x4c>
10009d4a:	2100      	movs	r1, #0
10009d4c:	0030      	movs	r0, r6
10009d4e:	f000 f977 	bl	1000a040 <_sbrk_r>
10009d52:	4643      	mov	r3, r8
10009d54:	689b      	ldr	r3, [r3, #8]
10009d56:	19db      	adds	r3, r3, r7
10009d58:	4298      	cmp	r0, r3
10009d5a:	d006      	beq.n	10009d6a <_malloc_trim_r+0x5a>
10009d5c:	0030      	movs	r0, r6
10009d5e:	f000 f93f 	bl	10009fe0 <__malloc_unlock>
10009d62:	2000      	movs	r0, #0
10009d64:	bc80      	pop	{r7}
10009d66:	46b8      	mov	r8, r7
10009d68:	bdf0      	pop	{r4, r5, r6, r7, pc}
10009d6a:	0030      	movs	r0, r6
10009d6c:	4269      	negs	r1, r5
10009d6e:	f000 f967 	bl	1000a040 <_sbrk_r>
10009d72:	3001      	adds	r0, #1
10009d74:	d00e      	beq.n	10009d94 <_malloc_trim_r+0x84>
10009d76:	2201      	movs	r2, #1
10009d78:	4643      	mov	r3, r8
10009d7a:	1b7f      	subs	r7, r7, r5
10009d7c:	689b      	ldr	r3, [r3, #8]
10009d7e:	4317      	orrs	r7, r2
10009d80:	4a0e      	ldr	r2, [pc, #56]	@ (10009dbc <_malloc_trim_r+0xac>)
10009d82:	605f      	str	r7, [r3, #4]
10009d84:	6813      	ldr	r3, [r2, #0]
10009d86:	0030      	movs	r0, r6
10009d88:	1b5b      	subs	r3, r3, r5
10009d8a:	6013      	str	r3, [r2, #0]
10009d8c:	f000 f928 	bl	10009fe0 <__malloc_unlock>
10009d90:	2001      	movs	r0, #1
10009d92:	e7e7      	b.n	10009d64 <_malloc_trim_r+0x54>
10009d94:	2100      	movs	r1, #0
10009d96:	0030      	movs	r0, r6
10009d98:	f000 f952 	bl	1000a040 <_sbrk_r>
10009d9c:	4643      	mov	r3, r8
10009d9e:	689a      	ldr	r2, [r3, #8]
10009da0:	1a83      	subs	r3, r0, r2
10009da2:	2b0f      	cmp	r3, #15
10009da4:	ddda      	ble.n	10009d5c <_malloc_trim_r+0x4c>
10009da6:	4c06      	ldr	r4, [pc, #24]	@ (10009dc0 <_malloc_trim_r+0xb0>)
10009da8:	4904      	ldr	r1, [pc, #16]	@ (10009dbc <_malloc_trim_r+0xac>)
10009daa:	6824      	ldr	r4, [r4, #0]
10009dac:	1b00      	subs	r0, r0, r4
10009dae:	6008      	str	r0, [r1, #0]
10009db0:	2101      	movs	r1, #1
10009db2:	430b      	orrs	r3, r1
10009db4:	6053      	str	r3, [r2, #4]
10009db6:	e7d1      	b.n	10009d5c <_malloc_trim_r+0x4c>
10009db8:	20001238 	.word	0x20001238
10009dbc:	200018dc 	.word	0x200018dc
10009dc0:	20001230 	.word	0x20001230

10009dc4 <_free_r>:
10009dc4:	b5f8      	push	{r3, r4, r5, r6, r7, lr}
10009dc6:	46ce      	mov	lr, r9
10009dc8:	4647      	mov	r7, r8
10009dca:	0005      	movs	r5, r0
10009dcc:	000c      	movs	r4, r1
10009dce:	b580      	push	{r7, lr}
10009dd0:	2900      	cmp	r1, #0
10009dd2:	d057      	beq.n	10009e84 <_free_r+0xc0>
10009dd4:	f000 f902 	bl	10009fdc <__malloc_lock>
10009dd8:	2301      	movs	r3, #1
10009dda:	0021      	movs	r1, r4
10009ddc:	469c      	mov	ip, r3
10009dde:	3908      	subs	r1, #8
10009de0:	6848      	ldr	r0, [r1, #4]
10009de2:	4662      	mov	r2, ip
10009de4:	0003      	movs	r3, r0
10009de6:	2403      	movs	r4, #3
10009de8:	4393      	bics	r3, r2
10009dea:	18cf      	adds	r7, r1, r3
10009dec:	687a      	ldr	r2, [r7, #4]
10009dee:	4e65      	ldr	r6, [pc, #404]	@ (10009f84 <_free_r+0x1c0>)
10009df0:	43a2      	bics	r2, r4
10009df2:	68b4      	ldr	r4, [r6, #8]
10009df4:	42bc      	cmp	r4, r7
10009df6:	d100      	bne.n	10009dfa <_free_r+0x36>
10009df8:	e070      	b.n	10009edc <_free_r+0x118>
10009dfa:	18bc      	adds	r4, r7, r2
10009dfc:	46a1      	mov	r9, r4
10009dfe:	4664      	mov	r4, ip
10009e00:	607a      	str	r2, [r7, #4]
10009e02:	4204      	tst	r4, r0
10009e04:	d121      	bne.n	10009e4a <_free_r+0x86>
10009e06:	6808      	ldr	r0, [r1, #0]
10009e08:	1a09      	subs	r1, r1, r0
10009e0a:	181b      	adds	r3, r3, r0
10009e0c:	6888      	ldr	r0, [r1, #8]
10009e0e:	4680      	mov	r8, r0
10009e10:	4648      	mov	r0, r9
10009e12:	6840      	ldr	r0, [r0, #4]
10009e14:	4020      	ands	r0, r4
10009e16:	0034      	movs	r4, r6
10009e18:	3408      	adds	r4, #8
10009e1a:	4681      	mov	r9, r0
10009e1c:	45a0      	cmp	r8, r4
10009e1e:	d051      	beq.n	10009ec4 <_free_r+0x100>
10009e20:	4640      	mov	r0, r8
10009e22:	68cc      	ldr	r4, [r1, #12]
10009e24:	60c4      	str	r4, [r0, #12]
10009e26:	60a0      	str	r0, [r4, #8]
10009e28:	4648      	mov	r0, r9
10009e2a:	2800      	cmp	r0, #0
10009e2c:	d111      	bne.n	10009e52 <_free_r+0x8e>
10009e2e:	189b      	adds	r3, r3, r2
10009e30:	4855      	ldr	r0, [pc, #340]	@ (10009f88 <_free_r+0x1c4>)
10009e32:	68ba      	ldr	r2, [r7, #8]
10009e34:	4282      	cmp	r2, r0
10009e36:	d100      	bne.n	10009e3a <_free_r+0x76>
10009e38:	e07f      	b.n	10009f3a <_free_r+0x176>
10009e3a:	68f8      	ldr	r0, [r7, #12]
10009e3c:	60d0      	str	r0, [r2, #12]
10009e3e:	6082      	str	r2, [r0, #8]
10009e40:	2201      	movs	r2, #1
10009e42:	431a      	orrs	r2, r3
10009e44:	604a      	str	r2, [r1, #4]
10009e46:	50cb      	str	r3, [r1, r3]
10009e48:	e007      	b.n	10009e5a <_free_r+0x96>
10009e4a:	4648      	mov	r0, r9
10009e4c:	6840      	ldr	r0, [r0, #4]
10009e4e:	4220      	tst	r0, r4
10009e50:	d0ed      	beq.n	10009e2e <_free_r+0x6a>
10009e52:	4662      	mov	r2, ip
10009e54:	431a      	orrs	r2, r3
10009e56:	604a      	str	r2, [r1, #4]
10009e58:	603b      	str	r3, [r7, #0]
10009e5a:	2280      	movs	r2, #128	@ 0x80
10009e5c:	0092      	lsls	r2, r2, #2
10009e5e:	4293      	cmp	r3, r2
10009e60:	d214      	bcs.n	10009e8c <_free_r+0xc8>
10009e62:	08da      	lsrs	r2, r3, #3
10009e64:	0958      	lsrs	r0, r3, #5
10009e66:	2301      	movs	r3, #1
10009e68:	4083      	lsls	r3, r0
10009e6a:	6870      	ldr	r0, [r6, #4]
10009e6c:	4303      	orrs	r3, r0
10009e6e:	6073      	str	r3, [r6, #4]
10009e70:	00d3      	lsls	r3, r2, #3
10009e72:	199b      	adds	r3, r3, r6
10009e74:	689a      	ldr	r2, [r3, #8]
10009e76:	60cb      	str	r3, [r1, #12]
10009e78:	608a      	str	r2, [r1, #8]
10009e7a:	6099      	str	r1, [r3, #8]
10009e7c:	60d1      	str	r1, [r2, #12]
10009e7e:	0028      	movs	r0, r5
10009e80:	f000 f8ae 	bl	10009fe0 <__malloc_unlock>
10009e84:	bcc0      	pop	{r6, r7}
10009e86:	46b9      	mov	r9, r7
10009e88:	46b0      	mov	r8, r6
10009e8a:	bdf8      	pop	{r3, r4, r5, r6, r7, pc}
10009e8c:	0a5c      	lsrs	r4, r3, #9
10009e8e:	2c04      	cmp	r4, #4
10009e90:	d83d      	bhi.n	10009f0e <_free_r+0x14a>
10009e92:	099c      	lsrs	r4, r3, #6
10009e94:	0020      	movs	r0, r4
10009e96:	3439      	adds	r4, #57	@ 0x39
10009e98:	3038      	adds	r0, #56	@ 0x38
10009e9a:	00e4      	lsls	r4, r4, #3
10009e9c:	1934      	adds	r4, r6, r4
10009e9e:	6822      	ldr	r2, [r4, #0]
10009ea0:	3c08      	subs	r4, #8
10009ea2:	2703      	movs	r7, #3
10009ea4:	4294      	cmp	r4, r2
10009ea6:	d103      	bne.n	10009eb0 <_free_r+0xec>
10009ea8:	e040      	b.n	10009f2c <_free_r+0x168>
10009eaa:	6892      	ldr	r2, [r2, #8]
10009eac:	4294      	cmp	r4, r2
10009eae:	d003      	beq.n	10009eb8 <_free_r+0xf4>
10009eb0:	6850      	ldr	r0, [r2, #4]
10009eb2:	43b8      	bics	r0, r7
10009eb4:	4298      	cmp	r0, r3
10009eb6:	d8f8      	bhi.n	10009eaa <_free_r+0xe6>
10009eb8:	68d4      	ldr	r4, [r2, #12]
10009eba:	60cc      	str	r4, [r1, #12]
10009ebc:	608a      	str	r2, [r1, #8]
10009ebe:	60a1      	str	r1, [r4, #8]
10009ec0:	60d1      	str	r1, [r2, #12]
10009ec2:	e7dc      	b.n	10009e7e <_free_r+0xba>
10009ec4:	2800      	cmp	r0, #0
10009ec6:	d158      	bne.n	10009f7a <_free_r+0x1b6>
10009ec8:	68b8      	ldr	r0, [r7, #8]
10009eca:	18d2      	adds	r2, r2, r3
10009ecc:	68fb      	ldr	r3, [r7, #12]
10009ece:	60c3      	str	r3, [r0, #12]
10009ed0:	6098      	str	r0, [r3, #8]
10009ed2:	4663      	mov	r3, ip
10009ed4:	4313      	orrs	r3, r2
10009ed6:	604b      	str	r3, [r1, #4]
10009ed8:	508a      	str	r2, [r1, r2]
10009eda:	e7d0      	b.n	10009e7e <_free_r+0xba>
10009edc:	189a      	adds	r2, r3, r2
10009ede:	4663      	mov	r3, ip
10009ee0:	4203      	tst	r3, r0
10009ee2:	d106      	bne.n	10009ef2 <_free_r+0x12e>
10009ee4:	680b      	ldr	r3, [r1, #0]
10009ee6:	1ac9      	subs	r1, r1, r3
10009ee8:	6888      	ldr	r0, [r1, #8]
10009eea:	18d2      	adds	r2, r2, r3
10009eec:	68cb      	ldr	r3, [r1, #12]
10009eee:	60c3      	str	r3, [r0, #12]
10009ef0:	6098      	str	r0, [r3, #8]
10009ef2:	2301      	movs	r3, #1
10009ef4:	4313      	orrs	r3, r2
10009ef6:	604b      	str	r3, [r1, #4]
10009ef8:	4b24      	ldr	r3, [pc, #144]	@ (10009f8c <_free_r+0x1c8>)
10009efa:	60b1      	str	r1, [r6, #8]
10009efc:	681b      	ldr	r3, [r3, #0]
10009efe:	4293      	cmp	r3, r2
10009f00:	d8bd      	bhi.n	10009e7e <_free_r+0xba>
10009f02:	4b23      	ldr	r3, [pc, #140]	@ (10009f90 <_free_r+0x1cc>)
10009f04:	0028      	movs	r0, r5
10009f06:	6819      	ldr	r1, [r3, #0]
10009f08:	f7ff ff02 	bl	10009d10 <_malloc_trim_r>
10009f0c:	e7b7      	b.n	10009e7e <_free_r+0xba>
10009f0e:	2c14      	cmp	r4, #20
10009f10:	d907      	bls.n	10009f22 <_free_r+0x15e>
10009f12:	2c54      	cmp	r4, #84	@ 0x54
10009f14:	d81a      	bhi.n	10009f4c <_free_r+0x188>
10009f16:	0b1c      	lsrs	r4, r3, #12
10009f18:	0020      	movs	r0, r4
10009f1a:	346f      	adds	r4, #111	@ 0x6f
10009f1c:	306e      	adds	r0, #110	@ 0x6e
10009f1e:	00e4      	lsls	r4, r4, #3
10009f20:	e7bc      	b.n	10009e9c <_free_r+0xd8>
10009f22:	0020      	movs	r0, r4
10009f24:	345c      	adds	r4, #92	@ 0x5c
10009f26:	305b      	adds	r0, #91	@ 0x5b
10009f28:	00e4      	lsls	r4, r4, #3
10009f2a:	e7b7      	b.n	10009e9c <_free_r+0xd8>
10009f2c:	2301      	movs	r3, #1
10009f2e:	1080      	asrs	r0, r0, #2
10009f30:	4083      	lsls	r3, r0
10009f32:	6870      	ldr	r0, [r6, #4]
10009f34:	4303      	orrs	r3, r0
10009f36:	6073      	str	r3, [r6, #4]
10009f38:	e7bf      	b.n	10009eba <_free_r+0xf6>
10009f3a:	60d1      	str	r1, [r2, #12]
10009f3c:	6091      	str	r1, [r2, #8]
10009f3e:	60ca      	str	r2, [r1, #12]
10009f40:	608a      	str	r2, [r1, #8]
10009f42:	2201      	movs	r2, #1
10009f44:	431a      	orrs	r2, r3
10009f46:	604a      	str	r2, [r1, #4]
10009f48:	50cb      	str	r3, [r1, r3]
10009f4a:	e798      	b.n	10009e7e <_free_r+0xba>
10009f4c:	22aa      	movs	r2, #170	@ 0xaa
10009f4e:	0052      	lsls	r2, r2, #1
10009f50:	4294      	cmp	r4, r2
10009f52:	d805      	bhi.n	10009f60 <_free_r+0x19c>
10009f54:	0bdc      	lsrs	r4, r3, #15
10009f56:	0020      	movs	r0, r4
10009f58:	3478      	adds	r4, #120	@ 0x78
10009f5a:	3077      	adds	r0, #119	@ 0x77
10009f5c:	00e4      	lsls	r4, r4, #3
10009f5e:	e79d      	b.n	10009e9c <_free_r+0xd8>
10009f60:	4a0c      	ldr	r2, [pc, #48]	@ (10009f94 <_free_r+0x1d0>)
10009f62:	4294      	cmp	r4, r2
10009f64:	d805      	bhi.n	10009f72 <_free_r+0x1ae>
10009f66:	0c9c      	lsrs	r4, r3, #18
10009f68:	0020      	movs	r0, r4
10009f6a:	347d      	adds	r4, #125	@ 0x7d
10009f6c:	307c      	adds	r0, #124	@ 0x7c
10009f6e:	00e4      	lsls	r4, r4, #3
10009f70:	e794      	b.n	10009e9c <_free_r+0xd8>
10009f72:	24fe      	movs	r4, #254	@ 0xfe
10009f74:	207e      	movs	r0, #126	@ 0x7e
10009f76:	00a4      	lsls	r4, r4, #2
10009f78:	e790      	b.n	10009e9c <_free_r+0xd8>
10009f7a:	4662      	mov	r2, ip
10009f7c:	431a      	orrs	r2, r3
10009f7e:	604a      	str	r2, [r1, #4]
10009f80:	603b      	str	r3, [r7, #0]
10009f82:	e77c      	b.n	10009e7e <_free_r+0xba>
10009f84:	20001238 	.word	0x20001238
10009f88:	20001240 	.word	0x20001240
10009f8c:	20001234 	.word	0x20001234
10009f90:	200018d8 	.word	0x200018d8
10009f94:	00000554 	.word	0x00000554

10009f98 <malloc>:
10009f98:	b510      	push	{r4, lr}
10009f9a:	4b03      	ldr	r3, [pc, #12]	@ (10009fa8 <malloc+0x10>)
10009f9c:	0001      	movs	r1, r0
10009f9e:	6818      	ldr	r0, [r3, #0]
10009fa0:	f7ff fbdc 	bl	1000975c <_malloc_r>
10009fa4:	bd10      	pop	{r4, pc}
10009fa6:	46c0      	nop			@ (mov r8, r8)
10009fa8:	20001108 	.word	0x20001108

10009fac <free>:
10009fac:	b510      	push	{r4, lr}
10009fae:	4b03      	ldr	r3, [pc, #12]	@ (10009fbc <free+0x10>)
10009fb0:	0001      	movs	r1, r0
10009fb2:	6818      	ldr	r0, [r3, #0]
10009fb4:	f7ff ff06 	bl	10009dc4 <_free_r>
10009fb8:	bd10      	pop	{r4, pc}
10009fba:	46c0      	nop			@ (mov r8, r8)
10009fbc:	20001108 	.word	0x20001108

10009fc0 <sysconf>:
10009fc0:	2380      	movs	r3, #128	@ 0x80
10009fc2:	b510      	push	{r4, lr}
10009fc4:	015b      	lsls	r3, r3, #5
10009fc6:	2808      	cmp	r0, #8
10009fc8:	d101      	bne.n	10009fce <sysconf+0xe>
10009fca:	0018      	movs	r0, r3
10009fcc:	bd10      	pop	{r4, pc}
10009fce:	f000 f849 	bl	1000a064 <__errno>
10009fd2:	2316      	movs	r3, #22
10009fd4:	6003      	str	r3, [r0, #0]
10009fd6:	3b17      	subs	r3, #23
10009fd8:	e7f7      	b.n	10009fca <sysconf+0xa>
10009fda:	46c0      	nop			@ (mov r8, r8)

10009fdc <__malloc_lock>:
10009fdc:	4770      	bx	lr
10009fde:	46c0      	nop			@ (mov r8, r8)

10009fe0 <__malloc_unlock>:
10009fe0:	4770      	bx	lr
10009fe2:	46c0      	nop			@ (mov r8, r8)

10009fe4 <strlen>:
10009fe4:	b510      	push	{r4, lr}
10009fe6:	0783      	lsls	r3, r0, #30
10009fe8:	d00a      	beq.n	1000a000 <strlen+0x1c>
10009fea:	0003      	movs	r3, r0
10009fec:	2103      	movs	r1, #3
10009fee:	e002      	b.n	10009ff6 <strlen+0x12>
10009ff0:	3301      	adds	r3, #1
10009ff2:	420b      	tst	r3, r1
10009ff4:	d005      	beq.n	1000a002 <strlen+0x1e>
10009ff6:	781a      	ldrb	r2, [r3, #0]
10009ff8:	2a00      	cmp	r2, #0
10009ffa:	d1f9      	bne.n	10009ff0 <strlen+0xc>
10009ffc:	1a18      	subs	r0, r3, r0
10009ffe:	bd10      	pop	{r4, pc}
1000a000:	0003      	movs	r3, r0
1000a002:	6819      	ldr	r1, [r3, #0]
1000a004:	4a0c      	ldr	r2, [pc, #48]	@ (1000a038 <strlen+0x54>)
1000a006:	4c0d      	ldr	r4, [pc, #52]	@ (1000a03c <strlen+0x58>)
1000a008:	188a      	adds	r2, r1, r2
1000a00a:	438a      	bics	r2, r1
1000a00c:	4222      	tst	r2, r4
1000a00e:	d10f      	bne.n	1000a030 <strlen+0x4c>
1000a010:	6859      	ldr	r1, [r3, #4]
1000a012:	4a09      	ldr	r2, [pc, #36]	@ (1000a038 <strlen+0x54>)
1000a014:	3304      	adds	r3, #4
1000a016:	188a      	adds	r2, r1, r2
1000a018:	438a      	bics	r2, r1
1000a01a:	4222      	tst	r2, r4
1000a01c:	d108      	bne.n	1000a030 <strlen+0x4c>
1000a01e:	6859      	ldr	r1, [r3, #4]
1000a020:	4a05      	ldr	r2, [pc, #20]	@ (1000a038 <strlen+0x54>)
1000a022:	3304      	adds	r3, #4
1000a024:	188a      	adds	r2, r1, r2
1000a026:	438a      	bics	r2, r1
1000a028:	4222      	tst	r2, r4
1000a02a:	d0f1      	beq.n	1000a010 <strlen+0x2c>
1000a02c:	e000      	b.n	1000a030 <strlen+0x4c>
1000a02e:	3301      	adds	r3, #1
1000a030:	781a      	ldrb	r2, [r3, #0]
1000a032:	2a00      	cmp	r2, #0
1000a034:	d1fb      	bne.n	1000a02e <strlen+0x4a>
1000a036:	e7e1      	b.n	10009ffc <strlen+0x18>
1000a038:	fefefeff 	.word	0xfefefeff
1000a03c:	80808080 	.word	0x80808080

1000a040 <_sbrk_r>:
1000a040:	2300      	movs	r3, #0
1000a042:	b570      	push	{r4, r5, r6, lr}
1000a044:	4c06      	ldr	r4, [pc, #24]	@ (1000a060 <_sbrk_r+0x20>)
1000a046:	0005      	movs	r5, r0
1000a048:	0008      	movs	r0, r1
1000a04a:	6023      	str	r3, [r4, #0]
1000a04c:	f7f9 fe68 	bl	10003d20 <_sbrk>
1000a050:	1c43      	adds	r3, r0, #1
1000a052:	d000      	beq.n	1000a056 <_sbrk_r+0x16>
1000a054:	bd70      	pop	{r4, r5, r6, pc}
1000a056:	6823      	ldr	r3, [r4, #0]
1000a058:	2b00      	cmp	r3, #0
1000a05a:	d0fb      	beq.n	1000a054 <_sbrk_r+0x14>
1000a05c:	602b      	str	r3, [r5, #0]
1000a05e:	e7f9      	b.n	1000a054 <_sbrk_r+0x14>
1000a060:	20001a48 	.word	0x20001a48

1000a064 <__errno>:
1000a064:	4b01      	ldr	r3, [pc, #4]	@ (1000a06c <__errno+0x8>)
1000a066:	6818      	ldr	r0, [r3, #0]
1000a068:	4770      	bx	lr
1000a06a:	46c0      	nop			@ (mov r8, r8)
1000a06c:	20001108 	.word	0x20001108

1000a070 <__mutex_enter_blocking_veneer>:
1000a070:	b401      	push	{r0}
1000a072:	4802      	ldr	r0, [pc, #8]	@ (1000a07c <__mutex_enter_blocking_veneer+0xc>)
1000a074:	4684      	mov	ip, r0
1000a076:	bc01      	pop	{r0}
1000a078:	4760      	bx	ip
1000a07a:	bf00      	nop
1000a07c:	200000c1 	.word	0x200000c1

1000a080 <__mutex_exit_veneer>:
1000a080:	b401      	push	{r0}
1000a082:	4802      	ldr	r0, [pc, #8]	@ (1000a08c <__mutex_exit_veneer+0xc>)
1000a084:	4684      	mov	ip, r0
1000a086:	bc01      	pop	{r0}
1000a088:	4760      	bx	ip
1000a08a:	bf00      	nop
1000a08c:	20000231 	.word	0x20000231

1000a090 <____aeabi_ldiv0_veneer>:
1000a090:	b401      	push	{r0}
1000a092:	4802      	ldr	r0, [pc, #8]	@ (1000a09c <____aeabi_ldiv0_veneer+0xc>)
1000a094:	4684      	mov	ip, r0
1000a096:	bc01      	pop	{r0}
1000a098:	4760      	bx	ip
1000a09a:	bf00      	nop
1000a09c:	20000f8d 	.word	0x20000f8d

1000a0a0 <__e15_is_bulkin_ep_veneer>:
1000a0a0:	b401      	push	{r0}
1000a0a2:	4802      	ldr	r0, [pc, #8]	@ (1000a0ac <__e15_is_bulkin_ep_veneer+0xc>)
1000a0a4:	4684      	mov	ip, r0
1000a0a6:	bc01      	pop	{r0}
1000a0a8:	4760      	bx	ip
1000a0aa:	bf00      	nop
1000a0ac:	20000bd5 	.word	0x20000bd5

1000a0b0 <__e15_is_critical_frame_period_veneer>:
1000a0b0:	b401      	push	{r0}
1000a0b2:	4802      	ldr	r0, [pc, #8]	@ (1000a0bc <__e15_is_critical_frame_period_veneer+0xc>)
1000a0b4:	4684      	mov	ip, r0
1000a0b6:	bc01      	pop	{r0}
1000a0b8:	4760      	bx	ip
1000a0ba:	bf00      	nop
1000a0bc:	20000bfd 	.word	0x20000bfd

1000a0c0 <__mutex_try_enter_veneer>:
1000a0c0:	b401      	push	{r0}
1000a0c2:	4802      	ldr	r0, [pc, #8]	@ (1000a0cc <__mutex_try_enter_veneer+0xc>)
1000a0c4:	4684      	mov	ip, r0
1000a0c6:	bc01      	pop	{r0}
1000a0c8:	4760      	bx	ip
1000a0ca:	bf00      	nop
1000a0cc:	20000109 	.word	0x20000109

1000a0d0 <__mutex_enter_timeout_ms_veneer>:
1000a0d0:	b401      	push	{r0}
1000a0d2:	4802      	ldr	r0, [pc, #8]	@ (1000a0dc <__mutex_enter_timeout_ms_veneer+0xc>)
1000a0d4:	4684      	mov	ip, r0
1000a0d6:	bc01      	pop	{r0}
1000a0d8:	4760      	bx	ip
1000a0da:	bf00      	nop
1000a0dc:	200001f1 	.word	0x200001f1

1000a0e0 <____aeabi_idiv0_veneer>:
1000a0e0:	b401      	push	{r0}
1000a0e2:	4802      	ldr	r0, [pc, #8]	@ (1000a0ec <____aeabi_idiv0_veneer+0xc>)
1000a0e4:	4684      	mov	ip, r0
1000a0e6:	bc01      	pop	{r0}
1000a0e8:	4760      	bx	ip
1000a0ea:	bf00      	nop
1000a0ec:	20000f8d 	.word	0x20000f8d

1000a0f0 <__flash_do_cmd_cs_veneer>:
1000a0f0:	b401      	push	{r0}
1000a0f2:	4802      	ldr	r0, [pc, #8]	@ (1000a0fc <__flash_do_cmd_cs_veneer+0xc>)
1000a0f4:	4684      	mov	ip, r0
1000a0f6:	bc01      	pop	{r0}
1000a0f8:	4760      	bx	ip
1000a0fa:	bf00      	nop
1000a0fc:	200002e5 	.word	0x200002e5

1000a100 <__reset_non_control_endpoints_veneer>:
1000a100:	b401      	push	{r0}
1000a102:	4802      	ldr	r0, [pc, #8]	@ (1000a10c <__reset_non_control_endpoints_veneer+0xc>)
1000a104:	4684      	mov	ip, r0
1000a106:	bc01      	pop	{r0}
1000a108:	4760      	bx	ip
1000a10a:	bf00      	nop
1000a10c:	200003d9 	.word	0x200003d9

1000a110 <__mutex_try_enter_block_until_veneer>:
1000a110:	b401      	push	{r0}
1000a112:	4802      	ldr	r0, [pc, #8]	@ (1000a11c <__mutex_try_enter_block_until_veneer+0xc>)
1000a114:	4684      	mov	ip, r0
1000a116:	bc01      	pop	{r0}
1000a118:	4760      	bx	ip
1000a11a:	bf00      	nop
1000a11c:	200001bd 	.word	0x200001bd

1000a120 <__spi_write_read_blocking_veneer>:
1000a120:	b401      	push	{r0}
1000a122:	4802      	ldr	r0, [pc, #8]	@ (1000a12c <__spi_write_read_blocking_veneer+0xc>)
1000a124:	4684      	mov	ip, r0
1000a126:	bc01      	pop	{r0}
1000a128:	4760      	bx	ip
1000a12a:	bf00      	nop
1000a12c:	20000f19 	.word	0x20000f19

1000a130 <__hw_endpoint_start_next_buffer_veneer>:
1000a130:	b401      	push	{r0}
1000a132:	4802      	ldr	r0, [pc, #8]	@ (1000a13c <__hw_endpoint_start_next_buffer_veneer+0xc>)
1000a134:	4684      	mov	ip, r0
1000a136:	bc01      	pop	{r0}
1000a138:	4760      	bx	ip
1000a13a:	bf00      	nop
1000a13c:	20000c8d 	.word	0x20000c8d

1000a140 <___hw_endpoint_buffer_control_update32_veneer>:
1000a140:	b401      	push	{r0}
1000a142:	4802      	ldr	r0, [pc, #8]	@ (1000a14c <___hw_endpoint_buffer_control_update32_veneer+0xc>)
1000a144:	4684      	mov	ip, r0
1000a146:	bc01      	pop	{r0}
1000a148:	4760      	bx	ip
1000a14a:	bf00      	nop
1000a14c:	20000c3d 	.word	0x20000c3d

1000a150 <__pre_init_runtime_init_early_resets>:
1000a150:	10001a0d                                ....

1000a154 <__pre_init_runtime_init_usb_power_down>:
1000a154:	10001a39 10001c1d 10002565 10002295     9.......e%..."..
1000a164:	100024ad                                .$..

1000a168 <__pre_init_runtime_init_clocks>:
1000a168:	10001b45                                E...

1000a16c <__pre_init_runtime_init_post_clock_resets>:
1000a16c:	10001a55                                U...

1000a170 <__pre_init_runtime_init_rp2040_gpio_ie_disable>:
1000a170:	10001a75                                u...

1000a174 <__pre_init_runtime_init_spin_locks_reset>:
1000a174:	10001a89                                ....

1000a178 <__pre_init_runtime_init_mutex>:
1000a178:	10000cc1                                ....

1000a17c <__pre_init_runtime_init_install_ram_vector_table>:
1000a17c:	10001a91                                ....

1000a180 <__pre_init_runtime_init_default_alarm_pool>:
1000a180:	10001089                                ....

1000a184 <__pre_init_first_per_core_initializer>:
1000a184:	100019d5                                ....

1000a188 <__pre_init_runtime_init_per_core_irq_priorities>:
1000a188:	100008f9                                ....

1000a18c <__pre_init_runtime_init_per_core_tls_setup>:
1000a18c:	1000649d                                .d..

1000a190 <__init_array_start>:
1000a190:	10004629 	.word	0x10004629

Disassembly of section .data:

200000c0 <mutex_enter_blocking>:
200000c0:	23d0      	movs	r3, #208	@ 0xd0
200000c2:	b530      	push	{r4, r5, lr}
200000c4:	2500      	movs	r5, #0
200000c6:	061b      	lsls	r3, r3, #24
200000c8:	2400      	movs	r4, #0
200000ca:	575d      	ldrsb	r5, [r3, r5]
200000cc:	e006      	b.n	200000dc <mutex_enter_blocking+0x1c>
200000ce:	6803      	ldr	r3, [r0, #0]
200000d0:	f3bf 8f5f 	dmb	sy
200000d4:	601c      	str	r4, [r3, #0]
200000d6:	f381 8810 	msr	PRIMASK, r1
200000da:	bf20      	wfe
200000dc:	6802      	ldr	r2, [r0, #0]
200000de:	f3ef 8110 	mrs	r1, PRIMASK
200000e2:	b672      	cpsid	i
200000e4:	6813      	ldr	r3, [r2, #0]
200000e6:	2b00      	cmp	r3, #0
200000e8:	d0fc      	beq.n	200000e4 <mutex_enter_blocking+0x24>
200000ea:	f3bf 8f5f 	dmb	sy
200000ee:	7903      	ldrb	r3, [r0, #4]
200000f0:	2b7f      	cmp	r3, #127	@ 0x7f
200000f2:	d9ec      	bls.n	200000ce <mutex_enter_blocking+0xe>
200000f4:	7105      	strb	r5, [r0, #4]
200000f6:	6803      	ldr	r3, [r0, #0]
200000f8:	f3bf 8f5f 	dmb	sy
200000fc:	2200      	movs	r2, #0
200000fe:	601a      	str	r2, [r3, #0]
20000100:	f381 8810 	msr	PRIMASK, r1
20000104:	bd30      	pop	{r4, r5, pc}
20000106:	46c0      	nop			@ (mov r8, r8)

20000108 <mutex_try_enter>:
20000108:	0003      	movs	r3, r0
2000010a:	6800      	ldr	r0, [r0, #0]
2000010c:	f3ef 8c10 	mrs	ip, PRIMASK
20000110:	b672      	cpsid	i
20000112:	6802      	ldr	r2, [r0, #0]
20000114:	2a00      	cmp	r2, #0
20000116:	d0fc      	beq.n	20000112 <mutex_try_enter+0xa>
20000118:	f3bf 8f5f 	dmb	sy
2000011c:	2204      	movs	r2, #4
2000011e:	569a      	ldrsb	r2, [r3, r2]
20000120:	2a00      	cmp	r2, #0
20000122:	db04      	blt.n	2000012e <mutex_try_enter+0x26>
20000124:	2900      	cmp	r1, #0
20000126:	d000      	beq.n	2000012a <mutex_try_enter+0x22>
20000128:	600a      	str	r2, [r1, #0]
2000012a:	2000      	movs	r0, #0
2000012c:	e004      	b.n	20000138 <mutex_try_enter+0x30>
2000012e:	22d0      	movs	r2, #208	@ 0xd0
20000130:	2001      	movs	r0, #1
20000132:	0612      	lsls	r2, r2, #24
20000134:	6812      	ldr	r2, [r2, #0]
20000136:	711a      	strb	r2, [r3, #4]
20000138:	681b      	ldr	r3, [r3, #0]
2000013a:	f3bf 8f5f 	dmb	sy
2000013e:	2200      	movs	r2, #0
20000140:	601a      	str	r2, [r3, #0]
20000142:	f38c 8810 	msr	PRIMASK, ip
20000146:	4770      	bx	lr

20000148 <mutex_enter_block_until>:
20000148:	b5f0      	push	{r4, r5, r6, r7, lr}
2000014a:	464f      	mov	r7, r9
2000014c:	46d6      	mov	lr, sl
2000014e:	4646      	mov	r6, r8
20000150:	b5c0      	push	{r6, r7, lr}
20000152:	001f      	movs	r7, r3
20000154:	23d0      	movs	r3, #208	@ 0xd0
20000156:	061b      	lsls	r3, r3, #24
20000158:	681b      	ldr	r3, [r3, #0]
2000015a:	0004      	movs	r4, r0
2000015c:	469a      	mov	sl, r3
2000015e:	2300      	movs	r3, #0
20000160:	4690      	mov	r8, r2
20000162:	4699      	mov	r9, r3
20000164:	e00c      	b.n	20000180 <mutex_enter_block_until+0x38>
20000166:	6822      	ldr	r2, [r4, #0]
20000168:	f3bf 8f5f 	dmb	sy
2000016c:	4649      	mov	r1, r9
2000016e:	6011      	str	r1, [r2, #0]
20000170:	f383 8810 	msr	PRIMASK, r3
20000174:	4640      	mov	r0, r8
20000176:	0039      	movs	r1, r7
20000178:	f000 ff2a 	bl	20000fd0 <__best_effort_wfe_or_timeout_veneer>
2000017c:	2800      	cmp	r0, #0
2000017e:	d11a      	bne.n	200001b6 <mutex_enter_block_until+0x6e>
20000180:	6826      	ldr	r6, [r4, #0]
20000182:	f3ef 8310 	mrs	r3, PRIMASK
20000186:	b672      	cpsid	i
20000188:	6835      	ldr	r5, [r6, #0]
2000018a:	2d00      	cmp	r5, #0
2000018c:	d0fc      	beq.n	20000188 <mutex_enter_block_until+0x40>
2000018e:	f3bf 8f5f 	dmb	sy
20000192:	7925      	ldrb	r5, [r4, #4]
20000194:	2d7f      	cmp	r5, #127	@ 0x7f
20000196:	d9e6      	bls.n	20000166 <mutex_enter_block_until+0x1e>
20000198:	4652      	mov	r2, sl
2000019a:	7122      	strb	r2, [r4, #4]
2000019c:	6822      	ldr	r2, [r4, #0]
2000019e:	f3bf 8f5f 	dmb	sy
200001a2:	2100      	movs	r1, #0
200001a4:	6011      	str	r1, [r2, #0]
200001a6:	f383 8810 	msr	PRIMASK, r3
200001aa:	2001      	movs	r0, #1
200001ac:	bce0      	pop	{r5, r6, r7}
200001ae:	46ba      	mov	sl, r7
200001b0:	46b1      	mov	r9, r6
200001b2:	46a8      	mov	r8, r5
200001b4:	bdf0      	pop	{r4, r5, r6, r7, pc}
200001b6:	2000      	movs	r0, #0
200001b8:	e7f8      	b.n	200001ac <mutex_enter_block_until+0x64>
200001ba:	46c0      	nop			@ (mov r8, r8)

200001bc <mutex_try_enter_block_until>:
200001bc:	b570      	push	{r4, r5, r6, lr}
200001be:	b082      	sub	sp, #8
200001c0:	a901      	add	r1, sp, #4
200001c2:	0004      	movs	r4, r0
200001c4:	0016      	movs	r6, r2
200001c6:	001d      	movs	r5, r3
200001c8:	f7ff ff9e 	bl	20000108 <mutex_try_enter>
200001cc:	2800      	cmp	r0, #0
200001ce:	d107      	bne.n	200001e0 <mutex_try_enter_block_until+0x24>
200001d0:	23d0      	movs	r3, #208	@ 0xd0
200001d2:	061b      	lsls	r3, r3, #24
200001d4:	9901      	ldr	r1, [sp, #4]
200001d6:	781b      	ldrb	r3, [r3, #0]
200001d8:	b249      	sxtb	r1, r1
200001da:	b25b      	sxtb	r3, r3
200001dc:	4299      	cmp	r1, r3
200001de:	d101      	bne.n	200001e4 <mutex_try_enter_block_until+0x28>
200001e0:	b002      	add	sp, #8
200001e2:	bd70      	pop	{r4, r5, r6, pc}
200001e4:	0032      	movs	r2, r6
200001e6:	002b      	movs	r3, r5
200001e8:	0020      	movs	r0, r4
200001ea:	f7ff ffad 	bl	20000148 <mutex_enter_block_until>
200001ee:	e7f7      	b.n	200001e0 <mutex_try_enter_block_until+0x24>

200001f0 <mutex_enter_timeout_ms>:
200001f0:	b5f8      	push	{r3, r4, r5, r6, r7, lr}
200001f2:	000f      	movs	r7, r1
200001f4:	0006      	movs	r6, r0
200001f6:	f000 fed3 	bl	20000fa0 <__time_us_64_veneer>
200001fa:	22fa      	movs	r2, #250	@ 0xfa
200001fc:	0004      	movs	r4, r0
200001fe:	000d      	movs	r5, r1
20000200:	2300      	movs	r3, #0
20000202:	0092      	lsls	r2, r2, #2
20000204:	0038      	movs	r0, r7
20000206:	2100      	movs	r1, #0
20000208:	f000 fed2 	bl	20000fb0 <____wrap___aeabi_lmul_veneer>
2000020c:	000b      	movs	r3, r1
2000020e:	0002      	movs	r2, r0
20000210:	2180      	movs	r1, #128	@ 0x80
20000212:	1912      	adds	r2, r2, r4
20000214:	416b      	adcs	r3, r5
20000216:	0609      	lsls	r1, r1, #24
20000218:	428b      	cmp	r3, r1
2000021a:	d302      	bcc.n	20000222 <mutex_enter_timeout_ms+0x32>
2000021c:	2201      	movs	r2, #1
2000021e:	4b03      	ldr	r3, [pc, #12]	@ (2000022c <mutex_enter_timeout_ms+0x3c>)
20000220:	4252      	negs	r2, r2
20000222:	0030      	movs	r0, r6
20000224:	f7ff ff90 	bl	20000148 <mutex_enter_block_until>
20000228:	bdf8      	pop	{r3, r4, r5, r6, r7, pc}
2000022a:	46c0      	nop			@ (mov r8, r8)
2000022c:	7fffffff 	.word	0x7fffffff

20000230 <mutex_exit>:
20000230:	6802      	ldr	r2, [r0, #0]
20000232:	f3ef 8110 	mrs	r1, PRIMASK
20000236:	b672      	cpsid	i
20000238:	6813      	ldr	r3, [r2, #0]
2000023a:	2b00      	cmp	r3, #0
2000023c:	d0fc      	beq.n	20000238 <mutex_exit+0x8>
2000023e:	f3bf 8f5f 	dmb	sy
20000242:	23ff      	movs	r3, #255	@ 0xff
20000244:	7103      	strb	r3, [r0, #4]
20000246:	6803      	ldr	r3, [r0, #0]
20000248:	f3bf 8f5f 	dmb	sy
2000024c:	2200      	movs	r2, #0
2000024e:	601a      	str	r2, [r3, #0]
20000250:	f381 8810 	msr	PRIMASK, r1
20000254:	bf40      	sev
20000256:	4770      	bx	lr

20000258 <flash_init_boot2_copyout>:
20000258:	b510      	push	{r4, lr}
2000025a:	4c08      	ldr	r4, [pc, #32]	@ (2000027c <flash_init_boot2_copyout+0x24>)
2000025c:	7823      	ldrb	r3, [r4, #0]
2000025e:	2b00      	cmp	r3, #0
20000260:	d10a      	bne.n	20000278 <flash_init_boot2_copyout+0x20>
20000262:	2380      	movs	r3, #128	@ 0x80
20000264:	4806      	ldr	r0, [pc, #24]	@ (20000280 <flash_init_boot2_copyout+0x28>)
20000266:	4907      	ldr	r1, [pc, #28]	@ (20000284 <flash_init_boot2_copyout+0x2c>)
20000268:	055b      	lsls	r3, r3, #21
2000026a:	681a      	ldr	r2, [r3, #0]
2000026c:	50c2      	str	r2, [r0, r3]
2000026e:	3304      	adds	r3, #4
20000270:	428b      	cmp	r3, r1
20000272:	d1fa      	bne.n	2000026a <flash_init_boot2_copyout+0x12>
20000274:	2301      	movs	r3, #1
20000276:	7023      	strb	r3, [r4, #0]
20000278:	bd10      	pop	{r4, pc}
2000027a:	46c0      	nop			@ (mov r8, r8)
2000027c:	20012aa4 	.word	0x20012aa4
20000280:	10001d20 	.word	0x10001d20
20000284:	10000100 	.word	0x10000100

20000288 <flash_enable_xip_via_boot2>:
20000288:	b510      	push	{r4, lr}
2000028a:	4b01      	ldr	r3, [pc, #4]	@ (20000290 <flash_enable_xip_via_boot2+0x8>)
2000028c:	4798      	blx	r3
2000028e:	bd10      	pop	{r4, pc}
20000290:	20001d21 	.word	0x20001d21

20000294 <flash_save_hardware_state>:
20000294:	4b08      	ldr	r3, [pc, #32]	@ (200002b8 <flash_save_hardware_state+0x24>)
20000296:	685a      	ldr	r2, [r3, #4]
20000298:	6042      	str	r2, [r0, #4]
2000029a:	689a      	ldr	r2, [r3, #8]
2000029c:	6082      	str	r2, [r0, #8]
2000029e:	68da      	ldr	r2, [r3, #12]
200002a0:	60c2      	str	r2, [r0, #12]
200002a2:	691a      	ldr	r2, [r3, #16]
200002a4:	6102      	str	r2, [r0, #16]
200002a6:	695a      	ldr	r2, [r3, #20]
200002a8:	6142      	str	r2, [r0, #20]
200002aa:	699b      	ldr	r3, [r3, #24]
200002ac:	6183      	str	r3, [r0, #24]
200002ae:	23a0      	movs	r3, #160	@ 0xa0
200002b0:	055b      	lsls	r3, r3, #21
200002b2:	681b      	ldr	r3, [r3, #0]
200002b4:	6003      	str	r3, [r0, #0]
200002b6:	4770      	bx	lr
200002b8:	40020000 	.word	0x40020000

200002bc <flash_restore_hardware_state>:
200002bc:	6842      	ldr	r2, [r0, #4]
200002be:	4b08      	ldr	r3, [pc, #32]	@ (200002e0 <flash_restore_hardware_state+0x24>)
200002c0:	605a      	str	r2, [r3, #4]
200002c2:	6882      	ldr	r2, [r0, #8]
200002c4:	609a      	str	r2, [r3, #8]
200002c6:	68c2      	ldr	r2, [r0, #12]
200002c8:	60da      	str	r2, [r3, #12]
200002ca:	6902      	ldr	r2, [r0, #16]
200002cc:	611a      	str	r2, [r3, #16]
200002ce:	6942      	ldr	r2, [r0, #20]
200002d0:	615a      	str	r2, [r3, #20]
200002d2:	6982      	ldr	r2, [r0, #24]
200002d4:	619a      	str	r2, [r3, #24]
200002d6:	23a0      	movs	r3, #160	@ 0xa0
200002d8:	6802      	ldr	r2, [r0, #0]
200002da:	055b      	lsls	r3, r3, #21
200002dc:	601a      	str	r2, [r3, #0]
200002de:	4770      	bx	lr
200002e0:	40020000 	.word	0x40020000

200002e4 <flash_do_cmd_cs>:
200002e4:	2314      	movs	r3, #20
200002e6:	b5f0      	push	{r4, r5, r6, r7, lr}
200002e8:	46d6      	mov	lr, sl
200002ea:	464f      	mov	r7, r9
200002ec:	4646      	mov	r6, r8
200002ee:	469a      	mov	sl, r3
200002f0:	b5c0      	push	{r6, r7, lr}
200002f2:	4681      	mov	r9, r0
200002f4:	8818      	ldrh	r0, [r3, #0]
200002f6:	3304      	adds	r3, #4
200002f8:	b088      	sub	sp, #32
200002fa:	4698      	mov	r8, r3
200002fc:	000e      	movs	r6, r1
200002fe:	881b      	ldrh	r3, [r3, #0]
20000300:	4930      	ldr	r1, [pc, #192]	@ (200003c4 <flash_do_cmd_cs+0xe0>)
20000302:	0014      	movs	r4, r2
20000304:	4798      	blx	r3
20000306:	4653      	mov	r3, sl
20000308:	0007      	movs	r7, r0
2000030a:	8818      	ldrh	r0, [r3, #0]
2000030c:	4643      	mov	r3, r8
2000030e:	492e      	ldr	r1, [pc, #184]	@ (200003c8 <flash_do_cmd_cs+0xe4>)
20000310:	881b      	ldrh	r3, [r3, #0]
20000312:	4798      	blx	r3
20000314:	4653      	mov	r3, sl
20000316:	0005      	movs	r5, r0
20000318:	8818      	ldrh	r0, [r3, #0]
2000031a:	4643      	mov	r3, r8
2000031c:	492b      	ldr	r1, [pc, #172]	@ (200003cc <flash_do_cmd_cs+0xe8>)
2000031e:	881b      	ldrh	r3, [r3, #0]
20000320:	4798      	blx	r3
20000322:	4680      	mov	r8, r0
20000324:	f7ff ff98 	bl	20000258 <flash_init_boot2_copyout>
20000328:	a801      	add	r0, sp, #4
2000032a:	f7ff ffb3 	bl	20000294 <flash_save_hardware_state>
2000032e:	47b8      	blx	r7
20000330:	47a8      	blx	r5
20000332:	4b27      	ldr	r3, [pc, #156]	@ (200003d0 <flash_do_cmd_cs+0xec>)
20000334:	681a      	ldr	r2, [r3, #0]
20000336:	2380      	movs	r3, #128	@ 0x80
20000338:	009b      	lsls	r3, r3, #2
2000033a:	4053      	eors	r3, r2
2000033c:	22c0      	movs	r2, #192	@ 0xc0
2000033e:	0092      	lsls	r2, r2, #2
20000340:	4013      	ands	r3, r2
20000342:	4a24      	ldr	r2, [pc, #144]	@ (200003d4 <flash_do_cmd_cs+0xf0>)
20000344:	6013      	str	r3, [r2, #0]
20000346:	1e22      	subs	r2, r4, #0
20000348:	d020      	beq.n	2000038c <flash_do_cmd_cs+0xa8>
2000034a:	21c0      	movs	r1, #192	@ 0xc0
2000034c:	2708      	movs	r7, #8
2000034e:	2002      	movs	r0, #2
20000350:	0549      	lsls	r1, r1, #21
20000352:	e011      	b.n	20000378 <flash_do_cmd_cs+0x94>
20000354:	2c00      	cmp	r4, #0
20000356:	d014      	beq.n	20000382 <flash_do_cmd_cs+0x9e>
20000358:	1b13      	subs	r3, r2, r4
2000035a:	2b0d      	cmp	r3, #13
2000035c:	d929      	bls.n	200003b2 <flash_do_cmd_cs+0xce>
2000035e:	2d00      	cmp	r5, #0
20000360:	d00a      	beq.n	20000378 <flash_do_cmd_cs+0x94>
20000362:	0023      	movs	r3, r4
20000364:	2a00      	cmp	r2, #0
20000366:	d005      	beq.n	20000374 <flash_do_cmd_cs+0x90>
20000368:	6e0b      	ldr	r3, [r1, #96]	@ 0x60
2000036a:	3a01      	subs	r2, #1
2000036c:	7033      	strb	r3, [r6, #0]
2000036e:	0013      	movs	r3, r2
20000370:	3601      	adds	r6, #1
20000372:	4323      	orrs	r3, r4
20000374:	2b00      	cmp	r3, #0
20000376:	d009      	beq.n	2000038c <flash_do_cmd_cs+0xa8>
20000378:	003d      	movs	r5, r7
2000037a:	6a8b      	ldr	r3, [r1, #40]	@ 0x28
2000037c:	401d      	ands	r5, r3
2000037e:	4218      	tst	r0, r3
20000380:	d1e8      	bne.n	20000354 <flash_do_cmd_cs+0x70>
20000382:	2d00      	cmp	r5, #0
20000384:	d1ed      	bne.n	20000362 <flash_do_cmd_cs+0x7e>
20000386:	0023      	movs	r3, r4
20000388:	4313      	orrs	r3, r2
2000038a:	d1f5      	bne.n	20000378 <flash_do_cmd_cs+0x94>
2000038c:	4b10      	ldr	r3, [pc, #64]	@ (200003d0 <flash_do_cmd_cs+0xec>)
2000038e:	681a      	ldr	r2, [r3, #0]
20000390:	23c0      	movs	r3, #192	@ 0xc0
20000392:	009b      	lsls	r3, r3, #2
20000394:	4393      	bics	r3, r2
20000396:	4a0f      	ldr	r2, [pc, #60]	@ (200003d4 <flash_do_cmd_cs+0xf0>)
20000398:	6013      	str	r3, [r2, #0]
2000039a:	47c0      	blx	r8
2000039c:	f7ff ff74 	bl	20000288 <flash_enable_xip_via_boot2>
200003a0:	a801      	add	r0, sp, #4
200003a2:	f7ff ff8b 	bl	200002bc <flash_restore_hardware_state>
200003a6:	b008      	add	sp, #32
200003a8:	bce0      	pop	{r5, r6, r7}
200003aa:	46ba      	mov	sl, r7
200003ac:	46b1      	mov	r9, r6
200003ae:	46a8      	mov	r8, r5
200003b0:	bdf0      	pop	{r4, r5, r6, r7, pc}
200003b2:	464b      	mov	r3, r9
200003b4:	781b      	ldrb	r3, [r3, #0]
200003b6:	3c01      	subs	r4, #1
200003b8:	660b      	str	r3, [r1, #96]	@ 0x60
200003ba:	2301      	movs	r3, #1
200003bc:	469c      	mov	ip, r3
200003be:	44e1      	add	r9, ip
200003c0:	e7df      	b.n	20000382 <flash_do_cmd_cs+0x9e>
200003c2:	46c0      	nop			@ (mov r8, r8)
200003c4:	00004649 	.word	0x00004649
200003c8:	00005845 	.word	0x00005845
200003cc:	00004346 	.word	0x00004346
200003d0:	4001800c 	.word	0x4001800c
200003d4:	4001900c 	.word	0x4001900c

200003d8 <reset_non_control_endpoints>:
200003d8:	2200      	movs	r2, #0
200003da:	4b15      	ldr	r3, [pc, #84]	@ (20000430 <reset_non_control_endpoints+0x58>)
200003dc:	b510      	push	{r4, lr}
200003de:	609a      	str	r2, [r3, #8]
200003e0:	60da      	str	r2, [r3, #12]
200003e2:	611a      	str	r2, [r3, #16]
200003e4:	615a      	str	r2, [r3, #20]
200003e6:	619a      	str	r2, [r3, #24]
200003e8:	61da      	str	r2, [r3, #28]
200003ea:	621a      	str	r2, [r3, #32]
200003ec:	625a      	str	r2, [r3, #36]	@ 0x24
200003ee:	629a      	str	r2, [r3, #40]	@ 0x28
200003f0:	62da      	str	r2, [r3, #44]	@ 0x2c
200003f2:	631a      	str	r2, [r3, #48]	@ 0x30
200003f4:	635a      	str	r2, [r3, #52]	@ 0x34
200003f6:	639a      	str	r2, [r3, #56]	@ 0x38
200003f8:	63da      	str	r2, [r3, #60]	@ 0x3c
200003fa:	641a      	str	r2, [r3, #64]	@ 0x40
200003fc:	645a      	str	r2, [r3, #68]	@ 0x44
200003fe:	649a      	str	r2, [r3, #72]	@ 0x48
20000400:	64da      	str	r2, [r3, #76]	@ 0x4c
20000402:	651a      	str	r2, [r3, #80]	@ 0x50
20000404:	655a      	str	r2, [r3, #84]	@ 0x54
20000406:	659a      	str	r2, [r3, #88]	@ 0x58
20000408:	65da      	str	r2, [r3, #92]	@ 0x5c
2000040a:	661a      	str	r2, [r3, #96]	@ 0x60
2000040c:	665a      	str	r2, [r3, #100]	@ 0x64
2000040e:	669a      	str	r2, [r3, #104]	@ 0x68
20000410:	66da      	str	r2, [r3, #108]	@ 0x6c
20000412:	671a      	str	r2, [r3, #112]	@ 0x70
20000414:	675a      	str	r2, [r3, #116]	@ 0x74
20000416:	679a      	str	r2, [r3, #120]	@ 0x78
20000418:	67da      	str	r2, [r3, #124]	@ 0x7c
2000041a:	32f0      	adds	r2, #240	@ 0xf0
2000041c:	0092      	lsls	r2, r2, #2
2000041e:	2100      	movs	r1, #0
20000420:	4804      	ldr	r0, [pc, #16]	@ (20000434 <reset_non_control_endpoints+0x5c>)
20000422:	f000 fdb5 	bl	20000f90 <____wrap_memset_veneer>
20000426:	4b04      	ldr	r3, [pc, #16]	@ (20000438 <reset_non_control_endpoints+0x60>)
20000428:	4a04      	ldr	r2, [pc, #16]	@ (2000043c <reset_non_control_endpoints+0x64>)
2000042a:	601a      	str	r2, [r3, #0]
2000042c:	bd10      	pop	{r4, pc}
2000042e:	46c0      	nop			@ (mov r8, r8)
20000430:	50100000 	.word	0x50100000
20000434:	20001ed0 	.word	0x20001ed0
20000438:	20002298 	.word	0x20002298
2000043c:	50100180 	.word	0x50100180

20000440 <hw_handle_buff_status>:
20000440:	b5f0      	push	{r4, r5, r6, r7, lr}
20000442:	464e      	mov	r6, r9
20000444:	4645      	mov	r5, r8
20000446:	46de      	mov	lr, fp
20000448:	4657      	mov	r7, sl
2000044a:	b5e0      	push	{r5, r6, r7, lr}
2000044c:	4b21      	ldr	r3, [pc, #132]	@ (200004d4 <hw_handle_buff_status+0x94>)
2000044e:	2400      	movs	r4, #0
20000450:	6d9e      	ldr	r6, [r3, #88]	@ 0x58
20000452:	2501      	movs	r5, #1
20000454:	b085      	sub	sp, #20
20000456:	2e00      	cmp	r6, #0
20000458:	d022      	beq.n	200004a0 <hw_handle_buff_status+0x60>
2000045a:	4b1f      	ldr	r3, [pc, #124]	@ (200004d8 <hw_handle_buff_status+0x98>)
2000045c:	469a      	mov	sl, r3
2000045e:	2301      	movs	r3, #1
20000460:	4699      	mov	r9, r3
20000462:	4b1e      	ldr	r3, [pc, #120]	@ (200004dc <hw_handle_buff_status+0x9c>)
20000464:	4698      	mov	r8, r3
20000466:	e001      	b.n	2000046c <hw_handle_buff_status+0x2c>
20000468:	2c20      	cmp	r4, #32
2000046a:	d019      	beq.n	200004a0 <hw_handle_buff_status+0x60>
2000046c:	002a      	movs	r2, r5
2000046e:	0023      	movs	r3, r4
20000470:	3401      	adds	r4, #1
20000472:	002f      	movs	r7, r5
20000474:	4032      	ands	r2, r6
20000476:	b2e4      	uxtb	r4, r4
20000478:	006d      	lsls	r5, r5, #1
2000047a:	2a00      	cmp	r2, #0
2000047c:	d0f4      	beq.n	20000468 <hw_handle_buff_status+0x28>
2000047e:	4652      	mov	r2, sl
20000480:	6597      	str	r7, [r2, #88]	@ 0x58
20000482:	464a      	mov	r2, r9
20000484:	085b      	lsrs	r3, r3, #1
20000486:	005b      	lsls	r3, r3, #1
20000488:	4022      	ands	r2, r4
2000048a:	189b      	adds	r3, r3, r2
2000048c:	015b      	lsls	r3, r3, #5
2000048e:	4443      	add	r3, r8
20000490:	0018      	movs	r0, r3
20000492:	469b      	mov	fp, r3
20000494:	f000 fc30 	bl	20000cf8 <hw_endpoint_xfer_continue>
20000498:	2800      	cmp	r0, #0
2000049a:	d108      	bne.n	200004ae <hw_handle_buff_status+0x6e>
2000049c:	43be      	bics	r6, r7
2000049e:	d1e3      	bne.n	20000468 <hw_handle_buff_status+0x28>
200004a0:	b005      	add	sp, #20
200004a2:	bcf0      	pop	{r4, r5, r6, r7}
200004a4:	46bb      	mov	fp, r7
200004a6:	46b2      	mov	sl, r6
200004a8:	46a9      	mov	r9, r5
200004aa:	46a0      	mov	r8, r4
200004ac:	bdf0      	pop	{r4, r5, r6, r7, pc}
200004ae:	465b      	mov	r3, fp
200004b0:	21e0      	movs	r1, #224	@ 0xe0
200004b2:	789a      	ldrb	r2, [r3, #2]
200004b4:	8adb      	ldrh	r3, [r3, #22]
200004b6:	a801      	add	r0, sp, #4
200004b8:	6083      	str	r3, [r0, #8]
200004ba:	2300      	movs	r3, #0
200004bc:	00c9      	lsls	r1, r1, #3
200004be:	8001      	strh	r1, [r0, #0]
200004c0:	2101      	movs	r1, #1
200004c2:	7102      	strb	r2, [r0, #4]
200004c4:	7143      	strb	r3, [r0, #5]
200004c6:	f000 fc37 	bl	20000d38 <dcd_event_handler>
200004ca:	4658      	mov	r0, fp
200004cc:	f000 fbb0 	bl	20000c30 <hw_endpoint_reset_transfer>
200004d0:	e7e4      	b.n	2000049c <hw_handle_buff_status+0x5c>
200004d2:	46c0      	nop			@ (mov r8, r8)
200004d4:	50110000 	.word	0x50110000
200004d8:	50113000 	.word	0x50113000
200004dc:	20001e90 	.word	0x20001e90

200004e0 <dcd_rp2040_irq>:
200004e0:	2398      	movs	r3, #152	@ 0x98
200004e2:	b5f0      	push	{r4, r5, r6, r7, lr}
200004e4:	46c6      	mov	lr, r8
200004e6:	4ac6      	ldr	r2, [pc, #792]	@ (20000800 <dcd_rp2040_irq+0x320>)
200004e8:	b500      	push	{lr}
200004ea:	58d5      	ldr	r5, [r2, r3]
200004ec:	2380      	movs	r3, #128	@ 0x80
200004ee:	002e      	movs	r6, r5
200004f0:	029b      	lsls	r3, r3, #10
200004f2:	2410      	movs	r4, #16
200004f4:	b084      	sub	sp, #16
200004f6:	401e      	ands	r6, r3
200004f8:	421d      	tst	r5, r3
200004fa:	d073      	beq.n	200005e4 <dcd_rp2040_irq+0x104>
200004fc:	4bc1      	ldr	r3, [pc, #772]	@ (20000804 <dcd_rp2040_irq+0x324>)
200004fe:	4cc2      	ldr	r4, [pc, #776]	@ (20000808 <dcd_rp2040_irq+0x328>)
20000500:	6a9a      	ldr	r2, [r3, #40]	@ 0x28
20000502:	4bc2      	ldr	r3, [pc, #776]	@ (2000080c <dcd_rp2040_irq+0x32c>)
20000504:	2600      	movs	r6, #0
20000506:	601a      	str	r2, [r3, #0]
20000508:	233b      	movs	r3, #59	@ 0x3b
2000050a:	5ce3      	ldrb	r3, [r4, r3]
2000050c:	2b02      	cmp	r3, #2
2000050e:	d100      	bne.n	20000512 <dcd_rp2040_irq+0x32>
20000510:	e0f4      	b.n	200006fc <dcd_rp2040_irq+0x21c>
20000512:	237b      	movs	r3, #123	@ 0x7b
20000514:	5ce3      	ldrb	r3, [r4, r3]
20000516:	2b02      	cmp	r3, #2
20000518:	d100      	bne.n	2000051c <dcd_rp2040_irq+0x3c>
2000051a:	e10c      	b.n	20000736 <dcd_rp2040_irq+0x256>
2000051c:	23bb      	movs	r3, #187	@ 0xbb
2000051e:	5ce3      	ldrb	r3, [r4, r3]
20000520:	2b02      	cmp	r3, #2
20000522:	d100      	bne.n	20000526 <dcd_rp2040_irq+0x46>
20000524:	e0fb      	b.n	2000071e <dcd_rp2040_irq+0x23e>
20000526:	23fb      	movs	r3, #251	@ 0xfb
20000528:	5ce3      	ldrb	r3, [r4, r3]
2000052a:	2b02      	cmp	r3, #2
2000052c:	d100      	bne.n	20000530 <dcd_rp2040_irq+0x50>
2000052e:	e135      	b.n	2000079c <dcd_rp2040_irq+0x2bc>
20000530:	233c      	movs	r3, #60	@ 0x3c
20000532:	33ff      	adds	r3, #255	@ 0xff
20000534:	5ce3      	ldrb	r3, [r4, r3]
20000536:	2b02      	cmp	r3, #2
20000538:	d100      	bne.n	2000053c <dcd_rp2040_irq+0x5c>
2000053a:	e122      	b.n	20000782 <dcd_rp2040_irq+0x2a2>
2000053c:	237c      	movs	r3, #124	@ 0x7c
2000053e:	33ff      	adds	r3, #255	@ 0xff
20000540:	5ce3      	ldrb	r3, [r4, r3]
20000542:	2b02      	cmp	r3, #2
20000544:	d100      	bne.n	20000548 <dcd_rp2040_irq+0x68>
20000546:	e10f      	b.n	20000768 <dcd_rp2040_irq+0x288>
20000548:	23bc      	movs	r3, #188	@ 0xbc
2000054a:	33ff      	adds	r3, #255	@ 0xff
2000054c:	5ce3      	ldrb	r3, [r4, r3]
2000054e:	2b02      	cmp	r3, #2
20000550:	d100      	bne.n	20000554 <dcd_rp2040_irq+0x74>
20000552:	e0fc      	b.n	2000074e <dcd_rp2040_irq+0x26e>
20000554:	23fc      	movs	r3, #252	@ 0xfc
20000556:	33ff      	adds	r3, #255	@ 0xff
20000558:	5ce3      	ldrb	r3, [r4, r3]
2000055a:	2b02      	cmp	r3, #2
2000055c:	d100      	bne.n	20000560 <dcd_rp2040_irq+0x80>
2000055e:	e1a6      	b.n	200008ae <dcd_rp2040_irq+0x3ce>
20000560:	4bab      	ldr	r3, [pc, #684]	@ (20000810 <dcd_rp2040_irq+0x330>)
20000562:	5ce3      	ldrb	r3, [r4, r3]
20000564:	2b02      	cmp	r3, #2
20000566:	d100      	bne.n	2000056a <dcd_rp2040_irq+0x8a>
20000568:	e196      	b.n	20000898 <dcd_rp2040_irq+0x3b8>
2000056a:	4baa      	ldr	r3, [pc, #680]	@ (20000814 <dcd_rp2040_irq+0x334>)
2000056c:	5ce3      	ldrb	r3, [r4, r3]
2000056e:	2b02      	cmp	r3, #2
20000570:	d100      	bne.n	20000574 <dcd_rp2040_irq+0x94>
20000572:	e185      	b.n	20000880 <dcd_rp2040_irq+0x3a0>
20000574:	4ba8      	ldr	r3, [pc, #672]	@ (20000818 <dcd_rp2040_irq+0x338>)
20000576:	5ce3      	ldrb	r3, [r4, r3]
20000578:	2b02      	cmp	r3, #2
2000057a:	d100      	bne.n	2000057e <dcd_rp2040_irq+0x9e>
2000057c:	e174      	b.n	20000868 <dcd_rp2040_irq+0x388>
2000057e:	4ba7      	ldr	r3, [pc, #668]	@ (2000081c <dcd_rp2040_irq+0x33c>)
20000580:	5ce3      	ldrb	r3, [r4, r3]
20000582:	2b02      	cmp	r3, #2
20000584:	d100      	bne.n	20000588 <dcd_rp2040_irq+0xa8>
20000586:	e163      	b.n	20000850 <dcd_rp2040_irq+0x370>
20000588:	4ba5      	ldr	r3, [pc, #660]	@ (20000820 <dcd_rp2040_irq+0x340>)
2000058a:	5ce3      	ldrb	r3, [r4, r3]
2000058c:	2b02      	cmp	r3, #2
2000058e:	d100      	bne.n	20000592 <dcd_rp2040_irq+0xb2>
20000590:	e12a      	b.n	200007e8 <dcd_rp2040_irq+0x308>
20000592:	4ba4      	ldr	r3, [pc, #656]	@ (20000824 <dcd_rp2040_irq+0x344>)
20000594:	5ce3      	ldrb	r3, [r4, r3]
20000596:	2b02      	cmp	r3, #2
20000598:	d100      	bne.n	2000059c <dcd_rp2040_irq+0xbc>
2000059a:	e10b      	b.n	200007b4 <dcd_rp2040_irq+0x2d4>
2000059c:	4ba2      	ldr	r3, [pc, #648]	@ (20000828 <dcd_rp2040_irq+0x348>)
2000059e:	5ce3      	ldrb	r3, [r4, r3]
200005a0:	2b02      	cmp	r3, #2
200005a2:	d100      	bne.n	200005a6 <dcd_rp2040_irq+0xc6>
200005a4:	e18f      	b.n	200008c6 <dcd_rp2040_irq+0x3e6>
200005a6:	4ba1      	ldr	r3, [pc, #644]	@ (2000082c <dcd_rp2040_irq+0x34c>)
200005a8:	5ce3      	ldrb	r3, [r4, r3]
200005aa:	2b02      	cmp	r3, #2
200005ac:	d100      	bne.n	200005b0 <dcd_rp2040_irq+0xd0>
200005ae:	e1a6      	b.n	200008fe <dcd_rp2040_irq+0x41e>
200005b0:	2e00      	cmp	r6, #0
200005b2:	d108      	bne.n	200005c6 <dcd_rp2040_irq+0xe6>
200005b4:	4b9e      	ldr	r3, [pc, #632]	@ (20000830 <dcd_rp2040_irq+0x350>)
200005b6:	781b      	ldrb	r3, [r3, #0]
200005b8:	2b00      	cmp	r3, #0
200005ba:	d104      	bne.n	200005c6 <dcd_rp2040_irq+0xe6>
200005bc:	2180      	movs	r1, #128	@ 0x80
200005be:	4a9d      	ldr	r2, [pc, #628]	@ (20000834 <dcd_rp2040_irq+0x354>)
200005c0:	3390      	adds	r3, #144	@ 0x90
200005c2:	0289      	lsls	r1, r1, #10
200005c4:	50d1      	str	r1, [r2, r3]
200005c6:	22c0      	movs	r2, #192	@ 0xc0
200005c8:	4b8d      	ldr	r3, [pc, #564]	@ (20000800 <dcd_rp2040_irq+0x320>)
200005ca:	a801      	add	r0, sp, #4
200005cc:	6c9b      	ldr	r3, [r3, #72]	@ 0x48
200005ce:	0092      	lsls	r2, r2, #2
200005d0:	055b      	lsls	r3, r3, #21
200005d2:	0d5b      	lsrs	r3, r3, #21
200005d4:	2101      	movs	r1, #1
200005d6:	2680      	movs	r6, #128	@ 0x80
200005d8:	8002      	strh	r2, [r0, #0]
200005da:	6043      	str	r3, [r0, #4]
200005dc:	f000 fbac 	bl	20000d38 <dcd_event_handler>
200005e0:	4c95      	ldr	r4, [pc, #596]	@ (20000838 <dcd_rp2040_irq+0x358>)
200005e2:	02b6      	lsls	r6, r6, #10
200005e4:	06eb      	lsls	r3, r5, #27
200005e6:	d500      	bpl.n	200005ea <dcd_rp2040_irq+0x10a>
200005e8:	e07c      	b.n	200006e4 <dcd_rp2040_irq+0x204>
200005ea:	2380      	movs	r3, #128	@ 0x80
200005ec:	025b      	lsls	r3, r3, #9
200005ee:	421d      	tst	r5, r3
200005f0:	d032      	beq.n	20000658 <dcd_rp2040_irq+0x178>
200005f2:	431e      	orrs	r6, r3
200005f4:	2301      	movs	r3, #1
200005f6:	2402      	movs	r4, #2
200005f8:	4698      	mov	r8, r3
200005fa:	4f83      	ldr	r7, [pc, #524]	@ (20000808 <dcd_rp2040_irq+0x328>)
200005fc:	7ebb      	ldrb	r3, [r7, #26]
200005fe:	2b00      	cmp	r3, #0
20000600:	d014      	beq.n	2000062c <dcd_rp2040_irq+0x14c>
20000602:	f000 fced 	bl	20000fe0 <__rp2040_chip_version_veneer>
20000606:	2801      	cmp	r0, #1
20000608:	d900      	bls.n	2000060c <dcd_rp2040_irq+0x12c>
2000060a:	e06f      	b.n	200006ec <dcd_rp2040_irq+0x20c>
2000060c:	22c0      	movs	r2, #192	@ 0xc0
2000060e:	2100      	movs	r1, #0
20000610:	0038      	movs	r0, r7
20000612:	0192      	lsls	r2, r2, #6
20000614:	f000 fb12 	bl	20000c3c <_hw_endpoint_buffer_control_update32>
20000618:	0038      	movs	r0, r7
2000061a:	f000 fb09 	bl	20000c30 <hw_endpoint_reset_transfer>
2000061e:	f000 fcdf 	bl	20000fe0 <__rp2040_chip_version_veneer>
20000622:	2801      	cmp	r0, #1
20000624:	d902      	bls.n	2000062c <dcd_rp2040_irq+0x14c>
20000626:	4b83      	ldr	r3, [pc, #524]	@ (20000834 <dcd_rp2040_irq+0x354>)
20000628:	665c      	str	r4, [r3, #100]	@ 0x64
2000062a:	661c      	str	r4, [r3, #96]	@ 0x60
2000062c:	4643      	mov	r3, r8
2000062e:	70fb      	strb	r3, [r7, #3]
20000630:	3720      	adds	r7, #32
20000632:	2c01      	cmp	r4, #1
20000634:	d001      	beq.n	2000063a <dcd_rp2040_irq+0x15a>
20000636:	2401      	movs	r4, #1
20000638:	e7e0      	b.n	200005fc <dcd_rp2040_irq+0x11c>
2000063a:	23c0      	movs	r3, #192	@ 0xc0
2000063c:	a801      	add	r0, sp, #4
2000063e:	00db      	lsls	r3, r3, #3
20000640:	4a7e      	ldr	r2, [pc, #504]	@ (2000083c <dcd_rp2040_irq+0x35c>)
20000642:	8003      	strh	r3, [r0, #0]
20000644:	ab02      	add	r3, sp, #8
20000646:	ca12      	ldmia	r2!, {r1, r4}
20000648:	c312      	stmia	r3!, {r1, r4}
2000064a:	2101      	movs	r1, #1
2000064c:	f000 fb74 	bl	20000d38 <dcd_event_handler>
20000650:	2280      	movs	r2, #128	@ 0x80
20000652:	4b78      	ldr	r3, [pc, #480]	@ (20000834 <dcd_rp2040_irq+0x354>)
20000654:	0292      	lsls	r2, r2, #10
20000656:	651a      	str	r2, [r3, #80]	@ 0x50
20000658:	2380      	movs	r3, #128	@ 0x80
2000065a:	015b      	lsls	r3, r3, #5
2000065c:	421d      	tst	r5, r3
2000065e:	d10e      	bne.n	2000067e <dcd_rp2040_irq+0x19e>
20000660:	2380      	movs	r3, #128	@ 0x80
20000662:	01db      	lsls	r3, r3, #7
20000664:	421d      	tst	r5, r3
20000666:	d121      	bne.n	200006ac <dcd_rp2040_irq+0x1cc>
20000668:	2380      	movs	r3, #128	@ 0x80
2000066a:	021b      	lsls	r3, r3, #8
2000066c:	421d      	tst	r5, r3
2000066e:	d12c      	bne.n	200006ca <dcd_rp2040_irq+0x1ea>
20000670:	42ae      	cmp	r6, r5
20000672:	d000      	beq.n	20000676 <dcd_rp2040_irq+0x196>
20000674:	e1c0      	b.n	200009f8 <dcd_rp2040_irq+0x518>
20000676:	b004      	add	sp, #16
20000678:	bc80      	pop	{r7}
2000067a:	46b8      	mov	r8, r7
2000067c:	bdf0      	pop	{r4, r5, r6, r7, pc}
2000067e:	2400      	movs	r4, #0
20000680:	431e      	orrs	r6, r3
20000682:	4b5f      	ldr	r3, [pc, #380]	@ (20000800 <dcd_rp2040_irq+0x320>)
20000684:	601c      	str	r4, [r3, #0]
20000686:	f7ff fea7 	bl	200003d8 <reset_non_control_endpoints>
2000068a:	2380      	movs	r3, #128	@ 0x80
2000068c:	466a      	mov	r2, sp
2000068e:	005b      	lsls	r3, r3, #1
20000690:	8093      	strh	r3, [r2, #4]
20000692:	7214      	strb	r4, [r2, #8]
20000694:	2101      	movs	r1, #1
20000696:	a801      	add	r0, sp, #4
20000698:	f000 fb4e 	bl	20000d38 <dcd_event_handler>
2000069c:	2280      	movs	r2, #128	@ 0x80
2000069e:	4b65      	ldr	r3, [pc, #404]	@ (20000834 <dcd_rp2040_irq+0x354>)
200006a0:	0312      	lsls	r2, r2, #12
200006a2:	651a      	str	r2, [r3, #80]	@ 0x50
200006a4:	2380      	movs	r3, #128	@ 0x80
200006a6:	01db      	lsls	r3, r3, #7
200006a8:	421d      	tst	r5, r3
200006aa:	d0dd      	beq.n	20000668 <dcd_rp2040_irq+0x188>
200006ac:	431e      	orrs	r6, r3
200006ae:	2380      	movs	r3, #128	@ 0x80
200006b0:	a801      	add	r0, sp, #4
200006b2:	00db      	lsls	r3, r3, #3
200006b4:	8003      	strh	r3, [r0, #0]
200006b6:	2101      	movs	r1, #1
200006b8:	f000 fb3e 	bl	20000d38 <dcd_event_handler>
200006bc:	2210      	movs	r2, #16
200006be:	4b5d      	ldr	r3, [pc, #372]	@ (20000834 <dcd_rp2040_irq+0x354>)
200006c0:	651a      	str	r2, [r3, #80]	@ 0x50
200006c2:	2380      	movs	r3, #128	@ 0x80
200006c4:	021b      	lsls	r3, r3, #8
200006c6:	421d      	tst	r5, r3
200006c8:	d0d2      	beq.n	20000670 <dcd_rp2040_irq+0x190>
200006ca:	431e      	orrs	r6, r3
200006cc:	23a0      	movs	r3, #160	@ 0xa0
200006ce:	a801      	add	r0, sp, #4
200006d0:	00db      	lsls	r3, r3, #3
200006d2:	8003      	strh	r3, [r0, #0]
200006d4:	2101      	movs	r1, #1
200006d6:	f000 fb2f 	bl	20000d38 <dcd_event_handler>
200006da:	2280      	movs	r2, #128	@ 0x80
200006dc:	4b55      	ldr	r3, [pc, #340]	@ (20000834 <dcd_rp2040_irq+0x354>)
200006de:	0112      	lsls	r2, r2, #4
200006e0:	651a      	str	r2, [r3, #80]	@ 0x50
200006e2:	e7c5      	b.n	20000670 <dcd_rp2040_irq+0x190>
200006e4:	f7ff feac 	bl	20000440 <hw_handle_buff_status>
200006e8:	0026      	movs	r6, r4
200006ea:	e77e      	b.n	200005ea <dcd_rp2040_irq+0x10a>
200006ec:	4b54      	ldr	r3, [pc, #336]	@ (20000840 <dcd_rp2040_irq+0x360>)
200006ee:	4a44      	ldr	r2, [pc, #272]	@ (20000800 <dcd_rp2040_irq+0x320>)
200006f0:	661c      	str	r4, [r3, #96]	@ 0x60
200006f2:	6e53      	ldr	r3, [r2, #100]	@ 0x64
200006f4:	4023      	ands	r3, r4
200006f6:	42a3      	cmp	r3, r4
200006f8:	d1fb      	bne.n	200006f2 <dcd_rp2040_irq+0x212>
200006fa:	e787      	b.n	2000060c <dcd_rp2040_irq+0x12c>
200006fc:	3338      	adds	r3, #56	@ 0x38
200006fe:	5ce6      	ldrb	r6, [r4, r3]
20000700:	2e00      	cmp	r6, #0
20000702:	d100      	bne.n	20000706 <dcd_rp2040_irq+0x226>
20000704:	e705      	b.n	20000512 <dcd_rp2040_irq+0x32>
20000706:	3302      	adds	r3, #2
20000708:	5ce2      	ldrb	r2, [r4, r3]
2000070a:	2a00      	cmp	r2, #0
2000070c:	d100      	bne.n	20000710 <dcd_rp2040_irq+0x230>
2000070e:	e700      	b.n	20000512 <dcd_rp2040_irq+0x32>
20000710:	0020      	movs	r0, r4
20000712:	2200      	movs	r2, #0
20000714:	3020      	adds	r0, #32
20000716:	54e2      	strb	r2, [r4, r3]
20000718:	f000 fab8 	bl	20000c8c <hw_endpoint_start_next_buffer>
2000071c:	e6f9      	b.n	20000512 <dcd_rp2040_irq+0x32>
2000071e:	33b8      	adds	r3, #184	@ 0xb8
20000720:	5ce7      	ldrb	r7, [r4, r3]
20000722:	2f00      	cmp	r7, #0
20000724:	d100      	bne.n	20000728 <dcd_rp2040_irq+0x248>
20000726:	e6fe      	b.n	20000526 <dcd_rp2040_irq+0x46>
20000728:	3302      	adds	r3, #2
2000072a:	5ce2      	ldrb	r2, [r4, r3]
2000072c:	2a00      	cmp	r2, #0
2000072e:	d000      	beq.n	20000732 <dcd_rp2040_irq+0x252>
20000730:	e122      	b.n	20000978 <dcd_rp2040_irq+0x498>
20000732:	003e      	movs	r6, r7
20000734:	e6f7      	b.n	20000526 <dcd_rp2040_irq+0x46>
20000736:	3378      	adds	r3, #120	@ 0x78
20000738:	5ce7      	ldrb	r7, [r4, r3]
2000073a:	2f00      	cmp	r7, #0
2000073c:	d100      	bne.n	20000740 <dcd_rp2040_irq+0x260>
2000073e:	e6ed      	b.n	2000051c <dcd_rp2040_irq+0x3c>
20000740:	3302      	adds	r3, #2
20000742:	5ce2      	ldrb	r2, [r4, r3]
20000744:	2a00      	cmp	r2, #0
20000746:	d000      	beq.n	2000074a <dcd_rp2040_irq+0x26a>
20000748:	e10e      	b.n	20000968 <dcd_rp2040_irq+0x488>
2000074a:	003e      	movs	r6, r7
2000074c:	e6e6      	b.n	2000051c <dcd_rp2040_irq+0x3c>
2000074e:	33b9      	adds	r3, #185	@ 0xb9
20000750:	33ff      	adds	r3, #255	@ 0xff
20000752:	5ce7      	ldrb	r7, [r4, r3]
20000754:	2f00      	cmp	r7, #0
20000756:	d100      	bne.n	2000075a <dcd_rp2040_irq+0x27a>
20000758:	e6fc      	b.n	20000554 <dcd_rp2040_irq+0x74>
2000075a:	3302      	adds	r3, #2
2000075c:	5ce2      	ldrb	r2, [r4, r3]
2000075e:	2a00      	cmp	r2, #0
20000760:	d000      	beq.n	20000764 <dcd_rp2040_irq+0x284>
20000762:	e0f8      	b.n	20000956 <dcd_rp2040_irq+0x476>
20000764:	003e      	movs	r6, r7
20000766:	e6f5      	b.n	20000554 <dcd_rp2040_irq+0x74>
20000768:	3379      	adds	r3, #121	@ 0x79
2000076a:	33ff      	adds	r3, #255	@ 0xff
2000076c:	5ce7      	ldrb	r7, [r4, r3]
2000076e:	2f00      	cmp	r7, #0
20000770:	d100      	bne.n	20000774 <dcd_rp2040_irq+0x294>
20000772:	e6e9      	b.n	20000548 <dcd_rp2040_irq+0x68>
20000774:	3302      	adds	r3, #2
20000776:	5ce2      	ldrb	r2, [r4, r3]
20000778:	2a00      	cmp	r2, #0
2000077a:	d000      	beq.n	2000077e <dcd_rp2040_irq+0x29e>
2000077c:	e0e2      	b.n	20000944 <dcd_rp2040_irq+0x464>
2000077e:	003e      	movs	r6, r7
20000780:	e6e2      	b.n	20000548 <dcd_rp2040_irq+0x68>
20000782:	3339      	adds	r3, #57	@ 0x39
20000784:	33ff      	adds	r3, #255	@ 0xff
20000786:	5ce7      	ldrb	r7, [r4, r3]
20000788:	2f00      	cmp	r7, #0
2000078a:	d100      	bne.n	2000078e <dcd_rp2040_irq+0x2ae>
2000078c:	e6d6      	b.n	2000053c <dcd_rp2040_irq+0x5c>
2000078e:	3302      	adds	r3, #2
20000790:	5ce2      	ldrb	r2, [r4, r3]
20000792:	2a00      	cmp	r2, #0
20000794:	d000      	beq.n	20000798 <dcd_rp2040_irq+0x2b8>
20000796:	e0cc      	b.n	20000932 <dcd_rp2040_irq+0x452>
20000798:	003e      	movs	r6, r7
2000079a:	e6cf      	b.n	2000053c <dcd_rp2040_irq+0x5c>
2000079c:	33f8      	adds	r3, #248	@ 0xf8
2000079e:	5ce7      	ldrb	r7, [r4, r3]
200007a0:	2f00      	cmp	r7, #0
200007a2:	d100      	bne.n	200007a6 <dcd_rp2040_irq+0x2c6>
200007a4:	e6c4      	b.n	20000530 <dcd_rp2040_irq+0x50>
200007a6:	3302      	adds	r3, #2
200007a8:	5ce2      	ldrb	r2, [r4, r3]
200007aa:	2a00      	cmp	r2, #0
200007ac:	d000      	beq.n	200007b0 <dcd_rp2040_irq+0x2d0>
200007ae:	e0b8      	b.n	20000922 <dcd_rp2040_irq+0x442>
200007b0:	003e      	movs	r6, r7
200007b2:	e6bd      	b.n	20000530 <dcd_rp2040_irq+0x50>
200007b4:	4b23      	ldr	r3, [pc, #140]	@ (20000844 <dcd_rp2040_irq+0x364>)
200007b6:	5ce7      	ldrb	r7, [r4, r3]
200007b8:	2f00      	cmp	r7, #0
200007ba:	d100      	bne.n	200007be <dcd_rp2040_irq+0x2de>
200007bc:	e6ee      	b.n	2000059c <dcd_rp2040_irq+0xbc>
200007be:	3302      	adds	r3, #2
200007c0:	5ce2      	ldrb	r2, [r4, r3]
200007c2:	2a00      	cmp	r2, #0
200007c4:	d000      	beq.n	200007c8 <dcd_rp2040_irq+0x2e8>
200007c6:	e110      	b.n	200009ea <dcd_rp2040_irq+0x50a>
200007c8:	4b17      	ldr	r3, [pc, #92]	@ (20000828 <dcd_rp2040_irq+0x348>)
200007ca:	5ce3      	ldrb	r3, [r4, r3]
200007cc:	2b02      	cmp	r3, #2
200007ce:	d100      	bne.n	200007d2 <dcd_rp2040_irq+0x2f2>
200007d0:	e08b      	b.n	200008ea <dcd_rp2040_irq+0x40a>
200007d2:	4b16      	ldr	r3, [pc, #88]	@ (2000082c <dcd_rp2040_irq+0x34c>)
200007d4:	5ce3      	ldrb	r3, [r4, r3]
200007d6:	2b02      	cmp	r3, #2
200007d8:	d000      	beq.n	200007dc <dcd_rp2040_irq+0x2fc>
200007da:	e6f4      	b.n	200005c6 <dcd_rp2040_irq+0xe6>
200007dc:	4b1a      	ldr	r3, [pc, #104]	@ (20000848 <dcd_rp2040_irq+0x368>)
200007de:	5ce3      	ldrb	r3, [r4, r3]
200007e0:	2b00      	cmp	r3, #0
200007e2:	d000      	beq.n	200007e6 <dcd_rp2040_irq+0x306>
200007e4:	e090      	b.n	20000908 <dcd_rp2040_irq+0x428>
200007e6:	e6ee      	b.n	200005c6 <dcd_rp2040_irq+0xe6>
200007e8:	4b18      	ldr	r3, [pc, #96]	@ (2000084c <dcd_rp2040_irq+0x36c>)
200007ea:	5ce7      	ldrb	r7, [r4, r3]
200007ec:	2f00      	cmp	r7, #0
200007ee:	d100      	bne.n	200007f2 <dcd_rp2040_irq+0x312>
200007f0:	e6cf      	b.n	20000592 <dcd_rp2040_irq+0xb2>
200007f2:	3302      	adds	r3, #2
200007f4:	5ce2      	ldrb	r2, [r4, r3]
200007f6:	2a00      	cmp	r2, #0
200007f8:	d000      	beq.n	200007fc <dcd_rp2040_irq+0x31c>
200007fa:	e0ee      	b.n	200009da <dcd_rp2040_irq+0x4fa>
200007fc:	003e      	movs	r6, r7
200007fe:	e6c8      	b.n	20000592 <dcd_rp2040_irq+0xb2>
20000800:	50110000 	.word	0x50110000
20000804:	40054000 	.word	0x40054000
20000808:	20001e90 	.word	0x20001e90
2000080c:	20001e84 	.word	0x20001e84
20000810:	0000023b 	.word	0x0000023b
20000814:	0000027b 	.word	0x0000027b
20000818:	000002bb 	.word	0x000002bb
2000081c:	000002fb 	.word	0x000002fb
20000820:	0000033b 	.word	0x0000033b
20000824:	0000037b 	.word	0x0000037b
20000828:	000003bb 	.word	0x000003bb
2000082c:	000003fb 	.word	0x000003fb
20000830:	20012aa2 	.word	0x20012aa2
20000834:	50113000 	.word	0x50113000
20000838:	00020010 	.word	0x00020010
2000083c:	50100000 	.word	0x50100000
20000840:	50112000 	.word	0x50112000
20000844:	0000037a 	.word	0x0000037a
20000848:	000003fa 	.word	0x000003fa
2000084c:	0000033a 	.word	0x0000033a
20000850:	4b6c      	ldr	r3, [pc, #432]	@ (20000a04 <dcd_rp2040_irq+0x524>)
20000852:	5ce7      	ldrb	r7, [r4, r3]
20000854:	2f00      	cmp	r7, #0
20000856:	d100      	bne.n	2000085a <dcd_rp2040_irq+0x37a>
20000858:	e696      	b.n	20000588 <dcd_rp2040_irq+0xa8>
2000085a:	3302      	adds	r3, #2
2000085c:	5ce2      	ldrb	r2, [r4, r3]
2000085e:	2a00      	cmp	r2, #0
20000860:	d000      	beq.n	20000864 <dcd_rp2040_irq+0x384>
20000862:	e0b2      	b.n	200009ca <dcd_rp2040_irq+0x4ea>
20000864:	003e      	movs	r6, r7
20000866:	e68f      	b.n	20000588 <dcd_rp2040_irq+0xa8>
20000868:	4b67      	ldr	r3, [pc, #412]	@ (20000a08 <dcd_rp2040_irq+0x528>)
2000086a:	5ce7      	ldrb	r7, [r4, r3]
2000086c:	2f00      	cmp	r7, #0
2000086e:	d100      	bne.n	20000872 <dcd_rp2040_irq+0x392>
20000870:	e685      	b.n	2000057e <dcd_rp2040_irq+0x9e>
20000872:	3302      	adds	r3, #2
20000874:	5ce2      	ldrb	r2, [r4, r3]
20000876:	2a00      	cmp	r2, #0
20000878:	d000      	beq.n	2000087c <dcd_rp2040_irq+0x39c>
2000087a:	e09e      	b.n	200009ba <dcd_rp2040_irq+0x4da>
2000087c:	003e      	movs	r6, r7
2000087e:	e67e      	b.n	2000057e <dcd_rp2040_irq+0x9e>
20000880:	4b62      	ldr	r3, [pc, #392]	@ (20000a0c <dcd_rp2040_irq+0x52c>)
20000882:	5ce7      	ldrb	r7, [r4, r3]
20000884:	2f00      	cmp	r7, #0
20000886:	d100      	bne.n	2000088a <dcd_rp2040_irq+0x3aa>
20000888:	e674      	b.n	20000574 <dcd_rp2040_irq+0x94>
2000088a:	3302      	adds	r3, #2
2000088c:	5ce2      	ldrb	r2, [r4, r3]
2000088e:	2a00      	cmp	r2, #0
20000890:	d000      	beq.n	20000894 <dcd_rp2040_irq+0x3b4>
20000892:	e08a      	b.n	200009aa <dcd_rp2040_irq+0x4ca>
20000894:	003e      	movs	r6, r7
20000896:	e66d      	b.n	20000574 <dcd_rp2040_irq+0x94>
20000898:	4b5d      	ldr	r3, [pc, #372]	@ (20000a10 <dcd_rp2040_irq+0x530>)
2000089a:	5ce7      	ldrb	r7, [r4, r3]
2000089c:	2f00      	cmp	r7, #0
2000089e:	d100      	bne.n	200008a2 <dcd_rp2040_irq+0x3c2>
200008a0:	e663      	b.n	2000056a <dcd_rp2040_irq+0x8a>
200008a2:	3302      	adds	r3, #2
200008a4:	5ce2      	ldrb	r2, [r4, r3]
200008a6:	2a00      	cmp	r2, #0
200008a8:	d177      	bne.n	2000099a <dcd_rp2040_irq+0x4ba>
200008aa:	003e      	movs	r6, r7
200008ac:	e65d      	b.n	2000056a <dcd_rp2040_irq+0x8a>
200008ae:	33f9      	adds	r3, #249	@ 0xf9
200008b0:	33ff      	adds	r3, #255	@ 0xff
200008b2:	5ce7      	ldrb	r7, [r4, r3]
200008b4:	2f00      	cmp	r7, #0
200008b6:	d100      	bne.n	200008ba <dcd_rp2040_irq+0x3da>
200008b8:	e652      	b.n	20000560 <dcd_rp2040_irq+0x80>
200008ba:	3302      	adds	r3, #2
200008bc:	5ce2      	ldrb	r2, [r4, r3]
200008be:	2a00      	cmp	r2, #0
200008c0:	d162      	bne.n	20000988 <dcd_rp2040_irq+0x4a8>
200008c2:	003e      	movs	r6, r7
200008c4:	e64c      	b.n	20000560 <dcd_rp2040_irq+0x80>
200008c6:	4b53      	ldr	r3, [pc, #332]	@ (20000a14 <dcd_rp2040_irq+0x534>)
200008c8:	5ce3      	ldrb	r3, [r4, r3]
200008ca:	2b00      	cmp	r3, #0
200008cc:	d100      	bne.n	200008d0 <dcd_rp2040_irq+0x3f0>
200008ce:	e66a      	b.n	200005a6 <dcd_rp2040_irq+0xc6>
200008d0:	23ef      	movs	r3, #239	@ 0xef
200008d2:	009b      	lsls	r3, r3, #2
200008d4:	5ce2      	ldrb	r2, [r4, r3]
200008d6:	2a00      	cmp	r2, #0
200008d8:	d100      	bne.n	200008dc <dcd_rp2040_irq+0x3fc>
200008da:	e77a      	b.n	200007d2 <dcd_rp2040_irq+0x2f2>
200008dc:	2200      	movs	r2, #0
200008de:	54e2      	strb	r2, [r4, r3]
200008e0:	3b1c      	subs	r3, #28
200008e2:	18e0      	adds	r0, r4, r3
200008e4:	f000 f9d2 	bl	20000c8c <hw_endpoint_start_next_buffer>
200008e8:	e773      	b.n	200007d2 <dcd_rp2040_irq+0x2f2>
200008ea:	4b4a      	ldr	r3, [pc, #296]	@ (20000a14 <dcd_rp2040_irq+0x534>)
200008ec:	5ce3      	ldrb	r3, [r4, r3]
200008ee:	2b00      	cmp	r3, #0
200008f0:	d1ee      	bne.n	200008d0 <dcd_rp2040_irq+0x3f0>
200008f2:	4b49      	ldr	r3, [pc, #292]	@ (20000a18 <dcd_rp2040_irq+0x538>)
200008f4:	5ce3      	ldrb	r3, [r4, r3]
200008f6:	2b02      	cmp	r3, #2
200008f8:	d000      	beq.n	200008fc <dcd_rp2040_irq+0x41c>
200008fa:	e664      	b.n	200005c6 <dcd_rp2040_irq+0xe6>
200008fc:	003e      	movs	r6, r7
200008fe:	4b47      	ldr	r3, [pc, #284]	@ (20000a1c <dcd_rp2040_irq+0x53c>)
20000900:	5ce3      	ldrb	r3, [r4, r3]
20000902:	2b00      	cmp	r3, #0
20000904:	d100      	bne.n	20000908 <dcd_rp2040_irq+0x428>
20000906:	e653      	b.n	200005b0 <dcd_rp2040_irq+0xd0>
20000908:	23ff      	movs	r3, #255	@ 0xff
2000090a:	009b      	lsls	r3, r3, #2
2000090c:	5ce2      	ldrb	r2, [r4, r3]
2000090e:	2a00      	cmp	r2, #0
20000910:	d100      	bne.n	20000914 <dcd_rp2040_irq+0x434>
20000912:	e658      	b.n	200005c6 <dcd_rp2040_irq+0xe6>
20000914:	2200      	movs	r2, #0
20000916:	54e2      	strb	r2, [r4, r3]
20000918:	3b1c      	subs	r3, #28
2000091a:	18e0      	adds	r0, r4, r3
2000091c:	f000 f9b6 	bl	20000c8c <hw_endpoint_start_next_buffer>
20000920:	e651      	b.n	200005c6 <dcd_rp2040_irq+0xe6>
20000922:	0020      	movs	r0, r4
20000924:	2200      	movs	r2, #0
20000926:	30e0      	adds	r0, #224	@ 0xe0
20000928:	54e2      	strb	r2, [r4, r3]
2000092a:	003e      	movs	r6, r7
2000092c:	f000 f9ae 	bl	20000c8c <hw_endpoint_start_next_buffer>
20000930:	e5fe      	b.n	20000530 <dcd_rp2040_irq+0x50>
20000932:	0020      	movs	r0, r4
20000934:	2200      	movs	r2, #0
20000936:	3021      	adds	r0, #33	@ 0x21
20000938:	30ff      	adds	r0, #255	@ 0xff
2000093a:	54e2      	strb	r2, [r4, r3]
2000093c:	003e      	movs	r6, r7
2000093e:	f000 f9a5 	bl	20000c8c <hw_endpoint_start_next_buffer>
20000942:	e5fb      	b.n	2000053c <dcd_rp2040_irq+0x5c>
20000944:	0020      	movs	r0, r4
20000946:	2200      	movs	r2, #0
20000948:	3061      	adds	r0, #97	@ 0x61
2000094a:	30ff      	adds	r0, #255	@ 0xff
2000094c:	54e2      	strb	r2, [r4, r3]
2000094e:	003e      	movs	r6, r7
20000950:	f000 f99c 	bl	20000c8c <hw_endpoint_start_next_buffer>
20000954:	e5f8      	b.n	20000548 <dcd_rp2040_irq+0x68>
20000956:	0020      	movs	r0, r4
20000958:	2200      	movs	r2, #0
2000095a:	30a1      	adds	r0, #161	@ 0xa1
2000095c:	30ff      	adds	r0, #255	@ 0xff
2000095e:	54e2      	strb	r2, [r4, r3]
20000960:	003e      	movs	r6, r7
20000962:	f000 f993 	bl	20000c8c <hw_endpoint_start_next_buffer>
20000966:	e5f5      	b.n	20000554 <dcd_rp2040_irq+0x74>
20000968:	0020      	movs	r0, r4
2000096a:	2200      	movs	r2, #0
2000096c:	3060      	adds	r0, #96	@ 0x60
2000096e:	54e2      	strb	r2, [r4, r3]
20000970:	003e      	movs	r6, r7
20000972:	f000 f98b 	bl	20000c8c <hw_endpoint_start_next_buffer>
20000976:	e5d1      	b.n	2000051c <dcd_rp2040_irq+0x3c>
20000978:	0020      	movs	r0, r4
2000097a:	2200      	movs	r2, #0
2000097c:	30a0      	adds	r0, #160	@ 0xa0
2000097e:	54e2      	strb	r2, [r4, r3]
20000980:	003e      	movs	r6, r7
20000982:	f000 f983 	bl	20000c8c <hw_endpoint_start_next_buffer>
20000986:	e5ce      	b.n	20000526 <dcd_rp2040_irq+0x46>
20000988:	0020      	movs	r0, r4
2000098a:	2200      	movs	r2, #0
2000098c:	30e1      	adds	r0, #225	@ 0xe1
2000098e:	30ff      	adds	r0, #255	@ 0xff
20000990:	54e2      	strb	r2, [r4, r3]
20000992:	003e      	movs	r6, r7
20000994:	f000 f97a 	bl	20000c8c <hw_endpoint_start_next_buffer>
20000998:	e5e2      	b.n	20000560 <dcd_rp2040_irq+0x80>
2000099a:	2200      	movs	r2, #0
2000099c:	54e2      	strb	r2, [r4, r3]
2000099e:	3b1c      	subs	r3, #28
200009a0:	18e0      	adds	r0, r4, r3
200009a2:	f000 f973 	bl	20000c8c <hw_endpoint_start_next_buffer>
200009a6:	003e      	movs	r6, r7
200009a8:	e5df      	b.n	2000056a <dcd_rp2040_irq+0x8a>
200009aa:	2200      	movs	r2, #0
200009ac:	54e2      	strb	r2, [r4, r3]
200009ae:	3b1c      	subs	r3, #28
200009b0:	18e0      	adds	r0, r4, r3
200009b2:	f000 f96b 	bl	20000c8c <hw_endpoint_start_next_buffer>
200009b6:	003e      	movs	r6, r7
200009b8:	e5dc      	b.n	20000574 <dcd_rp2040_irq+0x94>
200009ba:	2200      	movs	r2, #0
200009bc:	54e2      	strb	r2, [r4, r3]
200009be:	3b1c      	subs	r3, #28
200009c0:	18e0      	adds	r0, r4, r3
200009c2:	f000 f963 	bl	20000c8c <hw_endpoint_start_next_buffer>
200009c6:	003e      	movs	r6, r7
200009c8:	e5d9      	b.n	2000057e <dcd_rp2040_irq+0x9e>
200009ca:	2200      	movs	r2, #0
200009cc:	54e2      	strb	r2, [r4, r3]
200009ce:	3b1c      	subs	r3, #28
200009d0:	18e0      	adds	r0, r4, r3
200009d2:	f000 f95b 	bl	20000c8c <hw_endpoint_start_next_buffer>
200009d6:	003e      	movs	r6, r7
200009d8:	e5d6      	b.n	20000588 <dcd_rp2040_irq+0xa8>
200009da:	2200      	movs	r2, #0
200009dc:	54e2      	strb	r2, [r4, r3]
200009de:	3b1c      	subs	r3, #28
200009e0:	18e0      	adds	r0, r4, r3
200009e2:	f000 f953 	bl	20000c8c <hw_endpoint_start_next_buffer>
200009e6:	003e      	movs	r6, r7
200009e8:	e5d3      	b.n	20000592 <dcd_rp2040_irq+0xb2>
200009ea:	2200      	movs	r2, #0
200009ec:	54e2      	strb	r2, [r4, r3]
200009ee:	3b1c      	subs	r3, #28
200009f0:	18e0      	adds	r0, r4, r3
200009f2:	f000 f94b 	bl	20000c8c <hw_endpoint_start_next_buffer>
200009f6:	e6e7      	b.n	200007c8 <dcd_rp2040_irq+0x2e8>
200009f8:	0031      	movs	r1, r6
200009fa:	4809      	ldr	r0, [pc, #36]	@ (20000a20 <dcd_rp2040_irq+0x540>)
200009fc:	4069      	eors	r1, r5
200009fe:	f000 faff 	bl	20001000 <__panic_veneer>
20000a02:	46c0      	nop			@ (mov r8, r8)
20000a04:	000002fa 	.word	0x000002fa
20000a08:	000002ba 	.word	0x000002ba
20000a0c:	0000027a 	.word	0x0000027a
20000a10:	0000023a 	.word	0x0000023a
20000a14:	000003ba 	.word	0x000003ba
20000a18:	000003fb 	.word	0x000003fb
20000a1c:	000003fa 	.word	0x000003fa
20000a20:	1000a3c8 	.word	0x1000a3c8

20000a24 <prepare_ep_buffer>:
20000a24:	b5f0      	push	{r4, r5, r6, r7, lr}
20000a26:	46d6      	mov	lr, sl
20000a28:	464f      	mov	r7, r9
20000a2a:	4646      	mov	r6, r8
20000a2c:	b5c0      	push	{r6, r7, lr}
20000a2e:	0002      	movs	r2, r0
20000a30:	8a83      	ldrh	r3, [r0, #20]
20000a32:	8b00      	ldrh	r0, [r0, #24]
20000a34:	468a      	mov	sl, r1
20000a36:	1c04      	adds	r4, r0, #0
20000a38:	4298      	cmp	r0, r3
20000a3a:	d900      	bls.n	20000a3e <prepare_ep_buffer+0x1a>
20000a3c:	1c1c      	adds	r4, r3, #0
20000a3e:	78d5      	ldrb	r5, [r2, #3]
20000a40:	2680      	movs	r6, #128	@ 0x80
20000a42:	0028      	movs	r0, r5
20000a44:	1e47      	subs	r7, r0, #1
20000a46:	41b8      	sbcs	r0, r7
20000a48:	b2a4      	uxth	r4, r4
20000a4a:	00f6      	lsls	r6, r6, #3
20000a4c:	4326      	orrs	r6, r4
20000a4e:	0340      	lsls	r0, r0, #13
20000a50:	4330      	orrs	r0, r6
20000a52:	2601      	movs	r6, #1
20000a54:	4075      	eors	r5, r6
20000a56:	1b1b      	subs	r3, r3, r4
20000a58:	70d5      	strb	r5, [r2, #3]
20000a5a:	7855      	ldrb	r5, [r2, #1]
20000a5c:	b29b      	uxth	r3, r3
20000a5e:	8293      	strh	r3, [r2, #20]
20000a60:	2d00      	cmp	r5, #0
20000a62:	d137      	bne.n	20000ad4 <prepare_ep_buffer+0xb0>
20000a64:	4651      	mov	r1, sl
20000a66:	68d6      	ldr	r6, [r2, #12]
20000a68:	018d      	lsls	r5, r1, #6
20000a6a:	1e61      	subs	r1, r4, #1
20000a6c:	1976      	adds	r6, r6, r5
20000a6e:	4688      	mov	r8, r1
20000a70:	6915      	ldr	r5, [r2, #16]
20000a72:	2c00      	cmp	r4, #0
20000a74:	d029      	beq.n	20000aca <prepare_ep_buffer+0xa6>
20000a76:	2906      	cmp	r1, #6
20000a78:	d93a      	bls.n	20000af0 <prepare_ep_buffer+0xcc>
20000a7a:	0033      	movs	r3, r6
20000a7c:	432b      	orrs	r3, r5
20000a7e:	079b      	lsls	r3, r3, #30
20000a80:	d136      	bne.n	20000af0 <prepare_ep_buffer+0xcc>
20000a82:	1c6b      	adds	r3, r5, #1
20000a84:	1af3      	subs	r3, r6, r3
20000a86:	2b02      	cmp	r3, #2
20000a88:	d932      	bls.n	20000af0 <prepare_ep_buffer+0xcc>
20000a8a:	1f23      	subs	r3, r4, #4
20000a8c:	089b      	lsrs	r3, r3, #2
20000a8e:	3301      	adds	r3, #1
20000a90:	469c      	mov	ip, r3
20000a92:	2700      	movs	r7, #0
20000a94:	2300      	movs	r3, #0
20000a96:	58e9      	ldr	r1, [r5, r3]
20000a98:	3701      	adds	r7, #1
20000a9a:	50f1      	str	r1, [r6, r3]
20000a9c:	3304      	adds	r3, #4
20000a9e:	45bc      	cmp	ip, r7
20000aa0:	d8f9      	bhi.n	20000a96 <prepare_ep_buffer+0x72>
20000aa2:	4663      	mov	r3, ip
20000aa4:	4641      	mov	r1, r8
20000aa6:	009b      	lsls	r3, r3, #2
20000aa8:	18ed      	adds	r5, r5, r3
20000aaa:	18f6      	adds	r6, r6, r3
20000aac:	1acf      	subs	r7, r1, r3
20000aae:	429c      	cmp	r4, r3
20000ab0:	d009      	beq.n	20000ac6 <prepare_ep_buffer+0xa2>
20000ab2:	782b      	ldrb	r3, [r5, #0]
20000ab4:	7033      	strb	r3, [r6, #0]
20000ab6:	2f00      	cmp	r7, #0
20000ab8:	d005      	beq.n	20000ac6 <prepare_ep_buffer+0xa2>
20000aba:	786b      	ldrb	r3, [r5, #1]
20000abc:	7073      	strb	r3, [r6, #1]
20000abe:	2f01      	cmp	r7, #1
20000ac0:	d001      	beq.n	20000ac6 <prepare_ep_buffer+0xa2>
20000ac2:	78ab      	ldrb	r3, [r5, #2]
20000ac4:	70b3      	strb	r3, [r6, #2]
20000ac6:	6915      	ldr	r5, [r2, #16]
20000ac8:	8a93      	ldrh	r3, [r2, #20]
20000aca:	192d      	adds	r5, r5, r4
20000acc:	6115      	str	r5, [r2, #16]
20000ace:	2280      	movs	r2, #128	@ 0x80
20000ad0:	0212      	lsls	r2, r2, #8
20000ad2:	4310      	orrs	r0, r2
20000ad4:	2b00      	cmp	r3, #0
20000ad6:	d102      	bne.n	20000ade <prepare_ep_buffer+0xba>
20000ad8:	2380      	movs	r3, #128	@ 0x80
20000ada:	01db      	lsls	r3, r3, #7
20000adc:	4318      	orrs	r0, r3
20000ade:	4653      	mov	r3, sl
20000ae0:	2b00      	cmp	r3, #0
20000ae2:	d000      	beq.n	20000ae6 <prepare_ep_buffer+0xc2>
20000ae4:	0400      	lsls	r0, r0, #16
20000ae6:	bce0      	pop	{r5, r6, r7}
20000ae8:	46ba      	mov	sl, r7
20000aea:	46b1      	mov	r9, r6
20000aec:	46a8      	mov	r8, r5
20000aee:	bdf0      	pop	{r4, r5, r6, r7, pc}
20000af0:	2300      	movs	r3, #0
20000af2:	5cef      	ldrb	r7, [r5, r3]
20000af4:	54f7      	strb	r7, [r6, r3]
20000af6:	3301      	adds	r3, #1
20000af8:	429c      	cmp	r4, r3
20000afa:	d1fa      	bne.n	20000af2 <prepare_ep_buffer+0xce>
20000afc:	6915      	ldr	r5, [r2, #16]
20000afe:	8a93      	ldrh	r3, [r2, #20]
20000b00:	e7e3      	b.n	20000aca <prepare_ep_buffer+0xa6>
20000b02:	46c0      	nop			@ (mov r8, r8)

20000b04 <sync_ep_buffer>:
20000b04:	6883      	ldr	r3, [r0, #8]
20000b06:	b5f0      	push	{r4, r5, r6, r7, lr}
20000b08:	681b      	ldr	r3, [r3, #0]
20000b0a:	0005      	movs	r5, r0
20000b0c:	2900      	cmp	r1, #0
20000b0e:	d000      	beq.n	20000b12 <sync_ep_buffer+0xe>
20000b10:	0c1b      	lsrs	r3, r3, #16
20000b12:	059b      	lsls	r3, r3, #22
20000b14:	0d98      	lsrs	r0, r3, #22
20000b16:	786b      	ldrb	r3, [r5, #1]
20000b18:	2b00      	cmp	r3, #0
20000b1a:	d108      	bne.n	20000b2e <sync_ep_buffer+0x2a>
20000b1c:	8aeb      	ldrh	r3, [r5, #22]
20000b1e:	18c3      	adds	r3, r0, r3
20000b20:	82eb      	strh	r3, [r5, #22]
20000b22:	8b2b      	ldrh	r3, [r5, #24]
20000b24:	4283      	cmp	r3, r0
20000b26:	d901      	bls.n	20000b2c <sync_ep_buffer+0x28>
20000b28:	2300      	movs	r3, #0
20000b2a:	82ab      	strh	r3, [r5, #20]
20000b2c:	bdf0      	pop	{r4, r5, r6, r7, pc}
20000b2e:	68eb      	ldr	r3, [r5, #12]
20000b30:	0189      	lsls	r1, r1, #6
20000b32:	1e46      	subs	r6, r0, #1
20000b34:	46b4      	mov	ip, r6
20000b36:	692a      	ldr	r2, [r5, #16]
20000b38:	185c      	adds	r4, r3, r1
20000b3a:	2800      	cmp	r0, #0
20000b3c:	d027      	beq.n	20000b8e <sync_ep_buffer+0x8a>
20000b3e:	2e06      	cmp	r6, #6
20000b40:	d92b      	bls.n	20000b9a <sync_ep_buffer+0x96>
20000b42:	3101      	adds	r1, #1
20000b44:	185b      	adds	r3, r3, r1
20000b46:	1ad3      	subs	r3, r2, r3
20000b48:	2b02      	cmp	r3, #2
20000b4a:	d926      	bls.n	20000b9a <sync_ep_buffer+0x96>
20000b4c:	0013      	movs	r3, r2
20000b4e:	4323      	orrs	r3, r4
20000b50:	079b      	lsls	r3, r3, #30
20000b52:	d122      	bne.n	20000b9a <sync_ep_buffer+0x96>
20000b54:	2300      	movs	r3, #0
20000b56:	2100      	movs	r1, #0
20000b58:	1f06      	subs	r6, r0, #4
20000b5a:	08b6      	lsrs	r6, r6, #2
20000b5c:	3601      	adds	r6, #1
20000b5e:	58e7      	ldr	r7, [r4, r3]
20000b60:	3101      	adds	r1, #1
20000b62:	50d7      	str	r7, [r2, r3]
20000b64:	3304      	adds	r3, #4
20000b66:	428e      	cmp	r6, r1
20000b68:	d8f9      	bhi.n	20000b5e <sync_ep_buffer+0x5a>
20000b6a:	4663      	mov	r3, ip
20000b6c:	00b6      	lsls	r6, r6, #2
20000b6e:	19a4      	adds	r4, r4, r6
20000b70:	1992      	adds	r2, r2, r6
20000b72:	1b9f      	subs	r7, r3, r6
20000b74:	42b0      	cmp	r0, r6
20000b76:	d009      	beq.n	20000b8c <sync_ep_buffer+0x88>
20000b78:	7823      	ldrb	r3, [r4, #0]
20000b7a:	7013      	strb	r3, [r2, #0]
20000b7c:	2f00      	cmp	r7, #0
20000b7e:	d005      	beq.n	20000b8c <sync_ep_buffer+0x88>
20000b80:	7863      	ldrb	r3, [r4, #1]
20000b82:	7053      	strb	r3, [r2, #1]
20000b84:	2f01      	cmp	r7, #1
20000b86:	d001      	beq.n	20000b8c <sync_ep_buffer+0x88>
20000b88:	78a3      	ldrb	r3, [r4, #2]
20000b8a:	7093      	strb	r3, [r2, #2]
20000b8c:	692a      	ldr	r2, [r5, #16]
20000b8e:	8aeb      	ldrh	r3, [r5, #22]
20000b90:	1812      	adds	r2, r2, r0
20000b92:	18c3      	adds	r3, r0, r3
20000b94:	82eb      	strh	r3, [r5, #22]
20000b96:	612a      	str	r2, [r5, #16]
20000b98:	e7c3      	b.n	20000b22 <sync_ep_buffer+0x1e>
20000b9a:	2300      	movs	r3, #0
20000b9c:	5ce1      	ldrb	r1, [r4, r3]
20000b9e:	54d1      	strb	r1, [r2, r3]
20000ba0:	3301      	adds	r3, #1
20000ba2:	4298      	cmp	r0, r3
20000ba4:	d1fa      	bne.n	20000b9c <sync_ep_buffer+0x98>
20000ba6:	692a      	ldr	r2, [r5, #16]
20000ba8:	e7f1      	b.n	20000b8e <sync_ep_buffer+0x8a>
20000baa:	46c0      	nop			@ (mov r8, r8)

20000bac <_hw_endpoint_xfer_sync>:
20000bac:	b510      	push	{r4, lr}
20000bae:	0004      	movs	r4, r0
20000bb0:	6883      	ldr	r3, [r0, #8]
20000bb2:	2100      	movs	r1, #0
20000bb4:	681b      	ldr	r3, [r3, #0]
20000bb6:	f7ff ffa5 	bl	20000b04 <sync_ep_buffer>
20000bba:	6863      	ldr	r3, [r4, #4]
20000bbc:	681b      	ldr	r3, [r3, #0]
20000bbe:	005b      	lsls	r3, r3, #1
20000bc0:	d502      	bpl.n	20000bc8 <_hw_endpoint_xfer_sync+0x1c>
20000bc2:	8b23      	ldrh	r3, [r4, #24]
20000bc4:	4283      	cmp	r3, r0
20000bc6:	d000      	beq.n	20000bca <_hw_endpoint_xfer_sync+0x1e>
20000bc8:	bd10      	pop	{r4, pc}
20000bca:	2101      	movs	r1, #1
20000bcc:	0020      	movs	r0, r4
20000bce:	f7ff ff99 	bl	20000b04 <sync_ep_buffer>
20000bd2:	e7f9      	b.n	20000bc8 <_hw_endpoint_xfer_sync+0x1c>

20000bd4 <e15_is_bulkin_ep>:
20000bd4:	4a08      	ldr	r2, [pc, #32]	@ (20000bf8 <e15_is_bulkin_ep+0x24>)
20000bd6:	0003      	movs	r3, r0
20000bd8:	6c12      	ldr	r2, [r2, #64]	@ 0x40
20000bda:	2000      	movs	r0, #0
20000bdc:	0792      	lsls	r2, r2, #30
20000bde:	d403      	bmi.n	20000be8 <e15_is_bulkin_ep+0x14>
20000be0:	789a      	ldrb	r2, [r3, #2]
20000be2:	09d2      	lsrs	r2, r2, #7
20000be4:	2a01      	cmp	r2, #1
20000be6:	d000      	beq.n	20000bea <e15_is_bulkin_ep+0x16>
20000be8:	4770      	bx	lr
20000bea:	7ed8      	ldrb	r0, [r3, #27]
20000bec:	3802      	subs	r0, #2
20000bee:	4243      	negs	r3, r0
20000bf0:	4158      	adcs	r0, r3
20000bf2:	b2c0      	uxtb	r0, r0
20000bf4:	e7f8      	b.n	20000be8 <e15_is_bulkin_ep+0x14>
20000bf6:	46c0      	nop			@ (mov r8, r8)
20000bf8:	50110000 	.word	0x50110000

20000bfc <e15_is_critical_frame_period>:
20000bfc:	b510      	push	{r4, lr}
20000bfe:	f7ff ffe9 	bl	20000bd4 <e15_is_bulkin_ep>
20000c02:	2800      	cmp	r0, #0
20000c04:	d00c      	beq.n	20000c20 <e15_is_critical_frame_period+0x24>
20000c06:	4907      	ldr	r1, [pc, #28]	@ (20000c24 <e15_is_critical_frame_period+0x28>)
20000c08:	4b07      	ldr	r3, [pc, #28]	@ (20000c28 <e15_is_critical_frame_period+0x2c>)
20000c0a:	468c      	mov	ip, r1
20000c0c:	4a07      	ldr	r2, [pc, #28]	@ (20000c2c <e15_is_critical_frame_period+0x30>)
20000c0e:	6a9b      	ldr	r3, [r3, #40]	@ 0x28
20000c10:	6812      	ldr	r2, [r2, #0]
20000c12:	4463      	add	r3, ip
20000c14:	1a9b      	subs	r3, r3, r2
20000c16:	2000      	movs	r0, #0
20000c18:	22c6      	movs	r2, #198	@ 0xc6
20000c1a:	429a      	cmp	r2, r3
20000c1c:	4140      	adcs	r0, r0
20000c1e:	b2c0      	uxtb	r0, r0
20000c20:	bd10      	pop	{r4, pc}
20000c22:	46c0      	nop			@ (mov r8, r8)
20000c24:	fffffce0 	.word	0xfffffce0
20000c28:	40054000 	.word	0x40054000
20000c2c:	20001e84 	.word	0x20001e84

20000c30 <hw_endpoint_reset_transfer>:
20000c30:	2300      	movs	r3, #0
20000c32:	7683      	strb	r3, [r0, #26]
20000c34:	6143      	str	r3, [r0, #20]
20000c36:	6103      	str	r3, [r0, #16]
20000c38:	4770      	bx	lr
20000c3a:	46c0      	nop			@ (mov r8, r8)

20000c3c <_hw_endpoint_buffer_control_update32>:
20000c3c:	b510      	push	{r4, lr}
20000c3e:	6883      	ldr	r3, [r0, #8]
20000c40:	2900      	cmp	r1, #0
20000c42:	d001      	beq.n	20000c48 <_hw_endpoint_buffer_control_update32+0xc>
20000c44:	681c      	ldr	r4, [r3, #0]
20000c46:	4021      	ands	r1, r4
20000c48:	2a00      	cmp	r2, #0
20000c4a:	d012      	beq.n	20000c72 <_hw_endpoint_buffer_control_update32+0x36>
20000c4c:	2480      	movs	r4, #128	@ 0x80
20000c4e:	00e4      	lsls	r4, r4, #3
20000c50:	4311      	orrs	r1, r2
20000c52:	4222      	tst	r2, r4
20000c54:	d00d      	beq.n	20000c72 <_hw_endpoint_buffer_control_update32+0x36>
20000c56:	681a      	ldr	r2, [r3, #0]
20000c58:	4222      	tst	r2, r4
20000c5a:	d10c      	bne.n	20000c76 <_hw_endpoint_buffer_control_update32+0x3a>
20000c5c:	4a08      	ldr	r2, [pc, #32]	@ (20000c80 <_hw_endpoint_buffer_control_update32+0x44>)
20000c5e:	400a      	ands	r2, r1
20000c60:	601a      	str	r2, [r3, #0]
20000c62:	4a08      	ldr	r2, [pc, #32]	@ (20000c84 <_hw_endpoint_buffer_control_update32+0x48>)
20000c64:	6c12      	ldr	r2, [r2, #64]	@ 0x40
20000c66:	0792      	lsls	r2, r2, #30
20000c68:	d403      	bmi.n	20000c72 <_hw_endpoint_buffer_control_update32+0x36>
20000c6a:	230c      	movs	r3, #12
20000c6c:	3b03      	subs	r3, #3
20000c6e:	d2fd      	bcs.n	20000c6c <_hw_endpoint_buffer_control_update32+0x30>
20000c70:	6883      	ldr	r3, [r0, #8]
20000c72:	6019      	str	r1, [r3, #0]
20000c74:	bd10      	pop	{r4, pc}
20000c76:	7881      	ldrb	r1, [r0, #2]
20000c78:	4803      	ldr	r0, [pc, #12]	@ (20000c88 <_hw_endpoint_buffer_control_update32+0x4c>)
20000c7a:	f000 f9c1 	bl	20001000 <__panic_veneer>
20000c7e:	46c0      	nop			@ (mov r8, r8)
20000c80:	fffffbff 	.word	0xfffffbff
20000c84:	50110000 	.word	0x50110000
20000c88:	1000a3dc 	.word	0x1000a3dc

20000c8c <hw_endpoint_start_next_buffer>:
20000c8c:	6843      	ldr	r3, [r0, #4]
20000c8e:	b570      	push	{r4, r5, r6, lr}
20000c90:	2100      	movs	r1, #0
20000c92:	2580      	movs	r5, #128	@ 0x80
20000c94:	681e      	ldr	r6, [r3, #0]
20000c96:	0004      	movs	r4, r0
20000c98:	f7ff fec4 	bl	20000a24 <prepare_ep_buffer>
20000c9c:	4b13      	ldr	r3, [pc, #76]	@ (20000cec <hw_endpoint_start_next_buffer+0x60>)
20000c9e:	016d      	lsls	r5, r5, #5
20000ca0:	6c1b      	ldr	r3, [r3, #64]	@ 0x40
20000ca2:	4305      	orrs	r5, r0
20000ca4:	079b      	lsls	r3, r3, #30
20000ca6:	d50f      	bpl.n	20000cc8 <hw_endpoint_start_next_buffer+0x3c>
20000ca8:	78a3      	ldrb	r3, [r4, #2]
20000caa:	065b      	lsls	r3, r3, #25
20000cac:	d00f      	beq.n	20000cce <hw_endpoint_start_next_buffer+0x42>
20000cae:	4b10      	ldr	r3, [pc, #64]	@ (20000cf0 <hw_endpoint_start_next_buffer+0x64>)
20000cb0:	401e      	ands	r6, r3
20000cb2:	2380      	movs	r3, #128	@ 0x80
20000cb4:	059b      	lsls	r3, r3, #22
20000cb6:	4333      	orrs	r3, r6
20000cb8:	6862      	ldr	r2, [r4, #4]
20000cba:	2100      	movs	r1, #0
20000cbc:	6013      	str	r3, [r2, #0]
20000cbe:	0020      	movs	r0, r4
20000cc0:	002a      	movs	r2, r5
20000cc2:	f7ff ffbb 	bl	20000c3c <_hw_endpoint_buffer_control_update32>
20000cc6:	bd70      	pop	{r4, r5, r6, pc}
20000cc8:	78a3      	ldrb	r3, [r4, #2]
20000cca:	09db      	lsrs	r3, r3, #7
20000ccc:	d0ef      	beq.n	20000cae <hw_endpoint_start_next_buffer+0x22>
20000cce:	8aa3      	ldrh	r3, [r4, #20]
20000cd0:	2b00      	cmp	r3, #0
20000cd2:	d0ec      	beq.n	20000cae <hw_endpoint_start_next_buffer+0x22>
20000cd4:	2101      	movs	r1, #1
20000cd6:	0020      	movs	r0, r4
20000cd8:	f7ff fea4 	bl	20000a24 <prepare_ep_buffer>
20000cdc:	23a0      	movs	r3, #160	@ 0xa0
20000cde:	4a05      	ldr	r2, [pc, #20]	@ (20000cf4 <hw_endpoint_start_next_buffer+0x68>)
20000ce0:	05db      	lsls	r3, r3, #23
20000ce2:	4032      	ands	r2, r6
20000ce4:	4305      	orrs	r5, r0
20000ce6:	4313      	orrs	r3, r2
20000ce8:	e7e6      	b.n	20000cb8 <hw_endpoint_start_next_buffer+0x2c>
20000cea:	46c0      	nop			@ (mov r8, r8)
20000cec:	50110000 	.word	0x50110000
20000cf0:	afffffff 	.word	0xafffffff
20000cf4:	dfffffff 	.word	0xdfffffff

20000cf8 <hw_endpoint_xfer_continue>:
20000cf8:	b570      	push	{r4, r5, r6, lr}
20000cfa:	7e85      	ldrb	r5, [r0, #26]
20000cfc:	0004      	movs	r4, r0
20000cfe:	2d00      	cmp	r5, #0
20000d00:	d014      	beq.n	20000d2c <hw_endpoint_xfer_continue+0x34>
20000d02:	f7ff ff53 	bl	20000bac <_hw_endpoint_xfer_sync>
20000d06:	8aa3      	ldrh	r3, [r4, #20]
20000d08:	2b00      	cmp	r3, #0
20000d0a:	d101      	bne.n	20000d10 <hw_endpoint_xfer_continue+0x18>
20000d0c:	0028      	movs	r0, r5
20000d0e:	bd70      	pop	{r4, r5, r6, pc}
20000d10:	0020      	movs	r0, r4
20000d12:	f7ff ff73 	bl	20000bfc <e15_is_critical_frame_period>
20000d16:	2800      	cmp	r0, #0
20000d18:	d003      	beq.n	20000d22 <hw_endpoint_xfer_continue+0x2a>
20000d1a:	2301      	movs	r3, #1
20000d1c:	2500      	movs	r5, #0
20000d1e:	7723      	strb	r3, [r4, #28]
20000d20:	e7f4      	b.n	20000d0c <hw_endpoint_xfer_continue+0x14>
20000d22:	0020      	movs	r0, r4
20000d24:	f7ff ffb2 	bl	20000c8c <hw_endpoint_start_next_buffer>
20000d28:	2500      	movs	r5, #0
20000d2a:	e7ef      	b.n	20000d0c <hw_endpoint_xfer_continue+0x14>
20000d2c:	7881      	ldrb	r1, [r0, #2]
20000d2e:	4801      	ldr	r0, [pc, #4]	@ (20000d34 <hw_endpoint_xfer_continue+0x3c>)
20000d30:	f000 f966 	bl	20001000 <__panic_veneer>
20000d34:	1000a3fc 	.word	0x1000a3fc

20000d38 <dcd_event_handler>:
20000d38:	b5f0      	push	{r4, r5, r6, r7, lr}
20000d3a:	46ce      	mov	lr, r9
20000d3c:	4647      	mov	r7, r8
20000d3e:	b580      	push	{r7, lr}
20000d40:	7843      	ldrb	r3, [r0, #1]
20000d42:	0005      	movs	r5, r0
20000d44:	000e      	movs	r6, r1
20000d46:	b085      	sub	sp, #20
20000d48:	2b06      	cmp	r3, #6
20000d4a:	d808      	bhi.n	20000d5e <dcd_event_handler+0x26>
20000d4c:	4a6b      	ldr	r2, [pc, #428]	@ (20000efc <dcd_event_handler+0x1c4>)
20000d4e:	009b      	lsls	r3, r3, #2
20000d50:	58d3      	ldr	r3, [r2, r3]
20000d52:	469f      	mov	pc, r3
20000d54:	4a6a      	ldr	r2, [pc, #424]	@ (20000f00 <dcd_event_handler+0x1c8>)
20000d56:	7813      	ldrb	r3, [r2, #0]
20000d58:	3301      	adds	r3, #1
20000d5a:	b2db      	uxtb	r3, r3
20000d5c:	7013      	strb	r3, [r2, #0]
20000d5e:	4b69      	ldr	r3, [pc, #420]	@ (20000f04 <dcd_event_handler+0x1cc>)
20000d60:	681c      	ldr	r4, [r3, #0]
20000d62:	6962      	ldr	r2, [r4, #20]
20000d64:	f3ef 8110 	mrs	r1, PRIMASK
20000d68:	b672      	cpsid	i
20000d6a:	6813      	ldr	r3, [r2, #0]
20000d6c:	2b00      	cmp	r3, #0
20000d6e:	d0fc      	beq.n	20000d6a <dcd_event_handler+0x32>
20000d70:	f3bf 8f5f 	dmb	sy
20000d74:	61a1      	str	r1, [r4, #24]
20000d76:	0020      	movs	r0, r4
20000d78:	0029      	movs	r1, r5
20000d7a:	f000 f939 	bl	20000ff0 <__tu_fifo_write_veneer>
20000d7e:	6962      	ldr	r2, [r4, #20]
20000d80:	69a3      	ldr	r3, [r4, #24]
20000d82:	f3bf 8f5f 	dmb	sy
20000d86:	2100      	movs	r1, #0
20000d88:	6011      	str	r1, [r2, #0]
20000d8a:	f383 8810 	msr	PRIMASK, r3
20000d8e:	2800      	cmp	r0, #0
20000d90:	d104      	bne.n	20000d9c <dcd_event_handler+0x64>
20000d92:	b005      	add	sp, #20
20000d94:	bcc0      	pop	{r6, r7}
20000d96:	46b9      	mov	r9, r7
20000d98:	46b0      	mov	r8, r6
20000d9a:	bdf0      	pop	{r4, r5, r6, r7, pc}
20000d9c:	0032      	movs	r2, r6
20000d9e:	7869      	ldrb	r1, [r5, #1]
20000da0:	7828      	ldrb	r0, [r5, #0]
20000da2:	f000 f90d 	bl	20000fc0 <__tud_event_hook_cb_veneer>
20000da6:	e7f4      	b.n	20000d92 <dcd_event_handler+0x5a>
20000da8:	2101      	movs	r1, #1
20000daa:	4b57      	ldr	r3, [pc, #348]	@ (20000f08 <dcd_event_handler+0x1d0>)
20000dac:	781a      	ldrb	r2, [r3, #0]
20000dae:	438a      	bics	r2, r1
20000db0:	701a      	strb	r2, [r3, #0]
20000db2:	781a      	ldrb	r2, [r3, #0]
20000db4:	3101      	adds	r1, #1
20000db6:	438a      	bics	r2, r1
20000db8:	701a      	strb	r2, [r3, #0]
20000dba:	2200      	movs	r2, #0
20000dbc:	705a      	strb	r2, [r3, #1]
20000dbe:	781a      	ldrb	r2, [r3, #0]
20000dc0:	3102      	adds	r1, #2
20000dc2:	438a      	bics	r2, r1
20000dc4:	701a      	strb	r2, [r3, #0]
20000dc6:	e7ca      	b.n	20000d5e <dcd_event_handler+0x26>
20000dc8:	4b50      	ldr	r3, [pc, #320]	@ (20000f0c <dcd_event_handler+0x1d4>)
20000dca:	4f51      	ldr	r7, [pc, #324]	@ (20000f10 <dcd_event_handler+0x1d8>)
20000dcc:	4699      	mov	r9, r3
20000dce:	4b51      	ldr	r3, [pc, #324]	@ (20000f14 <dcd_event_handler+0x1dc>)
20000dd0:	2400      	movs	r4, #0
20000dd2:	4698      	mov	r8, r3
20000dd4:	783a      	ldrb	r2, [r7, #0]
20000dd6:	e010      	b.n	20000dfa <dcd_event_handler+0xc2>
20000dd8:	4643      	mov	r3, r8
20000dda:	681b      	ldr	r3, [r3, #0]
20000ddc:	0161      	lsls	r1, r4, #5
20000dde:	185b      	adds	r3, r3, r1
20000de0:	2b00      	cmp	r3, #0
20000de2:	d006      	beq.n	20000df2 <dcd_event_handler+0xba>
20000de4:	69db      	ldr	r3, [r3, #28]
20000de6:	2b00      	cmp	r3, #0
20000de8:	d003      	beq.n	20000df2 <dcd_event_handler+0xba>
20000dea:	6869      	ldr	r1, [r5, #4]
20000dec:	7828      	ldrb	r0, [r5, #0]
20000dee:	4798      	blx	r3
20000df0:	783a      	ldrb	r2, [r7, #0]
20000df2:	3401      	adds	r4, #1
20000df4:	b2e4      	uxtb	r4, r4
20000df6:	4294      	cmp	r4, r2
20000df8:	d817      	bhi.n	20000e2a <dcd_event_handler+0xf2>
20000dfa:	42a2      	cmp	r2, r4
20000dfc:	d8ec      	bhi.n	20000dd8 <dcd_event_handler+0xa0>
20000dfe:	1aa3      	subs	r3, r4, r2
20000e00:	015b      	lsls	r3, r3, #5
20000e02:	444b      	add	r3, r9
20000e04:	e7ee      	b.n	20000de4 <dcd_event_handler+0xac>
20000e06:	4b40      	ldr	r3, [pc, #256]	@ (20000f08 <dcd_event_handler+0x1d0>)
20000e08:	781a      	ldrb	r2, [r3, #0]
20000e0a:	07d2      	lsls	r2, r2, #31
20000e0c:	d5c1      	bpl.n	20000d92 <dcd_event_handler+0x5a>
20000e0e:	2104      	movs	r1, #4
20000e10:	781a      	ldrb	r2, [r3, #0]
20000e12:	430a      	orrs	r2, r1
20000e14:	701a      	strb	r2, [r3, #0]
20000e16:	e7a2      	b.n	20000d5e <dcd_event_handler+0x26>
20000e18:	4b3b      	ldr	r3, [pc, #236]	@ (20000f08 <dcd_event_handler+0x1d0>)
20000e1a:	781a      	ldrb	r2, [r3, #0]
20000e1c:	07d2      	lsls	r2, r2, #31
20000e1e:	d5b8      	bpl.n	20000d92 <dcd_event_handler+0x5a>
20000e20:	2104      	movs	r1, #4
20000e22:	781a      	ldrb	r2, [r3, #0]
20000e24:	438a      	bics	r2, r1
20000e26:	701a      	strb	r2, [r3, #0]
20000e28:	e799      	b.n	20000d5e <dcd_event_handler+0x26>
20000e2a:	4f37      	ldr	r7, [pc, #220]	@ (20000f08 <dcd_event_handler+0x1d0>)
20000e2c:	783b      	ldrb	r3, [r7, #0]
20000e2e:	075b      	lsls	r3, r3, #29
20000e30:	d52b      	bpl.n	20000e8a <dcd_event_handler+0x152>
20000e32:	2204      	movs	r2, #4
20000e34:	783b      	ldrb	r3, [r7, #0]
20000e36:	2100      	movs	r1, #0
20000e38:	4393      	bics	r3, r2
20000e3a:	703b      	strb	r3, [r7, #0]
20000e3c:	466b      	mov	r3, sp
20000e3e:	3206      	adds	r2, #6
20000e40:	1d98      	adds	r0, r3, #6
20000e42:	f000 f8a5 	bl	20000f90 <____wrap_memset_veneer>
20000e46:	782b      	ldrb	r3, [r5, #0]
20000e48:	ac01      	add	r4, sp, #4
20000e4a:	7023      	strb	r3, [r4, #0]
20000e4c:	2305      	movs	r3, #5
20000e4e:	7063      	strb	r3, [r4, #1]
20000e50:	4b2c      	ldr	r3, [pc, #176]	@ (20000f04 <dcd_event_handler+0x1cc>)
20000e52:	681b      	ldr	r3, [r3, #0]
20000e54:	4698      	mov	r8, r3
20000e56:	695a      	ldr	r2, [r3, #20]
20000e58:	f3ef 8110 	mrs	r1, PRIMASK
20000e5c:	b672      	cpsid	i
20000e5e:	6813      	ldr	r3, [r2, #0]
20000e60:	2b00      	cmp	r3, #0
20000e62:	d0fc      	beq.n	20000e5e <dcd_event_handler+0x126>
20000e64:	f3bf 8f5f 	dmb	sy
20000e68:	4643      	mov	r3, r8
20000e6a:	4640      	mov	r0, r8
20000e6c:	6199      	str	r1, [r3, #24]
20000e6e:	0021      	movs	r1, r4
20000e70:	f000 f8be 	bl	20000ff0 <__tu_fifo_write_veneer>
20000e74:	4643      	mov	r3, r8
20000e76:	695a      	ldr	r2, [r3, #20]
20000e78:	699b      	ldr	r3, [r3, #24]
20000e7a:	f3bf 8f5f 	dmb	sy
20000e7e:	2100      	movs	r1, #0
20000e80:	6011      	str	r1, [r2, #0]
20000e82:	f383 8810 	msr	PRIMASK, r3
20000e86:	2800      	cmp	r0, #0
20000e88:	d131      	bne.n	20000eee <dcd_event_handler+0x1b6>
20000e8a:	78fb      	ldrb	r3, [r7, #3]
20000e8c:	07db      	lsls	r3, r3, #31
20000e8e:	d400      	bmi.n	20000e92 <dcd_event_handler+0x15a>
20000e90:	e77f      	b.n	20000d92 <dcd_event_handler+0x5a>
20000e92:	466b      	mov	r3, sp
20000e94:	220a      	movs	r2, #10
20000e96:	2100      	movs	r1, #0
20000e98:	1d98      	adds	r0, r3, #6
20000e9a:	f000 f879 	bl	20000f90 <____wrap_memset_veneer>
20000e9e:	782b      	ldrb	r3, [r5, #0]
20000ea0:	ac01      	add	r4, sp, #4
20000ea2:	7023      	strb	r3, [r4, #0]
20000ea4:	2303      	movs	r3, #3
20000ea6:	7063      	strb	r3, [r4, #1]
20000ea8:	686b      	ldr	r3, [r5, #4]
20000eaa:	6063      	str	r3, [r4, #4]
20000eac:	4b15      	ldr	r3, [pc, #84]	@ (20000f04 <dcd_event_handler+0x1cc>)
20000eae:	681d      	ldr	r5, [r3, #0]
20000eb0:	696a      	ldr	r2, [r5, #20]
20000eb2:	f3ef 8110 	mrs	r1, PRIMASK
20000eb6:	b672      	cpsid	i
20000eb8:	6813      	ldr	r3, [r2, #0]
20000eba:	2b00      	cmp	r3, #0
20000ebc:	d0fc      	beq.n	20000eb8 <dcd_event_handler+0x180>
20000ebe:	f3bf 8f5f 	dmb	sy
20000ec2:	61a9      	str	r1, [r5, #24]
20000ec4:	0028      	movs	r0, r5
20000ec6:	0021      	movs	r1, r4
20000ec8:	f000 f892 	bl	20000ff0 <__tu_fifo_write_veneer>
20000ecc:	696a      	ldr	r2, [r5, #20]
20000ece:	69ab      	ldr	r3, [r5, #24]
20000ed0:	f3bf 8f5f 	dmb	sy
20000ed4:	2100      	movs	r1, #0
20000ed6:	6011      	str	r1, [r2, #0]
20000ed8:	f383 8810 	msr	PRIMASK, r3
20000edc:	2800      	cmp	r0, #0
20000ede:	d100      	bne.n	20000ee2 <dcd_event_handler+0x1aa>
20000ee0:	e757      	b.n	20000d92 <dcd_event_handler+0x5a>
20000ee2:	0032      	movs	r2, r6
20000ee4:	7861      	ldrb	r1, [r4, #1]
20000ee6:	7820      	ldrb	r0, [r4, #0]
20000ee8:	f000 f86a 	bl	20000fc0 <__tud_event_hook_cb_veneer>
20000eec:	e751      	b.n	20000d92 <dcd_event_handler+0x5a>
20000eee:	0032      	movs	r2, r6
20000ef0:	7861      	ldrb	r1, [r4, #1]
20000ef2:	7820      	ldrb	r0, [r4, #0]
20000ef4:	f000 f864 	bl	20000fc0 <__tud_event_hook_cb_veneer>
20000ef8:	e7c7      	b.n	20000e8a <dcd_event_handler+0x152>
20000efa:	46c0      	nop			@ (mov r8, r8)
20000efc:	1000abc8 	.word	0x1000abc8
20000f00:	20012aa3 	.word	0x20012aa3
20000f04:	20001c5c 	.word	0x20001c5c
20000f08:	20001c04 	.word	0x20001c04
20000f0c:	1000abe4 	.word	0x1000abe4
20000f10:	20012aa1 	.word	0x20012aa1
20000f14:	20001a54 	.word	0x20001a54

20000f18 <spi_write_read_blocking>:
20000f18:	b5f0      	push	{r4, r5, r6, r7, lr}
20000f1a:	0006      	movs	r6, r0
20000f1c:	001c      	movs	r4, r3
20000f1e:	0018      	movs	r0, r3
20000f20:	001d      	movs	r5, r3
20000f22:	2304      	movs	r3, #4
20000f24:	46ce      	mov	lr, r9
20000f26:	4647      	mov	r7, r8
20000f28:	469c      	mov	ip, r3
20000f2a:	3b02      	subs	r3, #2
20000f2c:	4699      	mov	r9, r3
20000f2e:	b580      	push	{r7, lr}
20000f30:	2800      	cmp	r0, #0
20000f32:	d01c      	beq.n	20000f6e <spi_write_read_blocking+0x56>
20000f34:	2c00      	cmp	r4, #0
20000f36:	d107      	bne.n	20000f48 <spi_write_read_blocking+0x30>
20000f38:	2d00      	cmp	r5, #0
20000f3a:	d018      	beq.n	20000f6e <spi_write_read_blocking+0x56>
20000f3c:	4663      	mov	r3, ip
20000f3e:	68f7      	ldr	r7, [r6, #12]
20000f40:	423b      	tst	r3, r7
20000f42:	d118      	bne.n	20000f76 <spi_write_read_blocking+0x5e>
20000f44:	2c00      	cmp	r4, #0
20000f46:	d0f9      	beq.n	20000f3c <spi_write_read_blocking+0x24>
20000f48:	4688      	mov	r8, r1
20000f4a:	464b      	mov	r3, r9
20000f4c:	68f7      	ldr	r7, [r6, #12]
20000f4e:	423b      	tst	r3, r7
20000f50:	d018      	beq.n	20000f84 <spi_write_read_blocking+0x6c>
20000f52:	0027      	movs	r7, r4
20000f54:	3708      	adds	r7, #8
20000f56:	42af      	cmp	r7, r5
20000f58:	d914      	bls.n	20000f84 <spi_write_read_blocking+0x6c>
20000f5a:	4643      	mov	r3, r8
20000f5c:	781f      	ldrb	r7, [r3, #0]
20000f5e:	3c01      	subs	r4, #1
20000f60:	60b7      	str	r7, [r6, #8]
20000f62:	3101      	adds	r1, #1
20000f64:	0027      	movs	r7, r4
20000f66:	2d00      	cmp	r5, #0
20000f68:	d1e8      	bne.n	20000f3c <spi_write_read_blocking+0x24>
20000f6a:	2f00      	cmp	r7, #0
20000f6c:	d1e2      	bne.n	20000f34 <spi_write_read_blocking+0x1c>
20000f6e:	bcc0      	pop	{r6, r7}
20000f70:	46b9      	mov	r9, r7
20000f72:	46b0      	mov	r8, r6
20000f74:	bdf0      	pop	{r4, r5, r6, r7, pc}
20000f76:	68b7      	ldr	r7, [r6, #8]
20000f78:	3d01      	subs	r5, #1
20000f7a:	7017      	strb	r7, [r2, #0]
20000f7c:	002f      	movs	r7, r5
20000f7e:	3201      	adds	r2, #1
20000f80:	4327      	orrs	r7, r4
20000f82:	e7f2      	b.n	20000f6a <spi_write_read_blocking+0x52>
20000f84:	2d00      	cmp	r5, #0
20000f86:	d0e0      	beq.n	20000f4a <spi_write_read_blocking+0x32>
20000f88:	e7d8      	b.n	20000f3c <spi_write_read_blocking+0x24>
20000f8a:	46c0      	nop			@ (mov r8, r8)

20000f8c <__aeabi_idiv0>:
20000f8c:	4770      	bx	lr
20000f8e:	46c0      	nop			@ (mov r8, r8)

20000f90 <____wrap_memset_veneer>:
20000f90:	b401      	push	{r0}
20000f92:	4802      	ldr	r0, [pc, #8]	@ (20000f9c <____wrap_memset_veneer+0xc>)
20000f94:	4684      	mov	ip, r0
20000f96:	bc01      	pop	{r0}
20000f98:	4760      	bx	ip
20000f9a:	bf00      	nop
20000f9c:	10002575 	.word	0x10002575

20000fa0 <__time_us_64_veneer>:
20000fa0:	b401      	push	{r0}
20000fa2:	4802      	ldr	r0, [pc, #8]	@ (20000fac <__time_us_64_veneer+0xc>)
20000fa4:	4684      	mov	ip, r0
20000fa6:	bc01      	pop	{r0}
20000fa8:	4760      	bx	ip
20000faa:	bf00      	nop
20000fac:	100015b5 	.word	0x100015b5

20000fb0 <____wrap___aeabi_lmul_veneer>:
20000fb0:	b401      	push	{r0}
20000fb2:	4802      	ldr	r0, [pc, #8]	@ (20000fbc <____wrap___aeabi_lmul_veneer+0xc>)
20000fb4:	4684      	mov	ip, r0
20000fb6:	bc01      	pop	{r0}
20000fb8:	4760      	bx	ip
20000fba:	bf00      	nop
20000fbc:	10002361 	.word	0x10002361

20000fc0 <__tud_event_hook_cb_veneer>:
20000fc0:	b401      	push	{r0}
20000fc2:	4802      	ldr	r0, [pc, #8]	@ (20000fcc <__tud_event_hook_cb_veneer+0xc>)
20000fc4:	4684      	mov	ip, r0
20000fc6:	bc01      	pop	{r0}
20000fc8:	4760      	bx	ip
20000fca:	bf00      	nop
20000fcc:	10004c1d 	.word	0x10004c1d

20000fd0 <__best_effort_wfe_or_timeout_veneer>:
20000fd0:	b401      	push	{r0}
20000fd2:	4802      	ldr	r0, [pc, #8]	@ (20000fdc <__best_effort_wfe_or_timeout_veneer+0xc>)
20000fd4:	4684      	mov	ip, r0
20000fd6:	bc01      	pop	{r0}
20000fd8:	4760      	bx	ip
20000fda:	bf00      	nop
20000fdc:	10001479 	.word	0x10001479

20000fe0 <__rp2040_chip_version_veneer>:
20000fe0:	b401      	push	{r0}
20000fe2:	4802      	ldr	r0, [pc, #8]	@ (20000fec <__rp2040_chip_version_veneer+0xc>)
20000fe4:	4684      	mov	ip, r0
20000fe6:	bc01      	pop	{r0}
20000fe8:	4760      	bx	ip
20000fea:	bf00      	nop
20000fec:	10000785 	.word	0x10000785

20000ff0 <__tu_fifo_write_veneer>:
20000ff0:	b401      	push	{r0}
20000ff2:	4802      	ldr	r0, [pc, #8]	@ (20000ffc <__tu_fifo_write_veneer+0xc>)
20000ff4:	4684      	mov	ip, r0
20000ff6:	bc01      	pop	{r0}
20000ff8:	4760      	bx	ip
20000ffa:	bf00      	nop
20000ffc:	100061f5 	.word	0x100061f5

20001000 <__panic_veneer>:
20001000:	b401      	push	{r0}
20001002:	4802      	ldr	r0, [pc, #8]	@ (2000100c <__panic_veneer+0xc>)
20001004:	4684      	mov	ip, r0
20001006:	bc01      	pop	{r0}
20001008:	4760      	bx	ip
2000100a:	bf00      	nop
2000100c:	10000791 	.word	0x10000791

20001010 <striped_spin_lock_num>:
20001010:	00000010                                ....

20001014 <irq_handler_chain_slots>:
20001014:	00000000 	.word	0x00000000
20001018:	00010000 	.word	0x00010000
	...
20001024:	00020000 	.word	0x00020000
	...
20001030:	00030000 	.word	0x00030000
	...
2000103c:	00040000 	.word	0x00040000
	...
20001048:	00050000 	.word	0x00050000
	...
20001054:	00ff0000 	.word	0x00ff0000
20001058:	00000000 	.word	0x00000000

2000105c <irq_handler_chain_first_slot>:
2000105c:	b501      	push	{r0, lr}
2000105e:	6848      	ldr	r0, [r1, #4]
20001060:	3101      	adds	r1, #1
20001062:	468e      	mov	lr, r1
20001064:	4700      	bx	r0

20001066 <irq_handler_chain_remove_tail>:
20001066:	4670      	mov	r0, lr
20001068:	3809      	subs	r0, #9
2000106a:	4901      	ldr	r1, [pc, #4]	@ (20001070 <irq_handler_chain_remove_tail+0xa>)
2000106c:	4788      	blx	r1
2000106e:	bd01      	pop	{r0, pc}
20001070:	10000bb9 	.word	0x10000bb9
20001074:	00000000 	.word	0x00000000

20001078 <last_added.0>:
20001078:	ffffffff 7fffffff                       ........

20001080 <default_alarm_pool>:
	...
20001094:	20001650 00000000 00000000              P.. ........

200010a0 <aeabi_bits_funcs>:
200010a0:	00003350 	.word	0x00003350
200010a4:	0000334c 	.word	0x0000334c
200010a8:	00003354 	.word	0x00003354
200010ac:	00003352 	.word	0x00003352

200010b0 <aeabi_bits_funcs_end>:
200010b0:	0000534d 	.word	0x0000534d
200010b4:	0000434d 	.word	0x0000434d
200010b8:	00003453 	.word	0x00003453
200010bc:	00003443 	.word	0x00003443

200010c0 <stdio_usb>:
200010c0:	100042e5 10004295 10004205 1000417d     .B...B...B..}A..
200010d0:	00000000 00000100                       ........

200010d8 <_usbd_qdef>:
200010d8:	20001c60 000c0010 00000000 00000000     `.. ............
	...

200010f4 <_usbd_rhport>:
200010f4:	000000ff                                ....

200010f8 <last_y>:
200010f8:	ffffffff                                ....

200010fc <last_x>:
200010fc:	ffffffff                                ....

20001100 <Font16>:
20001100:	1000ac24 0010000b                       $.......

20001108 <_impure_ptr>:
20001108:	20001110 00000000                       ... ....

20001110 <_impure_data>:
20001110:	00000000 20001910 20001978 200019e0     ....... x.. ... 
	...
200011a8:	00000001 00000000 abcd330e e66d1234     .........3..4.m.
200011b8:	0005deec 0000000b 00000000 00000000     ................
	...

20001230 <__malloc_sbrk_base>:
20001230:	ffffffff                                ....

20001234 <__malloc_trim_threshold>:
20001234:	00020000                                ....

20001238 <__malloc_av_>:
	...
20001240:	20001238 20001238 20001240 20001240     8.. 8.. @.. @.. 
20001250:	20001248 20001248 20001250 20001250     H.. H.. P.. P.. 
20001260:	20001258 20001258 20001260 20001260     X.. X.. `.. `.. 
20001270:	20001268 20001268 20001270 20001270     h.. h.. p.. p.. 
20001280:	20001278 20001278 20001280 20001280     x.. x.. ... ... 
20001290:	20001288 20001288 20001290 20001290     ... ... ... ... 
200012a0:	20001298 20001298 200012a0 200012a0     ... ... ... ... 
200012b0:	200012a8 200012a8 200012b0 200012b0     ... ... ... ... 
200012c0:	200012b8 200012b8 200012c0 200012c0     ... ... ... ... 
200012d0:	200012c8 200012c8 200012d0 200012d0     ... ... ... ... 
200012e0:	200012d8 200012d8 200012e0 200012e0     ... ... ... ... 
200012f0:	200012e8 200012e8 200012f0 200012f0     ... ... ... ... 
20001300:	200012f8 200012f8 20001300 20001300     ... ... ... ... 
20001310:	20001308 20001308 20001310 20001310     ... ... ... ... 
20001320:	20001318 20001318 20001320 20001320     ... ...  ..  .. 
20001330:	20001328 20001328 20001330 20001330     (.. (.. 0.. 0.. 
20001340:	20001338 20001338 20001340 20001340     8.. 8.. @.. @.. 
20001350:	20001348 20001348 20001350 20001350     H.. H.. P.. P.. 
20001360:	20001358 20001358 20001360 20001360     X.. X.. `.. `.. 
20001370:	20001368 20001368 20001370 20001370     h.. h.. p.. p.. 
20001380:	20001378 20001378 20001380 20001380     x.. x.. ... ... 
20001390:	20001388 20001388 20001390 20001390     ... ... ... ... 
200013a0:	20001398 20001398 200013a0 200013a0     ... ... ... ... 
200013b0:	200013a8 200013a8 200013b0 200013b0     ... ... ... ... 
200013c0:	200013b8 200013b8 200013c0 200013c0     ... ... ... ... 
200013d0:	200013c8 200013c8 200013d0 200013d0     ... ... ... ... 
200013e0:	200013d8 200013d8 200013e0 200013e0     ... ... ... ... 
200013f0:	200013e8 200013e8 200013f0 200013f0     ... ... ... ... 
20001400:	200013f8 200013f8 20001400 20001400     ... ... ... ... 
20001410:	20001408 20001408 20001410 20001410     ... ... ... ... 
20001420:	20001418 20001418 20001420 20001420     ... ...  ..  .. 
20001430:	20001428 20001428 20001430 20001430     (.. (.. 0.. 0.. 
20001440:	20001438 20001438 20001440 20001440     8.. 8.. @.. @.. 
20001450:	20001448 20001448 20001450 20001450     H.. H.. P.. P.. 
20001460:	20001458 20001458 20001460 20001460     X.. X.. `.. `.. 
20001470:	20001468 20001468 20001470 20001470     h.. h.. p.. p.. 
20001480:	20001478 20001478 20001480 20001480     x.. x.. ... ... 
20001490:	20001488 20001488 20001490 20001490     ... ... ... ... 
200014a0:	20001498 20001498 200014a0 200014a0     ... ... ... ... 
200014b0:	200014a8 200014a8 200014b0 200014b0     ... ... ... ... 
200014c0:	200014b8 200014b8 200014c0 200014c0     ... ... ... ... 
200014d0:	200014c8 200014c8 200014d0 200014d0     ... ... ... ... 
200014e0:	200014d8 200014d8 200014e0 200014e0     ... ... ... ... 
200014f0:	200014e8 200014e8 200014f0 200014f0     ... ... ... ... 
20001500:	200014f8 200014f8 20001500 20001500     ... ... ... ... 
20001510:	20001508 20001508 20001510 20001510     ... ... ... ... 
20001520:	20001518 20001518 20001520 20001520     ... ...  ..  .. 
20001530:	20001528 20001528 20001530 20001530     (.. (.. 0.. 0.. 
20001540:	20001538 20001538 20001540 20001540     8.. 8.. @.. @.. 
20001550:	20001548 20001548 20001550 20001550     H.. H.. P.. P.. 
20001560:	20001558 20001558 20001560 20001560     X.. X.. `.. `.. 
20001570:	20001568 20001568 20001570 20001570     h.. h.. p.. p.. 
20001580:	20001578 20001578 20001580 20001580     x.. x.. ... ... 
20001590:	20001588 20001588 20001590 20001590     ... ... ... ... 
200015a0:	20001598 20001598 200015a0 200015a0     ... ... ... ... 
200015b0:	200015a8 200015a8 200015b0 200015b0     ... ... ... ... 
200015c0:	200015b8 200015b8 200015c0 200015c0     ... ... ... ... 
200015d0:	200015c8 200015c8 200015d0 200015d0     ... ... ... ... 
200015e0:	200015d8 200015d8 200015e0 200015e0     ... ... ... ... 
200015f0:	200015e8 200015e8 200015f0 200015f0     ... ... ... ... 
20001600:	200015f8 200015f8 20001600 20001600     ... ... ... ... 
20001610:	20001608 20001608 20001610 20001610     ... ... ... ... 
20001620:	20001618 20001618 20001620 20001620     ... ...  ..  .. 
20001630:	20001628 20001628 20001630 20001630     (.. (.. 0.. 0.. 

20001640 <malloc_mutex>:
	...

20001648 <print_mutex>:
	...
