:020000041000EA
:1000000000B5324B212058609868022188439860DF
:10001000D860186158612E4B002199600221596106
:100020000121F02299502B49196001219960352056
:1000300000F044F80222904214D00621196600F024
:1000400034F8196E01211966002018661A6600F04E
:100050002CF8196E196E196E052000F02FF8012189
:100060000842F9D1002199601B49196000215960AB
:100070001A491B48016001219960EB211966A021F2
:10008000196600F012F800219960164914480160C1
:100090000121996001BC002800D000471248134993
:1000A000086003C880F30888084703B5996A0420EC
:1000B0000142FBD001200142F8D103BD02B5186610
:1000C0001866FFF7F2FF186E186E02BD00000240BE
:1000D000000000180000070000035F00212200005C
:1000E000F4000018222000A00001001008ED00E03C
:1000F00000000000000000000000000074B24E7A12
:1001000000200420F7010010CB010010CD010010E9
:10011000C9010010C9010010C9010010C901001077
:10012000C9010010C9010010C9010010CF01001061
:10013000C9010010C9010010D1010010D301001045
:10014000C1010010C1010010C1010010C101001067
:10015000C1010010C1010010C1010010C101001057
:10016000C1010010C1010010C1010010C101001047
:10017000C1010010C1010010C1010010C101001037
:10018000C1010010C1010010C1010010C101001027
:10019000C1010010C1010010C1010010C101001017
:1001A000C1010010C1010010C1010010C101001007
:1001B000C1010010C1010010C1010010C1010010F7
:1001C000EFF30580103800BE00BE00BE00BE00BECA
:1001D00000BE00BEF2EB887104B8001024B8001015
:1001E0003802001090A31AE700201E49086006C8D4
:1001F00081F3088810471C480068002801D00020BF
:10020000F3E70DA40ECC002902D000F012F8F9E7B4
:100210001649174A002000E001C19142FCD115495E
:100220008847154988471549884700BEFDE701C939
:1002300001C29A42FBD3704724B80010C0000020CE
:1002400050160020B4CD001000000420000004204F
:10025000B4CD0010001004200010042000000000A5
:100260007047000008ED00E0000000D050160020AC
:10027000AC2A01205D3D001081020010553D0010A8
:10028000F0B5DE46574645464E46E0B593B003F01E
:1002900091FE09F0F5F9FA210620890006F006FB27
:1002A000604F614A3900062009F0BEF908F0B8FB3A
:1002B00008F02AFC022000F045FAD02304221B0695
:1002C0009A6201210022022000F028FAFA20800020
:1002D00006F0F8F9554803F0BDFE554803F0BAFEA4
:1002E0008C21544BF0225448490003F03BFF534B00
:1002F00001250593524B9946524B9846524B9A46CC
:100300004B460493D0260424360608F0E5FC7368B7
:100310001C40002D4FD00425002C04D008F0DCFC3C
:1003200074682C40FAD1192001F08AF8D0231B06FA
:100330005B685B0738D478683968002802D0434B83
:1003400099423CD80A000100504603F00BFF0123FC
:10035000EB223F4C052108200293019352002B33DE
:10036000009408F007FA00223A4B282100920193EA
:1003700008A83F23049A03F093FC00230094019300
:10038000D02443460A210C2008AA240608F072FA59
:1003900063685B0708D4042508F09EFC0A2001F07E
:1003A0004FF863681D42F7D008F096FCD023042470
:1003B0001B065B681C40631E9C41E5B2A2E700235C
:1003C0008C22079307AB52000093F02300F044F80F
:1003D0000500079802F05EF80B00396802000091F2
:1003E0000598290003F0BEFE079BEB229B460123E4
:1003F00002930193164B5200994605210820009361
:100400002C2308F0B7F9584602F044F82B0000906E
:100410000191049A282108A803F042FC4B4601945C
:100420000093ADE77C2A0120882A012098A10010C2
:10043000B8A1001080060100F8A1001018A2001059
:1004400048A200100011002064A200107F060100E5
:10045000FFFF000000388F40F0B557464E46DE469D
:100460004546E0B5B7B01C00409B82469146002B44
:1004700002D01A00984B13605346002B00D1FCE0C9
:100480004B46002B00DCF8E0002C00DCF5E0634379
:100490008B4200D9F1E001277F423B002200BC469D
:1004A0005546270000211C004E464B469046002230
:1004B000A85C00280BD0934200DD1300944200DAC0
:1004C00014008F4200DD0F008C4500DA8C460132AB
:1004D0009642EDD10131AD198845E8D139000E972A
:1004E00098466746B146002C00DAC6E0E31A7F1A48
:1004F000032B00DCC1E0082F00DCBEE001338C22BE
:10050000002113A8079302F035F843460A93534697
:100510007D1C0024002713AE10934B460B97A34677
:1005200037000F9511930B9E0721300001F07EFBE1
:100530000E9D0400AC460122644494460F9AE344A5
:100540003300944663440721049018000B930894E9
:1005500001F06CFBAC460300119A63440193130055
:10056000109963438C46634409935B4613A98C46F8
:100570009B005B449B0063440693002303935B460C
:100580009346059002970C970D93039D0521280033
:1005900001F04CFB0A9C0200A44662449046079A74
:1005A0002B0094466344814605211800039301F013
:1005B0003DFB049B059A0700051993422EDA4A4633
:1005C000BB1A013BBC46002400209A46170009993B
:1005D000089E4346A14667450DDACA5C0133541EA6
:1005E000A2418018AB42F8DB4C46534601346745C4
:1005F00000DB00231C19019B01365944B342E8DC9F
:10060000002C0BDD01F01EFF051C200001F01AFF7D
:10061000011C281C01F0C7FE029B1860029B069A71
:10062000043302939342B0D10C9F0D9B14379B4629
:10063000072B00D077E7294B36AF99460023984621
:10064000013B9A46244B9B464D46002413AE0FE0D7
:10065000FC2101CE890501F0A0FE011C01F0B7FECE
:10066000011C201C01F09CFE0135041CB7420CD07B
:100670002B78002BECD101CEEFE73F2037B0F0BC58
:10068000BB46B246A946A046F0BD154901F08BFE17
:100690005946041C01F0CAFE002801D0C246A346F8
:1006A00001239C462233E0449C464346E1440A2B06
:1006B000CAD1409B002B01D05A461A605346002BEA
:1006C000DBDB5846074901F0B7FE0028D5D150467C
:1006D0003030C0B2D2E7C04600C079441CA600103A
:1006E00000000C42CDCC4C3E094A83009A1810B54C
:1006F00014684022544080322240064CC000A44678
:1007000063441A60044B9C466044416010BDC0467F
:1007100004C0014004D0014000400140074B80006C
:10072000C3181B68C90092000A435A400C231340A7
:10073000034A9446604403607047C04604C00140C9
:1007400004D001400123D0228340120693629361BA
:10075000094A83009A1811684022514080320A40A9
:100760000649C0008C4663441A60054B9C4605232D
:10077000604443607047C04604C0014004D001405B
:10078000004001408023DB051868000F7047C04619
:100790000FB400B5084883B003F05CFC049B002B49
:1007A00007D005A91800019103F09EFA034803F051
:1007B00051FC012003F0B0FA90A2001000A6001036
:1007C00070B5EFF3108C72B60D4D2B68002BFCD07A
:1007D000BFF35F8F0724CB08C618C05C01230C4011
:1007E000A3401C000440034207D118433070BFF3FC
:1007F0005F8F2C608CF3108870BD1000FFF7C8FF6E
:100800002C0100D0F8B54746CE46884680B5EFF3B8
:10081000108C72B6214D2C68002CFCD0BFF35F8F7A
:100820009A422CD8D4080727055D061901241740E1
:10083000BC402C421FD007210127894609E0D4087B
:10084000055D06194C4639001440A1400C002942B0
:1008500011D001329342F2D201204042BFF35F8FA8
:1008600000220E4B1A608CF3108800280FDBC0BCEE
:10087000B946B046F8BD254310003570EEE7BFF32A
:100880005F8F00232B608CF3108801204042434689
:10089000002BECD00898FFF77BFFC0462C0100D05E
:1008A000044A1078431CDBB2172B00D910231370B5
:1008B0007047C0461010002010B5064B064C82B0A1
:1008C0000100009318221F232000FFF79BFF02B0B6
:1008D00010BDC046A0A20010281E00200021044B1D
:1008E000044ABFF35F8F02C39342FAD17047C046F8
:1008F000000100D0800100D0054B064A1360064A73
:10090000136053609360D3601361536193617047C8
:100910008080808000E400E004E400E01F231840B1
:100920001E3B8340002905D0C021044A4900535092
:1009300013607047802201498B50FAE700E100E024
:1009400001228240034B1B6813405A1E9341D8B2C8
:100950007047C04600E100E001238340014A136074
:100960007047C04600E200E0064B10309B688000F4
:10097000C358054A00209B1A47229A424041C0B200
:100980007047C04600ED00E01410002010B5EFF3F2
:10099000108C72B60F4A1368002BFCD0BFF35F8F28
:1009A0000D4B10309B6880001B580C4A934201D0BD
:1009B00099420CD1084B9B681950BFF35F8FBFF36E
:1009C0005F8F0022034B1A608CF3108810BD01F07A
:1009D00003F8C046240100D000ED00E0C101001082
:1009E000F0B557464E46DE464546E0B58A4685B0E8
:1009F0000600EFF3108972B663490B68002BFCD038
:100A0000BFF35F8F0021614B59568C46002900DAF5
:100A1000B7E049000D005E4C6544AD0067190291D6
:100A2000B979103619705B4BB1009B6801915B5826
:100A3000191B472935D8012118008843C6799642E9
:100A400000D875E09B46029B019E9846039507E0FF
:100A50004D006D18AD006519EB7993424ED9280011
:100A6000062141560029F3DA45465B460196029578
:100A7000061D494D0396039E043FBF1B3F05474E8D
:100A80007F0D3743664687808671029860448000F8
:100A90002418E27152464248A5802060A171A260EC
:100AA00018E040498B4200D06BE03F4B3B49635319
:100AB0003E4B0235043B65195B1B1B055B0D0B436D
:100AC0007B803B4BFA71BB80FF23BB715346BB60FD
:100AD00001233B432F4A019992685350BFF35F8F24
:100AE000BFF35F8F0022284B1A6089F3108805B08E
:100AF000F0BCBB46B246A946A046F0BD01964646AC
:100B0000029686885B467605B346061D039D0396CE
:100B10005E463615B346061DB046C3445E460435F0
:100B20006519751BE0262D056D0D36023543A2E7CC
:100B3000204BFA719C46030066461B1B5B415E43DB
:100B4000360DB446AE1CB046A0444646164B635321
:100B5000164B0435043B9B1B1B05104E5B0D3343AA
:100B60007B806319C31A043B1B055B0D3343BB80B9
:100B70006346BB715346BB60094B03603B000B43AC
:100B8000A8E700F029FFC046240100D0A62A0120D2
:100B90001410002000ED00E001BD000000E0FFFFA8
:100BA00001488047C101001000A1FFFF5C10002038
:100BB00001BDFFFFAAAA000070B501240443EFF3B2
:100BC0000581EFF3108C72B6274A1368002BFCD016
:100BD000BFF35F8F254A0500254BAD1A6D416B436E
:100BE0001B0D244D8900AE685BB27658A64224D016
:100BF00006215156994224D01221515699422AD0A9
:100C00001E215156994228D02A215156994226D068
:100C100036215156994224D04221515605249942F9
:100C200010D0154A117813708171BFF35F8F0022C5
:100C30000D4B1A608CF3108870BDAA680F4C54508D
:100C4000EFE700246100091989005218FF21917112
:100C50000B499180E5E70124F4E70224F2E703243D
:100C6000F0E70424EEE7C046240100D01410002071
:100C7000AAAA000000ED00E0A62A0120C101001090
:100C800001BDFFFF10B5084B084C82B00100009376
:100C9000002205232000FFF7B5FD002801DB1F23FC
:100CA000181A02B010BDC046BCA20010AA2A01202A
:100CB000024B9C466144890001607047400000344B
:100CC00070B5114C114DAC420FD2FF262368002B9A
:100CD0000CD0FFF7E5FD01002000FFF7E9FFA6803B
:100CE000BFF35F8F0834AC42F0D370BDFFF7D8FD7F
:100CF00001002000FFF7DCFF2671BFF35F8F08348F
:100D0000AC42E3D3F1E7C046401600205016002065
:100D100010B50400FFF7C4FD01002000FFF7C8FF75
:100D2000FF232371BFF35F8F10BDC04610B50400D1
:100D30000120FFF7C1FD034BC3189B002360BFF3E5
:100D40005F8F10BD40000034034B9C466144890016
:100D50000160BFF35F8F7047400000340A4B196891
:100D6000EFF3108072B60A68002AFCD0BFF35F8FE1
:100D70001B68BFF35F8F00221A6080F3108840BFAA
:100D8000002000217047C046702A0120F0B5DE46E1
:100D900057464E464546E0B583B0EFF30582032340
:100DA0001340B54A990052580091904601229A404A
:100DB0009346B24B1A60B24B01935B46B148436312
:100DC000434608229B5E9946002B3ADA43469B88AD
:100DD0001BB2002B00DB9DE043469B79002B00D02B
:100DE000E1E0434608241C5F002C20DB43465A699F
:100DF00063001B19DB00D3189D68DC686B1C00D1F5
:100E000003E1A048009984466144826A0B69AE1AE6
:100E10009B1A9E4213D35A46036A1A420FD099482E
:100E200000F0C0FB8C4202DCC7D18542C5D940BF6F
:100E300003B0F0BCBB46B246A946A046F0BD0D616A
:100E4000EDE7424652695B0092464B44DB009A4410
:100E500053469E68DF6800F0A5FB8F42B6DC00D1E8
:100E6000F8E0002F00DAD9E05246534654691B6976
:100E7000019A934200D1CCE0414652460820085ED8
:100E80005288000421001043984704000D002300FD
:100E90002B4300D1C2E0002D00DBDFE03000390041
:100EA000001BA94153469860D96000229A5E002A2F
:100EB00000DA8BE743465D6953009C18E4002C1967
:100EC000A768E4688C4200DD80E702D1874200D940
:100ED0007CE74646328108360DE08C4200D1C6E000
:100EE0001E000023F25E002A0ADB53009C18E40077
:100EF0002C19A768E4689B18DB00EB188C42ECDD2A
:100F000053461A804B46338043469B881BB2002BC6
:100F100000DA61E743461A69EFF3108172B613688D
:100F2000002BFCD0BFF35F8F43469E8801234246CF
:100F30005B42938036B21369BFF35F8F00221A6061
:100F400081F31088002E00DA46E743465D690833D6
:100F500042469C467700BF19FF00EF19BB68604608
:100F600098460823D15E9246FC68002907DA0EE015
:100F7000A24246D018000023C15E002906DB4B00C8
:100F80005B18DB00EB18DA68A242F1DD52460680FE
:100F90000023FE5E3980002EDCDA904643469B79C2
:100FA000002B00D11DE7002342469371434646467D
:100FB0000821595E08364B1C00D138E74746894660
:100FC000556902E006004B1C18D04B005B18DB0093
:100FD000E8180A008C46E95E43881BB2002BF1DA60
:100FE00001235B42DC178360C4604A4503D0318033
:100FF0003B8903803A81E1464B1CE6D1B8464C461A
:10100000F2E69A684245B5D9C0E7631C00D0F8E61D
:1010100005E7200023699847002825D1534642461A
:101020001B8813811269EFF3108372B611680029CF
:10103000FCD0BFF35F8F4246514652880A80424639
:10104000494651801269BFF35F8F0021116083F31D
:101050001088BBE6864200D803E7B7E6094800F0EF
:10106000A1FA001969411DE7656824680FE7874206
:1010700000D835E744E7C046A42200203C70054074
:101080008D0D00100040054070B52E4C2569002DD7
:1010900004D00A212C48FFF70BFE70BD2B4E032114
:1010A000300000F075FAE660FFF7FAFB284B0322E8
:1010B0009C46D02322701B061B6801216370254BC0
:1010C0006044A3600F238000206102206380636975
:1010D0004942A18019800231198647311D83585237
:1010E00018315A5275325C3999521832013199527D
:1010F000183201319952183201319952083518329B
:101100009D520231183299521832013199521832D7
:1011100001319952183201319952183201319952E4
:101120001832013199520C4B0C49DC6001303562A8
:10113000FFF72CFC01210320FFF7F0FB084B1D609B
:10114000A7E7C04680100020702A0120004005401B
:1011500040000034FFFF1000A42200208D0D00107D
:10116000386005400048704780100020F8B51F0027
:1011700008AB1B7804001600002B08D100F01AFA07
:1011800032003B00121A8B41002B00DA53E0226937
:10119000EFF3108072B61368002BFCD0BFF35F8FA3
:1011A0000223E15E63694A005218D2009B180029AD
:1011B00037DB1A8862802269BFF35F8F00251560D4
:1011C00080F31088069A9E60DF601A61079A5A6160
:1011D0005A8801325204520C101C002A1FD082B2CD
:1011E0005880080410432669EFF3108772B63268FE
:1011F000002AFCD0BFF35F8FA2881A80A1802369E8
:10120000BFF35F8F00221A6087F310880B492378A1
:101210008C4601329A40E36863441A60F8BD0120AD
:10122000DDE72369BFF35F8F00221A6080F3108827
:1012300001204042F2E70020F0E7C0463C200000D9
:1012400070B501000469EFF3108C72B620680028B5
:10125000FCD0BFF35F8F02200D5E4C69680040191F
:10126000C0002418002D37DB208848800869BFF3B0
:101270005F8F002606608CF31088E3606388049813
:10128000013320615B0405985B0CA26060611A1C4D
:10129000002B1FD093B22804628018430A69EFF331
:1012A000108C72B61368002BFCD0BFF35F8F8B8855
:1012B00023808D800B69BFF35F8F00221A608CF34F
:1012C00010880B7801329A40CB6808498C466344F9
:1012D0001A6070BD0122DDE70B69BFF35F8F00224A
:1012E0001A608CF3108801204042F2E73C20000095
:1012F00010B543890A1493421ADD53009B184269C2
:10130000DB00D3180469EFF3108C72B62268002A50
:10131000FCD0BFF35F8F5A88090494B2090C8A424B
:1013200008D00369BFF35F8F00221A608CF3108826
:10133000002010BD8022120214435C800123026948
:101340008371BFF35F8F002111608CF31088044913
:1013500002788C469340C268012062441360E8E73B
:101360003C20000040787047F0B504000D000626D0
:101370007642F717C64636196F4100B582B08F42E4
:1013800014D811D000F016F932003B00121A8B412C
:10139000002B17DC002B47D02000290000F014F9A7
:1013A00002B080BCB846F0BD8642EBD900220023D3
:1013B00016001F0000F0FEF832003B00121A8B41AD
:1013C000002BE7DD00F0F6F832003B00121A8B41EB
:1013D000002B0ADB00230193154B320000931548C4
:1013E0003B00FFF72DFF0028D6DB00239C46B046CC
:1013F000114A124E736A9F4204D8B16A8845CBD90C
:101400009F42C9D11168EFF3108072B60B68002BB0
:10141000FCD0BFF35F8F1368BFF35F8F6146196025
:1014200080F3108820BFE5E7002AB5D0CAE7C046A0
:101430005D0D001080100020702A01200040054042
:1014400070B5060000F0B6F8FA2204000D00002383
:1014500030000021920000F083FF802300196941D1
:101460001B06994202D3012002494042FFF77CFF4C
:1014700070BDC046FFFFFF7FF0B5D6464F464646DB
:10148000C0B504000D0082B0EFF305830F00002B00
:1014900031D13B4B98461B68834227D0394B994644
:1014A000DB689A464B4650461E7800F07BF80B00EE
:1014B000514602000436B60071582000891A8C4645
:1014C00029000026801A99418E4224DC21D020BFB9
:1014D0002D4A536ABB422AD3926A0120A24213D3F7
:1014E00002B0E0BCBA46B146A846F0BD43465B68D0
:1014F0008B42D3D1EBE7244900204B6AAB42EFD3B8
:101500008A6A0130A242EBD25B1B5A1E9341D8B2C9
:10151000E6E78445DBD900F04DF822002B00121AD3
:101520008B41002B05DA184A536ABB42D4D2002003
:10153000D6E700230193154B2200009348462B0069
:10154000FFF77EFE011EEEDD43461C605D600E4B24
:101550005A6ABA4211D39B6AA3420CD34846FFF79A
:10156000C7FE094A0020536ABB42B9D3926A0130D0
:10157000A242B5D2C8E7BA42F0D120BFEEE7C046DA
:101580007810002080100020004005405D0D001004
:1015900010B5024A0248FFF713F910BDD8A2001097
:1015A0002C1E00200300416A0A00986A596A8A4288
:1015B000FAD17047034B596A0A00986A596A9142F6
:1015C000FAD1704700400540064A536A9942FCD858
:1015D00007D1044B02E05A6A914202D19A6A8242D0
:1015E000F9D3704700400540F8B5DE464E465746F1
:1015F0004546E0B58B4605000A991800160000F034
:101600003DFB0A9B6C001F02324B64199C46A400F0
:101610006444636881469F4200D967602B1FDBB238
:101620009846012B30D9C02380229B01E318120178
:101630001A60294BAD0059599A4600291BD17301F4
:10164000E026226853401E40802342465B01E31897
:101650001E60012A30D9802380229B01E3181201E9
:101660001A6053464A4667605A51F0BCBB46B246C0
:10167000A946A046F8BD586900F000FB01304300C0
:101680001B18033BFDD2DAE75B46012BCBD1C0230D
:1016900003229B01E3181A60023AA3681A42FCD0A5
:1016A0007301E0262268AD0053401E4080230A4AA1
:1016B0005B019246E3181E605A462168514003229E
:1016C0000A401A6001225B469A40A3681A42FCD085
:1016D000C1E7C04600800040301E0020F0B54646FD
:1016E0004F46D646C0B51F00344B44009C462418D4
:1016F000A4006444636888461600FF2B02D8802348
:101700005B006360031FDBB29A46012B30D9C02314
:1017100080229B01E31812011A60294B8500595958
:10172000994600291BD17301E026226853401E40D0
:10173000802352465B01E3181E60012A30D98023C2
:1017400080229B01E31812011A6080235B00636012
:101750004B465F51E0BCBA46B146A846F0BD586959
:1017600000F08CFA013043001B18033BFDD2DAE78E
:101770004346012BCBD1C02303229B01E3181A60FF
:10178000023AA3681A42FCD07301E0262268850061
:1017900053401E4080230A4A5B019146E3181E60B5
:1017A00042462168514003220A401A600123424602
:1017B0009340A2681342FCD0C1E7C04600800040BD
:1017C000301E0020014B8000C0587047301E0020A2
:1017D000F8B5040021481E0017000D0000F04EFA75
:1017E0000100380000F04AFA069B36041B031E4332
:1017F0002368002B20DB1A4B1A49E3185A1E934129
:101800008022920194465B421B0B174A1B036344E0
:101810001360164A13601F000A689743FBD1144BEC
:101820002560E2182123A06013602368002BFCDAF6
:101830000823E6601360F8BD3F2322681340AB42E3
:10184000D9D1A3681B051B0D8342D4D1EE22E368D6
:10185000D2021340B342CED1EDE7C046001BB70021
:101860000040FDBF08C0004000E0004000F0004024
:101870000430000010B580241C4BE4051C600028D7
:101880001AD001231A4C18431A4BDC611A4C4440FD
:101890001C62596298628021144BC905196017486F
:1018A00017490860E021C9041960002A07D1802285
:1018B000144B12061A6010BD0E4BD861EBE75301B2
:1018C0009B1A9B009A18802312015B049A4209D24A
:1018D00013000D490B60074B5A608022094BD2055B
:1018E0001A60E8E7094B1A00F3E7C04600B005406C
:1018F000D3C007B0008005402D3FF84FFCFF01002A
:101900000820014000A0054094220020FFFFFF00B6
:101910008023024A9B000B43D3627047008005403E
:10192000142310B50100188804331B88984710BD94
:10193000162310B50100188802331B88984710BD84
:10194000F8B54746CE4680B50F1E19D014239946E8
:10195000043304000025012698464B461888434668
:1019600021681B88984701C4431E984101354042B5
:101970000640AF42F1D13000C0BCB946B046F8BD18
:101980000126F8E7142370B50400188804331B8877
:101990000D000549984703000020002C01DB0130B1
:1019A000A04029009847C04655420000AA23064A95
:1019B0001B0113608D235B00D3600449044B196045
:1019C0005368002BFCDA70470040024000B0FA0078
:1019D000006002407047C04610B50148FEF7D8FECF
:1019E000FCA2001070B5074D074EB54209D2002485
:1019F000013E761BB60808CD984723000134B34258
:101A0000F9D170BD50A1001090A10010054B064AFD
:101A100006491A60064A074B1A6010000B68984383
:101A2000FBD1704700E00040BFCDFBFE08C0004086
:101A3000FE7F3C0000F00040044BDB6C002B03D128
:101A40008022034BD2021A607047C046000011503A
:101A50004C201150044A054B1A60054A1368DB01FB
:101A60008033FBD17047C046FFFFFF0100F000400C
:101A700008C000404022034B9A675A671A67DA662B
:101A80007047C04600F0014010B5FEF727FF10BDBB
:101A9000F8B52749274C284D641AA4082200302C99
:101AA00000D930222800920000F06AFD2F2C3BD88C
:101AB00030202F21A700EB195B07204A001BDB0F0A
:101AC000091B052916D92600002B01D0EA51661CF6
:101AD000C01AE3189B004108EB18C900C9181A6026
:101AE0005A6008338B42FAD1012303421CD0984339
:101AF0008419A700EA51631C2F2C15D09B00EA50D3
:101B0000A31C2E2C10D09B00EA50E31C2D2C0BD0D4
:101B10009B00EA50231D2C2C06D09B00EA50631D2D
:101B20002B2C01D09B00EA50054B9D60F8BDC046B0
:101B300000010010C001001000000020C1010010D1
:101B400000ED00E0002310B5294C82B0A367FFF739
:101B50002DFF0122274B1A60636C012BFCD103225D
:101B6000254B1A60224A936B012BFCD10133009361
:101B70000121224A22480433FFF72AFE05230121CE
:101B80000093204A2048FFF723FE00220221042070
:101B90001E4BFFF7A3FD0022012105201C4BFFF780
:101BA0009DFD0022002107201A4BFFF797FD002220
:101BB00000210820174BFFF791FD8023DB000093E5
:101BC000002200210920134BFFF70EFD0022104BCD
:101BD00000210620FFF782FD0420FFF7F3FD0E49E8
:101BE00000F04CF801000020FFF792FE02B010BD9B
:101BF000008000403CB0004030B00040002F6859E9
:101C000000800240008C864700C00240001BB700E5
:101C100040597307006CDC0240420F000148042168
:101C2000014B1847A010002041190010124A936F71
:101C30009B0815D29066D166002905D0FFE7FFE723
:101C4000FFE7516F106F704704B580210906C21776
:101C50005140002800D0C84308F042FA002104BDDA
:101C6000F0B5146E556E576F166FFFF7E3FF1466ED
:101C7000556657671667F0BD000000D0114A936F94
:101C80009B0813D210665166002905D0FFE7FFE7D5
:101C9000FFE7516F106F704704B5002801D0002096
:101CA000C04308F01DFA002104BDC046F0B5146E13
:101CB000556E576F166FFFF7E5FF14665566576749
:101CC0001667F0BD000000D094464A4A926F920811
:101CD000624601D228E0C046F0B5464E346E756EBD
:101CE000776F366F00F020F89446424A14665566C6
:101CF000576716676246F0BD94463E4A926F920857
:101D0000624601D254E0C046F0B53A4E346E756E6C
:101D1000776F366F00F04CF89446364A1466556675
:101D2000576716676246F0BD002B24DB11D00029EF
:101D30003EDA00B5C943404200D1013100F038F825
:101D4000C943404200D10131DB43524200D101334B
:101D500000BD002AEBD1002801D1002905D00020C8
:101D6000C90FC90701D1C043410800B508F090F977
:101D70000022002300BD00B500290ADBDB435242EC
:101D800000D1013300F014F8C943404200D10131C1
:101D900000BDC943404200D10131DB43524200D172
:101DA000013300F005F8DB43524200D1013300BD9E
:101DB000002923D1002B18D1002A0CD0BC460D4F8E
:101DC00038667A6600210023FFE7FFE7FFE77A6FB6
:101DD000386F67467047002801D00748010000B5FA
:101DE00008F056F90022002300BD02000B0000207D
:101DF00000217047000000D0FFFFFFFF002B00D044
:101E0000BFE0130C28D1002AE7D080B4114F396607
:101E10007A66FFE7FFE730B4040C7B6F396F1B0471
:101E200023433B667A66FFE7FFE7FFE7C04684B2DD
:101E30007B6F3D6F1B0423433B667A66FFE7FFE73A
:101E4000C04600232C042D0C7A6F386F00196941AD
:101E5000B0BC7047000000D0F0B594460025140EC9
:101E600001D112020835140F01D112010435940F6B
:101E700001D192000235D40F01D152000135D40BAB
:101E80000134254F7C66254C3C660E0C93B2FFE76F
:101E9000FFE7FFE73C6F6643360C7703BE467343AC
:101EA000DF0B5B04C01AB941130C7343DB18C91A6A
:101EB000CE086643360CB64493B273431F0F1B0122
:101EC000C01AB941130C73431F0B1B05C01AB9414B
:101ED000860D8F023E436643360C092D24DB520AE1
:101EE0007243801A7703460A6643360C16235B1B3F
:101EF000DE40DF40BF1964466643821B70460435EE
:101F000006330100D940A840C01900D30131A242D4
:101F100006D20023F0BD0000000000D0FFFFFFFF4D
:101F2000121B0130F3D3F1E709277F1BFE40644603
:101F3000A2B27243801A00D20139220C7243130CF0
:101F40001204821A99410B007046043513370100C0
:101F5000F940A840801900D30131002B02D1A242E0
:101F60000AD2F0BD013000D30131121BFAD2013B7D
:101F7000F8D1A24200D2F0BD013000D30131121BD2
:101F8000F7E7F0B51C0C00D080E00CB400251C0A6B
:101F900004D11B02160E3343120208351C0B04D168
:101FA0001B01160F3343120104359C0B04D19B0017
:101FB000960F334392000235DC0B02D192185B413D
:101FC00001351C00971864410134464F7C66464C2D
:101FD0003C660E0CFFE7FFE7FFE7C0463C6F664339
:101FE000360C7703BE4697B27743C01B00D2013947
:101FF000C01B00D201399FB27743C91BC91B170C04
:1020000077437E04FF0B801BB941CE086643360C34
:102010000C2D33DBB644120B1F053A431B0B97B252
:102020007743C01B00D201399FB27743C91B170CFD
:1020300077433E043F0C801BB941860D8F023E431F
:10204000664329277F1BFE400C3D7746AF40BF19F2
:1020500030BCA2B2ABB272437343801A9941220CD6
:102060007243130C1204801A994102000B000137CD
:10207000001BA941F9D2781E0021F0BD0C277F1B5F
:10208000FE4077467F0BAF40FF19E0E700245D1C60
:1020900007D0144F7D663966FFE7FFE7FFE7FFE7EC
:1020A0003C6F95B29EB265436643401BB141150C2F
:1020B0001E0C6543664336042F0C3E432D04401B23
:1020C000B141994204D202000B0020000021F0BD72
:1020D00001D19042F7D3801A994101349942F2D349
:1020E000F6E70000000000D0FFFFFFFF484041403E
:1020F000484018B4134B5B68019308BD18B4114BEA
:102100001B68019308BD94460F4A926F920805D24E
:10211000624618B40B4BDB68019308BD0A4AF0B560
:10212000146E556E576F166F6246FFF7F2FF064A40
:102130001466556657671667F0BD18B4014B9B6867
:10214000019308BDD8170020000000D0FFB5504013
:102150004240504059404B40594000E0FFB5154FB8
:102160004C00640D03D0BC4204D10C0314D80020F1
:10217000090D09055C00640D03D0BC4204D11C03A9
:102180000AD800221B0D1B0501264B4009D44B40E9
:1021900003D58B4200D18242FFBD9942FCD19042CF
:1021A000FFBD0B43DB1803431343F5D0C943491864
:1021B000FFBD0000FF07000000B5FFF7CFFF804123
:1021C00000BDC04600B5FFF7C1FF01D9002000BD2A
:1021D000012000BD00B5FFF7B9FF804100BD01201F
:1021E00040054A00121804D85A00121801D80020DD
:1021F00070470120704700000021002805D170477A
:10220000C1174840401AFAD0C90713B5064B1B68DE
:1022100098470CBC441CA2401005120B0349091B33
:1022200009051943114310BD6C2901201F0400004A
:1022300010B54C00620D8023D218DB00D21A5B056A
:102240007E2A10DD9E3A13DACC1709034908194398
:102250005242D140640001341532202A05DAD040C0
:102260000843604310BD002010BD0846604310BD08
:10227000C80FC018013810BD18B4024B5B6A019337
:1022800008BD0000D817002010B50148FEF780FAFD
:1022900008A30010132370B51D78012D19D014DD8B
:1022A0001D48FFF745FB06001C48FFF741FB1C4C8F
:1022B00080223100200000F063F9022D06D0194879
:1022C000FFF72EFB184B186070BD154C174BA3641D
:1022D000F5E7174B124C23606360A360E360236152
:1022E0006361A361E36123626362A362E3622363C8
:1022F0006363A363E36323646364A364E3642365A8
:102300006365A365E36523666366A366E366236787
:102310006367A367E367D9E75344000053460000AF
:10232000D81700204C3300006C2901203523001001
:102330008922001007B5604601880A0A0230DF2AA8
:10234000FAD1C9B2820804D302884088000410433D
:1023500000E00068014A5050039007BDD8170020E4
:1023600051434343C9188C46110C83B24B4310B4FC
:10237000040C614392B280B2504362431C041B0CB4
:10238000001910BC59411304120CC018514161448A
:10239000704700004840414048400E4B5B6818477A
:1023A0000C4B1B6818470C4A936F9B0802D2094BD1
:1023B000DB681847F0B5146E556E576F166FFFF750
:1023C000F6FF054A1466556657671667F0BD014B60
:1023D0009B68184770290120000000D007B54840CD
:1023E0004140484001E0C04607B54200120E03D00C
:1023F000FF2A03D1420218D8C00DC0054A00120EB0
:1024000003D0FF2A03D14A020FD8C90DC905012202
:10241000414005D4414001D5814207BD884207BDF6
:102420000143491801D0C043001807BD00B5FFF7AC
:10243000DBFF804100BDC04600B5FFF7CFFF804104
:1024400000BD0000C10FC90700D54042002817D0C9
:10245000F44603B40B4B1B68984706BC81409E387A
:102460004042803107D20B0607D04900490AC00517
:102470001043084360470130F8E7490A8902F5E74D
:10248000704700006C290120014B5B6A184700006F
:1024900070290120014BDB6F1847000070290120D3
:1024A00010B50148FEF774F900A60010132310B50B
:1024B00010481C78FFF73CFA0100012C0AD003DD1C
:1024C00080220D4800F05CF80C48FFF729FA0C4B0D
:1024D000186010BD084C5422200000F051F8220072
:1024E000084980322368002B00D1216004349442D3
:1024F000F8D1E9E753460000702901204C33000071
:102500006C290120A124001070B504000A4E30008F
:1025100007F0AEFD200007F03FFD0500300007F09A
:10252000AFFD002D05D0054B2C199C4201D8280089
:1025300070BD0348FEF72CF940160020000004206F
:1025400020A3001070B50400054D280007F090FD91
:10255000200007F02BFD280007F092FD70BDC0465B
:102560004016002001480421014B1847B0100020FC
:1025700041190010014B1B6818470000B0100020E3
:10258000014B5B6818470000B01000209A4200D24F
:10259000885470477047C046F8B55746DE464E46E9
:1025A0004546E0B599460A9B07009A460D9B88462A
:1025B00093460B9C9B073BD10C9B9C423DD21E1B20
:1025C0000B9415000C005E442A004B460135210097
:1025D0002020B847B542F7D1A0460B9C002C20D054
:1025E000454636195346321B013C185D29004B46BF
:1025F000B847002CF6D12B00350098460D9B9B0761
:102600000FD55B46EC1A0C9BA3420AD94646984666
:102610002A004B46310020200134B847013544459B
:10262000F6D32800F0BCBB46B246A946A046F8BD8A
:1026300016001500002CD3D1E0E71600002CCFD1F6
:102640001500EEE7F0B54F464646D646C0B584B015
:1026500098460EAB1B7894469946129B0D9C109F92
:10266000119E9A0725D4002E65D1BC4221D20122A9
:102670001A409246202C00D1E9E00C9A551E3022D7
:1026800002E0202C00D17BE001342A55A742F8D883
:102690005246002A0DD0B4420BD20C9A551E30225D
:1026A000202C02D171E0202C2DD001342A55B442C7
:1026B000F9D1DA063CD55A052ED4002C28D10F9A30
:1026C000102A00D1B6E0022A00D1BCE030220C9CD6
:1026D000227001244A46002A65D15A0700D499E0A5
:1026E0002B220C9D2A55013403930C9B62460093C8
:1026F000029643460194FFF74FFF04B0E0BCBA4690
:10270000B146A846F0BD2024DA06EDD55A0503D41B
:10271000A74266D0B44264D00F9A102A71D0022A20
:1027200057D0202CE0D02200013430250C9FBD541E
:10273000202CD9D0CEE7012215001D40AA461A420E
:1027400036D04A46002A4AD10C321A4247D1BC42FE
:10275000A1D2202C91D1202E17D82024DA06C3D55F
:102760005A051BD4202F01D0202ED5D11F220F9D1A
:10277000102D6FD0022DD8D162250C9FBD54D0E70B
:102780005246002A79D0202EBDD92024DA06ABD5B6
:102790005A0503D4202FE9D0202EE7D00F9A102A13
:1027A000A2D12024A0E72D220C9D2A5501349BE7BD
:1027B000BC4200D37DE7202C00D05EE7DA06F0D5DE
:1027C0005A05EED4202F62D0202EEAD134001F22E9
:1027D000CDE7202C00D187E722000134CCE7013E71
:1027E000B5E7621E012CC2D10F9A102A00D06AE709
:1027F0009A063BD558220C9C2270283A627002241B
:1028000068E79A060ED4202CCBD078220C9D2A554E
:10281000013486E71A0700D466E720220C9D2A556A
:10282000013461E7202CBCD058250C9A1219157080
:10283000013476E79A0608D558220C9C2270302283
:102840006270022446E76032F7E77822F5E7002A53
:1028500083D1B3E7A21E013C9D0603D478250C9FCB
:10286000BD5460E758250C9FBD545CE778220C9C52
:102870002270483A627002242CE7DA0600D433E76B
:102880005A058BD4202F00D044E71F226FE73C006D
:102890001F226CE710B5002800D110BD01F08EFB9F
:1028A000FBE7C0460B0010B5002802D049681B6842
:1028B000984710BDF0B557464E464546DE46E0B552
:1028C00099B08246894690460893229A239B10002D
:1028D0001900FFF784FC002800D0CDE0229823994E
:1028E0000122D94B5242FFF775FC002800D0C3E00B
:1028F000229823990122D54B5242FFF75DFC002814
:1029000000D0B9E02298239900220023FFF754FC5D
:10291000002800D0F1E1229E239F8023269ADB002D
:102920001A400D92269A1A4201D10623249380233D
:10293000269A1B011A403B0093460996334300D068
:10294000B3E0002A00D0C2E1002300240A930B94D4
:10295000002304250993259B0024AB4200D95C1B6E
:102960000223269A1A400C92269A134203D06B42F5
:102970006B415B421C40099B002B07D00A9A0B9BC2
:1029800030003900FFF7BFFB06000F0022982399A3
:1029900000220023FFF710FC002803D08021090645
:1029A0007B181F00269AAA4B009601971340089E99
:1029B0000493249B039402934246330049465046B5
:1029C00000F0AAF90400002D67D02020269A49467D
:1029D000024013005A4253415B42621C18400A9263
:1029E000330022004530D047099A6F1ED317D41800
:1029F0005C40D30F9B46002501E0202D13D008AA90
:102A000094461F23200063440A2101355E19FFF715
:102A100035F93031317020000A21FFF72FF92600F7
:102A20000400092EE9D805230693002304930A33F2
:102A300003935B46089E029310AB0A9A00934946A3
:102A40003300504605970195FFF7FCFD0C9A0400F2
:102A5000002A22D04246851A259AAA421DD9B0469C
:102A60005746160022004346494620200135B84704
:102A70000134AE42F6D810E0269B42460493259BD3
:102A800049460393249B50460293229B239C009328
:102A90000194089B00F040F90400200019B0F0BC3C
:102AA000BB46B246A946A046F0BD6A4B78009C469C
:102AB000400D6044FFF7A4FB674A684BFFF73DFBFE
:102AC000674A684BFFF71AFB674A3B031B0B1A4325
:102AD00004000D0009981100644B0022FFF709FB68
:102AE000634A644BFFF729FB02000B00200029001A
:102AF000FFF704FBFFF79CFB0990FFF781FB5E4AA1
:102B00005E4B04000D00FFF718FB00225C4BFFF743
:102B1000F5FAFFF78DFB5B4A5B4B29000C90200018
:102B2000FFF70BFB04000C980D00FFF769FB574AF9
:102B3000574BFFF702FB02000B0020002900FFF7B4
:102B4000D8FA04000D0002000B000A940B95FFF761
:102B5000F4FA04000D000A980B9902000B00FFF72D
:102B6000CDFA00220E900F914A4B20002900FFF76A
:102B7000CAFA0022484BFFF7C1FA02000B002000FE
:102B80002900FFF7C0FA0022444BFFF7B7FA020012
:102B90000B0020002900FFF7B6FA0A9A0B9B0D00E4
:102BA00080210400C9050020FFF7A3FA02000B00F2
:102BB00020002900FFF7A2FA02000B000E980F99DF
:102BC000FFF7A1FA0022284BFFF798FA344B0C9C30
:102BD0009C46644423050022FFF7AFFA04000D0071
:102BE00002000B00300039000A940B95FFF7E4FA5D
:102BF00000285DD123002A00C625099963318D4242
:102C0000AD4159466D420435002900D1A3E6134376
:102C100063D030003900234A234BFFF7D3FA002852
:102C200007D0002230003900204BFFF7C5FA0028FA
:102C300053D1249B002B00D18DE60D9B5A1E93414E
:102C4000249AD31A249386E6FFFFEF7FFFFFEFFF5E
:102C5000FFF7FFFF01FCFFFFFB799F501344D33FB9
:102C6000B3C8608B288AC63F0000F03F0000F83FE1
:102C700061436F63A787D23F71A379094F930A40DD
:102C80000000E03F1655B5BBB16B0240EF39FAFECC
:102C9000422EE63F00002C40000024400000184077
:102CA000FF0300002D431CEBE2361A3F80842E41C7
:102CB000099B0022013B09932000164B2900FFF7D6
:102CC00022FA0A00010003000A910B9294E7002304
:102CD00000240A930B9400230993249A099B9A4297
:102CE00014DDD31A013B24938023269ADB001A4378
:102CF00000230025269209932DE680221206944691
:102D0000229B1E00239B63441F0006E6002324939E
:102D1000EAE7C04600002440F0B54546DE464E4690
:102D20005746E0B595B08B46904699461E9A1F9B34
:102D30000A9019001000209DFFF751FA002800D0DA
:102D4000B0E11E981F990122C74B5242FFF734FA97
:102D5000002800D037E11E981F990122C34B524230
:102D6000FFF738FA002800D0A7E01E981F9900222C
:102D7000BF4BFFF72FFA002800D088E01E981F995C
:102D80000022BC4BFFF718FA002800D07FE01E9805
:102D90001F9900220023FFF70FFA002800D0FAE065
:102DA00000230B938023229C229ADB001C401A42B2
:102DB00000D102E1092D00D87CE106A98C462C0047
:102DC000172200233021093C62440133D154EF1A09
:102DD000202B00D132E1A342F7D10022A44B06926E
:102DE00007931E981F99FFF723FA0500FFF708FACB
:102DF00002000B001E981F99FFF77BF9069A079BAC
:102E0000FFF79BF908900991FFF736FA0600FFF7E4
:102E1000F3F902000B0008980999FFF76AF90022FC
:102E2000954B08900991FFF7D5F9002800D1D2E021
:102E300001363000FFF7E0F9069A079BFFF7C2F969
:102E4000002801D000260135AA46002F00D098E0C6
:102E50002800FFF7D5F902000B001E981F99FFF715
:102E600048F9854B002206000F00FFF7A5F90CABCF
:102E70009A46002845D10022300039007E4BFFF7EA
:102E8000A9F900283DD1EB073BD5013539E0229B5C
:102E900042460493219B594603930A981E9B1F9C0C
:102EA0000295009301944B46FFF704FD15B0F0BC6A
:102EB000BB46B246A946A046F0BD229B5B0767D43D
:102EC00003226E4B22990192039121990291009362
:102ED00042464B4659460A98FFF75EFBE6E706AACC
:102EE00094461723280063440A2101341E19FEF773
:102EF0009DFE3031280031700A21FEF797FE051E35
:102F000076D0202CEBD10323229A1340012B1DD124
:102F1000219B002B1AD00B9B002B00D0BBE0229AE8
:102F20000C33134200D0B6E0219BA34200D887E0C7
:102F300006AB9C4617223023624404E021990134F9
:102F400013558C4259D0202CF8D12024229B019477
:102F50000393219B02935346B9E706AA944617238D
:102F60000A216344300001341D19FEF787FE303119
:102F7000297030000A21013FFEF780FE092E46D954
:102F80000600202CE9D155460CAB20249A46B8E720
:102F900004223B4B96E71E9A1F9B00200021FFF75F
:102FA000A8F801230B938023229C229ADB001E9019
:102FB0001F911C401A4200D0FCE60022314B06272C
:102FC000069207930DE7229B0393219B0293042310
:102FD00001932D4B7BE7002208980999264BFFF7B8
:102FE000EBF8002800D02FE7002E4FD101362BE759
:102FF0000323229A1340012B66D0202CA6D00B9BD2
:10300000002B1FD02D235246135501349EE7554601
:10301000202CB9D030233A19002F08D0172006A948
:10302000013409180B55202CAED09442F6D10CABCC
:103030009A462E2352461355013462E72024CCE6EB
:10304000202C83D0229B5B0708D4229B1B0700D433
:103050007CE7202352461355013477E72B23524651
:103060001355013472E7C046FFFFEFFFFFFFEF7F0C
:1030700065CDCD4165CDCDC10000E03F78A3001006
:1030800070A3001080842E4180A30010F30700D4A9
:10309000DAE60136D8E6219B013B2193A34200D911
:1030A00046E7AAE7229B0393219B02930323019304
:1030B000074B0CE7074BEA009B185C681B682F0066
:1030C0000693079400248CE6219B002B95D022E7E1
:1030D0007CA3001070A90010F0B55746DE464E469E
:1030E0004546E0B5A5B01F002E9B91460D93CA4AF8
:1030F000CA4B82468B461A60002900D129E2002380
:1031000038789846002800D12BE2C54B44460C93F2
:10311000C44B55464E460E930AE0631C9846220067
:1031200033005946A84744463878002800D187E044
:1031300001372528F1D108239A46043B9946023BE2
:103140009846013B00229C460B943878791C03007A
:10315000203BDBB2102B03D80C9C9B00E3589F460E
:103160000300303B0B9C0B92092B3AD90023984665
:103170002A2800D1DDE000239A462E284BD00300F8
:10318000683BDBB2122B1ED80E9A9B00D3589F4689
:1031900063460F001A43D8E743460F001A43D4E7AB
:1031A0004B460F001A43D0E710230F001A43CCE719
:1031B00053460F001A43C8E780235B000B9A7878C8
:1031C0001A430B9201310F0067284FD82428A4D945
:1031D0000300253BDBB2422B9FD893499B00CB5881
:1031E0009F46002398460B9B47469C4600E00131D2
:1031F000BB00DB195B001F180878303F0300303B31
:10320000092BF4D963460B930023B8469A460F0066
:1032100001312E28B3D180200B9AC00002430B92BB
:1032200030225242944678780B0084446246092A40
:1032300000D8AAE12A2800D1B9E10F0001319EE7A8
:10324000A046AA46B146C84503D301235B424B447E
:1032500098464B46424659460020D047200025B0AC
:10326000F0BCBB46B246A946A046F0BD0100693994
:10327000C9B20F2900D950E701238B409C466B4B04
:10328000994663464A4613400F9362464B461A429C
:1032900000D068E10A2956D0072900D03DE70D9BF0
:1032A00002CB9846002900D092E10B9B10211A0016
:1032B0008A43100011310843814680201A00C00063
:1032C0000240110003421CD114AB9C461F220F2365
:1032D00062440D959C4615000F9B0B9402E0202B39
:1032E0000CD0110064460C4020003730092C00D867
:1032F00007380133E8540A090F29F0D80B9C0D9DBB
:103300000F934B46082206935346059208320392C8
:10331000002204930F9B029201931CAB22000093A6
:10332000594633002800FFF78DF9434604000D93FA
:10333000FAE60D9B04CB9046002A79DB78780D9352
:103340000F00013117E70D9B02CB14930B789C46BD
:1033500018005346002B00D134E1002815D0534605
:10336000013B013399460D940B9C89444A460B005E
:10337000A14601E0934203D05C780133002CF9D1DF
:103380004A465B1A0D9C0B920F938023DB009946F3
:103390000B9A13400D934B461A4204D00F9B534592
:1033A00001D953460F93022399460B9A13400B936E
:1033B0004B46134200D1F5E16346002B00D1D6E124
:1033C0000D9B002B00D182E10B1BD14631009A46A8
:1033D0003B00A1442E005F464D4622009B46894695
:1033E00009E04B463900541CB0475346185D00288D
:1033F00000D192E122009542F3D14B465A46A946AC
:10340000BB46350017001E004C460B9B002B00D01E
:10341000ADE1149B0D9387E6D93000109022002077
:10342000D0A7001014A8001060A800104190000060
:103430000B9A283802430B924246524278789046C3
:103440000F000D93013196E678786C2800D15DE18C
:1034500080230B9A5B001A430B920131B3E6802361
:103460009B00ABE67878682800D148E180230B9A6E
:1034700001311A430B92A6E6672800D1B2E0472833
:1034800000D11AE1452800D11CE10B9A07210492D2
:1034900042460D9B0392073352468B43190002921A
:1034A0000CC92800009201930D9122003300594667
:1034B000FFF700FA040037E6462800D18DE00B9AAA
:1034C0000721049242460D9B0392073352468B43D9
:1034D000190002920CC92800009201930D9122005C
:1034E00033005946FFF718FC04001DE6631C98469C
:1034F0002200330059462520A847444614E60D9B78
:1035000004330F93631C99460B9B9A0700D40AE17E
:103510000D9B2200187859463300A847434644447F
:10352000012B00D86FE1B0462E0025004C46B9466D
:103530005F4622004346013439002020B047AC42A8
:10354000F7D12C00BB4635004F4646460F9B0D93E6
:10355000EAE5D64B38789A4600239846002800D0F2
:10356000D3E500246FE66F2842D000D8FDE1102398
:10357000782800D19BE00B9A9A430B920A239C4631
:10358000002314930A330F9338E057460B9AB9007F
:10359000C919490001330F181878303F010030393C
:1035A0000929F4D9BA460B921F00591CE7E50D9B77
:1035B000B87804CB0237D143C9170A4092460D931D
:1035C000791CDCE5002800D1DFE602235B42C8E677
:1035D00021200B9A0243914676E620230B9A1A4348
:1035E0000B926CE780230B9A1B011A430B924CE75A
:1035F00008239C460023149308330F930B988023D1
:103600000200DB001A4011000200184200D080E0E6
:103610000C239A431000802302009B001A400B9257
:10362000184200D0F1E0802302005B001A4091466E
:103630000D9A04321492184200D0C3E2430600D51A
:10364000D7E0030600D421E30D9B1B880993002BD0
:1036500000D02DE110339843002900D128E1002348
:10366000994643460593534604930F9B0690039354
:10367000002302934B4601931CAB22000093594652
:1036800033002800FEF7DEFF0400C2E6582809D008
:10369000622800D0E3E202239C4600231493023305
:1036A0000F93ABE720230B9A1A430B92103B9C46D7
:1036B0000023149310330F93A0E780230B9A1B0170
:1036C0001A430B9220230B9A1A430B92DDE60B1B35
:1036D0009A460F9B99463B0037005E469B46220068
:1036E0003B003100A84753460134185D0028F6D14D
:1036F0004B460F935B46B3463E001F0085E6C02352
:103700000B9AB8781A430B92F91C5CE5C0239B0016
:10371000F6E70D239A4310007DE75B463500BB4674
:103720004E461F0071E64346012B66D9631E434493
:1037300032002E001D003B00A2465F4691469B468C
:1037400022004B46013439002020B047AC42F7D16B
:103750005B463500BB464E46A14654461F000D9BB6
:103760004A461878594633004444A847EEE60F9B72
:10377000A146984500D84CE64444E41AB0462E00D1
:1037800025004C46B9465F462200434601343900C5
:103790002020B047AC42F7D12C00BB4635004F4645
:1037A000464636E60F98804500D873E24346E21855
:1037B000131A32002E001D003B0091465F469B46C7
:1037C0000F9122004B46013439002020B047AC4213
:1037D000F7D15B46BB461F0043460F9901330F9359
:1037E0000B7835009C464E466046002800D0E7E541
:1037F0000FE60D9B1B78099329E70D9B2200187893
:1038000059463300A8474C46A0E60D9AFA3BFF3BC9
:1038100007329A430133994691444B460D931368FE
:10382000526815921A4306D1103290430022099231
:10383000002900D083E06122810600D54122D2B266
:103840000A9214AA91460A9A00210A3A0B92424619
:103850001792524618925A46B24609911E001F31DD
:10386000149B4944BB4616941A9500246746984613
:103870008946159D19901B920AE03032D2B24B4610
:1038800001341A55A8454CD0202C4CD006000D0010
:103890003A00002330002900FEF72EFAD2B2092A9E
:1038A000EBD90B9B9C466244D2B2E8E79525001009
:1038B0006123820600D54123DBB20A3B0B934346CA
:1038C00014A91F228C46159353466244B2460D94A8
:1038D00017974C468046A9461700099D0F9E1693E0
:1038E00008E03033DBB201343B55B5420ED3202C17
:1038F0000CD0050031002800FEF7C0F9CBB2092931
:10390000EFD90B9A94466344DBB2ECE7159B404633
:103910009846169B4D465646A1469A460D9C179FC3
:103920009FE6B742B0D9179B56469846189B5F460C
:103930009A461B9B09949B46169C19981A9D4346D0
:103940000593534604930F9B069003930023029321
:10395000099B01931CAB22000093594633002800B9
:10396000FEF770FE0400FFF7DFFB10230B9A9A436B
:103970000F92692800D091E10B9980230A00DB00A7
:103980001A4010000A00194203D0112118008A437E
:103990000F920F9A802311009B0019408C461A4207
:1039A0005BD1802311005B00194089460D990431D9
:1039B0000B911A4200D0B2E013005B0600D4EDE098
:1039C0000D9B1B781A00D90F0D91002B00D1A3E09D
:1039D000100014AA944642461F231592524663448F
:1039E000A846BA464D461494B14604001F001692EC
:1039F00001E0202D0FD020000A21FEF73FF901350C
:103A00007E193031317020000A21FEF737F9260087
:103A10000400092EEDD8159B4E46A946454698460A
:103A2000169B57469A46149C0F9B06934346059354
:103A3000534604930A2303930D9B02934B46019331
:103A40001CAB22000093594633002800FEF7FAFD14
:103A50000B9B04000D93FFF767FB07220D9B0733B9
:103A60009343013294469C4462460D920CCBD90F8D
:103A70000B911100194300D19BE0D91713911291BA
:103A80005140109113995940119110981199129A1F
:103A9000139B801A99411090119114AA94464246A2
:103AA0000023159252469946169232001F33634402
:103AB000A8464E46BA4614941F00109C119D91468C
:103AC00001E0202E10D0200029000A220023FEF75A
:103AD00013F9013630322B00BA550D0022000400D4
:103AE000002BEED1092AECD8159B10941195454670
:103AF00098464B46169AB14657461E009246149C6D
:103B00000F9B069343460593534604930A2303935E
:103B10000B9B02934B461CE7002885D159E70D9B70
:103B20001B68DA0F1100002B00D1A6E0DA179818F5
:103B3000504014AA91461F2342464B44A8460D9478
:103B4000169704006546B1461F001491159201E0D6
:103B5000202D0FD020000A21FEF790F801357E19A4
:103B60003031317020000A21FEF788F82600040069
:103B7000092EEDD8159BAC4645469846149B4E46FB
:103B800019000D9C169F0F9B0291069343460593C7
:103B9000534604930A230393634650E713001B061E
:103BA0006ED50D9B00229B5ED9175A184A4092B2DF
:103BB00009E7002399460028A2D100220023109291
:103BC00011936AE70D9B1B689946002B03D11033B4
:103BD0009843002938D16123820600D54123DBB206
:103BE0000A3B0D9343461693534614A91F228C4655
:103BF00017932B0062444D46B246159418978046A1
:103C0000170099460B9C0F9E08E03033DBB201345D
:103C10003B55B5420ED3202C0CD0050031002800B6
:103C2000FEF72CF8CBB20929EFD90D9A94466344DC
:103C3000DBB2ECE7169B40469846179B56464D462E
:103C40009A460B94189F159C43460593534604933C
:103C50000F9B06900393002302930B9B0BE50B999C
:103C600080230A00DB001A4010000A00194200D02D
:103C70008BE610239A430F928BE6002883D158E7F6
:103C80000D9B1B68D9175A184A409CE60D9B1B6870
:103C90000993DCE4030001330F93A5E50B926DE477
:103CA0000CB430B585B008AC08CC064D0A000094C1
:103CB000010028000394FFF70FFA05B030BC08BCE0
:103CC00002B018478D25001000B585B00391012181
:103CD00002900093034813004A4202A9FFF7FCF93F
:103CE00005B000BDA528001010B5094A03001468EE
:103CF00084B0002C08D0012200910648524203A94A
:103D0000A047012004B010BD00F0A4F90020F9E79D
:103D1000902200209528001000BEFDE77047C046A5
:103D2000094A03001068002805D00849C3188B42CF
:103D300007D81360704706480449C31810608B42C7
:103D4000F7D901204042F5E78C1E00200000042036
:103D5000AC2A012010B5FFF7DFFFC04670B5FDF7B4
:103D600041FE074D074EB54209D20024013E761BA5
:103D7000B60808CD984723000134B342F9D170BD8D
:103D800090A1001094A10010030010B508001100CC
:103D90001B68984710BDC046F0B5C64600B5437DC8
:103DA00007000D001600002B38D0002A2EDD002160
:103DB0006A1E90466A5C037D4C1C00200A2A0CD0C7
:103DC000A64216D043461B5D21000D3B5A4253418B
:103DD0006A5CDBB24C1C0A2AF2D1002BF0D188427B
:103DE00017DB022110483B689847A64207D0200005
:103DF000E8E7864203DD311A3B6828189847AD1979
:103E0000013D2B780D3B5A4253413B7580BCB8466F
:103E1000F0BD091A3B6828189847E2E703681100CB
:103E200028009847F2E7C046C0A90010F8B50B6813
:103E30000D005A1CCB180A601871802A00D0F8BDFA
:103E40000E4B1C68002C15D00D4E0F1D02E024698E
:103E5000002C0FD02368002BF9D03368002B01D041
:103E6000A342F4D1200039002A68FFF795FF2469A6
:103E7000002CEFD100232B60E1E7C046801E00201C
:103E8000881E0020F0B5DE4657464E464546E0B552
:103E900085B017001C0006000D00FDF78BFB00230A
:103EA000314A12184B41802109068B4202D301226C
:103EB0002E4B52422E4908008A4606F029F90190FD
:103EC0006B1C03D1300006F08DF80500002C26D0C5
:103ED000284B9846284B1C68002C15D0002F21D168
:103EE000264F02E02469002C0ED02368002BF9D065
:103EF0003B68002B01D09C42F4D120002A00310005
:103F0000C0472469002CF0D1019B002B28D1280048
:103F100005B0F0BCBB46B246A946A046F0BD184B62
:103F20009846D7E7154B994602ABDF1D0A239B46FF
:103F300002E02469002CE7D02368002BF9D04B461F
:103F40001B68002B01D0A342F3D12A0031002000CE
:103F5000C0475B460122390020003B70C047E8E7BC
:103F6000504606F08DF8D2E740420F00FFFFFF7F7A
:103F700048160020993D0010801E0020881E002059
:103F8000893D00100A4A1368002B05D10CE01A0085
:103F90001B691032002B07D09842F8D1002902D1BA
:103FA00003691360016170470029FCD01060FAE7D3
:103FB000801E002010B500F07DFA10BDF0B5CE4691
:103FC000474680B583B06B460600DD1D2870FDF7BF
:103FD000F1FA00231A4A12184B41802109068B423C
:103FE00002D30122174B524217490800884606F0B7
:103FF0008FF8164B81461C68002C14D0144F02E039
:104000002469002C0FD02368002BF9D03B68002BCB
:1040100001D09C42F4D1200001222900FFF7BCFE10
:104020002469002CEFD14B46002B05D1300003B0A2
:10403000C0BCB946B046F0BD404606F021F8F5E7F1
:1040400040420F00FFFFFF7F48160020801E002027
:10405000881E002070B5040005F0C4FF0123010094
:10406000050001222000FFF70DFF084B1C68002C03
:1040700006D06368002B05D098472469002CF8D13E
:10408000280070BD2469002CF3D1F9E7801E0020C0
:10409000F0B5CE46474680B5A3B004000D00FDF74D
:1040A00089FA0023294A12184B41802109068B42C4
:1040B00002D30122264B5242264F380006F028F840
:1040C00000230600019322002B00234801A9FFF7DB
:1040D000FBFD019B8046002B14D1204B1C68002C5B
:1040E00006D06368002B0BD098472469002CF8D1C8
:1040F000002E25D1404623B0C0BCB946B046F0BD25
:104100002469ECE7154B1D689946002D1CD0144C12
:1041100002E02D69002D0FD02B68002BF9D0236809
:10412000002B01D0AB42F4D12800019A02A9FFF77D
:1041300033FE2D69002DEFD14B4601951C68CEE76B
:10414000380005F09DFFD5E70195D1E740420F000B
:10415000FFFFFF7F481600202D3E0010801E00202C
:10416000881E00200FB400B583B004A901C90191D5
:10417000FFF78EFF03B008BC04B01847024B18606D
:10418000024B19607047C046201E0020241E0020EC
:1041900010B5024B1878FCF7DFFB10BDA82A0120F0
:1041A000154B70B51A68002A22D0EFF3108172B651
:1041B00010680028FCD0BFF35F8F00200F4A5960C1
:1041C00010701B68BFF35F8F186081F310880024A4
:1041D00000250B4E3078FCF7B3FB002804D10024F7
:1041E00000252900200070BD3078FCF7B5FBF8E70A
:1041F000FA240025A400ECE79C220020A92A012033
:10420000A82A012070B5040000200E0001F078FB00
:10421000002836D0002001F089FB002831D0FDF7BE
:10422000C9F90023184A12184B41802109068B4214
:1042300016D2164D280005F06BFF002821D0002073
:1042400001F05EFB00280FD101200021404200F068
:104250007FFD03246442280005F012FF200070BD9A
:1042600001220B4B5242E4E7002001F05FFB0028E3
:10427000EAD021003200002001F062FB041EEAD1E6
:10428000E7E703246442E9E740420F00742A012073
:10429000FFFFFF7F10B5FDF78DF900230E4A1218BE
:1042A0004B41802109068B4202D301220B4B524223
:1042B0000B4C200005F02CFF00280CD00120002121
:1042C000404200F045FD002001F084FB0028F5D1BC
:1042D000200005F0D5FE10BD40420F00FFFFFF7F1C
:1042E000742A0120F8B5DE46574680B505000C005B
:1042F000FDF760F90023374A12184B418021090667
:104300008B4202D30122344B5242344908008A4680
:1043100005F0FEFE002803D1C0BCBB46B246F8BD86
:10432000002001F0EDFA00284AD00026002C43DDE1
:104330002B4B9B4614E0A919002001F085FB0700D8
:1043400001200021404200F003FD002001F042FB6B
:10435000FDF730F9224BF61918605960B4422BDD95
:10436000002001F091FBA71B0200B84200DD3A00DB
:10437000002AE0D101200021404200F0E9FC0020A9
:1043800001F028FB002001F0BBFA002814D0002027
:1043900001F07AFB0028E1D1FDF70CF95B460F0034
:1043A0001A685B68002184460E4812184B419F42F0
:1043B00002D8D3D19445D1D9504605F061FEABE780
:1043C00000200021064B18605960504605F058FE49
:1043D000A2E7C04640420F00FFFFFF7F742A012082
:1043E000D017002020A1070030B52B4C85B000214C
:1043F000200005F065FE00281CD1284B1A68002A11
:1044000016D0EFF3108172B610680028FCD0BFF30D
:104410005F8F01242248596002781B68D2B2047071
:10442000BFF35F8F0020186081F31088002A17D037
:1044300005B030BD01200021404200F089FC002081
:1044400001F074FA0500200005F01AFE002DEFD0EF
:10445000144B1B68002BEBD0134A10689847E7E712
:10446000FCF780FE0400FDF7A5F8FA220023920075
:1044700012184B41802109068B4202D301220B4BBB
:10448000524201210291002101910949200000912D
:10449000FCF76CFECCE7C046742A01209C22002069
:1044A000A92A0120201E0020241E0020FFFFFF7FDC
:1044B000A1410010D02310B51B0684B01C68FCF786
:1044C00051FEFCF74FFFA04202D0002004B010BD07
:1044D0002A4B002100201B7801F0A0FC284803682B
:1044E000002B47D00120FCF7CDFBFF23254C2649AC
:1044F00020701840FCF74AFA20780121FCF70EFAE8
:104500000520FCF731FA002826D1082200211F4897
:10451000FEF730F8FCF726FE0400FDF74BF8FA2210
:104520000023920012184B41802109068B4202D3CE
:104530000122174B5242012102910021019115499C
:1045400020000091FCF712FE0028BEDB124801217A
:10455000FFF718FD0120B9E70120FCF7ADF90B4B7F
:1045600001001800FCF7F0FB002205200B49FCF7C6
:1045700037FAEBE7FCF7CCFBB4E7C04620B80010F5
:10458000742A0120A82A0120E94300109C2200205F
:10459000FFFFFF7FA1410010C010002091410010DB
:1045A000004870473CAA001000487047E8A9001076
:1045B00010B5040017480378002B20D0002C06D13A
:1045C000154B16484380063BFF3B038010BD052C6E
:1045D00019D8134BA400E05812490123013804E014
:1045E00001330A800231142B0FD0C25C002AF7D1AC
:1045F000C022DBB25B00920008481343E5E71121BB
:1046000000F01AF8DAE70020E0E7CA2303489B002D
:10461000DBE7C046902A012009040000581E002054
:10462000D0A900105A1E002010B5024800F0D8F89A
:1046300010BDC046B422002030B54B1E012900D168
:10464000A7E0664A11780D092C0030349F2900D963
:10465000A2E00470012B00D1BEE00F2114782140AC
:104660000C003034092900D998E04470022B00D1A5
:10467000B2E054782509290030319F2C00D990E010
:104680008170032B00D1A7E00F2121400C003034B2
:10469000092900D987E0C470042B00D19CE09478EC
:1046A0002509290030319F2C00D97FE00171052BAD
:1046B00000D191E00F2121400C003034092900D9AC
:1046C00076E04471062B00D186E0D47825092900D4
:1046D00030319F2C00D96EE08171072B00D17BE037
:1046E0000F2121400C003034092966D8C471082BF1
:1046F00000D171E014792509290030319F2C5FD851
:104700000172092B68D00F2121400C003034092997
:1047100058D844720A2B5FD05479250929003031CA
:104720009F2C52D881720B2B56D00F2121400C00A8
:10473000303409294BD8C4720C2B4DD094792509FB
:10474000290030319F2C00D9073101730D2B43D044
:104750000F2121400C003034092901D937310C00D8
:1047600044730E2B38D0D1790C09220030329F29A6
:1047700000D9073282730F2B2ED00F220A4011006E
:104780003731092A01D830321100C173102B23D0E0
:1047900010300023037030BD07345AE737310C0066
:1047A00063E707316CE737310C0074E707317DE7C9
:1047B00037310C0085E707318EE737310C0095E77C
:1047C00007319DE737310C00A3E70731AAE73731FE
:1047D0000C00C4720C2BB1D1C018DAE7B42200204F
:1047E00010B588B004000D2200216846FDF7C2FE16
:1047F0000D22002104A8FDF7BDFE6A464B23684642
:10480000137004A900230D2205F072FC1521082263
:1048100020006944FDF7B4FE08B010BD7047C046E3
:104820000022014B1A707047A72A01204B79002003
:10483000FF2B0BD18B79002B08D1CB79012B05D124
:10484000082A03D9024B8A7809301A707047C0468B
:10485000A72A01200120704710B5012901D00120AD
:1048600010BD14495379107909781B0203430020C5
:104870009942F5D15378012B08D0022BF0D10020BA
:1048800064220021FCF7F6FF0120E9E7D178907857
:104890000902014380200A0040000240014206D084
:1048A000CA091A40480A03231940FDF76BF8012092
:1048B0004042F8E7A72A012000487047F8AA0010F4
:1048C00070B5050014000120012909D1537800209A
:1048D000012B05D1637912791B021343072B00D0FA
:1048E00070BD21002800024A9F3300F0E9FEF7E77F
:1048F00050AA001001230370004870471CAB001041
:104900004B780A781B0213438A7810B512041A43B5
:10491000CB781B0613439622D200934200D010BDE1
:104920000022012011004042FDF72CF8F8B500F0FC
:1049300035F90C23194DFF22AB6705201849FCF708
:104940004FF8184C402200212000FDF713FE4027AD
:10495000002301262121144A66702783A260136078
:1049600063545F31618445396354104A1049636070
:10497000E2602787A1620B606362E26205F0C0FB20
:1049800080239B052E64EB6490230A4A0120EA50A1
:104990008022094B5202DA64F8BDC0460000115073
:1049A000E1040020901E00208400105000011050EF
:1049B0008000105010D001000020115010B50121CE
:1049C0000520FBF7ABFF10BD10B500220021024807
:1049D00000F004F910BDC046B01E0020044B197051
:1049E000002904D080219023024A8902D1507047C7
:1049F000A22A0120002011500B785B0602D14B78CF
:104A0000052B00D070478A78014B1A60FAE7C04640
:104A100000001150F0B5C646CB7800B59B079C0F3F
:104A20002000012C56D08D780A794B797F211B020A
:104A30002940EE0913434A0094462C4F9219520123
:104A4000BA18957001257540557000255B055B0D02
:104A5000D5701383D476CA00012E2BD0244CA046E7
:104A60008C0142443C19A260156000292BD0214AD8
:104A7000C9009046414461603F223F33934302287E
:104A800030D032001C4C624421685201BF181B4ACE
:104A9000CB18F9602360934226D8194A83064A400E
:104AA00013438022120613437A681360012080BCEE
:104AB000B846F0BD134CA0468C0142443C19A2629A
:104AC0001560002908D100237601BE1973600E4BD2
:104AD000F360EBE70020EAE7094AC9009046414449
:104AE0006162C9E75B00CCE7FCF776FF901E00200F
:104AF000840010500400105098220020FF0F105026
:104B000000001050800010500001105010B505F04A
:104B1000F7FA10BD10B57F200C0020404000E409DA
:104B2000110000191A00034B4001C01800F056F89C
:104B3000012010BD901E00207F23180010B50840F2
:104B4000CA090B4203D107497D3B9B1A8B66400083
:104B500080188022044B40010021C018120105F08A
:104B6000EFFA10BD00201150901E00207F2213008C
:104B700010B50B400A4200D110BDC9095B005B189B
:104B800004485B01C018002300220349C37005F0EC
:104B9000D7FAF1E7901E0020FFF7FFFF80220A4BB3
:104BA000520410B51A60094B09491A6010000B68CD
:104BB0009843FBD18022002152010648FDF7DAFC20
:104BC0000922054B5A6710BD00E0004000F000408C
:104BD00008C000400000105000001150002310B524
:104BE000C3820133828283760161040005F058FAA2
:104BF000002804D080219023074A8902D150200048
:104C000005F056FA002802D00123237710BD2000BA
:104C100005F08EFAFAE7C046002011507047C046F2
:104C20007047C04600207047002070477047C0465C
:104C30007047C0467047C0467047C046024B587820
:104C4000431E9841C0B27047041C0020024B1878E4
:104C50004007C00F7047C046041C0020F0B5D64680
:104C60004F464646C0B52F4B07009A461B780E00AC
:104C7000FF2B01D0012041E000293ED00021542229
:104C80002948FDF777FC0022284C294B20001A7098
:104C9000FCF73EF8274B1C60274C2000143CFCF727
:104CA00045F8200001F0B6FB244B254D1C60254B38
:104CB000002B28D02800FFF71DFE234B18602B780F
:104CC000224A00249146204A90460EE043461B6843
:104CD00062019B18002B10D05B68002B0DD0984709
:104CE00001342B78E4B2A3420FD3A342EED8E31AE7
:104CF0005B014B445B68002BF1D10020E0BCBA465D
:104D0000B146A846F0BD2B78DAE7534631003800AB
:104D10001F70FFF70BFE0028EFD03800FFF74EFEA4
:104D20000120EBE7F4100020041C0020FC1B0020F5
:104D3000A32A0120581C0020EC1000205C1C00203D
:104D4000A12A0120F5480010541A0020E4AB0010FD
:104D5000F0B5DE4657464E464546E0B5C94B91B0E4
:104D600003931B78FF2B00D145E1C74BC74E9B46F1
:104D70005F46C74B0DAC0293C64B019335686A6919
:104D8000EFF3108172B61368002BFCD0BFF35F8F76
:104D9000A9612800210001F06BF96A69AB69BFF3D2
:104DA0005F8F0021116083F31088002800D122E179
:104DB0006378082BE2D89B00FB589F466368002B62
:104DC000DCD0A0689847D9E77F222179B04D0A400E
:104DD0005300EB189846C809804440460123303000
:104DE00005799D430571057903339D430571002ABB
:104DF00000D107E14346A84A1B7D1278934200D3B5
:104E0000F7E0A64A5B011568ED18002D00D1F2E02D
:104E1000A36862792078AD69A847AFE7A04A137804
:104E2000002B00D1E7E01378013BDBB2137013785D
:104E3000002BA3D10122964D01212B78042013438E
:104E40002B703423EA5C8A43EA54EA5C8243EA54D6
:104E50000133EA5C8A43EA54EA5C8243EA542378E9
:104E600000209B4600F08CFC602223791A40602AC7
:104E700000D1F2E0402A00D1F8E0DB06DB0E012B86
:104E800000D115E1022B00D1CBE0002B00D0E4E0F3
:104E9000202A00D10FE2002A00D0DEE06379092B3E
:104EA00000D9DAE07F4A9B00D3589F46784D2B7893
:104EB000DB0700D462E7FFF7BFFE5FE7029BDB780A
:104EC000DB0700D45AE76068FFF7AAFE56E7704D8B
:104ED0002B78DB0700D451E728780007C00FFFF7D5
:104EE000A9FE4BE723786B4A994693466A4B6B4A77
:104EF000984692463A00002547461B78B0464E46F3
:104F000091460EE053461B686A019B18002B00D1A6
:104F10007EE0DB683000984701353B78EDB2AB426C
:104F20000CD3AB42EED8EB1A5B015B44DB6830007C
:104F3000984701353B78EDB2AB42F2D2544D542242
:104F400000212800FDF716FB1022FF21281DFDF788
:104F500011FB28002022FF21143046464F46FDF762
:104F600009FB00F003FC2379AB7007E723784B4A79
:104F70009946494B924698463200BB464E4600251C
:104F8000474691461B780DE053461B686A019B1803
:104F9000002B41D0DB683000984701353B78EDB2FB
:104FA000AB420ED39D42EFD3019AEB1A94465B01BC
:104FB0006344DB683000984701353B78EDB2AB4283
:104FC000F0D2029D542200212800FDF7D3FA1022CE
:104FD000FF213548FDF7CEFA28002022FF211430AA
:104FE0004E465F46FDF7C6FA00F0C0FBFFF720FE15
:104FF000C4E6934213D011B0F0BCBB46B246A946FA
:10500000A046F0BDA3686279207800F0CDFBB5E63C
:1050100046464F461E4DA4E74E465F46E4E71D4D0B
:10502000F6E67023217A0B4217D1C80982460F3366
:105030000B405B0098461848EB1853441B7D0078E2
:10504000834260D215485B01006881469944002A7A
:1050500000D14FE14B46002B5DD120780021FFF7B6
:105060006BFD80212078FFF767FD87E60F4800F091
:1050700087FB012158460EAAFFF722FC002800D02A
:105080007CE6EAE7F41000203CAB00105C1C00203A
:10509000041C0020E4AB0010A12A0120541A0020B7
:1050A000A32A012060AB0010081C0020C14800109A
:1050B000237A0F2BD1D8D64AEB181B79127893425A
:1050C00034D3CAD1D34D686900F05AFB0121584648
:1050D0006B690EAA9847002800D04FE660221500A1
:1050E00023791D401A42B8D163790A3B012BB4D809
:1050F00000F046FB63790A2B00D17FE158460EA9E8
:1051000000F0C8FA3AE6834200D0EEE0C14B99467F
:10511000002A00D1EEE04B46586900F031FB4B46C7
:10512000012158465B690EAA9847A7E7BA4A5B0176
:105130001568ED18002DC6D18FE7A37999466B78D5
:105140009945DBD06B78002B00D02AE14B466B7081
:10515000002B00D122E148460138C0B2FFF724FA03
:10516000002800D174E143780793022B00D06FE14F
:105170000122C179B1468B11491113400A403021F7
:1051800012015B0113432A78A8468A4313432B700C
:1051900009239A4682445646BA46C37882781B024F
:1051A0001343C31805939A4B04939A4B08939A4B55
:1051B00009939A4B0A93059BB34200D84BE173784D
:1051C00001220B2B03D13378F278F6187378042B75
:1051D00000D03AE1059B00279B1B9BB20693049BE2
:1051E0000B921D7819E0099A7B011568ED18002DC6
:1051F00000D12AE1310058462B69069A9847844627
:10520000082803D9069A824200D30BE1049B013798
:105210001D78FFB2BD4200D217E1AF42E3D3089B35
:105220007D1B9C466D016544E4E76B780CAA023255
:105230001370584601230EA900F042FA9EE5E38858
:105240001A0AD8B20F2A00D907E775499300CB583C
:105250009F460EA800F09AFA5846A179FFF7B4FBD2
:1052600002222B7813432B7088E5E388012B00D0B2
:10527000F3E608222B78584693430EA92B7000F0D2
:1052800009FA7BE5022029780CAB9A1C8B06890869
:10529000DB0F01400B431380584602230EA900F098
:1052A0000FFA6BE5E388012B00D0D6E608222B78B5
:1052B00013432B7022E7237A0F2B00D9CDE6544AF3
:1052C000EB181B791278934228D2534A5B01156878
:1052D000ED18002D00D1C0E6686900F051FA0121F7
:1052E00058466B690EAA9847C8E6002A00D0B4E673
:1052F0000023994662790220130004928343012B14
:1053000011D0002A00D0A8E62B0043445344303388
:105310001B790CAA9B07DB0F0232BCE7934200D03B
:105320009BE63C4DD8E7E388002B12D1039B18780D
:10533000049B012B23D0FFF7FFFB43460221EB1810
:10534000534430331A790A4301211A711A790A43F6
:105350001A714B46002B00D110E5586900F010FA85
:105360004B4601215B690EAA58469847002000F081
:1053700007FA3523EB5CDB0700D5FFE4BEE6FFF759
:10538000F5FB43460221EB18534430331A798A4324
:105390001A711A7904998A431A71DAE7FFF748FCFF
:1053A000ACE600215846FFF719FB5846FFF7AEFB65
:1053B00000229246174AAB780592174A0493069248
:1053C0002A00134B5546984692461B780EE0069BE2
:1053D0006A011B689B18002B56D0DB68584698471B
:1053E000434601351B78EDB2AB4239D3AB42EED820
:1053F000059AEB1A94465B016344EEE70CAB9A1CEA
:10540000584601230EA9157000F05AF9B6E4C046BB
:10541000A12A0120E4AB0010541A0020181C00201F
:1054200088AB00100B9A012A4DD0002A3CD00023F3
:10543000B07804E00133DBB20F71934234D2C1186B
:10544000C9B241440D79FF2DF4D04E46454657462A
:1054500000236B7001E64E465746FFF7E7FB4DE62B
:105460005546542200212800FDF784F81022FF2120
:10547000281DFDF77FF828002022FF211430FDF7BA
:1054800079F8049BAB7061E65546FAE7FFF714FA2A
:10549000021E00D1E1E5D37891781B020B435846F8
:1054A0000EA900F00DF9E9E565463B0031002A0040
:1054B0000A9800F059FDAC46049B66441B78BB4239
:1054C00000D378E6C1E7174B29699942AFD1079A13
:1054D000ADE7FFF7A7FB021E00D1BEE558461378E3
:1054E0000EA900F0EDF8C9E52189FFF761F8021E69
:1054F000F4D1B2E5022A0FD0FFF796FB021ECAD103
:10550000ABE5FFF74DF8021E00D1A6E51223584681
:105510000EA900F0D5F8B1E5FFF746F8021EBAD1A2
:105520009BE5C0468D5B0010F8B557464E46DE46FB
:1055300045460C00E0B516001F00002A3CD01F4B6A
:1055400000259A46702399461D4B9B4617E05B4603
:105550002000997800F0CAFC00281FD021004046A6
:10556000FFF758FA002819D0A378DA09012A1CD0CD
:105570000A9A013513702378E418B5421CDA63786F
:10558000052B0BD1E3789B079B0FBB4206D15346FB
:105590004A461B789846A3781A42D8D00020F0BC1F
:1055A000BB46B246A946A046F8BD0B9A013513701A
:1055B0002378E418B542E2DB0120F0E7F410002084
:1055C000041C0020702270B5094B0C001D788B78EC
:1055D0001A4201D0002070BD064B2000997800F0DF
:1055E00085FC0028F6D021002800FFF713FAF2E727
:1055F000F4100020041C00200B007F2010B5184080
:10560000DB0934334000044AC018044B1168C01849
:1056100000F028FC10BDC046581C0020041C0020CF
:105620000B007F2010B51840DB0934334000044ADA
:10563000C018044B1168C01800F03CFC10BDC046F7
:10564000581C0020041C002070B57F240F480C401B
:1056500064000419CD09641930342079C00701D5DC
:10566000002070BD01262579094835430078257151
:10567000FFF750FA0028F4D10122237993432371D4
:105680002379033293432371EAE7C046041C0020C8
:10569000F410002070B5094C0600082220000D000F
:1056A000FCF76EFF00238021E360A3602B783000BD
:1056B000994300220023FFF7C7FF70BDE41B0020C1
:1056C000F8B5CE4647469046264E80B5814608221C
:1056D00030000D001F00FCF753FF4346B36000236A
:1056E000F381EC79AB7924021C43231CBC4200D922
:1056F0003B1C9FB2B381002C0ED0002F18D0434624
:10570000002B2CD03B1C402F1BD89FB233787F2B13
:105710001CD80021144A0FE080212B7800229943E5
:1057200048460023FFF790FFC0BCB946B046F8BD1D
:105730007F230022317899433B004846FFF784FFDE
:10574000F2E740239FB233787F2BE2D9064C3A0030
:1057500041462000FCF714FF80212200ECE70020E6
:10576000E2E7C046E41B0020A41B002010B5142271
:1057700000210248FCF7FEFE10BDC046E41B0020DD
:10578000014B18617047C046E41B002010B5054C62
:10579000010008222000FCF7F3FE0023A360E36071
:1057A00010BDC046E41B002070B5384C1D002378A6
:1057B0000600DA09C9098A4210D00020002D00D065
:1057C00070BD21003000FFF717F92369002B03D0CB
:1057D00022000321300098470120F1E7A0687F2BC9
:1057E00005D8002834D02A002949FCF7C9FEE289EF
:1057F000A1685219E38892B24919E281A1609342EB
:1058000014D03F2D12D9A389981A051C80B24028C4
:105810002AD82078ADB27F2828D800219A4232D0E9
:105820001B4A2B003000FFF70FFFC9E72369002B4D
:1058300005D0220002213000984700280AD080219C
:1058400023780022994330000023FFF7FDFEB7E7DD
:105850000020B5E700213000FFF76EF9300080210D
:10586000FFF76AF90120ABE74025D2E79A4207D05B
:10587000074C2A002000FCF783FE80212200D0E79D
:1058800080210022CDE70022CBE7C046E41B0020A8
:10589000A41B002070B50500FFF7D0F9002800D147
:1058A00070BDFFF7D3F90028FAD1C8236B43124C1F
:1058B000E618F1780029F3D010331C19200000F00D
:1058C000C1FB3F28ECD90020F178FFF795FE0028B6
:1058D000E6D0200000F0B6FB3F2808D9074BEA01CC
:1058E000D218F17840230020FFF7AEFED8E7F17818
:1058F0000020FFF795FED3E7DC1A0020581A00209D
:1059000010B50400FFF79AF9002801D1002010BD5E
:10591000FFF79CF90028F9D1C8226243024B0130FD
:105920009B181B791840F2E7DC1A0020C82310B539
:1059300043430248181800F067FB10BDEC1A002022
:10594000F0B5C824C646802344431F4F10340500D9
:1059500000B53C195B029A4200D31C4A200092B267
:1059600000F0D4FB8046FFF769F9002803D14046D8
:1059700080BCB846F0BDFFF769F90028F7D1C8260A
:105980006E43BE19F378002BF1D0200000F05AFBD3
:105990003F28ECD90020F178FFF72EFE0028E6D052
:1059A000200000F04FFB3F2808D9094BEA01D2182C
:1059B000F17840230020FFF747FED8E7F178002078
:1059C000FFF72EFED3E7C046DC1A0020FFFF0000E1
:1059D000581A0020F8B50600FFF730F9002801D169
:1059E0000020F8BDFFF732F90028F9D1C82474432C
:1059F0002500134F2435ED19280000F005FB002881
:105A0000EED03F190020B978FFF7F6FD0028E7D067
:105A10000C4BF401E41821002800402200F076FB32
:105A2000B978051E08D0030022000020FFF70CFE05
:105A30000028D5D02800D4E70020FFF7F1FDCFE7FC
:105A4000DC1A0020981A002070B5C82444430C4B7F
:105A50000500E41880235B029A4200D3094A200023
:105A600092B200F01BFC0600200000F0CDFA3F28A7
:105A700001D8300070BD2800FFF7ACFFF9E7C04641
:105A8000001B0020FFFF0000C82310B5434302485D
:105A9000181800F0D7FA10BD001B0020F0B5002543
:105AA000184C83B0C82200212000FCF763FD164B80
:105AB00021001D70FF236371E1235B02A3602000BE
:105AC00008234022A37338310095073B103000F0C3
:105AD00065FA2700012321002000260040227831AA
:105AE0000093B837243000F059FAC0363800FBF77D
:105AF0000FF93000FBF70CF9E56127622663656357
:105B000003B0F0BDDC1A0020D81A00200B4B196B33
:105B100000290AD01A6A002A0DD000221A621A63DC
:105B2000DA6100225A63012070471A6A002AFAD00B
:105B3000D9611962F7E71A63F3E7C046DC1A00205F
:105B400070B50F4C052200212000FCF713FD0D4D10
:105B50002B78DA0707D50C4C9B070CD501212000C8
:105B600000F078FC70BD2000103000F053FC2B7862
:105B7000054C9B07F2D4200000F04CFCEEE7C04639
:105B8000DC1A0020D81A0020001B0020F0B54B7949
:105B9000060083B0022B02D18B79022B03D00025A3
:105BA000280003B0F0BD214FBB78002BF7D18B78D4
:105BB00009253B700C780C196378242B0BD1082A2B
:105BC00002D80FE0AA420DD32378E4185D19637858
:105BD000ADB2242BF6D0052B08D0042B02D163796B
:105BE0000A2B11D00020FFF755FED9E72100300025
:105BF000FFF7E8FC0028D2D0A3787B7023785D19EA
:105C0000E4186378ADB2E8E7094B277801930133D4
:105C10000093022202233000E119FFF785FC0028DF
:105C2000BDD00E35ED19ADB2DCE7C046DC1A002060
:105C3000DE1A0020F8B56023140012780500134026
:105C40000020202B07D1304A6379277916781B0270
:105C50003B439E4200D0F8BD6378222B1AD007D870
:105C6000202B34D0212BF6D101293ED00120F2E7A0
:105C7000232BF0D1012940D00329F7D1234B002B4E
:105C8000F4D0E178A37809020020194300E000BFB6
:105C90000120E0E7012930D00329E7D101252E00BA
:105CA000A378E478023924021C431471264024327C
:105CB0001000714000F0CEFB154B002BD6D06208CF
:105CC000002031002A4000E000BF0120C3E7012985
:105CD0000BD00329CAD10F4B002BC7D008320020AC
:105CE0001100FEF70DFE0120B5E707232100280073
:105CF000094AFFF7E5FC0120ADE721002800FFF786
:105D0000C9FC0120A7E7C046DC1A00200000000003
:105D10000000000001490010E41A0020F0B54F46D1
:105D20004646D646364DC0B5EA781F0080460C0080
:105D3000AB788A423BD08B4210D00020E0BCBA4600
:105D4000B146A846F0BD2F4B002B04D02E4800F0E2
:105D500071F9002851D00020FFF79CFDAB78A342D9
:105D600001D00120EAE7294B002B02D0002000E0FF
:105D700000BF0020FFF72EFE0028F2D1244C2000A7
:105D800000F042F90028ECD1002FEAD0BF06E8D19C
:105D9000243C4046A178FFF72FFC0028E1D00023E7
:105DA00000224046A178FFF74FFC0120C6E71023F0
:105DB0009A46184EAA4431005046BAB200F06EFA24
:105DC000154B002BBFD06B79FF2BBCD0002FBAD066
:105DD000F219914603E00136B145B4D06B793278BF
:105DE0009A42F8D1504600F025F90028F3D15346E5
:105DF000103B597900E000BFEDE700E000BFAAE7E3
:105E0000DC1A002000000000EC1A00200000000056
:105E1000001B0020581A00200000000000B50300FD
:105E200083B0002910D00020012B07D80A78002A5F
:105E300004D00B48C2540120012A01D003B000BD98
:105E40001800FEF70BFFF9E7012301A900200B80E2
:105E5000FEF704FF0028F1D00122014B1A70EDE794
:105E6000F81B0020037870B5DB0704000E00DD0F7F
:105E7000002B17D103785B0701D5280070BD0121E5
:105E80003000494204F024F92378DB07DD0F002BB2
:105E90000AD123785B0708D4042223780125134311
:105EA000237002E00025E8E70025300004F0E8F860
:105EB000E3E7C04670B50C0001210600494220000E
:105EC00004F006F933785B07DD0F002B04DB2000BC
:105ED00004F0D6F8280070BD3378DB0704D4042220
:105EE000337893433370F2E70025F0E74379027982
:105EF0001B021343C2785B0592075B0D920F022AC7
:105F00001DD0032A0CD00020012A08D102394A42B0
:105F10005141124A9446614499424041C0B270478F
:105F200002394A1E91410E4A494211408022D20054
:105F300094460020614499424041C0B2EFE70229F3
:105F400005D0002040229A424041C0B2E7E7054A0E
:105F5000981843425841C0B2E1E7C046FF03000031
:105F600040FCFFFF00FEFFFF8A1870B5914207D288
:105F70007F264C78052C04D00C7809198A42F8D871
:105F800070BD34008D782C4064000419ED09635510
:105F90000C7809198A42ECD8F2E7C046F0B5C6463B
:105FA00000B5040006A805788020884617001E006A
:105FB0000002824226D8E068002803D0012149422D
:105FC00004F086F82069002803D00121494204F03A
:105FD0007FF84346236073045B0CED031D430023ED
:105FE000E0686381A780E5802381002801D004F068
:105FF00047F82069002801D004F042F8012080BC55
:10600000B846F0BD0020FAE710B5048941898288BE
:10601000A3B288B28C4207D31B1A9BB2101C9A42BF
:1060200000D9181C80B210BD5100091A5B189BB230
:10603000F4E7C04603894089181A43425841C0B268
:106040007047C04610B5048941898288A3B288B2DE
:106050008C4207D31B1A9BB200209A4201D9D21A54
:1060600090B210BD5100091A5B189BB2F4E7C0460C
:1060700070B5040000690E00002803D001214942D8
:1060800004F026F825896089A288A9B283B28542E6
:106090002CD3CD1AADB2002D2ED0AA4208D29142F7
:1060A00030D3891A8BB263819A4203D89B1A9BB270
:1060B0009A42FBD9E28821685204520C53433000C3
:1060C000C918FCF75DFA63890125591C89B2A288B9
:1060D0008B4213D900215200891A89B2206961814B
:1060E000002801D003F0CCFF280070BD5500ED1A48
:1060F0004D19ADB2002DD0D1618989B252009142C3
:10610000ECDBE9E789188BB26381CDE7F0B5464651
:106110004F46D646C0B5060000698946904600281D
:1061200003D00121494203F0D3FF31897289B58838
:106130008BB294B2914254D31F1BBFB2002F4AD0EE
:10614000BD4205D2AB4251D25B199CB22F00748183
:106150004346B8453DD89FB2A54203D8641BA4B2BC
:10616000A542FBD9F28831685204520C9046624332
:106170002B1B9BB2891842469F4225D953439BB2A1
:106180001A0048469A46FCF7FBF9434648467D1BF1
:1061900064195C4331685044A2B2FCF7F1F971898B
:1061A000B588CB199BB26A00994216D99B1A9BB24B
:1061B00030697381002801D003F062FF3800E0BC31
:1061C000BA46B146A846F0BD48467A43FCF7D8F92E
:1061D000E5E73B1CBFE773899BB26A009342E7DBAC
:1061E000E4E76F003F1BDF19BFB2A7E75B1B9CB260
:1061F000ACE7C046F8B50400C0680E00002803D024
:106200000121494203F064FF258920896189A28820
:10621000ADB283B28FB2884229D3DB1B9BB29A42C4
:1062200009D8E779FF0906D1E068002801D003F01A
:1062300027FF3800F8BD95421ED32B009B1A9BB256
:106240009342FBD2E28820685204520C534331003F
:10625000C018FCF795F96B1C9BB2A2889D4218D917
:10626000002352009B1A9BB201272381DCE75100D7
:10627000C91B5B189BB2D2E72B00E288206852044E
:10628000520C53433100C018FCF77AF90135A2884B
:10629000ABB252009342E7DBE4E7C046F0B55746A5
:1062A0004546DE464E46E0B5140005000F0083B0BB
:1062B000002A75D0C068002803D00121494203F0AC
:1062C00007FF2E89E9796A89AB88B6B292B2C9090B
:1062D00045D1964200D36DE059008A1AB21892B2A5
:1062E000002189469A4234D29A1A111C92B2A242D3
:1062F00000D9211C8AB29146EA885204520C904679
:106300004A46B21892B292464A46D21A92B293467E
:1063100034009E4203D3E41AA4B29C42FBD242460C
:10632000624328681B1B9BB2801842464B4554D3DE
:106330004B4639005A43FCF723F9AB885B005645BE
:1063400001D89A4503DB5246D31A9BB29A4653466C
:106350002B81E868002825D003F092FE22E0E9882E
:106360004904490C88469C4227D2964247D3B11A29
:1063700089B28C465800E11A89B28B4661460919E8
:10638000814208DBD11889B20E1BB6B28A46B242EE
:106390003BD9361AB6B2A21992B29246A146B7E7D5
:1063A00000239946484603B0F0BCBB46B246A94616
:1063B000A046F0BDB21A92B292E700218946002BA6
:1063C000C7D04146E41A4C431600D118002289B2C6
:1063D0008A46994693463F199AE753439BB21A005F
:1063E00039005C440193FCF7CBF8414622004A4354
:1063F000019B286892B2F918FCF7C2F89DE7580093
:10640000811A711889B28C46B5E7A146B04200DD09
:106410007EE7BEE710B50400C068002803D0012164
:10642000494203F055FE2069002803D0012149426A
:1064300003F04EFE0023E06863812381002801D031
:1064400003F01EFE2069002801D003F019FE012090
:1064500010BDC04670B50400C0680D00002803D010
:106460000121494203F034FE2069002803D00121B4
:10647000494203F02DFE7F21E379ED011940E068E8
:106480002943E171002801D003F0FAFD20690028BA
:1064900001D003F0F5FD012070BDC0460022014B84
:1064A0005A6070474C1A0020494A030094466344DE
:1064B0005A1E93418022F0B54E46DE465746454669
:1064C00092029446E0B55B421B0C424A1B046344B3
:1064D00085B002901360404A0E00404913601800D6
:1064E0000A689043FBD10620FBF76CF9022302995E
:1064F00004008C464A6801901A4003920A1D904697
:10650000374AF10D624491461360700200295AD156
:10651000A04258D8802464000227A246B446B30D96
:10652000B20204E0019E96420AD322002B000237F9
:10653000574505D004000D00A4185D41002BF1D093
:106540006646019B80259A46B3463C02E41B6D00DB
:106550002E00013D002D38D021005046FBF78EFB68
:10656000E41B8345F4D2310079432D02029CFF22C3
:106570008026A4462761236812026B407601664498
:10658000134033608023039A9B0143441A604D46B5
:106590000222072760682A60256810406F40CF25D7
:1065A0003D40356018600F488446032064442060F5
:1065B00001981A60FBF762FB05B0F0BCBB46B2461F
:1065C000A946A046F0BD0227BBE73900CEE7C0468A
:1065D0000000FCBF00E0004000F0004008C00040A8
:1065E0000430000024200000F0B5DE4657464E4639
:1065F00045468346E0B5062083B08A46FBF7E2F8BD
:106600005B465A6802231A4000925A4604320192AD
:106610002B4A81465A4413605346DF0D5E02002F19
:1066200048D1864246D851468A0202219B0D8846AF
:10663000FE3103E091450CD322002B00022084465A
:10664000E044884505D034003D00A4185D41002B8E
:10665000F0D0434680241D02ED1A64002600013C60
:10666000002C2AD029004846FBF708FB4346ED1AC8
:106670005045F3D94146714324025B4642461A61B4
:106680001A68FF2362401B021A4080235B015B44AF
:106690001A60802292019446019B009A6344484606
:1066A0001A60FBF7EBFA03B0F0BCBB46B246A94652
:1066B000A046F0BD02239846CBE74146DDE7C04641
:1066C0000430000088230A4A0A49D1500A4B1A684C
:1066D00083001B185B0453401B0C084A1B04136007
:1066E000074B1A6801239343064A13607047C0465C
:1066F000000005401027000084000540841005407C
:10670000780005407810054070B5634C2378522B13
:1067100000D18CE0072800D96DE0604B42009E5C00
:106720005F4B9D5C032800D9B1E0F021A022490015
:1067300052005C4B18715980082000211A8002F029
:106740008BFF0021092002F087FFB62002F0DEFF58
:106750000121092002F080FF237801210820522B1B
:106760005ED002F079FF0920002102F075FF0020C1
:1067700002F0CCFF002002F0C9FF0121092002F045
:106780006BFF237801210820522B42D002F064FFD6
:106790000920002102F060FF002002F0B7FF300066
:1067A00002F0B4FF0121092002F056FF0021082069
:1067B00002F052FF0021092002F04EFF362002F0C5
:1067C000A5FF0121092002F047FF237801210820BD
:1067D000522B17D002F040FF0920002102F03CFFAD
:1067E000002002F093FF280002F090FF0121092011
:1067F00002F032FF70BDA021F022002600254900E2
:10680000520096E702F028FF0021092002F024FF41
:10681000E9E702F021FF0021092002F01DFFBEE799
:1068200002F01AFF0021092002F016FFA2E71D4B1B
:106830001D4A1871002108201A6002F00DFF002186
:10684000092002F009FF362002F060FF0121092033
:1068500002F002FF237801210820522B10D002F011
:10686000FBFE0920002102F0F7FE002002F04EFF9F
:10687000002002F04BFF0121092002F0EDFEB9E7F4
:1068800002F0EAFE0021092002F0E6FEF0E7A02176
:10689000F022490052004CE7A52A012004AC001068
:1068A00014AC00103C290120F0004001F0B50500B7
:1068B00083B00F200E00012102F0CEFEFA2040002E
:1068C00002F046FF00210F2002F0C6FEFA20400031
:1068D00002F03EFF01210F2002F0BEFEFA20400030
:1068E00002F036FF6B469F1D0023002109203B70FC
:1068F00002F0B2FE0021082002F0AEFEDC2002F021
:1069000005FF6B46DC1D220001233900F44803F02B
:1069100007FC0121092002F09FFE2378F14C0021A1
:1069200008202370522B01D100F026FC02F094FEC7
:106930000021092002F090FE212002F0E7FE012153
:10694000092002F089FE0021082002F085FE0021C6
:10695000092002F081FEC22002F0D8FE01210920A8
:1069600002F07AFE237801210820522B01D100F099
:10697000EFFB02F071FE0920002102F06DFE002005
:1069800002F0C4FE332002F0C1FE0121092002F012
:1069900063FE0021082002F05FFE0021092002F0C2
:1069A0005BFEC52002F0B2FE0121092002F054FE78
:1069B000237801210820522B01D101F0ECF802F0DC
:1069C0004BFE0920002102F047FE002002F09EFE4F
:1069D000002002F09BFE0121092002F03DFE2378F9
:1069E00001210820522B01D101F0CDF802F034FE34
:1069F0000920002102F030FE002002F087FE1E2058
:106A000002F084FE0121092002F026FE23780121F4
:106A10000820522B01D101F0DEF802F01DFE092002
:106A2000002102F019FE002002F070FE802002F02A
:106A30006DFE0121092002F00FFE0021082002F066
:106A40000BFE0021092002F007FEB12002F05EFEDD
:106A50000121092002F000FE237801210820522B99
:106A600001D101F0B0F802F0F7FD0920002102F099
:106A7000F3FD002002F04AFEB02002F047FE0121A3
:106A8000092002F0E9FD0021082002F0E5FD0021C7
:106A9000092002F0E1FD362002F038FE0121092034
:106AA00002F0DAFD237801210820522B01D101F0F8
:106AB00082F802F0D1FD0920002102F0CDFD002076
:106AC00002F024FE282002F021FE0121092002F01C
:106AD000C3FD0021082002F0BFFD0021092002F0C3
:106AE000BBFDE02002F012FE0121092002F0B4FDFE
:106AF000237801210820522B01D101F054F802F033
:106B0000ABFD0920002102F0A7FD002002F0FEFDF0
:106B1000002002F0FBFD0121092002F09DFD2378F9
:106B200001210820522B01D101F095F802F094FDCB
:106B30000920002102F090FD002002F0E7FD132063
:106B400002F0E4FD0121092002F086FD23780121F5
:106B50000820522B01D101F076F802F07DFD0920CA
:106B6000002102F079FD002002F0D0FD182002F093
:106B7000CDFD0121092002F06FFD237801210820BD
:106B8000522B01D101F057F802F066FD09200021D7
:106B900002F062FD002002F0B9FD042002F0B6FD13
:106BA0000121092002F058FD237801210820522BF1
:106BB00001D101F038F802F04FFD0920002102F068
:106BC0004BFD002002F0A2FD0F2002F09FFD0121ED
:106BD000092002F041FD237801210820522B01D128
:106BE00001F019F802F038FD0920002102F034FD0F
:106BF000002002F08BFD062002F088FD0121092013
:106C000002F02AFD237801210820522B01D100F047
:106C1000FAFF02F021FD0920002102F01DFD0020F5
:106C200002F074FD3A2002F071FD0121092002F00A
:106C300013FD237801210820522B01D100F0DBFF46
:106C400002F00AFD0920002102F006FD002002F0FA
:106C50005DFD562002F05AFD0121092002F0FCFCE6
:106C6000237801210820522B01D100F0BCFF02F053
:106C7000F3FC0920002102F0EFFC002002F046FDA9
:106C80004D2002F043FD0121092002F0E5FC2378AC
:106C900001210820522B01D101F05DF802F0DCFC4B
:106CA0000920002102F0D8FC002002F02FFD032073
:106CB00002F02CFD0121092002F0CEFC23780121F5
:106CC0000820522B01D101F03EF802F0C5FC09204A
:106CD000002102F0C1FC002002F018FD04E0C046D3
:106CE00000000440A52A01200A2002F00FFD012126
:106CF000092002F0B1FC237801210820522B01D198
:106D000001F019F802F0A8FC0920002102F0A4FC0F
:106D1000002002F0FBFC062002F0F8FC0121092013
:106D200002F09AFC237801210820522B01D100F0B7
:106D3000FAFF02F091FC0920002102F08DFC0020F6
:106D400002F0E4FC302002F0E1FC0121092002F015
:106D500083FC237801210820522B01D100F0DBFFB6
:106D600002F07AFC0920002102F076FC002002F0FB
:106D7000CDFC3E2002F0CAFC0121092002F06CFC8F
:106D8000237801210820522B01D100F0BCFF02F032
:106D900063FC0920002102F05FFC002002F0B6FC39
:106DA0000F2002F0B3FC0121092002F055FC002164
:106DB000082002F051FC0021092002F04DFCE120E6
:106DC00002F0A4FC0121092002F046FC23780121F5
:106DD0000820522B01D100F08EFF02F03DFC09206B
:106DE000002102F039FC002002F090FC002002F0AB
:106DF0008DFC0121092002F02FFC237801210820BD
:106E0000522B01D100F06FFF02F026FC0920002177
:106E100002F022FC002002F079FC132002F076FC44
:106E20000121092002F018FC237801210820522BAF
:106E300001D100F050FF02F00FFC0920002102F008
:106E40000BFC002002F062FC182002F05FFC012124
:106E5000092002F001FC237801210820522B01D1E6
:106E600000F031FF02F0F8FB0920002102F0F4FBF2
:106E7000002002F04BFC012002F048FC0121092017
:106E800002F0EAFB237801210820522B01D100F007
:106E900012FF02F0E1FB0920002102F0DDFB0020DF
:106EA00002F034FC112002F031FC0121092002F033
:106EB000D3FB237801210820522B01D100F0F3FEEF
:106EC00002F0CAFB0920002102F0C6FB002002F0FC
:106ED0001DFC062002F01AFC0121092002F0BCFB77
:106EE000237801210820522B01D100F0D4FE02F0BA
:106EF000B3FB0920002102F0AFFB002002F006FCEA
:106F0000382002F003FC0121092002F0A5FB2378C0
:106F100001210820522B01D100F0B5FE02F09CFBAC
:106F20000920002102F098FB002002F0EFFB342042
:106F300002F0ECFB0121092002F08EFB23780121F5
:106F40000820522B01D100F096FE02F085FB0920AB
:106F5000002102F081FB002002F0D8FB4D2002F05E
:106F6000D5FB0121092002F077FB237801210820BD
:106F7000522B01D100F077FE02F06EFB09200021B8
:106F800002F06AFB002002F0C1FB062002F0BEFB0B
:106F90000121092002F060FB237801210820522BF7
:106FA00001D100F0D8FD02F057FB0920002102F0CA
:106FB00053FB002002F0AAFB0D2002F0A7FB0121E9
:106FC000092002F049FB237801210820522B01D12E
:106FD00000F0B9FD02F040FB0920002102F03CFB6B
:106FE000002002F093FB0B2002F090FB012109200E
:106FF00002F032FB237801210820522B01D100F04E
:107000009AFD02F029FB0920002102F025FB002057
:1070100002F07CFB312002F079FB0121092002F013
:107020001BFB237801210820522B01D100F07BFDAE
:1070300002F012FB0920002102F00EFB002002F0FA
:1070400065FB372002F062FB0121092002F004FBFE
:10705000237801210820522B01D100F08CFD02F091
:10706000FBFA0920002102F0F7FA002002F04EFBA3
:107070000F2002F04BFB0121092002F0EDFA002164
:10708000082002F0E9FA0021092002F0E5FA3A208E
:1070900002F03CFB0121092002F0DEFA23780121F5
:1070A0000820522B01D100F05EFD02F0D5FA092034
:1070B000002102F0D1FA002002F028FB552002F056
:1070C00025FB0121092002F0C7FA0021082002F067
:1070D000C3FA0021092002F0BFFA112002F016FBCA
:1070E0000920012102F0B8FA782002F031FB0021DA
:1070F000082002F0B1FA0021092002F0ADFA29209F
:1071000002F004FB0121092002F0A6FA8823144AA8
:107110001449D150144B321C1968FA239B009E422B
:1071200000D91A1C93009B185B044B400F4A1B0CA0
:107130001B0413600E4B28001A68012393430D4A69
:107140001360FFF7E1FAC82002F002FB03B0F0BDC4
:1071500002F082FA0021092002F07EFAFFF712FC09
:107160000000054010270000840005408410054001
:10717000780005407810054002F06EFA00210920E1
:1071800002F06AFA112002F0C1FA0121092002F08E
:1071900063FA642002F0DCFA0021082002F05CFAB5
:1071A0000021092002F058FA362002F0AFFA01213E
:1071B000092002F051FA237801210820522B01D135
:1071C00000F0D1FD02F048FA0920002102F044FA53
:1071D000002002F09BFA002002F098FA0121092019
:1071E00002F03AFA0021082002F036FA00210920C4
:1071F00002F032FA3A2002F089FA0121092002F065
:107200002BFA237801210820522B01D100F0F3FE44
:1072100002F022FA0920002102F01EFA002002F0FA
:1072200075FA552002F072FA0121092002F014FAD1
:107230000021082002F010FA0021092002F00CFAC7
:10724000B22002F063FA0121092002F005FA237846
:1072500001210820522B01D100F0C5FE02F0FCF9FB
:107260000920002102F0F8F9002002F04FFA0C206A
:1072700002F04CFA0121092002F0EEF923780121F5
:107280000820522B01D100F0A6FE02F0E5F90920FA
:10729000002102F0E1F9002002F038FA0C2002F09F
:1072A00035FA0121092002F0D7F9237801210820BD
:1072B000522B01D100F087FE02F0CEF90920002107
:1072C00002F0CAF9002002F021FA002002F01EFAB2
:1072D0000121092002F0C0F9237801210820522B56
:1072E00001D100F068FE02F0B7F90920002102F098
:1072F000B3F9002002F00AFA332002F007FA012164
:10730000092002F0A9F9237801210820522B01D18C
:1073100000F049FE02F0A0F90920002102F09CF9DA
:10732000002002F0F3F9332002F0F0F901210920E6
:1073300002F092F90021082002F08EF900210920C4
:1073400002F08AF9B72002F0E1F90121092002F0E8
:1073500083F9237801210820522B01D100F01BFE74
:1073600002F07AF90920002102F076F9002002F0FB
:10737000CDF9352002F0CAF90121092002F06CF99B
:107380000021082002F068F90021092002F064F9C8
:10739000BB2002F0BBF90121092002F05DF923783E
:1073A00001210820522B01D100F0EDFD02F054F92B
:1073B0000920002102F050F9002002F0A7F928204E
:1073C00002F0A4F90121092002F046F90021082069
:1073D00002F042F90021092002F03EF9C02002F03B
:1073E00095F90121092002F037F9237801210820BD
:1073F000522B01D100F0BFFD02F02EF9092000212F
:1074000002F02AF9002002F081F93C2002F07EF916
:107410000121092002F020F90021082002F01CF9C6
:107420000021092002F018F9C22002F06FF90121B1
:10743000092002F011F9237801210820522B01D1F3
:1074400000F091FD02F008F90920002102F004F992
:10745000002002F05BF9012002F058F90121092017
:1074600002F0FAF80021082002F0F6F800210920C5
:1074700002F0F2F8C32002F049F90121092002F0DC
:10748000EBF8237801210820522B01D100F063FD95
:1074900002F0E2F80920002102F0DEF8002002F0FC
:1074A00035F90B2002F032F90121092002F0D4F85D
:1074B0000021082002F0D0F80021092002F0CCF8C9
:1074C000C42002F023F90121092002F0C5F8237835
:1074D00001210820522B01D100F035FD02F0BCF84B
:1074E0000920002102F0B8F8002002F00FF9202056
:1074F00002F00CF90121092002F0AEF80021082069
:1075000002F0AAF80021092002F0A6F8C62002F035
:10751000FDF80121092002F09FF8237801210820BD
:10752000522B01D100F007FD02F096F8092000214E
:1075300002F092F8002002F0E9F80F2002F0E6F8DD
:107540000121092002F088F80021082002F084F8C7
:107550000021092002F080F8D02002F0D7F80121A4
:10756000092002F079F8237801210820522B01D15B
:1075700000F0D9FC02F070F80920002102F06CF84C
:10758000002002F0C3F8A42002F0C0F80121092075
:1075900002F062F8237801210820522B01D100F07B
:1075A000BAFC02F059F80920002102F055F8002039
:1075B00002F0ACF8A12002F0A9F80121092002F0A4
:1075C0004BF80021082002F047F80021092002F0C2
:1075D00043F8E02002F09AF80121092002F03CF87B
:1075E000237801210820522B01D100F08CFC02F0FD
:1075F00033F80920002102F02FF8002002F086F86D
:10760000D02002F083F80121092002F025F8237828
:1076100001210820522B01D100F06DFC02F01CF872
:107620000920002102F018F8002002F06FF8012074
:1076300002F06CF80121092002F00EF823780121F4
:107640000820522B01D100F04EFC02F005F8092071
:10765000002102F001F8002002F058F8082002F0A2
:1076600055F80121092001F0F7FF237801210820B6
:10767000522B01D100F02FFC01F0EEFF0920002178
:1076800001F0EAFF002002F041F80F2002F03EF87E
:107690000121092001F0E0FF237801210820522B6D
:1076A00001D100F010FC01F0D7FF0920002101F00A
:1076B000D3FF002002F02AF8112002F027F8012160
:1076C000092001F0C9FF237801210820522B00D1A5
:1076D000F2E301F0C1FF0920002101F0BDFF00200D
:1076E00002F014F82A2002F011F80121092001F01B
:1076F000B3FF237801210820522B00D1D5E301F0FC
:10770000ABFF0920002101F0A7FF002001F0FEFFE0
:10771000362001F0FBFF0121092001F09DFF2378B5
:1077200001210820522B00D1B8E301F095FF092078
:10773000002101F091FF002001F0E8FF552001F049
:10774000E5FF0121092001F087FF237801210820AE
:10775000522B00D19BE301F07FFF0920002101F0B3
:107760007BFF002001F0D2FF442001F0CFFF012178
:10777000092001F071FF237801210820522B00D14C
:107780007EE301F069FF0920002101F065FF002080
:1077900001F0BCFF3A2001F0B9FF0121092001F0FE
:1077A0005BFF237801210820522B00D161E301F017
:1077B00053FF0920002101F04FFF002001F0A6FF38
:1077C0000B2001F0A3FF0121092001F045FF2378E0
:1077D00001210820522B00D144E301F03DFF092094
:1077E000002101F039FF002001F090FF062001F098
:1077F0008DFF0121092001F02FFF237801210820AE
:10780000522B00D127E301F027FF0920002101F0CE
:1078100023FF002001F07AFF112001F077FF012102
:10782000092001F019FF237801210820522B00D1F3
:107830000AE301F011FF0920002101F00DFF0020F3
:1078400001F064FF202001F061FF0121092001F017
:1078500003FF0021082001F0FFFE0021092001F0B4
:10786000FBFEE12001F052FF0121092001F0F4FEAE
:10787000237801210820522B00D1DEE201F0ECFE3A
:107880000920002101F0E8FE002001F03FFFD02098
:1078900001F03CFF0121092001F0DEFE23780121E7
:1078A0000820522B00D1C1E201F0D6FE09200021B0
:1078B00001F0D2FE002001F029FF022001F026FF96
:1078C0000121092001F0C8FE237801210820522B54
:1078D00000D1A4E201F0C0FE0920002101F0BCFEAD
:1078E000002001F013FF072001F010FF0121092003
:1078F00001F0B2FE237801210820522B00D187E24B
:1079000001F0AAFE0920002101F0A6FE002001F0EE
:10791000FDFE0A2001F0FAFE0121092001F09CFE83
:10792000237801210820522B00D16AE201F094FE55
:107930000920002101F090FE002001F0E7FE0B205D
:1079400001F0E4FE0121092001F086FE23780121E7
:107950000820522B00D14DE201F07EFE09200021CB
:1079600001F07AFE002001F0D1FE182001F0CEFED9
:107970000121092001F070FE237801210820522BFB
:1079800000D130E201F068FE0920002101F064FE20
:10799000002001F0BBFE342001F0B8FE01210920D7
:1079A00001F05AFE237801210820522B00D113E266
:1079B00001F052FE0920002101F04EFE002001F0EE
:1079C000A5FE432001F0A2FE0121092001F044FEA2
:1079D000237801210820522B00D1F6E101F03CFE72
:1079E0000920002101F038FE002001F08FFE4A201E
:1079F00001F08CFE0121092001F02EFE23780121E7
:107A00000820522B00D1D9E101F026FE09200021E7
:107A100001F022FE002001F079FE2B2001F076FE1D
:107A20000121092001F018FE237801210820522BA2
:107A300000D1BCE101F010FE0920002101F00CFE94
:107A4000002001F063FE1B2001F060FE01210920EF
:107A500001F002FE237801210820522B00D19FE182
:107A600001F0FAFD0920002101F0F6FD002001F0EF
:107A70004DFE1C2001F04AFE0121092001F0ECFD21
:107A8000237801210820522B00D182E101F0E4FD8E
:107A90000920002101F0E0FD002001F037FE222046
:107AA00001F034FE0121092001F0D6FD23780121E7
:107AB0000820522B00D165E101F0CEFD0920002104
:107AC00001F0CAFD002001F021FE1F2001F01EFE82
:107AD0000121092001F0C0FD0021082001F0BCFDBA
:107AE0000021092001F0B8FD552001F00FFE012111
:107AF000092001F0B1FD237801210820522B00D18B
:107B000039E101F0A9FD0920002101F0A5FD0020C7
:107B100001F0FCFDB02001F0F9FD0121092001F088
:107B20009BFDFFF7E4FA01F097FD0021092001F029
:107B300093FDFFF786FA01F08FFD0021092001F087
:107B40008BFDFFF767FA01F087FD0021092001F0A6
:107B500083FDFFF748FA01F07FFD0021092001F0C5
:107B60007BFDFFF729FA01F077FD0021092001F0E4
:107B700073FDFFF7A3FA01F06FFD0021092001F06A
:107B80006BFDFFF775FA01F067FD0021092001F098
:107B900063FDFEF734FF01F05FFD0021092001F0D5
:107BA0005BFDFEF715FF01F057FD0021092001F0F4
:107BB00053FDFEF7ADFF01F04FFD0021092001F05C
:107BC0004BFDFEF77FFF01F047FD0021092001F08A
:107BD00043FDFEF751FF01F03FFD0021092001F0B8
:107BE0003BFDFEF723FF01F037FD0021092001F0E6
:107BF00033FDFFF745F801F02FFD0021092001F0CA
:107C00002BFDFFF726F801F027FD0021092001F0E8
:107C100023FDFFF707F801F01FFD0021092001F007
:107C20001BFDFEF7E8FF01F017FD0021092001F020
:107C300013FDFEF7C9FF01F00FFD0021092001F03F
:107C40000BFDFEF7AAFF01F007FD0021092001F05E
:107C500003FDFEF78BFF01F0FFFC0021092001F07E
:107C6000FBFCFEF76CFF01F0F7FC0021092001F09E
:107C7000F3FCFFF78AF901F0EFFC0021092001F085
:107C8000EBFCFFF76BF901F0E7FC0021092001F0A4
:107C9000E3FCFFF74CF901F0DFFC0021092001F0C3
:107CA000DBFCFFF72DF901F0D7FC0021092001F0E2
:107CB000D3FCFFF70EF901F0CFFC0021092001F001
:107CC000CBFCFFF7EFF801F0C7FC0021092001F021
:107CD000C3FCFFF7D0F801F0BFFC0021092001F040
:107CE000BBFCFFF7B1F801F0B7FC0021092001F05F
:107CF000B3FCFFF792F801F0AFFC0021092001F07E
:107D0000ABFCFFF773F801F0A7FC0021092001F09C
:107D1000A3FCFFF745F801F09FFC0021092001F0CA
:107D20009BFCFFF726F801F097FC0021092001F0E9
:107D300093FCFFF707F801F08FFC0021092001F008
:107D40008BFCFEF7E8FF01F087FC0021092001F021
:107D500083FCFEF7C9FF01F07FFC0021092001F040
:107D60007BFCFEF7A4FF01F077FC0021092001F065
:107D700073FCFFF730FA01F06FFC0021092001F0DD
:107D80006BFCC7E601F068FC0021092001F064FCEF
:107D90009BE601F061FC0021092001F05DFC7EE61C
:107DA00001F05AFC0021092001F056FC61E601F0C7
:107DB00053FC0021092001F04FFC44E601F04CFC8B
:107DC0000021092001F048FC27E601F045FC0021D4
:107DD000092001F041FC0AE601F03EFC00210920E7
:107DE00001F03AFCEDE501F037FC0021092001F03B
:107DF00033FCD0E501F030FC0021092001F02CFC1F
:107E0000B3E501F029FC0021092001F025FC96E5ED
:107E100001F022FC0021092001F01EFC79E501F0AF
:107E20001BFC0021092001F017FC5CE501F014FCAB
:107E30000021092001F010FC3FE501F00DFC0021BC
:107E4000092001F009FC22E501F006FC00210920CF
:107E500001F002FCF6E401F0FFFB0021092001F033
:107E6000FBFBD9E401F0F8FB0021092001F0F4FB51
:107E7000BCE401F0F1FB0021092001F0EDFB9FE4DF
:107E800001F0EAFB0021092001F0E6FB82E401F0A9
:107E9000E3FB0021092001F0DFFB65E401F0DCFBDE
:107EA0000021092001F0D8FB48E401F0D5FB0021B6
:107EB000092001F0D1FB2BE401F0CEFB00210920C9
:107EC00001F0CAFB0EE401F0C7FB0021092001F01C
:107ED000C3FBFFF7F1FB01F0BFFB0021092001F01C
:107EE000BBFBFFF7D2FB01F0B7FB0021092001F03B
:107EF000B3FBFFF7B3FB01F0AFFB0021092001F05A
:107F0000ABFBFFF794FB01F0A7FB0021092001F078
:107F1000A3FBFFF775FB01F09FFB0021092001F097
:107F20009BFBFFF747FB01F097FB0021092001F0C5
:107F300093FBFFF728FB01F08FFB0021092001F0E4
:107F40008BFBFFF7FAFA01F087FB0021092001F013
:107F500083FBFFF7CCFA01F07FFB0021092001F041
:107F60007BFBFFF79EFA01F077FB0021092001F06F
:107F700073FBFFF770FA01F06FFB0021092001F09D
:107F80006BFBFFF742FA01F067FB0021092001F0CB
:107F900063FBFFF714FA01F05FFB0021092001F0F9
:107FA0005BFBFFF7E6F901F057FB0021092001F028
:107FB00053FBFFF7B8F901F04FFB0021092001F056
:107FC0004BFBFFF799F901F047FB0021092001F075
:107FD00043FBFFF77AF901F03FFB0021092001F094
:107FE0003BFBFFF75BF901F037FB0021092001F0B3
:107FF00033FBFFF73CF901F02FFB0021092001F0D2
:108000002BFBFFF70EF9C046F8B5CE464746804633
:1080100080B508200F0000211C00160001F01CFB99
:108020000021092001F018FB2A2001F06FFB01213B
:10803000092001F011FB43468C4D1B0A99462B7811
:1080400001210820522B00D1D8E001F005FB0920C6
:10805000002101F001FB002001F058FB484601F02F
:1080600055FB0121092001F0F7FA4346DBB298469F
:108070002B7801210820522B00D1F0E001F0ECFA1E
:108080000920002101F0E8FA002001F03FFB404602
:1080900001F03CFB013E0121092001F0DDFA331221
:1080A0009846DBB299462B7801210820522B00D14B
:1080B000CEE001F0D1FA0920002101F0CDFA4346CB
:1080C000180E01F023FB484601F020FB0121092096
:1080D00001F0C2FA2B7801210820F6B2522B00D110
:1080E000AFE001F0B9FA0920002101F0B5FA002053
:1080F00001F00CFB300001F009FB0121092001F027
:10810000ABFA0021082001F0A7FA0021092001F0B4
:10811000A3FA2B2001F0FAFA0121092001F09CFAC0
:108120002B78012108203E0A522B00D182E001F079
:1081300093FA0920002101F08FFA002001F0E6FAFD
:10814000300001F0E3FA0121092001F085FA2B78D3
:1081500001210820FFB2522B65D001F07DFA0920E1
:10816000002101F079FA002001F0D0FA380001F086
:10817000CDFA0121092001F06FFA013C2B7826127B
:1081800001210820F7B2522B46D001F065FA0920F0
:10819000002101F061FA300E01F0B8FA380001F068
:1081A000B5FA0121092001F057FA2B7801210820A6
:1081B000E4B2522B29D001F04FFA0920002101F03E
:1081C0004BFA002001F0A2FA200001F09FFA0121F1
:1081D000092001F041FA0021082001F03DFA0021B8
:1081E000092001F039FA2C2001F090FA0121092030
:1081F00001F032FAC0BCB946B046F8BD01F02CFA25
:108200000021092001F028FA28E701F025FA0021D1
:10821000092001F021FAD7E701F01EFA0021092018
:1082200001F01AFABAE701F017FA0021092001F06B
:1082300013FA9BE701F010FA0021092001F00CFA73
:108240007EE701F009FA0021092001F005FA51E763
:1082500001F002FA0021092001F0FEF933E701F0F4
:10826000FBF90021092001F0F7F910E7A52A012008
:10827000104B10B514001A88824202D35B888B42DF
:1082800000D210BD0B000200FFF7BEFE0121082046
:1082900001F0E2F90021092001F0DEF9200A01F0E5
:1082A00035FAE0B201F032FA0121092001F0D4F9E7
:1082B000E7E7C0463C290120F0B5C64600B51C00E2
:1082C00006AB80460F0015001E88824201D98C4201
:1082D00002D880BCB846F0BD2300FFF795FE4346A8
:1082E0000121ED1A0820E41B01F0B6F9ADB200211E
:1082F0000920A4B26C4301F0AFF90025370AF6B2A9
:10830000380001F003FA0135300001F0FFF9AC420A
:10831000F6D10121092001F09FF9DAE7F8B5144BF5
:1083200004001D88002D02D05E88002E00D1F8BD0B
:1083300033002A0000210020FFF766FE01210820FB
:1083400001F08AF9002109206E4301F085F900252A
:10835000270AE4B2380001F0D9F90135200001F014
:10836000D5F9AE42F6D10121092001F075F9DEE719
:108370003C290120F0B557464E464546DE46E0B55D
:108380001E00072587B0019310AB0C00198811ABB4
:108390008A4619880391B188F7880D406B1E9D416C
:1083A000CB08ED181300203B7B436B433668F6186F
:1083B000002F5DD0574B013C9A4560D0013882B206
:1083C0009146554AA3B20027904652469A464B46DC
:1083D00002970492059300294AD0072399465346F1
:1083E00001339BB200259B46059816E0471CBBB2A3
:1083F0009A4209D343465B885B4505D35146039AAD
:10840000FFF736FF019B9988073C63425C410135C9
:10841000ADB23619B8B28D4217D243464C461A88CF
:1084200080232C40234137781F42DFD1471CBBB249
:108430009A42E9D343465B885B45E5D35146049AAB
:10844000FFF716FF019B9988DEE7019B029FDA8800
:1084500007230B40581E83410137F618BBB2029325
:108460009A4205D9534601339BB29A460029B4D1AA
:1084700007B0F0BCBB46B246A946A046F0BDA3B2C9
:108480009B46002301389846234B84B20493230073
:10849000444698460029EBD00723404600259946DC
:1084A000029409E0073C63425C4153460135ADB29A
:1084B000361998B28D421BD24C4680232C40234162
:1084C0003278471CBA461A42ECD05346049F9BB2FE
:1084D0003A889A42E6D35B467A8801339BB29A4245
:1084E000E0D35946039AFFF7C3FE019B9988D9E769
:1084F000019B029CDA8807230B40581E83410134FC
:10850000A4B2F6189442B3D25B4601339BB29B46A9
:10851000C0E7C046FFFF00003C290120F0B54546FA
:10852000DE4657464E46E0B506008B468FB01D002E
:10853000099318AB188819AB804618781AAB0390CA
:108540001878931B11000892DA179C185B46EB1AF7
:108550005440DA179F185740DA17D31A5340029342
:1085600000231A008E425A41534952420A400132B6
:108570000C925A46AA425B4101225B421A434F4B7E
:108580000594E41B0A97019327006300002134003F
:1085900045000D900B92013D0093019B01311E8817
:1085A000039B48B20490012B05D10321F9F73EFB50
:1085B00049B2002947D0B44225D8019B5B885B456E
:1085C00021D3002D1FDD0D9A0794A31A9BB2994663
:1085D0005B469E1A0023B6B29A46340006974E4672
:1085E00000275644B6B2E1194246300089B201373D
:1085F000FFF73EFEBD42F6DC01239C46E244AA455D
:10860000EDDB069F079C0499029B009A93420DDCC8
:10861000089BA34249D00A9B059AFF1A0C9B9C46D3
:108620007B006444A4B200939A42B6DB099B5B458D
:108630003BD0059B9C460B9B67445B449BB29B468F
:108640007B000093A9E7B442DED8019B5B885B45C1
:10865000DAD3002DD8DD0D9A0691A31A9BB20493AC
:108660005B469B1A9BB2994600239A464B4642466C
:10867000B946D0461F00A24607920026049C4444F7
:10868000A4B2B91920000E4A89B20136FFF7F0FDF5
:10869000B542F6DC01239C46E0444545EDDC079BF2
:1086A0004F46544698460699AEE70FB0F0BCBB461D
:1086B000B246A946A046F0BDFEFF00003C290120BD
:1086C000FFFF0000F0B54646D6464F46C0B5984677
:1086D00008AB1C78264B16001A88824222D35B888E
:1086E0008B421FD34346012C21D0002B1AD00138D6
:1086F00083B29A460023994601398DB25746002429
:108700004F44BFB2291901343200380089B2A4B2F3
:10871000FFF7AEFD4445F5D34B4601339BB2994676
:108720004345EBD3E0BCBA46B146A846F0BD5B007A
:10873000013B9946002BF5DD4346C01A83B29A46A9
:108740004346CD1A00239846ADB25746002447440D
:10875000BFB229193200380089B20134FFF788FD11
:108760004C45F6DB01239C46E044C145EDDCD9E7EE
:108770003C290120F0B557464E464546DE46E0B559
:1087800085B01F000EAB1B8804009A460FAB1B7808
:108790000D00994610AB1B7816009B46344B98464B
:1087A0001B88834210D3424652888A420CD3B3427C
:1087B0000AD3BA4208D34B46002B0CD053463200A2
:1087C00000933B00FFF778FD05B0F0BCBB46B24616
:1087D000A946A046F0BD5B4602934B460193534623
:1087E000320000930B00FFF799FE43461B889C4222
:1087F00013D84246528895420FD897420DD85B460F
:1088000002934B46019353462200009329003B00FC
:108810002000FFF783FE43461B889E42D4D8424681
:1088200052889742D0D8954213D85B4602930023D2
:10883000019353463200009339002B003000FFF7BC
:108840006DFE43461B889E42BED842465288BA42BD
:10885000BAD39C42B8D85B46029300230193534697
:108860002200009339003B003000FFF757FEABE7D2
:108870003C290120F0B55746DE464E464546E0B558
:1088800087B0984610AB1B888B46049311AB1B88AE
:1088900082460593204B170019889946814233D3AD
:1088A0005888584530D31278002A2DD043465D466B
:1088B0009B885446039703E0494648460988408808
:1088C0004646E718F6888F4202DD5446AD19ADB230
:1088D000AE19864201DD5D4654468C420CD8854275
:1088E0000AD8059B29000193049B2000009343466E
:1088F000FFF740FD43469B88039AE4180132039238
:108900001278A4B2002AD7D107B0F0BCBB46B24659
:10891000A946A046F0BDC0463C290120F0B5C64698
:1089200000B5070084B03B493B48FDF75DFE0E23D0
:1089300001AD6B442E0098460021102000F08CFE03
:10894000380000F0E3FEC82000F006FF002000F031
:10895000EFFE0402002000F0EBFEA4B20443A4B238
:1089600001211020E40800F077FE3480C820023690
:1089700000F0F2FEB045DFD128492748FDF734FE6C
:108980002B886A88934201D92A806B802B88AA8819
:10899000934201D92A80AB802B88EA88934201D97F
:1089A0002A80EB802B882A89934231D86B88AA8849
:1089B000934201D96A80AB806B88EA88934201D9DF
:1089C0006A80EB806B882A8993421ED8AB88EA883C
:1089D000934201D9AA80EB80AB882A89934201D9BE
:1089E000AA802B812B89EA889A4200D9EB80AB8838
:1089F00068880321C018EB88C01880B2F9F73EF9E7
:108A000080B204B080BCB846F0BD6A802B81DDE73F
:108A10002B81CBE7C0C62D000000044080A81201C6
:108A200010B5294B82B01B78522B1BD0274B1A7ED6
:108A3000062A0CD0002A20D1254A1A61254A5A61FB
:108A4000152252425A81123A9A8102B010BD224A2E
:108A50001A61224A5A61812292005A811622524298
:108A60009A81F2E7194B1E4A1A611E4A5A61142272
:108A700052425A810E3A9A81E7E7032A0BD0052A1F
:108A800013D1194A1A61194A5A61194A5A81142292
:108A900052429A81D9E7174A1A61174A5A61162237
:108AA00052425A81103A9A81CFE7144C2000FFF7C6
:108AB00035FCF8210902019100203C21104B114A9C
:108AC0000094FFF7D7FEC0E7A52A0120482901201E
:108AD00010B3B73DEA060A3E239F07BE5950B83D82
:108AE0003673883D0DDEB73D831808BE7826B43D49
:108AF000050200005B25B83DD05F083EFFFF000087
:108B00000011002024A40010012270B5184B194E4A
:108B100052421A60184B84B0300000241A60FFF7EC
:108B2000FDFBAA20154D05212B00154A0196009446
:108B30004000FFF79FFEA0202B000521114A01965F
:108B40000094FF30FFF796FE02219123BE2202918E
:108B50005B0064200194009452003031FFF70AFE5C
:108B60000021094A0948F9F705FD04B070BDC04667
:108B7000FC100020FFFF0000F81000200011002072
:108B800068A4001070A4001080060100BC22002020
:108B9000F0B5CE46474680B53F488FB0FBF75AFA4E
:108BA0003E48FBF757FA3E4B18009946FBF752FA3E
:108BB0003C4B9620019300233B4F28213B4A0093D6
:108BC00040003B00FFF756FE91238C215B0002938F
:108BD0005A3301934B3BFF3B0093F022323334482E
:108BE0004900FBF7BFFA334B1E689846002E46D06B
:108BF000314C70683460002802D0F9F7A3FC346867
:108C00002000F9F781FC051E70603CD022002B4942
:108C1000F9F7B6FC2A48FBF71DFA2A48FBF71AFABF
:108C20000023059343468C221B685200196858683C
:108C300005AB0093F023F7F70FFC04000598F9F754
:108C400029FC02000B0020482100FBF78BFA2300CF
:108C500020211E4A06A8FBF723F8124BFA200193A5
:108C600000232821009306AA3B00FFF703FE484695
:108C7000FBF7F0F90FB0C0BCB946B046F0BD1448E0
:108C8000FBF7E8F9F6E721001248FBF76BFA4346D9
:108C90001B681D60EEE7C04678A40010A0A4001079
:108CA000BCA40010FFFF000000110020E4A400108D
:108CB000ECA40010842A012080060100BC220020C0
:108CC0005CA5001080A50010A0A50010D0A5001084
:108CD00028A5001040A50010F0B5DE4657464E46C8
:108CE0004546E0B511209FB000F0C0FC002800D040
:108CF00083E1D030FFF712FE05009020FFF70EFE53
:108D000007000A2000F028FDD020FFF707FE04002E
:108D10009020FFF703FE06000A2000F01DFDA5428B
:108D200000D305E12B003133A34200DB05E1C44B46
:108D3000C44CC54D0493237A7F2B03D8C0232372E0
:108D400063682360C149C248FDF7AEFB049CC1487B
:108D500062882188FBF706FA2B8826883B3BB342C2
:108D600004DC049B5B880F2B00D806E23300553BE4
:108D7000FF3B5A2B04D8049B5A88322A00D82FE292
:108D8000002304998B228B803300653B9BB25200F9
:108D9000934200D97DE14D882B00333BEE2B00D967
:108DA00077E1AD4BAD4F99461B681693002B04DB62
:108DB0003B681793002B00DB1BE2AB005B19DA006A
:108DC000D21AA74BD2009C46A64B62449219D218E5
:108DD0006A235B429B4601339C46B44463460A9334
:108DE00068235B429C46B44463460B9367235B4213
:108DF0009C46B44463460C9366235B429C46B44451
:108E000063460D9362235B429C46B44463460693DB
:108E100061235B429C46B4446346079360235B42F4
:108E20009C46B444634608935F235B429C46B4442B
:108E3000634609935E235B429C463221B4446346F9
:108E40004942884633318C208A4605934946062399
:108E5000B146B3445B42A84440000E950F91109771
:108E600044E0012515700D00193501260F005670DC
:108E70001037012696700836B4468C440126D67009
:108E80000E1D012111715146517191717C21FF31EB
:108E9000894501D05146D171242E04DC06998142C6
:108EA00001D2012111726146242904DC0799814213
:108EB00001D201215172242F04DC0899814201D290
:108EC00001219172242D04DC0999814201D20121F2
:108ED000D172242C04DC0599814201D20121117345
:108EE00019320133FF32072B00D1BFE04146C918C8
:108EF000EF29F5D8190059430C002434242C00DD47
:108F000020E18345ADD30D0019350A9E8642ACD3CE
:108F10000F0010370B9E8642ABD30926B4468C4413
:108F20000C9E8642AAD30E1D0D998142ABD2A8E7B2
:108F300023003133AB4200DA7DE0B74206D3330081
:108F40003133BB4207DAB74200D0F0E63B003133A1
:108F5000B34200DAEBE62D193A4CF01923696D1093
:108F60004010A580E0809B46F9F76CFA81460A2301
:108F7000E05EF9F767FA6369071C28009A46F9F77B
:108F800061FA80460C23E05EF9F75CFA364B061C6A
:108F90001B78522B00D181E0257E032D00D1A7E064
:108FA000002D00D17AE049465846F9F710FA4146BB
:108FB00081465046F9F70BFA8046052D00D1AFE007
:108FC000214D1F4B28880493F9F73CFA4946F9F7DD
:108FD000E4F9391CF9F7E1F9F9F756FA049F3880FA
:108FE0006888F9F72FFA4146F9F7D7F9311CF9F7F4
:108FF000D4F9F9F749FA78809DE60822114B9A5680
:10900000197A002A13DB00221A60013A5A60012201
:10901000114B52421A60114B1A60FF2000F076FB90
:109020001FB0F0BCBB46B246A946A046F0BD7F22A9
:109030000A401A72EBE7A54200D078E672E6C04615
:1090400064290120482901203C29012080969800AC
:109050000000044004A60010FC100020F8100020BE
:1090600056C2FFFFBC220020A52A01200F9B4E46BE
:1090700099460E9D109F0223002229000093300084
:109080000233FFF71FFB4946049A13880B6053888D
:109090003B60D149D148FDF707FABEE7D04DD14B2F
:1090A00028880493F9F7CEF9414605905846F9F718
:1090B0008EF9011C0598F9F770F9391CF9F76DF96B
:1090C000F9F7E2F9049B18806888F9F7BBF9514673
:1090D000071C4846F9F77BF9011C381CF9F75DF9C4
:1090E000311CF9F75AF9F9F7CFF9049B588022E6B9
:1090F000BC4D414658460495F9F769F9391CF9F712
:109100004FF9F9F7C1F9514628804846F9F75FF958
:10911000311CF9F745F9F9F7B7F96880B04D0AE65F
:10912000B04D391C48460495F9F73AF9F9F7ACF90E
:10913000311C28804046F9F733F9F9F7A5F9688022
:10914000A74DF8E50D001935242D00DCDDE60F00F4
:109150001037242F00DCDDE60926B4468C44664631
:10916000242E00DCDCE60E1D242E00DCDCE62429A7
:1091700000D088E651469171ABE601229A4E9B4B96
:109180009B4F5242300000241A603A60FFF7C6F845
:10919000AA20984D05212B00974A01964000009483
:1091A000FFF768FBA0202B000521944A0196FF30B1
:1091B0000094FFF75FFB0223BE220293213332218A
:1091C0006420FF33520001940094FFF7D3FA8C4BD4
:1091D000002118008B4AF9F7CDF9049B1E88CFE5D2
:1091E00031008948FAF7BEFFFFF7D2FC049B1E88C6
:1091F000C6E5169AE91AB21A13001892D2179B18EC
:109200005340CA171991891851401591994200DAB3
:109210001593159B002B00D12BE101331A930023EA
:109220008C241C96A8464E46139312931493744BA9
:1092300064001B931D97159D12982900F8F7F6FC02
:10924000169B2900C7181398F8F7F0FC179B3F04EA
:10925000C2186E4B3F0CF9181B9B12049C466A23E4
:10926000150C920B52195B42D0009B46821A0133B7
:109270009A46D200013399468918013361449C46CD
:10928000BC446346079366235B429C46BC446346EA
:10929000089365235B429C46BC4463460993642360
:1092A0005B429C46BC4463460A9363235B429C46F4
:1092B000BC4463460B9362235B429C46BC446346BA
:1092C0000C9361235B429C46BC4463460D93602330
:1092D0005B429C46BC4463460E935F235B429C46C4
:1092E000BA44BC4452466346B9440F9310920623D5
:1092F0004A46BB44323D5E3FC146B246A846069749
:109300005B42119233E00A9AA24201D201228A7191
:109310000B9AA24201D20122CA716246242A04DCBD
:109320000C9AA24201D201220A72059A242A04DC74
:109330000D9AA24201D201224A72242F04DC0E9A15
:10934000A24201D201228A72242E04DC0F9AA24288
:1093500001D20122CA72242804DC069AA24201D258
:1093600001220A7319310133FF31072B69D04246BC
:10937000D218EF2AF6D81A005A43100024302428B5
:1093800046DCA34501D201250D7016001936109D4B
:10939000A54201D201254D7017001037119DA5423D
:1093A00001D201258D70150009350595079DA5424F
:1093B00001D20125CD7004329446089AA24201D20E
:1093C00001220A71099AA2429DD201224A710A9A87
:1093D000A2429DD09AE7C046404B4C00000004409A
:1093E0003C29012064290120FFFF0000FC1000201F
:1093F000F81000200011002068A4001070A40010D4
:10940000BC22002080060100E0A5001056C2FFFF2C
:1094100016001936242EBADD17001037242FBDDDB3
:10942000150009350595242DC0DD151DAC46242DEC
:10943000C3DD242AC6D10A9AA2428CD201228A71A3
:1094400089E71899129A8C46199962448C461292AF
:10945000139A149B624413921A9A0133C8465646D3
:109460001493934200D0E6E64D461C9ED1461D9FC4
:1094700001E6AA005219D3009B1A694ADB00944600
:10948000684A63449B199B186A2252429446B4442A
:1094900062460C92692252429446B44462460D924E
:1094A000682252429446B44462460A92672252426B
:1094B0009446B44462460992662252429446B444A9
:1094C00062460892622252429446B44462460E9228
:1094D000612252429446B44462460792602252424C
:1094E0009446B444624606925F2252429446B44483
:1094F000624605925E22524293462C3290460621E5
:109500008C244A46B446AA46B3444942A84464005F
:109510000F92109742E00120187018308146914454
:10952000012058701000103001259D70150009357C
:109530000126DE70161D01221A717C270122FF37D9
:109540005A719A71BC4500D0DA71242E04DC0E9A4F
:10955000A24201D201221A72242D04DC079AA242EF
:1095600001D201225A72242804DC069AA24201D2B6
:1095700001229A724A46242A04DC059AA24201D2A8
:109580000122DA720B9A242A03DCA34501D20122BC
:109590001A7319330131FF3307293AD04246521862
:1095A000EF2AF6D824200A0081464A4391444846CF
:1095B0000B90242817DC0C98A042ACD319208146CC
:1095C00091440D98A042ABD3100010300A9DA542E3
:1095D000AAD315000935099EA642A9D3161D089ADB
:1095E000A242AAD2A7E719208146914448462428DE
:1095F000E7DD100010302428E8DD15000935242DA2
:10960000E9DD161D242EEADD242A96D1233A9A712B
:10961000B8E70F9B664655469946109F2BE5C04616
:1096200056C2FFFFBC22002070B506000D001020BE
:10963000012100F011F8064C064BD0201D60267663
:10964000FFF76CF9A0809020FFF768F9E08070BD0B
:1096500048290120842A01200123D02283401206B8
:10966000002901D0536170479361FCE70122D023A8
:1096700082401B065B6813405A1E9341D8B2704764
:1096800070B5FAF797FC0F20F7F75CF8D024802329
:1096900024061B0263620820F7F754F88023802514
:1096A00080265B006362AD000920F7F74BF8760275
:1096B00065621020F7F746F866621120F7F742F866
:1096C00080239B02A3621620F7F73CF88023DB037C
:1096D0006362042166610D2065616361F7F704F838
:1096E00008490948FCF7E0FE01210A20F6F7FCFFD3
:1096F00001210B20F6F7F8FF01210C20F6F7F4FF0B
:10970000002070BD404B4C000000044010B584B0F8
:109710006B460F246C44D91D0870012322000348B6
:1097200000F0FEFC207804B010BDC04600000440EC
:1097300010B582B06B46DC1D991D08700123220014
:10974000024800F0EDFC207802B010BD000004409B
:1097500010B5F7F775FE10BD7047C046F0B54E4620
:109760004546DE465746E0B50D000B35060085B090
:10977000162D27D8102900D9DAE000F02FFC10258B
:1097800018230221C84FFB181A005C68083A94425B
:1097900000D147E103226368A1689343E268CA608D
:1097A00091600121E3185A6830000A435A6000F0C2
:1097B00017FC2000083005B0F0BCBB46B246A946F5
:1097C000A046F0BD07239D4300D5B1E0A94200D9D2
:1097D000AEE000F003FCFC235B009D4200D296E16A
:1097E000690A00D1A8E0042900D950E1382398463D
:1097F000A90988443931CB00082252429446AA4F25
:10980000FB189C446346DC68A44514D003239946A6
:109810000B0061469C4607E0E068002A00DBFBE0A5
:10982000814200D1FCE004004A46636893435A1B1E
:109830000F2AF1DD41463A003C690832944200D1DA
:10984000D9E0032063688343581B0F2800DD62E1E1
:109850003A617A610028A4DA7A6890468022920000
:10986000934200D3E4E0DA085809012383404046DC
:1098700018438046D300DB199A687860E360A260E1
:109880009C60D46001208B10984040455CD84346D2
:1098900003420AD103239943434640000431034263
:1098A00003D1400004310342FBD00323B3469C465E
:1098B0000E00B8460190F00040440100B246CB686B
:1098C0000BE064465A681F00A243DB68541B0F2C50
:1098D00000DDEFE0002C00DB09E19942F1D101232A
:1098E0009946CA44534608319B07E8D1032205E054
:1098F00003680838013E834200D003E23242F7D1C8
:109900004346019A5B68934342465360019A520072
:1099100001929A4216D8002A06D113E004229146F9
:10992000019ACA44520001921342F7D05646C2E748
:109930000C23002033603EE780233F2240219046E5
:109940009B0059E75E4647460322BC686368934321
:109950009A46AB4202D35A1B0F2A4FDC23005344D2
:109960000293524B082099461B6810335B190193F0
:1099700000F026FB4E4903900B688B46013306D05E
:109980008446019B4242013B6344134001933000F3
:10999000019900F055FB03008046013300D1D8E067
:1099A000029B834200D9D2E04B4601995A688C460B
:1099B000624403995A60029B10000139434500D06C
:1099C000E5E043460B4200D0E1E0BB680121984648
:1099D000634653440B4341464B604946C96A914232
:1099E00001D24946CA624946096B914201D24946B1
:1099F0000A634446AFE07B68984643E701232900A9
:109A00001A431943651961603000BD606A6000F057
:109A1000E7FA20000830CEE6A268D0608260C0E697
:109A2000614608E7DC680231A34200D103E7B1E6F2
:109A30005A0A042A00D883E0142A00D908E1100049
:109A40005B3082465C32D200082040428446BA181D
:109A50009444624692680B308146944500D1DFE021
:109A60000800A2466146844602E09268914204D012
:109A70004C465068A0439842F7D8D3686146544694
:109A80009C466346A260E3609C60D460FAE61429B9
:109A90006ED9542900D9E4E06E239846290B8844F6
:109AA0006F31CB00A8E6C04638120020D81800203D
:109AB00030120020BA460120514684464919054318
:109AC00050464560856847466046EB605E469D604F
:109AD000534639617961204308374860CF603000D0
:109AE0008F609C5000F07CFA5046083063E6BA461E
:109AF00001205E465244516801435160BA6830000B
:109B0000D3609A6000F06CFA3800083053E62B00FE
:109B1000E908083336E66119884601218C460D4371
:109B20004146656039617961CA608A606246024374
:109B30004A60E050300000F053FA200008303AE666
:109B40009A091000393238308246D2007CE7BC4294
:109B500014D0BC686368032293435A1BAB4202D300
:109B60000F2A00DD4AE7300000F03AFA002022E632
:109B70005B23984688445C31CB003DE64B465868F1
:109B8000019B9C464B4660445860039B591E5B46B4
:109B90001B68013370D04346029A9B1A4A461B1831
:109BA00053600723424640461A400292184240D072
:109BB0000398013384469B1A019A984442440192C7
:109BC00063440A409B1A194030008B4600F038FA73
:109BD000431C77D04346C01A03005B4401934B46B5
:109BE0005A6801205A445A6043464146BB60019B73
:109BF00003434B60BC4200D1EFE653460F2B3FD9E5
:109C000007210C3B8B4361680140052019436160CB
:109C1000E118486088600F2B49D843465B68DCE652
:109C2000534698100123834040461843804678608D
:109C300027E7019B039A43440B40D31A1940300095
:109C40008B4600F0FDF9431CC4D100239B46C6E7B8
:109C5000542A17D81A0B10006F326E308246D20089
:109C6000F2E6AA235B00994217D8DD3B9846E90B40
:109C700088447831CB00BFE55B4642461A6090E7E6
:109C8000486070E7AA204000824226D8DA0B100014
:109C9000783277308246D200D6E61C4B994226D8DD
:109CA0007C239846A90C88447D31CB00A4E5210093
:109CB0003000083100F086F84B465A68BB68984679
:109CC0005B688AE6019A029B94464246083B6344DD
:109CD0009B1A019300239B4681E70C4882420CD8D3
:109CE0009A0C10007D327C308246D200ACE6FE2316
:109CF0007E227F2190469B007EE5FE227E20920000
:109D00008246A1E643465B6800E6C0465405000073
:109D1000F0B5C646060000B508200D0000F050F969
:109D20000400300000F05AF9234B210098469B684C
:109D30005F6803239F4338001138401B0019F7F771
:109D40009DFF451E6543AC4208DC0021300000F059
:109D500077F943469B68DB19984206D0300000F043
:109D60003FF9002080BCB846F0BD3000694200F0E9
:109D700067F901300ED0012243467F1B9B681743D1
:109D80000E4A5F60136830005B1B136000F028F917
:109D90000120E7E70021300000F052F943469A68BD
:109DA000831A0F2BDADD064C04492468001B086077
:109DB00001210B435360D1E738120020DC1800204A
:109DC00030120020F8B5CE46474605000C0080B59D
:109DD000002957D000F002F9012321009C460839E0
:109DE00048686246030003249343CF187A68654E9F
:109DF000A243B468BC4200D170E0BC18A1466446DE
:109E00007A60044221D10868091A1B1888688046C4
:109E1000484640682040340008348146A04551D06F
:109E20004046CC68C460A0604846002811D19B1809
:109E30005548BA68824200D17FE0F868D0608260FD
:109E400001221A434A60CB5007E04846406820424E
:109E5000EDD062461A434A603B60802292009342F2
:109E600014D2DA08580901238340706803437360F1
:109E7000D3009B199A68CB608A609960D1602800F2
:109E800000F0AEF8C0BCB946B046F8BD5C0A042C80
:109E90003DD89C09200039343830E4003419226858
:109EA000083C0327944203D140E09268944203D0D7
:109EB0005068B8439842F8D8D468CC608A60A160F2
:109EC000D160DCE7002858D1B868D218FB68C360BD
:109ED0009860634613434B608A50D0E79A186346F4
:109EE000034206D10B68C91A8868D218CB68C360D0
:109EF0009860012313434B60244BB1601B6893426D
:109F0000BDD8234B28001968FFF702FFB7E7142CD0
:109F100007D9542C1AD81C0B20006F346E30E40083
:109F2000BCE720005C345B30E400B7E7012380101D
:109F30008340706803437360BFE7D1609160CA607B
:109F40008A6001221A434A60CB5098E7AA22520045
:109F5000944205D8DC0B200078347730E4009DE78C
:109F60000C4A944205D89C0C20007D347C30E400DF
:109F700094E7FE247E20A40090E762461A434A60DC
:109F80003B607CE738120020401200203412002091
:109F9000D81800205405000010B5034B01001868C4
:109FA000FFF7DCFB10BDC0460811002010B5034BC5
:109FB00001001868FFF706FF10BDC0460811002019
:109FC000802310B55B01082801D1180010BD00F0F6
:109FD00049F816230360173BF7E7C0467047C046B1
:109FE0007047C04610B583070AD00300032102E082
:109FF00001330B4205D01A78002AF9D1181A10BD86
:10A00000030019680C4A0D4C8A188A4322420FD16A
:10A010005968094A04338A188A43224208D1596888
:10A02000054A04338A188A432242F1D000E0013302
:10A030001A78002AFBD1E1E7FFFEFEFE80808080D7
:10A04000002370B5064C050008002360F9F768FE90
:10A05000431C00D070BD2368002BFBD02B60F9E7B8
:10A06000481A0020014B18687047C04608110020AC
:10A0700001B40248844601BC604700BFC100002013
:10A0800001B40248844601BC604700BF3102002091
:10A0900001B40248844601BC604700BF8D0F002018
:10A0A00001B40248844601BC604700BFD50B0020C4
:10A0B00001B40248844601BC604700BFFD0B00208C
:10A0C00001B40248844601BC604700BF090100207A
:10A0D00001B40248844601BC604700BFF101002082
:10A0E00001B40248844601BC604700BF8D0F0020C8
:10A0F00001B40248844601BC604700BFE50200206D
:10A1000001B40248844601BC604700BFD903002067
:10A1100001B40248844601BC604700BFBD01002075
:10A1200001B40248844601BC604700BF190F0020FB
:10A1300001B40248844601BC604700BF8D0C00207A
:10A1400001B40248844601BC604700BF3D0C0020BA
:10A150000D1A0010391A00101D1C00106525001082
:10A1600095220010AD240010451B0010551A001058
:10A17000751A0010891A0010C10C0010911A0010F5
:10A1800089100010D5190010F90800109D64001006
:04A19000294600104C
:10A198005374617274207265636F676E6973656466
:10A1A800206E756D6265727320302D3900000000D5
:10A1B80044726177206F6E652063686172616374B1
:10A1C800657220696E2074686520626C61636B201B
:10A1D800626F7820616E64207361766520697420EF
:10A1E80062792074686520627574746F6E2E000041
:10A1F800436170747572653A20256420782025645F
:10A20800203D2025642062797465730A00000000EF
:10A218005265636F676E697A65643A20256320200A
:10A228002064697374616E63653D252E3366202052
:10A2380020646174615F6C656E3D257A750A000063
:10A2480044657465637465643A202563202020732F
:10A25800636F72653D252E32660000004E6F2064E4
:10A26800726177696E6720646174612061766169E3
:10A278006C61626C653A20646174613D2570206C84
:10A28800656E3D257A750A000A2A2A2A2050414E11
:10A298004943202A2A2A0A004E6F207370696E6C7F
:10A2A8006F636B732061726520617661696C6162AE
:10A2B8006C6500004E6F20757365722049525173AA
:10A2C8002061726520617661696C61626C6500006D
:10A2D800486172647761726520616C61726D2025D6
:10A2E8006420616C726561647920636C61696D6575
:10A2F80064000000486172642061737365727400C1
:10A308006D697373696E6720646F75626C6520662A
:10A31800756E6374696F6E004F7574206F66206D7B
:10A32800656D6F727900000052656C656173650038
:10A33800626F6F74325F77323571303830000000E9
:10A34800322E332E300000007069636F5F77000093
:10A3580068616E6477726974696E67004F63742010
:10A368002031203230323600666E692B0000000042
:10A37800666E69006E616E00666E692D00000000F1
:10A3880055534220737464696E202F207374646F70
:10A398007574000052617370626572727920506939
:10A3A800000000005069636F00000000426F617296
:10A3B8006420434443000000526573657400000044
:10A3C800556E68616E646C6564204952512030781E
:10A3D80025780A006570202530325820776173206F
:10A3E800616C726561647920617661696C61626C27
:10A3F8006500000043616E277420636F6E74696E98
:10A4080075652078666572206F6E20696E61637469
:10A41800697665206570202530325800446F657371
:10A42800206E6F7420737570706F727420746F75FE
:10A4380063682D73637265656E2009090909090946
:10A448000963616C6962726174696F6E20696E205C
:10A458007468697320646972656374696F6E00005B
:10A468005341564500000000434C4541520000004E
:10A478000A3D3D3D3D3D3D3D3D3D3D3D3D3D3D3D37
:10A488003D3D3D3D3D3D3D3D3D3D3D3D3D3D3D3DF4
:10A498003D3D3D3D3D000000202020202020202083
:10A4A800202054505F534156452043414C4C45446D
:10A4B800000000003D3D3D3D3D3D3D3D3D3D3D3DB8
:10A4C8003D3D3D3D3D3D3D3D3D3D3D3D3D3D3D3DB4
:10A4D8003D3D3D3D3D3D3D3D000000004348454379
:10A4E8004B00000054505F536176653A20636170F9
:10A4F800747572656420257578257520706978658E
:10A508006C732066726F6D20626F78205B25752CE6
:10A5180025755D2D5B25752C25755D0D0A000000E0
:10A528004552524F523A2074705F64617461203D05
:10A538003D204E554C4C00004552524F523A206D2A
:10A54800616C6C6F6328257529206661696C656488
:10A558000A00000054505F536176653A20626974BE
:10A568006D617020636F70696564207375636365DE
:10A57800737366756C6C790054505F536176653AF5
:10A588002063616C6C696E67207265636F676E69C2
:10A598007A65722E2E2E000054505F536176653A0C
:10A5A800207265636F676E697A657220726574756B
:10A5B800726E656420272563272C2073636F72658C
:10A5C8003D252E33660A000044657465637465642E
:10A5D8003A20256300000000534156452042555457
:10A5E800544F4E2044455445435445443A20783D01
:10A5F800256420793D25640A00000000686F7269AF
:10A608007A6F6E74616C20783A25642C793A2564E7
:10A618000A00000000010101000100000001010022
:10A628000001010100010001010100000101000019
:10A63800000100010101000000010000000101000B
:10A6480000010001000000000100000000010000FE
:10A6580000000100000101010101000101010001E8
:10A6680000000001000000000100000001000000DF
:10A6780001000000010000000101010101010101C8
:10A6880001000000000001000000010000000101BD
:10A6980000000000000101000000010001010100AC
:10A6A800000000010000000101000001000100019C
:10A6B800000001000101010101000000010000008B
:10A6C8000001000101010101010000000001010178
:10A6D800010000000000010000000001010000006E
:10A6E800010001010100000101010001000000005A
:10A6F800010000000001010101000100000001014A
:10A708000000000100010101000101010101000038
:10A71800000001000000010000000100000001002D
:10A72800000000010000000001000000000101011C
:10A73800000100000001010000000100010101000A
:10A7480001000000010100000001000101010000FA
:10A7580001010100010000000101000000010001E9
:10A7680001010100000000010000000001000101DA
:10A778000100000006005250D3F0754230A30010CB
:10A7880006005250E182887F38A30010060052501C
:10A79800ABB3605348A3001006005250BBFF3CB651
:10A7A80050A3001006005250861C030258A3001044
:10A7B800060052505422A29D64A300100500525076
:10A7C800DE65F468B4CD0010B031001060310010BF
:10A7D80060310010A83100106031001060310010A5
:10A7E80060310010603100106031001060310010DD
:10A7F80060310010A0310010603100109831001055
:10A808006031001060310010903100106434001085
:10A81800C63100105E340010C631001048340010F4
:10A82800C6310010C6310010C6310010C631001004
:10A83800C6310010C6310010C6310010B831001002
:10A84800C6310010C6310010C6310010C6310010E4
:10A85800C6310010B8310010EC3400101A31001065
:10A868001A3100101A3100101A3100101A31001074
:10A878001A3100101A3100101A3100101A31001064
:10A888001A3100101A3100101A3100101A31001054
:10A898001A3100101A3100101A3100101A31001044
:10A8A8001A3100101A3100101A3100101A31001034
:10A8B8001A3100101A3100101A3100101A31001024
:10A8C8001A3100101A3100101A3100101A31001014
:10A8D8001A3100101A31001078340010B834001002
:10A8E800783400101A3100101A3100101A31001093
:10A8F8001A3100101A3100101A3100101A310010E4
:10A908001A3100101A3100101A3100101A310010D3
:10A918001A3100101A3100101A3100101A310010C3
:10A928001A3100108C3600101A3100101A3100103C
:10A938001A3100101A3100101A3100101A310010A3
:10A948001A3100101A3100101A3100108C3600101C
:10A95800FE3400108C36001078340010B834001023
:10A968007834001000000000000000000000F03FF4
:10A9780000000000000024400000000000005940D2
:10A988000000000000408F40000000000088C34025
:10A9980000000000006AF8400000000080842E419A
:10A9A80000000000D01263410000000084D79741E6
:10A9B8000000000065CDCD410D0A00000600525090
:10A9C80053B4F4A188A30010000000009CA3001059
:10A9D800ACA30010902A0120B4A30010C0A300105B
:10A9E80009025400030100807D080B0002020200E6
:10A9F80000090400000102020004052400200105EA
:10AA0800240100010424020605240600010705812B
:10AA18000308001009040100020A000000070502EB
:10AA280002400000070582024000000904020000FD
:10AA3800FF00010512011002EF0201408A2E0A00F0
:10AA480000010102030100000A00000000000306E3
:10AA5800A6000800020002009C00140003005749E9
:10AA68004E55534200000000000000000000800026
:10AA780004000100280044006500760069006300B6
:10AA8800650049006E007400650072006600610090
:10AA980063006500470055004900440000004E006F
:10AAA8007B00620063003700330039003800630020
:10AAB80031002D0037003300630064002D0034009E
:10AAC8006300620037002D0039003800620038004A
:10AAD8002D00390031003300610038006600630042
:10AAE800610037006200660036007D00000000004B
:10AAF800050F2100011C100500DF60DDD88945C75E
:10AB08004C9CD2659D9E648A9F00000306A60001A6
:10AB180000000000000000001D48001000000000B8
:10AB2800214800102D4800105948001055480010C1
:10AB3800000000007C4D0010E44E00106C4F001027
:10AB4800BC4E0010CE4E0010AC4E00101C4E001033
:10AB5800C84D0010BC4D0010845200106A520010FD
:10AB68005A500010A45200105A50001052520010AF
:10AB78003E5200105A5000102A5200103A5100104C
:10AB88005A50001002550010F4540010E8540010F8
:10AB98005A5000105A500010D2540010F4540010AB
:10ABA8005A5000105A5000105A5000105A500010B5
:10ABB8005A5000105A5000105A5000108C5400106F
:10ABC8005E0D00205E0D0020A80D0020C80D00209D
:10ABD800060E0020180E0020540D00200000000072
:10ABE8009D5A00100D5B0010415B00108D5B00103A
:10ABF800355C00101D5D001000000000220062009E
:10AC08000200420022000200620042000800080020
:10AC1800080008002800280028002800000000007C
:10AC2800000000000000000000000000000000001C
:10AC380000000000000000000000000000000C0000
:10AC48000C000C000C000C000C000C000C000000A8
:10AC58000C000000000000000000000000000000E0
:10AC68001DC01DC00880088008800000000000008A
:10AC780000000000000000000000000000000D803F
:10AC88000D800D800D803FC01B003FC01B001B00C6
:10AC98001B001B00000000000000000004001F80D3
:10ACA8003180318038001E000F00038031803180F0
:10ACB8003F0004000400000000000000000018002D
:10ACC8002400240018C007801E0031800240024082
:10ACD80001800000000000000000000000000000EB
:10ACE8000F001800180018000C001D8037003300F2
:10ACF8001D800000000000000000000000000000AF
:10AD08000700070002000200020000000000000027
:10AD18000000000000000000000000000000030028
:10AD2800030006000E000C000C000C000C000E00C6
:10AD380006000300030000000000000000001800E7
:10AD480018000C00060006000600060006000600B3
:10AD58000C001C00180000000000000000000600A5
:10AD680006003FC03FC00F001F8019800000000090
:10AD780000000000000000000000000000000000CB
:10AD880000000400040004003F80040004000400E4
:10AD980000000000000000000000000000000000AB
:10ADA8000000000000000000000000000000060095
:10ADB80004000C000800080000000000000000006B
:10ADC80000000000000000003F80000000000000BC
:10ADD800000000000000000000000000000000006B
:10ADE80000000000000000000000000000000C004F
:10ADF8000C000000000000000000000000C000C0BF
:10AE0800018001800300030006000C000C001800FC
:10AE180018003000300000000000000000000E00A4
:10AE28001B003180318031803180318031801B00BE
:10AE38000E000000000000000000000000000600F6
:10AE48003E00060006000600060006000600060092
:10AE58003FC00000000000000000000000000F00DC
:10AE6800198031803180030006000C001800300082
:10AE78003F800000000000000000000000003F00CC
:10AE88006180018003001F000380018001806180D0
:10AE98003F00000000000000000000000000070064
:10AEA80007000F000B001B00130033003F80030056
:10AEB8000F800000000000000000000000001F805C
:10AEC8001800180018001F001180018001802180DF
:10AED8001F000000000000000000000000000780C4
:10AEE8001C0018003000370039803180318019800B
:10AEF8000F000000000000000000000000007F00BC
:10AF08004300030006000600060006000C000C00C3
:10AF18000C000000000000000000000000001F00FE
:10AF28003180318031801F00318031803180318023
:10AF38001F000000000000000000000000001E00CC
:10AF480033003180318033801D8001800300070089
:10AF58003C000000000000000000000000000000AD
:10AF6800000000000C000C000000000000000C00B5
:10AF78000C000000000000000000000000000000BD
:10AF880000000000030003000000000000000600AD
:10AF98000400080008000000000000000000000095
:10AFA80000C003000400180060001800040003003B
:10AFB80000C00000000000000000000000000000C9
:10AFC8000000000000007FC000007FC000000000FB
:10AFD8000000000000000000000000000000000069
:10AFE800600018000400030000C0030004001800FB
:10AFF80060000000000000000000000000000000E9
:10B008001F0031803180018007000C000C00000017
:10B018000C000000000000000000000000000E000E
:10B028001100210021002700290029002700200005
:10B0380011000E00000000000000000000000000E9
:10B048003F000F000900198019801F8030C030C0F0
:10B0580079E000000000000000000000000000008F
:10B068007F003180318031803F00318031803180F4
:10B078007F00000000000000000000000000000049
:10B088001F4030C060406000600060006040308059
:10B098001F00000000000000000000000000000089
:10B0A8007F00318030C030C030C030C030C0318007
:10B0B8007F00000000000000000000000000000009
:10B0C8007F803080308032003E0032003080308017
:10B0D8007F80000000000000000000000000000069
:10B0E8007FC03040304032003E0032003000300037
:10B0F8007C000000000000000000000000000000CC
:10B108001E80318060806000600067C0618031808F
:10B118001F00000000000000000000000000000008
:10B128007BC03180318031803F80318031803180F7
:10B138007BC00000000000000000000000000000CC
:10B148003FC00600060006000600060006000600CE
:10B158003FC00000000000000000000000000000E8
:10B168001FC00300030003000300630063006300C3
:10B178003E00000000000000000000000000000089
:10B188007BC03180330036003C003E003300318004
:10B1980079C000000000000000000000000000006E
:10B1A8007E001800180018001800184018401840B1
:10B1B8007FC0000000000000000000000000000048
:10B1C800E0E060C071C07BC06AC06EC064C060C08F
:10B1D800FBE000000000000000000000000000008C
:10B1E80073C0318039803D8035803780338031802D
:10B1F800798000000000000000000000000000004E
:10B208001F00318060C060C060C060C060C0318015
:10B218001F00000000000000000000000000000007
:10B228007F0031803180318031803F003000300034
:10B238007E00000000000000000000000000000088
:10B248001F00318060C060C060C060C060C03180D5
:10B258001F000CC01F80000000000000000000005C
:10B268007F003180318031803E0033003180318071
:10B278007CE000000000000000000000000000006A
:10B288001F803180318038001F0003803180318079
:10B298003F00000000000000000000000000000067
:10B2A8007F804C804C804C800C000C000C000C0003
:10B2B8003F00000000000000000000000000000047
:10B2C8007BC0318031803180318031803180318064
:10B2D8001F00000000000000000000000000000047
:10B2E8007BC0318031801B001B001B000A000E0050
:10B2F8000E00000000000000000000000000000038
:10B30800FBE060C064C06EC06EC02A803B803B809A
:10B318003180000000000000000000000000000074
:10B328007BC031801B000E000E000E001B00318018
:10B338007BC00000000000000000000000000000CA
:10B3480079E030C019800F000600060006000600EC
:10B358001F80000000000000000000000000000046
:10B368003F8021802300060004000C0018803080F4
:10B378003F8000000000000000000000000007807F
:10B388000600060006000600060006000600060085
:10B3980006000600078000000000000030003000B2
:10B3A800180018000C000C000600030003000180C0
:10B3B800018000C000C000000000000000001E0066
:10B3C8000600060006000600060006000600060045
:10B3D800060006001E0000000000000004000A002D
:10B3E8000A001100208020800000000000000000FA
:10B3F8000000000000000000000000000000000045
:10B408000000000000000000000000000000000034
:10B4180000000000000000000000FFE00800040039
:10B428000200000000000000000000000000000012
:10B438000000000000000000000000000000000004
:10B44800000000001F00018001801F8031803380D0
:10B458001DC0000000000000000000000000700097
:10B46800300030003700398030C030C030C03980FB
:10B47800770000000000000000000000000000004D
:10B48800000000001E803180608060006080318094
:10B498001F00000000000000000000000000038002
:10B4A800018001801D8033806180618061803380EC
:10B4B8001DC00000000000000000000000000000A7
:10B4C800000000001F00318060C07FC0600030C0F5
:10B4D8001F8000000000000000000000000007E0DE
:10B4E8000C000C003F800C000C000C000C000C0041
:10B4F8003F80000000000000000000000000000085
:10B50800000000001DC0338061806180618033804D
:10B518001D80018001801F000000000000007000F5
:10B5280030003000370039803180318031803180FF
:10B538007BC00000000000000000000000000600C2
:10B54800060000001E0006000600060006000600B1
:10B558003FC00000000000000000000000000600DE
:10B56800060000003F00030003000300030003007F
:10B578000300030003003E0000000000000070000C
:10B5880030003000378036003C003C003600330085
:10B5980077C00000000000000000000000001E004E
:10B5A8000600060006000600060006000600060063
:10B5B8003FC0000000000000000000000000000084
:10B5C800000000007F8036C036C036C036C036C0A6
:10B5D80076E000000000000000000000000000000D
:10B5E800000000007700398031803180318031805F
:10B5F8007BC0000000000000000000000000000008
:10B60800000000001F00318060C060C060C0318051
:10B618001F00000000000000000000000000000003
:10B62800000000007700398030C030C030C0398059
:10B638003700300030007C000000000000000000EF
:10B64800000000001DC0338061806180618033800C
:10B658001D800180018007C000000000000000007C
:10B66800000000007B801CC018001800180018009B
:10B678007F00000000000000000000000000000043
:10B68800000000001F8031803C001F0003803180D3
:10B698003F0000000000000000000000000018004B
:10B6A800180018007F0018001800180018001880EB
:10B6B8000F00000000000000000000000000000073
:10B6C8000000000073803180318031803180338008
:10B6D8001DC0000000000000000000000000000085
:10B6E800000000007BC0318031801B001B000E0071
:10B6F8000E00000000000000000000000000000034
:10B7080000000000F1E060C064C06EC03B803B8078
:10B718003180000000000000000000000000000070
:10B72800000000007BC01B000E000E000E001B0076
:10B738007BC00000000000000000000000000000C6
:10B748000000000079E030C0198019800B000F005C
:10B75800060006000C003E0000000000000000008B
:10B76800000000003F80218003000E001800308098
:10B778003F800000000000000000000000000600FC
:10B788000C000C000C000C000C0018000C000C0045
:10B798000C000C000600000000000000000006007D
:10B7A8000600060006000600060006000600060061
:10B7B80006000600060000000000000000000C0063
:10B7C8000600060006000600060003000600060044
:10B7D800060006000C000000000000000000000049
:10B7E8000000000000001800248003000000000092
:0CB7F80000000000000000000000000045
:10B804007CA7001088A7001094A70010A0A7001020
:10B81400ACA70010B8A70010C4A70010C4A900105A
:10B82400D02330B500251B0600245D5706E00368CD
:10B83400BFF35F8F1C6081F3108820BF0268EFF3B1
:10B84400108172B61368002BFCD0BFF35F8F0379AD
:10B854007F2BECD905710368BFF35F8F00221A6058
:10B8640081F3108830BDC04603000068EFF3108CEC
:10B8740072B60268002AFCD0BFF35F8F04229A5686
:10B88400002A04DB002900D00A60002004E0D02252
:10B894000120120612681A711B68BFF35F8F002221
:10B8A4001A608CF310887047F0B54F46D64646466A
:10B8B400C0B51F00D0231B061B6804009A46002352
:10B8C400904699460CE02268BFF35F8F49461160A9
:10B8D40083F310884046390000F02AFF00281AD16B
:10B8E4002668EFF3108372B63568002DFCD0BFF3E1
:10B8F4005F8F25797F2DE6D9524622712268BFF3E6
:10B904005F8F0021116083F310880120E0BCBA46E8
:10B91400B146A846F0BD0020F8E7C04670B582B035
:10B9240001A9040016001D00FFF79EFF002807D19F
:10B93400D0231B0601991B7849B25BB2994201D10D
:10B9440002B070BD32002B002000FFF7ADFFF7E717
:10B95400F8B50F00060000F0D3FEFA2204000D0033
:10B96400002392003800002100F0D2FE0B000200F8
:10B97400802112196B4109068B4202D30122034B29
:10B9840052423000FFF790FFF8BDC046FFFFFF7F33
:10B994000268EFF3108172B61368002BFCD0BFF37A
:10B9A4005F8FFF2303710368BFF35F8F00221A6068
:10B9B40081F3108840BF704710B5084C2378002BE2
:10B9C4000AD18023064807495B051A68C25004332C
:10B9D4008B42FAD10123237010BDC046A42A012052
:10B9E400201D00100001001010B5014B984710BD38
:10B9F400211D0020084B5A6842609A688260DA6808
:10BA0400C2601A6902615A6942619B698361A02319
:10BA14005B051B6803607047000002404268084BE6
:10BA24005A6082689A60C268DA6002691A6142697F
:10BA34005A6182699A61A02302685B051A607047A3
:10BA4400000002401423F0B5D6464F4646469A46B7
:10BA5400C0B581461888043388B098460E001B8808
:10BA640030491400984753460700188843462E4926
:10BA74001B88984753460500188843462B491B8862
:10BA840098478046FFF798FF01A8FFF7B3FFB84730
:10BA9400A847274B1A6880239B005340C02292007A
:10BAA4001340244A1360221E20D0C02108270220FC
:10BAB400490511E0002C14D0131B0D2B29D9002D9E
:10BAC4000AD02300002A05D00B6E013A337013000C
:10BAD40001362343002B09D03D008B6A1D401842D8
:10BAE400E8D1002DEDD123001343F5D1104B1A6892
:10BAF400C0239B0093430F4A1360C047FFF774FFB2
:10BB040001A8FFF78BFF08B0E0BCBA46B146A846CF
:10BB1400F0BD4B461B78013C0B6601239C46E14477
:10BB2400DFE7C04649460000455800004643000090
:10BB34000C8001400C9001400022154B10B59A6016
:10BB4400DA601A615A619A61DA611A625A629A6217
:10BB5400DA621A635A639A63DA631A645A649A64F7
:10BB6400DA641A655A659A65DA651A665A669A66D7
:10BB7400DA661A675A679A67DA67F0329200002128
:10BB8400044800F0B5FD044B044A1A6010BDC046D9
:10BB940000001050D01E0020982200208001105078
:10BBA400F0B54E464546DE465746E0B5214B0024E7
:10BBB4009E6D012585B0002E22D01F4B9A4601238D
:10BBC40099461E4B984601E0202C19D02A002300E8
:10BBD40001342F003240E4B26D00002AF4D0524602
:10BBE40097654A465B085B0022409B185B0143440F
:10BBF40018009B4600F030FC002808D1BE43E3D176
:10BC040005B0F0BCBB46B246A946A046F0BD5B46B3
:10BC1400E0219A78DB8A01A883600023C9000180AF
:10BC240001210271437100F037FC584600F0B0FB6B
:10BC3400E4E7C0460000115000301150901E00206F
:10BC44009823F0B5C646C64A00B5D55880232E00C1
:10BC54009B02102484B01E401D4273D0C14BC24CC1
:10BC64009A6AC24B00261A603B23E35C022B00D184
:10BC7400F4E07B23E35C022B00D10CE1BB23E35C07
:10BC8400022B00D1FBE0FB23E35C022B00D135E166
:10BC94003C23FF33E35C022B00D122E17C23FF33FE
:10BCA400E35C022B00D10FE1BC23FF33E35C022BE6
:10BCB40000D1FCE0FC23FF33E35C022B00D1A6E1BE
:10BCC400AB4BE35C022B00D196E1AA4BE35C022B65
:10BCD40000D185E1A84BE35C022B00D174E1A74BB2
:10BCE400E35C022B00D163E1A54BE35C022B00D1A2
:10BCF4002AE1A44BE35C022B00D10BE1A24BE35CF1
:10BD0400022B00D18FE1A14BE35C022B00D1A6E111
:10BD1400002E08D19E4B1B78002B04D180219D4A14
:10BD240090338902D150C0228D4B01A89B6C9200A4
:10BD34005B055B0D012180260280436000F0ACFBB3
:10BD4400954CB602EB0600D57CE080235B021D42D5
:10BD540032D01E43012302249846834FBB7E002B1E
:10BD640014D000F0EDFC012800D96FE0C0220021BE
:10BD74003800920100F012FB380000F009FB00F0DB
:10BD8400DFFC012802D9834B5C661C664346FB70CA
:10BD94002037012C01D00124E0E7C02301A8DB00F7
:10BDA4007E4A038002AB12CA12C3012100F074FB65
:10BDB4008022784B92021A6580235B011D420ED1CA
:10BDC4008023DB011D4221D180231B021D422CD183
:10BDD400AE4200D0C0E104B080BCB846F0BD00243F
:10BDE4001E435F4B1C60FFF7A7FE80236A465B007F
:10BDF40093801472012101A800F04EFB8022654B50
:10BE040012031A658023DB011D42DDD01E4380230B
:10BE140001A8DB000380012100F03EFB10225D4BF2
:10BE24001A6580231B021D42D2D01E43A02301A801
:10BE3400DB000380012100F02FFB8022554B12010F
:10BE44001A65C5E7FFF7ACFE26007EE7544B444A6B
:10BE54001C66536E2340A342FBD187E73833E65C6C
:10BE6400002E00D105E70233E25C002A00D100E78E
:10BE7400200000222030E25400F0B8FAF9E6B8338A
:10BE8400E75C002F00D1FEE60233E25C002A00D01A
:10BE940022E13E00F7E67833E75C002F00D1EDE6BF
:10BEA4000233E25C002A00D00EE13E00E6E6B9333C
:10BEB400FF33E75C002F00D1FCE60233E25C002A8A
:10BEC40000D0F8E03E00F5E67933FF33E75C002F5D
:10BED40000D1E9E60233E25C002A00D0E2E03E0051
:10BEE400E2E63933FF33E75C002F00D1D6E60233B4
:10BEF400E25C002A00D0CCE03E00CFE6F833E75CF9
:10BF0400002F00D1C4E60233E25C002A00D0B8E07E
:10BF14003E00BDE6234BE75C002F00D1EEE6023382
:10BF2400E25C002A00D010E1174BE35C022B00D145
:10BF34008BE0164BE35C022B00D0F4E61A4BE35C77
:10BF4400002B00D090E0EEE6184BE75C002F00D108
:10BF5400CFE60233E25C002A00D0EEE03E00C8E601
:10BF64000000115000400540901E0020841E002057
:10BF74003B0200007B020000BB020000FB02000049
:10BF84003B0300007B030000BB030000FB03000035
:10BF9400A22A0120003011501000020000001050AD
:10BFA400002011507A030000FA0300003A03000055
:10BFB4006C4BE75C002F00D196E60233E25C002A6A
:10BFC40000D0B2E03E008FE6674BE75C002F00D163
:10BFD40085E60233E25C002A00D09EE03E007EE665
:10BFE400624BE75C002F00D174E60233E25C002A66
:10BFF40000D08AE03E006DE65D4BE75C002F00D187
:10C0040063E60233E25C002A77D13E005DE6F93351
:10C01400FF33E75C002F00D152E60233E25C002AD2
:10C0240062D13E004CE6534BE35C002B00D16AE640
:10C03400EF239B00E25C002A00D17AE70022E2545D
:10C044001C3BE01800F0D2F973E74A4BE35C002B89
:10C05400EED1494BE35C022B00D064E63E00474B33
:10C06400E35C002B00D153E6FF239B00E25C002A33
:10C0740000D158E60022E2541C3BE01800F0B6F967
:10C0840051E620000022E030E2543E0000F0AEF918
:10C09400FEE5200000222130FF30E2543E0000F093
:10C0A400A5F9FBE5200000226130FF30E2543E0098
:10C0B40000F09CF9F8E520000022A130FF30E254A2
:10C0C4003E0000F093F9F5E5200000226030E254D0
:10C0D4003E0000F08BF9D1E520000022A030E254AC
:10C0E4003E0000F083F9CEE520000022E130FF306D
:10C0F400E2543E0000F07AF9E2E50022E2541C3BEF
:10C10400E01800F073F93E00DFE50022E2541C3B26
:10C11400E01800F06BF93E00DCE50022E2541C3B21
:10C12400E01800F063F93E00D9E50022E2541C3B1C
:10C13400E01800F05BF93E00D6E50022E2541C3B17
:10C14400E01800F053F93E00D3E50022E2541C3B12
:10C15400E01800F04BF9E7E631000948694000F0C7
:10C16400FFFAC046FA020000BA0200007A02000098
:10C174003A020000BA030000FB030000FA030000C7
:10C18400C8A30010F0B5D6464F464646C0B50200D7
:10C19400838A008B8A46041C984200D91C1CD578DB
:10C1A40080262800471EB841A4B2F6002643400367
:10C1B4003043012675401B1BD57055789BB2938282
:10C1C400002D37D15146D6688D01611E76198846F7
:10C1D4001569002C29D006293AD933002B439B0733
:10C1E40036D16B1CF31A022B32D9231F9B0801335F
:10C1F4009C4600270023E9580137F1500433BC451D
:10C20400F9D8634641469B00ED18F618CF1A9C42B4
:10C2140009D02B783370002F05D06B787370012F01
:10C2240001D0AB78B3701569938A2D1915618022FA
:10C2340012021043002B02D18023DB011843534622
:10C24400002B00D00004E0BCBA46B146A846F0BDBD
:10C254000023EF5CF75401339C42FAD11569938AA9
:10C26400E3E7C0468368F0B51B680500002900D0E9
:10C274001B0C9B05980D6B78002B08D1EB8AC31817
:10C28400EB822B8B834201D90023AB82F0BDEB6898
:10C294008901461EB4462A695C18002827D0062E58
:10C2A4002BD901315B18D31A022B26D9130023434F
:10C2B4009B0722D100230021061FB6080136E75848
:10C2C4000131D75004338E42F9D86346B600A4191D
:10C2D40092199F1BB04209D023781370002F05D008
:10C2E40063785370012F01D0A37893702A69EB8A85
:10C2F4001218C318EB822A61C3E70023E15CD1540E
:10C3040001339842FAD12A69F1E7C04610B5040016
:10C31400836800211B68FFF7A5FF63681B685B0047
:10C3240002D5238B834200D010BD01212000FFF7EA
:10C3340099FFF9E7084A0300126C0020920703D41E
:10C344009A78D209012A00D07047D87E0238434235
:10C354005841C0B2F8E7C0460000115010B5FFF7CD
:10C36400E9FF00280CD00749074B8C46074A9B6A13
:10C37400126863449B1A0020C6229A424041C0B20C
:10C3840010BDC046E0FCFFFF00400540841E0020B5
:10C3940000238376436103617047C04610B5836808
:10C3A400002901D01C682140002A12D08024E40016
:10C3B400114322420DD01A6822420CD1084A0A4085
:10C3C4001A60084A126C920703D40C23033BFDD273
:10C3D4008368196010BD8178034800F0C1F9C04634
:10C3E400FFFBFFFF00001150DCA30010436870B591
:10C3F400002180251E680400FFF7C4FE134B6D0165
:10C404001B6C05439B070FD5A3785B060FD0104B1D
:10C414001E4080239B053343626800211360200083
:10C424002A00FFF7BBFF70BDA378DB09EFD0A38A16
:10C43400002BECD001212000FFF7A4FEA023054A25
:10C44400DB05324005431343E6E7C04600001150C4
:10C45400FFFFFFAFFFFFFFDF70B5857E0400002DF7
:10C4640014D0FFF753FFA38A002B01D1280070BD1D
:10C474002000FFF773FF002803D001230025237752
:10C48400F4E72000FFF7B2FF0025EFE781780148C9
:10C4940000F066F9FCA30010F0B5CE46474680B51F
:10C4A400437805000E0085B0062B08D86B4A9B0024
:10C4B400D3589F466A4A13780133DBB21370694B31
:10C4C4001C686269EFF3108172B61368002BFCD00C
:10C4D400BFF35F8FA1612000290000F039F9626980
:10C4E400A369BFF35F8F0021116083F310880028D4
:10C4F40004D105B0C0BCB946B046F0BD320069787D
:10C50400287800F00DF9F4E70121574B1A788A4393
:10C514001A701A7801318A431A7000225A701A78F4
:10C5240002318A431A70CAE7504B514F9946514B16
:10C53400002498463A7810E043461B6861015B1872
:10C54400002B06D0DB69002B03D069682878984754
:10C554003A780134E4B2944217D8A242ECD8A31A30
:10C564005B014B44EEE7404B1A78D207C1D5042156
:10C574001A780A431A70A2E73B4B1A78D207B8D547
:10C5840004211A788A431A7099E7374F3B785B077E
:10C594002BD504223B78002193433B706B46063233
:10C5A400981D00F0A5F82B7801AC23700523637067
:10C5B4002C4B1B6898465A69EFF3108172B61368C6
:10C5C400002BFCD0BFF35F8F4346404699612100A6
:10C5D40000F0BEF843465A699B69BFF35F8F0021A0
:10C5E400116083F31088002831D1FB78DB0700D475
:10C5F4007FE76B460A220021981D00F079F82B781A
:10C6040001AC2370032363706B686360154B1D6872
:10C614006A69EFF3108172B61368002BFCD0BFF384
:10C624005F8FA9612800210000F092F86A69AB6964
:10C63400BFF35F8F0021116083F31088002800D1BD
:10C6440057E732006178207800F06AF851E7320049
:10C654006178207800F064F8C7E7C046C8AB0010E2
:10C66400A32A01205C1C0020041C0020E4AB001061
:10C67400A12A0120541A0020F0B506001C0018005D
:10C684001D000423CE4647469C46023B994680B58E
:10C6940000281CD0002C07D1002D18D06346F76861
:10C6A4003B4218D1002CF9D088464B46F7683B42F0
:10C6B40018D027000837AF4214D943461F78013CED
:10C6C400B76001312700002DE8D1002FE2D1C0BCB2
:10C6D400B946B046F0BDB768013D17702F0001326E
:10C6E4002743F2E7002DE0D0D8E7C0467047C046A4
:10C6F40001B40248844601BC604700BF75250010A0
:10C7040001B40248844601BC604700BFB51500105F
:10C7140001B40248844601BC604700BF6123001095
:10C7240001B40248844601BC604700BF1D4C0010A0
:10C7340001B40248844601BC604700BF791400106C
:10C7440001B40248844601BC604700BF850700105D
:10C7540001B40248844601BC604700BFF561001083
:10C7640001B40248844601BC604700BF9107001031
:10C7740010000000000000000000010000000000A4
:10C7840000000000000002000000000000000000A3
:10C79400000003000000000000000000000004008E
:10C7A4000000000000000000000005000000000080
:10C7B400000000000000FF000000000001B5486810
:10C7C40001318E460047704609380149884701BD4A
:10C7D400B90B001000000000FFFFFFFFFFFFFF7F09
:10C7E4000000000000000000000000000000000045
:10C7F40000000000501600200000000000000000AF
:10C80400503300004C330000543300005233000016
:10C814004D5300004D4300005334000043340000E6
:10C82400E542001095420010054200107D410010C1
:10C834000000000000010000601C002010000C003B
:10C8440000000000000000000000000000000000E4
:10C8540000000000FF000000FFFFFFFFFFFFFFFFDD
:10C8640024AC00100B001000101100200000000088
:10C87400000000001019002078190020E0190020A1
:10C8840000000000000000000000000000000000A4
:10C894000000000000000000000000000000000094
:10C8A4000000000000000000000000000000000084
:10C8B4000000000000000000000000000000000074
:10C8C4000000000000000000000000000000000064
:10C8D4000000000000000000000000000000000054
:10C8E4000000000000000000000000000000000044
:10C8F4000000000000000000000000000000000034
:10C904000000000000000000010000000000000022
:10C914000E33CDAB34126DE6ECDE05000B000000E7
:10C924000000000000000000000000000000000003
:10C9340000000000000000000000000000000000F3
:10C9440000000000000000000000000000000000E3
:10C9540000000000000000000000000000000000D3
:10C9640000000000000000000000000000000000C3
:10C9740000000000000000000000000000000000B3
:10C9840000000000000000000000000000000000A3
:10C99400FFFFFFFF00000200000000000000000095
:10C9A40038120020381200204012002040120020CB
:10C9B400481200204812002050120020501200207B
:10C9C400581200205812002060120020601200202B
:10C9D40068120020681200207012002070120020DB
:10C9E400781200207812002080120020801200208B
:10C9F400881200208812002090120020901200203B
:10CA04009812002098120020A0120020A0120020EA
:10CA1400A8120020A8120020B0120020B01200209A
:10CA2400B8120020B8120020C0120020C01200204A
:10CA3400C8120020C8120020D0120020D0120020FA
:10CA4400D8120020D8120020E0120020E0120020AA
:10CA5400E8120020E8120020F0120020F01200205A
:10CA6400F8120020F8120020001300200013002008
:10CA740008130020081300201013002010130020B6
:10CA84001813002018130020201300202013002066
:10CA94002813002028130020301300203013002016
:10CAA40038130020381300204013002040130020C6
:10CAB4004813002048130020501300205013002076
:10CAC4005813002058130020601300206013002026
:10CAD40068130020681300207013002070130020D6
:10CAE4007813002078130020801300208013002086
:10CAF4008813002088130020901300209013002036
:10CB04009813002098130020A0130020A0130020E5
:10CB1400A8130020A8130020B0130020B013002095
:10CB2400B8130020B8130020C0130020C013002045
:10CB3400C8130020C8130020D0130020D0130020F5
:10CB4400D8130020D8130020E0130020E0130020A5
:10CB5400E8130020E8130020F0130020F013002055
:10CB6400F8130020F8130020001400200014002003
:10CB740008140020081400201014002010140020B1
:10CB84001814002018140020201400202014002061
:10CB94002814002028140020301400203014002011
:10CBA40038140020381400204014002040140020C1
:10CBB4004814002048140020501400205014002071
:10CBC4005814002058140020601400206014002021
:10CBD40068140020681400207014002070140020D1
:10CBE4007814002078140020801400208014002081
:10CBF4008814002088140020901400209014002031
:10CC04009814002098140020A0140020A0140020E0
:10CC1400A8140020A8140020B0140020B014002090
:10CC2400B8140020B8140020C0140020C014002040
:10CC3400C8140020C8140020D0140020D0140020F0
:10CC4400D8140020D8140020E0140020E0140020A0
:10CC5400E8140020E8140020F0140020F014002050
:10CC6400F8140020F81400200015002000150020FE
:10CC740008150020081500201015002010150020AC
:10CC8400181500201815002020150020201500205C
:10CC9400281500202815002030150020301500200C
:10CCA40038150020381500204015002040150020BC
:10CCB400481500204815002050150020501500206C
:10CCC400581500205815002060150020601500201C
:10CCD40068150020681500207015002070150020CC
:10CCE400781500207815002080150020801500207C
:10CCF400881500208815002090150020901500202C
:10CD04009815002098150020A0150020A0150020DB
:10CD1400A8150020A8150020B0150020B01500208B
:10CD2400B8150020B8150020C0150020C01500203B
:10CD3400C8150020C8150020D0150020D0150020EB
:10CD4400D8150020D8150020E0150020E01500209B
:10CD5400E8150020E8150020F0150020F01500204B
:10CD6400F8150020F81500200016002000160020F9
:10CD740008160020081600201016002010160020A7
:10CD84001816002018160020201600202016002057
:10CD94002816002028160020301600203016002007
:10CDA400000000000000000000000000000000007F
:04000005100001E9FD
:00000001FF
