:020000041000EA
:1000000000B5324B212058609868022188439860DF
:10001000D860186158612E4B002199600221596106
:100020000121F02299502B49196001219960352056
:1000300000F044F80222904214D00621196600F024
:1000400034F8196E01211966002018661A6600F04E
:100050002CF8196E196E196E052000F02FF8012189
:100060000842F9D1002199601B49196000215960AB
:100070001A491B48016001219960EB211966A021F2
:10008000196600F012F800219960164914480160C1
:100090000121996001BC002800D000471248134993
:1000A000086003C880F30888084703B5996A0420EC
:1000B0000142FBD001200142F8D103BD02B5186610
:1000C0001866FFF7F2FF186E186E02BD00000240BE
:1000D000000000180000070000035F00212200005C
:1000E000F4000018222000A00001001008ED00E03C
:1000F00000000000000000000000000074B24E7A12
:1001000000200420F7010010CB010010A53D0110D4
:10011000C9010010C9010010C9010010C901001077
:10012000C9010010C9010010C9010010CF01001061
:10013000C9010010C9010010D1010010D301001045
:10014000C1010010C1010010C1010010C101001067
:10015000C1010010C1010010C1010010C101001057
:10016000C1010010C1010010C1010010C101001047
:10017000C1010010C1010010C1010010C101001037
:10018000C1010010C1010010C1010010C101001027
:10019000C1010010C1010010C1010010C101001017
:1001A000C1010010C1010010C1010010C101001007
:1001B000C1010010C1010010C1010010C1010010F7
:1001C000EFF30580103800BE00BE00BE00BE00BECA
:1001D00000BE00BEF2EB8871FCF3011020F40110A8
:1001E0003802001090A31AE700201E49086006C8D4
:1001F00081F3088810471C480068002801D00020BF
:10020000F3E70DA40ECC002902D000F012F8F9E7B4
:100210001649174A002000E001C19142FCD115495E
:100220008847154988471549884700BEFDE701C939
:1002300001C29A42FBD3704720F401104001002014
:10024000A43F00208432021000000420000004209B
:10025000843202100010042000100420000000006E
:100260007047000008ED00E0000000D0A43F00202F
:10027000D4570120095900109D06001001590010A3
:1002800001207047002801D1014870470020FCE799
:100290007819002070B504000D0013F099FE2300BA
:1002A00002002900034805F07BFD034808F042F8EE
:1002B000FEE7C04680B2011078563412F0B5DE4633
:1002C00057464E464546FA20E0B5D94CC000A544F5
:1002D00002F03AFC0FF014FA002800D14CE10020A3
:1002E000FFF7D0FF002800D179E10FF0FDF9D14BE5
:1002F000011E9A46186000D147E1CF4D0122280027
:100300000CF098FA040013F063FECC4B01002200BD
:10031000180005F045FD0D2C00D13AE1002C00D06D
:1003200050E1C74BA1460893C64BC74E9B460CAD48
:1003300008F00AF8C54B9842FAD1280003F09AF861
:10034000002800D18DE0072169560022AB5E0491A0
:1003500006216956BE4A0391052169560EA80291ED
:10036000032169560191022169560091202105F06F
:1003700033FA089A0EAB402116A805F02DFA534621
:1003800048221C6804AB9B181B782F2B70D016AF2B
:10039000002C07D0200018F0DFFA2018013803786D
:1003A0002F2B52D0AB4A802123004900009726A86A
:1003B00005F012FA0A2226A9A6A80CF01FFB804617
:1003C000002800D008E158461AF086FE7768002F12
:1003D0003DD0A14B32689A4239D104ABC7209C462C
:1003E000400030220021604403F060FE9B4B66AC6D
:1003F00066930323A3803333A3720E3BA373F033BE
:100400006382283BA375EF3BA376173323779C23A6
:100410005B01032263842423E254434636220B9378
:1004200021000BABA6A80CF031FF002825D10B9BB7
:10043000362B24D0012758461AF0AEFEA6A80DF0A0
:1004400005FA38008649FFF725FF864AABE758468C
:100450001AF0A2FEA6A80DF0F9F9002015F04EFF43
:1004600066E74B462021804A0EA805F0B5F980E7E3
:1004700004AB49279C4667448AE70700DBE7D220A4
:10048000800003F0DDFD031E079000D1CEE0774A27
:100490000992D2229200944663449846330046461D
:1004A0009846099B079AF9180B7801315842434145
:1004B0005B42DBB213705370937003329642F3D1F8
:1004C0000023D2220B9307990BAB9200A6A80CF045
:1004D000DDFE00284BD1D2220B9B9200934252D1D9
:1004E000099B193BFF3B1A000993614B9A42D8D1F3
:1004F000079803F0C3FDA6A846460DF043F8002870
:1005000000D088E0A6A80DF0A1F900287BD15846BC
:100510001AF042FE53460EA91B68009180214D4AF5
:100520004900200005F058F932687168200000F099
:1005300085FF32687168200000F04CFE8C22F023A9
:1005400071685200200001F021FA8C22F0237168BA
:100550005200200001F026FB002015F0CFFE012301
:100560009C46E1444B46C82B00D0E1E6FEE707007D
:10057000079803F083FD5EE73E4805F089FB3E489F
:1005800005F086FBFEE70127F2E73C4805F080FB1B
:10059000F5E7092366A90B80002350464B608B606A
:1005A000CB608023A6AA5B0100680DF08BF90400E4
:1005B00013F00EFD324B01002200180005F0F0FB95
:1005C000002C10D0200013F003FD2E4B0100220060
:1005D000180005F0E5FBD2E72B49FFF75BFE2B483F
:1005E00005F056FBCBE753460122196828000CF0B2
:1005F00021F9040013F0ECFC254B01002200180047
:1006000005F0CEFB8AE6070058461AF0C5FD380013
:100610002049FFF73FFE070058461AF0BDFDA6A887
:100620000DF014F938001C49FFF734FE112702E7DA
:1006300064EDFFFF50470020A83F002000B30110E9
:10064000A0B30110B44F0020A457012001EFCDAB9F
:1006500078B30110B4B3011080060100424DB61307
:10066000D0B30110ACB3011094B3011068050100C0
:10067000E8FEFFFF94B2011060B30110DCB201107C
:1006800014B3011048B30110BCB30110ACB2011097
:1006900028B30110ECB30110E4B3011070B516F0EB
:1006A00063FC02F0CBFEFA20800002F04DFA2A4CE7
:1006B000D025200001F0B0FEFA210620890014F0B8
:1006C00031F822000620254916F030F915F01CFEFD
:1006D00015F08EFE224807F0BBFE002601242D06F1
:1006E0002B6D1C420ED007F02FFE1E4B984220D0DF
:1006F0001D4B9842F4D11D4805F0CAFA1C4805F07C
:10070000C7FAFEE715F0F4FD002823D1002E01D032
:1007100016F02AF9FA20800013F010FF15F012FFEE
:100720002B6D1C4212D007F00FFE0E4B0026984294
:10073000DED1104805F0ACFA0F4805F0A9FA07F031
:1007400011FE0E4805F0A4FA002070BD15F0D0FD92
:100750000028DFD00126C3E7B44F0020A4570120B2
:10076000BD020010AFBEADDE7856341238B40110B1
:1007700060B40110F4B3011014B4011028B40110D6
:10078000434258414042C0B27047C04610B503F0E2
:10079000DAFAF021890503F080FAFE21890503F0D9
:1007A00062FA10BDF8B5CE4647468B1E150080B5DF
:1007B000061C0E2B39D80120013988404742441EBF
:1007C00003F0C6FA1C498046301C03F09DFA00284D
:1007D0001CD0194B9946002D06D04946301C03F019
:1007E0008BFA4342584128604946404603F055FA87
:1007F0001AF0AAFC030020009C4200DD1800B84259
:1008000000DA3800C0BCB946B046F8BD200003F09D
:100810009FFA414603F02DFA8146011C301C03F07B
:1008200081FA0028D7D1B146D5E7002A01D00023AC
:1008300013600020E6E7C046000080BF8B1E70B545
:100840000C000E2B0CD803F083FA051C0120013C90
:10085000A04003F07DFA011C281C03F00AFA70BDC9
:100860000020FCE7F0B557464E464546DE46E0B56B
:100870000C00060015001F008BB0002B00D1A1E07A
:1008800010220021181D03F011FC3D60002E00D144
:1008900094E0002C00D191E0AB1E0E2B00D98DE02E
:1008A0000120013DA84043420593431E994603F0B1
:1008B0004FFA8046484603F04BFA414603F0D9F917
:1008C0003319069300239A46002300229B460023F7
:1008D000099755464F460092019302920393079061
:1008E000089453E0079C4846211C03F01BFAA246DB
:1008F000002800D1CA465146404603F0CEF91AF00E
:1009000023FC030038009F4200DD1800059B98423D
:1009100000DA180003F01CFA414603F0AAF9011CA2
:10092000484603F0A0F95146041C484603F0E4F998
:10093000434258412D18484603F066FA02000B0066
:1009400003F049F802000B000298039903F024F821
:1009500002900391201C03F057FA02000B0003F0F1
:100960003AF802000B000098019903F015F86400B2
:100970006408009001915946201C03F0D3F9002827
:1009800000D0A346069B0136B34222D030784342C2
:1009900058414042C0B203F0D6F9F021890503F076
:1009A0007CF9FE21890503F05EF92249814603F0B6
:1009B000ABF9002896D01F4B9A469CE71E4BBB60B4
:1009C000FB603B610BB0F0BCBB46B246A946A046FB
:1009D000F0BD099F089C7D60200003F063F8009C37
:1009E000019D02000B002000290002F0DAFF03F055
:1009F000A9F803F09FF85B463861FB6000220023F2
:100A00002000290003F026F8002803D0FF20C005AD
:100A1000B860D7E7009A019B0298039902F0C1FFE2
:100A200003F088F803F05AFA044903F036F9B86085
:100A3000C8E7C046000080BF0000C07F0000204122
:100A40000F23034009010B43D8B27047F0B5574656
:100A5000DE464646C0B504008A46170086B0002A26
:100A600000D19CE020220021380003F01FFB002C65
:100A700000D194E05346002B00D190E00026E2180C
:100A800023780134591E8B41F6189442F8D153460D
:100A900030009B1B9B4603F005F804000D005846F0
:100AA0000094019502F0FEFF00225C4B029003913E
:100AB00002F091FF22002B0002F069FF0400504673
:100AC0000D0002F0EFFF02000B002000290002F0F1
:100AD00068FF03F02FF88046002E66D003F094F9EB
:100AE00002000B0000204E490492059302F04FFFD4
:100AF00004000D0002000B000098019902F06BFF4A
:100B000022002B0002F067FF0023002202F044FFC6
:100B10005B4604000D00002B00D172E0414B3B60AE
:100B2000414B7B604346BB605346012B00D170E0D4
:100B3000049A059B0020394902F029FF02000B00AE
:100B4000009001910298039902F045FF009A019BE1
:100B500002F041FF02000B002000290002F01CFF00
:100B600004000D005346581E02F09CFF0B000200CB
:100B70002900200002F015FF02F0DCFFB86103F04D
:100B800049F95346F8615B08B34245D35B4531D31D
:100B9000264BFB60B3452FD8224B7E613B6106B0EC
:100BA000E0BCBB46B246A846F0BD1F4BB8603B60F8
:100BB0007B605346012B1AD003F026F902000B008C
:100BC0000020164902F0E3FE04000D0002000B00B5
:100BD0000298039902F0FFFE22002B0002F0FBFEB8
:100BE0000022002302F0D8FE04000D00BAE7002323
:100BF000BB61FB610C4BFB600B4B3B615B467B615C
:100C0000CDE7084B3B607B604346BB605346012BFE
:100C1000A8D10023BB61FB61024BBAE700C0EF3FE4
:100C20000000F0BF000080BF00007E3F000080BBDE
:100C3000F8B5DE4657464E464546E0B500286DD02D
:100C400000296BDD002A69DD002B67DD0A9C002C82
:100C500064DD4C1E9C4261DD0A9C013AA2425DDDCE
:100C60002200013A4A435C1E8518AC4652182D5D9D
:100C700051180419675C6E4275417E4277415E1CD3
:100C8000B1466D42EDB26D426646AB464D46765D6D
:100C9000411835006E426E417642F5B2A8464D4687
:100CA0004E5DA45C35006E426E41250080184A46B8
:100CB0006C426C41805C5D464242504162466442F7
:100CC000E4B27F426400FFB22C1B4042D25CE41BC2
:100CD000C0B244444000201854426241CB5C4446B8
:100CE00059424B415242D2B25200AA1A5B42121BE5
:100CF000DBB2D21976425B00D318F6B280199B1989
:100D00005B434043C01803F023F803F083F803F07B
:100D100041F8FF2809DDFF20C0B200E00020F0BC50
:100D2000BB46B246A946A046F8BDC343DB171840F0
:100D3000C0B2F4E7F0B5DE4657464E464546E0B54C
:100D4000CA4CA544002800D18AE10AADAC46C84C83
:100D500064442468002C00D182E1C64C64442468B9
:100D6000002C00D17CE1FF2900DC79E1002A00DCC5
:100D700076E1002B00DA5310934200DB73E10AAAFC
:100D80009446160015005943B94B441863441F6834
:100D900020780134434258414042C0B202F0D3FFB0
:100DA000F021890502F079FFFE21890502F05BFF41
:100DB000FFAB01C52C3301C7AB42E9D10A98AE495C
:100DC00002F06BFF01250A900BAC280002F0C0FF77
:100DD000AA4902F062FFAA4902F04BFF03F020F893
:100DE000A84902F05AFF011CA74802F03CFF011C71
:100DF000206802F052FFFFAB01C42C330135A3423F
:100E0000E3D11D000AAAC023944600202A001B013A
:100E1000634402CE5060116008329A42F9D1022137
:100E2000002201208946AB46FFAC2C344D465108C8
:100E300057002F40014039439708490007400F43AE
:100E4000D1087F00014039431709490007400F438B
:100E500051097F00014039439709490007400F437A
:100E60007F00D1093943914211D965682768AA46A4
:100E7000FFAD2C35A846C9008844BC46250047462E
:100E800042CF42C5654641460D6055464D60083427
:100E900001329C42CAD15D4601267C4B7C4C0393B7
:100EA00009950123C021B3400906201C9A4602F08F
:100EB000F4FE211C02F0F1FE0823B3400022984604
:100EC0005346934652465B10DB00994605925A46BC
:100ED00004924A4606924246FFAB2C3302904B44A2
:100EE00008960792FE241E000027069AA4059D1A64
:100EF00001933368211C9A4673685046984602F065
:100F0000CCFE391C8146404602F0C7FE011C484613
:100F100002F0A9FE211C8146404602F0BEFE391CAB
:100F20008046504602F0B9FE011C404602F09EFE8B
:100F30002B6880469B466B68494658469A4602F0A5
:100F400092FE41463060504602F08DFE5946706078
:100F5000484602F08BFE51462860404602F086FE6D
:100F6000029B6860211C181C9B4602F096FE039BA6
:100F70008046191C381C9A4602F08FFE011C404620
:100F800002F071FE011C201C02F070FEA146391C0B
:100F9000041C584602F081FE51468046484602F045
:100FA0007CFE011C404602F061FE011C381C02F070
:100FB0005DFE019B0835071C0836AB4299D10599A7
:100FC000049A8C46079962448C4604926344FF2A33
:100FD00088DD089E0136092E15D00120B040401052
:100FE00002F0B6FE011C2B4802F043FEFC218905ED
:100FF000071C02F052FE02F025FF041C381C02F010
:1010000021FF03904DE70AAA94461A4BFFAF6344B1
:101010001E688123DB009C462C37099D67442868A5
:101020006B68011C984602F038FE4146041C40469D
:1010300002F033FE011C201C02F018FE02F0EAFE52
:10104000154902F02AFE083501C6AF42E7D100205B
:10105000084B9D44F0BCBB46B246A946A046F0BD35
:1010600001204042F4E702204042F1E7D4F3FFFFC1
:10107000280C00002C0C00000CD7A33DDB0FC9404E
:1010800000007F431F85EB3E713D0A3F2EBDBB3301
:10109000000080BFDB0F49C07B096D3CF0B54546C1
:1010A000DE4657464E46E0B5494C9046A544019170
:1010B0000A22010044A81D000BF0A0FC041E37D139
:1010C0004346002B00D176E0E69B002B3AD19A46AE
:1010D00003AB994604AE434652469D1A402D00D9B3
:1010E0004025C2450ED0019B3700534400249B4647
:1010F0005B46185DFFF744FBFFF748FB013401C76F
:10110000A542F5D8AB009B4600235A460393310015
:101110004B4644A80CF0BAF8041E06D1AA44039B1F
:10112000D04546D99B45D6D0012444A80CF08EFB6F
:101130002000DD239B009D44F0BCBB46B246A9467F
:10114000A046F0BD00239A4603AB994604AE434641
:1011500052469F1A402F00D94027D04515D0019BF9
:10116000002453449B465B46185DFFF709FBFFF7DD
:101170000DFB00222900FFF715FB2900FFF75EFB9E
:10118000A3000134F050A742EDD8BB009B460023DA
:101190005A46039331004B4644A80CF077F8041EDE
:1011A000C3D1BA44039BD04503D99B45CFD001247A
:1011B000BBE79B45B8D144A80CF0E4F9050044A86E
:1011C0000CF044FB0400002DB2D02C00B0E7C04668
:1011D0008CFCFFFF30B58C4CA544040008001100C6
:1011E00004AAFFF733FC8021884B894A0093490009
:1011F000230034A804F0F0FA0A2234A974A80BF0F2
:10120000FDFB041E03D02000824B9D4430BD0C909A
:101210000D2281490CAB74A80CF038F8041E00D0E4
:10122000EBE00C9B0D2B00D0E6E0049802F0ECFD07
:101230007A4D009001912A00A0210CA804F0CCFA6C
:101240000CA817F089FB03AB020005000CA974A8D9
:1012500003940CF01BF8041E00D0CEE0039B9D42CB
:1012600000D0CEE0059802F0CFFD6D4D00900191C9
:101270002A00A0210CA804F0AFFA0CA817F06CFB10
:1012800003AB020005000CA974A803940BF0FEFF49
:10129000041E00D0B1E0039B9D4200D0ACE0069854
:1012A00002F0B2FD5F4D009001912A00A0210CA830
:1012B00004F092FA0CA817F04FFB03AB02000500F4
:1012C0000CA974A803940BF0E1FF041E00D094E075
:1012D000039B9D4200D094E0079802F095FD524D8B
:1012E000009001912A00A0210CA804F075FA0CA826
:1012F00017F032FB03AB020005000CA974A803949D
:101300000BF0C4FF041E78D1039B9D4279D108984D
:1013100002F07AFD454C009001912200A0210CA81A
:1013200004F05AFA0CA817F017FB002302000393ED
:10133000050003AB0CA974A80BF0A8FF041E5CD138
:10134000039B9D425DD1A021099B394A0CA804F062
:1013500043FA0CA817F000FB03AB020005000CA930
:1013600074A803940BF092FF041E46D1039B9D4288
:1013700047D10A9802F048FD2E4D009001912A00B5
:10138000A0210CA804F028FA0CA817F0E5FA03AB8A
:10139000020005000CA974A803940BF077FF041E4B
:1013A0002BD1039B9D422CD10B9802F02DFD224D99
:1013B000009001912A00A0210CA804F00DFA0CA8BD
:1013C00017F0CAFA03AB020005000CA974A8039435
:1013D0000BF05CFF041E10D1039B9D4211D174A839
:1013E0000CF0D0F8050074A80CF030FA0400002DC1
:1013F00000D108E72C0006E7012474A80CF026FAB7
:1014000001E70134F9E7C046CCFBFFFF78B40110D7
:10141000ACB301103404000084B4011094B4011082
:10142000A0B40110ACB40110B8B40110C8B40110DC
:10143000D4B40110E4B40110F4B40110F0B557466F
:101440004546DE464E46E0B5854C8A46A544904664
:10145000041E41D000293FD0002A3DD08021814B7D
:1014600049001A000893804B0093030022A804F05F
:10147000B3F90A2222A9A2A80BF0C0FA051E2CD1AA
:10148000002399469B460A9443464A469E1A402E9C
:1014900000D94026C8450CD05746002462AD4F44C1
:1014A000385DFFF76DF9FFF771F9013401C5A64208
:1014B000F6D85B46B7001D933A001DAB62A9A2A8FF
:1014C0000BF0E4FE002811D1B1441D9BC84512D990
:1014D0009F42D9D001250AE013252800634B9D4483
:1014E000F0BCBB46B246A946A046F0BD0500A2A886
:1014F0000CF0ACF9F1E70A9C9F42EBD1A2A80CF0EA
:1015000041F80500A2A80CF0A1F9002DE5D10028B2
:1015100000D0FFE18021564B089A00934900230038
:1015200022A804F059F90A2222A9A2A80BF066FA0F
:101530000023051E9946D0D1A34643464A469F1A2A
:10154000402F00D94027C84511D05446002562AE2F
:101550004C44605DFFF714F9FFF718F900221021E1
:10156000FFF720F9013530800236AF42F1D8002371
:101570007E001D9332001DAB62A9A2A80BF086FE6F
:101580000028B3D1B9441D9BC84503D99E42D4D08D
:101590000125ACE75C469E429CD1A2A80BF0F2FF6D
:1015A0000500A2A80CF052F9002D96D1002800D019
:1015B000B0E180212F4B089E0093320023004900A8
:1015C00022A804F009F901234246009351460F3343
:1015D00022A8FFF763FD051E00D07EE78021264B81
:1015E000320000934900230022A804F0F5F80A22F3
:1015F00022A9A2A80BF002FA0023051E9B4600D0E8
:101600006BE7A14643465A469E1A802E00D9802693
:10161000D84511D05446002562AF5C44605DFFF7A9
:10162000AFF8FFF7B3F800220821FFF7BBF8013548
:1016300038700137AE42F1D8002332001D9362A901
:101640001DABA2A80BF022FE002800D04EE7B34449
:101650001D9BD84512D99E42D4D0012547E7C046EC
:1016600014FBFFFFACB3011004B50110EC04000043
:1016700014B5011020B5011030B501104C469E4242
:1016800000D027E7A2A80BF07DFF0500A2A80CF070
:10169000DDF8002D00D020E7002800D03AE18021BD
:1016A000B24B089E009332002300490022A804F0A8
:1016B00093F80123424600935146073322A8FFF7CF
:1016C000EDFC051E00D008E78021A94B32000093F5
:1016D0004900230022A804F07FF80A2222A9A2A828
:1016E0000BF08CF90026051E00D0F6E64546C846EC
:1016F000534600279C192078FFF742F8FFF746F879
:1017000000220421FFF74EF843B29946731C3A00B9
:101710000137AB4200D2D3E04446A8464D4693463B
:1017200000212800FFF78CF9BC215A4604AB490080
:101730005B18985400233A001D9362A91DABA2A820
:101740000BF0A4FD051E00D0D1E61D9B9F4200D0EA
:10175000C0E6A2A80BF016FF0500A2A80CF076F8D0
:10176000002D00D0B9E6002800D0D3E08021814BC5
:10177000089E009332002300490022A804F02CF8B0
:101780000123424600935146033322A8FFF786FC0B
:10179000051E00D0A1E610224146504613AB18AFFB
:1017A000FFF760F83B00082241465046FFF75AF821
:1017B0000422414650461DABFFF754F880216E4B82
:1017C000320000934900230022A804F005F80A2201
:1017D00022A9A2A80BF012F9051E00D07DE66290A6
:1017E0003722664962ABA2A80BF050FD051E00D05F
:1017F0007DE61DAB0F9343465B0010934346629A10
:10180000119301335B080E971293372A00D061E6DB
:101810000DAB9A4610AB994613AB98464D464446DD
:10182000574B0A93574B0B93A3682069994623683B
:10183000984602F0E9FA08900991E06802F0E4FAAB
:101840006268060093464A46540064080F00201C54
:101850004D4902F06CFA00285ED14B49201C02F081
:1018600059FA002858D15A462B68C0210593049292
:10187000089B099C02960397009301940B9A434698
:1018800062A803F0A9FF62A817F066F8002304001D
:1018900002000C9362A90CABA2A80BF0F7FC002885
:1018A00000D023E612AA0C9B95424ED00422944607
:1018B0000435E2449C4200D00CE653461C68B3E772
:1018C0006078FEF75DFFFEF761FF00220421FEF75E
:1018D00069FF41B24846FFF7B3F8782204ABFF3204
:1018E0009B180236D855B5422CD90234802F00D02F
:1018F00001E70023F73A1D9362A91DABA2A80BF0E4
:10190000C5FC002800D0F1E51D9B802B00D1EFE63F
:101910000125ECE50500E0E52B68484607935B46AA
:10192000069302F071FA089B099C049005910093BC
:101930000194C0214346029603970A9A62A803F0D5
:101940004BFFA0E74446A846F4E69C4200D0C1E520
:10195000A2A80BF017FE0400A2A80BF077FF050069
:10196000002C00D1B9E52500B7E5C04638B5011017
:1019700048B5011050B5011060B5011074B50110E3
:10198000C8B50110ACB50110FFFF7F7FF0B5DE4692
:1019900057464E464546E0B5764CC326A5446FAC47
:1019A000019402ACA44604900500080011001A003E
:1019B000F600DB0F9B1866445B100096FFF7BAF940
:1019C000071E5CD180216C4B6C4A009349002B00B0
:1019D0002FA8059203F000FF0A222FA9F0A80BF010
:1019E0000DF8041E08D02000654B9D44F0BCBB469A
:1019F000B246A946A046F0BD2522624907ABF0A831
:101A000007970BF043FC041E35D1079B252B00D014
:101A10009EE0002398465C4B44469A460023994634
:101A20005A4BB8469B465746594D0AE0069B9D4285
:101A300000D08DE0802301345D4604365B009C427B
:101A40001FD0306802F0E0F92B003A0000900191BD
:101A5000A02107A803F0C0FE07A816F07DFF4B46A3
:101A600005000200069307A906ABF0A80BF00EFCD8
:101A70000028DBD00400F0A80BF0E8FEB3E7132445
:101A8000B1E706900122434906ABF0A80BF0FEFB3C
:101A90004746A046041EEED1069B012B58D1F0A864
:101AA0000BF070FD0500F0A80BF0D0FE0400002D37
:101AB0005DD1002897D1384B4146059A00932FA855
:101AC000049B03F089FE0A222FA9F0A80AF096FFD2
:101AD000041E00D087E706901E22304906ABF0A80E
:101AE0000BF0D4FB041EC6D1069B1E2B30D12C4B11
:101AF0006FAE994600234C469846306802F084F950
:101B000002900391380002F023F9EE21890502F0DA
:101B1000C4F802F079F93B00220000900191A02165
:101B200007A803F059FE07A816F016FF4346050064
:101B30000200069307A906ABF0A80BF0A7FB00284C
:101B400098D10137069B812F04D004369D42D4D012
:101B5000012490E79D42FBD1F0A80BF013FD050096
:101B6000F0A80BF073FE0400002D00D13BE72C0021
:101B700039E7C046DCF5FFFFE4B50110ACB3011056
:101B8000240A0000F4B501101CB6011024B601109F
:101B9000A0BB011000BC011028B6011038B601101E
:101BA00058B60110F0B54546DE4657464E46E0B5FC
:101BB0005B4C1D00A54403911400002858D0002957
:101BC00056D0F022631E5200934251D2002D4FDDB9
:101BD0008021544B544A00934900030014A803F099
:101BE000FBFD032263001E1973421A409046330026
:101BF000434499462B004A4653439A46362353445E
:101C00009B4606AF36220021380002F04FFA474BC0
:101C100014A93B805B467B801B0C3B715B461B0E13
:101C20007B713623BB720E3BBB732B0C3B762B0EAA
:101C30007B760123BB7617333B7753461A0C7B84A4
:101C40002423FA54534625221B0EBB5454A81B3A96
:101C50007C82FD820AF0D2FE824600280BD05046DC
:101C6000334B9D44F0BCBB46B246A946A046F0BDEE
:101C700013239A46F3E7ED9036223900EDAB54A8D2
:101C80000BF004FB8246002837D1EDAA9446ED9B69
:101C900066446F1E0296362B2BD1039BCA469B4689
:101CA000C146A8460026EDAD330042462100584605
:101CB0000097FEF7BDFF013628706870A8700335E5
:101CC000B442F1D14B46002B04D04A460021029881
:101CD00002F0ECF9002352460593EDA905AB54A898
:101CE0000BF0D4FA002807D1059B013F09D39A4590
:101CF000D8D001239A4600E0824654A80BF0A6FDF6
:101D0000ADE79A45F5D154A80BF03CFC040054A86B
:101D10000BF09CFD8246002CA1D0A2469FE7C04656
:101D2000A4F6FFFF68B60110ACB30110424D0000ED
:101D30005C090000094A83009A1810B51468402213
:101D4000544080322240064CC000A44663441A60CE
:101D5000044B9C466044416010BDC04604C0014035
:101D600004D0014000400140074B8000C3181B68AD
:101D7000C90092000A435A400C231340034A944678
:101D8000604403607047C04604C0014004D0014075
:101D9000054B8000C3181B684B4001211940034BC1
:101DA0009C4660440160704704C0014004D001407B
:101DB000064B8000C3181B68054A09015940944628
:101DC000302360440B4003607047C04604C00140AC
:101DD00004D001400123D022834012069362936114
:101DE000094A83009A1811684022514080320A4003
:101DF0000649C0008C4663441A60054B9C46052387
:101E0000604443607047C04604C0014004D00140B4
:101E100000400140094A83009A181168402251404D
:101E200080320A400649C0008C4663441A60054B64
:101E30009C461F23604443607047C04604C0014075
:101E400004D00140004001408023DB051868000FEA
:101E50007047C0460FB400B5084883B003F018FFC0
:101E6000049B002B07D005A91800019103F0E6FCA4
:101E7000034803F00DFF012003F0F8FC74B60110D5
:101E8000A0BB0110EFF3108072B6034A1368002B59
:101E9000FCD0BFF35F8F70472C0100D0BFF35F8F82
:101EA0000022024B1A6080F3108870472C0100D08A
:101EB00070B5EFF3108C72B60D4D2B68002BFCD073
:101EC000BFF35F8F0724CB08C618C05C01230C400A
:101ED000A3401C000440034207D118433070BFF3F5
:101EE0005F8F2C608CF3108870BD1000FFF7B2FF7D
:101EF0002C0100D0F8B54746CE46884680B5EFF3B2
:101F0000108C72B6214D2C68002CFCD0BFF35F8F73
:101F10009A422CD8D4080727055D061901241740DA
:101F2000BC402C421FD007210127894609E0D40874
:101F3000055D06194C4639001440A1400C002942A9
:101F400011D001329342F2D201204042BFF35F8FA1
:101F500000220E4B1A608CF3108800280FDBC0BCE7
:101F6000B946B046F8BD254310003570EEE7BFF323
:101F70005F8F00232B608CF3108801204042434682
:101F8000002BECD00898FFF765FFC0462C0100D06D
:101F9000044A1078431CDBB2172B00D910231370AE
:101FA0007047C0461837002010B5064B064C82B06B
:101FB0000100009318221F232000FFF79BFF02B0AF
:101FC00010BDC04684B60110384B00200021044BE0
:101FD000044ABFF35F8F02C39342FAD17047C046F1
:101FE000000100D0800100D0054B064A1360064A6C
:101FF000136053609360D3601361536193617047C2
:102000008080808000E400E004E400E01F231840AA
:102010001E3B8340002905D0C021044A490053508B
:1020200013607047802201498B50FAE700E100E01D
:1020300001228240034B1B6813405A1E9341D8B2C1
:102040007047C04600E100E001238340014A13606D
:102050007047C04600E200E0064B10309B688000ED
:10206000C358054A00209B1A5F229A424041C0B2E1
:102070007047C04600ED00E01C37002010B5EFF3BC
:10208000108C72B60F4A1368002BFCD0BFF35F8F21
:102090000D4B10309B6880001B580C4A934201D0B6
:1020A00099420CD1084B9B681950BFF35F8FBFF367
:1020B0005F8F0022034B1A608CF3108810BD01F073
:1020C00063F8C046240100D000ED00E0C10100101B
:1020D000F0B557464E46DE464546E0B58A4685B0E1
:1020E0000600EFF3108972B663490B68002BFCD031
:1020F000BFF35F8F0021614B59568C46002900DAEF
:10210000B7E049000D005E4C6544AD0067190291CF
:10211000B979103619705B4BB1009B6801915B581F
:10212000191B5F2935D8012118008843C6799642CA
:1021300000D875E09B46029B019E9846039507E0F8
:102140004D006D18AD006519EB7993424ED928000A
:10215000062141560029F3DA45465B460196029571
:10216000061D494D0396039E043FBF1B3F05474E86
:102170007F0D3743664687808671029860448000F1
:102180002418E27152464248A5802060A171A260E5
:1021900018E040498B4200D06BE03F4B3B49635312
:1021A0003E4B0235043B65195B1B1B055B0D0B4366
:1021B0007B803B4BFA71BB80FF23BB715346BB60F6
:1021C00001233B432F4A019992685350BFF35F8F1D
:1021D000BFF35F8F0022284B1A6089F3108805B087
:1021E000F0BCBB46B246A946A046F0BD01964646A5
:1021F000029686885B467605B346061D039D0396C8
:102200005E463615B346061DB046C3445E460435E9
:102210006519751BE0262D056D0D36023543A2E7C5
:10222000204BFA719C46030066461B1B5B415E43D4
:10223000360DB446AE1CB046A0444646164B63531A
:10224000164B0435043B9B1B1B05104E5B0D3343A3
:102250007B806319C31A043B1B055B0D3343BB80B2
:102260006346BB715346BB60094B03603B000B43A5
:10227000A8E700F089FFC046240100D0CD57012017
:102280001C37002000ED00E001BD000000E0FFFF72
:1022900001488047C101001000A1FFFF7C370020EA
:1022A00001BDFFFFAAAA000070B501240443EFF3AB
:1022B0000581EFF3108C72B62D4A1368002BFCD009
:1022C000BFF35F8F2B4A05002B4BAD1A6D416B435B
:1022D0001B0D2A4D8900AE685BB27658A6422CD001
:1022E0000621515699422CD012215156994234D090
:1022F0001E215156994232D02A215156994230D04E
:102300003621515699422ED042215156994222D01F
:102310004E215156994228D05A21515607249942AC
:1023200010D0174A117813708171BFF35F8F0022AC
:102330000F4B1A608CF3108870BDAA68114C545072
:10234000EFE700246100091989005218FF219171FB
:102350000D499180E5E70524F4E70124F2E7022422
:10236000F0E70324EEE70424ECE70624EAE7C0469E
:10237000240100D01C370020AAAA000000ED00E0D4
:10238000CD570120C101001001BDFFFF10B5084B62
:10239000084C82B001000093002205232000FFF7C3
:1023A000A9FD002801DB1F23181A02B010BDC0468A
:1023B000A0B60110D2570120024B9C46614489000F
:1023C000016070474000003470B5114C114DAC42B3
:1023D0000FD2FF262368002B0CD0FFF7D9FD010098
:1023E0002000FFF7E9FFA680BFF35F8F0834AC42FF
:1023F000F0D370BDFFF7CCFD01002000FFF7DCFF3C
:102400002671BFF35F8F0834AC42E3D3F1E7C046D7
:10241000843F0020A43F002010B50400FFF7B8FD62
:1024200001002000FFF7C8FFFF232371BFF35F8F78
:1024300010BDC04610B504000120FFF7B5FD034BE9
:10244000C3189B002360BFF35F8F10BD40000034B2
:10245000034B9C46614489000160BFF35F8F704766
:10246000400000340A4B1968EFF3108072B60A6816
:10247000002AFCD0BFF35F8F1B68BFF35F8F002281
:102480001A6080F3108840BF002000217047C046CA
:1024900098570120F0B5DE4657464E464546E0B512
:1024A00083B0EFF3058203231340B54A99005258D5
:1024B0000091904601229A409346B24B1A60B24B6B
:1024C00001935B46B1484363434608229B5E9946AD
:1024D000002B3ADA43469B881BB2002B00DB9DE0C1
:1024E00043469B79002B00D0E1E0434608241C5F63
:1024F000002C20DB43465A6963001B19DB00D3180C
:102500009D68DC686B1C00D103E1A04800998446FB
:102510006144826A0B69AE1A9B1A9E4213D35A46D3
:10252000036A1A420FD0994800F0C0FB8C4202DCCB
:10253000C7D18542C5D940BF03B0F0BCBB46B24647
:10254000A946A046F0BD0D61EDE7424652695B0029
:1025500092464B44DB009A4453469E68DF6800F085
:10256000A5FB8F42B6DC00D1F8E0002F00DAD9E0FD
:102570005246534654691B69019A934200D1CCE0FC
:10258000414652460820085E52880004210010434C
:10259000984704000D0023002B4300D1C2E0002D1A
:1025A00000DBDFE030003900001BA9415346986092
:1025B000D96000229A5E002A00DA8BE743465D6903
:1025C00053009C18E4002C19A768E4688C4200DDD5
:1025D00080E702D1874200D97CE74646328108363F
:1025E0000DE08C4200D1C6E01E000023F25E002AFE
:1025F0000ADB53009C18E4002C19A768E4689B18B8
:10260000DB00EB188C42ECDD53461A804B463380DE
:1026100043469B881BB2002B00DA61E743461A69E8
:10262000EFF3108172B61368002BFCD0BFF35F8FFD
:1026300043469E88012342465B42938036B213692B
:10264000BFF35F8F00221A6081F31088002E00DA3A
:1026500046E743465D69083342469C467700BF190A
:10266000FF00EF19BB68604698460823D15E92468A
:10267000FC68002907DA0EE0A24246D018000023C9
:10268000C15E002906DB4B005B18DB00EB18DA6843
:10269000A242F1DD524606800023FE5E3980002E04
:1026A000DCDA904643469B79002B00D11DE70023DE
:1026B00042469371434646460821595E08364B1CF4
:1026C00000D138E747468946556902E006004B1CB1
:1026D00018D04B005B18DB00E8180A008C46E95E56
:1026E00043881BB2002BF1DA01235B42DC178360C5
:1026F000C4604A4503D031803B8903803A81E1467A
:102700004B1CE6D1B8464C46F2E69A684245B5D92C
:10271000C0E7631C00D0F8E605E72000236998476E
:10272000002825D1534642461B8813811269EFF3D6
:10273000108372B611680029FCD0BFF35F8F424648
:10274000514652880A804246494651801269BFF379
:102750005F8F0021116083F31088BBE6864200D8AA
:1027600003E7B7E6094800F0A1FA001969411DE73F
:10277000656824680FE7874200D835E744E7C0461C
:10278000CC4F00203C7005409524001000400540CF
:1027900070B52E4C2569002D04D00A212C48FFF776
:1027A0000BFE70BD2B4E0321300000F075FAE66081
:1027B000FFF7EEFB284B03229C46D02322701B061A
:1027C0001B6801216370254B6044A3600F238000C8
:1027D00020610220638063694942A180198002312F
:1027E000198647311D83585218315A5275325C3957
:1027F00099521832013199521832013199521832D6
:1028000001319952083518329D52023118329952CD
:10281000183201319952183201319952183201316E
:1028200099521832013199521832013199520C4B98
:102830000C49DC6001303562FFF720FC01210320E8
:10284000FFF7E4FB084B1D60A7E7C046A037002058
:10285000985701200040054040000034FFFF100061
:10286000CC4F002095240010386005400048704788
:10287000A0370020F8B51F0008AB1B780400160035
:10288000002B08D100F01AFA32003B00121A8B41DB
:10289000002B00DA53E02269EFF3108072B6136860
:1028A000002BFCD0BFF35F8F0223E15E63694A0017
:1028B0005218D2009B18002937DB1A8862802269DF
:1028C000BFF35F8F0025156080F31088069A9E6025
:1028D000DF601A61079A5A615A8801325204520C19
:1028E000101C002A1FD082B25880080410432669A9
:1028F000EFF3108772B63268002AFCD0BFF35F8F07
:10290000A2881A80A1802369BFF35F8F00221A601A
:1029100087F310880B4923788C4601329A40E3688C
:1029200063441A60F8BD0120DDE72369BFF35F8FC0
:1029300000221A6080F3108801204042F2E7002054
:10294000F0E7C0463C20000070B501000469EFF3D9
:10295000108C72B620680028FCD0BFF35F8F022075
:102960000D5E4C6968004019C0002418002D37DB4B
:10297000208848800869BFF35F8F002606608CF3CB
:102980001088E36063880498013320615B04059834
:102990005B0CA26060611A1C002B1FD093B228044C
:1029A000628018430A69EFF3108C72B61368002B2B
:1029B000FCD0BFF35F8F8B8823808D800B69BFF3C2
:1029C0005F8F00221A608CF310880B7801329A40D6
:1029D000CB6808498C4663441A6070BD0122DDE76C
:1029E0000B69BFF35F8F00221A608CF310880120FF
:1029F0004042F2E73C20000010B543890A1493429C
:102A00001ADD53009B184269DB00D3180469EFF309
:102A1000108C72B62268002AFCD0BFF35F8F5A88F0
:102A2000090494B2090C8A4208D00369BFF35F8F8E
:102A300000221A608CF31088002010BD8022120240
:102A400014435C80012302698371BFF35F8F00210F
:102A500011608CF31088044902788C469340C26858
:102A6000012062441360E8E73C2000004078704792
:102A7000F0B504000D0006267642F717C646361953
:102A80006F4100B582B08F4214D811D000F016F912
:102A900032003B00121A8B41002B17DC002B47D071
:102AA0002000290000F048F902B080BCB846F0BD13
:102AB0008642EBD90022002316001F0000F0FEF82A
:102AC00032003B00121A8B41002BE7DD00F0F6F8D4
:102AD00032003B00121A8B41002B0ADB00230193CA
:102AE000154B3200009315483B00FFF72DFF0028DF
:102AF000D6DB00239C46B046114A124E736A9F42B1
:102B000004D8B16A8845CBD99F42C9D11168EFF387
:102B1000108072B60B68002BFCD0BFF35F8F136878
:102B2000BFF35F8F6146196080F3108820BFE5E72F
:102B3000002AB5D0CAE7C04665240010A03700209F
:102B4000985701200040054070B5060000F0B6F827
:102B5000FA2204000D00002330000021920001F051
:102B600065F88023001969411B06994202D30120B0
:102B700002494042FFF77CFF70BDC046FFFFFF7F68
:102B8000F0B5D6464F464646C0B504000D0082B0AB
:102B9000EFF305830F00002B31D13B4B98461B68A8
:102BA000834227D0394B9946DB689A464B465046BC
:102BB0001E7800F07BF80B00514602000436B60088
:102BC00071582000891A8C4629000026801A9941E4
:102BD0008E4224DC21D020BF2D4A536ABB422AD327
:102BE000926A0120A24213D302B0E0BCBA46B146B9
:102BF000A846F0BD43465B688B42D3D1EBE724493E
:102C000000204B6AAB42EFD38A6A0130A242EBD27A
:102C10005B1B5A1E9341D8B2E6E78445DBD900F02E
:102C20004DF822002B00121A8B41002B05DA184AAE
:102C3000536ABB42D4D20020D6E700230193154B40
:102C40002200009348462B00FFF77EFE011EEEDDBA
:102C500043461C605D600E4B5A6ABA4211D39B6AB0
:102C6000A3420CD34846FFF7C7FE094A0020536A27
:102C7000BB42B9D3926A0130A242B5D2C8E7BA4288
:102C8000F0D120BFEEE7C04698370020A0370020E3
:102C9000004005406524001010B5024A0248FFF7C5
:102CA00007F910BDBCB601103C4B00200300416A7F
:102CB0000A00986A596A8A42FAD17047034B596AE6
:102CC0000A00986A596A9142FAD17047004005405B
:102CD00070B504000D00174A536A1900966A536ACA
:102CE0008B42FAD13000190024184D41AB4216D85E
:102CF00013D0104A2B00526A954203D90D494A6AF3
:102D00009A42FCD39A4207D10A4A02E0516A994298
:102D100002D1916AA142F9D370BDA642E9D9054B0F
:102D20005B6A1C005A1CEFD0012301246442E517A2
:102D30005B42E3E700400540064A536A9942FCD8EB
:102D400007D1044B02E05A6A914202D19A6A824248
:102D5000F9D370470040054010B515F0CFF910BD0C
:102D60000022835E0B4A944663444B610223C356A0
:102D7000013B0B610323C356CB600523C3568B6015
:102D80000623C3564B600723C3560B6001235B42E7
:102D90000B62704794F8FFFFF8B5DE464E46574683
:102DA0004546E0B58B4605000A991800160000F06C
:102DB000B3FB0A9B6C001F02324B64199C46A400B3
:102DC0006444636881469F4200D967602B1FDBB271
:102DD0009846012B30D9C02380229B01E3181201B1
:102DE0001A60294BAD0059599A4600291BD173012D
:102DF000E026226853401E40802342465B01E318D0
:102E00001E60012A30D9802380229B01E318120121
:102E10001A6053464A4667605A51F0BCBB46B246F8
:102E2000A946A046F8BD586900F076FB0130430082
:102E30001B18033BFDD2DAE75B46012BCBD1C02345
:102E400003229B01E3181A60023AA3681A42FCD0DD
:102E50007301E0262268AD0053401E4080230A4AD9
:102E60005B019246E3181E605A46216851400322D6
:102E70000A401A6001225B469A40A3681A42FCD0BD
:102E8000C1E7C04600800040444B0020F0B54646F4
:102E90004F46D646C0B51F00344B44009C4624180C
:102EA000A4006444636888461600FF2B02D8802380
:102EB0005B006360031FDBB29A46012B30D9C0234D
:102EC00080229B01E31812011A60294B8500595991
:102ED000994600291BD17301E026226853401E4009
:102EE000802352465B01E3181E60012A30D98023FB
:102EF00080229B01E31812011A6080235B0063604B
:102F00004B465F51E0BCBA46B146A846F0BD586991
:102F100000F002FB013043001B18033BFDD2DAE74F
:102F20004346012BCBD1C02303229B01E3181A6037
:102F3000023AA3681A42FCD07301E0262268850099
:102F400053401E4080230A4A5B019146E3181E60ED
:102F500042462168514003220A401A60012342463A
:102F60009340A2681342FCD0C1E7C04600800040F5
:102F7000444B0020014B8000C0587047444B002058
:102F8000F8B5040021481E0017000D0000F0C4FA37
:102F90000100380000F0C0FA069B36041B031E43F4
:102FA0002368002B20DB1A4B1A49E3185A1E934161
:102FB0008022920194465B421B0B174A1B03634419
:102FC0001360164A13601F000A689743FBD1144B25
:102FD0002560E2182123A06013602368002BFCDA2F
:102FE0000823E6601360F8BD3F2322681340AB421C
:102FF000D9D1A3681B051B0D8342D4D1EE22E3680F
:10300000D2021340B342CED1EDE7C046001BB70059
:103010000040FDBF08C0004000E0004000F000405C
:103020000430000010B580241C4BE4051C6000280F
:103030001AD001231A4C18431A4BDC611A4C444035
:103040001C62596298628021144BC90519601748A7
:1030500017490860E021C9041960002A07D18022BD
:10306000144B12061A6010BD0E4BD861EBE75301EA
:103070009B1A9B009A18802312015B049A4209D282
:1030800013000D490B60074B5A608022094BD20593
:103090001A60E8E7094B1A00F3E7C04600B00540A4
:1030A000D3C007B0008005402D3FF84FFCFF010062
:1030B0000820014000A00540B04F0020FFFFFF00A6
:1030C0008023024A9B000B43D36270470080054077
:1030D000142310B50100188804331B88984710BDCD
:1030E000162310B50100188802331B88984710BDBD
:1030F000F8B54746CE4680B50F1E19D01423994621
:10310000043304000025012698464B4618884346A0
:1031100021681B88984701C4431E984101354042ED
:103120000640AF42F1D13000C0BCB946B046F8BD50
:103130000126F8E7142370B50400188804331B88AF
:103140000D000549984703000020002C01DB0130E9
:10315000A04029009847C04655420000AA23064ACD
:103160001B0113608D235B00D3600449044B19607D
:103170005368002BFCDA70470040024000B0FA00B0
:10318000006002407047C04610B50148FEF762FE7D
:10319000E0B6011070B5074D074EB54209D20024C4
:1031A000013E761BB60808CD984723000134B34290
:1031B000F9D170BD38B2011078B2011070B5074D69
:1031C000074EB54209D20024013E761BB60808CD51
:1031D000984723000134B342F9D170BD6CB201109D
:1031E00078B20110054B064A06491A60064A074B99
:1031F0001A6010000B689843FBD1704700E0004054
:10320000BFCDFBFE08C00040FE7F3C0000F0004048
:10321000044BDB6C002B03D18022034BD2021A60DB
:103220007047C046000011504C201150044A054B15
:103230001A60054A1368DB018033FBD17047C04632
:10324000FFFFFF0100F0004008C000404022034B98
:103250009A675A671A67DA667047C04600F00140FD
:1032600010B5FEF7B3FE10BDF8B52749274C284D21
:10327000641AA4082200302C00D9302228009200C1
:1032800000F01AFF2F2C3BD830202F21A700EB197C
:103290005B07204A001BDB0F091B052916D92600F6
:1032A000002B01D0EA51661CC01AE3189B004108AC
:1032B000EB18C900C9181A605A6008338B42FAD15A
:1032C000012303421CD098438419A700EA51631CD0
:1032D0002F2C15D09B00EA50A31C2E2C10D09B0045
:1032E000EA50E31C2D2C0BD09B00EA50231D2C2C04
:1032F00006D09B00EA50631D2B2C01D09B00EA50A6
:10330000054B9D60F8BDC04600010010C0010010D3
:1033100000000020C101001000ED00E0002310B506
:10332000294C82B0A367FFF719FF0122274B1A60CF
:10333000636C012BFCD10322254B1A60224A936B4C
:10334000012BFCD1013300930121224A224804338E
:10335000FFF716FE052301210093204A2048FFF7BE
:103360000FFE0022022104201E4BFFF78FFD0022DA
:10337000012105201C4BFFF789FD002200210720B9
:103380001A4BFFF783FD002200210820174BFFF79F
:103390007DFD8023DB000093002200210920134BD8
:1033A000FFF7FAFC0022104B00210620FFF76EFD0C
:1033B0000420FFF7DFFD0E4900F0AEF80100002009
:1033C000FFF77EFE02B010BD008000403CB0004020
:1033D00030B00040002F685900800240008C8647C2
:1033E00000C00240001BB70040597307006CDC02AC
:1033F00040420F000B4B1F305B68002B00D000BE1B
:1034000005220100074B00065A60FA3291430A0078
:103410001021400F0A43F0318140DA60024A4A40ED
:103420001A61704790ED00E00FFF0010024BD86862
:103430008007C00F7047C04600C00540092010B586
:10344000FFF798FD8022074B12021A60064B0749CE
:103450001A6014000B689C43FBD1054B01381860BF
:1034600010BDC04600E0004000F0004008C0004031
:1034700000C005400F4B30B5DA68920718D5D969FE
:103480009C694B015B0F03711F230A0C1A404271A8
:103490003F220D0A15400A40C2712202120D02801D
:1034A0002205120F234085718270C370012030BD48
:1034B0000020FCE700C0054001480421014B1847EB
:1034C000C0370020F1300010124A936F9B0815D2CC
:1034D0009066D166002905D0FFE7FFE7FFE7516F4F
:1034E000106F704704B580210906C21751400028AB
:1034F00000D0C84317F098FE002104BDF0B5146E4B
:10350000556E576F166FFFF7E3FF146655665767E2
:103510001667F0BD000000D0114A936F9B0813D2CC
:1035200010665166002905D0FFE7FFE7FFE7516FFE
:10353000106F704704B5002801D00020C04317F079
:1035400073FE002104BDC046F0B5146E556E576F72
:10355000166FFFF7E5FF1466556657671667F0BDEF
:10356000000000D094464A4A926F9208624601D207
:1035700028E0C046F0B5464E346E756E776F366FF4
:1035800000F020F89446424A14665566576716675D
:103590006246F0BD94463E4A926F9208624601D25E
:1035A00054E0C046F0B53A4E346E756E776F366FA4
:1035B00000F04CF89446364A14665566576716670D
:1035C0006246F0BD002B24DB11D000293EDA00B5A5
:1035D000C943404200D1013100F038F8C9434042AC
:1035E00000D10131DB43524200D1013300BD002A3A
:1035F000EBD1002801D1002905D00020C90FC9074F
:1036000001D1C043410800B517F06EFD0022002330
:1036100000BD00B500290ADBDB43524200D1013373
:1036200000F014F8C943404200D1013100BDC94344
:10363000404200D10131DB43524200D1013300F05E
:1036400005F8DB43524200D1013300BD002923D1EC
:10365000002B18D1002A0CD0BC460D4F38667A6674
:1036600000210023FFE7FFE7FFE77A6F386F674627
:103670007047002801D00748010000B517F034FD5D
:103680000022002300BD02000B0000200021704733
:10369000000000D0FFFFFFFF002B00D0BFE0130CA5
:1036A00028D1002AE7D080B4114F39667A66FFE747
:1036B000FFE730B4040C7B6F396F1B0423433B6678
:1036C0007A66FFE7FFE7FFE7C04684B27B6F3D6F96
:1036D0001B0423433B667A66FFE7FFE7C0460023EF
:1036E0002C042D0C7A6F386F00196941B0BC7047FB
:1036F000000000D0F0B594460025140E01D112024E
:103700000835140F01D112010435940F01D1920034
:103710000235D40F01D152000135D40B0134254FAD
:103720007C66254C3C660E0C93B2FFE7FFE7FFE793
:103730003C6F6643360C7703BE467343DF0B5B0476
:10374000C01AB941130C7343DB18C91ACE0866437B
:10375000360CB64493B273431F0F1B01C01AB94114
:10376000130C73431F0B1B05C01AB941860D8F0242
:103770003E436643360C092D24DB520A7243801AFD
:103780007703460A6643360C16235B1BDE40DF4098
:10379000BF1964466643821B704604350633010038
:1037A000D940A840C01900D30131A24206D200235B
:1037B000F0BD0000000000D0FFFFFFFF121B013032
:1037C000F3D3F1E709277F1BFE406446A2B27243A0
:1037D000801A00D20139220C7243130C1204821A8F
:1037E00099410B007046043513370100F940A84099
:1037F000801900D30131002B02D1A2420AD2F0BDC0
:10380000013000D30131121BFAD2013BF8D1A242A0
:1038100000D2F0BD013000D30131121BF7E7F0B543
:103820001C0C00D080E00CB400251C0A04D11B0243
:10383000160E3343120208351C0B04D11B01160F60
:103840003343120104359C0B04D19B00960F334384
:1038500092000235DC0B02D192185B4101351C004D
:10386000971864410134464F7C66464C3C660E0C0A
:10387000FFE7FFE7FFE7C0463C6F6643360C770380
:10388000BE4697B27743C01B00D20139C01B00D29D
:1038900001399FB27743C91BC91B170C77437E04BC
:1038A000FF0B801BB941CE086643360C0C2D33DB71
:1038B000B644120B1F053A431B0B97B27743C01B4C
:1038C00000D201399FB27743C91B170C77433E04DE
:1038D0003F0C801BB941860D8F023E43664329276A
:1038E0007F1BFE400C3D7746AF40BF1930BCA2B2F3
:1038F000ABB272437343801A9941220C7243130C8A
:103900001204801A994102000B000137001BA941E3
:10391000F9D2781E0021F0BD0C277F1BFE407746B0
:103920007F0BAF40FF19E0E700245D1C07D0144F68
:103930007D663966FFE7FFE7FFE7FFE73C6F95B27B
:103940009EB265436643401BB141150C1E0C654396
:10395000664336042F0C3E432D04401BB14199426F
:1039600004D202000B0020000021F0BD01D19042E2
:10397000F7D3801A994101349942F2D3F6E7000057
:10398000000000D0FFFFFFFF48404140484018B40E
:10399000134B5B68019308BD18B4114B1B6801936E
:1039A00008BD94460F4A926F920805D2624618B439
:1039B0000B4BDB68019308BD0A4AF0B5146E556ED7
:1039C000576F166F6246FFF7F2FF064A1466556698
:1039D00057671667F0BD18B4014B9B68019308BD8B
:1039E000A0430020000000D0FFB5504042405040AE
:1039F00059404B40594000E0FFB5154F4C00640D55
:103A000003D0BC4204D10C0314D80020090D0905D1
:103A10005C00640D03D0BC4204D11C030AD8002210
:103A20001B0D1B0501264B4009D44B4003D58B428F
:103A300000D18242FFBD9942FCD19042FFBD0B43B1
:103A4000DB1803431343F5D0C9434918FFBD0000F9
:103A5000FF07000000B5FFF7CFFF01D0002000BD39
:103A6000012000BD00B5FFF7C7FF804100BDC04683
:103A700000B5FFF7B9FF01D9002000BD012000BD4E
:103A800000B5FFF7B1FF804100BD012040054A00AD
:103A9000121804D85A00121801D8002070470120CB
:103AA000704700000021002805D17047C117484029
:103AB000401AFAD0C90713B5064B1B6898470CBCCF
:103AC000441CA2401005120B0349091B09051943A8
:103AD000114310BD945601201F04000010B54C0086
:103AE000620D8023D218DB00D21A5B057E2A10DD1E
:103AF0009E3A13DACC170903490819435242D140C0
:103B0000640001341532202A05DAD04008436043AE
:103B100010BD002010BD0846604310BDC80FC0187E
:103B2000013810BD18B4024B5B6A019308BD000058
:103B3000A043002018B4024BDB6F019308BD0000C6
:103B4000A043002018B4024B9B69019308BD0000FC
:103B5000A043002010B50148FEF77CF9ECB6011037
:103B6000132370B51D78012D19D014DD1D48FFF702
:103B7000B7FA06001C48FFF7B3FA1C4C802231004C
:103B8000200000F099FA022D06D01948FFF7A0FA9C
:103B9000184B186070BD154C174BA364F5E7174B15
:103BA000124C23606360A360E36023616361A361DF
:103BB000E36123626362A362E36223636363A363DB
:103BC000E36323646364A364E36423656365A365BB
:103BD000E36523666366A366E36623676367A3679B
:103BE000E367D9E75344000053460000A043002098
:103BF0004C33000094560120013C0010553B00104E
:103C000007B5604601880A0A0230DF2AFAD1C9B234
:103C1000820804D3028840880004104300E0006852
:103C2000014A5050039007BDA04300205143434335
:103C3000C9188C46110C83B24B4310B4040C614379
:103C400092B280B2504362431C041B0C001910BC9A
:103C500059411304120CC0185141614470470000CF
:103C60004840414048400E4B5B6818470C4B1B686E
:103C700018470C4A936F9B0802D2094BDB68184720
:103C8000F0B5146E556E576F166FFFF7F6FF054AC5
:103C90001466556657671667F0BD014B9B68184759
:103CA00098560120000000D007B5484041404840E8
:103CB00001E0C04607B54200120E03D0FF2A03D12F
:103CC000420218D8C00DC0054A00120E03D0FF2AC8
:103CD00003D14A020FD8C90DC9050122414005D4BC
:103CE000414001D5814207BD884207BD01434918C3
:103CF00001D0C043001807BD00B5FFF7DBFF01D0BE
:103D0000002000BD012000BD00B5FFF7D3FF8041BA
:103D100000BDC04600B5FFF7CDFF01D9002000BDB2
:103D2000012000BD00B5FFF7BFFF804100BD0123AA
:103D30001B064200D21804D84A00D21801D800202D
:103D4000704701207047491A002807D1084670477C
:103D5000C10FC90700D54042002817D0F44603B46C
:103D60000B4B1B68984706BC81409E38404280310F
:103D700007D20B0607D04900490AC0051043084383
:103D800060470130F8E7490A8902F5E7704700000B
:103D90009456012041000A0E80231B067E2A0BDD6B
:103DA0009E3A0BDAC1174002400818435242D040F5
:103DB000490001314843704700207047C00FC018C8
:103DC00001387047C0420DD300B5400040080021C3
:103DD00000F00EF8002801D4404200BD802000060B
:103DE00000BD0000014BDB69184700009856012018
:103DF000014B5B6A1847000098560120014B1B6B72
:103E00001847000098560120014BDB6F184700004F
:103E100098560120014B9B691847000098560120D5
:103E20004100090E862902DA044BDB6B184704496E
:103E300000B500F0FFF802BC8E46F5E79856012069
:103E4000DB0FC9404100090E862902DA044B1B6CC6
:103E50001847044900B500F0EDF802BC8E46F5E7BE
:103E600098560120DB0FC940014B1B6D184700001D
:103E70009856012010B50148FDF7ECFFA0BB0110DA
:103E8000132310B510481C78FFF72AF90100012C04
:103E90000AD003DD80220D4800F00EF90C48FFF730
:103EA00017F90C4B186010BD084C5422200000F08C
:103EB00003F92200084980322368002B00D12160D9
:103EC00004349442F8D1E9E75346000098560120A3
:103ED0004C33000094560120753E001010B5FFF7DA
:103EE000C3FF0249FFF7D9FE10BDC046D95BDE3ED5
:103EF000F0B546464F46D646C0B5FF26C50DCB0D9C
:103F0000354088461700041C1E40002A01D00023BB
:103F10001360FF2D5ED0002E5CD0002D5DD0201CE4
:103F2000FF2E52D03300013BB246AB424DDC802223
:103F300012049146E10F6402640A144342464E465D
:103F40005202520A1643B146AB4248D000294FD024
:103F5000534600216442ED1A002D55DD4B460120E9
:103F6000D9114042FFF7D8FA1D2300219C462A00B0
:103F70000C2D00DD0C226646631294404343B61AB2
:103F8000334126004C46914001335B105C43591885
:103F9000341BAD1A002DEADCA14533DC4B46E41A94
:103FA0004C4544DBE41A023163004B4534DC31D02C
:103FB0004346002B00DA4942002F00D03960962199
:103FC00053462000C91AFFF719FFE0BCBA46B146B4
:103FD000A846F0BDFF20C005F7E70020F5E7B44292
:103FE000F3DD730000291BD1AA46E41A0131DFE793
:103FF0005346ED1A002DB1DC0021B4420CDB012147
:10400000A41BD1E7002CCFDA4B46E4180DD54C4465
:104010000239C9E7CB07CBD54B460131E41AC7E7D4
:104020000121AA461C1B4942C2E70139BCE7013104
:10403000BAE7C04610B50022FFF75AFF10BDC046D0
:1040400070B504000A4E300017F046F8200013F057
:10405000A3FD0500300017F09FF8002D05D0054B9B
:104060002C199C4201D8280070BD0348FDF7F2FED0
:10407000843F00200000042004B7011070B5040044
:10408000054D280017F028F8200013F08FFD2800B8
:1040900017F082F870BDC046843F0020014804211B
:1040A000014B1847D0370020F1300010014B1B683E
:1040B00018470000D0370020014B5B68184700000C
:1040C000D03700209A4200D2885470477047C046CB
:1040D000F8B55746DE464E464546E0B599460A9B3A
:1040E00007009A460D9B884693460B9C9B073BD145
:1040F0000C9B9C423DD21E1B0B9415000C005E4491
:104100002A004B46013521002020B847B542F7D19F
:10411000A0460B9C002C20D0454636195346321B36
:10412000013C185D29004B46B847002CF6D12B0006
:10413000350098460D9B9B070FD55B46EC1A0C9BF0
:10414000A3420AD9464698462A004B463100202011
:104150000134B84701354445F6D32800F0BCBB46CE
:10416000B246A946A046F8BD16001500002CD3D1D2
:10417000E0E71600002CCFD11500EEE7F0B54F4672
:104180004646D646C0B584B098460EAB1B789446DA
:104190009946129B0D9C109F119E9A0725D4002EC4
:1041A00065D1BC4221D201221A409246202C00D176
:1041B000E9E00C9A551E302202E0202C00D17BE071
:1041C00001342A55A742F8D85246002A0DD0B442ED
:1041D0000BD20C9A551E3022202C02D171E0202CDB
:1041E0002DD001342A55B442F9D1DA063CD55A050E
:1041F0002ED4002C28D10F9A102A00D1B6E0022A22
:1042000000D1BCE030220C9C227001244A46002AD6
:1042100065D15A0700D499E02B220C9D2A55013410
:1042200003930C9B62460093029643460194FFF76A
:104230004FFF04B0E0BCBA46B146A846F0BD20240A
:10424000DA06EDD55A0503D4A74266D0B44264D04D
:104250000F9A102A71D0022A57D0202CE0D02200C9
:10426000013430250C9FBD54202CD9D0CEE701223B
:1042700015001D40AA461A4236D04A46002A4AD1A5
:104280000C321A4247D1BC42A1D2202C91D1202E0F
:1042900017D82024DA06C3D55A051BD4202F01D005
:1042A000202ED5D11F220F9D102D6FD0022DD8D1D9
:1042B00062250C9FBD54D0E75246002A79D0202EAB
:1042C000BDD92024DA06ABD55A0503D4202FE9D076
:1042D000202EE7D00F9A102AA2D12024A0E72D2269
:1042E0000C9D2A5501349BE7BC4200D37DE7202C6E
:1042F00000D05EE7DA06F0D55A05EED4202F62D062
:10430000202EEAD134001F22CDE7202C00D187E7F0
:1043100022000134CCE7013EB5E7621E012CC2D178
:104320000F9A102A00D06AE79A063BD558220C9CB7
:104330002270283A6270022468E79A060ED4202C74
:10434000CBD078220C9D2A55013486E71A0700D479
:1043500066E720220C9D2A55013461E7202CBCD051
:1043600058250C9A12191570013476E79A0608D56B
:1043700058220C9C227030226270022446E7603280
:10438000F7E77822F5E7002A83D1B3E7A21E013CC4
:104390009D0603D478250C9FBD5460E758250C9FDB
:1043A000BD545CE778220C9C2270483A627002246B
:1043B0002CE7DA0600D433E75A058BD4202F00D03F
:1043C00044E71F226FE73C001F226CE710B500286E
:1043D00000D110BD01F010FCFBE7C0460B0010B58A
:1043E000002802D049681B68984710BDF0B55746B1
:1043F0004E464546DE46E0B599B08246894690462F
:104400000893229A239B10001900FFF73EFB002817
:1044100000D0CDE0229823990122D94B5242FFF7D8
:104420002FFB002800D0C3E0229823990122D54B0E
:104430005242FFF717FB002800D0B9E022982399D9
:1044400000220023FFF70EFB002800D0F1E1229E9E
:10445000239F8023269ADB001A400D92269A1A4247
:1044600001D1062324938023269A1B011A403B0086
:1044700093460996334300D0B3E0002A00D0C2E14E
:10448000002300240A930B94002304250993259B01
:104490000024AB4200D95C1B0223269A1A400C92DE
:1044A000269A134203D06B426B415B421C40099B2E
:1044B000002B07D00A9A0B9B30003900FFF771FAE6
:1044C00006000F002298239900220023FFF7CAFA62
:1044D000002803D0802109067B181F00269AAA4BCA
:1044E000009601971340089E0493249B0394029323
:1044F000424633004946504600F0AAF90400002D18
:1045000067D02020269A4946024013005A42534160
:104510005B42621C18400A92330022004530D047AB
:10452000099A6F1ED317D4185C40D30F9B46002501
:1045300001E0202D13D008AA94461F2320006344D5
:104540000A2101355E19FEF7E7FF30313170200096
:104550000A21FEF7E1FF26000400092EE9D8052311
:104560000693002304930A3303935B46089E029349
:1045700010AB0A9A009349463300504605970195BF
:10458000FFF7FCFD0C9A0400002A22D04246851A4F
:10459000259AAA421DD9B046574616002200434626
:1045A000494620200135B8470134AE42F6D810E024
:1045B000269B42460493259B49460393249B5046E1
:1045C0000293229B239C00930194089B00F040F9E6
:1045D0000400200019B0F0BCBB46B246A946A04674
:1045E000F0BD6A4B78009C46400D6044FFF75EFAD0
:1045F000674A684BFFF7EFF9674A684BFFF7CCF95A
:10460000674A3B031B0B1A4304000D000998110075
:10461000644B0022FFF7BBF9634A644BFFF7DBF9F9
:1046200002000B0020002900FFF7B6F9FFF756FA49
:104630000990FFF73BFA5E4A5E4B04000D00FFF75E
:10464000CAF900225C4BFFF7A7F9FFF747FA5B4A6C
:104650005B4B29000C902000FFF7BDF904000C987B
:104660000D00FFF723FA574A574BFFF7B4F9020042
:104670000B0020002900FFF78AF904000D0002005A
:104680000B000A940B95FFF7A6F904000D000A9899
:104690000B9902000B00FFF77FF900220E900F919B
:1046A0004A4B20002900FFF77CF90022484BFFF716
:1046B00073F902000B0020002900FFF772F90022B5
:1046C000444BFFF769F902000B0020002900FFF7B7
:1046D00068F90A9A0B9B0D0080210400C90500208F
:1046E000FFF755F902000B0020002900FFF754F9ED
:1046F00002000B000E980F99FFF753F90022284B88
:10470000FFF74AF9344B0C9C9C4664442305002275
:10471000FFF761F904000D0002000B0030003900C2
:104720000A940B95FFF79EF900285DD123002A001B
:10473000C625099963318D42AD4159466D42043514
:10474000002900D1A3E6134363D030003900234A87
:10475000234BFFF78DF9002807D0002230003900E5
:10476000204BFFF77FF9002853D1249B002B00D169
:104770008DE60D9B5A1E9341249AD31A249386E604
:10478000FFFFEF7FFFFFEFFFFFF7FFFF01FCFFFFE2
:10479000FB799F501344D33FB3C8608B288AC63F30
:1047A0000000F03F0000F83F61436F63A787D23FEE
:1047B00071A379094F930A400000E03F1655B5BB3D
:1047C000B16B0240EF39FAFE422EE63F00002C406A
:1047D0000000244000001840FF0300002D431CEBA4
:1047E000E2361A3F80842E41099B0022013B099347
:1047F0002000164B2900FFF7D4F80A00010003003F
:104800000A910B9294E7002300240A930B9400234F
:104810000993249A099B9A4214DDD31A013B2493ED
:104820008023269ADB001A43002300252692099351
:104830002DE6802212069446229B1E00239B634491
:104840001F0006E600232493EAE7C0460000244048
:10485000F0B54546DE464E465746E0B595B08B4628
:10486000904699461E9A1F9B0A9019001000209DA1
:10487000FFF70BF9002800D0B0E11E981F99012224
:10488000C74B5242FFF7EEF8002800D037E11E98E0
:104890001F990122C34B5242FFF7F2F8002800D0C3
:1048A000A7E01E981F990022BF4BFFF7E9F80028E8
:1048B00000D088E01E981F990022BC4BFFF7D2F869
:1048C000002800D07FE01E981F9900220023FFF7E8
:1048D000C9F8002800D0FAE000230B938023229C23
:1048E000229ADB001C401A4200D102E1092D00D8B7
:1048F0007CE106A98C462C00172200233021093CBC
:1049000062440133D154EF1A202B00D132E1A3428B
:10491000F7D10022A44B069207931E981F99FFF728
:10492000DDF80500FFF7C2F802000B001E981F9982
:10493000FFF72DF8069A079BFFF74DF808900991AD
:10494000FFF7F0F80600FFF7ADF802000B0008983B
:104950000999FFF71CF80022954B08900991FFF781
:104960008FF8002800D1D2E001363000FFF79AF826
:10497000069A079BFFF77CF8002801D00026013536
:10498000AA46002F00D098E02800FFF78FF8020019
:104990000B001E981F99FEF7FAFF854B00220600B8
:1049A0000F00FFF75FF80CAB9A46002845D10022B4
:1049B000300039007E4BFFF763F800283DD1EB074C
:1049C0003BD5013539E0229B42460493219B594651
:1049D00003930A981E9B1F9C0295009301944B46DB
:1049E000FFF704FD15B0F0BCBB46B246A946A04691
:1049F000F0BD229B5B0767D403226E4B2299019284
:104A0000039121990291009342464B4659460A98D8
:104A1000FFF75EFBE6E706AA9446172328006344E7
:104A20000A2101341E19FEF74FFD30312800317084
:104A30000A21FEF749FD051E76D0202CEBD1032379
:104A4000229A1340012B1DD1219B002B1AD00B9BC6
:104A5000002B00D0BBE0229A0C33134200D0B6E00A
:104A6000219BA34200D887E006AB9C461722302347
:104A7000624404E02199013413558C4259D0202C12
:104A8000F8D12024229B01940393219B0293534647
:104A9000B9E706AA944617230A216344300001347B
:104AA0001D19FEF739FD3031297030000A21013F10
:104AB000FEF732FD092E46D90600202CE9D15546D5
:104AC0000CAB20249A46B8E704223B4B96E71E9A8B
:104AD0001F9B00200021FEF75AFF01230B93802328
:104AE000229C229ADB001E901F911C401A4200D08B
:104AF000FCE60022314B0627069207930DE7229B26
:104B00000393219B0293042301932D4B7BE7002207
:104B100008980999264BFEF7A5FF002800D02FE73B
:104B2000002E4FD101362BE70323229A1340012B8D
:104B300066D0202CA6D00B9B002B1FD02D235246D5
:104B4000135501349EE75546202CB9D030233A192D
:104B5000002F08D0172006A9013409180B55202C66
:104B6000AED09442F6D10CAB9A462E235246135542
:104B7000013462E72024CCE6202C83D0229B5B0703
:104B800008D4229B1B0700D47CE7202352461355F0
:104B9000013477E72B2352461355013472E7C046A0
:104BA000FFFFEFFFFFFFEF7F65CDCD4165CDCDC1AD
:104BB0000000E03F5CB7011054B7011080842E4123
:104BC00064B70110F30700D4DAE60136D8E6219B7A
:104BD000013B2193A34200D946E7AAE7229B039316
:104BE000219B029303230193074B0CE7074BEA0039
:104BF0009B185C681B682F000693079400248CE6C2
:104C0000219B002B95D022E760B7011040C5011011
:104C1000F0B55746DE464E464546E0B5A5B01F0006
:104C20002E9B91460D93CA4ACA4B82468B461A6008
:104C3000002900D129E2002338789846002800D1C5
:104C40002BE2C54B44460C93C44B55464E460E933F
:104C50000AE0631C9846220033005946A8474446A0
:104C60003878002800D187E001372528F1D10823C2
:104C70009A46043B9946023B9846013B00229C46DB
:104C80000B943878791C0300203BDBB2102B03D83F
:104C90000C9C9B00E3589F460300303B0B9C0B92FF
:104CA000092B3AD9002398462A2800D1DDE00023B9
:104CB0009A462E284BD00300683BDBB2122B1ED83D
:104CC0000E9A9B00D3589F4663460F001A43D8E7BD
:104CD00043460F001A43D4E74B460F001A43D0E770
:104CE00010230F001A43CCE753460F001A43C8E7BE
:104CF00080235B000B9A78781A430B9201310F00E6
:104D000067284FD82428A4D90300253BDBB2422BC7
:104D10009FD893499B00CB589F46002398460B9BF6
:104D200047469C4600E00131BB00DB195B001F18C1
:104D30000878303F0300303B092BF4D963460B93CE
:104D40000023B8469A460F0001312E28B3D18020A7
:104D50000B9AC00002430B9230225242944678785C
:104D60000B0084446246092A00D8AAE12A2800D10F
:104D7000B9E10F0001319EE7A046AA46B146C845F9
:104D800003D301235B424B4498464B464246594667
:104D90000020D047200025B0F0BCBB46B246A94653
:104DA000A046F0BD01006939C9B20F2900D950E70A
:104DB00001238B409C466B4B994663464A46134001
:104DC0000F9362464B461A4200D068E10A2956D03A
:104DD000072900D03DE70D9B02CB9846002900D063
:104DE00092E10B9B10211A008A43100011310843F5
:104DF000814680201A00C0000240110003421CD1ED
:104E000014AB9C461F220F2362440D959C4615004F
:104E10000F9B0B9402E0202B0CD0110064460C4039
:104E200020003730092C00D807380133E8540A092C
:104E30000F29F0D80B9C0D9D0F934B46082206932B
:104E40005346059208320392002204930F9B02926C
:104E500001931CAB22000093594633002800FFF752
:104E60008DF9434604000D93FAE60D9B04CB904662
:104E7000002A79DB78780D930F00013117E70D9B3D
:104E800002CB14930B789C4618005346002B00D19C
:104E900034E1002815D05346013B013399460D9467
:104EA0000B9C89444A460B00A14601E0934203D083
:104EB0005C780133002CF9D14A465B1A0D9C0B92A9
:104EC0000F938023DB0099460B9A13400D934B46BA
:104ED0001A4204D00F9B534501D953460F93022326
:104EE00099460B9A13400B934B46134200D1F5E1C0
:104EF0006346002B00D1D6E10D9B002B00D182E14F
:104F00000B1BD14631009A463B00A1442E005F4660
:104F10004D4622009B46894609E04B463900541C09
:104F2000B0475346185D002800D192E12200954217
:104F3000F3D14B465A46A946BB46350017001E0022
:104F40004C460B9B002B00D0ADE1149B0D9387E6E4
:104F5000114C0010AC4F0020A0C30110E4C301109D
:104F600030C40110419000000B9A283802430B9284
:104F700042465242787890460F000D93013196E6F2
:104F800078786C2800D15DE180230B9A5B001A438E
:104F90000B920131B3E680239B00ABE6787868285A
:104FA00000D148E180230B9A01311A430B92A6E607
:104FB000672800D1B2E0472800D11AE1452800D186
:104FC0001CE10B9A0721049242460D9B0392073382
:104FD00052468B43190002920CC92800009201939B
:104FE0000D91220033005946FFF700FA040037E61E
:104FF000462800D18DE00B9A0721049242460D9B72
:105000000392073352468B43190002920CC92800C1
:10501000009201930D91220033005946FFF718FCCE
:1050200004001DE6631C98462200330059462520E3
:10503000A847444614E60D9B04330F93631C99461E
:105040000B9B9A0700D40AE10D9B22001878594661
:105050003300A84743464444012B00D86FE1B046D3
:105060002E0025004C46B9465F46220043460134D7
:1050700039002020B047AC42F7D12C00BB463500A8
:105080004F4646460F9B0D93EAE5D64B38789A4635
:1050900000239846002800D0D3E500246FE66F284F
:1050A00042D000D8FDE11023782800D19BE00B9A74
:1050B0009A430B920A239C46002314930A330F93BE
:1050C00038E057460B9AB900C919490001330F1847
:1050D0001878303F010030390929F4D9BA460B92CB
:1050E0001F00591CE7E50D9BB87804CB0237D1436C
:1050F000C9170A4092460D93791CDCE5002800D1BF
:10510000DFE602235B42C8E621200B9A0243914668
:1051100076E620230B9A1A430B926CE780230B9AB6
:105120001B011A430B924CE708239C46002314935F
:1051300008330F930B9880230200DB001A40110004
:105140000200184200D080E00C239A431000802314
:1051500002009B001A400B92184200D0F1E080231D
:1051600002005B001A4091460D9A043214921842D4
:1051700000D0C3E2430600D5D7E0030600D421E304
:105180000D9B1B880993002B00D02DE11033984311
:10519000002900D128E10023994643460593534650
:1051A00004930F9B06900393002302934B460193B5
:1051B0001CAB22000093594633002800FEF7DEFFA7
:1051C0000400C2E6582809D0622800D0E3E2022396
:1051D0009C460023149302330F93ABE720230B9AD2
:1051E0001A430B92103B9C460023149310330F93E9
:1051F000A0E780230B9A1B011A430B9220230B9AE2
:105200001A430B92DDE60B1B9A460F9B99463B0017
:1052100037005E469B4622003B003100A8475346BC
:105220000134185D0028F6D14B460F935B46B34618
:105230003E001F0085E6C0230B9AB8781A430B92F4
:10524000F91C5CE5C0239B00F6E70D239A43100090
:105250007DE75B463500BB464E461F0071E6434680
:10526000012B66D9631E434432002E001D003B0013
:10527000A2465F4691469B4622004B4601343900C8
:105280002020B047AC42F7D15B463500BB464E46C6
:10529000A14654461F000D9B4A46187859463300D4
:1052A0004444A847EEE60F9BA146984500D84CE63B
:1052B0004444E41AB0462E0025004C46B9465F46E9
:1052C00022004346013439002020B047AC42F7D1D8
:1052D0002C00BB4635004F46464636E60F988045C3
:1052E00000D873E24346E218131A32002E001D0064
:1052F0003B0091465F469B460F9122004B4601348E
:1053000039002020B047AC42F7D15B46BB461F00B6
:1053100043460F9901330F930B7835009C464E4658
:105320006046002800D0E7E50FE60D9B1B78099347
:1053300029E70D9B2200187859463300A8474C46B0
:10534000A0E60D9AFA3BFF3B07329A430133994698
:1053500091444B460D931368526815921A4306D137
:105360001032904300220992002900D083E061228C
:10537000810600D54122D2B20A9214AA91460A9A15
:1053800000210A3A0B9242461792524618925A4608
:10539000B24609911E001F31149B4944BB46169426
:1053A0001A950024674698468946159D19901B92C8
:1053B0000AE03032D2B24B4601341A55A8454CD0DF
:1053C000202C4CD006000D003A00002330002900AC
:1053D000FEF7E0F8D2B2092AEBD90B9B9C46624457
:1053E000D2B2E8E7CD4000106123820600D5412308
:1053F000DBB20A3B0B93434614A91F228C4615933C
:1054000053466244B2460D9417974C468046A946CF
:105410001700099D0F9E169308E03033DBB201346C
:105420003B55B5420ED3202C0CD00500310028008E
:10543000FEF772F8CBB20929EFD90B9A9446634470
:10544000DBB2ECE7159B40469846169B4D46564608
:10545000A1469A460D9C179F9FE6B742B0D9179B6D
:1054600056469846189B5F469A461B9B09949B4656
:10547000169C19981A9D43460593534604930F9B17
:105480000690039300230293099B01931CAB220017
:105490000093594633002800FEF770FE0400FFF722
:1054A000DFFB10230B9A9A430F92692800D091E1F9
:1054B0000B9980230A00DB001A4010000A001942F1
:1054C00003D0112118008A430F920F9A80231100F4
:1054D0009B0019408C461A425BD1802311005B006F
:1054E000194089460D9904310B911A4200D0B2E05F
:1054F00013005B0600D4EDE00D9B1B781A00D90F5A
:105500000D91002B00D1A3E0100014AA944642464E
:105510001F23159252466344A846BA464D4614943A
:10552000B14604001F00169201E0202D0FD020008C
:105530000A21FDF7F1FF01357E193031317020006D
:105540000A21FDF7E9FF26000400092EEDD8159B7E
:105550004E46A94645469846169B57469A46149C81
:105560000F9B069343460593534604930A230393E4
:105570000D9B02934B4601931CAB220000935946AE
:1055800033002800FEF7FAFD0B9B04000D93FFF794
:1055900067FB07220D9B07339343013294469C44DB
:1055A00062460D920CCBD90F0B911100194300D11B
:1055B0009BE0D917139112915140109113995940C2
:1055C000119110981199129A139B801A9941109079
:1055D000119114AA944642460023159252469946C8
:1055E000169232001F336344A8464E46BA461494BE
:1055F0001F00109C119D914601E0202E10D020002C
:1056000029000A220023FDF7C5FF013630322B00A6
:10561000BA550D0022000400002BEED1092AECD867
:10562000159B10941195454698464B46169AB146DF
:1056300057461E009246149C0F9B069343460593C3
:10564000534604930A2303930B9B02934B461CE798
:10565000002885D159E70D9B1B68DA0F1100002B3C
:1056600000D1A6E0DA179818504014AA91461F23DB
:1056700042464B44A8460D94169704006546B14631
:105680001F001491159201E0202D0FD020000A2157
:10569000FDF742FF01357E193031317020000A21BB
:1056A000FDF73AFF26000400092EEDD8159BAC4605
:1056B00045469846149B4E4619000D9C169F0F9B1D
:1056C0000291069343460593534604930A2303939A
:1056D000634650E713001B066ED50D9B00229B5EB0
:1056E000D9175A184A4092B209E700239946002870
:1056F000A2D100220023109211936AE70D9B1B6830
:105700009946002B03D110339843002938D16123E7
:10571000820600D54123DBB20A3B0D934346169324
:10572000534614A91F228C4617932B0062444D4602
:10573000B246159418978046170099460B9C0F9E09
:1057400008E03033DBB201343B55B5420ED3202C98
:105750000CD0050031002800FDF7DEFECBB2092990
:10576000EFD90D9A94466344DBB2ECE7169B4046B2
:105770009846179B56464D469A460B94189F159C83
:1057800043460593534604930F9B069003930023CF
:1057900002930B9B0BE50B9980230A00DB001A4058
:1057A00010000A00194200D08BE610239A430F9292
:1057B0008BE6002883D158E70D9B1B68D9175A1830
:1057C0004A409CE60D9B1B680993DCE4030001330F
:1057D0000F93A5E50B926DE40CB430B585B008AC21
:1057E00008CC064D0A000094010028000394FFF73E
:1057F0000FFA05B030BC08BC02B01847C540001015
:1058000010B5054C82B0009313000A00010020007F
:10581000FFF7FEF902B010BDC540001000B585B01D
:105820000391012102900093034813004A4202A908
:10583000FFF7EEF905B000BDDD43001010B5094AD1
:105840000300146884B0002C08D00122009106489F
:10585000524203A9A047012004B010BD00F018FA7D
:105860000020F9E7AC4F0020CD43001000BEFDE75B
:105870007047C046094A03001068002805D008494F
:10588000C3188B4207D81360704706480449C318F1
:1058900010608B42F7D901204042F5E7A44B00206D
:1058A00000000420D4570120030010B508001100A7
:1058B000002B05D1044B1A685B6800F03FF910BD5E
:1058C00001204042FBE7C04638C301100300013B02
:1058D00010B508001400012B06D801230022210076
:1058E00000F0ACF8200010BD01204042FBE7C046AC
:1058F000012040427047C046012040427047C046E8
:1059000010B5FFF7B3FFC04670B50A48FDF772FD4A
:10591000FDF740FC084D094EB54209D20024013E76
:10592000761BB60808CD984723000134B342F9D15D
:1059300070BDC0460010042078B2011080B2011082
:10594000030010B5080011001B68984710BDC04641
:10595000F0B5C64600B5437D07000D001600002BCC
:1059600038D0002A2EDD00216A1E90466A5C037D35
:105970004C1C00200A2A0CD0A64216D043461B5DC0
:1059800021000D3B5A4253416A5CDBB24C1C0A2A8F
:10599000F2D1002BF0D1884217DB022110483B687E
:1059A0009847A64207D02000E8E7864203DD311A77
:1059B0003B6828189847AD19013D2B780D3B5A429A
:1059C00053413B7580BCB846F0BD091A3B682818A6
:1059D0009847E2E70368110028009847F2E7C046BD
:1059E00090C50110F8B50B680D005A1CCB180A6061
:1059F0001871802A00D0F8BD0E4B1C68002C15D001
:105A00000D4E0F1D02E02469002C0FD02368002BDF
:105A1000F9D03368002B01D0A342F4D12000390023
:105A20002A68FFF795FF2469002CEFD100232B6033
:105A3000E1E7C046984B0020A04B0020F0B5DE46C1
:105A400057464E464546E0B585B017001C00060097
:105A50000D00FDF733F90023314A12184B41802124
:105A600009068B4202D301222E4B52422E490800D6
:105A70008A4615F029FB01906B1C03D1300012F00F
:105A80006BFF0500002C26D0284B9846284B1C683D
:105A9000002C15D0002F21D1264F02E02469002CC4
:105AA0000ED02368002BF9D03B68002B01D09C421C
:105AB000F4D120002A003100C0472469002CF0D125
:105AC000019B002B28D1280005B0F0BCBB46B24694
:105AD000A946A046F0BD184B9846D7E7154B994606
:105AE00002ABDF1D0A239B4602E02469002CE7D0AD
:105AF0002368002BF9D04B461B68002B01D0A34232
:105B0000F3D12A0031002000C0475B460122390052
:105B100020003B70C047E8E7504615F03DFBD2E758
:105B200040420F00FFFFFF7F8C3F002051590010C3
:105B3000984B0020A04B002041590010F8B5574663
:105B40004E464546DE4698461A4BE0B59B461A4BF4
:105B500007000E0091469A46184D5B461C68002CC3
:105B600003D115E02469002C12D02B68002B01D042
:105B7000A342F7D1A368002BF4D031003800984736
:105B80000028EFDDF0BCBB46B246A946A046F8BDF2
:105B900053465B6A984508D85246926A4A4502D3F2
:105BA00002204042EEE79845FAD101200021FDF79E
:105BB0008FF8D2E7984B002000400540A04B002012
:105BC0000A4A1368002B05D10CE01A001B69103239
:105BD000002B07D09842F8D1002902D10369136045
:105BE000016170470029FCD01060FAE7984B002053
:105BF00010B500F07DFA10BDF0B5CE46474680B531
:105C000083B06B460600DD1D2870FDF757F80023B2
:105C10001A4A12184B41802109068B4202D30122F5
:105C2000174B524217490800884615F04DFA164B9B
:105C300081461C68002C14D0144F02E02469002C0B
:105C40000FD02368002BF9D03B68002B01D09C4279
:105C5000F4D1200001222900FFF77AFE2469002CEC
:105C6000EFD14B46002B05D1300003B0C0BCB94684
:105C7000B046F0BD404615F08FFAF5E740420F0000
:105C8000FFFFFF7F8C3F0020984B0020A04B00209F
:105C900070B5040012F060FE01230100050001222E
:105CA0002000FFF7CBFE084B1C68002C06D0636871
:105CB000002B05D098472469002CF8D1280070BD2E
:105CC0002469002CF3D1F9E7984B0020F0B5CE46BB
:105CD000474680B5A3B004000D00FCF7EFFF00239A
:105CE000294A12184B41802109068B4202D3012216
:105CF000264B5242264F380015F0E6F900230600E5
:105D0000019322002B00234801A9FFF787FD019B87
:105D10008046002B14D1204B1C68002C06D06368F1
:105D2000002B0BD098472469002CF8D1002E25D1E8
:105D3000404623B0C0BCB946B046F0BD2469ECE78C
:105D4000154B1D689946002D1CD0144C02E02D699E
:105D5000002D0FD02B68002BF9D02368002B01D029
:105D6000AB42F4D12800019A02A9FFF7F1FD2D6999
:105D7000002DEFD14B4601951C68CEE7380015F099
:105D80000BFAD5E70195D1E740420F00FFFFFF7FF7
:105D90008C3F0020E5590010984B0020A04B0020BC
:105DA0000FB400B583B004A901C90191FFF78EFFBC
:105DB00003B008BC04B01847024B1860024B1960CE
:105DC0007047C046304B0020344B002010B5024BCA
:105DD0001878FCF739F910BDCF570120154B70B575
:105DE0001A68002A22D0EFF3108172B610680028DA
:105DF000FCD0BFF35F8F00200F4A596010701B6802
:105E0000BFF35F8F186081F31088002400250B4ECC
:105E10003078FCF70DF9002804D100240025290072
:105E2000200070BD3078FCF70FF9F8E7FA24002560
:105E3000A400ECE7C04F0020D0570120CF5701202D
:105E400070B5040000200E0001F078FB002836D069
:105E5000002001F089FB002831D0FCF72FFF002340
:105E6000184A12184B41802109068B4216D2164D52
:105E7000280015F029F9002821D0002001F05EFB50
:105E800000280FD101200021404200F07FFD0324B3
:105E90006442280015F080F9200070BD01220B4BF0
:105EA0005242E4E7002001F05FFB0028EAD0210025
:105EB0003200002001F062FB041EEAD1E7E7032470
:105EC0006442E9E740420F009C570120FFFFFF7F3B
:105ED00010B5FCF7F3FE00230E4A12184B41802147
:105EE00009068B4202D301220B4B52420B4C20007D
:105EF00015F0EAF800280CD001200021404200F003
:105F000045FD002001F084FB0028F5D1200015F0AC
:105F100043F910BD40420F00FFFFFF7F9C57012057
:105F2000F8B5DE46574680B505000C00FCF7C6FE06
:105F30000023374A12184B41802109068B4202D3B5
:105F40000122344B5242344908008A4615F0BCF80D
:105F5000002803D1C0BCBB46B246F8BD002001F00A
:105F6000EDFA00284AD00026002C43DD2B4B9B463F
:105F700014E0A919002001F085FB07000120002191
:105F8000404200F003FD002001F042FBFCF796FECA
:105F9000224BF61918605960B4422BDD002001F045
:105FA00091FBA71B0200B84200DD3A00002AE0D1B5
:105FB00001200021404200F0E9FC002001F028FB14
:105FC000002001F0BBFA002814D0002001F07AFB79
:105FD0000028E1D1FCF772FE5B460F001A685B688F
:105FE000002184460E4812184B419F4202D8D3D15B
:105FF0009445D1D9504615F0CFF8ABE700200021E9
:10600000064B18605960504615F0C6F8A2E7C04626
:1060100040420F00FFFFFF7F9C5701209843002064
:1060200020A1070030B52B4C85B00021200015F0D1
:106030007BF800281CD1284B1A68002A16D0EFF3F1
:10604000108172B610680028FCD0BFF35F8F012466
:106050002248596002781B68D2B20470BFF35F8F88
:106060000020186081F31088002A17D005B030BDD9
:1060700001200021404200F089FC002001F074FA68
:106080000500200015F088F8002DEFD0144B1B6898
:10609000002BEBD0134A10689847E7E7FCF7E6FBC4
:1060A0000400FCF70BFEFA220023920012184B4169
:1060B000802109068B4202D301220B4B524201215F
:1060C000029100210191094920000091FCF7D2FBC7
:1060D000CCE7C0469C570120C04F0020D05701207C
:1060E000304B0020344B0020FFFFFF7FDD5D0010B0
:1060F000D02310B51B0684B01C68FCF7B7FBFCF777
:10610000B5FCA04202D0002004B010BD2A4B0021F3
:1061100000201B7801F0A0FC28480368002B47D022
:106120000120FCF733F9FF23254C26492070184045
:10613000FBF7A4FF20780121FBF768FF0520FBF7A0
:106140008BFF002826D1082200211F48FDF7AEFF53
:10615000FCF78CFB0400FCF7B1FDFA22002392004F
:1061600012184B41802109068B4202D30122174BA2
:106170005242012102910021019115492000009114
:10618000FCF778FB0028BEDB12480121FFF718FD61
:106190000120B9E70120FBF707FF0B4B01001800B6
:1061A000FCF756F9002205200B49FBF791FFEBE7BE
:1061B000FCF732F9B4E7C0461CF401109C570120EB
:1061C000CF57012025600010C04F0020FFFFFF7F48
:1061D000DD5D0010E0370020CD5D00100048704705
:1061E0000CC6011000487047B8C5011010B5040076
:1061F00017480378002B20D0002C06D1154B1648E9
:106200004380063BFF3B038010BD052C19D8134B80
:10621000A400E05812490123013804E001330A8048
:106220000231142B0FD0C25C002AF7D1C022DBB29E
:106230005B00920008481343E5E7112100F01AF8CB
:10624000DAE70020E0E7CA2303489B00DBE7C0460B
:10625000B057012009040000704B0020A0C50110B8
:10626000724B002010B5024800F0D8F810BDC046AF
:10627000DC4F002030B54B1E012900D1A7E0664A53
:1062800011780D092C0030349F2900D9A2E0047048
:10629000012B00D1BEE00F21147821400C003034D6
:1062A000092900D998E04470022B00D1B2E054785B
:1062B0002509290030319F2C00D990E08170032BF3
:1062C00000D1A7E00F2121400C003034092900D96A
:1062D00087E0C470042B00D19CE094782509290044
:1062E00030319F2C00D97FE00171052B00D191E066
:1062F0000F2121400C003034092900D976E0447187
:10630000062B00D186E0D4782509290030319F2C56
:1063100000D96EE08171072B00D17BE00F21214075
:106320000C003034092966D8C471082B00D171E003
:1063300014792509290030319F2C5FD80172092B6F
:1063400068D00F2121400C003034092958D84472FC
:106350000A2B5FD054792509290030319F2C52D85F
:1063600081720B2B56D00F2121400C0030340929AB
:106370004BD8C4720C2B4DD09479250929003031AB
:106380009F2C00D9073101730D2B43D00F212140E1
:106390000C003034092901D937310C0044730E2B1D
:1063A00038D0D1790C09220030329F2900D9073228
:1063B00082730F2B2ED00F220A4011003731092A89
:1063C00001D830321100C173102B23D010300023BC
:1063D000037030BD07345AE737310C0063E70731EB
:1063E0006CE737310C0074E707317DE737310C007B
:1063F00085E707318EE737310C0095E707319DE7D8
:1064000037310C00A3E70731AAE737310C00C4721B
:106410000C2BB1D1C018DAE7DC4F002010B588B0E2
:1064200004000D2200216846FDF740FE0D220021E8
:1064300004A8FDF73BFE6A464B236846137004A987
:1064400000230D2214F0D0FE1521082220006944FB
:10645000FDF732FE08B010BD7047C0460022014B68
:106460001A707047CE5701204B790020FF2B0BD1BB
:106470008B79002B08D1CB79012B05D1082A03D9C0
:10648000024B8A7809301A707047C046CE570120F7
:106490000120704710B5012901D0012010BD144919
:1064A0005379107909781B02034300209942F5D1F2
:1064B0005378012B08D0022BF0D100206422002158
:1064C000FCF7B0FD0120E9E7D1789078090201439B
:1064D00080200A0040000240014206D0CA091A404A
:1064E000480A03231940FCF725FE01204042F8E743
:1064F000CE57012000487047C8C6011070B505008E
:1065000014000120012909D153780020012B05D165
:10651000637912791B021343072B00D070BD210051
:106520002800024A9F3300F0E9FEF7E720C6011079
:106530000123037000487047ECC601104B780A78BD
:106540001B0213438A7810B512041A43CB781B063A
:1065500013439622D200934200D010BD00220120A6
:1065600011004042FCF7E6FDF8B500F035F90C23C8
:10657000194DFF22AB6705201849FBF7A9FD184C00
:10658000402200212000FDF791FD40270023012635
:106590002121144A66702783A260136063545F311F
:1065A000618445396354104A10496360E26027876B
:1065B000A1620B606362E26214F0E6FD80239B053A
:1065C0002E64EB6490230A4A0120EA508022094B92
:1065D0005202DA64F8BDC046000011506105002087
:1065E000A84B002084001050000110508000105073
:1065F00010D001000020115010B501210520FBF73B
:1066000005FD10BD10B500220021024800F004F97C
:1066100010BDC046C84B0020044B1970002904D09F
:1066200080219023024A8902D1507047C857012027
:10663000002011500B785B0602D14B78052B00D05F
:1066400070478A78014B1A60FAE7C0460000115083
:10665000F0B5C646CB7800B59B079C0F2000012CF7
:1066600056D08D780A794B797F211B022940EE099B
:1066700013434A0094462C4F92195201BA18957050
:1066800001257540557000255B055B0DD5701383A2
:10669000D476CA00012E2BD0244CA0468C01424453
:1066A0003C19A260156000292BD0214AC9009046F0
:1066B000414461603F223F339343022830D032008F
:1066C0001C4C624421685201BF181B4ACB18F96068
:1066D0002360934226D8194A83064A4013438022F6
:1066E000120613437A681360012080BCB846F0BDDF
:1066F000134CA0468C0142443C19A262156000294B
:1067000008D100237601BE1973600E4BF360EBE7EE
:106710000020EAE7094AC900904641446162C9E79E
:106720005B00CCE7FCF730FDA84B00208400105044
:1067300004001050BC4F0020FF0F105000001050FC
:10674000800010500001105010B514F01DFD10BD58
:1067500010B57F200C0020404000E4091100001912
:106760001A00034B4001C01800F056F8012010BD7C
:10677000A84B00207F23180010B50840CA090B421F
:1067800003D107497D3B9B1A8B664000801880220D
:10679000044B40010021C018120114F0DDFC10BDB3
:1067A00000201150A84B00207F22130010B50B4091
:1067B0000A4200D110BDC9095B005B1804485B01A7
:1067C000C018002300220349C37014F0C5FCF1E790
:1067D000A84B0020FFF7FFFF80220A4B520410B5A0
:1067E0001A60094B09491A6010000B689843FBD1E5
:1067F0008022002152010648FDF758FC0922054B72
:106800005A6710BD00E0004000F0004008C00040A2
:106810000000105000001150002310B5C382013356
:10682000828283760161040014F0C6FC002804D043
:1068300080219023074A8902D150200014F0DCFC0B
:10684000002802D00123237710BD200014F094FC0F
:10685000FAE7C046002011507047C0467047C04656
:1068600000207047002070477047C0467047C04600
:106870007047C0467047C046024B5878431E984147
:10688000C0B270470C490020024B18784007C00F77
:106890007047C0460C490020F0B5D6464F464646E4
:1068A000C0B52F4B07009A461B780E00FF2B01D076
:1068B000012041E000293ED0002154222948FDF763
:1068C000F5FB0022284C294B20001A70FBF7A4FD91
:1068D000274B1C60274C2000143CFBF7ABFD20002D
:1068E00001F0B6FB244B254D1C60254B002B28D016
:1068F0002800FFF71DFE234B18602B78224A002446
:106900009146204A90460EE043461B6862019B1860
:10691000002B10D05B68002B0DD0984701342B78EA
:10692000E4B2A3420FD3A342EED8E31A5B014B4477
:106930005B68002BF1D10020E0BCBA46B146A84606
:10694000F0BD2B78DAE75346310038001F70FFF7AF
:106950000BFE0028EFD03800FFF74EFE0120EBE7DA
:10696000143800200C49002004490020C957012098
:10697000604900200C38002064490020C7570120DE
:10698000316500105C470020B4C70110F0B5DE4649
:1069900057464E464546E0B5C94B91B003931B7828
:1069A000FF2B00D145E1C74BC74E9B465F46C74B07
:1069B0000DAC0293C64B019335686A69EFF3108101
:1069C00072B61368002BFCD0BFF35F8FA96128005B
:1069D000210001F06BF96A69AB69BFF35F8F002199
:1069E000116083F31088002800D122E16378082B1E
:1069F000E2D89B00FB589F466368002BDCD0A06860
:106A00009847D9E77F222179B04D0A405300EB180F
:106A10009846C809804440460123303005799D439B
:106A20000571057903339D430571002A00D107E103
:106A30004346A84A1B7D1278934200D3F7E0A64A4A
:106A40005B011568ED18002D00D1F2E0A3686279B2
:106A50002078AD69A847AFE7A04A1378002B00D192
:106A6000E7E01378013BDBB213701378002BA3D15E
:106A70000122964D01212B78042013432B703423DF
:106A8000EA5C8A43EA54EA5C8243EA540133EA5CF2
:106A90008A43EA54EA5C8243EA54237800209B4606
:106AA00000F08CFC602223791A40602A00D1F2E0C9
:106AB000402A00D1F8E0DB06DB0E012B00D115E106
:106AC000022B00D1CBE0002B00D0E4E0202A00D143
:106AD0000FE2002A00D0DEE06379092B00D9DAE06A
:106AE0007F4A9B00D3589F46784D2B78DB0700D414
:106AF00062E7FFF7BFFE5FE7029BDB78DB0700D4AE
:106B00005AE76068FFF7AAFE56E7704D2B78DB075F
:106B100000D451E728780007C00FFFF7A9FE4BE724
:106B200023786B4A994693466A4B6B4A984692463D
:106B30003A00002547461B78B0464E4691460EE087
:106B400053461B686A019B18002B00D17EE0DB686E
:106B50003000984701353B78EDB2AB420CD3AB42E5
:106B6000EED8EB1A5B015B44DB68300098470135D7
:106B70003B78EDB2AB42F2D2544D542200212800B2
:106B8000FDF794FA1022FF21281DFDF78FFA280047
:106B90002022FF21143046464F46FDF787FA00F0C9
:106BA00003FC2379AB7007E723784B4A9946494B9E
:106BB000924698463200BB464E46002547469146CF
:106BC0001B780DE053461B686A019B18002B41D0CF
:106BD000DB683000984701353B78EDB2AB420ED30D
:106BE0009D42EFD3019AEB1A94465B016344DB6844
:106BF0003000984701353B78EDB2AB42F0D2029DB0
:106C0000542200212800FDF751FA1022FF213548B7
:106C1000FDF74CFA28002022FF2114304E465F4633
:106C2000FDF744FA00F0C0FBFFF720FEC4E69342F4
:106C300013D011B0F0BCBB46B246A946A046F0BD89
:106C4000A3686279207800F0CDFBB5E646464F4652
:106C50001E4DA4E74E465F46E4E71D4DF6E6702361
:106C6000217A0B4217D1C80982460F330B405B00D3
:106C700098461848EB1853441B7D0078834260D235
:106C800015485B01006881469944002A00D14FE114
:106C90004B46002B5DD120780021FFF76BFD802152
:106CA0002078FFF767FD87E60F4800F087FB01219A
:106CB00058460EAAFFF722FC002800D07CE6EAE73F
:106CC000143800200CC70110644900200C49002032
:106CD000B4C70110C75701205C470020C9570120E5
:106CE00030C7011010490020FD640010237A0F2BDB
:106CF000D1D8D64AEB181B791278934234D3CAD133
:106D0000D34D686900F05AFB012158466B690EAA01
:106D10009847002800D04FE66022150023791D40D7
:106D20001A42B8D163790A3B012BB4D800F046FB74
:106D300063790A2B00D17FE158460EA900F0C8FA0A
:106D40003AE6834200D0EEE0C14B9946002A00D1DA
:106D5000EEE04B46586900F031FB4B4601215846A6
:106D60005B690EAA9847A7E7BA4A5B011568ED1858
:106D7000002DC6D18FE7A37999466B789945DBD072
:106D80006B78002B00D02AE14B466B70002B00D1B2
:106D900022E148460138C0B2FFF724FA002800D1AA
:106DA00074E143780793022B00D06FE10122C1798F
:106DB000B1468B11491113400A40302112015B0189
:106DC00013432A78A8468A4313432B7009239A4613
:106DD00082445646BA46C37882781B021343C318CE
:106DE00005939A4B04939A4B08939A4B09939A4BA9
:106DF0000A93059BB34200D84BE1737801220B2B19
:106E000003D13378F278F6187378042B00D03AE186
:106E1000059B00279B1B9BB20693049B0B921D783E
:106E200019E0099A7B011568ED18002D00D12AE1BF
:106E3000310058462B69069A98478446082803D99A
:106E4000069A824200D30BE1049B01371D78FFB202
:106E5000BD4200D217E1AF42E3D3089B7D1B9C46A5
:106E60006D016544E4E76B780CAA02321370584652
:106E700001230EA900F042FA9EE5E3881A0AD8B26F
:106E80000F2A00D907E775499300CB589F460EA8F3
:106E900000F09AFA5846A179FFF7B4FB02222B784A
:106EA00013432B7088E5E388012B00D0F3E608221A
:106EB0002B78584693430EA92B7000F009FA7BE516
:106EC000022029780CAB9A1C8B068908DB0F014045
:106ED0000B431380584602230EA900F00FFA6BE50E
:106EE000E388012B00D0D6E608222B7813432B70C1
:106EF00022E7237A0F2B00D9CDE6544AEB181B79F1
:106F00001278934228D2534A5B011568ED18002D80
:106F100000D1C0E6686900F051FA012158466B695A
:106F20000EAA9847C8E6002A00D0B4E60023994686
:106F300062790220130004928343012B11D0002AAE
:106F400000D0A8E62B004344534430331B790CAAED
:106F50009B07DB0F0232BCE7934200D09BE63C4D1F
:106F6000D8E7E388002B12D1039B1878049B012BF0
:106F700023D0FFF7FFFB43460221EB185344303385
:106F80001A790A4301211A711A790A431A714B4678
:106F9000002B00D110E5586900F010FA4B46012192
:106FA0005B690EAA58469847002000F007FA35237F
:106FB000EB5CDB0700D5FFE4BEE6FFF7F5FB4346DD
:106FC0000221EB18534430331A798A431A711A7923
:106FD00004998A431A71DAE7FFF748FCACE600210E
:106FE0005846FFF719FB5846FFF7AEFB00229246C2
:106FF000174AAB780592174A049306922A00134B5E
:107000005546984692461B780EE0069B6A011B681F
:107010009B18002B56D0DB685846984743460135ED
:107020001B78EDB2AB4239D3AB42EED8059AEB1ADE
:1070300094465B016344EEE70CAB9A1C584601236F
:107040000EA9157000F05AF9B6E4C046C7570120E2
:10705000B4C701105C4700202049002058C7011028
:107060000B9A012A4DD0002A3CD00023B07804E0CE
:107070000133DBB20F71934234D2C118C9B241441B
:107080000D79FF2DF4D04E464546574600236B70D0
:1070900001E64E465746FFF7E7FB4DE655465422BC
:1070A00000212800FDF702F81022FF21281DFCF71F
:1070B000FDFF28002022FF211430FCF7F7FF049B7E
:1070C000AB7061E65546FAE7FFF714FA021E00D1ED
:1070D000E1E5D37891781B020B4358460EA900F0E6
:1070E0000DF9E9E565463B0031002A000A9800F0F9
:1070F00059FDAC46049B66441B78BB4200D378E63E
:10710000C1E7174B29699942AFD1079AADE7FFF75D
:10711000A7FB021E00D1BEE5584613780EA900F069
:10712000EDF8C9E52189FFF761F8021EF4D1B2E557
:10713000022A0FD0FFF796FB021ECAD1ABE5FFF77C
:107140004DF8021E00D1A6E5122358460EA900F004
:10715000D5F8B1E5FFF746F8021EBAD19BE5C04667
:10716000C9770010F8B557464E46DE4645460C0036
:10717000E0B516001F00002A3CD01F4B00259A46A0
:10718000702399461D4B9B4617E05B46200099787B
:1071900000F0CAFC00281FD021004046FFF758FA33
:1071A000002819D0A378DA09012A1CD00A9A0135DF
:1071B00013702378E418B5421CDA6378052B0BD1E1
:1071C000E3789B079B0FBB4206D153464A461B7888
:1071D0009846A3781A42D8D00020F0BCBB46B246ED
:1071E000A946A046F8BD0B9A013513702378E41820
:1071F000B542E2DB0120F0E7143800200C49002002
:10720000702270B5094B0C001D788B781A4201D0A2
:10721000002070BD064B2000997800F085FC002806
:10722000F6D021002800FFF713FAF2E71438002007
:107230000C4900200B007F2010B51840DB093433C7
:107240004000044AC018044B1168C01800F028FC24
:1072500010BDC046604900200C4900200B007F2073
:1072600010B51840DB0934334000044AC018044B01
:107270001168C01800F03CFC10BDC04660490020F9
:107280000C49002070B57F240F480C40640004199D
:10729000CD09641930342079C00701D5002070BDB4
:1072A000012625790948354300782571FFF750FA02
:1072B0000028F4D1012223799343237123790332E7
:1072C00093432371EAE7C0460C490020143800209C
:1072D00070B5094C0600082220000D00FCF7ECFEFA
:1072E00000238021E360A3602B78300099430022C3
:1072F0000023FFF7C7FF70BDEC480020F8B5CE466D
:1073000047469046264E80B58146082230000D0043
:107310001F00FCF7D1FE4346B3600023F381EC79F4
:10732000AB7924021C43231CBC4200D93B1C9FB2F6
:10733000B381002C0ED0002F18D04346002B2CD048
:107340003B1C402F1BD89FB233787F2B1CD80021C9
:10735000144A0FE080212B780022994348460023ED
:10736000FFF790FFC0BCB946B046F8BD7F230022AE
:10737000317899433B004846FFF784FFF2E740230A
:107380009FB233787F2BE2D9064C3A004146200069
:10739000FCF792FE80212200ECE70020E2E7C046E5
:1073A000EC480020AC48002010B51422002102480F
:1073B000FCF77CFE10BDC046EC480020014B186174
:1073C0007047C046EC48002010B5054C010008226B
:1073D0002000FCF771FE0023A360E36010BDC046EF
:1073E000EC48002070B5384C1D0023780600DA09FF
:1073F000C9098A4210D00020002D00D070BD2100A4
:107400003000FFF717F92369002B03D02200032176
:10741000300098470120F1E7A0687F2B05D80028AD
:1074200034D02A002949FCF747FEE289A1685219A5
:10743000E38892B24919E281A160934214D03F2DB2
:1074400012D9A389981A051C80B240282AD820781E
:10745000ADB27F2828D800219A4232D01B4A2B0097
:107460003000FFF70FFFC9E72369002B05D022008A
:1074700002213000984700280AD08021237800227A
:10748000994330000023FFF7FDFEB7E70020B5E782
:1074900000213000FFF76EF930008021FFF76AF914
:1074A0000120ABE74025D2E79A4207D0074C2A00DB
:1074B0002000FCF701FE80212200D0E7802100227D
:1074C000CDE70022CBE7C046EC480020AC480020C6
:1074D00070B50500FFF7D0F9002800D170BDFFF7A7
:1074E000D3F90028FAD1C8236B43124CE618F1787F
:1074F0000029F3D010331C19200000F0C1FB3F28F5
:10750000ECD90020F178FFF795FE0028E6D02000A6
:1075100000F0B6FB3F2808D9074BEA01D218F178F2
:1075200040230020FFF7AEFED8E7F1780020FFF7F8
:1075300095FED3E7E44700206047002010B5040023
:10754000FFF79AF9002801D1002010BDFFF79CF940
:107550000028F9D1C8226243024B01309B181B79E5
:107560001840F2E7E4470020C82310B5434302481F
:10757000181800F067FB10BDF4470020F0B5C824D0
:10758000C646802344431F4F1034050000B53C1904
:107590005B029A4200D31C4A200092B200F0D4FB56
:1075A0008046FFF769F9002803D1404680BCB84601
:1075B000F0BDFFF769F90028F7D1C8266E43BE1960
:1075C000F378002BF1D0200000F05AFB3F28ECD9D3
:1075D0000020F178FFF72EFE0028E6D0200000F012
:1075E0004FFB3F2808D9094BEA01D218F178402314
:1075F0000020FFF747FED8E7F1780020FFF72EFEC6
:10760000D3E7C046E4470020FFFF000060470020AA
:10761000F8B50600FFF730F9002801D10020F8BDC9
:10762000FFF732F90028F9D1C82474432500134F1D
:107630002435ED19280000F005FB0028EED03F1995
:107640000020B978FFF7F6FD0028E7D00C4BF401D5
:10765000E41821002800402200F076FBB978051ECE
:1076600008D0030022000020FFF70CFE0028D5D030
:107670002800D4E70020FFF7F1FDCFE7E447002022
:10768000A047002070B5C82444430C4B0500E41803
:1076900080235B029A4200D3094A200092B200F094
:1076A0001BFC0600200000F0CDFA3F2801D8300076
:1076B00070BD2800FFF7ACFFF9E7C046084800207E
:1076C000FFFF0000C82310B543430248181800F01C
:1076D000D7FA10BD08480020F0B50025184C83B03B
:1076E000C82200212000FCF7E1FC164B21001D7090
:1076F000FF236371E1235B02A36020000823402283
:10770000A37338310095073B103000F065FA27006D
:107710000123210020002600402278310093B83751
:10772000243000F059FAC0363800FAF775FE300000
:10773000FAF772FEE56127622663656303B0F0BD68
:10774000E4470020E04700200B4B196B00290AD0CA
:107750001A6A002A0DD000221A621A63DA61002226
:107760005A63012070471A6A002AFAD0D961196257
:10777000F7E71A63F3E7C046E447002070B50F4C03
:10778000052200212000FCF791FC0D4D2B78DA0733
:1077900007D50C4C9B070CD50121200000F078FC8C
:1077A00070BD2000103000F053FC2B78054C9B0777
:1077B000F2D4200000F04CFCEEE7C046E447002085
:1077C000E047002008480020F0B54B79060083B060
:1077D000022B02D18B79022B03D00025280003B0A5
:1077E000F0BD214FBB78002BF7D18B7809253B707A
:1077F0000C780C196378242B0BD1082A02D80FE0DF
:10780000AA420DD32378E4185D196378ADB2242B16
:10781000F6D0052B08D0042B02D163790A2B11D0A6
:107820000020FFF755FED9E721003000FFF7E8FC04
:107830000028D2D0A3787B7023785D19E418637890
:10784000ADB2E8E7094B2778019301330093022298
:1078500002233000E119FFF785FC0028BDD00E356A
:10786000ED19ADB2DCE7C046E4470020E647002052
:10787000F8B5602314001278050013400020202B77
:1078800007D1304A6379277916781B023B439E4221
:1078900000D0F8BD6378222B1AD007D8202B34D023
:1078A000212BF6D101293ED00120F2E7232BF0D184
:1078B000012940D00329F7D1234B002BF4D0E178E4
:1078C000A37809020020194300E000BF0120E0E78F
:1078D000012930D00329E7D101252E00A378E478CF
:1078E000023924021C4314712640243210007140D6
:1078F00000F0CEFB154B002BD6D0620800203100E3
:107900002A4000E000BF0120C3E701290BD0032972
:10791000CAD10F4B002BC7D0083200201100FEF750
:107920000DFE0120B5E7072321002800094AFFF7D3
:10793000E5FC0120ADE721002800FFF7C9FC01208C
:10794000A7E7C046E4470020000000000000000058
:107950003D650010EC470020F0B54F464646D64640
:10796000364DC0B5EA781F0080460C00AB788A42DD
:107970003BD08B4210D00020E0BCBA46B146A846AE
:10798000F0BD2F4B002B04D02E4800F071F90028D9
:1079900051D00020FFF79CFDAB78A34201D001201D
:1079A000EAE7294B002B02D0002000E000BF0020B6
:1079B000FFF72EFE0028F2D1244C200000F042F9FF
:1079C0000028ECD1002FEAD0BF06E8D1243C404685
:1079D000A178FFF72FFC0028E1D0002300224046C9
:1079E000A178FFF74FFC0120C6E710239A46184EF6
:1079F000AA4431005046BAB200F06EFA154B002B83
:107A0000BFD06B79FF2BBCD0002FBAD0F2199146B2
:107A100003E00136B145B4D06B7932789A42F8D19F
:107A2000504600F025F90028F3D15346103B597910
:107A300000E000BFEDE700E000BFAAE7E447002058
:107A400000000000F447002000000000084800206B
:107A5000604700200000000000B5030083B000294B
:107A600010D00020012B07D80A78002A04D00B4838
:107A7000C2540120012A01D003B000BD1800FEF756
:107A80000BFFF9E7012301A900200B80FEF704FF9B
:107A90000028F1D00122014B1A70EDE700490020C7
:107AA000037870B5DB0704000E00DD0F002B17D143
:107AB00003785B0701D5280070BD012130004942E1
:107AC00013F01AFB2378DB07DD0F002B0AD1237894
:107AD0005B0708D40422237801251343237002E0B6
:107AE0000025E8E70025300013F056FBE3E7C04629
:107AF00070B50C00012106004942200013F0FCFA89
:107B000033785B07DD0F002B04DB200013F044FB10
:107B1000280070BD3378DB0704D404223378934304
:107B20003370F2E70025F0E7437902791B02134333
:107B3000C2785B0592075B0D920F022A1DD0032AC3
:107B40000CD00020012A08D102394A425141124A80
:107B50009446614499424041C0B2704702394A1E7E
:107B600091410E4A494211408022D20094460020A1
:107B7000614499424041C0B2EFE7022905D000209C
:107B800040229A424041C0B2E7E7054A9818434272
:107B90005841C0B2E1E7C046FF03000040FCFFFFD0
:107BA00000FEFFFF8A1870B5914207D27F264C78FD
:107BB000052C04D00C7809198A42F8D870BD34001D
:107BC0008D782C4064000419ED0963550C7809196F
:107BD0008A42ECD8F2E7C046F0B5C64600B50400CC
:107BE00006A805788020884617001E000002824201
:107BF00026D8E068002803D00121494213F07CFA1E
:107C00002069002803D00121494213F075FA434648
:107C1000236073045B0CED031D430023E068638164
:107C2000A780E5802381002801D013F0B5FA2069F0
:107C3000002801D013F0B0FA012080BCB846F0BD96
:107C40000020FAE710B5048941898288A3B288B27E
:107C50008C4207D31B1A9BB2101C9A4200D9181CE5
:107C600080B210BD5100091A5B189BB2F4E7C04600
:107C700003894089181A43425841C0B27047C04630
:107C800010B5048941898288A3B288B28C4207D397
:107C90001B1A9BB200209A4201D9D21A90B210BD91
:107CA0005100091A5B189BB2F4E7C04670B5040096
:107CB00000690E00002803D00121494213F01CFA8C
:107CC00025896089A288A9B283B285422CD3CD1AB6
:107CD000ADB2002D2ED0AA4208D2914230D3891ADB
:107CE0008BB263819A4203D89B1A9BB29A42FBD90A
:107CF000E28821685204520C53433000C918FCF743
:107D0000DBF963890125591C89B2A2888B4213D9FA
:107D100000215200891A89B220696181002801D0AE
:107D200013F03AFA280070BD5500ED1A4D19ADB2A6
:107D3000002DD0D1618989B252009142ECDBE9E794
:107D400089188BB26381CDE7F0B546464F46D646DB
:107D5000C0B50600006989469046002803D001217D
:107D6000494213F0C9F931897289B5888BB294B24E
:107D7000914254D31F1BBFB2002F4AD0BD4205D23F
:107D8000AB4251D25B199CB22F0074814346B84577
:107D90003DD89FB2A54203D8641BA4B2A542FBD92B
:107DA000F28831685204520C904662432B1B9BB2FE
:107DB000891842469F4225D953439BB21A00484630
:107DC0009A46FCF779F9434648467D1B64195C43A3
:107DD00031685044A2B2FCF76FF97189B588CB19AC
:107DE0009BB26A00994216D99B1A9BB23069738183
:107DF000002801D013F0D0F93800E0BCBA46B146F3
:107E0000A846F0BD48467A43FCF756F9E5E73B1C27
:107E1000BFE773899BB26A009342E7DBE4E76F0038
:107E20003F1BDF19BFB2A7E75B1B9CB2ACE7C046A4
:107E3000F8B50400C0680E00002803D001214942B3
:107E400013F05AF9258920896189A288ADB283B2DD
:107E50008FB2884229D3DB1B9BB29A4209D8E779BB
:107E6000FF0906D1E068002801D013F095F9380029
:107E7000F8BD95421ED32B009B1A9BB29342FBD2B6
:107E8000E28820685204520C53433100C018FCF7BA
:107E900013F96B1C9BB2A2889D4218D90023520093
:107EA0009B1A9BB201272381DCE75100C91B5B1899
:107EB0009BB2D2E72B00E28820685204520C534355
:107EC0003100C018FCF7F8F80135A288ABB25200B7
:107ED0009342E7DBE4E7C046F0B557464546DE4649
:107EE0004E46E0B5140005000F0083B0002A75D09F
:107EF000C068002803D00121494213F0FDF82E8903
:107F0000E9796A89AB88B6B292B2C90945D196427D
:107F100000D36DE059008A1AB21892B20021894646
:107F20009A4234D29A1A111C92B2A24200D9211C50
:107F30008AB29146EA885204520C90464A46B218D8
:107F400092B292464A46D21A92B2934634009E4268
:107F500003D3E41AA4B29C42FBD24246624328688F
:107F60001B1B9BB2801842464B4554D34B463900ED
:107F70005A43FCF7A1F8AB885B00564501D89A45F7
:107F800003DB5246D31A9BB29A4653462B81E868CC
:107F9000002825D013F000F922E0E9884904490CB3
:107FA00088469C4227D2964247D3B11A89B28C4662
:107FB0005800E11A89B28B4661460919814208DBF3
:107FC000D11889B20E1BB6B28A46B2423BD9361AD4
:107FD000B6B2A21992B29246A146B7E700239946DB
:107FE000484603B0F0BCBB46B246A946A046F0BD29
:107FF000B21A92B292E700218946002BC7D04146BF
:10800000E41A4C431600D118002289B28A469946D8
:1080100093463F199AE753439BB21A0039005C44D8
:108020000193FCF749F8414622004A43019B286826
:1080300092B2F918FCF740F89DE75800811A7118C0
:1080400089B28C46B5E7A146B04200DD7EE7BEE7C7
:1080500010B50400C068002803D00121494213F084
:108060004BF82069002803D00121494213F044F85D
:108070000023E06863812381002801D013F08CF88D
:108080002069002801D013F087F8012010BDC046F8
:1080900070B50400C0680D00002803D001214942DA
:1080A00013F02AF82069002803D00121494213F077
:1080B00023F87F21E379ED011940E0682943E1715C
:1080C000002801D013F068F82069002801D013F0CF
:1080D00063F8012070BDC0460022014B5A60704712
:1080E00054470020494A0300944663445A1E934172
:1080F0008022F0B54E46DE465746454692029446EB
:10810000E0B55B421B0C424A1B04634485B00290FD
:108110001360404A0E004049136018000A689043FB
:10812000FBD10620FAF726FF0223029904008C46B1
:108130004A6801901A4003920A1D9046374AF10D91
:10814000624491461360700200295AD1A04258D867
:10815000802464000227A246B446B30DB20204E0B4
:10816000019E96420AD322002B000237574505D0C4
:1081700004000D00A4185D41002BF1D06646019B60
:1081800080259A46B3463C02E41B6D002E00013D5B
:10819000002D38D021005046FBF7BEF9E41B834583
:1081A000F4D2310079432D02029CFF228026A4469E
:1081B0002761236812026B407601664413403360E6
:1081C0008023039A9B0143441A604D4602220727ED
:1081D00060682A60256810406F40CF253D403560BB
:1081E00018600F48844603206444206001981A6098
:1081F000FBF792F905B0F0BCBB46B246A946A046D3
:10820000F0BD0227BBE73900CEE7C0460000FCBF47
:1082100000E0004000F0004008C0004004300000D2
:1082200024200000F0B5DE4657464E4645468346BC
:10823000E0B5062083B08A46FAF79CFE5B465A6892
:1082400002231A4000925A46043201922B4A814678
:108250005A4413605346DF0D5E02002F48D1864218
:1082600046D851468A0202219B0D8846FE3103E022
:1082700091450CD322002B0002208446E04488451F
:1082800005D034003D00A4185D41002BF0D04346DA
:1082900080241D02ED1A64002600013C002C2AD027
:1082A00029004846FBF738F94346ED1A5045F3D903
:1082B0004146714324025B4642461A611A68FF2315
:1082C00062401B021A4080235B015B441A608022DB
:1082D00092019446019B009A634448461A60FBF75A
:1082E0001BF903B0F0BCBB46B246A946A046F0BDA0
:1082F00002239846CBE74146DDE7C0460430000044
:1083000070B5056904680620FAF734FE29002404D4
:10831000240E01346143FBF7FFF870BD03BDC04676
:1083200010B504000800FBF765F8FAF747FFA0470F
:1083300010BDC046D02202211206136D1942FCD096
:10834000506540BF7047C046D0221206136DDB0750
:1083500004D4012120BF136D1942FBD0D0231B068A
:10836000986D704770B58024124B6402124A1C60ED
:1083700013682342FCD00F20F9F75AFE00210500B4
:108380000F20F9F743FE00220C4B5A70D0220C4B01
:1083900012061C60136DDB0704D4012420BF136D8B
:1083A0001C42FBD0D02329000F201B069B6DF9F740
:1083B0002DFE70BD04200140040001406C4B0020E4
:1083C00004300140F0B5040087B00F200E00170004
:1083D000F9F72EFE002105000F20F9F717FE002205
:1083E0000023009201930123184A02935370D02373
:1083F00004960594002600240121022003971B0601
:10840000002C14D01A6D1042FCD05C6540BF1A6D70
:10841000114203D120BF1A6D1142FBD09A6DA242C6
:108420000AD000266C46B200A458E9E79A6D1A6D8E
:108430001142FBD140BFE5E70136062EF2D12900FB
:108440000F20F9F7E3FD07B0F0BDC0466C4B0020EC
:108450000D4B0E4A70B5934210D31C000C4A99186C
:108460000B4D0C4A92686051FF20C00023500A4B0C
:108470000A4823500A48FFF7A5FF70BD01235B425D
:108480001C000849ECE7C046000804200000042056
:10849000F407000000ED00E021830010FC0700005D
:1084A0001D830010F3070000F0B5DE4657464E4628
:1084B0004546E0B5CB4B8BB00191026819680400CA
:1084C0008A4200D196E01869824200D19EE01D6A7E
:1084D000AB46AA4200D1A5E01D6BAA46AA4200D134
:1084E000ACE01D6C0295AA4200D1BFE01D6D039562
:1084F000AA4200D1C6E01D6E0495AA4200D1CDE08B
:108500001D6F0595AA4200D1D4E080255D590695DE
:10851000AA4200D1DAE090255D590795AA4200D120
:10852000E2E0A0255D59AA4200D1EBE0B0269E59B9
:108530000896B24200D1F3E0C027DE590996B24254
:1085400000D1FCE0D027DF59BC46BA4200D106E199
:10855000E027DF59B846BA4200D110E1F027DF59D1
:10856000B946974200D119E1002900D124E1002841
:1085700000D13FE15946002900D139E15146002997
:1085800000D13BE10299002900D135E1039900298E
:1085900000D137E10499002900D131E10599002982
:1085A00000D133E10699002900D12DE10799002976
:1085B00000D119E1002D00D12AE10899002900D14C
:1085C0002CE10999002900D126E16146002900D15A
:1085D00020E14146002900D122E1494600200F2632
:1085E000002900D1E9E00BB0F0BCBB46B246A94679
:1085F000A046F0BD5D688068854200D063E79D6855
:10860000206B854200D05EE7002622E05E69A56807
:10861000AE4200D05BE79E69256BAE4200D056E7C4
:10862000012616E05E6AA568AE4200D054E79E6A55
:10863000256BAE4200D04FE702260AE05E6BA568CC
:10864000AE4200D04DE79E6B256BAE4200D048E7AE
:108650000326350101995A19D268012900D0C5E0D5
:108660000020002ABFD10132FF32B7E05E6CA5685E
:10867000AE4200D03AE79E6C256BAE4200D035E7A3
:108680000426E6E75E6DA568AE4200D033E79E6D36
:10869000256BAE4200D02EE70526DAE75E6EA568B0
:1086A000AE4200D02CE79E6E256BAE4200D027E78D
:1086B0000626CEE75E6FA568AE4200D025E79E6F26
:1086C000256BAE4200D020E70726C2E784255E591D
:1086D000A568AE4200D01EE788255E59256BAE42E4
:1086E00000D018E70826B4E794255E59A568AE4285
:1086F00000D016E798255E59256BAE4200D010E7F2
:108700000926A6E7A4269F59A668B74200D00DE720
:10871000A8269F59266BB74200D007E70A2698E79C
:10872000B427DF59BC46A768BC4500D004E7B8278A
:10873000DE59276BBE4200D0FEE60B2689E70437E0
:10874000DF59B846A768B84500D0FBE6C8269E5951
:10875000B046266BB04500D0F4E60C2679E7D42766
:10876000DF59B946A768B94500D0F1E6D8269E5929
:10877000B146266BB14500D0EAE60D2669E7E4274D
:10878000DF593E00A768BE4200D0E7E6E826276B27
:108790009E59BE4200D0E1E60E265AE7F427A668AD
:1087A000DF59B74200D0DFE6F826276B9E59BE425C
:1087B00000D0D9E60F264CE70026216B35015A512F
:1087C0005A19A06891600021D16001995060013967
:1087D0004A425141FF2249420A4001325B19DA60A4
:1087E000701C00E74C4600200926E6E70132F5E759
:1087F0000226E2E70126E0E70426DEE70326DCE7BF
:108800000626DAE70526D8E70826D6E70726D4E7BE
:108810000A26D2E70D26D0E70C26CEE70B26CCE7BA
:108820000E26CAE7F0B54546DE4657464E46E0B549
:10883000037980460C0089B0002B00D08EE06833AD
:10884000434499464346DB6AA21E023B9A425FD2EA
:108850004346002158890023FBF7E8F943461C6D85
:108860005D6D24184D414346802200211C665D66E3
:1088700092004846FBF71AFC434680215A890902B8
:1088800053021E008B4200D90E00802189000F0088
:108890008B4203D841E07608BE423CD9300006F056
:1088A00027FE82460028F6D032000021FBF7FEFBAF
:1088B000730A9946434600225B899346002B05D1F3
:1088C00015E043465B89CB449B4510D25B4602933F
:1088D00000234146039348784946029A039B00913E
:1088E00012196B4151460BF0D7FB0028E9D05046D6
:1088F00006F002FE434658895B46181A421E904114
:10890000C0B209B0F0BCBB46B246A946A046F0BD15
:1089100000240025A7E743465A8900239B460133DC
:108920009A46012600270020002A09D1E4E7012306
:108930009C4643465889E344A4197D418345DBD2D4
:108940004346587853462200009349462B000BF0CB
:10895000A3FB0028EBD043465889CDE76823434466
:108960009946026E436E01254078494600950BF00A
:1089700093FB03000120002BC3D142461371536EB9
:10898000126E069207930698079943461B6B049351
:108990000023059343461A6C5B6C801A99410200D0
:1089A0000B0004980599994200D04BE7904200D8FB
:1089B00048E74346DB78022B00D043E7049805994B
:1089C000069A079B12184B41414648784946009544
:1089D0000BF062FB36E7C0463423C25C0133C35C54
:1089E00010B51B0213433622825C12041A4337234C
:1089F000C35C1B06134339228B603823825CC35C43
:108A000012021A433A23C35C1B0413433B22825CC9
:108A100012061A433C23C45C0133C35C1B0223438C
:108A20003E24045D24041C433F23C35C0A611B06EF
:108A300023434B612123C25C1F3B1340CB710023B6
:108A4000CB6110BDF0B5CE46474680B50379040032
:108A500085B0002B0FD12378032B3FD000220021BB
:108A600060780BF045FB431E9841C0B205B0C0BC16
:108A7000B946B046F0BD68239846026E436E0121A8
:108A8000804489464078009141460BF005FB030085
:108A90000120002BEAD1266E676E206C616C237179
:108AA000236B32000293002303933B00121A8B4185
:108AB00010001900029A039B8B42CCD18242CAD982
:108AC000E1780229C7D1029A039B4946607892193E
:108AD0007B41009141460BF0DFFABCE76579012D3F
:108AE000BCD1260080226836002192003000FBF7BE
:108AF000DDFA0F4B0F4A0120E2520F4B0F4AA366DB
:108B000093239B00E250A16904336269E150002184
:108B10000433E250A26BE36B12184B41607822667B
:108B20006366310000950BF0B7FA0023637195E797
:108B30006602000055AAFFFF525261417272416104
:108B4000F0B5CE46474680B51500026E1E00040003
:108B5000436E87B0AA4207D10020B34204D107B0C8
:108B6000C0BCB946B046F0BD2700617868378C4676
:108B70002179B946002910D101232A0000934946E2
:108B8000330060460BF05CFA002803D001256D42EB
:108B900001202E0025666666E1E70121604600910E
:108BA000884639000BF078FA03000120002BD6D15B
:108BB0002371226E636E0492059304980599236BCA
:108BC00002930023039363789C46226C636C801AA3
:108BD000994102000B00029803999942CCD190422E
:108BE000CAD9E378022BC7D102980399049A059B4E
:108BF00012184B4141466046009149460BF04CFA31
:108C000063789C46B8E7C046F0B54F464646D64620
:108C1000C36AC0B5023B8F1E9F429B411F40072382
:108C200006009146B8463C0000259A4682B0230BC8
:108C300000930023019300980199B26DF36D12180F
:108C40004B413000FFF77CFF00283CD15246012306
:108C500022409340802292009446F06A2105C90D7B
:108C6000DBB2023872186832127801341A40A0421E
:108C700015D95B00DBB2002A17D101354D451FD055
:108C8000A74216D0002BEDD101316145CFD201238F
:108C900072186832127801341A40A042E9D8802153
:108CA000002300248900002AE7D0A0460025A7421F
:108CB000E8D1002002B0E0BCBA46B146A846F0BDFB
:108CC00040460230F6E701204042F3E7F0B54F4658
:108CD0004646D646C0B5077804000D001600022FA0
:108CE00064D038D8012F00D079E04B0898468844EA
:108CF000414600234A0A416C006C12184B41200087
:108D0000FFF71EFF002821D168239946673B4344A3
:108D10009A464346F2B290465246DB05A144DB0D2B
:108D200000214B44500A2F425BD00F251A78154082
:108D3000424612012A431A70226C636C2771121882
:108D40004B412000FFF7FCFE002867D0E0BCBA468C
:108D5000B146A846F0BD033F012F40D80023CA0901
:108D6000416C006C12184B412000FFF7E9FE00280F
:108D7000ECD1FE23AD005B001D402378042B07D00F
:108D80006B236119CB5C36011B0936091B071E4397
:108D9000230068335B19320A1E705A70320C360E8B
:108DA0009A70DE70012300202371CFE700230A0AA6
:108DB000416C006C12184B412000FFF7C1FE0028E7
:108DC000C4D1FF2123006A0049000A4068339B1880
:108DD000B2B2120A1E705A7001232371B6E7022044
:108DE000B4E742461A70226C636C277112184B412B
:108DF0002000FFF7A5FE0028A8D1534649464A4661
:108E0000DB05DB0DD218CB5C0F21360A8B433140DA
:108E10000B43137001230020237197E75346DA05B3
:108E2000D20D33094A44DBB2F3E7C046F0B5C6467B
:108E30000D00012400B5012920D90668F36A8B4290
:108E40001CD93378032B5ED01CD8012B4BD0022BBE
:108E500014D100230A0A306C716C12184B41300097
:108E6000FFF76EFE00284BD1FF226B00520013402B
:108E7000F31868335C781A7824021443200080BC0D
:108E8000B846F0BD042BF9D1026943691700C179D6
:108E90001F435AD101240029F0D1C369002B00D00F
:108EA0008BE0306C716C0023EA0912184B413000E2
:108EB000FFF746FE002823D1FE2369225B00AD00A8
:108EC0001D407619953BB25CFF3BF35C12021A43DE
:108ED0006A23F35C1B0413436B22B45C24061C431B
:108EE00064006408CAE700234F087F187A0A306CD0
:108EF000716C12184B413000FFF722FE00283DD064
:108F000001246442BAE70023CA09306C716C12185C
:108F10004B413000FFF714FE0028F1D1FE226921F9
:108F20005200AB001340F318953A595CFF3A9A5C33
:108F3000090211436A229A5C12040A436B215C5CA9
:108F4000240614432401240998E78768002FA1D040
:108F5000EF1B022933D101204042C117801859412B
:108F6000CB05400A184372890023490AFAF712FB1D
:108F7000874200D982E720D06C1C7FE77B1C984693
:108F8000FB05DB0DF318414668331F7800234A0ABE
:108F9000306C716C12184B413000FFF7D1FD002886
:108FA000AED14346DB05DB0DF31868331B781B029B
:108FB0003B432C420CD01C0960E7074C5EE70329B9
:108FC00000D06AE78369BB4200D866E76C1C55E7AE
:108FD0001B051C0D52E7C046FFFFFF7FF8B5066872
:108FE000056B33782035043B5A1E93412B4A5B4274
:108FF0001340802252059446634404009D4205D3E9
:1090000000220023A263E3630420F8BD826BC36BDC
:1090100011001943F8D0E905CF0D002927D100210F
:10902000012012184B41616BA263E363002924D035
:1090300073896A0A013B1A4219D12000FFF7F6FE34
:10904000012826D9431C22D0F36A9842D8D2821E26
:10905000023B60639A421ED2002300217089FAF716
:10906000E5FD326D736D80185941A063E163683688
:10907000F619002025632664C7E732896B099342FD
:10908000BED26836F619002025632664BDE70120AC
:10909000BBE70220B9E700200021E6E7000020F04E
:1090A00070B5150000221E00027101225242D31732
:1090B00004000266436682B06B1C51D1731C4FD111
:1090C000544A544BA2185578E35C2D021D43524B71
:1090D0009D4233D06823E35CEB2B06D01833DBB220
:1090E000012B02D9032002B070BD7323E25C230080
:1090F00073335B7803201B0213435A1E1342F2D1D1
:10910000802292009342EED17523E35C002BEAD0DB
:109110005A1E1342E7D17623E25C230076335B7854
:109120001B02134304D07823E35C013B012B46D997
:109130003A4BE818431E98410230D4E720000B2236
:109140003749683012F010F800281BD06823E35C20
:10915000EB2B19D01833DBB2012B15D90220C2E753
:109160000123210060782A000093683133000AF05F
:1091700067FF002820D001225242D3170420226624
:109180006366B0E70120AEE7200008222549BA3027
:1091900011F0EAFF00283AD07323E25C2300733316
:1091A0005B781B0213435A1E1342D7D18022022040
:1091B0009200934297D1A7E72566666680E77923F8
:1091C000E25C230079335B781B021343B0D07B232E
:1091D000E25C23007B335B781B0213437F2B0FD8A9
:1091E0008823E118E25C4B781B0213438A7812044F
:1091F0001A43CB781B06134380225202934297D323
:109200007E23E25CE41863781B02134390D00020B5
:1092100069E7C0466602000055AA0000AB55FFFF93
:1092200008B8011014B80110F0B54E464546DE46A8
:1092300057460023E0B5066805008DB00B60002E90
:1092400001D100F01FFC340002E03A2B00D15CE1B8
:10925000237801341F2BF8D8B44B1B78B4489B00FB
:109260001C58002C00D1C3E1012623780C60B243C6
:1092700015006078002B0BD00AF0B6FE064206D12E
:10928000002D02D0400700D54EE1002036E1607885
:10929000002323700AF0B4FEC30700D542E1002D7D
:1092A00002D0400700D53FE1002200232000FFF755
:1092B000F7FE022800D149E1042800D196E10128F7
:1092C00000D91AE1226E636E00920193012800D149
:1092D00008E17323E15C2300802273335B78920002
:1092E0001B020B43934200D007E122007E237E3213
:1092F0005578E35C2D021D4300D17BE17823256383
:10930000E35C5A1EE370012A00D9F6E07522A65CE0
:109310006681002E00D1F0E0721E164200D0ECE013
:109320002100792279314F78A25C3F0217432781CF
:109330003A0700D0E1E07B22A15C22007B32527828
:1093400012020A430CD1200088328830A15C427896
:1093500012020A43817809041143C27812060A43B3
:109360007621605C21007631497809020143884604
:1093700000D1C2E06B4399463B0943444B449A46B3
:109380009A4200D2B9E0D31A310018009B46FAF78E
:10939000C3F88446B34500D2AFE0664B984200D98B
:1093A000ABE0009801995346029300230393029A7D
:1093B000039B801859416346049005914046002163
:1093C0009E1C009A019B801859415B4B9C4500D91B
:1093D0005AE35A4B9C4501D900F04EFC009A019B80
:1093E00020646164A263E363049A059BE6622265DC
:1093F0006365002F00D180E04A46002312184B41DC
:109400000120710089193040490809180120A2641F
:10941000E3644B4B9C466144490A8D426DD3012362
:109420005B42A361636181336371464A2070138894
:1094300001339BB213800022E380434BE261196841
:109440008C4201D100F015FC1A69944201D100F060
:109450000CFC1A6A944201D100F003FC1A6B94428E
:1094600001D100F0FAFB1A6C944201D100F0F1FB3B
:109470001A6D944201D100F0E8FB1A6E944201D1BA
:1094800000F0DFFB1A6F944200D1D6E38022995896
:109490008C4200D1CEE3902299588C4200D1C6E391
:1094A000A02299588C4200D1BEE3B02299588C4238
:1094B00000D1B6E3C02299588C4200D1AEE3D0224D
:1094C00099588C4200D1A6E3E02299588C4200D1F1
:1094D0009EE3F02299588C4200D0D6E6002100206D
:1094E00099500BE025000B23683503E00133402B36
:1094F00000D18DE0EA5C002AF8D00D200DB0F0BC60
:10950000BB46B246A946A046F0BD33780B20303B9F
:10951000DFB2092FF2D80236B442EFD1032BEDDCD3
:109520002C609BE60320E9E70A20E7E7C657012005
:109530003C460020F5FFFF0FF5FF0000F50F00008F
:10954000FF010000C25701204C460020C34BE35CE2
:10955000EE2B00D149E1C24AC14BA1184A78E35C25
:1095600012021A438B781B041343CA78BD491206B2
:1095700060181A43BB4B4178E35C090219438378B6
:10958000C6781B040B43B849360660181E43B64B19
:109590004178E35C090219438378C5781B040B43C7
:1095A000B2492D0660181D43B04B4178E35C0902B7
:1095B00019438378C7781B040B433F061F43002AD7
:1095C00000D00AE1002E00D0B9E1002D00D0BFE1AB
:1095D000002F00D191E73A0000232000FFF760FD43
:1095E000012800D86EE6042800D086E7012085E730
:1095F0000C2083E721008C238C314A78E35C120233
:109600001A438B78CD781B0413432D061D4375E652
:10961000D023E15C23008022D0335B7852001B0210
:109620000B43934200D068E7D423E35C092B00D0BE
:1096300063E72300B03359781A78090211439A7806
:1096400012040A43D978090611430E0059791A7990
:10965000090211439A79DB7912040A431B0613436A
:1096600021001F00BC23BC31E25C4B781B0213437A
:109670008A7812041A43CB781B0613432363D6233C
:10968000E35CE370012B00D037E7D522A25C934066
:109690009A469BB26381002B00D12EE72200C4239F
:1096A000C4325178E35C090219439378D2781B04E1
:1096B0000B4312061A436E4B90469A4200D91CE7A0
:1096C00013000233E362009A019BA263E363C023A9
:1096D000E15C2300C0331A005B78D0781B020B4397
:1096E0009178000609041943084302000098019983
:1096F0000023801859412065616502900391B821CB
:109700008C46A4446146B8334A78E35C12021A439B
:109710008B781B0413439946CB7849461B061943A3
:109720000A0000980199002312184B4122646364D7
:10973000534641461B041B0C594300230A00029860
:10974000039912184B410098019936184F41BB42BA
:1097500000D9D2E600D1A5E22100C823C831E25CDD
:109760004B7800261B0213438A78002712041A4301
:10977000CB781B061343A3640023E3641EE000239D
:109780000021FAF753FA226D636D12184B41002144
:10979000049705910498059912184B412000FFF792
:1097A000CFF9002800D021E70137A31968331B78CF
:1097B000812B00D1E8E12036F605F60D002EF4D11C
:1097C0006089B84200D898E6A26CE36A023A023B8C
:1097D0009A42D4D300220023D9E700232000FFF7C8
:1097E0005FFC012800D9EDE66CE501220023200092
:1097F000FFF7A6F9002800D0F8E6250068350C220E
:1098000028001C4911F0B0FC002800D075E6742334
:10981000E25C0133E35C1B0213437622A25C120478
:109820001A437723E35C1B0613431900D2225C39E9
:109830005200914200D960E6B53AFF3A934692460B
:109840009B44130088329446A444624607950292D2
:109850005546012208490F33069465E02A020000AC
:109860002E0200003E0200004E0200005E020000D8
:10987000FDFFFF7F84C801102083B8ED140002981B
:10988000405D04406340C409A24684081440A046D9
:1098900044081440A146C4081440A4468609070998
:1098A00040091040164017400090140048461C40E4
:1098B00064425B080C4043406340140040461C4037
:1098C00064425B080C4043406340140060461C4007
:1098D00064425B080C404340634014001C406442F7
:1098E0005B080C407B406340140000981C405B0800
:1098F0004340100064420C406340184040425B0803
:1099000073401400084058405346044040085840F3
:10991000130064420C40604003405B420B4040082F
:10992000013543405D451CD0032DA7D800200027FA
:10993000844681468046824600260090B5E7320084
:1099400000232000FFF7ACFB012800D93DE6B9E475
:109950002A0000232000FFF7A3FB012800D937E6E7
:10996000B0E47822069CDB43A15C0132A25C079D37
:1099700012020A437A21615C090411437B22A25C32
:1099800012060A43934200D0B7E52100BC23BC3144
:10999000E25C4B781B0213438A7812041A43CB789B
:1099A0001B061343802B00D0A7E504394A783833CF
:1099B000E35C12021A438B781B041343CA78120625
:1099C0001A43802A00D998E52300B03358781978D3
:1099D000000208439978002609040143D87800065C
:1099E0000843029058791979000208439979DB7984
:1099F000090401431B060B430393D3019946002A34
:109A000000D17AE5C0235B009846AC4BCB469A4622
:109A1000A946009403E080365E4500D16DE5029AC8
:109A2000039B0025740A12196B410098FFF788F810
:109A3000002800D0DAE5474637404F44102251460F
:109A4000380011F091FB0028E5D120377A783B7877
:109A500012021A43BB7839791B041343FA78009831
:109A600012061A437B791B020B43B9790904194387
:109A7000FB791B060B43FFF713FB0128CBD8009C97
:109A8000FFF720FC0B2039E5009A019BA263E363FA
:109A9000049A059B22656365922320646164E662F3
:109AA000E25C230092335B781B0213433B4300D0FC
:109AB00023E5210094239431E25C4B781B0213438D
:109AC0008A7812041A43CB781B0613437C4AA3649A
:109AD0009446039BE364B30063445B0A9D4200D257
:109AE0000BE501235B42A36163618133637118332A
:109AF000E25C230098335B781B021343012B01D0F7
:109B0000032092E401220098019900238018594112
:109B100002000B002000FFF713F80028F0D1694B7A
:109B20006071E25CE3185B781B021343664A934260
:109B3000E6D16823E25C0133E35C1B0213436A2233
:109B4000A25C12041A436B23E35C1B0613435F4AB7
:109B50009342D5D193239B00E118E25C4B781B0222
:109B600013438A7812041A43CB781B061343584ACE
:109B70009342C5D1942395229B009200E358A258AA
:109B800003206261A36150E4AE19727D337D12023D
:109B90001A43B37DF67D1B04134336061E43012E84
:109BA00000D8AAE4E36AB34200D8A6E46089B11EF3
:109BB000414300230A00206D616D12184B417F273D
:109BC000A046A946A265E36514E03B004A4633403F
:109BD0009B00D25C4B445978090211439A78DB7898
:109BE00012040A431B0613435A1C60D001369E42DE
:109BF00000D082E400254346F4091A6C5B6C4046B1
:109C000012196B41FEF79CFF0028DED0012075E49D
:109C1000002199505DE40021995055E400219950AC
:109C20004DE40021995045E4002199503DE4002184
:109C3000995035E4002199502DE400221A67FFF76E
:109C400025FC00221A66FFF71DFC00221A65FFF7AB
:109C500014FC00221A64FFF70BFC00221A63FFF7C2
:109C600002FC00221A62FFF7F9FB00221A61FFF7DB
:109C7000F0FB1A60FFF7E8FB009A019B2064616427
:109C8000A263E363049A059BE66222656365002F85
:109C900000D132E44A46002312184B4102207100E1
:109CA000FFF7B5FBB24200D856E5FFF726FC444665
:109CB0000420A3616361FFF7B8FBC04674C80110BC
:109CC000FF0100006602000055AA000052526141E7
:109CD00072724161F0B54546DE464E465746E0B5E4
:109CE0000568866B2B692A6E9B46C36B04009846F9
:109CF00087B06B6E964259D1984557D1216C0B783D
:109D0000852B07D0022007B0F0BCBB46B246A9465F
:109D1000A046F0BD20225846FAF7CEF95B465D78A2
:109D2000802301356D012A00603A9B009A42E9D8F0
:109D30002000FFF753F90428E4D00028E3D1A26BF8
:109D4000E36B2068FEF7FCFE0028DCD1216C0B7869
:109D5000C02BD7D1584620222030FAF7ADF9232363
:109D60005A46D05C0F212C30F9F7D6FB4001A842AF
:109D7000C8D840265F4613E00028C4D1A26BE36B2D
:109D80002068FEF7DDFE0028BDD1216C0B78C12BC9
:109D9000B8D1B81920222036FAF78EF9B54259D930
:109DA0002000FFF71BF90428E6D1ABE769788C4661
:109DB0002979002917D168239946A9440123320043
:109DC00000934946434660460AF03AF9002806D017
:109DD00001225242D3172A666B66012093E743465D
:109DE0002E666B668AE7682189466739A9448A46E8
:109DF0000091604649460AF04FF90028EDD12A6EDD
:109E00006B6E049205932B6B2871029300230498C8
:109E1000059903936B789C462A6C6B6C801A994168
:109E200002000B00029803999942C7D19042C5D90C
:109E3000EB78022BC2D102980399049A059B121861
:109E40004B4151466046009149460AF025F96B782E
:109E50009C46B3E700230022787801304001022AB3
:109E600006D15A08DB0313433A799B1805229BB2AB
:109E70005908DB030B43B95C01325B189BB290427B
:109E8000EDD8F878BA7800021043C01A431E984102
:109E9000400038E7F0B5826BC36B57464E46DE464E
:109EA0004546E0B58BB0110002920393FF220400F7
:109EB000914607681943089200D1A5E001239A460C
:109EC00067339B46BB443A6E7B6E0298039982428D
:109ED00001D18B4223D039797E78002900D095E0DA
:109EE0005346594600933000029A039B0AF0A8F8A3
:109EF000002810D001225242D3173A667B66012017
:109F000000220023A263E3630BB0F0BCBB46B24661
:109F1000A946A046F0BD029A039B3A667B66236C75
:109F20001A78002A70D0397804294BD03F21D87A8A
:109F30000140A171E52A07D02E2A05D020200D006E
:109F40008543082D00D094E0FF239946256B2668B1
:109F500020353378043B5A1E9341A04A5B4213409C
:109F600080225205944663449D424DD2A26BE36B1E
:109F7000110002920393194346D0EB05DA0D002B32
:109F800004D06836B618256326649CE70021029A3F
:109F9000039B012012184B41616B02920393A26351
:109FA000E36300291FD132896B0993422CD2029AB4
:109FB000039B1100683625632664194300D082E7AD
:109FC0000020A1E7256B852AC1D120002565FFF778
:109FD00081FE002800D093E73B6900201A793F23D7
:109FE0001340A37190E773896A0A013B1A42DED1DC
:109FF0002000FEF71BFF012800D8ECE0431C00D135
:10A000007DE7F36A98424CD3042079E7514630004B
:10A01000009159460AF040F8002800D06FE73B6BEA
:10A02000387104930023386E796E0593069007917A
:10A030003A6C7B6C801A99417E7802000B00049880
:10A040000599994200D04BE7904200D848E7FB7849
:10A05000022B00D044E706980799049A059B121832
:10A060004B4101213000009159460AF015F87E78E5
:10A0700036E70F2900D06AE13131256B11420BD050
:10A080008A439146587B256508905A7B08998A42F5
:10A0900023D0FF2399465AE74A45F6D0FF23994635
:10A0A00055E7821E023B60639A420DD270890023FD
:10A0B0000021F9F7BBFD326D736D80185941029094
:10A0C0000391A063E16372E7002200236836002059
:10A0D000A263E3632563266416E7DA7E997E1202A3
:10A0E0000A43D6D119784032914301394A005218B7
:10A0F0009E7892005218597836020E43FF2AC8D82B
:10A10000F868510046520991D97806908C4660460D
:10A11000197909020143002E64D1314A9142B8D124
:10A120009E795A79360216432D4A9642B1D11A7A4F
:10A13000D97912020A439446294A9445A9D19E7AB4
:10A140005A7A36021643264A9642A2D1DA7B997B86
:10A1500012020A439446224A94459AD15E7C1A7CA4
:10A16000360216431E4A964293D1DA7C997C12023B
:10A170000A4394461A4A94458BD15E7D1A7D360275
:10A180001643174A964284D1DA7D997D12020A431A
:10A190009446134A944500D07BE75E7E1A7E3602D1
:10A1A00016430F4A964200D073E75A7F197F120276
:10A1B0000A4394460A4A944500D06AE7DE7F9A7FB4
:10A1C00036021643064B9E4200D062E74B46013BE7
:10A1D000DBB29946BBE6022092E6C046000020F0C2
:10A1E000FFFF0000561CFF2A00D152E77000069EB8
:10A1F000844631529E79587936020643002993D01D
:10A20000FE2A00D145E706986146844661444E80A7
:10A21000D87902918046187A000284464046614609
:10A2200008438446002E87D0FD2A00D131E7010083
:10A23000029881809E7A597A36020E43614600293F
:10A2400000D180E7FC2A00D123E7C680997B8846AD
:10A250004046D97B090208438446002E00D17AE7A4
:10A26000FB2A00D115E70100029801815E7C197C70
:10A2700036020E436146002900D173E7FA2A00D165
:10A2800007E74681997C88464046D97C0902084305
:10A290008446002E00D16DE7F92A00D1F9E60100CD
:10A2A000029881815E7D197D36020E436146002948
:10A2B00000D166E7F82A00D1EBE6C681997D884691
:10A2C0004046D97D090208438446002E00D160E74C
:10A2D000F72A00D1DDE60100029801825E7E197E38
:10A2E00036020E436146002900D15AE7F62A00D112
:10A2F000CFE64682197F88464046597F09020843C7
:10A300008446002E00D155E7F52A00D1C1E60100B0
:10A3100002988182DE7F997F36020E4361460029D2
:10A3200000D14FE7F42A00D1B3E6C6821B785B0662
:10A3300000D44BE7002E00D148E7F32A00D1A8E66D
:10A34000099B06989C460023604443833EE74A46A7
:10A35000002A48D119784A08C9010A435978521885
:10A36000D1B24908D20111439A78C9B28918CAB248
:10A370005208C9010A43D978D2B25218D1B2490859
:10A38000D20111431A79C9B28918CAB25208C90157
:10A390000A435979D2B25218D1B24908D2011143B5
:10A3A0009A79C9B28918CAB25208C9010A43D9793F
:10A3B000D2B25218D1B24908D20111431A7AC9B2A5
:10A3C0008918CAB25208C9010A43597AD2B252183E
:10A3D000D1B29B7A4908D2010A43D318089ADBB25A
:10A3E0009A4200D1ECE501235B42002023658BE516
:10A3F0000368F0B51A7857469A46131F0C00591E89
:10A400008B41B1495B420B4080214546DE464E46BA
:10A4100049058C46E0B5634405008DB0A3423FD9A1
:10A42000E3063DD187680463002F41D053465B8922
:10A430005B0298469C4200D203E1012F30D0464691
:10A44000D0464346DB6ABB422AD943461B7899462D
:10A45000032B00D189E060D8012B48D0022B1FD1FB
:10A460003B0A0293002303934346029803991A6C14
:10A470005B6C12184B414046FEF762FB00284AD144
:10A48000FF237F005B001F40474468373B787F789D
:10A490003F021F438FE000220023AA63EB636F6338
:10A4A00002200DB0F0BCBB46B246A946A046F0BDA6
:10A4B000022A00D98DE05246128963099342EFD2F5
:10A4C0005346986CD96C0300A863E9636F630B4330
:10A4D000E6D00023620A12184B41AA63EB6353468D
:10A4E000E4056833E40D1B1900202B64D9E77B08D1
:10A4F0009B46BB445B465B0A0093002301934346A3
:10A50000009801991A6C5B6C12184B414046FEF79B
:10A5100017FB00286DD00120C3E7042BC0D12A69A6
:10A520006B691000E97918435BD0A868002858D0FF
:10A53000381A8146404640898446022900D0BDE051
:10A5400001204042C11712184B41D905500A084357
:10A550006246590A0023F9F71DF88145A0D846D074
:10A5600001377B1C2AD101209BE7FB0904930023C0
:10A5700005934346049805991A6C5B6C12184B417D
:10A580004046FEF7DDFA0028C5D1FE2369225B00B4
:10A59000BF001F404744953BBA5CFF3BFB5C120287
:10A5A0001A436A23FB5C1B0413436B22BF5C3F0608
:10A5B0001F433F013F09012F00D871E75346DB6A73
:10A5C000BB4200D86CE7A41BA6423CD82B68984637
:10A5D00037E753469B6CC771002B00D16BE71F0018
:10A5E00024E7002900D05BE7EB69002B3FD0374F11
:10A5F000E4E75B465A1CDB05DB0D434468331B78FC
:10A6000009929B46530A06930023079343460698F4
:10A6100007991A6C5B6C12184B414046FEF790FA92
:10A62000002800D077E7099AD3055A46DB0D43444A
:10A6300068331B781B0213434A463A4214D01F0961
:10A64000B9E75346DB6ABA1E023B9A4200D322E7BF
:10A650005346002158890023F9F7E8FA53461A6D4A
:10A660005B6D801859412EE71B051F0DA3E7FB0901
:10A670000A9300230B9343460A980B991A6C5B6C60
:10A6800012184B414046FEF75BFA002800D042E723
:10A69000FE2369216822BF005B001F404744795CAC
:10A6A000BA5C090211436A22BA5C12040A436B21A4
:10A6B0007F5C3F0617437F007F087CE7032993D127
:10A6C000AB69994590D24BE7000020F0FFFFFF7F78
:10A6D000F0B5DE464E46454657460368E0B51B6971
:10A6E00000229B465E785C4600230500701C8BB000
:10A6F0004001022A06D15A08DB03134322799B1832
:10A7000005229BB25908DB030B43A15C01325B18A5
:10A710009BB29042EDD8A3701B0AE3702800296D0C
:10A72000A346FFF765FE002800D0E7E0AA6BEB6BBD
:10A7300004920593744BB0469A462F6809903A6E7E
:10A740007B6E04980599824201D18B4223D03C0054
:10A75000797868348C463979002900D090E001235B
:10A76000210000936046049A059B09F069FC0028CB
:10A770000DD001225242D3173A667B660124200095
:10A780000BB0F0BCBB46B246A946A046F0BD049B48
:10A79000059C3B667C6620225946286CF9F78CFCA8
:10A7A00001232C6823714346002B00D19FE02378BE
:10A7B0002E6B043B5A1E934152465B42134080224B
:10A7C000520531009446203163440291994205D3E9
:10A7D00000220023AA63EB630224D0E7A96BEA6B93
:10A7E0000B00049105921343F6D0029BDB05D80DB4
:10A7F0008146002B0FD10126002789197A41049147
:10A800000592A963EA63696B002912D1029B228930
:10A810005B099342DCD2270020239C46029BE34441
:10A820002B6301235B429C4668344C442C64E04417
:10A8300085E76389029A013B520A27001A42EBD14D
:10A840002800FEF7F3FA0128C6D9431C96D0E36A24
:10A850009842BDD2821E023B68639A4249D20023CD
:10A8600060890021F9F7E2F9226D636D8018594182
:10A8700002000B0004900591AA63EB632F68CBE7FD
:10A88000012160460091210009F006FC002800D05B
:10A8900074E73A6E7B6E3871190010003B6B0290C2
:10A8A00003910693002307937B789C463A6C7B6C5C
:10A8B000801A994102000B0006980799994200D02E
:10A8C0004DE7904200D84AE7FB78022B00D046E7DC
:10A8D00006980799029A039B12184B410121604682
:10A8E0000091210009F0D8FB7B789C4637E7099C52
:10A8F00045E70022002304920593BDE7061C0228C9
:10A9000000D90226F4B23AE7000020F0F0B5DE46A6
:10A910004E4657464546E0B503688DB000219B463C
:10A920000390FFF765FD8146002836D15B461B7812
:10A93000042B00D1ABE10123039C5B42236501336F
:10A94000FF335F46A56BE66B984607935B46683717
:10A950000A9006970293029B1A6E5B6EAA4201D17F
:10A96000B34224D00299487809798446002900D05E
:10A9700001E101232A00009360463300069909F0A3
:10A980005FFB029B002810D09B4601225242D31746
:10A9900059460A664B660123994648460DB0F0BCFD
:10A9A000BB46B246A946A046F0BD1D665E66256C54
:10A9B0002B78002B28D03F22E97A0A40A271E52BA0
:10A9C00003D0090744D50F2A58D001235B422365E1
:10A9D0000133FF3398462022236893469A46236B1F
:10A9E0009B4453461B78043B5A1E9341C34A5B4227
:10A9F000134080225205944663449B4507D30022AE
:10AA0000002303998A63CB6304239946C5E7A56BAA
:10AA1000E66B2B003343F7D05B46DB05DA0D91463E
:10AA2000002B0ED101220023AD185E41616BA5639E
:10AA3000E663002974D152465B4612895B09934252
:10AA4000DDD25B462363534668334B44236482E77D
:10AA50000F2A13D04346002B00D1CBE04F23012215
:10AA6000E35C1A42B1D1210028000A32443110F0CF
:10AA70007BFB0028A9D10A9B99468EE74F214022F3
:10AA8000615C0A42A7D11A4200D1ADE0697B9343D1
:10AA9000226B07912265FF216A7B884607998A42CB
:10AAA00099D1EA7EA97E12020A4300D09FE0029A61
:10AAB0002978D2680B9391463F220A40013A51000F
:10AAC000891889008A4692448D4A574690460D223D
:10AAD0004244934646460122089414E0FF2F1DD8B5
:10AAE000200004F02DFD7B1C9A464B467F008046DB
:10AAF000F85A04F025FD804510D122005746013652
:10AB0000B34500D12CE13378E95CEB185C78240282
:10AB10000C43002AE2D17B4B9C42F0D0089C66E0BB
:10AB200053465A465B89520A013B1A4289D120009A
:10AB3000FEF77CF9012800D8A6E0431C00D12AE7E3
:10AB40005346DB6A984200D359E7821E023B60639A
:10AB50009A4200D301E15346002158890023F9F7B6
:10AB600065F853461A6D5B6D8018594105000E005B
:10AB7000A563E66365E701210091069909F08CFA67
:10AB8000002800D007E7029F3A6E7B6E38711900EB
:10AB900010003B6B089009910493002305937A7889
:10ABA00094463A6C7B6C801A994102000B00049821
:10ABB0000599994200D0DCE6904200D8D9E6029B84
:10ABC000DB78022B00D0D4E604980599089A099BFB
:10ABD00012184B41012160460091069909F05CFA78
:10ABE000029B5B789C46C4E6984500D153E7FF235F
:10ABF0009846F0E62A785308D20113436A789B18E6
:10AC0000DAB25208DB011A43AB78D2B2D218D3B20F
:10AC10005B08D2011343EA78DBB29B18DAB2520820
:10AC2000DB011A432B79D2B2D218D3B25B08D2011E
:10AC300013436A79DBB29B18DAB25208DB011A437C
:10AC4000AB79D2B2D218D3B25B08D2011343EA79FE
:10AC5000DBB29B18DAB25208DB011A432B7AD2B26C
:10AC6000D218D3B25B08D20113436A7ADBB29B18C5
:10AC7000DAB25208DB011343AA7A9B18079ADBB2B7
:10AC80009A4200D0EAE6F6E60223994685E65B465C
:10AC9000DB6818889C1C00239A46002817D0FF25E3
:10ACA0001E0004F04DFC7308F603334382B29BB2DE
:10ACB0002840181886B20234C0037608A31E064343
:10ACC000120A1888B618B6B20028EAD1B24625276B
:10ACD0000398FFF7DFF800283DD15B4624221B696B
:10ACE000995CDA5D12020A439245F1D123229D5C00
:10ACF000002D46D000224024904607E0000020F0BE
:10AD000064C80110FFFF00005B461B691F2222423E
:10AD100000D102341A5D1B1958780002104304F068
:10AD20000FFC5B464246DB6852000600D05A04F036
:10AD300007FC8642CCD101239C46013DEDB2023492
:10AD4000E044002DE0D143465B005A46D268D35A16
:10AD5000002BBDD121E681461FE60025002607E72E
:10AD600029780B9B089C490607D5002A05D049463F
:10AD70007A00525A002A00D039E7013BDBB29846EC
:10AD800029E60023E1E7C046F0B5DE4657464E46C9
:10AD90004546E0B50F0001683B789DB083460391BE
:10ADA0002F2B43D05C2B41D00023CA6909788260E5
:10ADB000C361042943D1002A41D05C4603995D4612
:10ADC000086A4A6A0890206206A8C271FF2062627F
:10ADD0000C00896A8243A96206A806940A920B9322
:10ADE0000D931A91FFF704FB002800D0BEE006A8DF
:10ADF000FEF770FF021E00D0B8E03821039B1B69EC
:10AE0000585C0131595C090201433A20185C000486
:10AE100008433B21595C6A610906014329612132DB
:10AE20009A5C02231340EB7109E001373B782F2B2A
:10AE3000FBD05C2BF9D000235A469360D3613B785A
:10AE40001F2B00D8B6E1BF4A01925A46BE4912688C
:10AE50008946D268BD4992463F25002288461AE0BD
:10AE60009CB2160001371F2C68D92F2C00D185E029
:10AE70005C2C00D182E07F2C06D81B040198190CB1
:10AE80000CF0E0F8002870D1FE2E6ED85346721CEC
:10AE90007600F4523B7859B20029E1DA19001F20FC
:10AEA0008143C02900D185E019000F208143E029AA
:10AEB00000D193E0072019008143F02955D11840B3
:10AEC000ED397B781C00AC43802C4ED1BC788001DE
:10AED0002B4003432000A843802846D19B012C40EF
:10AEE0001C43022900D16EE1FB781900A943802997
:10AEF0003BD12B40A4011C4323009549803B8B424E
:10AF000033D88021934B0901E3188B422DD3802342
:10AF100004375B029C425ED349468F4B5046E31890
:10AF20009B010B404146A405A40D23430B43561C33
:10AF3000190C52009CB211521F2C96D80424012ED9
:10AF400028D153461B882E2B00D17FE1834BF31869
:10AF50005B0053441A88202A01D02E2A41D1013E99
:10AF6000023B002EF6D153461E8006201DB0F0BCD9
:10AF7000BB46B246A946A046F0BD01373B782F2B11
:10AF8000FBD05C2BF9D000241F229A426441A4001C
:10AF9000012ED6D0022E00D026E153465B882E2B00
:10AFA000D4D153461B882E2BD0D1002352469380F8
:10AFB0002E334FE179780800A8438028D5D11F208F
:10AFC0003F2403409B010C401C432100604B80390F
:10AFD0009942CAD802371600A4B255E71840DE39A4
:10AFE0006FE773009C4600215346624699521B88C6
:10AFF000202B00D0D8E0534602331A000233981EAB
:10B0000000880D0001312028F7D090460235032337
:10B010001C436246023A1300534403E0013E023BE4
:10B02000002E02D01A882E2AF8D158460B22202151
:10B030004430F9F73BF843461B889846002B00D173
:10B0400064E1002304930833994600233A000293F5
:10B0500043464F46B04691462E001D00202D65D038
:10B060002E2D00D17CE0029BBB4200D286E00B2F4C
:10B0700000D116E1B04578D003231C43B04574D20B
:10B080004B465A46B9461F004423D25CE52A02D1FA
:10B090005946E03ACA544B46082B00D1A8E00C238D
:10B0A000049A13400C2B03D0D3439B0700D0A8E095
:10B0B00002231C435B464F2558465C55FFF726FC90
:10B0C0005B465B5D00280ED0042800D04EE70200EE
:10B0D0001A409B0600D414E1002A25D080235A464A
:10B0E0005355002042E75B07FBD45B469B79DB06A8
:10B0F00000D409E1039B19785B46042900D1BCE028
:10B100001A6B039BD205D20D68339B18DA7E987EAA
:10B1100012020243032905D1197D5B7D1B020B43FB
:10B120001B041A435B469A603B788EE603231C435C
:10B130003300E4B252465E1C5B009D5A002D8DD157
:10B140009EE7C04620B801100000FF0300DC00D8D5
:10B150007FFF10000028FFFF0000FFFFFFFFFF7FC1
:10B16000B045E3D10B2F00D19BE00822049B0B27B5
:10B170009B00DBB2049302924346DBE7B045F1D07B
:10B180007F2D50D8290068480BF05CFF002800D1C3
:10B190009EE003235F251C43029B5A1C5B444433FF
:10B1A0001D7002923300C5E7D04601252E2B00D03A
:10B1B0002FE72CE759464F2380225846CA540021D6
:10B1C000FFF716F9D2E623005849803B8B4200D99D
:10B1D000CBE68021564B0901E3188B4200D2C4E62E
:10B1E00016000337A4B24FE6002E00D0AEE6BAE652
:10B1F000049B9B00DAB204920C2213400C2B00D16A
:10B2000056E702232340002B00D053E70499103364
:10B21000CA07D21713401C434B0700D44AE7082340
:10B220001C43E4B246E70223B62128002343FF3142
:10B23000059304F065F9050003063BD57F233D4ADD
:10B240000340D55C059C002DA3D09BE7002352460C
:10B2500053802033584644222E2181540132835496
:10B26000354B01328352354A82644C2283524E233D
:10B270002C3AC2542E3B1C431CE75A469B68594645
:10B2800013621369FF2293435A46D27913435A46F5
:10B290005362136D9362039B1869FDF79DFB3B7826
:10B2A000D3E544235A46D25C4F46E52A33D00323E4
:10B2B0001C43F4E6FF28C5D9029A7B1E9A422ED27F
:10B2C000531C5A444432010A059C1170C5B264E70C
:10B2D0002B00413B9BB2192B0CD92B00613B9BB23D
:10B2E000192B04D80123049A203D1A430492029B8F
:10B2F000EDB252E70223049AEDB21A430492029B84
:10B300004BE7002A00D031E605202FE60223002279
:10B310002340049277E705225946CA54C7E703231E
:10B3200002971C43330005E72CB801107FFF100083
:10B330000028FFFFE4C7011020200000202020206B
:10B34000F0B5DE464E4645465746E0B503688146B1
:10B350008B4698468DB0002900D070E043465F6967
:10B360009B69002F59D1002B00D1C0E143461B78C7
:10B37000042B00D177E14346DB6A022B00D8B6E10B
:10B380000127464602243D00F36AA3423CD93778A0
:10B39000032F00D13BE100D9DCE0012F00D19AE07E
:10B3A000022F31D1230A02930023039302980399B9
:10B3B000326C736C12184B413000FDF7C1FB002852
:10B3C00000D085E0FF22630052001340F318683379
:10B3D0001A785B781B02134300D115E1012B13D0BF
:10B3E000A54200D183E14346DB6A0134A34200D980
:10B3F000ADE02F00012F00D179E14B4602241E68F9
:10B400003D00F36AA342C2D8012420000DB0F0BC75
:10B41000BB46B246A946A046F0BD4246D26ABA42F1
:10B42000A1D9002B00D162E143461B78042B00D147
:10B430001AE17C1CA242DDD946463D00A4E7FDF797
:10B44000F5FC04000128DFD9431C41D04346DB6AE8
:10B450008342DAD842469269002A00D147E1424647
:10B460001278042A00D14FE15A46551C2C00AB42F9
:10B4700000D8022421004846FDF7D8FC0128C3D09B
:10B48000431C25D04346DB6A002800D031E1002C64
:10B4900000D134E1A342B7D90122210040465242F3
:10B4A000FDF714FC002811D15B46002B00D10DE103
:10B4B000012BA9D04346DB6A9B45A5D22200594601
:10B4C0004046FDF703FC002800D1FFE001289BD196
:10B4D0000124644299E763089A46A24453465B0AF2
:10B4E00000930023019300980199326C736C121839
:10B4F0004B413000FDF724FB0028E9D15146CB0534
:10B50000DB0D5246F31868331978002301328A465E
:10B51000510A07930691069807990992326C736C49
:10B5200012184B413000FDF70BFB0028D0D1099ACF
:10B53000D3055246DB0DF31868331B781B02134307
:10B54000274200D10EE11B0900D047E75CE04B46E3
:10B550001E6819E7042F00D056E74B461869596951
:10B560000200DB790A431FD04A469268002A1BD0AA
:10B57000A21A92467289022B00D0F9E00126764287
:10B58000F71736184F41FB05700A1843790A002354
:10B59000F8F700F8824500D936E700D120E7631CB0
:10B5A000013300D01CE793E7002B00D02CE74B467B
:10B5B000DB69002B00D013E7E3090A9300230B9308
:10B5C0000A980B99326C736C12184B413000FDF7DE
:10B5D000B7FA002800D07BE7FE2269215200A300C1
:10B5E0001340F318953A595CFF3A9A5C09021143EB
:10B5F0006A229A5C12040A436B215B5C1B061343AC
:10B600005B005A08002B2AD14346DB6A42E7E30974
:10B6100004930023059304980599326C736C1218F7
:10B620004B413000FDF78CFA002800D050E7FE2295
:10B6300069215200A3001340F318953A595CFF3A70
:10B640009A5C090211436A229A5C12040A436B2134
:10B650005B5C1B0613431B011A09002BD4D0012A83
:10B6600000D0BDE6D0E60127012239004046FDF7B3
:10B67000CBFA431E0400033300D9C6E60122072398
:10B680001600811E0B409E400D05924600230A0BBA
:10B690004146886DC96D12184B414046ED0DF6B21A
:10B6A000FDF74EFA002800D012E7454468352B78A4
:10B6B000334200D0A8E65E40524643462E701A71CF
:10B6C0005B46002B22D14A460233D37143469A6926
:10B6D0005C61DB6A023B9A4202D84346013A9A61B6
:10B6E000434601225B791343424653718DE60024A1
:10B6F0008BE642465769012F01D99F4241D32C0066
:10B700009D425BD35F4675E65F46ADE74B46DB790E
:10B71000022B48D05A464B460132DB69A24238D050
:10B72000002B3DD14A464D465E460133D361F01AA7
:10B730002200411C012B00D0821C012900D863E6A5
:10B740002868C36A994200D35EE6FDF7BFFA002875
:10B7500000D0BBE6EB69013BEB61002BE7D1013385
:10B76000EB61B3E71B051A0D002B00D077E74BE721
:10B77000032B00D01BE74B469B699A4500D316E785
:10B780000DE77C1C9C4200D337E64B463D001E680B
:10B79000FAE50222002B00D05A1C4B46DA6195E7ED
:10B7A0004D465E46C3E77B1CA3428FD04B464A46BC
:10B7B0009B68FB1A93610323D371ABE74B461E686A
:10B7C000012D00D820E65F463D00DDE5F0B5454699
:10B7D000DE4657464E46E0B503688BB00391002124
:10B7E00004009846FEF704FE002809D0042800D182
:10B7F00007200BB0F0BCBB46B246A946A046F0BD40
:10B800000021A66BE76B89466831434641440691A7
:10B8100041461A6E5B6E02910790964201D19F429B
:10B820001ED00299487809798446002900D0AAE000
:10B8300001233200009360463B00069908F000FCAB
:10B84000029B002808D0984601225242D317414655
:10B850000A664B660120CCE71E665F6632003B003D
:10B860000298216C00780978042840D0E52941D05D
:10B8700000293FD0002189462020216883468A463E
:10B88000216B8B44514609780439481E81415D483B
:10B890004942014080204005844661448B4505D3E0
:10B8A000002200230720A263E363A2E7A66BE76BF5
:10B8B000310039439CD05946C905C80D804600293E
:10B8C0000ED10021012036184F41616BA663E7635A
:10B8D000002917D150465946008949098142DFD2D3
:10B8E00059462163514668314144216495E749B284
:10B8F0000029BFDB01218C460399E1448945BBD176
:10B90000079876E750464089451E5846400A284227
:10B91000E6D12000FDF78AFA060001286CD9431C05
:10B9200098D05346DB6A984217D32000616BFFF72B
:10B9300007FD061E00D15BE701285DD0431C89D0BE
:10B9400001005046FCF76EFF002800D082E7042279
:10B95000E3791343E3715346DB6AB21E023B66632D
:10B960009A424BD25346002158890023F8F75EF9DA
:10B9700053461E6D5F6D36184F41029BA663E76309
:10B980001A6E5B6EACE701210091069908F084FB0A
:10B99000002800D05EE7029D2A6E6B6E28711900A8
:10B9A00010002B6B089009910493002305936A788B
:10B9B00094462A6C6B6C801A994102000B00049823
:10B9C0000599994200D033E7904200D830E7029BB6
:10B9D000DB78022B00D02BE704980599089A099B85
:10B9E00012184B41012160460091069908F054FB62
:10B9F000029B5B789C461BE70220FAE600260027A4
:10BA0000BBE7C046000020F0F0B54546DE4657468D
:10BA10004E464F23E0B5C35C05009C465F2362465B
:10BA20009FB09A4300D0C8E203680021D868019310
:10BA30000388002B04D001314B00C35A002BFAD1EC
:10BA4000019B1E78042E00D1A7E32E00443632005D
:10BA500008AB02969A46D0CAD0C36346DB0700D42F
:10BA600030E14F234022EA544E3B99464433009341
:10BA700063460493019B012498460700029E0591AA
:10BA80003300524603CA03C31188198092789A7012
:10BA90004B46052B00D8E7E23A88002A77D0802170
:10BAA000AC46C548490225005B001540ED18023739
:10BAB00053080D4200D045406D0023405B199508A6
:10BAC0000B4200D0434025405B00EB18D5080B42E9
:10BAD00000D0434025405B00EB1815090B4200D015
:10BAE000434025405B00EB1855090B4200D0434012
:10BAF00025405B00EB1895090B4200D043402540E0
:10BB00005B00EB18D5090B4200D0434025405B0099
:10BB1000EB18150A0B4200D0434025405B00EB18A0
:10BB2000550A0B4200D0434025405B00EB18950AB4
:10BB30000B4200D0434025405B00EB18D50A0B4276
:10BB400000D0434025405B00EB18150B0B4200D0A2
:10BB5000434025405B00EB18550B0B4200D043409F
:10BB60005B002540ED18930B0D4200D045406D0061
:10BB700023405B19D20B0B4200D043405B00D3182B
:10BB80000B4200D043403A88002A8CD165460F22F0
:10BB90001A40110030311809392901D93732110002
:10BBA00006AAD1710F2B00D861E20F2202401700C4
:10BBB0003037190A392F01D93732170006AA977181
:10BBC0000F2800D88BE20F220A4017003037180BDD
:10BBD000392F01D93732170006AA57710F2900D81B
:10BBE00086E20F22024017003037190C392F01D995
:10BBF0003732170006AA17710F2800D8B4E20F22B7
:10BC00000A4017003037180D392F01D93732170085
:10BC100006AAD7700F2900D896E20F220240110021
:10BC200030311B0E392901D93732110006AA917023
:10BC30000F2800D8A1E20F2213401A003032392A0F
:10BC400001D937331A0006AB5A707E2306AA137047
:10BC50000023002206A9895C1700F154991C8C4628
:10BC600006A98B465F447F78F118901C4F70062B15
:10BC70000ED0082800D0A9E120226146D81C7254B9
:10BC8000052B05D008222021121A3018F8F70EFAD9
:10BC90002800FEF73BFE002809D101239C46E14421
:10BCA0004B46642B00D1C1E34346DF68E8E6049AC3
:10BCB0000700944605990296042800D07EE14F23A0
:10BCC0006246EA5463469B0700D41AE20C310C002A
:10BCD0000D212000F7F720FC411C82462800FFF7C9
:10BCE00075FD071E00D069E10C2C00D110E253460F
:10BCF000296B5B012800C91AFEF77AFB071E00D0EA
:10BD00005CE14423EA5C2E005308D2011343452230
:10BD1000AA5CFF249B18DAB25208DB011A434623BF
:10BD2000EB5CD2B2D218D3B25B08D20113434722E4
:10BD3000AA5CDBB29B18DAB25208DB011A43482333
:10BD4000EB5CD2B2D218D3B25B08D20113434922C2
:10BD5000AA5CDBB29B18DAB25208DB011A434A2311
:10BD6000EB5CD2B2D218D3B25B08D20113434B22A0
:10BD7000AA5CDBB29B18DAB25208DB011A434C23EF
:10BD8000EB5CD2B2D218D3B25B08D20113434D227E
:10BD9000AA5CDBB29B18DAB25208DB0113434E22D5
:10BDA000AA5C55469B18DBB204930F239846034BBD
:10BDB0009946029B9A462EE021100100FDFF0000EB
:10BDC000DC701C715C719C71DC711C725C729C7209
:10BDD0009C73DC731C745C749C74DC741C755C75E3
:10BDE0009C75DC751C765C761C775C779C77DC77C1
:10BDF0004022E9B211430291029A30001A700123E5
:10BE0000019A1371FDF7EAF8002800D010E3013D14
:10BE1000002D00D114E3B26BF36B019F3800FCF7E7
:10BE20008FFE021E00D003E3E8B2336C0290049848
:10BE3000F96858734046D8722000284001381A73B8
:10BE40009A76DA76420012189200121850000F5AB1
:10BE5000BC465F703F0A9F7001277F42BB46DC44AF
:10BE60006746BFB24F45ABD8013252008F5ABC462D
:10BE7000DF703F0A1F7101277F42BB46DC446746E3
:10BE8000BFB24F459ED88A185788BC465F713F0A9B
:10BE90009F7101277F42BB46DC446746BFB24F45D6
:10BEA00092D89788BC46DF713F0A1F7201277F42F4
:10BEB000BB46DC446746BFB24F4587D8D788BC46EF
:10BEC0005F723F0A9F7201277F42BB46DC44674690
:10BED000BFB24F4500D97BE71789BC469F733F0A25
:10BEE000DF7301277F42BB46DC446746BFB24F4544
:10BEF00000D96FE75789BC461F743F0A5F7401275A
:10BF00007F42BB46DC446746BFB24F4500D963E77A
:10BF10009789BC469F743F0ADF7401277F42BB4666
:10BF2000DC446746BFB24F4500D957E7D789BC46C6
:10BF30001F753F0A5F7501277F42BB46DC44674699
:10BF4000BFB24F4500D94BE7178ABC469F753F0AE1
:10BF5000DF7501277F42BB46DC446746BFB24F45D1
:10BF600000D93FE7578ABC461F763F0A5F76012714
:10BF70007F42BB46DC446746BFB24F4500D933E73A
:10BF8000978ABC461F773F0A5F7701277F42BB46EF
:10BF9000DC446746BFB24F4500D927E7D28A170A6B
:10BFA0009A77013A92B2DF774A4500D920E709181B
:10BFB0004A8B002A00D01FE71AE7062738001FB077
:10BFC000F0BCBB46B246A946A046F0BDD91C0291C2
:10BFD00006A9085C6146D71C7054052B00D157E6B2
:10BFE000082F07D12022D91C181D7254042B00D011
:10BFF00048E64DE6191D8C4606A9CF5DD91C101DDB
:10C000007754042B00D143E6082807D1202261464B
:10C01000581D7254032B00D034E639E6591D0291A5
:10C0200006A9085C6146571D7054032B00D12FE60A
:10C03000082F07D12022591D981D7254022B00D0C1
:10C0400020E625E606A9CF5D591D0632981D7754D6
:10C05000022B00D11CE6082A2FD1183232540720B7
:10C06000012B00D00EE613E6303306AAD3717E23EF
:10C0700006AA93713A3BEB5C0622202B36D0009B3C
:10C08000EB5C202B6ED04623EB5C202B00D17FE0B5
:10C09000032A20D04723EB5C202B1CD0042A1CD081
:10C0A0004823EB5C202B18D0062A73D14923EB5C84
:10C0B000203B591E8B410533CCE506A9895C3154E0
:10C0C000002B00D0E4E52033062A01D106ABDB7952
:10C0D0004B22AB54DCE50323BCE50423BAE57E2305
:10C0E00053713A3BEB5C0522202BC8D10023B1E50C
:10C0F0007E2313713A3BEB5C0422202BBFD100233B
:10C10000A8E501212800FFF761FB071E00D055E7D5
:10C11000AA6BEB6B0198FCF713FD071E00D04DE7EF
:10C1200020220021286CF7F7C1FF0B220299286C0E
:10C13000F7F7C2FF4F23E95C2A6C373B0B401373C0
:10C140000123019A137139E77E2393703A3BEB5C2C
:10C150000222202BCAD04523E95C0222433B20293E
:10C1600000D077E5012375E57E23D3703A3BEB5C85
:10C170000322202B83D100236CE57E2353703A3BAE
:10C18000E95C0122433B202900D063E5002361E5FF
:10C1900002235FE5052305225CE50E3108000F212F
:10C1A000F7F7BAF9811C04002800FFF70FFB071E00
:10C1B00000D003E72B6B013464011B1B2B65EB796B
:10C1C0001E4200D18BE0B343EB71032B00D1E1E0C1
:10C1D000EB696C6B002B17D0E21A511C012B00D1BC
:10C1E00028E10232012900D8F0E02868C36A9942A8
:10C1F00000D3EBE0FCF76AFD002800D018E1EB6902
:10C20000013BEB61002BE7D1AB68002B67D0FF222D
:10C210002B6808AC08932B6AA96A0A936B6A200002
:10C22000E37193430C9300231C910D930F93FEF73E
:10C23000DFF8002800D0FBE02000FDF74BFD0028D0
:10C2400000D0F5E00021019E738958022A696B69CC
:10C2500012184B41382031692A616B610A54392028
:10C26000160A0E543A2002920393160C6B460E5493
:10C27000100E3B221B7B885401328B54039B0132EE
:10C28000180A8854180C013288541A0E3F232820AB
:10C29000019ECA54296933696A690E0A195401302A
:10C2A0001E540E0C01301E54090E013019542C215D
:10C2B000100A5A5401315854100C01315854120EBE
:10C2C00001315A540122EB79019E13432122316935
:10C2D00020008B54FEF7FCF9002800D0A8E0019B59
:10C2E0003F221C69DE68631C002118009846F7F79E
:10C2F000DDFE8523C0222370653BE2540023C1216B
:10C300009C468B46A2393D00002089466746BF3ACD
:10C310009A46029240335A46E2540022591C625413
:10C320005146A446AA46029A050002330197049199
:10C3300012E02288002A12D0019FD0B20137FCB24D
:10C340006746F8544046110AC15449466500023315
:10C350000194741919420CD07419002AE9D10020F3
:10C3600067460021F8544046C154494602331942F9
:10C37000F2D1210064468C460292049A2800511C96
:10C380005546924662461288019FC9B2002A1FD0C4
:10C390008A46C0E7AB69AC68002B56D02868012CF0
:10C3A00014D9E3185E1EC36AA846A3420ED9651CC1
:10C3B0002A002100FCF78AFC002839D1A64243D08C
:10C3C000434618682C00C36AA342F0D80227F5E55B
:10C3D0002B00BC4615001F0062462323E25453463F
:10C3E000023363703088B31C002826D01E00FF2360
:10C3F000984603F0A5F841466B08ED032B4382B243
:10C400009BB208401B189DB26D08DB0302361D432A
:10C41000B31E120A1888AD18ADB20028E9D1EBB2EC
:10C420002D0A2422A3542523E554C7E50727C5E593
:10C430000700C3E501225242D4E600250023F0E7BD
:10C4400053463500029363E645460023EB71BFE691
:10C45000F0B5454657464E46DE46E0B588460700ED
:10C460001600056891B001295DD9EB6A8B425AD953
:10C47000002A60D12C003A00C34627000196140020
:10C48000984550D23E78032E00D132E100D9CDE05C
:10C49000012E63D0022E46D143461B0A0693002389
:10C4A0000793069807993A6C7B6C12184B41380039
:10C4B000FCF746FB002865D14346FF225B00520093
:10C4C0001340FB1868335E781A783602164300D1A1
:10C4D0006BE1012E27D02A78EB6A042A09D098450F
:10C4E00021D2002241462800FCF7F0FB00281BD196
:10C4F000EB6AAA69991E8A4205D201210132AA611A
:10C500006A790A436A7142460132B24203D02978FD
:10C51000042939D0B3469E4200D346E1B04627688D
:10C52000FB6A9845AED3022011B0F0BCBB46B246C0
:10C53000A946A046F0BD2A78042A00D1D4E0012EF5
:10C54000F1D0B342EFD90122310028005242FCF76A
:10C55000BDFB0028E8D13C68E36A8CE743465B08F2
:10C56000434499465B0A0493002305930498059974
:10C570003A6C7B6C12184B413800FCF7E1FA00284A
:10C5800000D1E8E00120CFE75B46D31A98465B462E
:10C590009F1E3B0B02930023039302980399AA6DFD
:10C5A000EB6D12184B413805C10D07208A46012159
:10C5B00038408140CFB20121A1468B464446B04667
:10C5C0002E00554601200021801859410A900B91F8
:10C5D0003000FCF7B5FA0028D4D172191100683187
:10C5E0000B783B429FD07B400B705946013C317128
:10C5F000002C00D1A9E08020800007E011007B40E2
:10C600006831013C0B70002C00D19EE07F00FFB22E
:10C61000002F08D101350137854200D3D1E07219CE
:10C62000130068331B783B42E8D17CE7042E00D02E
:10C6300079E7206961690200E3790A4321D0A268A1
:10C64000002A1ED04646B21A91467A89022B00D0A3
:10C65000BBE001267642F71736184F41FB05700AFA
:10C660001843790A0023F6F795FF814500D95AE768
:10C6700000D1B2E043465E1C731C00D02BE70120C2
:10C6800052E7002B00D04EE7E369002B00D0A4E076
:10C690004346DB090E9300230F930E980F993A6CD3
:10C6A0007B6C12184B413800FCF74AFA002800D086
:10C6B00068E74346FE22692152009B001340FB18A5
:10C6C000953A595CFF3A9A5C090211436A229A5CD6
:10C6D00012040A436B215B5C1B0613435B005E087C
:10C6E000002B00D0F5E660E0C279022A00D026E7F0
:10C6F000C0E64346DB09089300230993089809998B
:10C700003A6C7B6C12184B413800FCF719FA002880
:10C7100000D037E74346FE22692152009B001340B8
:10C72000FB18953A595CFF3A9A5C090211436A2258
:10C730009A5C12040A436B215B5C1B0613431B01CA
:10C740001E09002B00D0C4E62FE035004C464646BB
:10C75000C346EB6ADFE601234B449A464B46DB05B2
:10C76000DB0DFB1868331B78994653465B0A0C9324
:10C7700000230D930C980D993A6C7B6C12184B4169
:10C780003800FCF7DDF9002800D0FBE653464A46A6
:10C79000DB05DB0DFB1868331B781B021343424695
:10C7A00016421CD01E0900D093E62B782700019E6C
:10C7B000042B01D00020B7E6002E16D10020E67130
:10C7C000B2E600250A9A0B9BFCE6032B00D05BE740
:10C7D000A369994500D357E74CE7154E7BE61B0547
:10C7E0001E0D002B00D074E6DFE7E379002B14D197
:10C7F000A4680CE021003800FCF718FB012800D8E1
:10C8000091E6431C00D1BDE601348442D2D1B4424A
:10C81000F0D102230020FB7186E6032BCAD1A36866
:10C82000B342C7D8A2699B18B342F2D2C2E7C0464E
:10C83000FFFFFF7FF0B583B00D1E0190009100D186
:10C84000D3E00C0001E03A2B63D0237801341F2B96
:10C85000F9D8674B1E783300664C980021580029A0
:10C8600045D00025644B25501F68B94260D01D6932
:10C87000A94261D01D6AA94263D01D6BA94265D04F
:10C880001D6CA94267D01D6DA94269D01D6EA942D9
:10C8900000D16BE01D6FA94200D16DE080255F598A
:10C8A000B94200D16FE090255F59B94200D171E0E3
:10C8B000A0255F59B94200D173E0B0255F59B94254
:10C8C00000D175E0C0255F59B94200D177E0D0258D
:10C8D0005F59B94200D179E0E0255F59B94200D1F2
:10C8E0007BE0F0255F59B9421FD000230B70019BFC
:10C8F000002B03D000215E70197023500020002A05
:10C9000001D103B0F0BD0022684601A9FCF78CFC00
:10C91000F7E72B780B20303BDEB2092EF1D8023539
:10C92000AC42EED1032B97DDEBE700275F51DCE74C
:10C930001D601D69A9429DD100251D611D6AA94286
:10C940009BD100251D621D6BA94299D100251D6355
:10C950001D6CA94297D100251D641D6DA94295D17A
:10C9600000251D651D6EA94200D093E700251D66B8
:10C970001D6FA94200D091E700251D6780255F59F2
:10C98000B94200D08FE700275F5190255F59B94227
:10C9900000D08DE700275F51A0255F59B94200D034
:10C9A0008BE700275F51B0255F59B94200D089E776
:10C9B00000275F51C0255F59B94200D087E70027A3
:10C9C0005F51D0255F59B94200D085E700275F51FC
:10C9D000E0255F59B94200D083E700275F51F02579
:10C9E0005F59B94200D080E79FE70B2089E7C04636
:10C9F000C65701203C4600204C460020F0B5574663
:10CA0000DE464E464546E0B59FB0170004900591BE
:10CA1000002800D13BE13F261640320007A905A8B7
:10CA2000FCF702FC051E0AD00023049A13602800BC
:10CA30001FB0F0BCBB46B246A946A046F0BD8C2054
:10CA4000079BC0009946089302F052FD82460028D9
:10CA500000D129E14B46D86080234A469B005344CD
:10CA60000599136108A8FEF78FF98046002800D0C9
:10CA7000B4E018214F2302AA5218D35C7F2B00D9AF
:10CA800007E13E20149A38409346C74A089B9046D7
:10CA900012680A9994460290002A00D106E1002209
:10CAA0009C4500D185E244462469002C00D1AEE1CA
:10CAB0009C4200D189E24446246A002C00D1ADE1B9
:10CAC0009C4200D199E24446246B002C00D1A9E19C
:10CAD000A34200D185E24446246C002C00D19FE1A2
:10CAE000A34200D195E24446246D002C00D19BE185
:10CAF000A34200D199E24446246E002C00D195E176
:10CB0000A34200D1A9E24446246F002C00D191E158
:10CB1000A34200D195E28024A446444660462058B2
:10CB2000002800D184E1834200D1A2E29020844613
:10CB3000404664460059002800D17DE1984200D16A
:10CB4000A9E2A0208446404664460059002800D14E
:10CB500074E1984200D1B0E2B02084464046644679
:10CB60000059002800D16BE1984200D1B7E2C02003
:10CB70008446404664460059002800D162E1834261
:10CB800000D1BEE2D02084464046644600590028C9
:10CB900000D159E1834200D1C5E2E02084464046FD
:10CBA00064460059002800D150E1834200D1CCE214
:10CBB000F020844640466446005900287AD09842C6
:10CBC00000D14DE11C233B40002A75D11225002BDA
:10CBD00000D147E3504602F08FFC25E71C223A4281
:10CBE0005DD0042864D1704B98461B68002B00D19F
:10CBF0005EE143461B69002B00D159E143461B6AA5
:10CC0000002B00D154E143461B6B002B00D14FE1B8
:10CC100043461B6C002B00D14AE143461B6D002BA1
:10CC200000D145E143461B6E002B00D140E1434655
:10CC30001B6F002B00D13BE180234246D358002BD1
:10CC400000D135E19023D358002B00D130E1A0234F
:10CC5000D358002B00D12BE1B023D358002B00D1A7
:10CC600026E1C023D358002B00D121E1D023D35893
:10CC7000002B00D11CE1E023D358002B00D117E199
:10CC8000F023D358002B00D112E11225A2E7092589
:10CC9000CDE61C2306253B429CD1163B98465046C8
:10CCA00002F02AFC4546BFE61125C0E60122FAE65D
:10CCB00005008FE71C233B4002AA927F002B00D186
:10CCC000C1E21123134206D17B0706D5504602F07C
:10CCD00013FC0825A8E607257CE73F0700D5EFE011
:10CCE00001214B46B14289411A6E5B6E049C189F2C
:10CCF00022656365A765494208A8FBF7D5FBE0629A
:10CD0000002800D185E04B461A78042A00D170E251
:10CD1000FB7EB97E1B020B43032A05D17A7D397D48
:10CD200012020A431204134304998B607B7F3A7FFB
:10CD30001B021343BA7F12041A43FB7F1B061343E3
:10CD40000B6100234B6100234A46CB650A60D28801
:10CD50008C468A8030228E5401328B54002200236C
:10CD60008A64CB648A63CB6360239B468022E3445E
:10CD7000002158469200F7F799F9B60600D414E15D
:10CD8000049A1669576933003B4300D10DE14B46C5
:10CD90009663D76391685A895302029300230393E1
:10CDA000002F0ED16FE2C0464C460020029A039B32
:10CDB000B61A9F41431C00D157E2039B9F4200D803
:10CDC000BFE0049C2000FCF731F801000128EDD8F9
:10CDD00020640225049BDB6A013B0F2B00D9F9E696
:10CDE000424680201B01D118CA684000824200D10F
:10CDF00046E2002A04D0013ACA60002A00D0E9E6DF
:10CE0000002241465046CA5002F076FB0CE6012251
:10CE100051E6504602F070FB022505E6012252E67B
:10CE2000012260E6012256E6012264E601226AE65A
:10CE300001227BE601226EE6012282E601228BE6D8
:10CE4000012294E601229DE60122A6E6F022404658
:10CE50008258002A00D12DE79A4200D02AE7012209
:10CE6000F4234046C3588B4200D0ABE6F823C358A6
:10CE70005B4500D0A6E60F23029A002A11D11B01C0
:10CE800043440132DB68FF32934200D16FE102ABD1
:10CE90009B7FDB0600D423E7504602F02DFB0425E0
:10CEA000C2E51C2310253B4200D093E6A846F6E6D7
:10CEB00008A8FEF7A9FD002800D098E108231E432A
:10CEC0004B461B78042B00D154E107F055F9189B11
:10CED000010A020CC7B2D2B2C9B2000E9F731A7413
:10CEE000D9735874189B9F751A76D9755876189B04
:10CEF000DF7E9A7E3F0217434A461278032A05D105
:10CF00005A7D197D12020A43120417432022DA7255
:10CF100000224946189B9A76DA760978032901D1CE
:10CF20001A755A750022189B1A775A779A77DA770A
:10CF300001234A461371002F00D06CE140231E43A9
:10CF4000CEE6029B039CA74202D19E4200D938E75D
:10CF5000049B1964F30528D04B46DB6A8A1E023B0A
:10CF60009A4200D335E74B46588900231900F6F75B
:10CF70005DFE4B461A6D5B6D8018594103000B43F3
:10CF800000D126E7FB05720A1A437B0A12184B41AF
:10CF900004998A64CB644946487801210091594636
:10CFA00007F04EF8002800D061E1504602F0A4FAE4
:10CFB0003DE540464068884200D074E540468068C0
:10CFC000584500D06FE5002356E740464069884247
:10CFD00000D070E540468069584500D06BE50123DC
:10CFE0004AE74046406B814200D074E54046806B82
:10CFF000834500D06FE503233EE74046406A884200
:10D0000000D060E54046806A584500D05BE50223C9
:10D0100032E74046406C814200D064E54046806C77
:10D02000834500D05FE5042326E74046406D8142FA
:10D0300000D060E54046806D834500D05BE5052368
:10D040001AE74046406F814200D064E54046806F59
:10D05000834500D05FE507230EE74046406E8142DE
:10D0600000D050E54046806E834500D04BE5062356
:10D0700002E784208446404664460059884200D036
:10D0800054E588208446404664460059584500D0FF
:10D090004CE50823F0E69420844640466446005957
:10D0A000884200D04DE598208446404664460059A9
:10D0B000584500D045E50923DEE6A42084464046D5
:10D0C00064460059884200D046E5A8208446404680
:10D0D00064460059834500D03EE50A23CCE6B420DF
:10D0E0008446404664460059884200D03FE5B82057
:10D0F0008446404664460059834500D037E50B23FB
:10D10000BAE6C4208446404664460059814200D0B5
:10D1100038E5C8208446404664460059834500D01F
:10D1200030E50C23A8E6D4208446404664460059E6
:10D13000814200D031E5D8208446404664460059FB
:10D14000834500D029E50D2396E6E4208446404639
:10D1500064460059814200D02AE5E82084464046D2
:10D1600064460059834500D022E50E2384E610234F
:10D17000984694E54B46049C1F69236038002100C3
:10D18000FBF72AFC1E220021B81CF6F78FFF4B4646
:10D19000186900211A222630F6F788FF4B46202214
:10D1A0001B691A714B461F6906F0E6FF030A7B7282
:10D1B000030CBB724B463872000EF8721A690121DB
:10D1C000212308A8D154FDF783FA071E35D1A168A1
:10D1D000002900D1B2E6049C00222000FFF738F9B4
:10D1E000A768013F4B465F61002800D1A6E6050015
:10D1F000F0E404990A9BFB320B620C9B934302AA56
:10D20000D27F13434B621C9B8B624B461869FBF722
:10D21000E3FB049997E5136E546E3900002208A8C9
:10D2200002930394FFF714F98346002821D0504657
:10D2300002F062F95D46FFF7F7FB504602F05CF939
:10D240003D00FFF7F1FBD30600D525E6BF0700D46C
:10D2500046E5D20700D443E5504602F04DF90725D4
:10D26000FFF7E2FB1233984619E5049B1864012589
:10D27000B0E54846029A039BFBF762FC013FB1E729
:10D280000022CA60BCE5029B5FE6C046F0B54E4690
:10D290009946DE4657464546924600234A46E0B543
:10D2A0008B4606008BB01360002809D00368002B62
:10D2B00006D01A78002A03D08188DA88914208D0F3
:10D2C000092528000BB0F0BCBB46B246A946A046D3
:10D2D000F0BD587806F088FEC007F1D43123F55C24
:10D2E000002DEED1013BF25C930700D40AE13368D4
:10D2F00019789846042906D05346B16BC818814264
:10D3000001D9CB439A465346002B00D18DE0B06B38
:10D31000F16B2B00544645469846C30500D08EE07D
:10D32000CB05420A1A4394464B0A9A466B89013B45
:10D330001A40089262461A4211D1084300D0AEE06A
:10D34000B068002800D1EFE0012800D18EE0431C36
:10D3500000D1D2E0B3683064002B00D1B06030233C
:10D36000F35C7F2B00D9B5E0326CEB6A023A023BEA
:10D370009A4200D37AE06F89002338000021F6F743
:10D3800055FC2A6D6B6D8018594103000B436DD01D
:10D390000023089A07930692069A079B12184B419E
:10D3A0000492059380239B009C4264D3089A610AEF
:10D3B00013008C4663440991BB4201D9BB1A0993FF
:10D3C000099B687859460093049A059B06F064FE11
:10D3D000071E00D091E0B26CF36C04980599121A04
:10D3E0008B419F4200D1B7E0099B5F024B46B06B77
:10D3F000F16B4A461B680297DB1913600023039305
:10D40000029A039B801859417369B063F1633269D2
:10D41000E41BBB4499420FD80CD032617361002CDD
:10D4200000D07AE730234546F25C40231A4330238C
:10D43000F25446E79042F0D902000B00EDE760227B
:10D440009246B2448022DB0D9200D71AA74200D93F
:10D450002700534418003A005946F6F72DFE3022B3
:10D460008021B35C49420B43B354BFE7312302220E
:10D470000225F25425E7B36C049AB06BF16B93422A
:10D4800042D073698B4257D860229246B2448B4295
:10D490004FD0049A059BB264F364C305D2E7F36DE1
:10D4A000002B39D004931F1D336860465A895146BA
:10D4B0000023F6F76FF8049B5B68002B05D1B1E7FA
:10D4C0000837C01A3B68002BACD09842F8D27B6872
:10D4D000C01825E06021B26CF36C8A465F39B24413
:10D4E00068780091514606F0D7FD002805D130211B
:10D4F0007F23725C1340735436E7312301220125E8
:10D50000F254DEE60725DCE6F36C059A9342B8D1C7
:10D5100060239A46B244BCE73000316CFDF710FF3F
:10D52000002800D010E77DE700213000FDF708FF5C
:10D53000F6E733698342ACD960239A465F3BB24435
:10D54000687851460093049A059B06F079FD0028FF
:10D55000D3D1B06BF16B9CE70999914200D843E7B6
:10D56000602152028A465A4411008022B24492003D
:10D570005046F6F7A1FD30227F23B15C0B40B35437
:10D5800032E7C046F0B5D6464F464646C0B5040021
:10D5900098B0002809D00368002B06D01A78002A1A
:10D5A00003D08188DA88914207D00925280018B075
:10D5B000E0BCBA46B146A846F0BD587806F014FD66
:10D5C00001210142F1D1402230261500A35D1D400A
:10D5D0001A42EBD05BB22768002B39DB06F0CCFD9A
:10D5E0003B780600042B42D0226D636D3800FBF7B8
:10D5F000A7FA051EDAD12021A36DDA7A0A43DA727E
:10D60000A268206891B2090A9A76D976017803292E
:10D6100000D197E022699E75110A1A775977110C8B
:10D62000120EDA77320ADA75320C1A760022360ECA
:10D6300099779A74DA745E76012338003B71FBF7B0
:10D6400001FA30224021A35C05008B43A354ADE7CF
:10D650007878A26CE36C00912100603106F01CFD2B
:10D66000002874D17F23A25D1340A355B6E7E37968
:10D67000032B43D0236C9846E369002B15D0424618
:10D68000D21A511C012B64D00232012958D92068CA
:10D69000C36A994254D2FBF719FB051E00D085E7F7
:10D6A000E369013BE361002BE9D18C20C00001F06C
:10D6B0001FFF11258146002800D177E780239B00BA
:10D6C0004B443B6102AB984642462368A16A0293F1
:10D6D000236AF8609360636A4046D371FF229343E4
:10D6E00042461361002311655361D361FCF780FE4C
:10D6F000051E31D0484601F0FFFE57E7A368984663
:10D70000A369002B00D19DE042462068012A17D969
:10D710004344013B9946C36A434511D9012343441D
:10D720001A0041469A46FBF7D1FA051E00D03DE7A4
:10D73000C14500D186E0D0462068C36A4345EDD894
:10D74000022533E7120C1A75120A5A7562E7012591
:10D750002CE70122524298E74046FCF7BBFA051E2F
:10D76000C8D120213A6913790B4313710122E3795F
:10D770003969134321228B543421A3683A69180A6A
:10D78000535401315054180C0131505438201B0EA1
:10D790000131535421693B6962691954080A84466E
:10D7A0009246392062461A540A0C01301A54090E66
:10D7B0000130195452463C21100A5A540131585430
:10D7C000100C013158542820120E01315A5421698D
:10D7D0003B6962691954080A8446924629206246C8
:10D7E0001A540A0C01301A54090E013019545246C9
:10D7F0002C21100A5A5401315854100C013158543C
:10D80000120E01315A543B69320A1E735A73320C9C
:10D81000360E9A73DE733B6940465D753B691D7435
:10D820005D749D74DD74FCF753FF051E00D061E745
:10D830003800FBF707F930224021A35C05008B4339
:10D84000A35457E70023E37114E7C04670B5040002
:10D85000FFF798FE002800D070BD002C09D0236887
:10D86000002B06D01A78002A03D0A188DA889142CA
:10D8700001D00920F0E7587806F0B6FB012203003A
:10D88000100018401A42F4D1E36A013B0F2B12D862
:10D8900080260B491B01CD18EA687600B2420CD0F5
:10D8A000002A03D0013AEA60002A01D10022CA50BE
:10D8B00000232360D0E70220CEE7E860F6E7C04609
:10D8C0004C460020F0B54E46DE4657464546E0B58C
:10D8D000C1B00C001E001A92002801D100F046FED3
:10D8E000020002E03A2B00D1BFE0137801321F2B77
:10D8F000F8D8D64B1B789A46D54A9B009B58002BEC
:10D9000001D000221A70504606F07AFBC30700D5FA
:10D91000AAE104231A0002401092034200D0A5E1BC
:10D92000002C00D1B4E063683793002B00D1B1E044
:10D9300080215A1E09028A4200D38AE0134200D095
:10D9400087E0237862789946531E0A92012B00D80B
:10D9500089E0012304930A938023A7681B027A1E9F
:10D960009A4273D23B0771D1E368984680235B04E7
:10D97000984505D843464246013B1A4200D190E003
:10D9800000239846029380239B009E4200D28FE0A2
:10D990001A9B002B00D183E1002200230121389241
:10D9A0003993504638AA06F0A3FB002800D08EE138
:10D9B0001A9B9B46389C399D0F234A461A404B467A
:10D9C00012921B0700D553E1002D04D180235B0583
:10D9D0009C4200D296E28023129A1A4301231292AB
:10D9E0009C4A5B42A4185D418222002312012092CE
:10D9F00021930023984A389439951E921F938022D0
:10DA0000002312010C920D93129A730A1B93530771
:10DA100000D45EE107231340042B4BD0002D49D1E5
:10DA20008023DB049C4245D281235B02984500D2CF
:10DA300057E106F0A1FB389E399F002F01D100F07D
:10DA40009AFD03191093029B984652E08027BF006D
:10DA50008AE701233793627823780A929946531E06
:10DA6000012B00D975E7049276E703780B25303B4C
:10DA7000D9B28A46092903D80230824200D137E25E
:10DA8000280041B0F0BCBB46B246A946A046F0BD56
:10DA90003794724C0321504637AA06F029FB379B76
:10DAA00046E7530A029380239B009E4200D36FE710
:10DAB0001125E5E706F060FB389E399F03191093A6
:10DAC000002F00D118E2029B9846002B11D1002FA5
:10DAD0000BD180231B039E4201D200F01DFD802349
:10DAE000DB049E4201D200F056FE80235B00984684
:10DAF00002934246002330003900F5F74BFD8000C9
:10DB00000025030001204042C117554A379C944626
:10DB10000019694163441C935B0A1493209A219B6A
:10DB2000801859410023149A12184B410021604279
:10DB3000A9410400194014400A940B910A980B99CA
:10DB40000C9C0D9D001BA941FB0772081A437B0822
:10DB50008B4201D800F0D6FC0C980D990A9B0B9CC7
:10DB6000801979414246C01AA1410023F5F712FD00
:10DB7000239022900F2800D88CE03A4B984200D98D
:10DB800088E0029C239B61024A1E944607332A9335
:10DB9000DB081E936344180024912692F5F7BCFC21
:10DBA0004443002322001D903C900A980B99801852
:10DBB000594108930493FF339946FE3B0026002702
:10DBC00000250024984606900791002E2CD0012EA7
:10DBD00001D000F05BFC6B1C9BB2013F3E00721E4B
:10DBE00096412A0AD0B2E9B284461D00080092B2DA
:10DBF0005B46195561461B1959704146089BCB413C
:10DC00001B18CB419B180893049B02330493002DEF
:10DC100000D1DCE21B9AA31C5202934201D100F016
:10DC200047FC1C00002ED2D1280001F089FC6B1C9F
:10DC300082B29BB2954201D100F079FC150AAC4644
:10DC40004D46C1B2624628401D00D1E7C6570120AB
:10DC50003C460020DFF7FFFF01080000D4C7011099
:10DC600007020000FDFFFF7F032509E70A2507E7FC
:10DC7000012200231E921F93202200232092219331
:10DC8000002200230C920D93002D00D0BCE67F2CC7
:10DC900000D9B9E61A9B002B00D124E10E25EFE64E
:10DCA000700A400201F024FC8346002800D1FFE600
:10DCB00000220023012138923993504638AA06F0F9
:10DCC00017FA002800D175E6584601F015FC012529
:10DCD000D6E6002DDED181235B02984501D3802357
:10DCE0000293129902220B0013402E9301230B4042
:10DCF0000A4200D0A2E0002B01D100F0F7FB06F0B1
:10DD00003BFA03192F93389B1E981F990893399B50
:10DD100022937B015B0A1A00289300238018594143
:10DD2000379B269027915A1E5B421C93029B1D92A3
:10DD300099464B460293002B00D139E1029908988D
:10DD4000F5F7EAFBAC4B0600984200D94CE1289B62
:10DD50004600189301239846361801367608033694
:10DD6000A64B04999C466644730A1A0023930B0041
:10DD70005343149300231593149C159D269A279BB7
:10DD8000A4185D41A4461D9B1C9A634413401E1BAE
:10DD900030000E940F95F5F7BFFB002900D100E18C
:10DDA0000C980D99002302228018594102232490D7
:10DDB0002591013E169330000499F5F7ADFB239BA6
:10DDC000C6180C9A0D9B0E9C0F9DA41A9D41029B98
:10DDD0001B01069300230793069A079BA4185D4135
:10DDE000229B9D4200D955E700D19AE3189B1698D3
:10DDF0009C46089B6044181A049B02997343C01AFE
:10DE0000F5F78AFB43460400032B00D100E1022B07
:10DE100001D000F006FF7A4B984200D9AEE0764B75
:10DE2000984200D9F8E04B46002B00D032E7029B25
:10DE30005B009946802B00D87BE72BE7002B00D0B6
:10DE40005DE706F099F903192F93389B1E981F99E7
:10DE50000893399B22937B015B0A1A0028930023C5
:10DE600080185941379B269027915A1E5B421C937C
:10DE7000029B1D92002B5CD0994619000898F5F77B
:10DE80004BFB604A8300944663445E0A5E4B9C46AB
:10DE90005E4B6044984200D9FCE62099219A00200C
:10DEA000049B2B9073432A932A9C2B9D6418554105
:10DEB000A4461D9B0E940F951C9C634423400E9C0E
:10DEC0002D901B1B2024A4469C4464462C9316943E
:10DED0002C9B2D9C5B185441249325940323984636
:10DEE000002318936DE7584601F006FB0E25C7E5A1
:10DEF000032B00DC00E5C3E580235B019E4200D3D9
:10DF0000E1E5C7E63F2C00D8C4E63F225242D317D2
:10DF1000A4185D41402200231E921F935F2200231C
:10DF2000209221933F220023389439950C920D932F
:10DF3000AAE6089B5A0C914601D100F038FC012A50
:10DF400001D100F02DFC032A01D800F03CFC072A87
:10DF500001D800F031FC0F2A01D800F076FD1F2A0D
:10DF600001D800F06BFD274A9B0994469B0063444F
:10DF70005E0A00239946403302938EE74B46002BFE
:10DF800000D011E1029B5B009946402B00D8D0E6FF
:10DF90002E9B002BCDD14B460293802B00D8CDE693
:10DFA00078E61E9B1F9C249325940123169302E779
:10DFB000089B1B0B00D146E3032B00D83FE30F2B3C
:10DFC00000D837E33F2B00D8D8E3FF2B00D8DDE3A0
:10DFD0008022402192000291934200D2D1E3029923
:10DFE0000898F5F799FA0600289B02361893022341
:10DFF00076009846B4E6C046F50F0000FF01000029
:10E00000F5FF0000070200000A00FFFFFFFFFE0F00
:10E010008C4B984200D8CFE08022002192005846D5
:10E02000F6F744F80B2288495846F6F745F86B4650
:10E030004546187A169B9AB2D9B2120A0023032DCC
:10E0400005D00225A846FBB21093BBB21B0A5F465F
:10E050000225B9730A99BB7439741099389B797485
:10E060003999FA733D737873DAB2002900D0C3E2AC
:10E07000802149028B4200D3BEE29BB21B0AFA7494
:10E080003B755A46F823594645465375B93B1376B6
:10E09000C03393760C9A0D9B130A0A774B772F990E
:10E0A000F7B20B0C0A0ADBB2C8B29C46D2B2090E18
:10E0B000032D00D1CBE25B462724185528201A54A3
:10E0C00029226046985458462A23C154B3B21B0AE9
:10E0D000C375802124238775C1540233C2545B4920
:10E0E000163A2B30F5F7E8FFFF23552259465B001F
:10E0F000CA54574B5532CA54FF3BFF3B009350461E
:10E100000C9A0D9B05F0C8FF002847D11B9B0021EE
:10E110005A025846F5F7CAFF249C259D4346013B09
:10E120005A1E93415B421B0E0893F8230027994621
:10E130005346310040463A000693032800D168E276
:10E140005B464E461E705E46FF237370B3705B469F
:10E15000089EDE7088460A910C900E920FE0802295
:10E160000021584692005646F5F7A0FF4346002787
:10E170009B1BA4197D419846002B00D10CE21B9BF0
:10E18000C246984500D99A46534622000093594604
:10E190002B00069805F080FF0028E0D01A9B002B8A
:10E1A00000D191E501256BE42E9B002B00D171E598
:10E1B0004B461900029361E64B46002B00D069E5FF
:10E1C000029B012B00D165E55B08029354E6214BCD
:10E1D00059469C46069A079B6444640A504600943C
:10E1E00005F05AFF0028D9D1049B26989C46249913
:10E1F0006044F5F791F942463E92154A3CAB94468D
:10E2000099461E9B1D9A63445B0A944698460300F8
:10E21000634418935D1C1B9B07275C020A9A0B9BA7
:10E22000069207934B460126A1465C463D902493F7
:10E230004A4600212000F5F739FF00230022002D77
:10E240000ED118E0F5FF000034B8011054B80110E9
:10E25000FF01000001020000DA084A4500D343E153
:10E2600039003000194088400100A05C01330143AF
:10E27000A1549D42F0D100251B9BC346984500D96F
:10E280009B465B46210000935046069A079B05F08B
:10E2900003FF002800D076E15B460E9300230F9326
:10E2A0000E980F99069A079B12184B4106920793F6
:10E2B00043465A469B1A9846BAD1249BA3464C46DD
:10E2C0009946149B002698465346002700250E9336
:10E2D000220000215846F5F7E9FE0022002F0DD15B
:10E2E0005B46F8321A705A46FF2353709370D3700E
:10E2F000137153719371D37108220237002D26D107
:10E30000022E28D84B46701CB600F558002D00D1BF
:10E310002FE1A24200D32CE15B4601379B18012D6F
:10E3200000D1BFE0F9B28C46390CC9B20691390E62
:10E330008A463E0AF6B2614619700699013D997007
:10E3400051465E70D97006000432002DD8D0A2422A
:10E3500001D200F00CFD1B9BC246984500D99A469D
:10E360005346594600930E98209A219B05F094FE3F
:10E37000002800D012E753461693002317931698EF
:10E380001799209A219B12184B41209221934346C2
:10E3900052469B1A98469BD10E9B2200002158465C
:10E3A0009A46F5F783FE83235A4659461370812215
:10E3B000633BCA5414337F3ACA545A4641465846BE
:10E3C0000133D1540133D1540133D1541E99013357
:10E3D000D1542A990133CA0AC254CA0C0133C25417
:10E3E000CA0E0133C254822208990533C254043341
:10E3F000C1540A0A0133C2540A0C0133C2540A0E32
:10E400000133C25454221D9B029E02338354190AC5
:10E41000013281541B0C0132835441465723C154AD
:10E4200004990133C1540A0A0133C2540A0C01335E
:10E43000C2540A0E0133C2543300189A00255343C4
:10E440001C000A9A0B9BA4185D4110E08022002159
:10E4500092005846F5F72AFE002328972993289A18
:10E46000299BF61BA4185D41002E00D1BAE11B9B2D
:10E4700037009E4200D91F0022002B00594650460B
:10E48000009705F009FE0028E0D087E64846BAB2BA
:10E49000AD18130A9C461A000026ADB2F9B23840F6
:10E4A000FFF7A6FBFF21FF268A468C46069142E72E
:10E4B000C84B59469C46069A079B6444640A5046DA
:10E4C000009405F0E9FD002800D067E600231894C9
:10E4D00019931899199A069B079C5B185441069347
:10E4E00007940024FFF771FBED1AC5E61A9B002B79
:10E4F00002D01325FFF7C4FA584600F0FDFF13259C
:10E50000FFF7BEFA8B4201D0FFF7C4FB824201D96C
:10E51000FFF722FBFFF7BEFB082398460293FFF7A5
:10E52000E8FA089B9C4200D860E4FFF7B3FBAA4AD4
:10E530001E000127954200D198E32C9304E0013698
:10E54000B6B20137002E04D0300000F0F9FF864249
:10E55000F5D02C9B7F2F01D8FFF73FFBFF23FF2235
:10E56000FF209C46FF210226FFF742FB0B25FFF709
:10E5700087FA0600EFE680235B019E4201D3FFF796
:10E5800060FAFFF787FB1A9BA346002B01D1FFF728
:10E590009BFB0125FFF774FA0E9A049B0132349617
:10E5A00035970A990C989A4200D0C6E5069B80469A
:10E5B0009A4624942595032800D1D4E3249E259FD0
:10E5C000189C0AE0002330953193309A319B641BEC
:10E5D000B6185F41002C00D142E21B9B25009C42F3
:10E5E00000D91D0032003B0059465046009505F009
:10E5F00053FD0028E6D0D1E558462021425421227F
:10E60000190A8154190C013281541B0E01328354B2
:10E6100037E55E46F823337007337370B370F370D9
:10E6200033717371B371F37133727372B372F03B00
:10E63000F3728FE5089B9E0804230293D4E402231F
:10E640000293FFF77BFB01230293FFF777FB5B4607
:10E650004035585544201A546046452298545A462D
:10E660004623D154223BD75459462522330A8B5492
:10E67000330C01328B54330E01328B5402272C237E
:10E6800006225846CF54423D0433CD540233CA5477
:10E690000E337A32CA540233573ACA5447304F497C
:10E6A000163AF5F709FDFF235B00994655215B46B5
:10E6B0004A4699544A4A5531995450460C9A0D9BF2
:10E6C0005946009505F0E8FC002800D066E50C9856
:10E6D0000D9906220023009512184B4159465046C9
:10E6E00005F0DAFC8022002158469200F5F7DEFCA6
:10E6F0005A465223137053700F3393705946412278
:10E70000F220CA709C4672215B4640001954E620F4
:10E71000FF3019547531FF315A54E8226146FF32F7
:10E720009954F4235A46013C5B00D454EA235946D9
:10E73000220AFF33CA54220C0133CA54EC23240E9C
:10E74000FF33CC540133CF544A465B46552199548C
:10E75000234A4918995407220C980D9900230095D3
:10E7600012184B415946504605F096FC1E9A1F9BC5
:10E7700059465046009505F08FFCC7E408230293E4
:10E780002DE4089B5E09202302932DE4089B1E09BB
:10E790001023029328E4402398460293FFF7A9F937
:10E7A00000239946023319000293FFF767FB012308
:10E7B00019000293FFF762FB002399460833190002
:10E7C0000293FFF75BFB0023994604331900029381
:10E7D000FFF754FB01020000FFFF000040B80110EA
:10E7E000FF0100001C980C990D9A0B0ADBB22E93C6
:10E7F000430CDBB22A93430E2C930A9B0125581A33
:10E80000030ADBB22493030CDBB20A902693030EB7
:10E8100023982893030ADBB21E93030CDBB22093E8
:10E82000030E189823930230030ADBB20E901C9358
:10E83000030C1098DBB21D93030ADBB21693030C92
:10E84000DBB21893030E1B93029B5E465B082F936B
:10E850000223D0460893029103927F4B309380228B
:10E86000002192003000F5F721FC0B223099300096
:10E87000F5F722FC30216A464023521812781831ED
:10E88000F2542E9A0133F254389A399B7254100A7A
:10E8900001317054100C01317054120E0131725458
:10E8A0004C22190AB3540132B154190C0132B1543B
:10E8B0001B0E0132B35450232F3AF254149A0433EE
:10E8C000F2542A9A0133F2542C9A0133F2540A9AE0
:10E8D0000233F254249A0133F254269A0133F2544B
:10E8E000289A0133F254229A0133F2541E9A0133CA
:10E8F000F254209A0133F254239A0133F2540E9ABF
:10E900000133F2541C9A0133F2541D9A0133F2542C
:10E91000109A0233F254169A0133F254189A0133C2
:10E92000F2541B9A0133F25409220233F554033393
:10E93000F2542F9B002B09D01A0001231900013338
:10E940005208DBB2002AF9D16D23F1546E238022E4
:10E95000F5540133F25409336B32F254013313325C
:10E96000F2548633FF33A93AF2543C4B5532F254F9
:10E9700000231C001F0000E001373B006A3B012B15
:10E98000FAD9702F00D171270120C441F25D3F18E0
:10E99000A418802292009742EFD101210022A146C3
:10E9A000029B039C5B185441009031000493059432
:10E9B000029A039B404605F06FFB011E00D096E1D2
:10E9C0003A003000F5F772FBFF2355225B00F2544A
:10E9D000224B9218F2540921029B039C00225B18DF
:10E9E00054410693079480239B00F718B3464C4686
:10E9F0003E005F465B46EC411A780133A418B342EF
:10EA0000F9D1012204980599002380185941049AEC
:10EA1000059B0290039100955946404605F03CFB4A
:10EA2000002801D0FFF7BAFB029B069A934200D15F
:10EA30001FE1029A039B04920593DAE700239946AB
:10EA4000203319000293FFF719FA00239946103377
:10EA500019000293FFF712FA08B80110FF01000035
:10EA60004346032B00D1D9E0399B002B00D081E134
:10EA70008023389A5B029A4200D37BE10123029300
:10EA80004346022B01D1023302930826129B3342E4
:10EA900000D0B2E03CAB9946389A399B49463C924B
:10EAA0003D930022002350468A60CB6001213AAAA0
:10EAB00005F01EFB002801D0FFF770FB3A9B3B9945
:10EAC0009846002900D06FE180235B05984500D36C
:10EAD0006AE1B04B984500D84FE105244746AE4D5A
:10EAE0007600013CF6B2002C05D031003800F4F776
:10EAF00013FDA842F4D8B846002E00D1FF2680228C
:10EB00005C46002158469200F5F7D0FABF34FF3436
:10EB10004B460493FF233F25B1465B005B440693BD
:10EB2000049B1F68642F01D900F0CDFC01D100F0D7
:10EB3000D1FC64214046F4F7EFFC47437E1946457B
:10EB400001D900F0C7FC002F43D02B0A63722B0CB5
:10EB5000A3722B0EE3723B0A63733B0CA373029BFD
:10EB600027733F0E23712572E7733F212800F4F7C6
:10EB7000D3FC4946F4F7D0FC0700617028003F2120
:10EB8000F4F7CAFC4B1C3F21BA088A431343E770D1
:10EB9000771EA3703800F4F7BFFC4946F4F7BCFCBD
:10EBA0003500617106003F213800F4F7B5FC4B1CBD
:10EBB0003F21B2088A431343A371069BE6711034C8
:10EBC0009C4206D0002D04D0049B08330493454595
:10EBD000A6D3FF23552259465B00CA546F4B9218A7
:10EBE000CA54FF3BFF3B009300220023504605F030
:10EBF00053FA002801D0FFF7D1FA00225046110045
:10EC000005F076FA1A9B051E29D1002B01D0FEF7DC
:10EC100037FF584600F070FCFEF732FF0C230293DA
:10EC200033E75F4B984201D9FFF734F88022002187
:10EC300092005846F5F73AFA0B225A495846F5F72A
:10EC40003BFA6B460125187A169BA8469AB2D9B2B0
:10EC5000FBB21093BBB2120A1B0AFFF7F8F9002BA4
:10EC600001D1FFF731F80125FEF70AFF0023FEF777
:10EC7000B4FF039B079A934200D0DAE6B94680229C
:10EC800037005E46002130009200F5F70FFA049835
:10EC90000599002303228018594101234E469A46C4
:10ECA000069007915B465246D4411A780133A41866
:10ECB000BB42F8D1012202980399002380185941E0
:10ECC00053460490059100935946029A039B40468F
:10ECD00005F0E2F9002801D0FFF760FA049B069ADC
:10ECE000934207D0049A059B02920393DAE7B34656
:10ECF000FFF754FA059B079A9342F3D1B1465E465B
:10ED0000230A220CA446DBB2D2B2210EE0B2B40731
:10ED10001BD164464B4610C3BB42FCD10222029871
:10ED200003990023012480185941049A059B0290FD
:10ED3000039100943100404605F0AEF90028D6D189
:10ED4000089B012B0AD0089489E54C46207063701B
:10ED5000A270E1700434BC42F8D1DFE70633B34659
:10ED6000C246029391E6029C249E259F35E4300022
:10ED7000FFF7D2FA0623029387E6802258469200D4
:10ED8000F5F794F943463F2B00D822E75C46BF34A1
:10ED9000FF34BDE6F7E107003EFC0000FF01000084
:10EDA000F50F000034B8011005F0E6F94044814643
:10EDB0003A983B9921225242D31704000D00A4181F
:10EDC0005D4143225242D317049405950E900F9152
:10EDD0000024801859410123012600220293039444
:10EDE00053467642CA460C9322240025B1461300AE
:10EDF0001090119106920892DB05DF0D002B00D1D7
:10EE0000C4E0029A039B1100194300D1B0E0002333
:10EE1000B74A12196B411D00089BD20AD4025A1C32
:10EE20000A923022DB009B1834AA94466344103BBC
:10EE30001A685B6802920393002B02D1642A00D8FF
:10EE400026E1029A039B0498059912196B418B42A3
:10EE500002D810D182420ED9049A059BAB4204D845
:10EE600000D03DE1A24200D83AE1049A059B121B72
:10EE7000AB41029203935B461022D8199D49F5F7E6
:10EE80001BF95346002B01D101339A461023380059
:10EE9000984610305844A3228044089409950121D3
:10EEA000534645460A9E12060C001C4064425B080D
:10EEB00014405C4023000B405B42134064085C40FC
:10EEC00023000B405B42134064085C4023000B406E
:10EED0005B42134064085C4023000B405B421340DC
:10EEE00064085C4023000B405B42134064085C40B4
:10EEF00023000B405B42134064085C4023000B403E
:10EF00005B4213406408634003700130A842CBD1D8
:10EF1000089C099D9A463B00002220335B441A70EE
:10EF2000220A5A70220C9A70220EDA702A0A5A713A
:10EF30002A0C9A712A0E1D71DA710299039A6418CB
:10EF4000554101204042C1173B0000196941283357
:10EF50005B44020A5A70020C9A70020EDA700A0AB6
:10EF60005A710A0C9A710A0E18701971DA710896A2
:10EF7000069B80330A93DB050FD080230A9ADB01BE
:10EF80009A4200D1BAE01300069235E780220021B0
:10EF900058469200F5F78AF833E780239B005B44DC
:10EFA00098465F4601264B464246129413955248B6
:10EFB0003500397801370D406B4035004C081D4055
:10EFC00034406D425B08054063406B4035008C085F
:10EFD0001D4034406D425B08054063406B40350086
:10EFE000CC081D4034406D425B08054063406B40D7
:10EFF00035000C091D4034406D425B0805406340FC
:10F000006B4035001D406D420540A84644464D0901
:10F0100035405B086B405C4025008B0935406D42F4
:10F0200033406408054063406B403500C9091D400A
:10F030005B084B4031006D4205406B40194049422E
:10F0400001405B084B409742B2D19946129C139DF8
:10F05000069B0C985F0A59460023BA1C009680460E
:10F0600005F01AF8002801D0FFF798F8339032978E
:10F0700004980599329A339B009612184B415946D1
:10F08000404605F009F8002800D176E7FFF786F83A
:10F09000029A039B10981199F4F7C8FD642200238B
:10F0A000F4F778FA0023124A80185941C20AD302B1
:10F0B00003910293029A039B12196B4104980599DC
:10F0C0008B4200D9C8E602D1824200D9C4E60A9B2D
:10F0D0000893029A039B1100194300D148E7CAE63E
:10F0E0000A9B0022089300230292039340E7C04644
:10F0F000FF07000068B801102083B8ED80224E465B
:10F100000C9B002192005846D1469A46F4F7CEFF58
:10F11000F34B1022F34958460293F4F7CDFFF34323
:10F120005822594658468B54190A01328154190CF9
:10F13000013281541B0E01328354012401225242B8
:10F14000D31704763A983B9912184B4120211500A9
:10F150001E005B4623225D54280A091958540919D8
:10F16000280C5854280E985412199E54300A12191B
:10F170009854300C1219985458462723320EC25412
:10F180001B19C15422225242D3170E980F9980188E
:10F1900059415B460E0005003021280A5D540919CB
:10F1A00058540919280C58545532290E99541219DB
:10F1B0009E54310A12199954310C12199954594616
:10F1C0003723320ECA54542249338B54043A8B5499
:10F1D000383B4E3ACA544B46002B00D123005846C8
:10F1E0005C46A32201215F463830483412061D00D8
:10F1F0000D406D425B0815405D402B000B405B42AB
:10F200006D0813406B401D000D406D425B081540BA
:10F210005D402B000B405B426D0813406B401D00AE
:10F220000D406D425B0815405D402B000B405B427A
:10F230006D0813406B401D000D406D425B0815408A
:10F240005D402B000B405B4213406D086B40037028
:10F250000130A042CBD15C235B44984601235D463C
:10F260000126A1485B42310034002A780135114063
:10F270004B401C405108314064425B0804404B4005
:10F280006340340091081C4064425B0831400440F4
:10F29000594061403400D3080C406442490833406F
:10F2A00004404B406340340011091C4064425B0839
:10F2B0003140044059406140340053090C40334010
:10F2C00049084B40310064420440634019409409AE
:10F2D000494234405B0863400140594033000B40D1
:10F2E0005B42D209490803404A405A403300134068
:10F2F0005B420340520853404545B4D1DB435A4674
:10F30000594613741A0A4A741A0C1B0E8A74CB7469
:10F310000122002350460096B94604F0BDFE0028A5
:10F3200001D0FEF73BFF3A9C3B9D01225242D3178E
:10F33000594612196B415C460A76110A6176110C26
:10F34000A176110EE176190A6177190CA177190ED1
:10F35000E1772021237766540131605401316054F4
:10F360000131605401316054013160540131605405
:10F370000131605421315F46049D059E6554492149
:10F380002C0A7C544A212C0C7C544B212C0E7C548E
:10F3900001317E544D21340A7C544E21340C7C546E
:10F3A0004F21340E7C5401210492059338747874F3
:10F3B000B874F87401244F4643464B4E4942250029
:10F3C000387801370540694025000D406D423540D1
:10F3D000AC46450862462540490869402500514031
:10F3E0000D406D423540AC468508624649082540CF
:10F3F0004D40210055402940494231408C46C108CA
:10F4000062466D0821406940250051400D406D4223
:10F410003540AC4605096246490825404D4021006B
:10F4200055402940494231408C46410962466D08A9
:10F4300021406940250051400D406D423540AC46A9
:10F4400085094908624625404D4021005540294024
:10F450004942C0096D0831406840484021000140E0
:10F4600049423140400841409F42A8D1C943049AD3
:10F47000059B58465D460174080A6874080C090E1D
:10F48000A874E97450465946009404F005FE011E24
:10F4900001D0FEF783FE802258469200F4F706FE64
:10F4A00058460299BF3010221C31FF30F4F704FE99
:10F4B000FF2355225B00EA540C4B9218EA5459463C
:10F4C0000094FFF791FB7E19464503D8AE4201D365
:10F4D000FFF73BFB434646465F1BFFF736FBC04644
:10F4E00084C8011090C801102083B8EDFF0100000E
:10F4F00010B5F4F7A5FD10BD10B5F4F7BFFD10BDB4
:10F5000002007F2801D880B27047802300205B0270
:10F510009A42F9D2B623FF339942F5D10023074925
:10F5200004E001339BB20231802B05D00888904261
:10F53000F7D1803398B2E7E70020E5E784CB0110EC
:10F540008023F0B55B02984217D2802386B25B011C
:10F550009E4213D2244AFF270AE08E420CD35B88D6
:10F5600004321C0A3B405D18A84209DB002C0DD078
:10F57000118813000029F0D13000F0BD1B4AEAE7E2
:10F58000082CF9D81A4BA4001B599F465B00D218CF
:10F59000EEE7503EB6B23000EFE70836B6B23000C4
:10F5A000EBE71A3EB6B23000E7E7303EB6B23000C5
:10F5B000E3E7203EB6B23000DFE7103EB6B23000DF
:10F5C000DBE70123711A0B40F61AB6B23000D4E71C
:10F5D000411A49008E5A3000CFE7064B9C466644DC
:10F5E000B6B23000C9E7C04690C90110D4C80110B6
:10F5F000B0C80110A0E3FFFF70B51E4D04002B68DA
:10F600000A00984224D0AB68984228D01A4B0B2CA1
:10F610001BD00C2C11D119491960002A10D02000E0
:10F62000F2F72CFD01212000F2F7F0FC2B689C4240
:10F6300017D0AB689C421AD070BD1968002AEED171
:10F6400080222000F2F744FDECE70D491960E4E761
:10F650000023DB00EB181B79002BEDD1D6E701234B
:10F66000F7E70023DB00ED1801232B71E4E701230A
:10F67000F8E7C04618380020A84F00201D110020D0
:10F68000C910002010B540300BF026FD10BDC0465B
:10F6900010B540300BF080FD10BDC04610B5027AA9
:10F6A000037E002A0BD00121D022C4681206A1409B
:10F6B00052680A40511E8A4101698A4204D10222DD
:10F6C00093430376012010BD0322134303760023E6
:10F6D0005D214376024A034804F030FD0020F2E742
:10F6E0007CB8011084CC0110002803D0024B9C464A
:10F6F000604470470148FCE7B1020000A0BB011064
:10F70000F8B5DE4657464E4645463A4BE0B518003A
:10F710009A460BF0E1FC384B1F789B46002F43D1F3
:10F7200001239946354B002598460137F0F7A8FD8F
:10F73000A84236D92800F0F7A5FD041E2CD00600FB
:10F74000036C4036002B48D030000BF0C5FC4B4614
:10F750002B48237642462B0004212018F6F73CF86C
:10F76000237A002B0DD0237D002B07D0637DE0682A
:10F77000002B36D000220121F2F7F6FAE068F2F70A
:10F7800029FB2378012B19D0022B02D1200002F093
:10F79000FFF830000BF000FD0135F0F771FDA842D5
:10F7A000C8D801235A46137050460BF0F5FC3800B8
:10F7B000F0BCBB46B246A946A046F8BD200004F006
:10F7C0001BFA6368186802F03FF9431E98414042F3
:10F7D0000740200004F0C0F9DBE73000F2F71CFE20
:10F7E000B2E701220021F2F7BFFAE068F2F7F2FA7D
:10F7F000C7E7C046943F0020CB57012094B80110C2
:10F80000B1020000912370B542689B00D4580500F6
:10F8100082B0200004F000FD0123A026A340294A65
:10F82000F605B350284B80219C46A201624449044E
:10F8300013680B42FCD192236A689B00D4582000C5
:10F8400004F0EAFC0123A3401E4A8021B3501E4B62
:10F85000A2019C464904624413680B42FCD16B68C8
:10F86000DA690B2A22D00C2A14D0942201249200A7
:10F87000995898698C400268A243002402609A68F3
:10F880000423009404F082FDA0236A689B00D454F2
:10F8900002B070BD922292009C58200004F0BCFC83
:10F8A0000123A340094A13606B68DEE792229200AD
:10F8B0009C58200004F0B0FC0123A340044A1360CC
:10F8C0006B68D2E7440400000C0000501434005070
:10F8D00004340050F0B5FF26140E15022D0E24023C
:10F8E0002C433604150A12042D0609043240214324
:10F8F0002A43BD248025A4056D000C431543002B2D
:10F9000001D0013B1D43FF23134A260C1E40965D88
:10F91000270A1F407E40965D19407140515C2E0EB3
:10F920007140515C2E0C33404B40D15C9323090253
:10F9300029430A4D9B00AC4680258269C0582D069C
:10F9400043001B18DB00D3188000634412181D60AD
:10F950001D6014611161F0BDF8CC0110D0100000E1
:10F96000F0B5DE4657464E4645469C239B229421E1
:10F97000E0B50500406889009B00920083B089468D
:10F9800082584158C318806904F05AFD91226B686F
:10F9900092009F584A469969634888460C189A58BD
:10F9A000240D624EE400A418F8023040E40304433E
:10F9B00004325F48920090440440A3229220A22186
:10F9C0008000890092009A58834618585B58C002FC
:10F9D0009A4604435748520220430190380092440B
:10F9E00004F01AFCA023DB059C465346BE01664486
:10F9F0003800336004F010FC43463800736004F0B4
:10FA00000BFC80233800B36004F006FCA8230198A7
:10FA10009B0030616E68F31859681A68AA239B002E
:10FA2000F1500433F250012204335242F250424B5F
:10FA3000B2691C4019231C435B46F35898464B4659
:10FA40009146F358404604339B00994404F0E4FB8C
:10FA500043469F01A023DB059C46AA239B006744E5
:10FA60009C46664440463E6004F0D6FB4B4640460A
:10FA70007B6004F0D1FB03234046BB6004F0CCFB69
:10FA80006A683C61D3690B2B40D00C2B30D0942397
:10FA90009B00D4589069A100C9334118FF330B6112
:10FAA00063001B19DB00254DC318D8331D601F25CB
:10FAB0000D61234D1D60234D1D60234D1D601023DE
:10FAC0005B420B61912111331D0089005258A02126
:10FAD00095408622A340C905D2008D500268134389
:10FAE000036003B0F0BCBB46B246A946A046F0BDD9
:10FAF0005B460124D058A0228440144BD205D45038
:10FB000004F08AFB124B6A681C60C0E75B46012464
:10FB1000D058A02284400F4BD205D45004F07CFB77
:10FB20000D4B6A681C60B2E70000E0AFFD7F00FF8C
:10FB3000FF87FFFF19004000FFFFBFFF20600000AC
:10FB4000406000000FE000008FE000001C04000097
:10FB5000142400500C04000004240050890070B5E7
:10FB60004518A8423AD204000021002026686268A5
:10FB700036BA330C73404B40090C4B4012BA1E0B83
:10FB80004640110C1804704051404140A268000CDE
:10FB900041401E0510BA73400E0B5E40020C0B0470
:10FBA000734042405A40E0681B0C5A400B0500BAB3
:10FBB0004B40160B5E401104030C714043404B4018
:10FBC000090C4B40110551401A0B4A401805190405
:10FBD000103458405140A542C8D870BD00200021C3
:10FBE000FBE7C046F0B5D6468A4619004F46464662
:10FBF00099464B424B412F21C0B55B428B430400D9
:10FC00005146406882B03033FFF764FEF3F756F890
:10FC1000FA224D4600239200F3F7BCFC93276B1E9B
:10FC20009D41444B060098460135BF000BE0F3F7B9
:10FC300045F8FA2200239200F3F7ACFC4346DB6957
:10FC4000801B984239D86368D9599869CA00C3683B
:10FC50000432D3400F221A409542E8D84B46002B7D
:10FC60004FD0FF26890041180B6A334A1D0E0C6ADB
:10FC7000180C515D30404840105C190A3140414039
:10FC8000505C310019404840105C210A3140484026
:10FC9000165CFE221440A64237D1AA4502D0524635
:10FCA000292A3CD14A461B020B431360002002B0B4
:10FCB000E0BCBA46B146A846F0BD5346082B06D074
:10FCC0001E480093B72103001D4A04F037FA93221F
:10FCD00060681C4C9200A4468024815883694A00C5
:10FCE0005218D2009918614424060C600C609521CA
:10FCF000890041581F209B180140D83319601D38D6
:10FD0000D5E7083189000B58D0E75346D4210E4A75
:10FD10000A480194009604F011FA0320C7E75346FD
:10FD2000DC210093094ADC230448019504F006FA1B
:10FD30000420BCE72C380020F8CC0110C4CC011002
:10FD400024B90110D010000068B90110B4B9011035
:10FD5000F0B5DE4657464E4645469B469323E0B5F2
:10FD6000984D9126AC468025040040689B00C358FE
:10FD70008FB08A4659000092C9188269C90051188B
:10FD800061442D06B6000D600D6081598E4888468D
:10FD90008E49914655182D0D191DED006D184146DF
:10FDA000C9020140ED030D432921083340469B0061
:10FDB0000D43994404F030FA43469F01A023DB052C
:10FDC0009C464B46674440463B6004F025FA09AB2D
:10FDD00040467B6004F020FA05234046BB6004F0F7
:10FDE0001BFA882351466068009AFD60FFF772FD98
:10FDF000F2F764FFFA2200239200F3F7CBFB744B77
:10FE0000070099460CE0F2F759FFFA22002392000E
:10FE1000F3F7C0FB4B461B6AC01B984200D9A4E015
:10FE200063689D59280004F0F7F9A023DB05984684
:10FE3000684BAD019C4665442B6880256D042B42C0
:10FE4000E1D163689C59200004F0E6F901234146A2
:10FE5000A340614A8B50614BA2019C4662441368E7
:10FE60002B42FCD1099A5C46130C9A465B465146DC
:10FE7000160AF6B219705E706B4600921B789946AE
:10FE80005B46494699700A9B190E8846594640467A
:10FE9000C87058461D0CEDB20D7101955D46190AEA
:10FEA000DBB2837103930B9BC9B241710291180EAF
:10FEB000190CE071CCB2190ACFB20C99DBB22C72DA
:10FEC0006F72AB720D0EAC4604905D4660460594B1
:10FED000E8720C0C080AE4B2C0B2C9B22C736873A1
:10FEE000A97308AD06972F7D5D46EF73FF25AB46DE
:10FEF00055465A4607933A4B15405A5D56404A4676
:10FF00009E5D019D564042469E5D564062469E5D06
:10FF100075405D5D029E75405D5D039E75405D5D53
:10FF2000049E75405D5D059E75405D5D069E754055
:10FF30005D5D079E75405D5D55405D5D6C401C5D7F
:10FF40006040185C41405B5C01218F43BB4237D16C
:10FF5000009A100E3F38431E984180000FB0F0BC4D
:10FF6000BB46B246A946A046F0BD63689E59300024
:10FF700004F052F901234146B340174A8B50174B06
:10FF8000B2019C46624413682B42FCD19322606804
:10FF90000C4C9200A4468024815883694A00521870
:10FFA000D2009918614424060C600C6095218900E8
:10FFB00041581F209B180140D83319601D38CDE7E8
:10FFC0000320CBE7D0100000FD7F00FF0000E0AF72
:10FFD0002C38002010000050440400000C00005099
:10FFE000F8CC0110F0B5C6460400984600B53023A1
:10FFF0004068FFF76FFCF2F761FEFA2200239200DF
:020000041001E9
:10000000F3F7C8FA932605001E4FB6000AE0F2F790
:1000100055FEFA2200239200F3F7BCFA7B6A401BDC
:10002000984217D8636898699B59C268D90004310F
:10003000CA400E211142EAD09B00C018026A036A2E
:1000400012021B041B0E134342460020136080BCA7
:10005000B846F0BD60680C4C8159A44680244A0023
:1000600083695218D2009918614424060C600C6010
:100070009521890041581F209B180140D8331960F1
:100080001D38E4E72C380020D0100000F0B51C002B
:10009000436857464E464546DE469846A023E0B59F
:1000A0000E0017004146012285B09B00050002901A
:1000B000CA54F2F703FEFA2200239200F3F76AFA19
:1000C000A12342469B00D0506A680433A321D65036
:1000D00000238900535004315750043153500431E8
:1000E0009C465350002F18D0A3083D013100B12683
:1000F0009846AC46B12302276348B6009B0066448D
:10010000D318101896194546196098605D60DF6035
:10011000103309190830B342F5D16346D7180023CC
:100120009846B12341469B00F9500433F950843B73
:10013000D7589B460C3399469069D158534B0E1DA6
:10014000C3181B0D524DDB009B19FE022E40922559
:10015000DB03AD00525933434E4ED20233401343BA
:1001600008314D4A89001A4343183800AA460393C0
:10017000150004F051F8A022D2059446039BBE015D
:1001800066443800336004F047F843463800736033
:1001900004F042F843463800B36004F03DF853469B
:1001A0003561029D3D4A6F686400FE580F34F302CA
:1001B00013403B4A30001A435B461500394AFB584E
:1001C00094469B016344039304F026F8A022D205D1
:1001D0009346B122B301920094469B445A46674429
:1001E0003000176004F018F85A46039B3000536043
:1001F00004F012F85A4602233000936004F00CF821
:100200005B4696221D6197234946029D9B006868C4
:10021000920082584158C318806904F011F9494688
:100220006B689A685958986943460093043304F000
:10023000ADF84B4668681C4DC15882690B1D9B0088
:100240009C504B005B18DB00D3181C00D834256091
:100250008024D0331D6824062C431C60012354469F
:100260001D000059A024854086208B40E405C00075
:100270002550106803430020136005B0F0BCBB4656
:10028000B246A946A046F0BDC41200000000E0AF8F
:10029000FD7F00FFFF87FFFF29004000FDFF1FFFDC
:1002A000F9841F001800005040600000A323F0B53F
:1002B00044689B004E4645465746E358DE469946FD
:1002C000A423A522E0B59B00E358920082460E00CD
:1002D0009046A55887B0994551D3A022002192009D
:1002E000A154A5229200A55890464D4538D25F1ED4
:1002F000002B35D06B4B0597994616E0A62292004D
:1003000093465F46A2580132E251012A00D194E09F
:1003100053465C684346E558A3239B00E3589D423F
:100320001ED2059B013B1BD3059342466B1CA35079
:100330002B00A22273439200A0589B00C0183100EA
:10034000FFF70CFC4A46EB00E3189A5812BA9446A1
:10035000554A9B581BBA9842D0D16145CED1D7E7B8
:10036000A6239B00E35806205A1E93415B42184087
:1003700007B0F0BCBB46B246A946A046F0BD042774
:10038000A94510D82BE0A622920093465946A258C0
:1003900001326250012A67D04346E5584D451ED2CE
:1003A000013F002F1BD042466B1CA3502B00A22202
:1003B00073439200A0589B00C0183100FFF7CEFB9A
:1003C000384AEB00E3189A58059112BA9446364A17
:1003D0009B581BBA9842D6D16145D4D1DCE7922311
:1003E000A0229B00E358D2059B019B58B1229200AA
:1003F000A2189B1ADB08013B5B089946A3234A46D7
:100400009B00E2500C3BE35C002B47D0F2F756FC1C
:10041000FA2200239200F3F7BDF853465A68A1234D
:100420009B00D358214AC31A926A012093429FD35A
:100430005046FFF7E7F905209AE7029301916346DA
:10044000D7211B4C039300902B002000194A490030
:1004500003F074FE002E00D15AE70023059F1033ED
:100460009E42FCD8059753E702936346104C0393D2
:10047000059B0090019320002B000E4AEA3903F0FF
:100480005DFE0023002E02D010339E42FCD853465E
:100490005C68A3239B00E35899467DE7A4239B0057
:1004A000E3581EE7C4120000C81200002C380020D8
:1004B000A8CC0110ECB90110F8B54746CE46A023F0
:1004C00080B51700022244689B0005000E00E2542C
:1004D000F2F7F4FBFA2200239200F3F75BF8A12372
:1004E0009B00E0506C680433A322E6509946002339
:1004F0009200A3500432A750A52790460832A3507B
:10050000BF000133E35180213000FFF727FBA82310
:100510009B009C466444206061602800FFF720FA3D
:1005200043466C68E059E358984204D30020C0BCAD
:10053000B946B046F8BD431CE3514B46E358400270
:1005400018188021FFF70AFBA8239B009C466444EF
:1005500020606160EAE7C0461D4B70B55B6804002F
:100560000D00DB0526D16268002D04D0A3239B007B
:10057000D3585B022B60A0239B00D35C002B11D0CF
:10058000F2F79CFBFA2200239200F3F703F8A12371
:1005900062689B00D3580F4AC31AD26A0120934263
:1005A0000BD270BD2000FFF72DF9AD2362689B00D0
:1005B000D05CF6E70AF030FED5E7074A074908485D
:1005C00003F0BCFD2000FFF71DF90520E9E7C04658
:1005D00000ED00E02C3800203CBA0110C3020000FE
:1005E00094CC0110F0B54E464546DE4657463023C2
:1005F000E0B545680400EB5C91B00E1C002B2DD1DA
:10060000A869002800D127E2EB69002B00D1E2E1C4
:10061000012103F003FE93239B00E850656801214C
:10062000A86903F0FBFD94239B00E8500120656856
:1006300003F0E0FD91239B00E8500120656803F082
:10064000D9FD922320229B00E8506368995CD86909
:10065000FEF7D2FF302301226568EA5491239B0004
:10066000ED58A027280003F0D7FD0123AB40ED4A49
:10067000FF05BB50EC4B80219C46AA016244490413
:1006800013680B42FCD1922362689B00D558280066
:1006900003F0C2FD0123AB40E24A8021BB50E24B94
:1006A000AA019C464904624413680B42FCD1012311
:1006B00093251F006168AD004D598869AF409425AE
:1006C000AD00495902688B40BA43026002689A4300
:1006D000026003F041FE6368D449986903F0BAFDF3
:1006E00063680500984695234246F8219B00113522
:1006F000D0502D03C30152681D43CD4B49051D4009
:1007000013060B401D434346F8210700F8201B68E1
:10071000C9019B020B400003D10301400B431F2181
:1007200011400B43F821520189000A401343C14A8A
:10073000EC2113430793C02389059B02301C0693C9
:10074000F3F794FA8146F3F753FB86B20023002EA9
:100750000ED03000F3F7F7FA011C4846F3F783FA9E
:100760008721C905F3F799FAF3F742FBC3B21B02DD
:1007700036041E4302231D430595932543463A0044
:100780000127AD005959986904AB0396049603F00C
:1007900057FE636859591A6898690123009703F056
:1007A000F5FD3900636898695B59026899400B0050
:1007B0001343A149036003F04DFD6368C0219846CF
:1007C000962342469B00D050002380220F93F823AB
:1007D00081460CAD5B02520209030C920D930E91FF
:1007E0001022290008A8F3F767FC4846031DC20140
:1007F0001B0308A801001343280010220993F3F7F4
:100800005BFC97208000404403002A0043CA43C396
:100810009720800040441168020040468368F82019
:10082000DB03000306000340844801400B43D36010
:100830009168834B834619409A46C0239B020B4321
:1008400093609723424603989B00D0507D4990695E
:1008500003F000FD6368C02198469B2342469B003D
:10086000D050002380220F93F823814652025B026E
:100870000C920D93090308AB102218000E91290069
:10088000F3F71AFC4B465A1D0833D2011B031343DE
:100890002800102208A90993F3F70EFC9C239B0063
:1008A00043442900102218009946F3F705FC4346FB
:1008B0009A684B465946F820DB6880000B40D1030C
:1008C00031400B4360493E000B40510101400B4356
:1008D0005E4903980B401F2111400B435C490B40BC
:1008E000822149050B434946CB605346896819402C
:1008F00080239B020B4349468B609C2341469B000F
:10090000C850434658681B688D699E4033003E00BE
:10091000864033433E009640424633433E00D26811
:10092000A96B9640424633433E00126996404246C8
:100930005269334397401F43464B0F439C46AF6376
:1009400065446B425D4106352900F1F7F3F96368B0
:1009500029001868F1F7EEF9636829009868F1F743
:10096000E9F963682900D868F1F7E4F963682900B8
:100970001869F1F7DFF9636829005869F1F7DAF9C6
:10098000636801215868F1F703FA63680121186868
:10099000F1F7FEF9636801219868F1F7F9F96368E6
:1009A0000121D868F1F7F4F9636801211869F1F7BA
:1009B000EFF9636801215869F1F7EAF928226368C1
:1009C0009A5C002A0AD1012011B0F0BCBB46B246A5
:1009D000A946A046F0BD0B33EB6119E62A22586800
:1009E000995CF1F7E5F929226368995C1868F1F7D9
:1009F000DFF92B226368995C9868F1F7D9F92C220A
:100A00006368995CD868F1F7D3F92D226368995C23
:100A10001869F1F7CDF92E226368995C5869F1F7EE
:100A2000C7F9D0E7440400000C00005028CE0110A4
:100A3000FFFFFF800000102414CE0110FF7FF0FFA5
:100A4000FFFF00C0F8CD01101FFCFFFFE0FFFFE338
:100A5000FFFF0FFC0000D0AF0348EB69A861002B3B
:100A600000D0D5E5B7E7C04600002050F8B5040037
:100A7000FEF708FE0122237E01261343237600237E
:100A800063766368D0251F683300BB402D06AB61D9
:100A90000022AB6238000021F1F766F938001F210F
:100AA000F1F748F9636800225F683300BB40380003
:100AB000AB610021AB62F1F757F938001F21F1F764
:100AC00039F9636800229F683300BB403800AB618E
:100AD0000021AB62F1F748F938001F21F1F72AF93C
:100AE00063680022DF683300BB403800AB6100213F
:100AF000AB62F1F739F938001F21F1F71BF9636890
:100B000000221F693300BB403800AB610021AB629B
:100B1000F1F72AF938001F21F1F70CF96368002278
:100B20005F690021BE403800AE61AE62F1F71CF98A
:100B300038001F21F1F7FEF82000FEF7A9FDF8BDEF
:100B40000122110030B5037E040083B019401A421F
:100B500012D1436801919A6B0D2101ABFFF742F866
:100B6000020050425041C0B2002A03D00122237E2D
:100B70001343237603B030BD0520F2F7FBF9F3F7FA
:100B8000E2F81149F3F775F8011C2000FFF72AFD80
:100B90000028EFD00023002200212000D525FFF7F8
:100BA00021F800236D002A000193082101AB2000E9
:100BB000FFF718F8019A03000020AA42DAD1584240
:100BC0005841C0B2D6E7C0460050C349F0B5010055
:100BD000837E01209A11DB0902405B0013431AD087
:100BE0000020012B00D0F0BD1A310F00002200219F
:100BF0000F26072501300C003034E308F31AFB5CA4
:100C00002C40234103408B4001311A431629F2D175
:100C100001329002E7E702002233CD5C013BCC5C5D
:100C200020262240AF11074092003A4307008B5D17
:100C3000ED111F40BF023A4308276D002A43A5006B
:100C40003D402A430837A5003D402A43A5003540D2
:100C50002A432036A50035402A43FF256611F601B8
:100C6000354080262A437600A5003540E4112A430A
:100C700064022243232424250C5D495D204040006A
:100C8000C9090143980280231B0118400423640012
:100C90001C4010430C4301300234A040A3E7C0467F
:100CA000F0B5C64600B5040086B00520F2F762F93B
:100CB000F3F749F8C949F2F7DCFF011C2000FFF700
:100CC00091FC00282CD0D527052500267F00012087
:100CD000F1F73AFF00230022002120000596FEF7DD
:100CE00081FFD5220821200005AB5200FEF77AFFD4
:100CF000002802D1059BBB4217D0013D002DE6D153
:100D0000D52305995B00994201D100280DD00291AD
:100D10007621B34B0190B34A1800009103F00EFA0C
:100D2000002006B080BCB846F0BDF1F7C7FFFA223C
:100D300000239200F2F72EFC80466668AA4F00223C
:100D40003721200005ABFEF74DFF402570550028E8
:100D500011D07E226368DA63595D082955D8A34B08
:100D60008A00D35801917E21A14A0091A1483539CA
:100D700003F0E4F9D4E766682921330020009E4A95
:100D80003433FFF72FF97055002811D07F226368A4
:100D9000DA63595D08293AD8944B8A00D3580191F7
:100DA0007F21934A00919348363903F0C7F9B7E79A
:100DB000F1F784FFFA2200239200F2F7EBFB43469F
:100DC000C01A3B6B98424ED86668736B002BB6DA3C
:100DD00023000022022120002A33FEF7B9FF7055BC
:100DE000002816D090226368DA63595D082900D97B
:100DF000F2E07E4B8A00D358019190217C4A009109
:100E00007C48473903F09AF98AE77C4BAAE77B4B89
:100E1000C5E7666800223300032120003833FEF75F
:100E2000E1FE7055002824D1260067681A36330089
:100E300009212000BA6BFEF78BFF785500282BD0D4
:100E4000A1226368DA63595D082900D943E1674B41
:100E50008A00D3580191A121654A0091654858390B
:100E600003F06CF95CE78721654A5D4803F066F999
:100E700056E799226368DA63595D082900D9E4E0EE
:100E80005A4B8A00D35801919921594A00915948E7
:100E9000503903F053F943E70120A37E9A11DB098F
:100EA00002405B00134300D1D1E00022012B00D1AE
:100EB00015E16668E26307212000B26B05ABFEF71F
:100EC00091FE40257055002812D0AB226368DA638A
:100ED000595D082900D900E1444B8A00D35801919B
:100EE000AB21434A00914348623903F027F917E7E1
:100EF000666837212000B26B05ABFEF773FE7055B4
:100F0000002812D0BA226368DA63595D082900D933
:100F1000FDE0364B8A00D3580191BA21344A009142
:100F20003448713903F00AF9FAE600222A21200038
:100F300005AB6668FEF756FE7055002812D0BB223E
:100F40006368DA63595D082900D9E6E0274B8A0017
:100F5000D3580191BB21264A00912648723903F0EB
:100F6000EDF8DDE6666837212000B26B05ABFEF7D1
:100F700039FE7055002812D0C3226368DA63595DC8
:100F8000082900D9CBE0194B8A00D3580191C3211D
:100F9000174A009117487A3903F0D0F8C0E60222C8
:100FA0000621200005AB6668FEF71CFE7055002880
:100FB00028D0C4226368DA63595D082900D9C9E0E2
:100FC0000A4B8A00D3580191C421094A009109486B
:100FD0007B3903F0B3F8A3E6084B0DE70050C34993
:100FE000F4CE01106CBA01102C38002054CE011040
:100FF000B8BA0110E8CE0110000004D05CBA0110AC
:10100000D8BA0110802205AB10212000920066683A
:10101000FEF7E8FD70556368002800D081E05D6A46
:10102000002D76D0AD000520F1F7A4FFF2F78BFE7E
:10103000061C2800F2F787FE011C301CF2F719FE8F
:10104000011C2000FFF7CEFA6BE6444B1BE70600BD
:101050002233E75C013BE25CB91116400140B60067
:1010600031430600013B9846E35CFF111E40B60287
:10107000314308267F00394397003740394308360B
:10108000970037404646394397003E4031433D4044
:101090002943FF255611F6013540802629433D009E
:1010A00076003540D2112943520211432322A55C18
:1010B0000132A25C2840D209400010439A028023EA
:1010C0001B011A400A4304216B000B400343013209
:1010D00002339A40EDE6214BBCE6204BFFE60E338F
:1010E0009C460E3B00210727984608006546303095
:1010F000C308EB1AF35C38400341404603408B4081
:1011000001311A431629F0D101329202D1E6134B74
:1011100002E7134A134D5A6285E7104B19E70F4B4C
:1011200034E7C922DA63595D082915D80E4B8A00C5
:10113000D3580191C9210D4A00910D48803902F020
:10114000FDFFCB230B480093CB2103000A4A02F09A
:10115000F5FFE5E5014B36E7004BEAE75CBA011025
:1011600080969800005A620254CE0110B8BA01105D
:10117000E8CE0110F4CE0110FCBA0110F8B504005D
:10118000FEF780FA2000FEF789FA02221100237E82
:1011900019401A4267D101261E4264D06368617605
:1011A0001F683300D025BB402D066B61002238003C
:1011B0006B620121F0F7D8FD38000721F0F7BAFD86
:1011C000636800225F683300BB4038006B61012117
:1011D0006B62F0F7C9FD38000721F0F7ABFD6368DB
:1011E00000229F683300BB4038006B610121AB6275
:1011F000F0F7BAFD38000721F0F79CFD6368002284
:10120000DF683300BB4038006B610121AB62F0F74F
:10121000ABFD38000721F0F78DFD636800221F69E0
:101220003300BB4038006B610121AB62F0F79CFDDD
:1012300038000721F0F77EFD636800225F69330004
:10124000BB4001216B613800AB62F0F78DFD3800C7
:101250000721F0F76FFD2000FFF722FD002802D0E4
:10126000237EB34323762000FEF712FA207EF8BDDA
:10127000AF230022F0B5466885B09B00F2540D0004
:1012800003AB0C210400FEF7ADFC4023F054002812
:1012900033D1002D02D1012005B0F0BDF1F70EFDD4
:1012A000FA2200239200F2F775F9D02705000126F3
:1012B0003F0607E0310063687A689B6899400B003D
:1012C00011420DD1F1F7FAFCFA2200239200F2F755
:1012D00061F9401BC728EDD963689A6801239340E0
:1012E000D022120652681342D5D112210E4A0F485D
:1012F000FF3102F023FF0020CEE781216268490020
:10130000D163D15C08290DD8094B8A00D3580191CB
:10131000812149000091074A0748B93902F00EFFC0
:101320000020B9E7054BF2E720BB0110CCCE01103D
:1013300054CE0110B8BA0110E8CE01105CBA011009
:1013400070B50400FEF79EF9AF2362689B00D35C82
:101350000025002B04D12000FEF79AF9280070BD6B
:1013600001212000FFF784FF01235840C5B2ED01A1
:10137000F1E7C046F0B5C646AF2300B546689B000E
:10138000F35C04000F00150084B0002B67D1AB079D
:1013900000D06DE002AB3A0018212000FEF722FCDD
:1013A00040239846F054002818D09A2263685200CF
:1013B000DA634246995C082965D8364B8A00D358CF
:1013C00001919A2149000091334A3448EB3902F0E7
:1013D000B5FE002004B080BCB846F0BD0122290053
:1013E00020006668FFF768F84346F054002821D1D2
:1013F00040266568200003A9FFF7AEF8A855656888
:10140000AB5D012BF6D0002B10D0082B3DD8214A24
:101410009900895800914221214A019321483B00BB
:10142000FF3102F08BFE40236268D35C5A42534185
:10143000D8B2CFE736226368FF32DA634246995C5E
:10144000082924D8134B8A00D35801913621FF3143
:101450000091114AEC39114802F070FEB9E7012100
:10146000FFF706FF0028B4D06668AB0700D191E70C
:1014700030008022290044309200F2F71DFE666899
:101480003500443586E7084B9AE70749C2E7064B23
:10149000DBE7C04654CE0110B8BA0110E8CE011007
:1014A00044BB0110B8CE01105CBA0110F0B546463D
:1014B0004F46D646C0B505000C00170098461600EA
:1014C00086B093071AD04346CF18002B0DD10120C8
:1014D00006B0E0BCBA46B146A846F0BD80239B00EA
:1014E0009C4601346644A742F1D032002100280016
:1014F000FFF740FF0028F1D10020E9E7AF2346685D
:101500009B00F35C002B0AD0B0239B00F3588B4266
:101510005DD00121FFF7ACFE0028EDD06E6805AB71
:101520002200192128009946FEF75CFB40239A46C9
:10153000F054002816D0AE226B685200DA6352468F
:10154000995C08297AD8414B8A00D3580191AE2181
:101550004900009114393E4A3E48FF3902F0EEFD41
:101560000020B5E74246390028006E68FEF7A4FF68
:101570005346F05400284AD140276E684946280057
:10158000FEF7EAFFF0556E68F15D0129F6D00029FB
:1015900015D0082954D82D4B8A00D35802910193B5
:1015A0006A2143462C4A0093FF3123002B4802F066
:1015B000C5FD01212800FFF75BFE002088E7B0236E
:1015C00001229B004444F450043BF2547FE742461E
:1015D0003900FEF771FF402305AA9146F054002818
:1015E000CAD0AA216A684900D163D15C08292BD8E6
:1015F000164B8A00D3580191AA21490000910C3959
:10160000134A1448FF3902F099FD002060E75E227A
:101610006B68FF32DA635246995C082912D80B4B8B
:101620008A00D35801915E21FF3100911539084A93
:101630000848FF3902F082FD002049E7084B85E7A2
:10164000074BABE7064BEDE7054BD4E754CE011053
:10165000B8BA0110E8CE011070BB0110A0CE011085
:101660005CBA0110F8B51C0005000F001600FEF76B
:1016700009F8012C0FD023003A0031002800FFF7B1
:1016800015FF04002800FEF703F801235C40E0B2D8
:10169000800280B2F8BD3A0031002800FFF76AFEF0
:1016A0000400EFE7F0B54746CE46AF2380B5466865
:1016B0009B00F35C05008846170085B0002B00D026
:1016C00075E0B946BB0702D044239946B144802354
:1016D0000122494628009B00FEF7D8FC40243055E3
:1016E000002819D0C5226B685200DA63195D0829F9
:1016F00064D8354B8A00D3580191C5214900009127
:101700004239324A3248FF3902F018FD002005B054
:10171000C0BCB946B046F0BD42461121280003AB1B
:101720006E68FEF75FFA305500282BD140266C68B2
:1017300080212800FEF7BAFDA0556C68A35D012B3F
:10174000F6D0002B0ED0082B3AD81F4A99008958A2
:101750000091CB2101931F4A43461F48490002F0E4
:10176000EDFC6C68B94507D0210080223800443177
:101770009200F2F7A1FC6C684023E05C43425841C0
:10178000C0B2C4E78C226B68FF32DA63195D0829A6
:1017900018D80D4B8A00D35801918C21FF3100914C
:1017A00043390A4AFF390A4802F0C8FCAEE7012172
:1017B000FFF75EFD0028A9D06E6882E7074B9BE724
:1017C0000649C5E7054BE7E754CE0110B8BA01104A
:1017D000E8CE0110A4BB01108CCE01105CBA011040
:1017E000F0B54746CE469846AF2380B5170042680D
:1017F0009B00D35C06000C0087B0002B46D13D0057
:10180000BB0714D04346E718002B07D138E08023EC
:101810009B009C4601346544BC4231D02A00210023
:101820003000FFF73FFF0028F1D1002029E04346B8
:10183000F26BE3189342E5D27368424699468023DF
:1018400039009B003000FEF721FC40254B465855DF
:10185000002822D0B8227368FF32DA63595D082964
:1018600048D8354B8A00D3580191B821FF310091F7
:101870006F39324A3248FF3902F060FC002000E044
:10188000012007B0C0BCB946B046F0BD0121FFF74A
:10189000EFFC0028B3D10020F3E722001221300032
:1018A00005AB7768FEF79EF97855002826D14027CA
:1018B000756880213000FEF7F9FCE8557568EB5D2E
:1018C000012BF6D0002B2FD0082B15D81A4A9900DF
:1018D0008958029301914346C4211A4A0093FF316B
:1018E0002300194802F02AFC01213000FFF7C0FC58
:1018F0000020C6E7154BB7E71449EAE7DC22736816
:101900005200DA63595D082913D80B4B8A00D3586B
:101910000191DC21490000917039084A0848FF39DB
:1019200002F00CFC0020ACE701213000FFF7A0FC26
:10193000A7E7064BECE7C04654CE0110B8BA011039
:10194000E8CE0110D0BB011078CE01105CBA0110B6
:10195000F8B51C0005000F001600FDF793FE012CE2
:101960000ED023003A0031002800FFF739FF0400B1
:101970002800FDF78DFE01235C40E0B2C001F8BDF8
:101980003A0031002800FFF78DFE0400F0E7C04662
:10199000426810B593681F211C0012342140116069
:1019A000591CD160991C0333536101231161AE228C
:1019B00003760B4B920083500A4B043283500A4B40
:1019C00004328350094B04328350094B0432835054
:1019D000084B04328350084B0432835010BDC0467C
:1019E0007D1101106D0A01106516011051190110C9
:1019F00041130110CD0B0110410B011070B50068AF
:101A00000C00F6F77DFC0600E000F2F74BF804004E
:101A100030000D00F2F746F802000B00200029000C
:101A2000F1F7BFFFF2F786F80649F2F736F9FF2122
:101A30008905F2F732F98121C905F2F717F9F2F7B2
:101A4000D7F970BD00007A44F8B5714D0400280044
:101A500009F042FB3823E35C002B78D12600236B8E
:101A60003036002B00D18BE0300009F035FB2068C8
:101A7000002800D1BAE02369002B00D193E065492A
:101A8000F6F730FB6369022B00D19BE0022B00D9F3
:101A9000AFE0002B0BD0022123685F485A6818186A
:101AA000016018680A408531484048310AE0022147
:101AB000236859485A681818016018680A400531A7
:101AC0004840C83101408020400118180160534946
:101AD0008C4663441A6001216068F0F72BF90121FC
:101AE000A068F0F727F90121E068F0F723F9012158
:101AF000E068F0F74DF9637E002B4BD1237E002B7D
:101B000042D0237F002B27D0206A02F067FB606A57
:101B100002F064FB606A236A414A2168DB02C0026A
:101B2000914228D0802788213F0309033D4A134072
:101B30003B4311273B43A3620300134001220B43A5
:101B40001343E36238233000E25409F025FB2800F8
:101B500009F022FB0120F8BD012002F04BFB2062BE
:101B6000012002F047FB236A2D4A21686062DB02F4
:101B7000C0029142D6D1902798213F030903D5E7AF
:101B80003000F0F749FC6FE7002201216068F0F7B0
:101B9000EBF8B6E7A17EA068F0F70AF9E17EE0680D
:101BA000F0F706F9AAE70520F1F7E4F90C21F1F7BF
:101BB000B3FC184920612068F6F794FA6369022B98
:101BC00000D063E722681448516810180360194078
:101BD0004723106858408833034080204001101884
:101BE00003600E4B9C466244116074E70E4820600F
:101BF00041E7032B00D05AE70221236806485A68C0
:101C00001818016018680A40C5314840083159E782
:101C10009C3F0020A086010004300000042000004A
:101C200000000440FD7F00FF00C00340012210B50A
:101C3000037E040013430376002343764368586809
:101C4000431C08D0F0F7E6F863685A680123934014
:101C5000D0221206936210BD094B027841789A5C3B
:101C600052004A409A5C817852004A409A5CC1789E
:101C700052004A409A5C017952004A40985C704791
:101C800034E10110F0B5DE46574680B5060083B05A
:101C90008B46F1F713F8FA2200239200F1F77AFC51
:101CA0008246214FFF236A469371D371F1F706F8FC
:101CB000FA2200239200F1F76DFC022504000AE0ED
:101CC000F0F7FCFFFA2200239200F1F763FC7B6936
:101CD000001B98421DD273681B681868C3681D42B8
:101CE000EED06A46694601230732063109F06CFAE4
:101CF0006B46DB79FF2B10D0F0F7E0FFFA220023D0
:101D00009200F1F747FC5346C01A5845CAD3002049
:101D100004E073681B681868E3E7012003B0C0BCE7
:101D2000BB46B246F0BDC0462C380020F0B5DE46BA
:101D3000454657464E4640230400FF20E0B50B437E
:101D40008B46110E0902DBB2000410400B43110A4E
:101D50000906034385B00B4302936B4602A81A732E
:101D6000FFF77AFF0123400018436B46587302AB1C
:101D700099460E236B449A466B46DD1D4B4B9846A5
:101D80004B461B782B70F0F799FFFA220023920044
:101D9000F1F700FC022706000BE0F0F78FFFFA22B4
:101DA00000239200F1F7F6FB43461B69801B984223
:101DB0004FD263681B681868C3681F42EDD00122C8
:101DC000290009F021FA01239C46E144CA45D7D1F4
:101DD0005B460C2B41D010239946344B9846FF2389
:101DE0002B70F0F76BFFFA2200239200F1F7D2FB81
:101DF000022706000BE0F0F761FFFA2200239200B1
:101E0000F1F7C8FB4346DB68801B98421DD263682C
:101E10001B681868C3681F42EDD001232A00FF2108
:101E200009F0C2F90023EB562878002B06DA0123CB
:101E30005B429C46E1444B46002BD0D105B0F0BC40
:101E4000BB46B246A946A046F0BD63681B68186849
:101E5000E3E763681B681868B1E7F3332B70F0F7AA
:101E60002DFFFA2200239200F1F794FB0F4B06009E
:101E7000022798460BE0F0F721FFFA220023920098
:101E8000F1F788FB43461B69801B98420AD26368BE
:101E90001B681868C3681F42EDD00122290009F0B1
:101EA000B3F998E763681B681868F6E72C380020D8
:101EB000F0B5CE46474680B5036C040083B0002BD6
:101EC00000D1C1E02000FDF7DDFB63681868303009
:101ED00009F002F963685B685A1C2CD001229A4011
:101EE0001300D0221206936107236B449846FF2308
:101EF00042461370F0F7E2FEFA2200239200F1F757
:101F000049FB02260500524F0BE0F0F7D7FEFA22FC
:101F100000239200F1F73EFB3B69401B984200D33F
:101F20008EE063681B681868C3681E42EDD001220A
:101F3000414609F069F9237EDB0744D400212000E3
:101F4000FFF7A0FE002865D10123994663685A680F
:101F5000511C2BD001239340D0221206536107233A
:101F60006B449846FF2342461370F0F7A7FEFA220F
:101F700000239200F1F70EFB02260500344F0AE021
:101F8000F0F79CFEFA2200239200F1F703FB3B6975
:101F9000401B984250D263681B681868C3681E4291
:101FA000EED00122414609F02FF9636818683030FD
:101FB00009F0F2F82000FDF76BFB484603B0C0BC07
:101FC000B946B046F0BD00232000637601F05AFE0A
:101FD000200001F061FE00212000FFF753FE0028E1
:101FE00015D01B4E7368002B11D0002503E07368D9
:101FF0000135AB420BD9002200212000FFF796FEED
:10200000FF28F4D0A0E70122237E13432376002388
:1020100099469BE70E4E00257368002B04D1F2E72A
:1020200073680135AB42EED900220D212000FFF785
:102030007DFEFF28F4D087E763681B681868B0E767
:1020400063681B68186872E74030F0F7E5F939E714
:102050002C380020F0B54546DE4657464E46E0B5E2
:1020600085B0040001F00EFE0A239A46093B99460A
:10207000FE339846514D63685B685A1C27D04A4628
:102080009A40D0231B065A616B4642461A71F0F7FC
:1020900015FEFA2200239200F1F77CFA02270600CF
:1020A0000BE0F0F70BFEFA2200239200F1F772FA30
:1020B0002B69801B984200D370E063681B68186826
:1020C000C3681F42EDD0012201A909F09DF80A2240
:1020D000FF2101A8F1F7EAFFF0F7F0FDFA22002353
:1020E0009200F1F757FA060063680022186801A908
:1020F0000A2309F009F8F0F7E1FDFA220023920023
:10210000F1F748FA8642EFD063685B685A1C28D022
:102110004A469A40D0231B069A61032342466B44E9
:102120009B461A70F0F7CAFDFA2200239200F1F7DD
:1021300031FA022706000AE0F0F7C0FDFA22002378
:102140009200F1F727FA2B69801B98422AD2636824
:102150001B681868C3681F42EED00122594609F077
:1021600053F8686800280AD00026002200212000C9
:10217000FFF7DCFDFF2819D07E2303421BD001238B
:102180005B429C46E2445346002B00D073E705B007
:10219000F0BCBB46B246A946A046F0BD63681B68CA
:1021A000186890E763681B681868D6E76B680136A3
:1021B0009E42DAD3E3E70128E9D0E0E72C3800209B
:1021C000F0B5DE46574645464E46E0B58A4683B0F2
:1021D00005009346F0F772FDFA2200239200F1F712
:1021E000D9F98146584FFF236A46D371F0F766FD4F
:1021F000FA2200239200F1F7CDF9022604000AE04A
:10220000F0F75CFDFA2200239200F1F7C3F9FB68B6
:10221000001B984224D26B681B681868C3681E4272
:10222000EED06A460123FF21073208F0BDFF6B465E
:10223000DB79FE2B18D0F0F741FDFA220023920043
:10224000F1F7A8F94B46C01A3F4B1B689842CAD316
:10225000802003B0F0BCBB46B246A946A046F0BD04
:102260006B681B681868DCE76B68524618680021C9
:102270005B4608F049FF0028EAD0FF236A46D37185
:10228000F0F71CFDFA2200239200F1F783F92E4BA0
:102290000400022698460BE0F0F710FDFA22002316
:1022A0009200F1F777F94346DB68001B984243D26E
:1022B0006B681B681868C3681E42EDD06A4601232C
:1022C000FF21073208F070FF6B46DB796A461B027C
:1022D0009946FF23D371F0F7F1FCFA220023920014
:1022E000F1F758F9184B0400022698460BE0F0F776
:1022F000E5FCFA2200239200F1F74CF94346DB6833
:10230000001B98421CD26B681B681868C3681E4289
:10231000EDD06A460123FF21073208F045FF6B46E6
:10232000DC794B46594650461C4301F04DFE201ABD
:10233000431E984100028CE76B681B681868BDE774
:102340006B681B681868E4E72C380020F0B5D646A7
:102350004F4646461623C0B586B06B4417269A46AC
:102360001A70FF236E44040089463370F0F7A6FC10
:10237000FA2200239200F1F70DF9734B05000227B2
:1023800098460CE0F0F79AFCFA2200239200F1F74D
:1023900001F943465B69401B984200D3C3E0636880
:1023A0001B681868C3681F42ECD0012332005146F5
:1023B00008F00AFF3378002B00D1ABE063680022FD
:1023C0001868802349469B0008F0A6FE80214846F5
:1023D000890001F0F9FD8021636889008146186851
:1023E000FFF70CFB63680100186808F0A5FE0028E1
:1023F00000D18FE04B461B0A3370F0F75FFCFA22E6
:1024000000239200F1F7C6F80223070098464E4DCC
:102410000BE0F0F753FCFA2200239200F1F7BAF830
:102420002A69C01B904200D381E0424663681B6862
:102430001868C3681A42ECD00122310008F0E4FEAB
:102440004B463370F0F73AFCFA2200239200F1F782
:10245000A1F80223070098460AE0F0F72FFCFA22C1
:1024600000239200F1F796F82B69C01B984266D2C0
:10247000424663681B681868C3681A42EDD001229F
:10248000310008F0C1FEFF233370F0F717FCFA2289
:1024900000239200F1F77EF80223070098460AE035
:1024A000F0F70CFCFA2200239200F1F773F8EB68C6
:1024B000C01B98423FD2424663681B681868C368D5
:1024C0001A42EDD001233200FF2108F06DFE1F23D8
:1024D000377800263B40052B16D02000FDF704F985
:1024E00001210300781008400390B8100840174EEF
:1024F0000290F810014001913000154A80261549DC
:10250000009701F01BFEF60020002968FFF7BAFBD8
:10251000002801D18026F600300006B0E0BCBA46A3
:10252000B146A846F0BD63681B6818683DE763685C
:102530001B68186880E763681B681868C2E76368EF
:102540001B6818689BE7C0462C38002004CF011098
:102550003CBD0110F3030000F8B5444D04002968A8
:10256000FFF790FB00280DD06B680026002B0BD0E6
:10257000002209212000FFF7D9FBFF282CD07E2361
:10258000034201D00020F8BD25001A351022290091
:102590002000FFF715FE0028F4D10121A37E9A1137
:1025A000DB090A405B0013431BD0012BEAD100205A
:1025B00000220F270726012411003031CB08FB1A17
:1025C000EB5C31400B412340934001321843162A03
:1025D000F2D101308002D6E76B6801369E42C7D344
:1025E000D0E70A002233E55C013BE05C2026024094
:1025F000AF110F4092003A430F00A35DED111F4051
:10260000BF023A4308276D002A4385003D402A4314
:10261000083785003D402A43850035402A4320364F
:10262000850035402A43FF254611F60135408026B6
:102630002A43760085003540C0112A4340020243F8
:102640002320255C0130205C2940C009490001435A
:10265000980280231B01184004236D001D40104385
:102660000D4301300235A8408DE7C0462C380020CC
:10267000F0B5CE464746040080B583B0FDF702F8BA
:1026800063681868303008F027FD63685B685A1C7F
:102690002BD001229A401300D02212069361072307
:1026A0006B449946FF234A461370F0F707FBFA2262
:1026B00000239200F0F76EFF022605002F4F0AE07C
:1026C000F0F7FCFAFA2200239200F0F763FF3B696F
:1026D000401B98424AD263681B681868C3681E4250
:1026E000EED00122494608F08FFD2000FFF734FFAD
:1026F000636880465A68511C2BD001239340D02236
:102700001206536107236B449946FF234A46137010
:10271000F0F7D4FAFA2200239200F0F73BFF0226EA
:102720000500164F0AE0F0F7C9FAFA2200239200DA
:10273000F0F730FF3A69401B90421BD263681B6878
:102740001868C3681E42EED00122494608F05CFDBD
:1027500063681868303008F01FFD2000FCF798FF10
:10276000404603B0C0BCB946B046F0BD63681B68C4
:102770001868B6E763681B681868E5E72C3800201E
:10278000F0B557464E464546DE46E0B5040088465D
:1027900017001E0085B00C2900D10AE19D4D0029CB
:1027A00000D0FEE06B689B4600239A465B46002BF8
:1027B00000D10CE13A0041462000FFF7B7FAFF28AC
:1027C00000D1F8E08346002E00D0306003070DD51D
:1027D0004346172B00D093E1430700D5B8E11223FD
:1027E000034200D17FE180208000CFE00423034238
:1027F00000D0A9E11223034200D1EBE080239B002B
:10280000019343460D2B00D1EFE00D2B00DD71E16C
:10281000082B00D077E10223637602ABDF1DFF2394
:102820003B70F0F74BFAFA2200239200F0F7B2FE69
:102830000223B0469A462E0005000BE0F0F73EFA60
:10284000FA2200239200F0F7A5FEF368401B98429D
:1028500000D373E1524663681B681868C3681A4264
:10286000ECD03500464601233A00FF2108F09CFCDD
:102870003B781B069B46FF233B70F0F71FFAFA22BA
:1028800000239200F0F786FE0223B0469A462E00FF
:1028900005000BE0F0F712FAFA2200239200F0F79D
:1028A00079FEF368401B984200D336E152466368D4
:1028B0001B681868C3681A42ECD0350046463A00D7
:1028C0000123FF2108F070FC5A463B781B041A4391
:1028D000FF2393463B70F0F7F1F9FA2200239200B0
:1028E000F0F758FE0223B0469A462E0005000BE092
:1028F000F0F7E4F9FA2200239200F0F74BFEF368B8
:10290000401B984200D30EE1524663681B6818686A
:10291000C3681A42ECD03500464601233A00FF2135
:1029200008F042FC3B781B029846FF233B70F0F70F
:10293000C5F9FA2200239200F0F72CFE02239A46F2
:102940002B00B14605001E000BE0F0F7B7F9FA22A4
:1029500000239200F0F71EFEF368401B984200D35C
:10296000E7E0524663681B681868C3681A42ECD0F7
:102970004E4601233A00FF2108F016FC5A463B78E8
:10298000134342461A4393466B469888002E01D063
:102990005B46336005B0F0BCBB46B246A946A046D4
:1029A000F0BD2968FFF76EF9002800D0FAE6802014
:1029B000F0E7184DF6E601239C466B68E2449A4521
:1029C00000D2F7E6002EF2D030608020E2E7002E41
:1029D00000D033605B4660271F407B1E9F41BB00D9
:1029E000019343460D2B00D00FE75B461B029B462D
:1029F00002ABDF1DFF233B70F0F760F9FA220023E2
:102A00009200F0F7C7FD0223B0469A462E0005005B
:102A10000EE0C0462C380020F0F750F9FA220023CF
:102A20009200F0F7B7FDF368401B984200D391E0A5
:102A3000524663681B681868C3681A42ECD0464661
:102A400001233A00FF2108F0AFFB5A463B781A43B6
:102A5000934699D080239002DB00184013009B0717
:102A600001D5202318435B465B0702D58023DB009A
:102A700018435B461B0702D58023DB0018435B46E7
:102A8000DB0602D58023DB00184320235A4613427D
:102A900000D018435B465B0602D580239B00184399
:102AA0005B461B0601D50423184380235A469B002E
:102AB0001A4200D018435B461B0502D580235B00F9
:102AC00018435B46DB0402D580239B0018435B461A
:102AD0009B0401D5042318435B465B043FD50423C4
:102AE000034398B252E7602707407B1E9F41BB001B
:102AF000019349E7262B09D03A2B00D18DE643E715
:102B00008020400046E70C2B00D03DE720002968DC
:102B1000FFF7B8F86B46988838E7636835001B689C
:102B200046461868CBE6636835001B684646186859
:102B3000F3E663684E461B6818681AE76368350059
:102B40001B68464618688EE64246082A00D163761E
:102B500002201FE7636846461B68186870E780B26A
:102B600014E7C046F0B5C646002200B5436882B0FF
:102B70001A7301AB9846FD23424604001370F0F728
:102B80009DF8FA2200239200F0F704FD02270500C9
:102B9000154E0AE0F0F792F8FA2200239200F0F7BF
:102BA000F9FC3369401B984219D263681B681868A6
:102BB000C3681F42EED00122414608F025FB316870
:102BC0002000FFF75FF8002263680D215A612000A2
:102BD0004346FFF7D5FD02B080BCB846F0BD636840
:102BE0001B681868E7E7C0462C380020F0B5CE46D1
:102BF0004746040080B583B0FCF744FD636818685D
:102C0000303008F069FA63685A68511C00D172E0EC
:102C100001239340D0221206936107236B44984608
:102C2000FF2342461370F0F749F8FA22002392007E
:102C3000F0F7B0FC02260500354F0AE0F0F73EF849
:102C4000FA2200239200F0F7A5FC3B69401B984252
:102C500056D263681B681868C3681E42EED0012212
:102C6000414608F0D1FA0021636889461A7B002AA0
:102C70003BD15A68511C2BD001239340D02212061D
:102C8000536107236B449846FF2342461370F0F7C5
:102C900015F8FA2200239200F0F77CFC02260500CA
:102CA0001B4F0AE0F0F70AF8FA2200239200F0F72F
:102CB00071FC3A69401B904226D263681B68186811
:102CC000C3681E42EED00122414608F09DFA6368B7
:102CD0001868303008F060FA2000FCF7D9FC48464C
:102CE00003B0C0BCB946B046F0BD2000FFF73AFFC4
:102CF00063688146BDE71A7B002AF6D19146E7E773
:102D000063681B681868AAE763681B681868DAE7D5
:102D10002C380020F0B54746CE4680B50E008146DF
:102D200017009846096883B00EE080239B009C46FC
:102D300031683B686144013331603B6043461C6845
:102D4000013C1C60002C2FD0FC224846FFF7FEFA05
:102D5000051EEAD04B465B6848465E69FFF702FFF6
:102D60001E4C48462168FEF78DFF002816D0636888
:102D70000027002B1FD0002237214846FEF7D6FF40
:102D800021684846FEF77EFF002216214846FEF7DE
:102D9000CDFFFF281CD07E2303420CD0280003B0B7
:102DA000C0BCB946B046F0BD4B463A685B681A6194
:102DB00001221A73F2E70422484601A9FFF700FA3C
:102DC000019B1BBA0028E9D1F61A43461E60E5E7CD
:102DD000636801379F42CED3E0E7C0462C3800201D
:102DE000F0B5DE4657464E464546E0B507008BB087
:102DF00004921E000791FCF745FC7B681868303090
:102E000008F06AF97B685A68531C00D113E2012369
:102E10009340D0221206936108ABDD1DFF232B7077
:102E2000EFF74CFFFA2200239200F0F7B3FBC34BFD
:102E300004009B46022398460CE0EFF73FFFFA227E
:102E400000239200F0F7A6FB5B461B69001B98422B
:102E500000D3ECE142467B681B681868C3681A42DD
:102E6000EBD00122290008F0CFF95B465B68B04641
:102E70000593049B9C46B44463465E460693032236
:102E80003B7E1A4200D0F5E14346002B00D1F1E130
:102E9000FB6B069A9A4200D9ECE17B681B7B002B06
:102EA00000D0A5E043463168012B00D1ABE03800EB
:102EB000FEF7E8FE002800D193E07368002B46D0AF
:102EC000002412213800049AFEF730FFFF2800D1B9
:102ED000B6E00823034200D087E0430700D5CCE0EA
:102EE000122303422FD08024A40073680025002BF6
:102EF0001ED000220C213800FEF718FFFF2800D159
:102F000098E00C23034208D0802420000BB0F0BCD2
:102F1000BB46B246A946A046F0BD12233168034223
:102F200002D14E33034204D03800FEF7ABFEEBE78C
:102F300031683800FEF7A6FE059B013B0593002B88
:102F40009DD1B3463BE16023034200D092E143466A
:102F50000093079B9B4600230293019308ABDC1D63
:102F6000FF23994643460393EFF7A8FEFA22002376
:102F70009200F0F70FFB022305009A464B462370A0
:102F8000EFF79CFEFA2200239200F0F703FB804645
:102F90000BE0EFF793FEFA2200239200F0F7FAFA23
:102FA0004346C01AF368984269D252467B681B6850
:102FB0001868C3681A42ECD001232200FF2108F0F0
:102FC000F3F82378FE2B65D0EFF778FEFA22002382
:102FD0009200F0F7DFFA3368401B9842CED3039B90
:102FE0009846802481E7039B9846802464007CE710
:102FF0003800FFF7B7FD041E00D076E7434631687E
:10300000012B00D053E73800FEF73CFE0028E8D043
:103010007368002B9BD0002411213800049AFEF71E
:1030200085FEFF2800D054E7736801349C42F3D337
:1030300080245AE7736801359D4200D259E763E75F
:10304000736801349C4200D23BE780244DE7039B28
:103050009846012B00D1A7E07368002B00D19FE0B8
:1030600000220C213800FEF761FEFF2800D1F1E0BC
:103070000307BAD4430700D4E4E0022435E77B68B1
:1030800022001B68FF211868012308F08DF82378BF
:10309000FE2B99D17B685A461868802300219B003B
:1030A00008F03AF8019B002B07D080211800890016
:1030B00000F08AFF029B984295D180217B688900AD
:1030C0001868FEF79BFC7B680100186808F034F86C
:1030D000002884D04B462370EFF7F0FDFA2200233E
:1030E0009200F0F757FA0223050098460AE0EFF73E
:1030F000E5FDFA2200239200F0F74CFAF368401B3A
:10310000984249D242467B681B681868C3681A42D5
:10311000EDD001232200FF2108F046F823781B029E
:103120009A464B462370EFF7C9FDFA22002392001E
:10313000F0F730FA0223050098460CE02C38002006
:10314000EFF7BCFDFA2200239200F0F723FAF368B0
:10315000401B98421CD242467B681B681868C368B3
:103160001A42EDD001232200FF2108F01DF852463B
:10317000237859461A4380230292009A9B00013A11
:103180005B4400920191002A00D160E79B46EBE688
:103190007B681B681868E5E77B681B681868B8E7F8
:1031A00031683800FEF76EFD80215846890000F036
:1031B0000BFF029B834200D017E7B34600247B68D5
:1031C0005A68511C2BD001239340D0221206536120
:1031D00008ABDD1DFF232B70EFF770FDFA220023F3
:1031E0009200F0F7D7F90223060098460BE0EFF7BC
:1031F00065FDFA2200239200F0F7CCF95B461B69CB
:10320000801B98421AD242467B681B681868C368C4
:103210001A42ECD00122290007F0F6FF7B681868FB
:10322000303007F0B9FF3800FCF732FA6DE67B6802
:103230001B68186815E6104B9B4616E67B681B68F2
:103240001868E7E71223316803420DD03800FEF713
:1032500019FD48E6009B01331A00009373689A42F7
:1032600000D2FDE6802440E64E33034299D0380078
:10327000FEF708FD042438E62C380020F0B5DE46C1
:1032800057464E464546E0B587B0041E039102926C
:10329000019300D1B2E0037E9B0700D0AEE0019E17
:1032A000002E00D1AAE09346B318C26B9A4200D810
:1032B000A4E0FCF7E7F963681868303007F00CFF0A
:1032C00063685A68511C2DD001239340D022120606
:1032D000936105AB9946FF234A461370EFF7EEFC66
:1032E000FA2200239200F0F755F9874B05000227D8
:1032F0009A460CE0EFF7E2FCFA2200239200F0F786
:1033000049F953461B69401B984200D3BCE06368EF
:103310001B681868C3681F42ECD00122494607F0B9
:1033200073FF63681A7B012E00D1B1E076498846AD
:103330004E680821894604398A460E318B46029F21
:10334000002A08D01A69974200D191E02000FFF7C7
:1033500009FC051E68D1434620001968FEF792FC5F
:10336000002800D17EE043465B680025002B51D049
:103370003A0019212000FEF7D9FCFF286CD04B46FB
:1033800003425FD0802562686D005368591C2DD0C0
:1033900001229A401300D0221206536105AB9946D0
:1033A000FF234A461370EFF789FCFA2200239200AC
:1033B000F0F7F0F8544B0600022798460BE0EFF7C1
:1033C0007DFCFA2200239200F0F7E4F843461B69E3
:1033D000801B984254D263681B681868C3681F42F8
:1033E000EDD00122494607F00FFF626810683030C7
:1033F00007F0D2FE2000FCF74BF900E0042528007E
:1034000007B0F0BCBB46B246A946A046F0BD60235B
:1034100003422AD16268019B5361200001AB02AADA
:1034200003A9FFF777FC050080216368C9001A0033
:103430008D42AAD1013E002EA7D001990029A4D027
:103440001A7B7CE75346034217D15B460342DED02A
:1034500080256268AD0098E743465B6801359D4270
:1034600000D285E7802562688FE7042562688CE7D3
:103470005A69019952185A61CFE70225626884E7B8
:1034800063681B681868ACE763681B68186844E7E2
:10349000039F002A04D02000FFF764FB051EE5D13E
:1034A000194B200019689846FEF7ECFB0028D9D08C
:1034B00043465B68002B12D000255A461821200095
:1034C000FEF734FCFF2818D0030700D55AE743075E
:1034D000D3D412230342BBD14E330342C5D1FE22C3
:1034E00039002000FEF732FF00220D21200005AB3D
:1034F000FFF746F96268050047E743465B68013518
:103500009D42DAD3AEE7C0462C380020F0B5DE4647
:1035100057464E4645460400E0B583B0FCF7B2F886
:103520002000FCF7BBF802221100237E19401A424A
:1035300000D0D7E001251D4200D1D3E06368617659
:103540001868303007F0C8FD63685B685A1C29D0E2
:103550009D40D02201AB98461206FF23956142465A
:103560001370EFF7ABFBFA2200239200F0F712F88A
:1035700002260500C14F0BE0EFF7A0FBFA22002363
:103580009200F0F707F83B69401B984200D305E131
:1035900063681B681868C3681E42EDD0012241466B
:1035A00007F032FE2000FEF755FD012800D0A4E010
:1035B000D52500236D0001932A0001AB08212000CE
:1035C0009846FFF7DDF8002800D1CBE0022800D0B4
:1035D00098E003267E27A94D20002968FEF752FBBC
:1035E00000280ED06B68002B0ED0002399460122D4
:1035F0003B212000FEF79AFBFF2800D142E2074260
:1036000002D0013E002EE7D1434600223A2120009D
:10361000FFF7B6F8002800D074E0019BDB0200D46D
:10362000AAE0667E023E73425E41B3079B46EFF717
:1036300045FBFA2200239200EFF7ACFF01230700BD
:103640009A462E6811E0802252009146002B00D14C
:10365000B0E0EFF733FBFA2200239200EFF79AFF76
:103660002E68C01BB04200D3A4E031002000FEF75A
:1036700009FB002800D182E06B68002B00D109E231
:103680000026002237212000FEF750FB2968200089
:10369000FEF7F8FA5A4629212000FEF747FBFF28DB
:1036A00000D172E053460822019003400242CAD181
:1036B000420700D53BE11222024200D076E04E32B2
:1036C0000240511E8A4192009146BFE763681B6821
:1036D00018680122414607F097FD6368186830308A
:1036E00007F05AFD2000FBF7D3FF207E03B0F0BCAB
:1036F000BB46B246A946A046F0BD614A6148624950
:1037000000F01CFD614A6248624900F017FD6368E1
:103710005A68511CE2D001239340D0221206536113
:1037200001AB9846FF2342461370EFF7C7FAFA221F
:1037300000239200EFF72EFF022605004F4F0AE00C
:10374000EFF7BCFAFA2200239200EFF723FF3B6960
:10375000401B9842BAD263681B681868C3681E424F
:10376000EED0B6E7637E022B00D032E7019B1B054B
:103770001B0DAB4200D12CE704236376C2E752460F
:10378000019B13408022914660E76B6801369E42A0
:1037900000D276E78023019099465AE763680122B8
:1037A0001B684146186807F02FFDFBE68022920057
:1037B00091464BE74F46002F00D09FE1019E002E1F
:1037C00000D069E1637E022B00D1A5E1012363767D
:1037D00020002968FEF756FA002893D06B68002B6A
:1037E00018D0002237212000FEF7A0FA2968200017
:1037F000FEF748FA00222A212000FEF797FAFF2858
:1038000000D199E11E23034200D07BE742330342FB
:1038100000D077E7637E032B40D0CC211E4A1C48A2
:10382000C90000F08BFC63685A68511C00D155E751
:1038300001239340D02212065361FF2342461370A6
:10384000EFF73CFAFA2200239200EFF7A3FE0227DB
:1038500006000BE0EFF732FAFA2200239200EFF7AE
:1038600099FE2B69801B984200D32FE763681B6881
:103870001868C3681F42EDD02BE7C0462C380020E3
:1038800088BD011010CF011082050000DCBD0110C1
:1038900020CF01105A060000F8BD0110200000F0F2
:1038A000E9F92000FEF758FEE063002800D1BFE0F0
:1038B00020002968FEF7E6F900280ED06B68002684
:1038C000002B37D000220A212000FEF72FFAFF2814
:1038D00000D11BE17E2303422CD063685A68511C3F
:1038E00000D1FBE601239340D02212065361FF234F
:1038F00042461370EFF7E2F9FA2200239200EFF745
:1039000049FE022706000BE0EFF7D8F9FA22002360
:103910009200EFF73FFE2B69801B984200D3D5E65B
:1039200063681B681868C3681F42EDD0D1E60222A5
:1039300091468BE62100102220002A31FEF740FC40
:10394000002800D0B0E020002968FEF79BF900288D
:1039500044D06B680026002B0AD080221021200062
:103960009200FEF7E3F9FF2834D07E23034235D1DD
:103970000123227E9A43227662685168481C27D030
:10398000D0228B4012065361FF2342461370EFF79B
:1039900095F9FA2200239200EFF7FCFD02270600BA
:1039A0000BE0EFF78BF9FA2200239200EFF7F2FD1C
:1039B0002B69801B984200D3C4E063681B681868B9
:1039C000C3681F42EDD00122414607F01DFC62682A
:1039D000106884E66B6801369E42BED363685A68FD
:1039E000511C00D17AE601239340D0221206536184
:1039F000FF2342461370EFF761F9FA220023920089
:103A0000EFF7C8FD022706000BE0EFF757F9FA229F
:103A100000239200EFF7BEFD2B69801B984200D374
:103A200054E663681B681868C3681F42EDD050E60F
:103A300063685A68511C00D150E601239340D0229C
:103A400012065361FF2342461370EFF737F9FA224B
:103A500000239200EFF79EFD022706000BE0EFF730
:103A60002DF9FA2200239200EFF794FD2B69801BB9
:103A7000984200D32AE663681B681868C3681F422F
:103A8000EDD026E601239C466B68E144994500D2BF
:103A9000ADE5B6E5019391E604232C4A2C49637603
:103AA0002C4800F04BFBB5E663685A68511C00D106
:103AB00014E601239340D02212065361FF234246AD
:103AC0001370EFF7FBF8FA2200239200EFF762FD84
:103AD000022706000BE0EFF7F1F8FA22002392002C
:103AE000EFF758FD2B69801B984200D3EEE5636821
:103AF0001B681868C3681F42EDD0EAE50423134A27
:103B000013496376134800F019FBFBE56B68013637
:103B10009E4200D2D6E6E0E6434600223A2120004B
:103B2000FEF72EFE002800D052E6019B5B0000D479
:103B30004EE6032363764BE66B6801369E4200D265
:103B40004FE6DFE563681B6818683CE7C0BD0110FD
:103B5000B205000010CF0110F0B5CE464746040074
:103B600080B5436883B01868303007F0B5FA20009C
:103B7000FEF770FA636880465A68511C2BD0012307
:103B80009340D0221206536107236B449946FF23CA
:103B90004A461370EFF792F8FA2200239200EFF7EB
:103BA000F9FC02260500134F0AE0EFF787F8FA2226
:103BB00000239200EFF7EEFC3A69401B904214D2CA
:103BC00063681B681868C3681E42EED0012249462C
:103BD00007F01AFB63681868303007F0DDFA4046DA
:103BE00003B0C0BCB946B046F0BD63681B68186836
:103BF000ECE7C0462C380020B022174B920010B5DD
:103C00008350164B04328350154B04328350154BAE
:103C1000103A8350144B04328350144B10328350AB
:103C2000134B04328350436804005868431C0DD082
:103C3000EEF7D0F801236168D0224868120683406D
:103C40005361536253610B7A002B00D110BD497A46
:103C5000EEF7AEF8FAE7C0467D320110E12D011013
:103C6000ED2B01100D3501102D1C011071260110D6
:103C7000B11E0110436810B51B6819691868F4F784
:103C8000D1FA10BD436810B51B6802491868F4F7F3
:103C9000C9FA10BD801A060070B5436804005A685E
:103CA00084B0531C2CD00123D021934009064E68C8
:103CB0000A224B6101A8FF211E40F0F7F7F9EEF749
:103CC000FDFFFA2200239200EFF764FC0500636811
:103CD0000022186801A90A2307F016FAEEF7EEFF92
:103CE000FA2200239200EFF755FC8542EFD063687B
:103CF0005A6801239340D0221206002E02D053614D
:103D000004B070BD9361FBE7BFF34F8F034B044AD0
:103D1000DA60BFF34F8FC046FDE7C04600ED00E01C
:103D20000400FA050100002310B5054C7431027837
:103D30005B0053400130E35C8142F8D1180010BDB4
:103D400034E1011070B50500134C002178222000E9
:103D5000F0F7ACF9114B20002360114B1A685B6837
:103D6000A260E3602B6823616B686361AB68A36149
:103D7000EB68E3612B6923626B696362AB69A362E1
:103D8000EB69E362FFF7CEFF7423E054BFF34F8F7C
:103D900000BEFFF7B9FFC046C0000020BEBAFECA91
:103DA0009043002004207146084202D0EFF30980BE
:103DB00001E0EFF308804169C4E7C046F0B54E4624
:103DC000DE4657464546E0B5060083B0002800D1E0
:103DD000E5E0002900D1E4E00725284200D1E2E037
:103DE0000400764F002002E001342E4212D02278E7
:103DF000030A53405B000202F85A92B201390136BD
:103E000050400029F0D103B0F0BCBB46B246A946F1
:103E1000A046F0BD0F00AF43B8460D40AB4643BAD5
:103E20009BB2B044CA08002A5CD03000FF24D60000
:103E3000821963490192476802683D06A9464E46C9
:103E40005A40150A35433E04B146E026F600B44612
:103E50003E0E7600B2461300C0262340F6006344AF
:103E6000B44656465B008E5BCB5A254073404E46A7
:103E700065446D004D5B08306B40150C3543120EE8
:103E80003E0232438026F600B4460136FF36224019
:103E90006244B4463E002640B246C026B6005644B0
:103EA00076008E5B25406544B44680266D004D5BF0
:103EB00052008A5A6B405A403B0CB6002340B14630
:103EC0000133FF335B003D0ACF5A634625404D4422
:103ED0006D004D5B5340019A6B407B408242AAD1FA
:103EE0005BBA98B25B46002B00D18CE743461B7847
:103EF000010A324A4B405B009B5A000258405B4625
:103F000080B2012B00D17EE743465B78010A4B402B
:103F10005B009B5A000280B258405B46022B00D1E6
:103F200071E743469B78010A4B405B009B5A0002B5
:103F300080B258405B46032B00D164E74346DB78F0
:103F4000010A4B405B009B5A000280B258405B461E
:103F5000042B00D157E743461B79010A4B405B0015
:103F60009B5A000280B258405B46052B00D14AE7BD
:103F700043465B79010A4B405B009B5A000280B2CA
:103F800058405B46062B00D13DE743469B79010A2A
:103F90004B405B009B5A000280B2584033E709480F
:103FA00031E700202FE70F00AF43B8460D40002354
:103FB0000020AB46CA08B04435E7C04634DF0110E4
:103FC00034CF0110FFFF000010B5FFF7F7FE10BD62
:103FD000132803D8024B8000C05870470148FCE703
:103FE00034E2011028BE011010B5ECF74BF9041EA5
:103FF00003D0FBF753FB207E10BD0420FCE7C04636
:1040000070B50400FBF77CFB002814D02000ECF70F
:1040100039F9051E11D02000ECF734F9041E04D044
:10402000FBF73CFB207E830704D4AE239B002800D3
:10403000EB58984770BD0320FCE70420FAE7C04620
:1040400070B50C001500ECF71DF900280ED0B12357
:104050009B00C6582A002100049BB047202809D89D
:104060000B4B80001B589F46012070BD0420FCE7CD
:104070000220FAE7074B40381840431E98410123BD
:10408000404298430330F0E70320EEE70020ECE7DE
:1040900084E20110BFFF000070B50C001500ECF7C2
:1040A000F1F800280ED0B0239B00C6582A0021004A
:1040B000049BB047202809D80B4B80001B589F4613
:1040C000012070BD0420FCE70220FAE7074B4038CE
:1040D0001840431E98410123404298430330F0E7C3
:1040E0000320EEE70020ECE708E30110BFFF00002B
:1040F00070B50C001500ECF7C5F800280ED0012CA7
:104100000ED0032C07D0002C08D1B2239B00C3583B
:104110009847002070BD01232B60FAE70420F9E7DF
:10412000B3239B00C3589847002328606B60434229
:104130005841C0B2EEE7C0467047C0460CB470B5F7
:104140008025C2B046AC40CC6D002A00002102A8F8
:10415000EFF7ACFF23003200290002A80194F1F729
:104160004FFB040002A8FFF7E7FF200042B070BC3D
:1041700008BC02B01847C04600B58FB000F0D0F9B7
:1041800003000020002B26D0684600F0A7F96846FF
:1041900005A904F0CFFAF822089B52031B04134030
:1041A000FC220A98D200503840061843079BDB06D1
:1041B0001B0C1843069B5B011340059A1843D30F51
:1041C0009B18F0229B06DB0E1843099B5204013317
:1041D0005B05134018430FB000BDC04610B5034B3C
:1041E00001001800024AEDF763FE10BDC45701201C
:1041F00034C1011010B5064B064C82B0010000938B
:1042000000220B232000EDF775FE02B010BDC04662
:1042100058C10110C45701207047C04610B50A4B61
:104220000A4AC418240DA40082B000920848220053
:10423000E31CEDF75FFE844202DC001B02B010BD00
:1042400001204042FAE7C0460000E0AF78C101100B
:10425000404B0020F0B55746DE464E464546884660
:10426000E0B583B006000524EDF70CFE4346844616
:104270001C571879364B374AF3181B0D9B00924692
:10428000D75801228240013A002C42DB2021250030
:10429000091A8C423AD81100A1400F4236D141464A
:1042A000096889464146897900294DD1AA4093463B
:1042B0003A423FD18021890100228846002816D049
:1042C0006146A44634004E469946030001915100D0
:1042D000705A404500D240195119123189000132FB
:1042E00008519342F3D8019B64469C464B465A467C
:1042F00017435246D7506046EDF7D0FD200003B07B
:10430000F0BCBB46B246A946A046F0BD01246442BB
:10431000F1E72024241A251E0CDB1100A1408B4656
:10432000394205D109E01100A14025000F42B6D065
:10433000013CF8D209246442DDE742461268914606
:1043400042469279002AB5D014246442D3E7C0468D
:104350000000E0AF284A002010B50400EDF792FD00
:104360000021084B084AE3181B0D9B0099500023BD
:104370001A001232920013510133202BF8D1EDF7BD
:104380008DFD10BD0000E0AF284A0020F0B54E467C
:104390004546DE465746E0B583B089460CA98446BB
:1043A0000D781F2A45D84946490088464944C90026
:1043B000461837003400DC373868CC348346206830
:1043C000310001901C4880248246A40251440C60B4
:1043D00069424D411E216D428D4318498A4655441C
:1043E000052B0CD9A0201F214005D83654010443C9
:1043F0000532053B3C600A403560052BF6D852017A
:104400009B06134342464A44D20062441000DC3209
:1044100013600300D8331D605B461360019BCC30F2
:104420000360002003B0F0BCBB46B246A946A046DC
:10443000F0BD05204042F5E7CC3000009FE00000D1
:10444000F0B501258D400468AC430460002B2ED0EC
:104450004D006C18E400041926001F68C836376048
:104460009F68043677605F68DB68DC343760236000
:104470006B18184DDB00AC468025C41864442D062B
:1044800025602560144C0D1D8C408460012426009D
:10449000AE40802508318C401F21AD014519C01860
:1044A0000A40D8302E602C6002600020F0BD4D0024
:1044B0006C18E400041926008027C8367F02376094
:1044C000C0273F03B760F82704367F02DC3437602B
:1044D0002360CDE7D01000000101010170B592B05A
:1044E0006C4609AD06002800EEF7C4FF2100280045
:1044F000EEF736FC21002B0015C915C315C915C3ED
:1045000015C915C32800EEF727FC002330600840CA
:104510000130B360431E9841C0B2716012B070BDEB
:1045200010B5EEF783FF10BD10B50520EEF722FDA4
:10453000014B186010BDC0464C47002088230A4A32
:104540000A49D1500A4B1A6883001B185B04534078
:104550001B0C084A1B041360074B1A680123934382
:10456000064A13607047C04600000540102700004F
:10457000840005408410054078000540781005400F
:1045800070B5634C2378522B00D18CE0072800D9FA
:104590006DE0604B42009E5C5F4B9D5C032800D940
:1045A000B1E0F021A022490052005C4B1871598003
:1045B000082000211A8002F0C3FC0021092002F02B
:1045C000BFFCB62002F016FD0121092002F0B8FC64
:1045D000237801210820522B5ED002F0B1FC092083
:1045E000002102F0ADFC002002F004FD002002F0EA
:1045F00001FD0121092002F0A3FC237801210820FC
:10460000522B42D002F09CFC0920002102F098FCC1
:10461000002002F0EFFC300002F0ECFC0121092048
:1046200002F08EFC0021082002F08AFC0021092003
:1046300002F086FC362002F0DDFC0121092002F0A8
:104640007FFC237801210820522B17D002F078FC40
:104650000920002102F074FC002002F0CBFC2800AD
:1046600002F0C8FC0121092002F06AFC70BDA02103
:10467000F022002600254900520096E702F060FC77
:104680000021092002F05CFCE9E702F059FC00215E
:10469000092002F055FCBEE702F052FC002109207F
:1046A00002F04EFCA2E71D4B1D4A187100210820A4
:1046B0001A6002F045FC0021092002F041FC36207E
:1046C00002F098FC0121092002F03AFC2378012134
:1046D0000820522B10D002F033FC0920002102F0F8
:1046E0002FFC002002F086FC002002F083FC012158
:1046F000092002F025FCB9E702F022FC0021092084
:1047000002F01EFCF0E7A021F022490052004CE725
:10471000CC5701208CE301109CE30110645601206A
:10472000F0004001F0B5050083B00F200E0001211C
:1047300002F006FCFA20400002F07EFC00210F206F
:1047400002F0FEFBFA20400002F076FC01210F206F
:1047500002F0F6FBFA20400002F06EFC6B469F1D53
:104760000023002109203B7002F0EAFB0021082011
:1047700002F0E6FBDC2002F03DFC6B46DC1D220073
:1047800001233900F44806F01FFD0121092002F041
:10479000D7FB2378F14C002108202370522B01D144
:1047A00000F026FC02F0CCFB0021092002F0C8FB3F
:1047B000212002F01FFC0121092002F0C1FB002191
:1047C000082002F0BDFB0021092002F0B9FBC22045
:1047D00002F010FC0121092002F0B2FB2378012134
:1047E0000820522B01D100F0EFFB02F0A9FB0920B9
:1047F000002102F0A5FB002002F0FCFB332002F0B8
:10480000F9FB0121092002F09BFB0021082002F0A6
:1048100097FB0021092002F093FBC52002F0EAFB80
:104820000121092002F08CFB237801210820522B62
:1048300001D101F0ECF802F083FB0920002102F025
:104840007FFB002002F0D6FB002002F0D3FB012109
:10485000092002F075FB237801210820522B01D199
:1048600001F0CDF802F06CFB0920002102F068FB9A
:10487000002002F0BFFB1E2002F0BCFB012109203A
:1048800002F05EFB237801210820522B01D101F0B8
:10489000DEF802F055FB0920002102F051FB002058
:1048A00002F0A8FB802002F0A5FB0121092002F004
:1048B00047FB0021082002F043FB0021092002F001
:1048C0003FFBB12002F096FB0121092002F038FBEA
:1048D000237801210820522B01D101F0B0F802F019
:1048E0002FFB0920002102F02BFB002002F082FBAD
:1048F000B02002F07FFB0121092002F021FB002102
:10490000082002F01DFB0021092002F019FB3620CF
:1049100002F070FB0121092002F012FB2378012133
:104920000820522B01D101F082F802F009FB092086
:10493000002102F005FB002002F05CFB282002F0C1
:1049400059FB0121092002F0FBFA0021082002F0A6
:10495000F7FA0021092002F0F3FAE02002F04AFB06
:104960000121092002F0ECFA237801210820522BC2
:1049700001D101F054F802F0E3FA0920002102F01D
:10498000DFFA002002F036FB002002F033FB0121A9
:10499000092002F0D5FA237801210820522B01D1F9
:1049A00001F095F802F0CCFA0920002102F0C8FAD3
:1049B000002002F01FFB132002F01CFB0121092044
:1049C00002F0BEFA237801210820522B01D101F018
:1049D00076F802F0B5FA0920002102F0B1FA0020C1
:1049E00002F008FB182002F005FB0121092002F06B
:1049F000A7FA237801210820522B01D101F057F8A2
:104A000002F09EFA0920002102F09AFA002002F03A
:104A1000F1FA042002F0EEFA0121092002F090FAE6
:104A2000237801210820522B01D101F038F802F03F
:104A300087FA0920002102F083FA002002F0DAFA56
:104A40000F2002F0D7FA0121092002F079FA237829
:104A500001210820522B01D101F019F802F070FA5F
:104A60000920002102F06CFA002002F0C3FA0620AF
:104A700002F0C0FA0121092002F062FA2378012134
:104A80000820522B01D100F0FAFF02F059FA092058
:104A9000002102F055FA002002F0ACFA3A2002F0B0
:104AA000A9FA0121092002F04BFA237801210820FC
:104AB000522B01D100F0DBFF02F042FA0920002165
:104AC00002F03EFA002002F095FA562002F092FA27
:104AD0000121092002F034FA237801210820522B09
:104AE00001D100F0BCFF02F02BFA0920002102F0F6
:104AF00027FA002002F07EFA4D2002F07BFA012115
:104B0000092002F01DFA237801210820522B01D13F
:104B100001F05DF802F014FA0920002102F010FA09
:104B2000002002F067FA032002F064FA0121092054
:104B300002F006FA237801210820522B01D101F05E
:104B40003EF802F0FDF90920002102F0F9F90020F9
:104B500002F050FA04E0C04600000440CC570120A7
:104B60000A2002F047FA0121092002F0E9F923782E
:104B700001210820522B01D101F019F802F0E0F9CF
:104B80000920002102F0DCF9002002F033FA0620AF
:104B900002F030FA0121092002F0D2F92378012134
:104BA0000820522B01D100F0FAFF02F0C9F90920C8
:104BB000002102F0C5F9002002F01CFA302002F0BA
:104BC00019FA0121092002F0BBF9237801210820FC
:104BD000522B01D100F0DBFF02F0B2F909200021D5
:104BE00002F0AEF9002002F005FA3E2002F002FACF
:104BF0000121092002F0A4F9237801210820522B79
:104C000001D100F0BCFF02F09BF90920002102F065
:104C100097F9002002F0EEF90F2002F0EBF90121E4
:104C2000092002F08DF90021082002F089F9002105
:104C3000092002F085F9E12002F0DCF901210920C8
:104C400002F07EF9237801210820522B01D100F0D7
:104C50008EFF02F075F90920002102F071F90020A1
:104C600002F0C8F9002002F0C5F90121092002F084
:104C700067F9237801210820522B01D100F06FFF42
:104C800002F05EF90920002102F05AF9002002F03A
:104C9000B1F9132002F0AEF90121092002F050F918
:104CA000237801210820522B01D100F050FF02F09F
:104CB00047F90920002102F043F9002002F09AF997
:104CC000182002F097F90121092002F039F9237820
:104CD00001210820522B01D100F031FF02F030F900
:104CE0000920002102F02CF9002002F083F90120B4
:104CF00002F080F90121092002F022F92378012134
:104D00000820522B01D100F012FF02F019F90920FE
:104D1000002102F015F9002002F06CF9112002F0D8
:104D200069F90121092002F00BF9237801210820FB
:104D3000522B01D100F0F3FE02F002F9092000210C
:104D400002F0FEF8002002F055F9062002F052F9B8
:104D50000121092002F0F4F8237801210820522BC8
:104D600001D100F0D4FE02F0EBF80920002102F09E
:104D7000E7F8002002F03EF9382002F03BF901216B
:104D8000092002F0DDF8237801210820522B01D1FF
:104D900000F0B5FE02F0D4F80920002102F0D0F8AE
:104DA000002002F027F9342002F024F90121092023
:104DB00002F0C6F8237801210820522B01D100F01F
:104DC00096FE02F0BDF80920002102F0B9F800209B
:104DD00002F010F94D2002F00DF90121092002F036
:104DE000AFF8237801210820522B01D100F077FE83
:104DF00002F0A6F80920002102F0A2F8002002F03B
:104E0000F9F8062002F0F6F80121092002F098F8DE
:104E1000237801210820522B01D100F0D8FD02F0A7
:104E20008FF80920002102F08BF8002002F0E2F850
:104E30000D2002F0DFF80121092002F081F823782B
:104E400001210820522B01D100F0B9FD02F078F8C1
:104E50000920002102F074F8002002F0CBF80B20AA
:104E600002F0C8F80121092002F06AF82378012134
:104E70000820522B01D100F09AFD02F061F80920C0
:104E8000002102F05DF8002002F0B4F8312002F0B9
:104E9000B1F80121092002F053F8237801210820FC
:104EA000522B01D100F07BFD02F04AF809200021CD
:104EB00002F046F8002002F09DF8372002F09AF840
:104EC0000121092002F03CF8237801210820522B0F
:104ED00001D100F08CFD02F033F80920002102F02E
:104EE0002FF8002002F086F80F2002F083F801214D
:104EF000092002F025F80021082002F021F8002105
:104F0000092002F01DF83A2002F074F8012109206E
:104F100002F016F8237801210820522B01D100F06D
:104F20005EFD02F00DF80920002102F009F80020D2
:104F300002F060F8552002F05DF80121092001F02F
:104F4000FFFF0021082001F0FBFF0021092001F0F4
:104F5000F7FF112002F04EF80920012101F0F0FFC7
:104F6000782002F069F80021082001F0E9FF002113
:104F7000092001F0E5FF292002F03CF80121092079
:104F800001F0DEFF8823144A1449D150144B321C1F
:104F90001968FA239B009E4200D91A1C93009B18A3
:104FA0005B044B400F4A1B0C1B0413600E4B280084
:104FB0001A68012393430D4A1360FFF7E1FAC820F2
:104FC00002F03AF803B0F0BD01F0BAFF0021092069
:104FD00001F0B6FFFFF712FC0000054010270000AB
:104FE0008400054084100540780005407810054095
:104FF00001F0A6FF0021092001F0A2FF112001F01D
:10500000F9FF0121092001F09BFF642002F014F850
:105010000021082001F094FF0021092001F090FFF9
:10502000362001F0E7FF0121092001F089FF2378F4
:1050300001210820522B01D100F0D1FD01F080FFA9
:105040000920002101F07CFF002001F0D3FF0020A7
:1050500001F0D0FF0121092001F072FF002108209A
:1050600001F06EFF0021092001F06AFF3A2001F0F3
:10507000C1FF0121092001F063FF237801210820ED
:10508000522B01D100F0F3FE01F05AFF092000215C
:1050900001F056FF002001F0ADFF552001F0AAFFFE
:1050A0000121092001F04CFF0021082001F048FFF8
:1050B0000021092001F044FFB22001F09BFF0121F3
:1050C000092001F03DFF237801210820522B01D156
:1050D00000F0C5FE01F034FF0920002101F030FF8F
:1050E000002001F087FF0C2001F084FF012109203E
:1050F00001F026FF237801210820522B01D100F076
:10510000A6FE01F01DFF0920002101F019FF00207B
:1051100001F070FF0C2001F06DFF0121092001F06A
:105120000FFF237801210820522B01D100F087FEC8
:1051300001F006FF0920002101F002FF002001F02C
:1051400059FF002001F056FF0121092001F0F8FE6F
:10515000237801210820522B01D100F068FE01F0D4
:10516000EFFE0920002101F0EBFE002001F042FFDC
:10517000332001F03FFF0121092001F0E1FE2378F7
:1051800001210820522B01D100F049FE01F0D8FE88
:105190000920002101F0D4FE002001F02BFF332074
:1051A00001F028FF0121092001F0CAFE002108209A
:1051B00001F0C6FE0021092001F0C2FEB72001F077
:1051C00019FF0121092001F0BBFE237801210820ED
:1051D000522B01D100F01BFE01F0B2FE092000218C
:1051E00001F0AEFE002001F005FF352001F002FFC6
:1051F0000121092001F0A4FE0021082001F0A0FEF9
:105200000021092001F09CFEBB2001F0F3FE0121EA
:10521000092001F095FE237801210820522B01D1AD
:1052200000F0EDFD01F08CFE0920002101F088FE68
:10523000002001F0DFFE282001F0DCFE0121092022
:1052400001F07EFE0021082001F07AFE00210920F5
:1052500001F076FEC02001F0CDFE0121092001F011
:105260006FFE237801210820522B01D100F0BFFDF1
:1052700001F066FE0920002101F062FE002001F02D
:10528000B9FE3C2001F0B6FE0121092001F058FED4
:105290000021082001F054FE0021092001F050FEF9
:1052A000C22001F0A7FE0121092001F049FE237868
:1052B00001210820522B01D100F091FD01F040FEA8
:1052C0000920002101F03CFE002001F093FE0120A6
:1052D00001F090FE0121092001F032FE002108209A
:1052E00001F02EFE0021092001F02AFEC32001F06A
:1052F00081FE0121092001F023FE237801210820ED
:10530000522B01D100F063FD01F01AFE09200021AB
:1053100001F016FE002001F06DFE0B2001F06AFE88
:105320000121092001F00CFE0021082001F008FEF7
:105330000021092001F004FEC42001F05BFE0121E0
:10534000092001F0FDFD237801210820522B01D115
:1053500000F035FD01F0F4FD0920002101F0F0FD21
:10536000002001F047FE202001F044FE0121092029
:1053700001F0E6FD0021082001F0E2FD00210920F6
:1053800001F0DEFDC62001F035FE0121092001F00B
:10539000D7FD237801210820522B01D100F007FD11
:1053A00001F0CEFD0920002101F0CAFD002001F02E
:1053B00021FE0F2001F01EFE0121092001F0C0FD99
:1053C0000021082001F0BCFD0021092001F0B8FDFA
:1053D000D02001F00FFE0121092001F0B1FD23785A
:1053E00001210820522B01D100F0D9FC01F0A8FDC9
:1053F0000920002101F0A4FD002001F0FBFDA42004
:1054000001F0F8FD0121092001F09AFD2378012126
:105410000820522B01D100F0BAFC01F091FD0920C7
:10542000002101F08DFD002001F0E4FDA12001F03C
:10543000E1FD0121092001F083FD0021082001F098
:105440007FFD0021092001F07BFDE02001F0D2FD6D
:105450000121092001F074FD237801210820522B3D
:1054600001D100F08CFC01F06BFD0920002101F05E
:1054700067FD002001F0BEFDD02001F0BBFD012141
:10548000092001F05DFD237801210820522B01D174
:1054900000F06DFC01F054FD0920002101F050FDE9
:1054A000002001F0A7FD012001F0A4FD0121092049
:1054B00001F046FD237801210820522B01D100F094
:1054C0004EFC01F03DFD0920002101F039FD0020D6
:1054D00001F090FD082001F08DFD0121092001F06F
:1054E0002FFD237801210820522B01D100F02FFC41
:1054F00001F026FD0920002101F022FD002001F02D
:1055000079FD0F2001F076FD0121092001F018FD41
:10551000237801210820522B01D100F010FC01F06A
:105520000FFD0920002101F00BFD002001F062FDBC
:10553000112001F05FFD0121092001F001FD237818
:1055400001210820522B00D1F2E301F0F9FC0920DF
:10555000002101F0F5FC002001F04CFD2A2001F0B3
:1055600049FD0121092001F0EBFC237801210820ED
:10557000522B00D1D5E301F0E3FC0920002101F01A
:10558000DFFC002001F036FD362001F033FD012163
:10559000092001F0D5FC237801210820522B00D1ED
:1055A000B8E301F0CDFC0920002101F0C9FC002086
:1055B00001F020FD552001F01DFD0121092001F021
:1055C000BFFC237801210820522B00D19BE301F07E
:1055D000B7FC0920002101F0B3FC002001F00AFD16
:1055E000442001F007FD0121092001F0A9FC2378E6
:1055F00001210820522B00D17EE301F0A1FC0920FB
:10560000002101F09DFC002001F0F4FC3A2001F0A3
:10561000F1FC0121092001F093FC237801210820ED
:10562000522B00D161E301F08BFC0920002101F035
:1056300087FC002001F0DEFC0B2001F0DBFC0121E7
:10564000092001F07DFC237801210820522B00D194
:1056500044E301F075FC0920002101F071FC0020F9
:1056600001F0C8FC062001F0C5FC0121092001F071
:1056700067FC237801210820522B00D127E301F099
:105680005FFC0920002101F05BFC002001F0B2FC6E
:10569000112001F0AFFC0121092001F051FC237819
:1056A00001210820522B00D10AE301F049FC092016
:1056B000002101F045FC002001F09CFC202001F0BD
:1056C00099FC0121092001F03BFC0021082001F098
:1056D00037FC0021092001F033FCE12001F08AFCB5
:1056E0000121092001F02CFC237801210820522BF4
:1056F00000D1DEE201F024FC0920002101F020FCB1
:10570000002001F077FCD02001F074FC0121092079
:1057100001F016FC237801210820522B00D1C1E2B0
:1057200001F00EFC0920002101F00AFC002001F02C
:1057300061FC022001F05EFC0121092001F000FC67
:10574000237801210820522B00D1A4E201F0F8FBBC
:105750000920002101F0F4FB002001F04BFC0720A0
:1057600001F048FC0121092001F0EAFB2378012126
:105770000820522B00D187E201F0E2FB0920002132
:1057800001F0DEFB002001F035FC0A2001F032FCC4
:105790000121092001F0D4FB237801210820522B9C
:1057A00000D16AE201F0CCFB0920002101F0C8FB26
:1057B000002001F01FFC0B2001F01CFC012109203E
:1057C00001F0BEFB237801210820522B00D14DE2CD
:1057D00001F0B6FB0920002101F0B2FB002001F02E
:1057E00009FC182001F006FC0121092001F0A8FBAA
:1057F000237801210820522B00D130E201F0A0FBD8
:105800000920002101F09CFB002001F0F3FB342073
:1058100001F0F0FB0121092001F092FB2378012126
:105820000820522B00D113E201F08AFB092000214D
:1058300001F086FB002001F0DDFB432001F0DAFBE4
:105840000121092001F07CFB237801210820522B43
:1058500000D1F6E101F074FB0920002101F070FB9A
:10586000002001F0C7FB4A2001F0C4FB0121092000
:1058700001F066FB237801210820522B00D1D9E1E9
:1058800001F05EFB0920002101F05AFB002001F02D
:10589000B1FB2B2001F0AEFB0121092001F050FBF0
:1058A000237801210820522B00D1BCE101F048FBF4
:1058B0000920002101F044FB002001F09BFB1B208C
:1058C00001F098FB0121092001F03AFB2378012126
:1058D0000820522B00D19FE101F032FB092000216A
:1058E00001F02EFB002001F085FB1C2001F082FB63
:1058F0000121092001F024FB237801210820522BEB
:1059000000D182E101F01CFB0920002101F018FB0D
:10591000002001F06FFB222001F06CFB0121092027
:1059200001F00EFB237801210820522B00D165E104
:1059300001F006FB0920002101F002FB002001F02C
:1059400059FB1F2001F056FB0121092001F0F8FA54
:105950000021082001F0F4FA0021092001F0F0FAFA
:10596000552001F047FB0121092001F0E9FA2378D5
:1059700001210820522B00D139E101F0E1FA092080
:10598000002101F0DDFA002001F034FBB02001F02D
:1059900031FB0121092001F0D3FAFFF7E4FA01F00D
:1059A000CFFA0021092001F0CBFAFFF786FA01F0C7
:1059B000C7FA0021092001F0C3FAFFF767FA01F0E6
:1059C000BFFA0021092001F0BBFAFFF748FA01F005
:1059D000B7FA0021092001F0B3FAFFF729FA01F024
:1059E000AFFA0021092001F0ABFAFFF7A3FA01F0AA
:1059F000A7FA0021092001F0A3FAFFF775FA01F0D8
:105A00009FFA0021092001F09BFAFEF734FF01F014
:105A100097FA0021092001F093FAFEF715FF01F033
:105A20008FFA0021092001F08BFAFEF7ADFF01F09B
:105A300087FA0021092001F083FAFEF77FFF01F0C9
:105A40007FFA0021092001F07BFAFEF751FF01F0F7
:105A500077FA0021092001F073FAFEF723FF01F025
:105A60006FFA0021092001F06BFAFFF745F801F009
:105A700067FA0021092001F063FAFFF726F801F028
:105A80005FFA0021092001F05BFAFFF707F801F047
:105A900057FA0021092001F053FAFEF7E8FF01F060
:105AA0004FFA0021092001F04BFAFEF7C9FF01F07F
:105AB00047FA0021092001F043FAFEF7AAFF01F09E
:105AC0003FFA0021092001F03BFAFEF78BFF01F0BD
:105AD00037FA0021092001F033FAFEF76CFF01F0DC
:105AE0002FFA0021092001F02BFAFFF78AF901F0C3
:105AF00027FA0021092001F023FAFFF76BF901F0E2
:105B00001FFA0021092001F01BFAFFF74CF901F000
:105B100017FA0021092001F013FAFFF72DF901F01F
:105B20000FFA0021092001F00BFAFFF70EF901F03E
:105B300007FA0021092001F003FAFFF7EFF801F05E
:105B4000FFF90021092001F0FBF9FFF7D0F801F07F
:105B5000F7F90021092001F0F3F9FFF7B1F801F09E
:105B6000EFF90021092001F0EBF9FFF792F801F0BD
:105B7000E7F90021092001F0E3F9FFF773F801F0DC
:105B8000DFF90021092001F0DBF9FFF745F801F00A
:105B9000D7F90021092001F0D3F9FFF726F801F029
:105BA000CFF90021092001F0CBF9FFF707F801F048
:105BB000C7F90021092001F0C3F9FEF7E8FF01F061
:105BC000BFF90021092001F0BBF9FEF7C9FF01F080
:105BD000B7F90021092001F0B3F9FEF7A4FF01F0A5
:105BE000AFF90021092001F0ABF9FFF730FA01F01D
:105BF000A7F90021092001F0A3F9C7E601F0A0F9F7
:105C00000021092001F09CF99BE601F099F900219F
:105C1000092001F095F97EE601F092F900210920B2
:105C200001F08EF961E601F08BF90021092001F005
:105C300087F944E601F084F90021092001F080F998
:105C400027E601F07DF90021092001F079F90AE643
:105C500001F076F90021092001F072F9EDE501F07B
:105C60006FF90021092001F06BF9D0E501F068F926
:105C70000021092001F064F9B3E501F061F9002188
:105C8000092001F05DF996E501F05AF9002109209B
:105C900001F056F979E501F053F90021092001F0EE
:105CA0004FF95CE501F04CF90021092001F048F9B9
:105CB0003FE501F045F90021092001F041F922E515
:105CC00001F03EF90021092001F03AF9F6E401F073
:105CD00037F90021092001F033F9D9E401F030F956
:105CE0000021092001F02CF9BCE401F029F9002180
:105CF000092001F025F99FE401F022F90021092093
:105D000001F01EF982E401F01BF90021092001F0E5
:105D100017F965E401F014F90021092001F010F9E8
:105D200048E401F00DF90021092001F009F92BE404
:105D300001F006F90021092001F002F90EE401F05A
:105D4000FFF80021092001F0FBF8FFF7F1FB01F05B
:105D5000F7F80021092001F0F3F8FFF7D2FB01F07A
:105D6000EFF80021092001F0EBF8FFF7B3FB01F099
:105D7000E7F80021092001F0E3F8FFF794FB01F0B8
:105D8000DFF80021092001F0DBF8FFF775FB01F0D7
:105D9000D7F80021092001F0D3F8FFF747FB01F005
:105DA000CFF80021092001F0CBF8FFF728FB01F024
:105DB000C7F80021092001F0C3F8FFF7FAFA01F053
:105DC000BFF80021092001F0BBF8FFF7CCFA01F081
:105DD000B7F80021092001F0B3F8FFF79EFA01F0AF
:105DE000AFF80021092001F0ABF8FFF770FA01F0DD
:105DF000A7F80021092001F0A3F8FFF742FA01F00B
:105E00009FF80021092001F09BF8FFF714FA01F038
:105E100097F80021092001F093F8FFF7E6F901F067
:105E20008FF80021092001F08BF8FFF7B8F901F095
:105E300087F80021092001F083F8FFF799F901F0B4
:105E40007FF80021092001F07BF8FFF77AF901F0D3
:105E500077F80021092001F073F8FFF75BF901F0F2
:105E60006FF80021092001F06BF8FFF73CF901F011
:105E700067F80021092001F063F8FFF70EF9C0462A
:105E8000F8B5CE464746804680B508200F00002171
:105E90001C00160001F054F80021092001F050F810
:105EA0002A2001F0A7F80121092001F049F8434612
:105EB0008C4D1B0A99462B7801210820522B00D1CA
:105EC000D8E001F03DF80920002101F039F8002068
:105ED00001F090F8484601F08DF80121092001F009
:105EE0002FF84346DBB298462B7801210820522B2D
:105EF00000D1F0E001F024F80920002101F020F8A1
:105F0000002001F077F8404601F074F8013E0121CD
:105F1000092001F015F833129846DBB299462B7828
:105F200001210820522B00D1CEE001F009F8092010
:105F3000002101F005F84346180E01F05BF84846D1
:105F400001F058F80121092000F0FAFF2B78012117
:105F50000820F6B2522B00D1AFE000F0F1FF09208B
:105F6000002100F0EDFF002001F044F8300001F0C6
:105F700041F80121092000F0E3FF0021082000F092
:105F8000DFFF0021092000F0DBFF2B2001F032F8B9
:105F90000121092000F0D4FF2B78012108203E0ABE
:105FA000522B00D182E000F0CBFF0920002100F04D
:105FB000C7FF002001F01EF8300001F01BF801219E
:105FC000092000F0BDFF2B7801210820FFB2522BE1
:105FD00065D000F0B5FF0920002100F0B1FF0020DE
:105FE00001F008F8380001F005F80121092000F05F
:105FF000A7FF013C2B78261201210820F7B2522B73
:1060000046D000F09DFF0920002100F099FF300EDE
:1060100000F0F0FF380000F0EDFF0121092000F052
:106020008FFF2B7801210820E4B2522B29D000F0F9
:1060300087FF0920002100F083FF002000F0DAFF35
:10604000200000F0D7FF0121092000F079FF002196
:10605000082000F075FF0021092000F071FF2C20BE
:1060600000F0C8FF0121092000F06AFFC0BCB9465A
:10607000B046F8BD00F064FF0021092000F060FF89
:1060800028E700F05DFF0021092000F059FFD7E765
:1060900000F056FF0021092000F052FFBAE700F09F
:1060A0004FFF0021092000F04BFF9BE700F048FF65
:1060B0000021092000F044FF7EE700F041FF0021AD
:1060C000092000F03DFF51E700F03AFF00210920D0
:1060D00000F036FF33E700F033FF0021092000F025
:1060E0002FFF10E7CC570120104B10B514001A8871
:1060F000824202D35B888B4200D210BD0B000200AB
:10610000FFF7BEFE0121082000F01AFF0021092040
:1061100000F016FF200A00F06DFFE0B200F06AFF09
:106120000121092000F00CFFE7E7C046645601207A
:10613000F0B5C64600B51C0006AB80460F00150042
:106140001E88824201D98C4202D880BCB846F0BD7C
:106150002300FFF795FE43460121ED1A0820E41BBA
:1061600000F0EEFEADB200210920A4B26C4300F0B5
:10617000E7FE0025370AF6B2380000F03BFF013594
:10618000300000F037FFAC42F6D10121092000F0C9
:10619000D7FEDAE7F8B5144B04001D88002D02D0B5
:1061A0005E88002E00D1F8BD33002A0000210020B7
:1061B000FFF766FE0121082000F0C2FE0021092041
:1061C0006E4300F0BDFE0025270AE4B2380000F05F
:1061D00011FF0135200000F00DFFAE42F6D1012184
:1061E000092000F0ADFEDEE764560120F0B5C6469A
:1061F00000B5070084B03B493B48F2F713F80E2383
:1062000001AD6B442E0098460021102000F098FE4E
:10621000380000F0EFFEC82000F012FF002000F070
:10622000FBFE0402002000F0F7FEA4B20443A4B277
:1062300001211020E40800F083FE3480C8200236DB
:1062400000F0FEFEB045DFD128492748F1F7EAFF0C
:106250002B886A88934201D92A806B802B88AA8870
:10626000934201D92A80AB802B88EA88934201D9D6
:106270002A80EB802B882A89934231D86B88AA88A0
:10628000934201D96A80AB806B88EA88934201D936
:106290006A80EB806B882A8993421ED8AB88EA8893
:1062A000934201D9AA80EB80AB882A89934201D915
:1062B000AA802B812B89EA889A4200D9EB80AB888F
:1062C00068880321C018EB88C01880B2EDF724F964
:1062D00080B204B080BCB846F0BD6A802B81DDE797
:1062E0002B81CBE7C0C62D000000044080A812011E
:1062F000014B1878C0B27047D1570120014B18707C
:106300007047C046D157012010B5294B82B01B7889
:10631000522B1BD0274B1A7E062A0CD0002A20D1E4
:10632000254A1A61254A5A61152252425A81123A67
:106330009A8102B010BD224A1A61224A5A61812212
:1063400092005A81162252429A81F2E7194B1E4A54
:106350001A611E4A5A61142252425A810E3A9A8197
:10636000E7E7032A0BD0052A13D1194A1A61194A03
:106370005A61194A5A81142252429A81D9E7174A1E
:106380001A61174A5A61162252425A81103A9A816A
:10639000CFE7144C2000FFF7FDFEF8210902019120
:1063A00000203C21104B114A009400F075FDC0E71D
:1063B000CC5701207056012010B3B73DEA060A3EC3
:1063C000239F07BE5950B83D3673883D0DDEB73D5B
:1063D000831808BE7826B43D050200005B25B83D51
:1063E000D05F083EFFFF0000643800209CC1011010
:1063F000F0B50024164E85B03000FFF7CBFE154FE8
:10640000154D38882B003C380021144A80B2019683
:10641000009400F041FD38882B0078380021104AA4
:1064200080B20196009400F037FD02219123BE2234
:1064300002915B006420019400945200303100F01E
:10644000ABFC0021074A0848EDF730FE05B0F0BD6F
:10645000FFFF00006456012064380020D8C10110FD
:10646000E0C1011080060100E44F0020F8B5CE46DF
:106470004746284D80B52B78002B3CD1264B9846BB
:106480001B68002B33D0254F3B68002B2FD08C216D
:10649000F02249002248EFF783FC386804F01CFE24
:1064A00043461E687068002801D0EDF7E7FD1D4BDC
:1064B000180033609946EDF7C3FD041E70601ED0CE
:1064C0004A461949EDF7F8FD31681848EFF768FCBE
:1064D000386804F061FE012315482B70F1F72AFF9C
:1064E0001448EFF7D5FBC0BCB946B046F8BD12481A
:1064F000EFF7CEFBF7E71148EFF7CAFBF3E74946A2
:106500000F48EFF74DFC43461B6838681C6004F0E9
:1065100043FEE8E7D1570120AC570120C84F0020C7
:1065200034C2011080060100E44F002078C201103F
:1065300001EFCDAB9CC2011008C20110E8C10110EF
:1065400058C20110F0B5DE4657464E464546E0B506
:10655000112085B000F0FEFC002800D02CE1D030E6
:10656000FFF744FE06009020FFF740FE07000A20D8
:1065700000F066FDD020FFF739FE04009020FFF701
:1065800035FE05000A2000F05BFDA64200D3BCE00A
:10659000330031339C4200DCBBE0C74CC74DC84ED2
:1065A000237A7F2B03D8C023237263682360C549F5
:1065B000C548F1F737FE338828881A003B3A8242F3
:1065C00003DC6A880F2A00D839E11A00773A904232
:1065D00006DB2732904203DA6A88172A00D87BE16B
:1065E0000023AB8003008B22643B9BB2520093429A
:1065F00000D985E069880B00323BEE2B00D97FE0A3
:10660000022300220093013B00F06EFB28888C22BD
:106610000300643B9BB269885200934200D228E198
:1066200002230130AA8880B20093013B00F05CFB9A
:1066300028888C220300633B9BB2698852009342F6
:1066400011D20A00323A93B2EF2B0CD89400A4185E
:10665000E2009E4B121BD2009B180122461CB6B2D0
:106660009B19643B1A7002230131AA8889B20093F6
:10667000013B00F039FB28888C2403006A88643BC6
:10668000511C9BB289B26400A3420FD2313AEF2A67
:106690000CD80A00323A9400A418E2008B4B121B6B
:1066A000D2009B1801221B18643B1A700223013090
:1066B000AA8880B20093013B00F016FB28888C2248
:1066C0000300633B9BB269885200934213D20B00D4
:1066D000313BEF2B0FD84A1C92B2323A9400A418E7
:1066E000E2007A4B121BD2009B180122461CB6B264
:1066F0009B19643B1A700223AA88009300F0F4FAF5
:1067000073497148F1F78EFD60E023003133B342E5
:106710006ADBAF4206D32B003133BB4207DAAF420C
:1067200000D03AE73B003133AB4200DA35E7A61937
:10673000614CE819236976104010A680E0809B46E2
:10674000EDF706FB80460A23E05EEDF701FB636987
:10675000824630009946EDF7FBFA071C0C23E05EF9
:10676000EDF7F6FA5B4B02901B78522B40D0257E5A
:10677000032D67D0002D3BD041465846EDF78DFAEA
:10678000391C80464846EDF788FA071C052D00D1D4
:1067900081E04B4E494D3088EDF7DAFA4146EDF78E
:1067A00062FA5146EDF75FFAEDF722FB2880708818
:1067B000EDF7CEFA391C39E008223F4B9A56197A88
:1067C000002A0DDB00221A60013A5A60FF2000F017
:1067D00011FC05B0F0BCBB46B246A946A046F0BDD0
:1067E0007F220A401A72F1E7A64200D0D5E6CFE632
:1067F000334E324D3088EDF7ABFA391C03905846D2
:10680000EDF74BFA011C0398EDF72DFA5146EDF721
:106810002AFAEDF7EDFA28807088EDF799FA4946E3
:10682000071C4046EDF739FA011C381CEDF71BFA3E
:106830000299EDF718FAEDF7DBFA6880B0E6FFF79A
:10684000D7FD5DE7391C5846EDF727FA5146EDF7BD
:106850000DFAEDF7CDFA194D494628804046EDF77F
:106860001CFA0299EDF702FAEDF7C2FA144E6880AD
:1068700096E60A00323A93B2EF2B00D9D0E69400A4
:10688000A418E200114B121BD2009B1801221B1806
:10689000643B1A70C4E651464046EDF7E7F9EDF760
:1068A000A7FA064D02992880381CEDF7DFF9EDF7BD
:1068B0009FFA034E688073E6705601208C560120C3
:1068C000645601208096980000000440E44F0020A8
:1068D000404B4C00CC570120783B98B200230E4C23
:1068E0000E4D00210E4A00930195230000F0D4FACA
:1068F000FFF7BCFD0B4B1B78D9B2002B00D0FFE695
:106900003088230078380091074A002180B2019531
:1069100000F0C2FAF4E6C04664380020FFFF000031
:10692000C0C20110D1570120E0C10110F8B50E001E
:10693000150007000121102000F002FB074B084C56
:106940001E60084BD0201D602776FFF74FFCA0800B
:106950009020FFF74BFCE080F8BDC046AC5701200B
:1069600070560120C84F002000B5074983B0088841
:106970000649783801910021054B064A80B2009102
:1069800000F08AFA03B000BD64560120FFFF00004A
:1069900064380020E0C10110F0B557464E46454628
:1069A000DE46E0B51E00072587B0019310AB0C0052
:1069B000198811AB8A4619880391B188F7880D4070
:1069C0006B1E9D41CB08ED181300203B7B436B43AE
:1069D0003668F618002F5DD0574B013C9A4560D0C1
:1069E000013882B29146554AA3B2002790465246DA
:1069F0009A464B4602970492059300294AD00723F2
:106A00009946534601339BB200259B46059816E0F4
:106A1000471CBBB29A4209D343465B885B4505D30A
:106A20005146039AFFF760FB019B9988073C63423C
:106A30005C410135ADB23619B8B28D4217D243462A
:106A40004C461A8880232C40234137781F42DFD1DF
:106A5000471CBBB29A42E9D343465B885B45E5D30A
:106A60005146049AFFF740FB019B9988DEE7019BA2
:106A7000029FDA8807230B40581E83410137F6181E
:106A8000BBB202939A4205D9534601339BB29A4650
:106A90000029B4D107B0F0BCBB46B246A946A04617
:106AA000F0BDA3B29B46002301389846234B84B225
:106AB00004932300444698460029EBD00723404620
:106AC00000259946029409E0073C63425C41534625
:106AD0000135ADB2361998B28D421BD24C46802397
:106AE0002C4023413278471CBA461A42ECD0534618
:106AF000049F9BB23A889A42E6D35B467A88013378
:106B00009BB29A42E0D35946039AFFF7EDFA019BF4
:106B10009988D9E7019B029CDA8807230B40581E0D
:106B200083410134A4B2F6189442B3D25B460133D8
:106B30009BB29B46C0E7C046FFFF000064560120A1
:106B4000F0B54546DE4657464E46E0B506008B4654
:106B50008FB01D00099318AB188819AB80461878C0
:106B60001AAB03901878931B11000892DA179C183F
:106B70005B46EB1A5440DA179F185740DA17D31ABE
:106B80005340029300231A008E425A415349524205
:106B90000A4001320C925A46AA425B4101225B42F2
:106BA0001A434F4B0594E41B0A9701932700630097
:106BB0000021340045000D900B92013D0093019B94
:106BC00001311E88039B48B20490012B05D103219B
:106BD000ECF77AFC49B2002947D0B44225D8019B92
:106BE0005B885B4521D3002D1FDD0D9A0794A31A06
:106BF0009BB299465B469E1A0023B6B29A46340071
:106C000006974E4600275644B6B2E1194246300078
:106C100089B20137FFF768FABD42F6DC01239C46D2
:106C2000E244AA45EDDB069F079C0499029B009A6B
:106C300093420DDC089BA34249D00A9B059AFF1A98
:106C40000C9B9C467B006444A4B200939A42B6DB42
:106C5000099B5B453BD0059B9C460B9B67445B4473
:106C60009BB29B467B000093A9E7B442DED8019B10
:106C70005B885B45DAD3002DD8DD0D9A0691A31A07
:106C80009BB204935B469B1A9BB2994600239A469B
:106C90004B464246B946D0461F00A2460792002600
:106CA000049C4444A4B2B91920000E4A89B20136AA
:106CB000FFF71AFAB542F6DC01239C46E04445454D
:106CC000EDDC079B4F46544698460699AEE70FB059
:106CD000F0BCBB46B246A946A046F0BDFEFF000090
:106CE00064560120FFFF0000F0B54646D6464F46E9
:106CF000C0B5984608AB1C78264B16001A8882420D
:106D000022D35B888B421FD34346012C21D0002B1A
:106D10001AD0013883B29A460023994601398DB2C0
:106D2000574600244F44BFB22919013432003800BD
:106D300089B2A4B2FFF7D8F94445F5D34B460133E5
:106D40009BB299464345EBD3E0BCBA46B146A84650
:106D5000F0BD5B00013B9946002BF5DD4346C01AB0
:106D600083B29A464346CD1A00239846ADB25746A1
:106D700000244744BFB229193200380089B20134D7
:106D8000FFF7B2F94C45F6DB01239C46E044C145D0
:106D9000EDDCD9E764560120F0B557464E4645462E
:106DA000DE46E0B585B01F000EAB1B8804009A4696
:106DB0000FAB1B780D00994610AB1B7816009B4655
:106DC000344B98461B88834210D3424652888A42ED
:106DD0000CD3B3420AD3BA4208D34B46002B0CD093
:106DE0005346320000933B00FFF7A2F905B0F0BC18
:106DF000BB46B246A946A046F0BD5B4602934B4651
:106E000001935346320000930B00FFF799FE43466F
:106E10001B889C4213D84246528895420FD897420D
:106E20000DD85B4602934B460193534622000093D4
:106E300029003B002000FFF783FE43461B889E424B
:106E4000D4D8424652889742D0D8954213D85B4650
:106E500002930023019353463200009339002B0024
:106E60003000FFF76DFE43461B889E42BED8424667
:106E70005288BA42BAD39C42B8D85B4602930023E8
:106E8000019353462200009339003B003000FFF786
:106E900057FEABE764560120F0B55746DE464E4636
:106EA0004546E0B587B0984610AB1B888B460493E7
:106EB00011AB1B8882460593204B17001988994611
:106EC000814233D35888584530D31278002A2DD0C8
:106ED00043465D469B885446039703E0494648462F
:106EE000098840884646E718F6888F4202DD5446F6
:106EF000AD19ADB2AE19864201DD5D4654468C42F5
:106F00000CD885420AD8059B29000193049B2000D8
:106F100000934346FFF740FD43469B88039AE418DD
:106F2000013203921278A4B2002AD7D107B0F0BC84
:106F3000BB46B246A946A046F0BDC04664560120F5
:106F40000123D02283401206002901D053617047EB
:106F50009361FCE70122D02382401B065B6813404B
:106F60005A1E9341D8B2704770B5EEF741FE0F201C
:106F7000EAF730FFD024802324061B026362082036
:106F8000EAF728FF8023802580265B006362AD003E
:106F90000920EAF71FFF760265621020EAF71AFF60
:106FA00066621120EAF716FF80239B02A362162077
:106FB000EAF710FF8023DB036362042166610D2082
:106FC00065616361EAF7B6FE08490948F1F78AF896
:106FD00001210A20EAF7AEFE01210B20EAF7AAFE02
:106FE00001210C20EAF7A6FE002070BD404B4C00AA
:106FF0000000044010B584B06B460F246C44D91DCA
:10700000087001232200034804F0DEF8207804B061
:1070100010BDC0460000044010B582B06B46DC1DB8
:10702000991D087001232200024804F0CDF8207851
:1070300002B010BD0000044010B5EBF785FD10BD97
:107040007047C0460323CAB2F0B50340002A35D0CA
:107050000324002B2DD1FF230B401D02ED182B0420
:10706000ED182C000168264E4C408B198B43A1195A
:10707000A143244E0B43334211D14168204F0C00F1
:10708000CB196C408B43E119A1430B4304303342CD
:10709000F3D00378002B05D09A4204D00130037856
:1070A000002BF9D10020F0BD9342FCD001302042EA
:1070B000D1D00378002BF7D10020F4E7002B08D0C3
:1070C000032202E00130104203D00378002BF9D1F3
:1070D000E9E702680A4B0B49D31893430B4206D1E8
:1070E0004268074B0430D31893430B42F8D003781F
:1070F000002BD8D043780130002BFBD1D3E7C0461A
:10710000FFFEFEFE80808080024670B50A43920733
:107110002AD11E4DEE0104C808C9541B94433440C3
:1071200017D0D0B2D9B2401A2106014310D190B283
:1071300099B2401A210401430AD110021902000A2F
:10714000090A401A2102014302D1100E190E401AF9
:1071500070BD9A42DFD010BA19BA884201D9012015
:1071600070BD0020C04370BD02780B780130013142
:10717000002A09D09A4207D102780B7801300131F8
:10718000002A01D09A42EFD0D01A70BD010101014E
:10719000014B18687047C0467038002010B5024B8C
:1071A000186801F00BFD10BD7038002010B501F01B
:1071B000BDFA034B186801F001FD01F0B9FA10BDEA
:1071C00070380020F0B54E464546DE465746E0B5DD
:1071D0000D000B35060085B0162D27D8102900D9D3
:1071E000DAE001F073F9102518230221C84FFB18CB
:1071F0001A005C68083A944200D147E103226368B0
:10720000A1689343E268CA6091600121E3185A685B
:1072100030000A435A6001F05BF92000083005B0E5
:10722000F0BCBB46B246A946A046F0BD07239D432D
:1072300000D5B1E0A94200D9AEE001F047F9FC2346
:107240005B009D4200D296E1690A00D1A8E00429C2
:1072500000D950E138239846A90988443931CB0038
:10726000082252429446AA4FFB189C446346DC68AD
:10727000A44514D0032399460B0061469C4607E0C1
:10728000E068002A00DBFBE0814200D1FCE0040062
:107290004A46636893435A1B0F2AF1DD41463A0080
:1072A0003C690832944200D1D9E0032063688343EB
:1072B000581B0F2800DD62E13A617A610028A4DAE8
:1072C0007A68904680229200934200D3E4E0DA0884
:1072D000580901238340404618438046D300DB19F8
:1072E0009A687860E360A2609C60D46001208B1093
:1072F000984040455CD8434603420AD10323994352
:10730000434640000431034203D1400004310342AC
:10731000FBD00323B3469C460E00B8460190F00014
:1073200040440100B246CB680BE064465A681F0037
:10733000A243DB68541B0F2C00DDEFE0002C00DBC8
:1073400009E19942F1D101239946CA4453460831D3
:107350009B07E8D1032205E003680838013E834219
:1073600000D003E23242F7D14346019A5B6893436F
:1073700042465360019A520001929A4216D8002A5E
:1073800006D113E004229146019ACA4452000192A8
:107390001342F7D05646C2E70C23002033603EE785
:1073A00080233F22402190469B0059E75E46474696
:1073B0000322BC68636893439A46AB4202D35A1BCC
:1073C0000F2A4FDC230053440293524B0820994666
:1073D0001B6810335B19019300F0F2FB4E490390D8
:1073E0000B688B46013306D08446019B4242013B29
:1073F0006344134001933000019901F0DBFA03006C
:107400008046013300D1D8E0029B834200D9D2E00C
:107410004B4601995A688C46624403995A60029B14
:1074200010000139434500D0E5E043460B4200D04F
:10743000E1E0BB6801219846634653440B43414653
:107440004B604946C96A914201D24946CA624946DF
:10745000096B914201D249460A634446AFE07B681A
:10746000984643E7012329001A43194365196160CF
:107470003000BD606A6001F02BF820000830CEE6D5
:10748000A268D0608260C0E6614608E7DC6802312D
:10749000A34200D103E7B1E65A0A042A00D883E0E8
:1074A000142A00D908E110005B3082465C32D20019
:1074B000082040428446BA189444624692680B30D1
:1074C0008146944500D1DFE00800A246614684462B
:1074D00002E09268914204D04C465068A043984222
:1074E000F7D8D368614654469C466346A260E36081
:1074F0009C60D460FAE614296ED9542900D9E4E0DE
:107500006E239846290B88446F31CB00A8E6C0460D
:10751000A0390020A044002098390020BA4601205C
:10752000514684464919054350464560856847469B
:107530006046EB605E469D60534639617961204349
:1075400008374860CF6030008F609C5000F0C0FF6B
:107550005046083063E6BA4601205E465244516800
:1075600001435160BA683000D3609A6000F0B0FF08
:107570003800083053E62B00E908083336E6611975
:10758000884601218C460D43414665603961796129
:10759000CA608A60624602434A60E050300000F0F0
:1075A00097FF200008303AE69A0910003932383047
:1075B0008246D2007CE7BC4214D0BC6863680322D8
:1075C00093435A1BAB4202D30F2A00DD4AE7300037
:1075D00000F07EFF002022E65B23984688445C3161
:1075E000CB003DE64B465868019B9C464B466044A9
:1075F0005860039B591E5B461B68013370D043469D
:10760000029A9B1A4A461B1853600723424640467B
:107610001A400292184240D00398013384469B1AC4
:10762000019A98444244019263440A409B1A1940CB
:1076300030008B4601F0BEF9431C77D04346C01A98
:1076400003005B4401934B465A6801205A445A6038
:1076500043464146BB60019B03434B60BC4200D1A3
:10766000EFE653460F2B3FD907210C3B8B43616854
:107670000140052019436160E118486088600F2BC4
:1076800049D843465B68DCE65346981001238340A3
:10769000404618438046786027E7019B039A43449D
:1076A0000B40D31A194030008B4601F083F9431C7C
:1076B000C4D100239B46C6E7542A17D81A0B1000E2
:1076C0006F326E308246D200F2E6AA235B00994206
:1076D00017D8DD3B9846E90B88447831CB00BFE5ED
:1076E0005B4642461A6090E7486070E7AA20400077
:1076F000824226D8DA0B1000783277308246D200E8
:10770000D6E61C4B994226D87C239846A90C88447F
:107710007D31CB00A4E521003000083100F086F86F
:107720004B465A68BB6898465B688AE6019A029B9A
:1077300094464246083B63449B1A019300239B46B0
:1077400081E70C4882420CD89A0C10007D327C30C4
:107750008246D200ACE6FE237E227F2190469B002B
:107760007EE5FE227E2092008246A1E643465B68CB
:1077700000E6C04654050000F0B5C646060000B558
:1077800008200D0000F01CFA0400300000F09EFEFE
:10779000234B210098469B685F6803239F43380072
:1077A0001138401B0019EBF7B7FE451E6543AC428C
:1077B00008DC0021300001F0FDF843469B68DB192E
:1077C000984206D0300000F083FE002080BCB8460E
:1077D000F0BD3000694201F0EDF801300ED0012219
:1077E00043467F1B9B6817430E4A5F601368300057
:1077F0005B1B136000F06CFE0120E7E70021300006
:1078000001F0D8F843469A68831A0F2BDADD064C4C
:1078100004492468001B086001210B435360D1E731
:10782000A0390020A444002098390020F8B5CE46A5
:10783000474605000C0080B5002957D000F046FEF1
:10784000012321009C46083948686246030003244E
:107850009343CF187A68654EA243B468BC4200D106
:1078600070E0BC18A14664467A60044221D10868E1
:10787000091A1B1888688046484640682040340032
:1078800008348146A04551D04046CC68C460A06011
:107890004846002811D19B185548BA68824200D149
:1078A0007FE0F868D060826001221A434A60CB50C2
:1078B00007E0484640682042EDD062461A434A60DD
:1078C0003B6080229200934214D2DA0858090123C7
:1078D0008340706803437360D3009B199A68CB6040
:1078E0008A609960D160280000F0F2FDC0BCB94602
:1078F000B046F8BD5C0A042C3DD89C092000393400
:107900003830E40034192268083C0327944203D13C
:1079100040E09268944203D05068B8439842F8D847
:10792000D468CC608A60A160D160DCE7002858D1BF
:10793000B868D218FB68C3609860634613434B6015
:107940008A50D0E79A186346034206D10B68C91AD9
:107950008868D218CB68C3609860012313434B60DA
:10796000244BB1601B689342BDD8234B2800196893
:10797000FFF702FFB7E7142C07D9542C1AD81C0BB9
:1079800020006F346E30E400BCE720005C345B30D4
:10799000E400B7E7012380108340706803437360FD
:1079A000BFE7D1609160CA608A6001221A434A60D1
:1079B000CB5098E7AA225200944205D8DC0B200055
:1079C00078347730E4009DE70C4A944205D89C0C4B
:1079D00020007D347C30E40094E7FE247E20A40067
:1079E00090E762461A434A603B607CE7A03900207A
:1079F000A83900209C390020A04400205405000034
:107A0000F0B557464E464546DE46E0B582460F0085
:107A100090461E00994683B0242B43D8012B41D0B9
:107A20000B0008204A4D1A0014780133295D0842E2
:107A3000F9D11D002D2C00D176E02B2C3ED0454BEA
:107A40009B4600230193002E53D1302C00D173E0CC
:107A50000A2399460A3649465846EBF75DFD2B0046
:107A60008C463D000200270000214C460020E146E4
:107A7000AC463D00303D092D07D9113D192D03D9E4
:107A80003D00613D192D20D80A35AE421DDD4F1C49
:107A900005D082422AD327D00121604328181F78BD
:107AA0000133E6E7FFF774FB16230360002003B001
:107AB000F0BCBB46B246A946A046F0BD1C78254B9B
:107AC000951C9B4600230193BDE767464A1C21D0C5
:107AD000019A002A00D040424246002AE7D00029FD
:107AE00033D143461F60E2E7A945D5DA0121494277
:107AF000D5E7102EAFD110239946302CABD12022E0
:107B00002B789343582BA6D110236C7899461026D6
:107B10000235A0E7222251460A6042465846002A12
:107B2000C5D058465F1EDCE71C7880231B069B46A9
:107B30000123951C019386E720222B789343582B31
:107B4000E2D008230826994685E78346E9E7C04640
:107B5000EDEF0110FFFFFF7F10B5FFF751FF10BDE4
:107B600010B504001300034A10680A002100FFF753
:107B700047FF10BD7038002010B504001300034A01
:107B800010680A002100FFF73BFF10BD703800208D
:107B900000487047A83D002010B5034B010018684D
:107BA000FFF710FB10BDC0467038002010B5034B26
:107BB00001001868FFF73AFE10BDC046703800207B
:107BC000802310B55B01082801D1180010BDFFF714
:107BD000DFFA16230360173BF7E7C046F0B55746B8
:107BE0004E46DE464546E0B50C000600170083B061
:107BF000002900D1ACE000F069FC08235B42994603
:107C0000A1444B465B68032219003D0091430B35AC
:107C1000CA468846162D67D81025AF4267D8A845B2
:107C20006EDA4946C04841444A68009080689346ED
:107C3000884200D1A0E001208446100062469043B3
:107C400008184068104200D077E05A46032082436B
:107C50009346C3445D454EDD6046184212D14B4603
:107C600048461B68C31A03209B465B688343D218AF
:107C700042440092954200DCCCE0434400939D4294
:107C800000DCCBE039003000FFF79CFA071E00D182
:107C90001EE14B4601225B68934302004B44083AC5
:107CA000934200D1E3E04246043A242A00D9E3E0BB
:107CB00003002100132A09D9236803606368436025
:107CC0001B2A00D9DCE00300083108330A681A6077
:107CD0004A685A608A689A6030002100FFF7A6FD62
:107CE000300000F0F5FB20E00432954395D50C23DD
:107CF0000027336019E0D846CB688A68D3609A6061
:107D000043465F1B5346012250465B684044134084
:107D10000F2F22D841460B4351464B604368134313
:107D20004360300000F0D4FB2700380003B0F0BC03
:107D3000BB46B246A946A046F0BD1A42A2D14B4668
:107D40004A461B68D31A03229B465B68934394E719
:107D50001100FFF737FA0700E7E751462B434919AF
:107D6000554617436B604F604368083113434360C7
:107D70003000FFF75BFDD4E703218A4394462900D6
:107D8000C44410318C4500DB84E0DB0700D579E783
:107D90004B4648461B68C31A03209B465B688343D7
:107DA000D21842440192914200DD66E75B465A4692
:107DB000DB6892685F46D3609A604246043A0837AF
:107DC000242A00D999E03B00132A0AD9594623688E
:107DD0008B606368CB601B2A00D993E05B46083454
:107DE000103322681A6062685A60A2689A605B4623
:107DF00001225919009B30009960019B5B1B1343C2
:107E00004B605B465B6813405A462B43536000F05F
:107E10005FFB8AE7CB688A68D3609A605B465A4604
:107E2000DB6892685F46D3609A604246043A08373E
:107E3000242A17D83B00132A09D9594623688B6096
:107E40006368CB601B2A39D85B460834103322683C
:107E50001A6062685A60A2689A60009B3C0098466B
:107E6000DA464DE72100380003F0B6F9F5E70322C2
:107E70005B689343984443E7210003F0ADF92BE797
:107E8000A3688360E368C360242A26D0030010310E
:107E900010331BE74B465919009B0122996063463A
:107EA0005B1B13434B604B465B68300013404A46F4
:107EB0002B43536000F00CFB270036E7A3680B61EF
:107EC000E3684B61242A10D05B4610341833BEE7B8
:107ED000300000F0FDFA002727E72369183103611D
:107EE0000300626918334261F0E623698B615B46E7
:107EF00062692033CA611834A9E72100380003F011
:107F00006BF974E7A3680B61E3684B61242A03D023
:107F10005B461034183364E723698B615B46626902
:107F20002033CA6118345CE7A0390020F0B5C6469A
:107F300000B50168060082B03B2900D98CE0416899
:107F40003B2900D997E0B168172900D9A2E034692C
:107F50000B2C00D972E075691C20AB0706D1642197
:107F60002800EBF7B1FA1D2000295DD05F4BF568C2
:107F700098460327002D29DD0227A3004344012C46
:107F80003ED01A68AA4237DAAD1A0134F56034617E
:107F900004330C2CF3D1002274691C20631C736120
:107FA00032619A0707D164211800EBF78DFA1D2082
:107FB000002900D17BE00024DFE70300012C02D080
:107FC0004246A3009B58ED18002D13DC013CF4D26F
:107FD00074691C20631E73611F4206D1642118005E
:107FE000EBF772FA1D20002912D01F230B24ED1885
:107FF000002DEBDDF560346102B080BCB846F0BD09
:10800000A842F9DA2D1A0224F56037610433B8E783
:10801000374B9131E018FF31EBF756FA48424841AF
:108020000B241F231C30E2E7324B9131E818FF315B
:10803000EBF74AFA484248411C3097E721000C22EE
:10804000684600F0F3FC7569009B019CED187561B2
:10805000002C3CDB34617FE73C22684600F0E6FC04
:108060007168009A019B89187160002B2ADB3360CC
:108070003B2900D867E73C22684600F0D7FCB1688E
:10808000009A019B8918B160002B25DB73601729CA
:1080900000D85CE71822684600F0C8FCF368009935
:1080A000019A5B18F360002A1BDBB2604FE7124BAA
:1080B0009131E018FF31EBF707FA484248410024BC
:1080C0001C305AE73C3301393360716038E70C34B7
:1080D000013D346175613FE73C3301397360B16044
:1080E00032E71832013BB260F36030E78CEF0110E9
:1080F0006B0700006C0700006D070000F0B5DE465E
:1081000045464E465746E0B589B00500FFF740FDAD
:1081100081462800FFF70AFF6A68EC6813019B1A82
:108120002A689B009B18AA68013C1101891A0A0160
:10813000521A12019B1800932A69DB170193C34B53
:1081400091005B181B6BE4186B699846012A02DDED
:108150009B0700D19FE0BE4BBE4A4344EC61934273
:1081600000D99FE14346462B6FDC3CD04526452B8A
:1081700000D162E12B0003274546984614E06421B4
:108180003000EBF7A1F9002900D022E1B24B913188
:10819000F018FF31EBF798F94B4259416E31FF313E
:1081A000013E641AB54207D03742E8D06E21013E45
:1081B000FF31641AB542F7D14546B30700D03CE120
:1081C00064213000EBF780F9002900D04AE1A24B8E
:1081D0009131F018FF31EBF777F94B4259416E318D
:1081E000FF31B046641A00239C4A2000E117EBF7E8
:1081F0001DFD009E019F36184F4100F097FAFEF7D3
:10820000CDFF974B1B689A46002B00D1C3E0924BE1
:1082100068699C462B6A60449A464B465B68834279
:1082200045D000F0DDFF002841D15346002B00DC93
:10823000ADE04B461B6D0493DB170593049A059B39
:10824000B6185F4101239A46AEE02B00462745460B
:108250000326984613E064213800EBF735F900292E
:1082600022D17D4B9131F818FF31EBF72DF94B42BC
:1082700059416E31FF3101376418AF4207D03E4299
:10828000E9D06E210137FF316418AF42F7D1434680
:10829000A8461D00A7E764214046EBF715F9002921
:1082A00000D1BFE0013456E7B7214900E3E74B4670
:1082B0001B6D04939C46DB1705934B460498059968
:1082C0001A6A5B6A121A8B41069207934B469A6CA4
:1082D000DB6C00920193009801994B469B6A0293D4
:1082E0009B46DB170393029A039B801A9941B9427C
:1082F00000DC71E04B461B68002B08D0069A079BF8
:10830000BB4200DD9CE002D1B24200D998E0534666
:10831000002B93D15B466246991A01239A460A00C4
:108320002B6828005B182B60CB17B6185F41EB68F1
:108330009B46FFF7FBFD5B46EA68D31A5A4526D0F9
:10834000012B00DCA9E001235B42EA69E4189B18D9
:108350009B4600D58CE043469B0700D0A6E06421F5
:108360004046EBF7B1F8002900D0A6E03A48913139
:108370004044FF31EBF7A8F84B424B416E33FF33DB
:108380009B4502DB5A46D31A9B465B46EB6153463C
:10839000012B00D14DE74B469B6A0293DB170393F9
:1083A000029A039BB6185F4100F0C2F90721201D15
:1083B000EBF78AF8002900DA07315346A9612B62EE
:1083C0003000390009B0F0BCBB46B246A946A04611
:1083D000F0BDB7214900E3E6B94202D1B04200D96D
:1083E00088E7049A059B00980199801A9941B9423F
:1083F00000DD1AE739D04B461B68002B08D1069ADE
:10840000079BBB4204DC00D081E7B24200D87EE784
:108410005346002B17DBC3D063465A46991A0023F4
:108420009A467CE70C489131FF314044EBF74CF819
:10843000002900D08FE601348DE66E21FF31D0E6B1
:108440005346002BE8DC00239A46A9E78CEF011085
:1084500010270000204E00006C0700008051010032
:10846000D8440020B7214900BBE6B042C3D9DCE6BE
:108470004346581E83071CD16421EBF725F80029D9
:108480001ED1114891314044FF31EBF71DF84B42AA
:108490004B416D33FF33EB6179E75A1C00DB54E746
:1084A000012352E701267642F71789E76E23FF334F
:1084B00066E7B6235B00EB6169E7B7235B005FE724
:1084C0006E23FF33EB6162E76B0700007047C04625
:1084D0007047C0460020704710B5034A034904485E
:1084E00000F082FA10BDC046083E002095900110B1
:1084F0007838002041680B4B10B50400994201D038
:1085000000F0C8FDA168084B994202D0200000F09D
:10851000C1FDE168054B994202D0200000F0BAFD90
:1085200010BDC046E44400204C450020B445002066
:1085300000207047F8B5CE464746344C344B354A98
:108540002000002580B51A600423082200215C3039
:1085500025606560A560656625616561A561E3606C
:10856000EBF7A4FD2C4B2000994623622B4B2C4F9C
:1085700098466362CC23E5502A4B2B4E63678023D9
:1085800008220021C430E550A762E662A566E566D0
:108590002567A567E567E461EBF788FD2200842382
:1085A0006832E2504A460433E25042462000043327
:1085B000E2500433E7500433E6503C33E5500433D3
:1085C000E5500433E550194A5C33E550583BE2501E
:1085D0000433E5502D300433E550082204330021E4
:1085E000FF30E550EBF762FD2200EC23D032E25081
:1085F0004A460433E25042460433E2500433E75023
:108600000433E650C0BCB946B046F8BDE44400208F
:10861000E0440020D98401103991011065910110C6
:10862000A591011009000100D5910110120002006E
:10863000F8B5244B07001B68002B3BD0224E736813
:10864000B468013B03D51BE06834013B18D30C220E
:10865000A55E002DF8D120001C4B08220021E3600C
:1086600065662560A560656025616561A5615C3012
:10867000EBF71CFD256365636564A5642000F8BD08
:108680003568002D01D02E00D9E7D62138004900E9
:10869000FEF798FD041E10D00423D02205602500AB
:1086A00043600C300021A0605200EBF7FFFC346007
:1086B0002E00C4E7FFF73EFFC0E70C2330603B60AD
:1086C000DCE7C046E0440020083E00200100FFFF38
:1086D000436B10B5002B00D010BD044B4363044B1B
:1086E0001B68002BF8D1FFF725FFF5E7F584011093
:1086F000E04400207047C0467047C04610B50020D7
:10870000024A034900F070F910BDC046083E00203F
:10871000D584011010B50020024A034900F064F925
:1087200010BDC046083E0020318501107047C0468C
:108730007047C046F0B5C64600B50C000700FFF70D
:1087400027FA21000500380000F022FE7E4A436926
:108750009046040098449B072DD164214046EAF7D7
:10876000B3FE3023002926D0784E9E19FFF7DEFF96
:10877000FEF714FD764B1B68002B28D06B68434531
:1087800000D09AE009CF29682F6A6A6A002900D1CF
:108790009DE09A4200DDACE000D1A7E0E96C012247
:1087A000994202DC00D1ABE000222262012A0FD103
:1087B0002B6D98460EE0C82140464900EAF784FE3A
:1087C0004B1E99412F224B4293433033CCE7236217
:1087D000AB6A9846E12140460901EAF775FE0D00B3
:1087E0003C212800EAF770FE276828007F1A2760DE
:1087F0003C21EAF769FEE121656809012D1A6560EF
:108800004046EAF761FEA3681B1AA3603B2F4DDDCB
:1088100001353C3F656027603B2D40DD01333C3D29
:10882000A3606560172B22DD00200625E269183B56
:108830000132E261A269A3600132D10F9542414148
:1088400049420A40A261E26823690132E26099006C
:1088500089598A4205DD521AE2605A1C0B2B3DD021
:108860002261FFF765FF200080BCB846F0BD002BF9
:10887000F7DAE269013AE261A269013A34D4A2610D
:10888000E2681833013AE260A360002AE9D1236963
:10889000013B3AD423619B00F358E360E1E7002DEC
:1088A000C0DA013B3C35A3606560BBE7002FB3DA5B
:1088B000013D3C3765602760AEE7404600F090FC24
:1088C000002800D05EE701235B42236280E79A42E2
:1088D00000DD63E710D00123236269E7636920614B
:1088E00001336361E061BCE70622C8E7874200D834
:1088F00054E7002323626BE7874200D94EE7EAE79B
:10890000AB6C834200D950E74EE7124A0B239446E2
:10891000656923616B1E636165449B070AD164210D
:108920002800EAF7D1FD002904D06E21FF312C2365
:10893000E161B1E7C82128004900EAF7C5FD4B42D3
:1089400059416D31FF31F2E76C070000F0F0011082
:10895000D84400206B07000010B583070AD003003D
:10896000032102E001330B4205D01A78002AF9D125
:10897000181A10BD030019680C4A0D4C8A188A4356
:1089800022420FD15968094A04338A188A43224285
:1089900008D15968054A04338A188A432242F1D023
:1089A00000E001331A78002AFBD1E1E7FFFEFEFE6A
:1089B00080808080002370B5064C0500080023608D
:1089C000ECF758FF431C00D070BD2368002BFBD090
:1089D0002B60F9E7DC44002003000A7801311A70AB
:1089E0000133002AF9D17047F8B54746CE4688468C
:1089F00080B58146170000267D68BC68013D0DD416
:108A0000A389012B07D90E22A35E013303D02100D5
:108A10004846C04706436834013DF1D23F68002F05
:108A2000EAD13000C0BCB946B046F8BD10B504006C
:108A300008001100EAF748FD20606160200010BDC9
:108A4000F0B557464E464546DE468846E0B50C0032
:108A500092461E00082183B00190464823001D78ED
:108A60000134425D1142F9D12D2D5ED00022934692
:108A70002B2D33D0002E07D1302D62D00A230521B3
:108A800099463D4F0A360DE0102E53D0012031009B
:108A90004042EAF741FD0700012031004042B14663
:108AA000EAF73AFD002200202B00303B092B07D9C2
:108AB000113B192B03D92B00613B192B11D80A3319
:108AC0009E420EDD551C06D0B84221D81ED04A4623
:108AD00050430122181825780134E5E725789C1CBD
:108AE000C8E7531C17D05B46002B00D040425346CA
:108AF000002B04D0002A15D1534642461A6003B019
:108B0000F0BCBB46B246A946A046F0BD8B42DEDDB6
:108B100001225242DFE72223019910000B605346E5
:108B2000002BECD0631E9846E6E725789C1C0123B9
:108B30009B469FE7302D0FD010230F2199460F4FF2
:108B4000B0E7202223789343582B0AD0082307212B
:108B5000994608260A4FA5E7202223789343582BED
:108B6000EAD1102365780F2199461026034F02346D
:108B700098E7C046EDEF011099999919FFFFFF0F93
:108B8000FFFFFF1F10B5FFF75BFF10BD10B504001E
:108B90001300034A10680A002100FFF751FF10BDBF
:108BA0007038002010B504001300034A10680A0052
:108BB0002100FFF745FF10BD70380020F0B5DE46FC
:108BC00057464E464546E0B591B00600FEF7E0FF39
:108BD000D5490400300000F0FFFC071E00D123E15E
:108BE000D24D2868002807D001003800FEF78CFA23
:108BF000002800D139E12868EBF740FA3800FFF788
:108C0000ABFE411C3000FEF7DDFA2860002802D0E0
:108C10003900FFF7E1FEC64BC64E1A00059300234C
:108C20001360C54A002113609046C44AE360326075
:108C300072604A22227291460022216262623022D0
:108C4000494623616361A361A362A154002100220C
:108C5000A164E2646363A363E363236423653B78F5
:108C60003A2B00D108E13C2B00D10AE10EAB3800D1
:108C7000B3492A1D9B4600F0DDFC002800DCF4E02F
:108C80000E9BDA1E072A00D9EFE0FA18FB5C91462A
:108C90002D2B00D10BE101222B3B92465A4253412E
:108CA0009944002306AAD38213835B4603930CAB3B
:108CB00002935B46944601931623A24F63440093AC
:108CC00039005B4648460BAA00F0B4FC002800DCE3
:108CD000CBE006ABDA8A13019B1A06AA128B9B0023
:108CE0009B1806AA928A1101891A0A01521A1201C6
:108CF0009B1852465A430E9B07924A469A46D35CAB
:108D0000CA443C2B00D1F6E02A005B4650468C4911
:108D1000103200F08FFC002800DC1DE10E9BDA1EF3
:108D2000072A00D9A1E052469946D35CD1442D2BA5
:108D300000D1C2E001222B3B92465A425341994452
:108D4000002306AA9382D38213830E935B46039378
:108D50000CAB02935B469446019316236344009345
:108D600039005B4648460BAA00F064FC002800DC92
:108D700007E106ABDA8A13019B1A06AA128B9B0045
:108D80009B1806AA928A1101891A0A01521A120125
:108D90009B1852465A4308920E9B00224B449A4617
:108DA00008239C46A444634606925A465746AB465F
:108DB000B24626001C0009923D782C2D01D17D7809
:108DC00001374D2D00D1E2E0442399464A2D02D1CE
:108DD0000633994601370A2238000FA9FFF7E2FE51
:108DE00006ABD8830F9BBB4200D1BDE04A460004CE
:108DF000000C2270E0601F00022206AB9A82002362
:108E000099464A4606ABDA821A830E923B782F2B9C
:108E100000D1E9E0E1235B012361069B2834002BAC
:108E200051D101230693C7E7414B474A1860424B93
:108E3000E06018603F4B20616061A061002100206C
:108E40001A605A604A233022206261622372A7624C
:108E5000A354A064E1646763A763E763276427659D
:108E6000324C2068EBF70AF9276011B0F0BCBB4622
:108E7000B246A946A046F0BD7B7801373C2B00D016
:108E8000F4E67B1C994631490EAB48462A1D9B46A9
:108E900000F0D0FB0028E8DD0E9BDA1E072AE4D89C
:108EA0004A46D25C02373E2A00D1EEE6DDE72C3B93
:108EB0009C46023B9A46E144F3E62C3B9C46023B2F
:108EC0009A46E1443CE734005D465646079B60689D
:108ED000A362089B23652B1D10353360756000F07D
:108EE0007FF9A26A059B1A60236D9B1A5A1E934153
:108EF00042461360B9E73B3B534499462A005B4620
:108F000048461249103200F095FB002820DD0E9BE8
:108F1000DA1E072AA9D84A46D25C3E2AA5D13C3A95
:108F20009446E244FFE6C046CCC201101C46002035
:108F3000D4440020003E0020D8440020A0BB0110F3
:108F4000E4C20110F4C20110C8C20110D0C2011065
:108F500053465B783E2BDAD1079B059A0435356082
:108F60007560A362136080E7069A002A60D0302201
:108F70004D21B154253A72630A3AB2630022F2637A
:108F800039E73C4A079B94466344089304E706AAE2
:108F900094461A231E22634499466244099B029216
:108FA0000DAA009238004A4633490393019300F01A
:108FB00041FB032800D058E74B461B885A1E0B2A5A
:108FC00000D952E706AA928B511E042900D94CE71A
:108FD00006A9C98B062900D947E725706360A260FE
:108FE000E1600E9BFF1807E70CAA06A884460292D0
:108FF0001622099B62440092380020490393019392
:109000000BAA00F017FB00281BDD06ABDA8A130160
:109010009B1A06AA128B9B009B1806AA928A110122
:10902000891A0A01521A12019B180E9ABF18F3E608
:109030004D3232724A3AF260013A3261069A7261F6
:10904000D9E64B4648464A210022F36033617361FA
:10905000B361B062002330203172326273623154E6
:109060004946B264F3647163B163F163316431659D
:10907000FBE6C046F0F1FFFF08C301101CC301105E
:1090800010B50400FFF752FB2000FFF797FDFFF734
:109090004FFB10BD70B506000C1E08D0002802D092
:1090A000436B002B3BD00C22A35E002B02D100258A
:1090B000280070BD2100300000F014FBE36A0500B9
:1090C000002B04D03000E169984700281DDBA389FC
:1090D0001B061FD4216B002908D02300403399427E
:1090E00002D03000FEF7A2FB00232363616C00294D
:1090F00004D03000FEF79AFB00236364FFF7FAFA0E
:109100000023A381FFF7F8FAD2E70125A3896D4276
:109110001B06DFD530002169FEF788FBDAE7FFF791
:10912000D7FAC0E710B5034B01001868FFF7B2FF8C
:1091300010BDC0467038002070B50C000E25495F88
:1091400000F0ECFB002803DB236D1B18236570BDCA
:10915000A389024A1340A381F9E7C046FFEFFFFF4E
:1091600000207047F8B50C001F000C23C95E0500F5
:109170001600CB050AD40A4B320019402800A18101
:109180000E23E15E3B0000F02FFAF8BD0E23E15EF6
:109190000022022300F0D6FB0C23E15EEBE7C04681
:1091A000FFEFFFFF70B50C000E25495F00F0CAFB12
:1091B000431C07D08023A2895B0113431BB22065A7
:1091C000A38170BDA389024A13401BB2F8E7C046D1
:1091D000FFEFFFFF10B50E23C95E00F019FA10BDB6
:1091E000F0B5DE46454657464E46E0B585B080466A
:1091F000FEF7CEFC5F4B0400984500DCA4E043463C
:10920000642143605C4B5D484344DF00FF18FF006E
:10921000FF18BB00FF185A4B494243449B1040447F
:10922000FF18EAF751F9C8213F1856484900404451
:10923000EAF74AF9260058233F189A460836B946F5
:10924000A3463700A2443B78FC684A2B30D0442B1D
:109250004AD12000484400234B4AC117EAF7E6FCF4
:109260003B690093DB170193009B019CC01861418F
:109270003B6A0293DB170393029B039CC018614176
:10928000B861F9612837BA45DDD15C46E26C636AA2
:1092900001219A4208DD0120216005B0F0BCBB46E7
:1092A000B246A946A046F0BD9A425AD00021F2E744
:1092B0004B461E1943469B070BD164214046EAF7F3
:1092C00003F9002905D001233B2C47DDF618701E59
:1092D000C1E7C82140464900EAF7F6F80029F6D16F
:1092E00001233B2CF2DC39E043469B072ED0C821FA
:1092F00040464900EAF7E8F84B1E99412F234D42BA
:109300009D433035214BED187B68012B2FDD4E46F8
:109310009B00043BEB1804CDB618AB42FBD11D00FB
:109320000721301DEAF7D0F8641A00D50734BA686F
:10933000013AD3009B1A2A681B19934202DB073BB0
:109340009342FCDAF01886E70020A6E76421404645
:10935000EAF7BAF830250029D4D1C8E70023F61877
:10936000B5E7A26C236A9A4295D8002193E74E464E
:10937000D6E7C046B10700004EF8FFFF93F8FFFFA5
:109380004FF8FFFFBFF9FFFF80510100F0F001101F
:10939000F0B5D6464F4646460D00416800680023AA
:1093A000C0B5604AEAF7DEF8141E00DAB3E05E4B9F
:1093B000C718E12120000901EAF786F8E121A86039
:1093C00009012000EAF780F80C003C212000EAF7B0
:1093D0007BF83C2168602000EAF776F8F81C2960E9
:1093E0000721EAF771F8002900DA8BE0A961002F64
:1093F00000DA89E038004D49EAF766F80600F40023
:10940000A4192401A4192401A41BA301E41AE4193A
:1094100020004749EAF780F8464907192000EAF793
:109420007BF845493F1A2000EAF776F86E213F1A8B
:109430003800FF31EAF770F864218046EAF76CF8EB
:1094400081463C493800EAF767F84B46181A43460C
:10945000DB004344DB0043449A009B180419E41AE0
:10946000A7003F19023799213800EAF755F88246DC
:10947000631C9946C3005344180118180521023093
:10948000EAF74AF84B461B1A99462C4B0122BB427D
:10949000BF410B239F43B3009B199E009E190023DD
:1094A00002375744BA425B4136014644F6189923C5
:1094B0005B009C4211D3333CFF3C214B28009C466F
:1094C0004B46EB60002366446E612F61EC612B62BA
:1094D000E0BCBA46B146A846F0BD43469B0709D05A
:1094E000C82140464900EAF717F84B424B413B344C
:1094F000E418E2E764214046EAF70EF80123002968
:10950000F5D1EDE70731A9610E4B0849F818E9F7E5
:10951000DBFF060073E7034B9C460B4B6444C71804
:1095200047E7C046805101006CFA0A00B13A0200D8
:10953000AC8E0000B4050000B03A0200F90500004E
:1095400094F8FFFF50C5FDFF6BFA0A00F0B5D64650
:1095500046464F46C0B582460E00904600F0BEF823
:109560001C4B1D689946002D0AD033783400002B1F
:1095700004D12DE063780134002B0AD03D2BF9D1C2
:10958000504600F0ADF80020E0BCBA46B146A8460F
:10959000F0BDA41B28680028F2D02200310000F0A2
:1095A00083F9002804D12B681F191B5D3D2B04D0C3
:1095B000686804350028F0D1E2E74B4642461B6854
:1095C0005046EB1A9B10136000F08AF8781CDBE71A
:1095D0000024DFE7143E002000B583B001AAFFF7A6
:1095E000B5FF03B000BDC04670B50400080011000F
:1095F0001A000023054D2B60ECF768F9431C00D0DE
:1096000070BD2B68002BFBD02360F9E7DC44002001
:10961000002370B5064C050008002360ECF768F9DC
:10962000431C00D070BD2368002BFBD02B60F9E7F2
:10963000DC4400200EB470B581239DB06A4600253D
:1096400021AC9B0040CC93821B9502900690FFF7C3
:1096500083F90B4B6A460A9301235B42D382094B81
:10966000039007903200186802A923000E95139505
:10967000019400F039FA1DB070BC08BC03B0184763
:1096800061910110703800200CB4F0B581239DB0B9
:109690006A46002622AC05009B00080080CC93821D
:1096A000029106911B96FFF757F90B4B6A460A93F6
:1096B00001235B4203900790D382280023003A00E5
:1096C00002A90E961396019400F00EFA1DB0F0BC9C
:1096D00008BC02B01847C046619101107047C046EF
:1096E0007047C046F0B5C64600B50C228B5E070039
:1096F0000C001A0751D480254A682D011D438D8125
:10970000002A00DC6CE0A66A002E42D03A68E169CB
:10971000904600223A60DB0467D40022012338001F
:10972000B0470200431C00D16EE00C23E55EA66A40
:10973000E1696D0706D56368D21A236B002B01D04F
:10974000E36BD21A00233800B047431C4FD139686D
:109750000C22A35E1D2962D8324ACA40D2075ED5C8
:10976000314A1A40A2810022626022692260DB0431
:1097700001D5002946D04346216B3B60002908D023
:1097800023004033994202D03800FEF74FF80023FF
:109790002363002080BCB846F0BD0E69002EF8D0CF
:1097A0000D680022AD1B0E609B0700D14A69A260C4
:1097B000002D04DCEDE736182D1A002DE9DD636A73
:1097C0003200984638002B00E169C0470028F2DCDF
:1097D0004022A38913431BB20120A3814042D9E751
:1097E000CA6B002A00DD8EE7D3E7226DA1E70C22C9
:1097F000A35E0D4A1A40A2810022626022692260A3
:10980000DB04B8D52065B6E73B68002B00D18CE7B8
:109810001D2B01D0162BDBD143463B60B9E740221C
:109820001343D9E701004020FFF7FFFF70B50400A4
:109830000D00002802D0436B002B09D00C22AB5E38
:109840000020002B03D029002000FFF74BFF70BD44
:10985000FEF73EFFF2E7C04670B5041E15D00E4B72
:109860001D68002D02D06B6B002B0AD00C22A35E6A
:109870000020002B00D170BD21002800FFF732FF2F
:10988000F9E72800FEF724FFF0E7044A04490548F9
:10989000FFF7AAF8EFE7C04670380020083E002026
:1098A0002D9801107838002030B5002A26D003000A
:1098B0000B439B0724D1032A22D9164D0BE0043A0F
:1098C000002A1BD0144C1C199C432C4216D1043086
:1098D0000431032A14D903680C68A342EFD004783A
:1098E0000D78A54213D1012306E0C45CCD5CAC42E7
:1098F0000DD101339A4201D0002CF6D1002030BDA9
:1099000004780D78AC4202D1012AECD1F6E7601B55
:10991000F5E7C04680808080FFFEFEFE70B5040043
:10992000080011001A000023054D2B60EBF7BCFF67
:10993000431C00D070BD2B68002BFBD02360F9E7DF
:10994000DC44002070B50400080011001A00002358
:10995000054D2B60EBF7D0FF431C00D070BD2B688A
:10996000002BFBD02360F9E7DC44002070B5140025
:109970004B1C1BD093892022FF259343226BA3818C
:10998000CEB263680D40002A13D0626B9A4208DDA4
:109990002368013B23601E70636801336360280005
:1099A00070BD210000F0D2FF0028F1D001256D42EA
:1099B000F5E721692268002905D0914203D2511EA2
:1099C0000878A8420ED0E3632300403323630323C7
:1099D00063633F33A263E6542300423323600123D1
:1099E0006360DCE7013321606360D8E710B50C00E9
:1099F000096B00290FD023004033994201D0FDF7B5
:109A000015FF00232363E36B6360002B03D000206A
:109A1000A36B236010BD0022202101206260A28977
:109A200023690A43A2814042F3E7C046F0B5DE460F
:109A300057464E46454683461800E0B5504385B02C
:109A40000F000E9C0193002835D000239846403328
:109A50009946656806002168A144A84220D9029071
:109A6000039238002A00EAF727FB2368216B5B1971
:109A700023604346B24663607F19761B002921D0DC
:109A8000494502D05846FDF7D1FE43462363E36BB8
:109A90006360002B16D0A16B1D002160B342E0D3A0
:109AA00032003800EAF708FB636801989B1B63608B
:109AB00023689B19236005B0F0BCBB46B246A9469B
:109AC000A046F0BD23692021236000236360A389A1
:109AD00002980B43A3815346039A40191100C01A00
:109AE000E9F71AFDE7E7C046F0B557464546DE46BA
:109AF0004E46E0B5170080220D00E1B007930290BA
:109B00000C23C95E92016B6E114204D10A43AA81F3
:109B1000C34A13406B669B0400D513E33B780137BF
:109B20001193002B01D100F038FE002292463E0036
:109B300054460992059204920692BA4A9346BA4A4A
:109B400008925A460821D25C114223D1252B10D10C
:109B500000230027A446180032781300253BDBB20F
:109B6000711C532B0ED8089C9B00E3589F466446FB
:109B70000E006B68002B4BDD2A68731E11781B7872
:109B800099423ED0069861B0F0BCBB46B246A946A9
:109B9000A046F0BD402399460023B24698460827C8
:109BA0005E466A68A9440AE02B681A78B25C1742DC
:109BB0001DD06A680133013A01346A602B60002AC3
:109BC000F2DC296B002900D189E3494502D00298D3
:109BD000FDF72CFE43462B63EB6B6B60002B00D133
:109BE0007DE3AB6B2B601A78B25C1742E1D1B346D0
:109BF00056460396039A1378561C1193002BA0D156
:109C0000C0E76B680132013B6B602A600134F0E70A
:109C1000296B002900D186E22B004033994202D003
:109C20000298FDF703FE00232B63EB6B6B60002BA8
:109C300000D178E2AA6B2A609FE78F233B42A1D133
:109C400083001B185B009818303872780E0084E788
:109C500064468246802303919B001F43734B032677
:109C60000993102304936B68002B00DDEFE0296B50
:109C7000002900D157E22B004033994202D00298CC
:109C8000FDF7D4FD00232B63EB6B6B60002B00D141
:109C900049E2AB6B2B607B0600D4D8E0022E00D1EA
:109CA00013E1032E00D18DE1012E2FD05346D04673
:109CB000002B01D10133984610233B400A93FF0744
:109CC00001D500F03DFC0A9B002B00D012E3079E5B
:109CD000434602CE012202980095FFF7A7FE002816
:109CE00000D128E2069B241801330693079681E7EA
:109CF000824620A8644600F0C7FF40230126039057
:109D00001F436B68002BB2DD012ECFD15346002BD1
:109D100001D1013B9A4610233B400C93FF0700D52D
:109D200068E329680C9A0B7820AFFB5C002A00D10D
:109D30007FE2002B00D125E752466B680131013BE1
:109D40006B602960012A00D1EBE14022914600229C
:109D500090465246A944A24614000EE02A681378A1
:109D6000FB5C002B00D1DBE16B680132013B01366B
:109D70006B602A60B44200D1D2E1002BEEDC296B8B
:109D8000002901D100F049FD494502D00298FDF7B4
:109D90004DFD43462B63EB6B6B60002B01D100F054
:109DA0003CFDAA6B2A60DAE764460391FB0600D506
:109DB00020E7079A08CA07927A0701D500F072FCDB
:109DC000FA0701D500F0EDFCBF0701D400F0E9FC73
:109DD000E2171C605A600DE76446824688230391AF
:109DE0003AE701236446824603911F43104B032642
:109DF00009930A23049336E74023644682460026EB
:109E000003911F437DE7644682460391EEE73B07DB
:109E100000D0B7E6042372781F430E009DE6C046CB
:109E2000FFDFFFFFEDEF011050F10110858B0110F6
:109E3000597B01106B68644682460391002B01DC5C
:109E400000F07BFDC14B0326099300230493594680
:109E50002A681378CB5C1B0700D41FE740239C467D
:109E6000AC4463460A93002399460833B3469846A8
:109E70000E0006E0414601322A601378F35C194275
:109E80001DD06B680134013B6B60002BF2DC296B49
:109E9000002900D147E10A9B994202D00298FDF7C0
:109EA000C5FC4B462B63EB6B6B60002B00D13AE19A
:109EB0004146AA6B2A601378F35C1942E1D1330062
:109EC0005E469B46022E00D0EBE65346002B01D1A6
:109ED000013B9A465846296810230A783B40825C29
:109EE00008201040FF0700D53EE1002B00D134E2EE
:109EF000002800D07EE652466B680131013B012606
:109F00006B602960012A01D100F0FFFC40229046DD
:109F1000002291465A460827A346A844140010E0A0
:109F20002A681378E35C1F4201D000F0FFFB6B68E6
:109F30000132013B01366B602A60B24501D100F06D
:109F400004FC002BECDC296B002901D100F094FC0F
:109F5000414502D00298FDF769FC4B462B63EB6B41
:109F60006B60002B01D100F087FCAA6B2A60D8E758
:109F70003B0700D006E6022372781F430E00ECE593
:109F800001236446824603911F43714B03260993C4
:109F90000823049367E6644682460226039162E63C
:109FA0003B0700D0EEE572786C2A00D1A9E30123CB
:109FB0000E001F43D1E5384300D0E3E57278102747
:109FC0000E00CAE5D826534600223601013B3E4327
:109FD0000C92262B03D9263B0C9327239A46002369
:109FE0000A9316AB99461F005A4B984640239C464D
:109FF000AC4463460B935346A2461C002A68117872
:10A000000B002B3BDBB24D2B14D840469B00C358B2
:10A010009F46049B0A2B0DDD4F4B1E4039700137C4
:10A020006B68013B6B60002B67DD0132013C2A60ED
:10A03000002CE3D15446BA46F30507D553464B45A9
:10A0400000D940E353464B4500D19BE510231A004D
:10A050003240334214D1534649461A7002980022C6
:10A06000049B099FB847079A131D9846B30600D46E
:10A07000EDE213681860069B01330693434607938D
:10A080004B465246D71A0A9B9C466744E419B1E5F1
:10A090000498324B4000C35E04932F4B1E40BDE733
:10A0A000C0238020DB00334080008342C2D12C4B90
:10A0B0003340A026F6001E4310230493AEE780230E
:10A0C0003342B7D09E43A9E70498244B4000C35EB7
:10A0D0000493082BA0DCADE733059FD5049B002B30
:10A0E00005D180239B001E43F93BFF3B049373057E
:10A0F00000D4A0E21B4B1E4090E7296B002900D141
:10A1000052E30B9B994202D00298FDF78FFB00238C
:10A110002B63EB6B6B60002B00D145E3AA6B85E7EB
:10A120005446A41966E52B6920222B6000236B603E
:10A13000AB891343AB81069B002B03D0AB895B0635
:10A1400000D41FE501235B4206931BE5597B0110F8
:10A15000858B0110A0F201107FF4FFFFD8F30110EE
:10A16000FFFDFFFF7FFAFFFF079A9046002B00D10B
:10A1700084E211AA9146002800D03BE5574600260C
:10A180009A4600F0E3FDB042D5D02B68721C0792CE
:10A190001A7816A98A5501336A682B60059B013A23
:10A1A0000A916A6014AE032B02D1149B042B04D0D5
:10A1B000082200213000E9F779FF079B49460A9AF7
:10A1C000029800960B9300F027FF0590431CB2D035
:10A1D000002800D0C6E24A461060002000F016FFBA
:10A1E000002800D078E3079B9C466444013F534617
:10A1F0000026002B02D104339C46E1446B68002BFF
:10A2000000DC16E32B685A461B78D35C1B0701D48D
:10A21000002FB6D1534642460792002B00D0E9E406
:10A2200000234A461360069B013306934346079377
:10A23000E0E4079804C8002B00D1A3E46B68013B5D
:10A240006B604B1C2B60531C98460B781370534665
:10A25000012B3BD040239946A9444B4646468146B4
:10A26000A04692440A9207930FE02B681A78BA5CD2
:10A27000002A22D06A680136013A6A605A1C2A60B4
:10A280001B782370564500D126E26B683400002B02
:10A29000EBDC296B002900D1ADE2079B994202D08B
:10A2A0000298FDF7C3FA00232B63EB6B6B60002B66
:10A2B00000D1A0E2AB6B2B60D8E7230048464446B0
:10A2C00098460A9AB61A002E00D15BE40023424653
:10A2D0001370069BA4190133069307908AE42B6937
:10A2E00020222B6000236B60AB89B3461343564694
:10A2F000AB817EE46B682A68434500DBFFE24020C7
:10A30000814640460026A04600270400296BA94448
:10A31000D218B2460A94F618E41A2A60002900D12D
:10A32000E0E1494502D00298FDF780FAEB6B2F631C
:10A330006B60002B00D1D5E1AA6B00212A609C4202
:10A34000E6DC2100444688460A9E56444146424483
:10A350005B1A6B602A60A4194CE4079A08CA9846F5
:10A36000002800D0CDE26B68013B6B604B1C2B607A
:10A3700043465F1C0B7841460B7053463E00012B51
:10A3800000D1C0E240239C46AC44634607930823B7
:10A3900099465B460A92A3461C0013E02B68494687
:10A3A0001A78A25C114200D0B1E16A680136013A24
:10A3B0006A605A1C2A601B783B70434653449E4295
:10A3C00000D1B9E16B683700002BE7DC296B00296D
:10A3D00000D141E2079B994202D00298FDF726FA8C
:10A3E00000232B63EB6B6B60002B00D134E2AB6B73
:10A3F0002B60D4E711AF002B00D14BE1002398462E
:10A4000040339C46AC4463460F93D34BB9460E93FE
:10A410005B46A34644469846059F00F097FCA04241
:10A4200000D188E620202B680EA91A7809180A5551
:10A430006A680133013A2B6012AB661C6A600593AF
:10A44000032F02D1129B042B04D00822002105986F
:10A45000E9F72CFE059B494600930298330016AAA3
:10A460000D9600F0D9FD0700431C00D163E60028DB
:10A4700040D14B46186000230A9314AC08220021F7
:10A480002000E9F713FEE0230E9A0298D35810A992
:10A490000B930A9A23000B9CA0470024012801D1AA
:10A4A0000EAB1C7A20AB1B5D002B00D187E1B344BF
:10A4B000032F28D001235B429C46E2440C9B002BD7
:10A4C00002D104339C46E1446B680024002B23DD59
:10A4D0005346002BA1D15C460597C3464F460C9BC3
:10A4E000002B01D0FFF786FB3B60069B01330693F0
:10A4F000FFF780FB831C0BD04B461B680A9301338C
:10A50000BBD10A9CCEE7059B1B68042BD2D1D5E7B3
:10A510006B683400002B80DC296B002900D1C6E178
:10A520000F9B994202D00298FDF780F900232B631C
:10A53000EB6B6B60002B00D1B9E1AB6B2B60C7E715
:10A54000002399460A9B002B00D19EE040239C46A5
:10A55000AC4463460B9343463700A046B2461C000A
:10A5600000F0F4FBB84200D1E5E520202B680EA9ED
:10A570001A780918CA5501336A682B60059B013A9D
:10A580007E1C6A6014AF032B02D1149B042B04D0F1
:10A59000082200213800E9F789FD33004946029876
:10A5A000009716AA00F038FD0590431C00D1C2E5C3
:10A5B00000281AD10A9BB044013C002B04D14A4622
:10A5C000136004239C46E1446B685746002B1EDD54
:10A5D000002CC5D144460A9B5A425341069A9446E0
:10A5E0009C4463460693FFF705FB059A931C0AD02B
:10A5F000B044032A02D13B68042B00D0013C0A9BE3
:10A60000002BDED0E0E76B683700002BA8DC296B5D
:10A61000002900D13EE10B9B994202D00298FDF740
:10A6200005F900232B63EB6B6B60002B00D131E14C
:10A63000AB6B2B60CCE7494B1E400C9B002B02D030
:10A64000013B0C9301340A9B01330A93E8E473073E
:10A6500024D4F30700D59CE0B60700D499E0404B22
:10A66000099A9A4200D153E100224946049B02987C
:10A6700000F0EEFA079B1B6803C3FCE402CA89469C
:10A680009046002800D179E5CAE5079B04CB9146A6
:10A6900007935BE7079B80CB0793AFE6079B1B689D
:10A6A0001880E8E41C80FFF7A5FA6446824603910F
:10A6B0006BE42B4B644609930A23824603260391DD
:10A6C0000493FFF7D0FA5746013F2A0039780298E1
:10A6D000FFF74CF9BA46B5E40A9A44464846B046F4
:10A6E000B61AF0E52B6920222B6000236B60AB8942
:10A6F00044461343AB81002E00D11CE5A419FFF79B
:10A7000079FA0223B2781F430236FFF726FA2300B4
:10A710005C469B4643460A9AF61AA41900233B70EE
:10A72000069B079201330693FFF764FA23005C4609
:10A730009B46A419FFF75EFA23005C469B464346FE
:10A74000F31A37000A9AE418E8E723005C469B46B0
:10A750005444FFF74FFAC046183E00207FFCFFFF2D
:10A76000858B0110059B023300D1B3E04B4618687E
:10A7700000F04CFC002800D0AEE0079B9C46059BF7
:10A780006444032B00D031E53368042B00D02DE561
:10A790002DE5079B1B6818606DE400230693FFF707
:10A7A000F1F91C60FFF726FA2B6920222B600023A9
:10A7B0006B60AB8954461343BA46AB813CE45C46BC
:10A7C0000597C3464F46002E00D188E60EAB1F26E4
:10A7D0009C466644A04637000D9C2E00029D395DC4
:10A7E00032002800013CFFF7C1F8002CF7D14446A5
:10A7F0004F46350073E62300444698462B692021D6
:10A800002B6000236B60AB890A9A0B434846AB81EF
:10A81000B24200D18FE4B61A58E52B6920222B6092
:10A82000002354466B60AB89A4191343AB81FFF737
:10A83000E1F9296B002972D02B004033994202D0F4
:10A840000298FCF7F3FF00232B63EB6B6B60002B8C
:10A8500065D0AB6B2B60D6E423005C469B462B692E
:10A8600020212B6000236B60AB890A9A0B43AB81DC
:10A870004346F61AA41951E723005C469B462B6910
:10A8800020222B6000236B60AB89A4191343AB819A
:10A89000FFF7B0F92B6920222B6000236B60AB8996
:10A8A00044461343AB81002F00D194E643E4434672
:10A8B000A0465C469B462B6920222B60002305970F
:10A8C0006B60AB894F461343AB814346002B00D1ED
:10A8D00005E630E4079E91E40EAA94461F26079AE7
:10A8E00053460B9F6644002A00D194E4F15D2A0090
:10A8F0000298013FFFF73AF8002FF7D18AE4464665
:10A9000024E51F000AE7013408E70134FFF772F974
:10A9100000224946049B029800F046FBAAE62A69F9
:10A92000A9892A6000226A6020320A435346AA811C
:10A93000002E01D0FFF7FFFB6DE4034B03260993C4
:10A9400000230493FFF793F9597B0110F0B50C0035
:10A950002300C646096B403300B5994215D0666B9B
:10A9600077003A00FDF73AF9051E27D0831998467B
:10A97000010032001800E9F79FFB4346256323607E
:10A980006763002080BCB846F0BD8025ED0029003B
:10A99000FCF718FC002811D0422320636563E25CB9
:10A9A000084BC2544123E25C074BC2544023E25C93
:10A9B000064B9C46C25460442060E2E701204042BE
:10A9C000E0E7C046FF030000FE030000FD030000B7
:10A9D000F8B506000D0014004B1C2ED0002802D044
:10A9E000436B002B51D00C23E25E202311009943CE
:10A9F0000B00A181510707D4D1061ED508271742A5
:10AA000037D104221343A381FF23226BEFB21D40F1
:10AA10006368002A14D0626B9A4208DD2368013B08
:10AA200023601F706368013363602800F8BD210054
:10AA30003000FFF78BFF0028F0D001256D42F4E7CE
:10AA400021692268002905D0914203D2511E08785D
:10AA5000A8421DD0E36323004033236303236363D1
:10AA60003F33A263E7542300423323600123636032
:10AA7000DBE721003000FEF7D9FE0028DDD1A389F5
:10AA8000A060BB431BB2A061BBE7FDF721FEAAE7B4
:10AA9000013321606360C8E7030010B50A00034971
:10AAA00008681900FFF794FF10BDC04670380020F9
:10AAB000F0B5DE464E4645465746E0B589B00D0036
:10AAC000059193461E00082107905F482B001C78D3
:10AAD0000135025D1142F9D12D2C00D184E02B2CDF
:10AAE0004BD001235B420393584B049300230693FE
:10AAF000002E08D1302C00D180E00A239A46002392
:10AB00000A36994605E0102E00D182E0F317B246CE
:10AB1000994652464B4603980499E8F73BFD2300BB
:10AB20000F008046029200200022002113E0B9426B
:10AB300001D140451ED8804543D052464B46E9F7E7
:10AB400075F8E31700940193009B019C0122C01843
:10AB500061412B7801351C00303C092C04D9113C93
:10AB6000192C0DD8373B1C00A64211DD531CF0D028
:10AB7000B942DCD901225242EBE72C789D1CB0E7A8
:10AB80001C00613C192C03D8573B1C00A642EDDC8D
:10AB9000531C1ED0069B002B04D003000C00002188
:10ABA0005842A1415B46002B04D0002A48D15B46A5
:10ABB000059A1A6009B0F0BCBB46B246A946A04649
:10ABC000F0BD8F42B9D1029BA342B6DA01225242B4
:10ABD000BFE72223079A13605B46002B2DD06B1E24
:10ABE000039804990593E2E72C789D1C00230393B6
:10ABF00080231B0604930123069379E720222B78F8
:10AC00009343582B11D008239A46002308269946CF
:10AC10007FE7302C04D010239A460023994678E72A
:10AC200020222B789343582BF5D110239A460023EA
:10AC30006C789946102602356BE703980499B9E7BA
:10AC400003900491CBE7C046EDEF0110FFFFFF7FBB
:10AC500010B5FFF72DFF10BD10B504001300034A17
:10AC600010680A002100FFF723FF10BD7038002094
:10AC700010B504001300034A10680A002100FFF712
:10AC800017FF10BD7038002070B50D7804005E2DE0
:10AC90001BD0481C002600212300621CFF321970C3
:10ACA00001339342FBD1002D0DD001227240625539
:10ACB0000378461C2D2B0FD05D2B0BD0002B03D01F
:10ACC0001D003000F3E7013870BD4D78881C012667
:10ACD0000121E1E73000F7E741785D2911D08D428D
:10ACE0000FDC2B0002300133E2549942FBDC6B1C79
:10ACF0008D4203DA491B01395D18D9E700215D183F
:10AD0000D6E72D253000D2E770B5141E08D010000C
:10AD10000B49FCF7F9F90B4D002803D1280070BD51
:10AD2000084DFBE729002000FCF7EEF90028F5D0DC
:10AD300020000549FCF7E8F90028EFD00020EEE7F5
:10AD400030C30110A0B70110A0BB01109422024B28
:10AD50005200985C7047C046183E002070B50C1E2B
:10AD600008D020000B49FCF7CFF90B4D002803D188
:10AD7000280070BD084DFBE729002000FCF7C4F94E
:10AD80000028F5D020000549FCF7BEF90028EFD0D7
:10AD90000020EEE730C30110A0B70110A0BB0110E6
:10ADA00030B583B0069D034C0095E4256459A04757
:10ADB00003B030BD183E002082B000290AD0002A1E
:10ADC0000BD0002B0BD013780B601078431E9841EA
:10ADD00002B0704701A9002AF3D10020F8E7022051
:10ADE0004042F5E7F0B54546DE4657464E46E0B5EB
:10ADF00087B00D000391984608210590654801929F
:10AE00002B001C780135025D1142F9D12D2C00D1A7
:10AE100088E0002204922B2C67D04346002B0FD1F0
:10AE2000302C00D183E0053302935B4B9A465B4B99
:10AE300099460A23009300239B460A33984615E05F
:10AE4000102B00D185E04246009301204042C117FB
:10AE5000DB179B46E8F79EFB4246824689465B46E7
:10AE600001204042C117E8F795FB02920022002022
:10AE7000002116E01C00A0451EDD531C0FD04945E3
:10AE80003BD801D1504538D8504531D0009A5B4667
:10AE9000E8F7CCFE2600E7178019794101222C78CB
:10AEA00001352300303B092BE4D92300413B192B0A
:10AEB00026D8373CA045E0DC531C27D0049B002B50
:10AEC00004D003000C0000215842A141019B002B3B
:10AED00004D0002A23D1019B039A1A6007B0F0BC6A
:10AEE000BB46B246A946A046F0BD2C789D1C94E70F
:10AEF0004945CBD1029B9C42C8DD01225242CEE79C
:10AF00002300613B192BD7D8573CB4E72223059A7D
:10AF100001204042C1171360019B002BDED06B1E45
:10AF20000393D8E72C789D1C0123049375E7202216
:10AF30002B789343582B1ED007230293083B9A4645
:10AF4000174B99460823009300239B4608339846E5
:10AF50008CE7302C0AD00F230293103B9A46114BFA
:10AF600099461023009300239B467FE720222B78ED
:10AF70009343582BEFD10F230293103B9A46094B72
:10AF80006C7899461023009300239B461033984613
:10AF900002356BE7EDEF01109999999999999919F3
:10AFA000FFFFFF1FFFFFFF0F10B5FFF71BFF10BDD7
:10AFB00010B504001300034A10680A002100FFF7CF
:10AFC00011FF10BD7038002010B504001300034AB3
:10AFD00010680A002100FFF705FF10BD703800203F
:10AFE00070B5E025014C6459A04770BD183E0020A3
:10AFF000002909D0FF2A02D801200A7070478A234D
:10B00000036001204042F9E70020F7E710B5002176
:10B0100000F04CF810BDC04630B5E42504000E48E1
:10B0200083B04559002A07D0069800902000A84711
:10B03000431C0AD003B030BD069B002100932000C2
:10B040000123064AA847431CF4D10023069A136043
:10B050008A332360EEE7C046183E0020A0BB0110F3
:10B0600070B51C000E4B0F4D1E68E42382B0ED58E6
:10B07000002909D0130000940A0001003000A847FD
:10B08000431C08D002B070BDE33B3000064A009478
:10B09000A847431CF6D1002323608A333360F1E7CD
:10B0A00070380020183E0020A0BB011003000020D3
:10B0B000FF2B03D8024A0830D35C18407047C046C3
:10B0C000EDEF01100000000001B40248844601BC0D
:10B0D000604700BF3D02002001B40248844601BC25
:10B0E000604700BF4101002001B40248844601BC12
:10B0F000604700BFE116002001B40248844601BC4D
:10B10000604700BF7102002001B40248844601BCC0
:10B11000604700BF0116002001B40248844601BC0C
:10B12000604700BF9513002001B40248844601BC6B
:10B13000604700BF8901002001B40248844601BC79
:10B14000604700BF7914002001B40248844601BC66
:10B15000604700BF6916002001B40248844601BC64
:10B16000604700BFBD0C002001B40248844601BC0A
:10B17000604700BFE516002001B40248844601BCC8
:10B18000604700BF0D0D002001B40248844601BC99
:10B19000604700BF5904002001B40248844601BC46
:10B1A000604700BFB102002001B40248844601BCE0
:10B1B000604700BF5910002001B40248844601BC1A
:10B1C000604700BF550C002001B40248844601BC12
:10B1D000604700BF990F002001B40248844601BCBB
:10B1E000604700BF2D17002001B40248844601BC0F
:10B1F000604700BF6503002001B40248844601BCDB
:10B20000604700BF7D0C002001B40248844601BCA9
:10B21000604700BF0D10002001B40248844601BC05
:10B22000604700BF7111002001B40248844601BC90
:10B23000604700BFE1160020E53100101132001018
:10B24000B93400109D400010613B0010813E001099
:10B250001D3300102D3200104D32001061320010ED
:10B26000C9230010693200109127001085310010A9
:10B27000E91F0010D98000106562001029450110F7
:10B280002573206661696C65643A20257320282542
:10B2900064290A0073645F696E69745F6472697619
:10B2A00065722829206661696C6564004E6F2053C1
:10B2B0004420636F6E66696720666F756E64202830
:10B2C00073645F6765745F62795F6E756D2830299E
:10B2D000203D3D204E554C4C2900000073645F67B3
:10B2E00065745F64726976655F70726566697828F7
:10B2F000292072657475726E6564204E554C4C0041
:10B30000665F6D6F756E74202D3E20257320282595
:10B3100064290A00665F6D6B6673202D3E202573DD
:10B3200020282564290A0000665F6D6F756E7428F9
:10B330006166746572206D6B667329202D3E202531
:10B340007320282564290A004D6F756E742066618C
:10B35000696C65643A20257320282564290A000059
:10B36000534420696E69742F6D6F756E7420666129
:10B37000696C65642E000000253034642530326429
:10B38000253032645F253032642530326425303216
:10B3900064000000696D6167655F2564000000005E
:10B3A00025735F7261772E626D70000025732573BF
:10B3B0000000000025732F2573000000665F6F708A
:10B3C000656E2863726561746520626D7029000086
:10B3D00077726974655F6269746D61705F61735FD4
:10B3E000626D7000665F73796E630000665F636C08
:10B3F0006F736500436F726520303A20436F72654A
:10B400002031207461736B20636F6D706C6574659F
:10B410002E000000416C6C207461736B7320636FAD
:10B420006D706C6574652E0045786974696E67206F
:10B430006D61696E28292E00436F726520303A20B5
:10B44000436F72652031207265706F72746564207D
:10B450007772697465206661696C7572652E00008B
:10B460005772697465206661696C6564206F6E202F
:10B47000436F726520312E005F73746174732E63A5
:10B48000737600006D65747269632C76616C756506
:10B490000A0000006D696E2C252E39670A00000035
:10B4A0006D61782C252E39670A0000006D65616E8C
:10B4B0002C252E39670A00006D656469616E2C25A4
:10B4C0002E39670A000000006D6F64652C252E3947
:10B4D000670A00006D6F64655F636F756E742C257D
:10B4E0006C750A0076617269616E63652C252E3970
:10B4F000670A00007374646465762C252E39670A28
:10B50000000000005F6E6F726D5F6633322E6269FD
:10B510006E0000005F7131362E62696E000000001F
:10B520005F647131365F6633322E62696E000000EF
:10B530005F71382E62696E005F6471385F66333206
:10B540002E62696E000000005F71342E62696E0029
:10B550005F6471345F6633322E62696E00000000F2
:10B560005F7175616E745F6D6574726963732E636C
:10B5700073760000626974732C726D73652C6D6153
:10B58000785F6162735F6572726F722C736E725F47
:10B5900064622C636C69705F636F756E742C737476
:10B5A0006F7265645F62797465730A0025642C2587
:10B5B0002E39672C252E39672C696E662C256C7503
:10B5C0002C256C750A00000025642C252E39672C6B
:10B5D000252E39672C252E39672C256C752C256C6A
:10B5E000750A00005F6666745F7261772E74787406
:10B5F0000000000073616D706C655F636F756E7441
:10B600003D3235362C73616D706C655F73706163AC
:10B61000696E675F70783D310A0000002573252E42
:10B62000396700002C0000005F6666745F6D63750B
:10B630002E7478740000000062696E2C6672657169
:10B640005F6379636C65735F7065725F706978655D
:10B650006C2C616D700A000025642C252E39672C36
:10B66000252E39670A0000005F736F62656C2E62D9
:10B670006D7000000A2A2A2A2050414E4943202A90
:10B680002A2A0A004E6F207370696E6C6F636B73A9
:10B690002061726520617661696C61626C65000091
:10B6A0004E6F207573657220495251732061726527
:10B6B00020617661696C61626C650000486172644A
:10B6C0007761726520616C61726D20256420616C08
:10B6D000726561647920636C61696D656400000066
:10B6E0004861726420617373657274006D6973736D
:10B6F000696E6720646F75626C652066756E637431
:10B70000696F6E004F7574206F66206D656D6F7286
:10B710007900000052656C6561736500626F6F743B
:10B72000325F77323571303830000000302E310012
:10B73000322E332E300000007069636F5F77000097
:10B740006D61696E00000000536570203238203250
:10B7500030323600666E692B00000000666E6900AC
:10B760006E616E00666E692D000000005553422028
:10B77000737464696E202F207374646F7574000095
:10B780005261737062657272792050690000000026
:10B790005069636F00000000426F6172642043448F
:10B7A000430000005265736574000000556E6861C7
:10B7B0006E646C65642049525120307825780A0007
:10B7C000657020253032582077617320616C726576
:10B7D00061647920617661696C61626C650000006A
:10B7E00043616E277420636F6E74696E756520788F
:10B7F000666572206F6E20696E616374697665207C
:10B800006570202530325800EB76904558464154FB
:10B810002020200046415433322020200000000028
:10B820002A3A3C3E7C223F7F000000002B2C3B3D0F
:10B830005B5D0000EBFE904D53444F53352E3000BE
:10B840004E4F204E414D452020202046415433325A
:10B85000202020004E4F204E414D452020202046E4
:10B860004154202020202000A2A0D0EBE5B9334491
:10B8700087C068B6B72699C7000000004E6F2053F6
:10B880004420636172642064657465637465642137
:10B890000D0A000025643A005344494F2063617249
:10B8A00064207265706F727473207772697465209A
:10B8B000435243206572726F722C207374617475E9
:10B8C0007320256C780A00005344494F206361724D
:10B8D00064207265706F727473207772697465206A
:10B8E0006661696C7572652C207374617475732060
:10B8F000256C780A000000005344494F20636172B0
:10B9000064207265706F72747320756E6B6E6F77E2
:10B910006E20777269746520737461747573202565
:10B920006C780A0025733A2054696D656F75742030
:10B9300077616974696E6720666F722072657370D3
:10B940006F6E736520696E207270323034305F73B1
:10B9500064696F5F636F6D6D616E645F5231283033
:10B9600078256878290A00007270323034305F73AD
:10B9700064696F5F636F6D6D616E645F523128251E
:10B9800064293A20435243206572726F722C2063FF
:10B99000616C63756C617465642030782568782CFF
:10B9A000207061636B65742068617320307825684E
:10B9B000780A00002564207270323034305F73647E
:10B9C000696F5F636F6D6D616E645F5231282564CE
:10B9D000293A207265636569766564207265706CCA
:10B9E0007920666F722025640A0000005344494F95
:10B9F00020636865636B73756D206572726F72206A
:10BA0000696E20726563657074696F6E3A20626C4E
:10BA10006F636B2025642063616C63756C61746572
:10BA200064203078256C6C78206578706563746567
:10BA300064203078256C6C780A0000007270323017
:10BA400034305F7364696F5F74785F706F6C6C28FB
:10BA5000292074696D656F75740A0000556E6B6EF0
:10BA60006F776E206572726F7200000025732C254F
:10BA700064205344494F206E6F7420726573706F59
:10BA80006E64696E6720746F20434D4438205345BF
:10BA90004E445F49465F434F4E442C20737461749B
:10BAA00075732030782578207265706C7920307835
:10BAB000256C780A000000002573206174206C69F1
:10BAC0006E652025643B206572726F7220636F641F
:10BAD000652025640A0000005344494F20636172C9
:10BAE0006420696E697469616C697A6174696F6EEA
:10BAF0002074696D656F75740A00000025732C252C
:10BB000064205344494F206661696C656420746FFA
:10BB10002073657420424C4F434B4C454E0A000045
:10BB200073645F7364696F5F73746F705472616E76
:10BB3000736D697373696F6E28292074696D656F01
:10BB400075740A0073645F7364696F5F77726974F8
:10BB500065536563746F7228256C75292066616969
:10BB60006C65643A20257320282564290A000000AA
:10BB700073645F7364696F5F77726974655365633B
:10BB8000746F7273282C256C752C2C257A752920DE
:10BB90006661696C65643A20257320282564290A4A
:10BBA0000000000073645F7364696F5F72656164B5
:10BBB000536563746F72282C256C752C292066617F
:10BBC000696C65643A20257320282564290A0000E1
:10BBD00073645F7364696F5F7265616453656374F6
:10BBE0006F727328256C642C2E2E2E2C2564292030
:10BBF000206661696C65643A2025732028256429D4
:10BC00000A0000005344494F3A204F4B0000000007
:10BC10005344494F3A206275737900005344494FA9
:10BC20003A2054696D6564206F757420776169747A
:10BC3000696E6720666F7220726573706F6E7365D0
:10BC40002066726F6D206361726400005344494F37
:10BC50003A20526573706F6E7365204352432069BA
:10BC6000732077726F6E67005344494F3A205265D4
:10BC700073706F6E736520636F6D6D616E642063AA
:10BC80006F646520646F6573206E6F74206D6174DE
:10BC900063682077686174207761732073656E74C0
:10BCA000000000005344494F3A2054696D656420F8
:10BCB0006F75742077616974696E6720666F722092
:10BCC0006461746120626C6F636B00005344494F80
:10BCD0003A2043524320666F722064617461207081
:10BCE00061636B65742069732077726F6E67000003
:10BCF0005344494F3A2043617264207265706F72F9
:10BD00007473206261642043524320666F7220770F
:10BD100072697465000000005344494F3A20436142
:10BD20007264207265706F727473207772697465C3
:10BD3000206661696C7572650000000025733A2009
:10BD4000426C6F636B205772697465206E6F74204C
:10BD500061636365707465642E20526573706F6EE5
:10BD6000736520746F6B656E3A20307825782C20CF
:10BD700073746174757320626974733A2025642545
:10BD80006425640A000000004E6F206469736B2C08
:10BD9000206F7220636F756C64206E6F74207075F5
:10BDA00074205344206361726420696E20746F2094
:10BDB0005350492069646C652073746174650A008E
:10BDC00054696D656F75742077616974696E672059
:10BDD000666F7220636172640A0000004661696CDC
:10BDE000656420746F20696E697469616C697A6535
:10BDF00020636172640A00005344205374616E64CE
:10BE0000617264204361706163697479204D656D6E
:10BE10006F7279204361726420756E737570706FF4
:10BE2000727465640A000000556E6B6E6F776E0069
:10BE30005375636365656465640000004120686153
:10BE40007264206572726F72206F636375727265BF
:10BE50006420696E20746865206C6F77206C65764D
:10BE6000656C206469736B20492F4F206C61796584
:10BE700072000000417373657274696F6E206661B1
:10BE8000696C65640000000054686520706879730F
:10BE90006963616C2064726976652063616E6E6FA0
:10BEA0007420776F726B0000436F756C64206E6F47
:10BEB000742066696E64207468652066696C65002C
:10BEC000436F756C64206E6F742066696E642074B5
:10BED00068652070617468005468652070617468DA
:10BEE000206E616D6520666F726D617420697320CC
:10BEF000696E76616C696400416363657373206485
:10BF0000656E6965642064756520746F2070726F5A
:10BF10006869626974656420616363657373206F27
:10BF200072206469726563746F72792066756C6CD7
:10BF3000000000004163636573732064656E69658A
:10BF4000642064756520746F2070726F686962691F
:10BF50007465642061636365737320286578697311
:10BF6000747329005468652066696C652F64697272
:10BF70006563746F7279206F626A65637420697398
:10BF800020696E76616C6964000000005468652069
:10BF9000706879736963616C206472697665206981
:10BFA000732077726974652070726F74656374654D
:10BFB00064000000546865206C6F676963616C20E1
:10BFC0006472697665206E756D6265722069732092
:10BFD000696E76616C69640054686520766F6C7573
:10BFE0006D6520686173206E6F20776F726B2061C2
:10BFF00072656120286D6F756E74290054686572D2
:10C0000065206973206E6F2076616C6964204641FB
:10C010005420766F6C756D650000000054686520D3
:10C02000665F6D6B667328292061626F7274656448
:10C030002064756520746F20616E792070726F6264
:10C040006C656D00436F756C64206E6F742067655E
:10C05000742061206772616E7420746F2061636365
:10C060006573732074686520766F6C756D652077D5
:10C07000697468696E20646566696E6564207065C0
:10C0800072696F6400000000546865206F7065720B
:10C090006174696F6E2069732072656A6563746587
:10C0A00064206163636F7264696E6720746F2074CB
:10C0B00068652066696C652073686172696E6720C7
:10C0C000706F6C69637900004C464E20776F726B1D
:10C0D000696E672062756666657220636F756C6451
:10C0E000206E6F7420626520616C6C6F6361746593
:10C0F000640000004E756D626572206F66206F707F
:10C10000656E2066696C6573203E2046465F465327
:10C110005F4C4F434B000000476976656E207061AD
:10C1200072616D6574657220697320696E76616CE9
:10C1300069640000444D41206368616E6E656C2047
:10C14000256420697320616C726561647920636C79
:10C1500061696D65640000004E6F20444D412063AD
:10C1600068616E6E656C73206172652061766169CD
:10C170006C61626C650000004E6F2050494F207367
:10C1800074617465206D616368696E6573206172A6
:10C190006520617661696C61626C6500446F6573EE
:10C1A000206E6F7420737570706F727420746F7569
:10C1B00063682D73637265656E2063616C6962727A
:10C1C0006174696F6E20696E207468697320646998
:10C1D00072656374696F6E00434C45415200000004
:10C1E000534156450000000054505F536176653A54
:10C1F000207361766520616C726561647920706579
:10C200006E64696E672E000054505F536176653A24
:10C210002074705F64617461206F72206D75746545
:10C2200078206E6F7420696E697469616C697A65D3
:10C23000642E000054505F536176653A2070726539
:10C24000706172696E672025757825752062697442
:10C250006D61702E0A00000054505F536176653A9C
:10C26000206D616C6C6F6328257529206661696C8F
:10C2700065642E0A0000000054505F536176653AF1
:10C28000206269746D617020636F706965643A2023
:10C29000257A752062797465732E0A0054505F53B5
:10C2A0006176653A20726571756573742073656E89
:10C2B0007420746F20436F726520312E00000000DF
:10C2C0002020202000000000474D5400545A000058
:10C2D0002531315B2D2B302D39412D5A612D7A5D61
:10C2E000256E00002531315B412D5A612D7A5D2587
:10C2F0006E000000256875256E3A256875256E3A32
:10C30000256875256E0000004D256875256E2E2563
:10C310006875256E2E256875256E00002F256875B9
:10C32000256E3A256875256E3A256875256E0000DC
:10C33000504F534958000000FFFFFFFFFFFFFF7FF2
:10C3400006005250D3F0754214B701100600525047
:10C35000E182887F1CB70110060052503ABCA91137
:10C360002CB7011006005250ABB3605330B7011028
:10C3700006005250BBFF3CB638B7011006005250C1
:10C38000861C030240B70110060052505422A29DA1
:10C3900048B7011005005250DE65F468843202107F
:10C3A000E84C0010984C0010984C0010E04C001025
:10C3B000984C0010984C0010984C0010984C0010AD
:10C3C000984C0010984C0010984C0010D84C00105D
:10C3D000984C0010D04C0010984C0010984C001055
:10C3E000C84C00109C4F0010FE4C0010964F0010DF
:10C3F000FE4C0010804F0010FE4C0010FE4C001050
:10C40000FE4C0010FE4C0010FE4C0010FE4C0010C4
:10C41000FE4C0010F04C0010FE4C0010FE4C0010C2
:10C42000FE4C0010FE4C0010FE4C0010F04C0010B2
:10C4300024500010524C0010524C0010524C00106E
:10C44000524C0010524C0010524C0010524C001034
:10C45000524C0010524C0010524C0010524C001024
:10C46000524C0010524C0010524C0010524C001014
:10C47000524C0010524C0010524C0010524C001004
:10C48000524C0010524C0010524C0010524C0010F4
:10C49000524C0010524C0010524C0010524C0010E4
:10C4A000524C0010524C0010524C0010524C0010D4
:10C4B000B04F0010F04F0010B04F0010524C001061
:10C4C000524C0010524C0010524C0010524C0010B4
:10C4D000524C0010524C0010524C0010524C0010A4
:10C4E000524C0010524C0010524C0010524C001094
:10C4F000524C0010524C0010524C0010C45100100D
:10C50000524C0010524C0010524C0010524C001073
:10C51000524C0010524C0010524C0010524C001063
:10C52000524C0010C451001036500010C45100107D
:10C53000B04F0010F04F0010B04F0010000000008E
:10C54000000000000000F03F000000000000244058
:10C5500000000000000059400000000000408F4033
:10C56000000000000088C34000000000006AF8409E
:10C570000000000080842E4100000000D0126341C2
:10C580000000000084D797410000000065CDCD4138
:10C590000D0A00000600525053B4F4A16CB701100C
:10C5A0000000000080B7011090B70110B0570120C3
:10C5B00098B70110A4B701100902540003010080CC
:10C5C0007D080B00020202000009040000010202C3
:10C5D00000040524002001052401000104240206B2
:10C5E0000524060001070581030800100904010065
:10C5F000020A00000007050202400000070582024F
:10C600004000000904020000FF00010512011002B1
:10C61000EF0201408A2E0A0000010102030100001E
:10C620000A00000000000306A60008000200020045
:10C630009C001400030057494E555342000000006F
:10C6400000000000000080000400010028004400F9
:10C650006500760069006300650049006E007400A3
:10C6600065007200660061006300650047005500C8
:10C670004900440000004E007B0062006300370068
:10C68000330039003800630031002D0037003300DB
:10C69000630064002D0034006300620037002D0049
:10C6A00039003800620038002D00390031003300B5
:10C6B00061003800660063006100370062006600B8
:10C6C00036007D0000000000050F2100011C100550
:10C6D00000DF60DDD88945C74C9CD2659D9E648A89
:10C6E0009F00000306A600010000000000000000FB
:10C6F00059640010000000005D64001069640010BF
:10C70000956400109164001000000000B8690010EA
:10C71000206B0010A86B0010F86A00100A6B001064
:10C72000E86A0010586A0010046A0010F8690010E6
:10C73000C06E0010A66E0010966C0010E06E001027
:10C74000966C00108E6E00107A6E0010966C0010C1
:10C75000666E0010766D0010966C00103E71001031
:10C760003071001024710010966C0010966C00104F
:10C770000E71001030710010966C0010966C001055
:10C78000966C0010966C0010966C0010966C001061
:10C79000966C0010C8700010DE0D0020DE0D002029
:10C7A000280E0020480E0020860E0020980E002043
:10C7B000D40D002000000000D97600104977001049
:10C7C0007D770010C977001071780010597900103A
:10C7D0000000000007000000000000000000000052
:10C7E00000000000809A45418E418F8045454549B3
:10C7F00049498E8F9092924F994F555559999A9BCE
:10C800009C9D9E9F41494F55A5A5A6A7A8A9AAAB47
:10C81000ACADAEAFB0B1B2B3B4B5B6B7B8B9BABBE0
:10C82000BCBDBEBFC0C1C2C3C4C5C6C7C8C9CACBD0
:10C83000CCCDCECFD0D1D2D3D4D5D6D7D8D9DADBC0
:10C84000DCDDDEDFE0E1E2E3E4E5E6E7E8E9EAEBB0
:10C85000ECEDEEEFF0F1F2F3F4F5F6F7F8F9FAFBA0
:10C86000FCFDFEFF01030507090E10121416181C2B
:10C870001E000000A2A0D0EBE5B9334487C068B623
:10C88000B72699C74546492050415254000001003F
:10C890004546492050415254000001005C00000010
:10C8A00000000200EEFEFF0001000000FFFFFFFF9E
:10C8B000D0F50010C2F50010BAF50010B2F5001066
:10C8C000AAF50010A2F500109AF5001092F50010DC
:10C8D000DAF500107D1D0100632C001E9601A01EDC
:10C8E0005A01001F0806101F0606201F0806301FE9
:10C8F0000806401F0606511F0700591F521F5B1FE5
:10C90000541F5D1F561F5F1F601F0806701F0E001B
:10C91000BA1FBB1FC81FC91FCA1FCB1FDA1FDB1FCF
:10C92000F81FF91FEA1FEB1FFA1FFB1F801F0806E5
:10C93000901F0806A01F0806B01F0400B81FB91FEB
:10C94000B21FBC1FCC1F0100C31FD01F0206E01F77
:10C950000206E51F0100EC1FF31F0100FC1F4E2122
:10C960000100322170211002842101008321D02492
:10C970001A05302C2F04602C0201672C0601752C3F
:10C980000201802C6401002D260841FF1A030000DB
:10C9900061001A03E0001703F8000703FF0001001D
:10C9A00078010001300132010601390110014A010C
:10C9B0002E017901060180014D00430281018201AF
:10C9C00082018401840186018701870189018A012E
:10C9D0008B018B018D018E018F01900191019101DD
:10C9E00093019401F60196019701980198013D0287
:10C9F0009B019C019D0120029F01A001A001A201B9
:10CA0000A201A401A401A601A701A701A901AA01ED
:10CA1000AB01AC01AC01AE01AF01AF01B101B2019C
:10CA2000B301B301B501B501B701B801B801BA014D
:10CA3000BB01BC01BC01BE01F701C001C101C201C3
:10CA4000C301C401C501C401C701C801C701CA01AE
:10CA5000CB01CA01CD011001DD0101008E01DE0113
:10CA60001201F3010300F101F401F401F8012801BE
:10CA7000220212013A020900652C3B023B023D02F0
:10CA8000662C3F0240024102410246020A01530263
:10CA9000400081018601550289018A0158028F01F7
:10CAA0005A0290015C025D025E025F029301610224
:10CAB00062029401640265026602670297019601B0
:10CAC0006A02622C6C026D026E029C01700271029D
:10CAD0009D01730274029F01760277027802790247
:10CAE0007A027B027C02642C7E027F02A601810214
:10CAF0008202A9018402850286028702AE014402F5
:10CB0000B101B20145028D028E028F0290029102A4
:10CB1000B7017B030300FD03FE03FF03AC03040026
:10CB20008603880389038A03B1031103C203020049
:10CB3000A303A303C4030803CC0303008C038E03E5
:10CB40008F03D8031801F2030A00F903F303F40377
:10CB5000F503F603F703F703F903FA03FA033004C6
:10CB6000200350041007600422018A043601C10426
:10CB70000E01CF040100C004D00444016105260465
:10CB800000000000C700FC00E900E200E400E00053
:10CB9000E500E700EA00EB00E800EF00EE00EC0043
:10CBA000C400C500C900E600C600F400F600F200AB
:10CBB000FB00F900FF00D600DC00A200A300A500E6
:10CBC000A7209201E100ED00F300FA00F100D1008E
:10CBD000AA00BA00BF001023AC00BD00BC00A10039
:10CBE000AB00BB00912592259325022524256125C4
:10CBF0006225562555256325512557255D255C253C
:10CC00005B251025142534252C251C2500253C25C5
:10CC10005E255F255A255425692566256025502502
:10CC20006C256725682564256525592558255225D5
:10CC300053256B256A2518250C25882584258C25E8
:10CC400090258025B103DF009303C003A303C30332
:10CC5000B500C403A6039803A903B4031E22C603A8
:10CC6000B50329226122B1006522642220232123F9
:10CC7000F7004822B0001922B7001A227F20B20024
:10CC8000A025A00073645F636172645F646574656E
:10CC9000637400007270323034305F7364696F5FA8
:10CCA00074785F706F6C6C007364696F5F76657227
:10CCB0006966795F72785F636865636B73756D73BE
:10CCC000000000007270323034305F7364696F5F4F
:10CCD000636F6D6D616E645F523100006368656300
:10CCE0006B5F7364696F5F77726974655F72657398
:10CCF000706F6E736500000000122436485A6C7E17
:10CD00009082B4A6D8CAFCEE322016047A685E4C33
:10CD1000A2B08694EAF8CEDC647640522C3E081A23
:10CD2000F4E6D0C2BCAE988A564472601E0C3A2813
:10CD3000C6D4E2F08E9CAAB8C8DAECFE8092A4B603
:10CD4000584A7C6E10023426FAE8DECCB2A09684F3
:10CD50006A784E5C22300614ACBE889AE4F6C0D2E3
:10CD60003C2E180A746650429E8CBAA8D6C4F2E0D3
:10CD70000E1C2A38465462708290A6B4CAD8EEFCC3
:10CD8000120036245A487E6CB0A29486F8EADCCEB3
:10CD900020320416687A4C5EE6F4C2D0AEBC8A98A3
:10CDA000766452403E2C1A08D4C6F0E29C8EB8AA93
:10CDB000445660720C1E283A4A586E7C0210263483
:10CDC000DAC8FEEC9280B6A4786A5C4E3022140673
:10CDD000E8FACCDEA0B284962E3C0A186674425063
:10CDE000BEAC9A88F6E4D2C01C0E382A5446706253
:10CDF0008C9EA8BAC4D6E0F200CE011009FF000054
:10CE00003220B2240461420180E101418501A02168
:10CE1000208100001CCE011005FF000022A0202070
:10CE2000B22304424300000030CE011012FF000084
:10CE3000E3B14DA161116061287101E181F10161EE
:10CE4000471180E1287142A1311142A1CD11014168
:10CE50004F11208104BC011010BC01101CBC01103A
:10CE60004CBC011068BC0110A4BC0110CCBC01106A
:10CE7000F0BC011018BD011073645F7364696F5FCB
:10CE800072656164536563746F72730073645F737A
:10CE900064696F5F72656164536563746F720000EB
:10CEA00073645F7364696F5F7772697465536563F8
:10CEB000746F72730000000073645F7364696F5F66
:10CEC0007772697465536563746F720073645F731E
:10CED00064696F5F73746F705472616E736D6973A0
:10CEE00073696F6E000000006C6F67534445727287
:10CEF0006F72000073645F7364696F5F6265676976
:10CF00006E00000073656E645F626C6F636B00009F
:10CF100073645F696E69745F6D656469756D000047
:10CF200073645F636172645F7370695F696E697473
:10CF3000000000000000102120423063408450A512
:10CF400060C670E781089129A14AB16BC18CD1AD4F
:10CF5000E1CEF1EF123102103273225252B54294F7
:10CF600072F762D693398318B37BA35AD3BDC39C9F
:10CF7000F3FFE3DE246234430420140164E674C743
:10CF800044A45485A56AB54B85289509E5EEF5CFEF
:10CF9000C5ACD58D365326721611063076D766F697
:10CFA000569546B4B75BA77A97198738F7DFE7FE3F
:10CFB000D79DC7BC48C458E5688678A70840186163
:10CFC00028023823C9CCD9EDE98EF9AF894899698F
:10CFD000A90AB92B5AF54AD47AB76A961A710A5037
:10CFE0003A332A12DBFDCBDCFBBFEB9E9B798B58DF
:10CFF000BB3BAB1A6CA67C874CE45CC52C223C0383
:10D000000C601C41EDAEFD8FCDECDDCDAD2ABD0B2E
:10D010008D689D497E976EB65ED54EF43E132E32D6
:10D020001E510E70FF9FEFBEDFDDCFFCBF1BAF3A7E
:10D030009F598F78918881A9B1CAA1EBD10CC12DDC
:10D04000F14EE16F108000A130C220E35004402572
:10D050007046606783B99398A3FBB3DAC33DD31CD2
:10D06000E37FF35E02B1129022F332D242355214C2
:10D0700062777256B5EAA5CB95A88589F56EE54F1E
:10D08000D52CC50D34E224C314A004817466644712
:10D0900054244405A7DBB7FA879997B8E75FF77E72
:10D0A000C71DD73C26D336F2069116B06657767662
:10D0B00046155634D94CC96DF90EE92F99C889E93E
:10D0C000B98AA9AB584448657806682718C008E1B2
:10D0D000388228A3CB7DDB5CEB3FFB1E8BF99BD812
:10D0E000ABBBBB9A4A755A546A377A160AF11AD002
:10D0F0002AB33A92FD2EED0FDD6CCD4DBDAAAD8B5E
:10D100009DE88DC97C266C075C644C453CA22C8351
:10D110001CE00CC1EF1FFF3ECF5DDF7CAF9BBFBAB1
:10D120008FD99FF86E177E364E555E742E933EB2A1
:10D130000ED11EF00000333166625553CCC4FFF5AA
:10D14000AAA6999789A9BA98EFCBDCFA456D765CC7
:10D15000230F103E0373304265115620CFB7FC8673
:10D16000A9D59AE48ADAB9EBECB8DF89461E752FA7
:10D17000207C134D06E635D7608453B5CA22F913D7
:10D18000AC409F718F4FBC7EE92DDA1C438B70BA87
:10D1900025E916D8059536A463F750C6C951FA603B
:10D1A000AF339C028C3CBF0DEA5ED96F40F873C967
:10D1B000269A15AB0DCC3EFD6BAE589FC108F239D7
:10D1C000A76A945B8465B754E207D13648A17B9087
:10D1D0002EC31DF20EBF3D8E68DD5BECC27BF14AB3
:10D1E000A41997288716B427E174D2454BD278E367
:10D1F0002DB01E810B2A381B6D485E79C7EEF4DF17
:10D20000A18C92BD8283B1B2E4E1D7D04E477D7646
:10D2100028251B1408593B686E3B5D0AC49DF7AC7A
:10D22000A2FF91CE81F0B2C1E792D4A34D347E0526
:10D230002B5618671B9828A97DFA4ECBD75CE46D56
:10D24000B13E820F9231A100F453C7625EF56DC406
:10D2500038970BA618EB2BDA7E894DB8D42FE71E32
:10D26000B24D817C9142A273F720C4115D866EB7E6
:10D270003BE408D51D7E2E4F7B1C482DD1BAE28B96
:10D28000B7D884E994D7A7E6F2B5C18458136B22C6
:10D290003E710D401E0D2D3C786F4B5ED2C9E1F8FA
:10D2A000B4AB879A97A4A495F1C6C2F75B606851A6
:10D2B0003D020E331654256570364307DA90E9A116
:10D2C000BCF28FC39FFDACCCF99FCAAE5339600846
:10D2D000355B066A1527261673454074D9E3EAD2F2
:10D2E000BF818CB09C8EAFBFFAECC9DD504A637B26
:10D2F0003628051910B2238376D045E1DC76EF4756
:10D30000BA148925991BAA2AFF79CC4855DF66EE05
:10D3100033BD008C13C120F075A34692DF05EC34B9
:10D32000B9678A569A68A959FC0ACF3B56AC659DE5
:10D3300030CE03FF000037306E605950DCC0EBF098
:10D34000B2A08590A9A19E91C7C1F0F1756142512B
:10D350001B012C31436374532D031A339FA3A893ED
:10D36000F1C3C6F3EAC2DDF284A2B39236020132FF
:10D3700058626F5286C6B1F6E8A6DF965A066D3639
:10D38000346603562F67185741077637F3A7C497BB
:10D390009DC7AAF7C5A5F295ABC59CF519652E5595
:10D3A000770540356C045B3402643554B0C487F4AF
:10D3B000DEA4E9941DAD2A9D73CD44FDC16DF65DDB
:10D3C000AF0D983DB40C833CDA6CED5C68CC5FFC2F
:10D3D00006AC319C5ECE69FE30AE079E820EB53E35
:10D3E000EC6EDB5EF76FC05F990FAE3F2BAF1C9FFB
:10D3F00045CF72FF9B6BAC5BF50BC23B47AB709BA1
:10D4000029CB1EFB32CA05FA5CAA6B9AEE0AD93AFE
:10D41000806AB75AD808EF38B668815804C833F81C
:10D420006AA85D9871A946991FC928F9AD699A59EA
:10D43000C309F4393B5A0C6A553A620AE79AD0AAF2
:10D4400089FABECA92FBA5CBFC9BCBAB4E3B790BBA
:10D45000205B176B78394F0916592169A4F993C9D4
:10D46000CA99FDA9D198E6A8BFF888C80D583A68AE
:10D4700063385408BD9C8AACD3FCE4CC615C566C28
:10D480000F3C380C143D230D7A5D4D6DC8FDFFCD6A
:10D49000A69D91ADFEFFC9CF909FA7AF223F150F6C
:10D4A0004C5F7B6F575E606E393E0E0E8B9EBCAE3E
:10D4B000E5FED2CE26F711C748977FA7FA37CD07EA
:10D4C0009457A3678F56B866E136D606539664A67E
:10D4D0003DF60AC6659452A40BF43CC4B9548E645C
:10D4E000D734E004CC35FB05A255956510F527C56A
:10D4F0007E9549A5A0319701CE51F9617CF14BC1D0
:10D50000129125A109903EA067F050C0D550E2606D
:10D51000BB308C00E352D4628D32BA023F9208A233
:10D5200051F266C24AF37DC3249313A39633A10339
:10D53000F853CF63000076B4ED689BDCCAF1BC45BC
:10D540002799512D85C3F37768AB1E1F4F3239865B
:10D55000A25AD4EE1BA76D13F6CF807BD156A7E25B
:10D560003C3E4A8A9E64E8D0730C05B8549522214B
:10D57000B9FDCF49374E41FADA26AC92FDBF8B0B8D
:10D5800010D76663B28DC4395FE52951787C0EC827
:10D590009514E3A02CE95A5DC181B735E61890AC2B
:10D5A0000B707DC4A92ADF9E444232F663DB156FFF
:10D5B0008EB3F8076E9C182883F4F540A46DD2D979
:10D5C00049053FB1EB5F9DEB0637708321AE571ADB
:10D5D000CCC6BA72753B038F9853EEE7BFCAC97EBB
:10D5E00052A22416F0F8864C1D906B243A094CBDCB
:10D5F000D761A1D559D22F66B4BAC20E9323E5974D
:10D600007E4B08FFDC11AAA5317947CD16E06054A6
:10D61000FB888D3C427534C1AF1DD9A98884FE308A
:10D6200065EC1358C7B6B1022ADE5C6A0D477BF37E
:10D63000E02F969BDD38AB8C305046E417C9617DF6
:10D64000FAA18C1558FB2E4FB593C327920AE4BE5E
:10D650007F6209D6C69FB02B2BF75D430C6E7ADA3A
:10D66000E10697B2435C35E8AE34D88089ADFF1946
:10D6700064C51271EA769CC2071E71AA20875633D0
:10D68000CDEFBB5B6FB5190182DDF469A544D3F022
:10D69000482C3E98F1D187651CB96A0D3B204D940A
:10D6A000D648A0FC741202A6997AEFCEBEE3C85702
:10D6B000538B253FB3A4C5105ECC287879550FE174
:10D6C000943DE289366740D3DB0FADBBFC968A22DE
:10D6D00011FE674AA803DEB7456B33DF62F21446DA
:10D6E0008F9AF92E2DC05B74C0A8B61CE7319185C6
:10D6F0000A597CED84EAF25E69821F364E1B38AF10
:10D70000A373D5C70129779DEC419AF5CBD8BD6CA1
:10D7100026B050049F4DE9F97225049155BC2308A9
:10D72000B8D4CE601A8E6C3AF7E68152D07FA6CB81
:10D730003D174BA30000AA514483EED2890623571C
:10D74000CD8567D4022DA87C46AEECFF8B2B217AC9
:10D75000CFA865F9045AAE0B40D9EA888D5C270D35
:10D76000C9DF638E0677AC2642F4E8A58F712520C9
:10D77000CBF261A308B4A2E54C37E66681B22BE395
:10D78000C5316F600A99A0C84E1AE44B839F29CE19
:10D79000C71C6D4D0CEEA6BF486DE23C85E82FB965
:10D7A000C16B6B3A0EC3A4924A40E01187C52D9419
:10D7B000C34669171168BB3955EBFFBA986E323F03
:10D7C000DCED76BC1345B91457C6FD979A43301269
:10D7D000DEC074911532BF6351B1FBE09C343665F5
:10D7E000D8B772E6171FBD4E539CF9CD9E19344829
:10D7F000DA9A70CB19DCB38D5D5FF70E90DA3A8B55
:10D80000D4597E081BF1B1A05F72F52392F738A6B8
:10D81000D6747C251D86B7D75905F35494803ED124
:10D82000D0037A521FABB5FA5B28F17996AD3CFC78
:10D83000D22E787F22D088816653CC02ABD6018766
:10D84000EF55450420FD8AAC647ECE2FA9FB03AAC8
:10D85000ED784729268A8CDB6209C858AF8C05DD34
:10D86000EB0F415E24A78EF66024CA75ADA107F0C8
:10D87000E92243732A6480356EE7C4B6A362093394
:10D88000E7E14DB0284982186CCAC69BA14F0B1E18
:10D89000E5CC4F9D2E3E846F6ABDC0ECA7380D6964
:10D8A000E3BB49EA2C1386426890C2C1A5150F4418
:10D8B000E1964BC733B899E9773BDD6ABABE10EF02
:10D8C000FE3D546C31959BC47516DF47B89312C268
:10D8D000FC10564137E29DB37361D930BEE414B5F4
:10D8E000FA67503635CF9F9E714CDB1DBCC9169828
:10D8F000F84A521B3B0C915D7F8FD5DEB20A185B54
:10D90000F6895CD8392193707DA2D7F3B0271A76B7
:10D91000F4A45EF53F5695077BD5D184B6501C0123
:10D92000F2D358823D7B972A79F8D3A9B47D1E2C77
:10D93000F0FE5AAF000045A08B40CEE006A14301A7
:10D940008DE1C8410D4248E28602C3A20BE34E437B
:10D9500080A3C5031A845F2491C4D4641C2559850F
:10D960009765D2C517C652669C86D926116754C7DB
:10D970009A27DF87350870A8BE48FBE833A97609E7
:10D98000B8E9FD49384A7DEAB30AF6AA3EEB7B4B7B
:10D99000B5ABF00B2F8C6A2CA4CCE16C292D6C8DCF
:10D9A000A26DE7CD22CE676EA98EEC2E246F61CFDB
:10D9B000AF2FEA8F6A102FB0E150A4F06CB129119B
:10D9C000E7F1A251675222F2EC12A9B261F324539B
:10D9D000EAB3AF1370943534FBD4BE747635339507
:10D9E000FD75B8D57DD63876F696B3367B773ED7BB
:10D9F000F037B5975F181AB8D45891F859B91C196F
:10DA0000D2F99759525A17FAD91A9CBA54FB115B9A
:10DA1000DFBB9A1B459C003CCEDC8B7C433D069DC6
:10DA2000C87D8DDD48DE0D7EC39E863E4E7F0BDFBA
:10DA3000C53F809FD42091805F601AC0D28197211A
:10DA400059C11C61D9629CC252221782DFC39A63FA
:10DA500054831123CEA48B0445E40044C8058DA54E
:10DA6000434506E5C3E6864648A60D06C54780E75A
:10DA70004E070BA7E128A4886A682FC8E789A22966
:10DA80006CC92969EC6AA9CA672A228AEACBAF6BFA
:10DA9000618B242BFBACBE0C70EC354CFD0DB8AD8E
:10DAA000764D33EDF6EEB34E7DAE380EF04FB5EF5A
:10DAB0007B0F3EAFBE30FB90357070D0B891FD311A
:10DAC00033D17671B372F6D238327D92B5D3F0731A
:10DAD0003E937B33A4B4E1142FF46A54A215E7B546
:10DAE00029556CF5A9F6EC5622B66716AF57EAF73A
:10DAF000241761B78B38CE98007845D88D99C839EE
:10DB000006D94379867AC3DA0D3A489A80DBC57B19
:10DB10000B9B4E3B91BCD41C1AFC5F5C971DD2BD85
:10DB20001C5D59FD9CFED95E17BE521E9A5FDFFF39
:10DB3000111F54BF0000B86160E3D882C1C679A745
:10DB4000A125194493AD2BCCF34E4B2F526BEA0A0F
:10DB500032888AE9377B8F1A5798EFF9F6BD4EDC89
:10DB6000965E2E3FA4D61CB7C4357C546510DD717B
:10DB700005F3BD926EF6D6970E15B674AF301751F9
:10DB8000CFD377B2FD5B453A9DB825D93C9D84FC47
:10DB90005C7EE41F598DE1EC396E810F984B202A91
:10DBA000F8A840C9CA207241AAC312A20BE6B387E3
:10DBB0006B05D364DDEC658DBD0F056E1C2AA44B8F
:10DBC0007CC9C4A84E41F6202EA296C38F8737E6A3
:10DBD000EF645705EA9752F68A7432152B51933049
:10DBE0004BB2F3D3793AC15B19D9A1B8B8FC009D07
:10DBF000D81F607EB31A0B7BD3F96B9872DCCABD59
:10DC0000123FAA5E20B798D64054F835E1715910FA
:10DC1000819239F384613C00E4825CE345A7FDC650
:10DC200025449D2517CCAFAD772FCF4ED60A6E6B0E
:10DC3000B6E90E88ABF91398CB1A737B6A3FD25EB4
:10DC40000ADCB2BD3854803558B7E0D6F99241F3BA
:10DC5000997121109C8224E3FC6144005D44E52518
:10DC60003DA785C60F2FB74E6FCCD7ADCEE97688CE
:10DC7000AE0A166BC50F7D6EA5EC1D8D04C9BCA840
:10DC8000642ADC4B56A2EEC336418E2097642F05E2
:10DC9000F7874FE6F2744A1592972AF633B28BD380
:10DCA0005351EB3061D9D9B8013AB95BA01F187E46
:10DCB000C0FC789D7615CE7416F6AE97B7D30FB22A
:10DCC000D7306F51E5B85DD9855B3D3A247E9C1F06
:10DCD000449DFCFC416EF90F218D99EC80A838C958
:10DCE000E04B582AD2C36AA2B2200A411305AB64A2
:10DCF00073E6CB8718E3A0827800C061D925614420
:10DD0000B9C601A78B4E332FEBAD53CC4A88F2E94D
:10DD10002A6B920A2F9897F94F7BF71AEE5E563FBF
:10DD20008EBD36DCBC350454DCD664B77DF3C592B9
:10DD30001D10A571000047D38FA6C8750F6D48BE92
:10DD400080CBC7181EDA5909917CD6AF11B756643B
:10DD50009E11D9C23DB47A67B212F5C132D9750AA3
:10DD6000BD7FFAAC236E64BDACC8EB1B2C036BD03B
:10DD7000A3A5E4767B683CBBF4CEB31D740533D613
:10DD8000FBA3BC7065B22261EA14ADC76ADF2D0C3B
:10DD9000E579A2AA46DC010FC97A8EA949B10E62C3
:10DDA000C61781C458061FD5D7A09073576B10B8FB
:10DDB000D8CD9F1EF6D0B10379763EA5F9BDBE6ED3
:10DDC000761B31C8E80AAFD967AC207FE767A0B4FB
:10DDD00068C12F12CB648CB744C20311C40983DA23
:10DDE0004BAF0C7CD5BE926D5A181DCBDAD39D007B
:10DDF000557512A68DB8CA6B021E45CD82D5C506D3
:10DE00000D734AA09362D4B11CC45B179C0FDBDC7A
:10DE100013A9547AB00CF7DF3FAA7879BF61F8B242
:10DE200030C77714AED6E905217066A3A1BBE668BA
:10DE30002E1D69CEFD81BA52722735F4F2ECB53F42
:10DE40007D4A3A99E35BA4886CFD2B2EEC36ABE55A
:10DE500063902443C03587E64F930840CF58888BA2
:10DE600040FE072DDEEF993C5149169AD18296511A
:10DE70005E2419F786E9C13A094F4E9C8984CE5732
:10DE8000062241F19833DFE017955046975ED08D1A
:10DE900018F85F2BBB5DFC8E34FB7328B430F3E3C2
:10DEA0003B967C45A587E2542A216DF2AAEAED391A
:10DEB000254C629F0B514C8284F7C324043C43EFF2
:10DEC0008B9ACC49158B52589A2DDDFE1AE65D359A
:10DED0009540D29336E57136B943FE9039887E5B22
:10DEE000B62EF1FD283F6FECA799E04A27526081DA
:10DEF000A8F4EF27703937EAFF9FB84C7F54388772
:10DF0000F0F2B7216EE32930E145A696618E265DD9
:10DF1000EE28A9FB4D8D0A5EC22B85F842E0053341
:10DF2000CD468A9553571484DCF19B225C3A1BE959
:10DF3000D39C944F00002110422063308440A550B0
:10DF4000C660E770088129914AA16BB18CC1ADD13F
:10DF5000CEE1EFF13112100273325222B5529442E7
:10DF6000F772D662399318837BB35AA3BDD39CC38F
:10DF7000FFF3DEE36224433420040114E664C77433
:10DF8000A44485546AA54BB528850995EEE5CFF5DF
:10DF9000ACC58DD55336722611163006D776F66687
:10DFA0009556B4465BB77AA719973887DFF7FEE72F
:10DFB0009DD7BCC7C448E5588668A7784008611853
:10DFC00002282338CCC9EDD98EE9AFF9488969997F
:10DFD0000AA92BB9F55AD44AB77A966A711A500A27
:10DFE000333A122AFDDBDCCBBFFB9EEB799B588BCF
:10DFF0003BBB1AABA66C877CE44CC55C222C033C73
:10E00000600C411CAEED8FFDECCDCDDD2AAD0BBD1E
:10E01000688D499D977EB66ED55EF44E133E322EC6
:10E02000511E700E9FFFBEEFDDDFFCCF1BBF3AAF6E
:10E03000599F788F8891A981CAB1EBA10CD12DC1CC
:10E040004EF16FE18010A100C230E3200450254062
:10E0500046706760B9839893FBA3DAB33DC31CD3C2
:10E060007FE35EF3B1029012F322D23235421452B2
:10E0700077625672EAB5CBA5A89589856EF54FE50E
:10E080002CD50DC5E234C324A01481046674476402
:10E0900024540544DBA7FAB79987B8975FE77EF762
:10E0A0001DC73CD7D326F2369106B0165766767652
:10E0B000154634564CD96DC90EF92FE9C899E9892E
:10E0C0008AB9ABA94458654806782768C018E108A2
:10E0D0008238A3287DCB5CDB3FEB1EFBF98BD89B02
:10E0E000BBAB9ABB754A545A376A167AF10AD01AF2
:10E0F000B32A923A2EFD0FED6CDD4DCDAABD8BAD4E
:10E10000E89DC98D267C076C645C454CA23C832C41
:10E11000E01CC10C1FEF3EFF5DCF7CDF9BAFBABFA1
:10E12000D98FF89F176E367E554E745E932EB23E91
:10E13000D10EF01E0009121B242D363F48415A53C0
:10E140006C657E7719100B023D342F265158434AD7
:10E15000757C676E323B2029161F040D7A73686147
:10E160005E574C452B2239300F061D14636A7178B7
:10E17000474E555C646D767F4049525B2C253E3797
:10E1800008011A137D746F6659504B42353C272E97
:10E190001118030A565F444D727B60691E170C0507
:10E1A0003A3328214F465D546B627970070E151C77
:10E1B000232A31384148535A656C777E09001B1277
:10E1C0002D243F3658514A437C756E671019020B57
:10E1D000343D262F737A6168575E454C3B322920C7
:10E1E0001F160D046A6378714E475C55222B303937
:10E1F000060F141D252C373E0108131A6D647F7617
:10E2000049405B523C352E2718110A03747D666F16
:10E210005059424B171E050C333A21285F564D4486
:10E220007B7269600E071C152A233831464F545DF6
:10E23000626B707930BE01103CBE011074BE0110DB
:10E2400088BE0110A8BE0110C0BE0110D8BE0110CA
:10E25000F8BE011034BF011064BF01108CBF011063
:10E26000B4BF0110D8BF0110FCBF01101CC00110C9
:10E2700044C0011088C00110C8C00110F4C00110D2
:10E2800018C101108C400110684001106C40011051
:10E29000684001106C400110684001106840011096
:10E2A000684001108840011068400110684001106A
:10E2B000684001106840011068400110684001107A
:10E2C000684001108840011068400110684001104A
:10E2D000684001106840011068400110684001105A
:10E2E000684001106840011068400110684001104A
:10E2F000684001106840011068400110684001103A
:10E300006840011070400110E4400110C04001104D
:10E31000C4400110C0400110C4400110C0400110B1
:10E32000C0400110C0400110E0400110C040011089
:10E33000C0400110C0400110C0400110C040011099
:10E34000C0400110C0400110E0400110C040011069
:10E35000C0400110C0400110C0400110C040011079
:10E36000C0400110C0400110C0400110C040011069
:10E37000C0400110C0400110C0400110C040011059
:10E38000C0400110C0400110C840011022006200CE
:10E390000200420022000200620042000800080061
:10E3A00008000800280028002800280000000000BD
:10E3B000000000000000000000000000000000005D
:10E3C00000000000000000000000000000000C0041
:10E3D0000C000C000C000C000C000C000C000000E9
:10E3E0000C00000000000000000000000000000021
:10E3F0001DC01DC0088008800880000000000000CB
:10E4000000000000000000000000000000000D807F
:10E410000D800D800D803FC01B003FC01B001B0006
:10E420001B001B00000000000000000004001F8013
:10E430003180318038001E000F0003803180318030
:10E440003F0004000400000000000000000018006D
:10E450002400240018C007801E00318002400240C2
:10E46000018000000000000000000000000000002B
:10E470000F001800180018000C001D803700330032
:10E480001D800000000000000000000000000000EF
:10E490000700070002000200020000000000000068
:10E4A0000000000000000000000000000000030069
:10E4B000030006000E000C000C000C000C000E0007
:10E4C0000600030003000000000000000000180028
:10E4D00018000C00060006000600060006000600F4
:10E4E0000C001C00180000000000000000000600E6
:10E4F00006003FC03FC00F001F80198000000000D1
:10E50000000000000000000000000000000000000B
:10E5100000000400040004003F8004000400040024
:10E5200000000000000000000000000000000000EB
:10E5300000000000000000000000000000000600D5
:10E5400004000C00080008000000000000000000AB
:10E5500000000000000000003F80000000000000FC
:10E5600000000000000000000000000000000000AB
:10E5700000000000000000000000000000000C008F
:10E580000C000000000000000000000000C000C0FF
:10E59000018001800300030006000C000C0018003D
:10E5A00018003000300000000000000000000E00E5
:10E5B0001B003180318031803180318031801B00FF
:10E5C0000E00000000000000000000000000060037
:10E5D0003E000600060006000600060006000600D3
:10E5E0003FC00000000000000000000000000F001D
:10E5F000198031803180030006000C0018003000C3
:10E600003F800000000000000000000000003F000C
:10E610006180018003001F00038001800180618010
:10E620003F000000000000000000000000000700A4
:10E6300007000F000B001B00130033003F80030096
:10E640000F800000000000000000000000001F809C
:10E650001800180018001F0011800180018021801F
:10E660001F00000000000000000000000000078004
:10E670001C0018003000370039803180318019804B
:10E680000F000000000000000000000000007F00FC
:10E690004300030006000600060006000C000C0004
:10E6A0000C000000000000000000000000001F003F
:10E6B0003180318031801F00318031803180318064
:10E6C0001F000000000000000000000000001E000D
:10E6D00033003180318033801D80018003000700CA
:10E6E0003C000000000000000000000000000000EE
:10E6F000000000000C000C000000000000000C00F6
:10E700000C000000000000000000000000000000FD
:10E7100000000000030003000000000000000600ED
:10E7200004000800080000000000000000000000D5
:10E7300000C003000400180060001800040003007B
:10E7400000C0000000000000000000000000000009
:10E750000000000000007FC000007FC0000000003B
:10E7600000000000000000000000000000000000A9
:10E77000600018000400030000C00300040018003B
:10E780006000000000000000000000000000000029
:10E790001F0031803180018007000C000C00000058
:10E7A0000C000000000000000000000000000E004F
:10E7B0001100210021002700290029002700200046
:10E7C00011000E000000000000000000000000002A
:10E7D0003F000F000900198019801F8030C030C031
:10E7E00079E00000000000000000000000000000D0
:10E7F0007F003180318031803F0031803180318035
:10E800007F00000000000000000000000000000089
:10E810001F4030C060406000600060006040308099
:10E820001F000000000000000000000000000000C9
:10E830007F00318030C030C030C030C030C0318047
:10E840007F00000000000000000000000000000049
:10E850007F803080308032003E0032003080308057
:10E860007F800000000000000000000000000000A9
:10E870007FC03040304032003E0032003000300077
:10E880007C0000000000000000000000000000000C
:10E890001E80318060806000600067C061803180D0
:10E8A0001F00000000000000000000000000000049
:10E8B0007BC03180318031803F8031803180318038
:10E8C0007BC000000000000000000000000000000D
:10E8D0003FC006000600060006000600060006000F
:10E8E0003FC0000000000000000000000000000029
:10E8F0001FC0030003000300030063006300630004
:10E900003E000000000000000000000000000000C9
:10E910007BC03180330036003C003E003300318044
:10E9200079C00000000000000000000000000000AE
:10E930007E001800180018001800184018401840F1
:10E940007FC0000000000000000000000000000088
:10E95000E0E060C071C07BC06AC06EC064C060C0CF
:10E96000FBE00000000000000000000000000000CC
:10E9700073C0318039803D8035803780338031806D
:10E98000798000000000000000000000000000008E
:10E990001F00318060C060C060C060C060C0318056
:10E9A0001F00000000000000000000000000000048
:10E9B0007F0031803180318031803F003000300075
:10E9C0007E000000000000000000000000000000C9
:10E9D0001F00318060C060C060C060C060C0318016
:10E9E0001F000CC01F80000000000000000000009D
:10E9F0007F003180318031803E00330031803180B2
:10EA00007CE00000000000000000000000000000AA
:10EA10001F803180318038001F00038031803180B9
:10EA20003F000000000000000000000000000000A7
:10EA30007F804C804C804C800C000C000C000C0043
:10EA40003F00000000000000000000000000000087
:10EA50007BC03180318031803180318031803180A4
:10EA60001F00000000000000000000000000000087
:10EA70007BC0318031801B001B001B000A000E0090
:10EA80000E00000000000000000000000000000078
:10EA9000FBE060C064C06EC06EC02A803B803B80DB
:10EAA00031800000000000000000000000000000B5
:10EAB0007BC031801B000E000E000E001B00318059
:10EAC0007BC000000000000000000000000000000B
:10EAD00079E030C019800F0006000600060006002D
:10EAE0001F80000000000000000000000000000087
:10EAF0003F8021802300060004000C001880308035
:10EB00003F800000000000000000000000000780BF
:10EB100006000600060006000600060006000600C5
:10EB200006000600078000000000000030003000F2
:10EB3000180018000C000C00060003000300018000
:10EB4000018000C000C000000000000000001E00A6
:10EB50000600060006000600060006000600060085
:10EB6000060006001E0000000000000004000A006D
:10EB70000A0011002080208000000000000000003A
:10EB80000000000000000000000000000000000085
:10EB90000000000000000000000000000000000075
:10EBA00000000000000000000000FFE0080004007A
:10EBB0000200000000000000000000000000000053
:10EBC0000000000000000000000000000000000045
:10EBD000000000001F00018001801F803180338011
:10EBE0001DC00000000000000000000000007000D8
:10EBF000300030003700398030C030C030C039803C
:10EC0000770000000000000000000000000000008D
:10EC1000000000001E8031806080600060803180D4
:10EC20001F00000000000000000000000000038042
:10EC3000018001801D80338061806180618033802C
:10EC40001DC00000000000000000000000000000E7
:10EC5000000000001F00318060C07FC0600030C035
:10EC60001F8000000000000000000000000007E01E
:10EC70000C000C003F800C000C000C000C000C0081
:10EC80003F800000000000000000000000000000C5
:10EC9000000000001DC0338061806180618033808E
:10ECA0001D80018001801F00000000000000700036
:10ECB0003000300037003980318031803180318040
:10ECC0007BC0000000000000000000000000060003
:10ECD000060000001E0006000600060006000600F2
:10ECE0003FC000000000000000000000000006001F
:10ECF000060000003F0003000300030003000300C0
:10ED00000300030003003E0000000000000070004C
:10ED100030003000378036003C003C0036003300C5
:10ED200077C00000000000000000000000001E008E
:10ED300006000600060006000600060006000600A3
:10ED40003FC00000000000000000000000000000C4
:10ED5000000000007F8036C036C036C036C036C0E6
:10ED600076E000000000000000000000000000004D
:10ED7000000000007700398031803180318031809F
:10ED80007BC0000000000000000000000000000048
:10ED9000000000001F00318060C060C060C0318092
:10EDA0001F00000000000000000000000000000044
:10EDB000000000007700398030C030C030C039809A
:10EDC0003700300030007C00000000000000000030
:10EDD000000000001DC0338061806180618033804D
:10EDE0001D800180018007C00000000000000000BD
:10EDF000000000007B801CC01800180018001800DC
:10EE00007F00000000000000000000000000000083
:10EE1000000000001F8031803C001F000380318013
:10EE20003F0000000000000000000000000018008B
:10EE3000180018007F00180018001800180018802B
:10EE40000F000000000000000000000000000000B3
:10EE50000000000073803180318031803180338048
:10EE60001DC00000000000000000000000000000C5
:10EE7000000000007BC0318031801B001B000E00B1
:10EE80000E00000000000000000000000000000074
:10EE900000000000F1E060C064C06EC03B803B80B9
:10EEA00031800000000000000000000000000000B1
:10EEB000000000007BC01B000E000E000E001B00B7
:10EEC0007BC0000000000000000000000000000007
:10EED0000000000079E030C0198019800B000F009D
:10EEE000060006000C003E000000000000000000CC
:10EEF000000000003F80218003000E0018003080D9
:10EF00003F8000000000000000000000000006003C
:10EF10000C000C000C000C000C0018000C000C0085
:10EF20000C000C00060000000000000000000600BD
:10EF300006000600060006000600060006000600A1
:10EF400006000600060000000000000000000C00A3
:10EF50000600060006000600060003000600060084
:10EF6000060006000C000000000000000000000089
:10EF700000000000000018002480030000000000D2
:10EF80000000000000000000000000001F00000062
:10EF90001C0000001F0000001E0000001F000000F9
:10EFA0001E0000001F0000001F0000001E000000E7
:10EFB0001F0000001E0000001F00000000000000F5
:10EFC0001F0000003B0000005A0000007800000015
:10EFD00097000000B5000000D4000000F30000001E
:10EFE00011010000300100004E010000002020202F
:10EFF00020202020202028282828282020202020E9
:10F0000020202020202020202020202020881010B8
:10F010001010101010101010101010101004040414
:10F0200004040404040404101010101010104141D2
:10F0300041414141010101010101010101010101C0
:10F0400001010101010101011010101010104242D4
:10F050004242424202020202020202020202020290
:10F060000202020202020202101010102000000030
:10F070000000000000000000000000000000000090
:10F080000000000000000000000000000000000080
:10F090000000000000000000000000000000000070
:10F0A0000000000000000000000000000000000060
:10F0B0000000000000000000000000000000000050
:10F0C0000000000000000000000000000000000040
:10F0D0000000000000000000000000000000000030
:10F0E0000000000000000000000000000000000020
:10F0F0001F0000001C0000001F0000001E00000098
:10F100001F0000001E0000001F0000001F00000084
:10F110001E0000001F0000001E0000001F00000075
:10F120001F0000001D0000001F0000001E00000066
:10F130001F0000001E0000001F0000001F00000054
:10F140001E0000001F0000001E0000001F00000045
:10F150006E9B0110849B0110849B0110849B011005
:10F16000849B0110B69F0110849B0110849B0110A9
:10F17000849B0110849B0110849B01103A9C011018
:10F180003A9C01103A9C01103A9C01103A9C0110E3
:10F190003A9C01103A9C01103A9C01103A9C0110D3
:10F1A0003A9C0110849B0110849B0110849B0110E8
:10F1B000849B0110849B0110849B0110849B01108F
:10F1C000849B0110849B0110849B0110E29D01101F
:10F1D000849B0110849B0110849B0110849B01106F
:10F1E000849B0110849B0110849B0110709F01106F
:10F1F000849B0110849B0110809F0110849B01104F
:10F20000849B0110849B0110849B0110849B01103E
:10F21000849B0110849B0110849B0110509C011061
:10F22000849B0110849B0110F09C0110849B0110B1
:10F23000849B0110849B0110849B0110849B01100E
:10F24000849B0110849B0110F89D0110069E011003
:10F25000849B0110849B0110849B01100E9E011061
:10F26000349E0110849B0110849B0110A09F01100B
:10F27000849B0110A89D0110AAA60110D89D011021
:10F28000849B0110849B0110969F0110849B0110A8
:10F29000B2A60110849B0110849B0110509C0110A8
:10F2A000BEA0011034A00110BEA0011034A00110B6
:10F2B00034A00110D8A0011090A0011090A001105E
:10F2C00090A0011090A0011090A0011090A001103A
:10F2D00090A00110C8A00110C8A0011034A0011016
:10F2E00034A0011034A0011034A0011034A001108A
:10F2F00034A0011034A0011012A0011012A00110BE
:10F3000012A0011012A0011012A0011012A00110F1
:10F3100034A0011034A0011034A0011034A0011059
:10F3200034A0011034A0011034A0011034A0011049
:10F3300034A0011034A0011034A0011034A0011039
:10F3400034A0011034A0011034A0011034A0011029
:10F3500034A00110A0A0011034A0011034A00110AD
:10F3600034A0011034A0011034A0011034A0011009
:10F3700034A0011034A0011012A0011012A001103D
:10F3800012A0011012A0011012A0011012A0011071
:10F3900034A0011034A0011034A0011034A00110D9
:10F3A00034A0011034A0011034A0011034A00110C9
:10F3B00034A0011034A0011034A0011034A00110B9
:10F3C00034A0011034A0011034A0011034A00110A9
:10F3D00034A00110A0A001100A00010002000300E7
:10F3E0000400050006000700080009000A000B00E1
:0CF3F0000C000D000E000F0010000000CB
:10F3FC0040C301104CC3011058C3011064C3011069
:10F40C0070C301107CC3011088C3011094C3011098
:04F41C0094C5011082
:10F42000D02330B500251B0600245D5706E0036895
:10F43000BFF35F8F1C6081F3108820BF0268EFF379
:10F44000108172B61368002BFCD0BFF35F8F037975
:10F450007F2BECD905710368BFF35F8F00221A6020
:10F4600081F3108830BDC04603000068EFF3108CB4
:10F4700072B60268002AFCD0BFF35F8F04229A564E
:10F48000002A04DB002900D00A60002004E0D0221A
:10F490000120120612681A711B68BFF35F8F0022E9
:10F4A0001A608CF310887047F0B54F46D646464632
:10F4B000C0B51F00D0231B061B6804009A4600231A
:10F4C000904699460CE02268BFF35F8F4946116071
:10F4D00083F310884046390001F00AFB00281AD156
:10F4E0002668EFF3108372B63568002DFCD0BFF3A9
:10F4F0005F8F25797F2DE6D9524622712268BFF3AE
:10F500005F8F0021116083F310880120E0BCBA46B0
:10F51000B146A846F0BD0020F8E7C04670B582B0FD
:10F5200001A9040016001D00FFF79EFF002807D167
:10F53000D0231B0601991B7849B25BB2994201D1D5
:10F5400002B070BD32002B002000FFF7ADFFF7E7DF
:10F55000F8B50F00060001F033FBFA2204000D009D
:10F56000002392003800002101F04AFB0B0002004A
:10F57000802112196B4109068B4202D30122034BF1
:10F5800052423000FFF790FFF8BDC046FFFFFF7FFB
:10F590000268EFF3108172B61368002BFCD0BFF342
:10F5A0005F8FFF2303710368BFF35F8F00221A6030
:10F5B00081F3108840BF704710B5084C2378002BAA
:10F5C0000AD18023064807495B051A68C2500433F4
:10F5D0008B42FAD10123237010BDC046CA570120C7
:10F5E000304A00100001001010B5014B984710BDC3
:10F5F000314A0020084B5A6842609A688260DA6893
:10F60000C2601A6902615A6942619B698361A023E1
:10F610005B051B6803607047000002404268084BAE
:10F620005A6082689A60C268DA6002691A61426947
:10F630005A6182699A61A02302685B051A6070476B
:10F64000000002401423F0B5D6464F4646469A467F
:10F65000C0B581461888043388B098460E001B88D0
:10F6600030491400984753460700188843462E49EE
:10F670001B88984753460500188843462B491B882A
:10F6800098478046FFF798FF01A8FFF7B3FFB847F8
:10F69000A847274B1A6880239B005340C022920042
:10F6A0001340244A1360221E20D0C02108270220C4
:10F6B000490511E0002C14D0131B0D2B29D9002D66
:10F6C0000AD02300002A05D00B6E013A33701300D4
:10F6D00001362343002B09D03D008B6A1D401842A0
:10F6E000E8D1002DEDD123001343F5D1104B1A685A
:10F6F000C0239B0093430F4A1360C047FFF774FF7A
:10F7000001A8FFF78BFF08B0E0BCBA46B146A84697
:10F71000F0BD4B461B78013C0B6601239C46E1443F
:10F72000DFE7C04649460000455800004643000058
:10F730000C8001400C9001400022154B10B59A60DE
:10F74000DA601A615A619A61DA611A625A629A62DF
:10F75000DA621A635A639A63DA631A645A649A64BF
:10F76000DA641A655A659A65DA651A665A669A669F
:10F77000DA661A675A679A67DA67F03292000021F0
:10F78000044801F025FA044B044A1A6010BDC04633
:10F7900000001050E84B0020BC4F002080011050AA
:10F7A000F0B54E464546DE465746E0B5214B0024AF
:10F7B0009E6D012585B0002E22D01F4B9A46012355
:10F7C00099461E4B984601E0202C19D02A002300B0
:10F7D00001342F003240E4B26D00002AF4D05246CA
:10F7E00097654A465B085B0022409B185B014344D7
:10F7F00018009B4600F030FC002808D1BE43E3D13E
:10F8000005B0F0BCBB46B246A946A046F0BD5B467B
:10F81000E0219A78DB8A01A883600023C900018077
:10F8200001210271437100F037FC584600F0B0FB33
:10F83000E4E7C0460000115000301150A84B0020F2
:10F840009823F0B5C646C64A00B5D55880232E0089
:10F850009B02102484B01E401D4273D0C14BC24C89
:10F860009A6AC24B00261A603B23E35C022B00D14C
:10F87000F4E07B23E35C022B00D10CE1BB23E35CCF
:10F88000022B00D1FBE0FB23E35C022B00D135E12E
:10F890003C23FF33E35C022B00D122E17C23FF33C6
:10F8A000E35C022B00D10FE1BC23FF33E35C022BAE
:10F8B00000D1FCE0FC23FF33E35C022B00D1A6E186
:10F8C000AB4BE35C022B00D196E1AA4BE35C022B2D
:10F8D00000D185E1A84BE35C022B00D174E1A74B7A
:10F8E000E35C022B00D163E1A54BE35C022B00D16A
:10F8F0002AE1A44BE35C022B00D10BE1A24BE35CB9
:10F90000022B00D18FE1A14BE35C022B00D1A6E1D9
:10F91000002E08D19E4B1B78002B04D180219D4ADC
:10F9200090338902D150C0228D4B01A89B6C92006C
:10F930005B055B0D012180260280436000F0ACFB7B
:10F94000954CB602EB0600D57CE080235B021D429D
:10F9500032D01E43012302249846834FBB7E002BE6
:10F9600014D001F0E5F8012800D96FE0C022002191
:10F970003800920100F012FB380000F009FB01F0A2
:10F98000D7F8012802D9834B5C661C664346FB709E
:10F990002037012C01D00124E0E7C02301A8DB00BF
:10F9A0007E4A038002AB12CA12C3012100F074FB2D
:10F9B0008022784B92021A6580235B011D420ED192
:10F9C0008023DB011D4221D180231B021D422CD14B
:10F9D000AE4200D0C0E104B080BCB846F0BD002407
:10F9E0001E435F4B1C60FFF7A7FE80236A465B0047
:10F9F00093801472012101A800F04EFB8022654B18
:10FA000012031A658023DB011D42DDD01E438023D3
:10FA100001A8DB000380012100F03EFB10225D4BBA
:10FA20001A6580231B021D42D2D01E43A02301A8C9
:10FA3000DB000380012100F02FFB8022554B1201D7
:10FA40001A65C5E7FFF7ACFE26007EE7544B444A33
:10FA50001C66536E2340A342FBD187E73833E65C34
:10FA6000002E00D105E70233E25C002A00D100E756
:10FA7000200000222030E25400F0B8FAF9E6B83352
:10FA8000E75C002F00D1FEE60233E25C002A00D0E2
:10FA900022E13E00F7E67833E75C002F00D1EDE687
:10FAA0000233E25C002A00D00EE13E00E6E6B93304
:10FAB000FF33E75C002F00D1FCE60233E25C002A52
:10FAC00000D0F8E03E00F5E67933FF33E75C002F25
:10FAD00000D1E9E60233E25C002A00D0E2E03E0019
:10FAE000E2E63933FF33E75C002F00D1D6E602337C
:10FAF000E25C002A00D0CCE03E00CFE6F833E75CC1
:10FB0000002F00D1C4E60233E25C002A00D0B8E046
:10FB10003E00BDE6234BE75C002F00D1EEE602334A
:10FB2000E25C002A00D010E1174BE35C022B00D10D
:10FB30008BE0164BE35C022B00D0F4E61A4BE35C3F
:10FB4000002B00D090E0EEE6184BE75C002F00D1D0
:10FB5000CFE60233E25C002A00D0EEE03E00C8E6C9
:10FB60000000115000400540A84B00209C4B002095
:10FB70003B0200007B020000BB020000FB02000011
:10FB80003B0300007B030000BB030000FB030000FD
:10FB9000C857012000301150100002000000105022
:10FBA000002011507A030000FA0300003A0300001D
:10FBB0006C4BE75C002F00D196E60233E25C002A32
:10FBC00000D0B2E03E008FE6674BE75C002F00D12B
:10FBD00085E60233E25C002A00D09EE03E007EE62D
:10FBE000624BE75C002F00D174E60233E25C002A2E
:10FBF00000D08AE03E006DE65D4BE75C002F00D14F
:10FC000063E60233E25C002A77D13E005DE6F93319
:10FC1000FF33E75C002F00D152E60233E25C002A9A
:10FC200062D13E004CE6534BE35C002B00D16AE608
:10FC3000EF239B00E25C002A00D17AE70022E25425
:10FC40001C3BE01800F0D2F973E74A4BE35C002B51
:10FC5000EED1494BE35C022B00D064E63E00474BFB
:10FC6000E35C002B00D153E6FF239B00E25C002AFB
:10FC700000D158E60022E2541C3BE01800F0B6F92F
:10FC800051E620000022E030E2543E0000F0AEF9E0
:10FC9000FEE5200000222130FF30E2543E0000F05B
:10FCA000A5F9FBE5200000226130FF30E2543E0060
:10FCB00000F09CF9F8E520000022A130FF30E2546A
:10FCC0003E0000F093F9F5E5200000226030E25498
:10FCD0003E0000F08BF9D1E520000022A030E25474
:10FCE0003E0000F083F9CEE520000022E130FF3035
:10FCF000E2543E0000F07AF9E2E50022E2541C3BB7
:10FD0000E01800F073F93E00DFE50022E2541C3BEE
:10FD1000E01800F06BF93E00DCE50022E2541C3BE9
:10FD2000E01800F063F93E00D9E50022E2541C3BE4
:10FD3000E01800F05BF93E00D6E50022E2541C3BDF
:10FD4000E01800F053F93E00D3E50022E2541C3BDA
:10FD5000E01800F04BF9E7E631000948694000F08F
:10FD6000EFFEC046FA020000BA0200007A0200006C
:10FD70003A020000BA030000FB030000FA0300008F
:10FD8000ACB70110F0B5D6464F464646C0B50200A6
:10FD9000838A008B8A46041C984200D91C1CD578A3
:10FDA00080262800471EB841A4B2F600264340032F
:10FDB0003043012675401B1BD57055789BB293824A
:10FDC000002D37D15146D6688D01611E76198846BF
:10FDD0001569002C29D006293AD933002B439B07FB
:10FDE00036D16B1CF31A022B32D9231F9B08013327
:10FDF0009C4600270023E9580137F1500433BC45E5
:10FE0000F9D8634641469B00ED18F618CF1A9C427C
:10FE100009D02B783370002F05D06B787370012FC9
:10FE200001D0AB78B3701569938A2D1915618022C2
:10FE300012021043002B02D18023DB0118435346EA
:10FE4000002B00D00004E0BCBA46B146A846F0BD85
:10FE50000023EF5CF75401339C42FAD11569938A71
:10FE6000E3E7C0468368F0B51B680500002900D0B1
:10FE70001B0C9B05980D6B78002B08D1EB8AC318DF
:10FE8000EB822B8B834201D90023AB82F0BDEB6860
:10FE90008901461EB4462A695C18002827D0062E20
:10FEA0002BD901315B18D31A022B26D91300234317
:10FEB0009B0722D100230021061FB6080136E75810
:10FEC0000131D75004338E42F9D86346B600A419E5
:10FED00092199F1BB04209D023781370002F05D0D0
:10FEE00063785370012F01D0A37893702A69EB8A4D
:10FEF0001218C318EB822A61C3E70023E15CD154D6
:10FF000001339842FAD12A69F1E7C04610B50400DE
:10FF1000836800211B68FFF7A5FF63681B685B000F
:10FF200002D5238B834200D010BD01212000FFF7B2
:10FF300099FFF9E7084A0300126C0020920703D4E6
:10FF40009A78D209012A00D07047D87E02384342FD
:10FF50005841C0B2F8E7C0460000115010B5FFF795
:10FF6000E9FF00280CD00749074B8C46074A9B6ADB
:10FF7000126863449B1A0020C6229A424041C0B2D4
:10FF800010BDC046E0FCFFFF004005409C4B002038
:10FF900000238376436103617047C04610B58368D0
:10FFA000002901D01C682140002A12D08024E400DE
:10FFB000114322420DD01A6822420CD1084A0A404D
:10FFC0001A60084A126C920703D40C23033BFDD23B
:10FFD0008368196010BD8178034800F0B1FDC04608
:10FFE000FFFBFFFF00001150C0B70110436870B560
:10FFF000002180251E680400FFF7C4FE134B6D012D
:020000041002E8
:100000001B6C05439B070FD5A3785B060FD0104BE5
:100010001E4080239B05334362680021136020004B
:100020002A00FFF7BBFF70BDA378DB09EFD0A38ADE
:10003000002BECD001212000FFF7A4FEA023054AED
:10004000DB05324005431343E6E7C046000011508C
:10005000FFFFFFAFFFFFFFDF70B5857E0400002DBF
:1000600014D0FFF753FFA38A002B01D1280070BDE5
:100070002000FFF773FF002803D00123002523771A
:10008000F4E72000FFF7B2FF0025EFE78178014891
:1000900000F056FDE0B70110F0B5CE46474680B5FA
:1000A000437805000E0085B0062B08D86B4A9B00EC
:1000B000D3589F466A4A13780133DBB21370694BF9
:1000C0001C686269EFF3108172B61368002BFCD0D4
:1000D000BFF35F8FA1612000290000F081FD6269FC
:1000E000A369BFF35F8F0021116083F3108800289C
:1000F00004D105B0C0BCB946B046F0BD3200697845
:10010000287800F025FDF4E70121574B1A788A433F
:100110001A701A7801318A431A7000225A701A78BC
:1001200002318A431A70CAE7504B514F9946514BDE
:10013000002498463A7810E043461B6861015B183A
:10014000002B06D0DB69002B03D06968287898471C
:100150003A780134E4B2944217D8A242ECD8A31AF8
:100160005B014B44EEE7404B1A78D207C1D504211E
:100170001A780A431A70A2E73B4B1A78D207B8D50F
:1001800004211A788A431A7099E7374F3B785B0746
:100190002BD504223B78002193433B706B460632FB
:1001A000981D00F015FD2B7801AC237005236370BA
:1001B0002C4B1B6898465A69EFF3108172B613688E
:1001C000002BFCD0BFF35F8F43464046996121006E
:1001D00000F006FD43465A699B69BFF35F8F00211B
:1001E000116083F31088002831D1FB78DB0700D43D
:1001F0007FE76B460A220021981D00F0E9FC2B786E
:1002000001AC2370032363706B686360154B1D683A
:100210006A69EFF3108172B61368002BFCD0BFF34C
:100220005F8FA9612800210000F0DAFC6A69AB69E0
:10023000BFF35F8F0021116083F31088002800D185
:1002400057E732006178207800F082FC51E73200F5
:100250006178207800F07CFCC7E7C04698C70110A1
:10026000C9570120644900200C490020B4C701107F
:10027000C75701205C470020F0B506001C0018009D
:100280001D000423CE4647469C46023B994680B556
:1002900000281CD0002C07D1002D18D06346F76829
:1002A0003B4218D1002CF9D088464B46F7683B42B8
:1002B00018D027000837AF4214D943461F78013CB5
:1002C000B76001312700002DE8D1002FE2D1C0BC7A
:1002D000B946B046F0BDB768013D17702F00013236
:1002E0002743F2E7002DE0D0D8E7C04630B5040040
:1002F000101E0AD00A000D180221E3681942FCD032
:1003000013780132A3609542F7D1E3685B0704D507
:100310000421A368E3681942FBD11021E368194264
:10032000FCD1E3685B0704D50421A368E3681942A4
:10033000FBD10123236230BDF0B5C64606001C0088
:1003400018001D0002238C469846042100B50028A1
:1003500003D0002C0FD1002D08D180BCB846F0BDD1
:1003600023000833AB4218D8002D04D0F768394277
:100370000AD1002CFAD04346F7683B42F0D1002D59
:10038000F4D1002CE9D0F6E7B368013D13702B00DF
:1003900001322343002BDCD1DFE76346013CB3602D
:1003A000002DE3D12300F5E7F8B5922700240126BC
:1003B000114DBF0000F0FCFB84420CD2200000F085
:1003C000D7FB002802D00378022B05D0013400F0BF
:1003D000EFFB8442F2D3F8BD4368D959DB690B2B9C
:1003E000F4D133008B402A681342EFD02B6000F029
:1003F0002FF80134EBE7C0460C040050F8B5922703
:1004000000240126114DBF0000F0D2FB84420CD223
:10041000200000F0ADFB002802D00378022B05D0AD
:10042000013400F0C5FB8442F2D3F8BD4368D959CA
:10043000DB690C2BF4D133008B402A681342EFD0D8
:100440002B6000F005F80134EBE7C0461C040050B7
:10045000F8B54E464546DE465746E0B5A026456807
:10046000B600AB5D0400022B07D0032B19D0F0BC03
:10047000BB46B246A946A046F8BD91239B00ED5865
:10048000280000F02DFBA023DB059C46AD01654450
:100490002B6980256D042B426BD06568AB5D032B07
:1004A000E5D192239B00ED58280000F019FBA02312
:1004B000DB059C46AD0165442B69DB01D7D4AE2337
:1004C00065689B00EB5862491A008B4200D91A04F8
:1004D000FF2109068A4200D31202F02109068A424E
:1004E00000D31201C02109068A4200D39200002ADB
:1004F00000DA52005200520F022A75D0052A60D04D
:10050000062A69D09B21534A8900534800F080FB9A
:1005100008216368AD229200A9549A5C2000002A49
:1005200057D1A321A42589005A58AD0001325A5051
:100530005B599A424DD200F033FBA023022264683B
:100540009B00E254A5229200A35861598B4200D32C
:100550008DE7591CA1500C3AA0585B02C0188021AD
:1005600000F0D6FAA8239B009C466444206061609A
:100570007DE79222636892009F589046380000F011
:10058000AFFAA023DB059C46BF0167443B692B42C1
:1005900083D1032365684246AB5594239B00E858FA
:1005A000AA58030091460122083392469A40A9694D
:1005B0004F6817421BD19B005A58AE239B00EA504C
:1005C0006FE72649264A244800F022FB072163688A
:1005D000A0E700F075FA4AE72249234A1E4800F0D6
:1005E00017FB0821636895E72B00002192E71F4A5B
:1005F00004308A18120DD200121848461C4FC0024F
:100600003840D203024309208B4602439B004846F0
:1006100090469B4400F064FA4B469F01A023DB0503
:100620009C465B46674448463B6000F059FAAE235F
:100630009B009C46654448467D6000F051FA534655
:100640004846BB6000F04CFA4346FB6025E7C046D5
:10065000FFFFFEFFF8B80110DCCC011062020000C1
:1006600098B8011067020000C8B801100000E0AFA0
:10067000FD7F00FFF0B54F464646D646C0B5170091
:1006800010229846836A040089469343002955D076
:1006900013432022A362E36A9343002F56D01343EF
:1006A00008229246266AE362236830009A4400F0EA
:1006B00017FAA023DB059C464B46B5016544300084
:1006C0002B6000F00DFA534630006B6000F008FA22
:1006D00043463000AB6000F003FA08229146A36A5B
:1006E000666A2B6123683000994400F0F9F9A02371
:1006F000DB059C464B46B50165442B60300000F09D
:10070000EFF930006F6000F0EBF943463000AB606A
:1007100000F0E6F9E36A226A2B6101231900914097
:100720000A00616A8B40A02113438622C905D200CA
:100730008B50E0BCBA46B146A846F0BD044AA3625D
:1007400091462022E36A9343002FA8D1014FA7E7E7
:100750006416002028380020F0B5C646050000B514
:100760000F0000F02DFAFA220023920000F0F8F9B1
:100770008026804676046C6A200000F0B1F9554B63
:10078000A4019C466444236833420AD12C6A2000A9
:1007900000F0A6F94F4BA4019C4664442368334201
:1007A0000AD000F00DFAFA220023920000F0D8F9E6
:1007B0004346C01AB842DED36C6A200000F090F9BC
:1007C000A023DB059C46A4016444236980246404BF
:1007D000234254D001272B68D868D968DA680026EC
:1007E000520707D4082210360A40064016437242C8
:1007F0005641F6B2DA68DB68920701D5DB0739D4D7
:100800000026A0226B6AD205944698462B6A404681
:100810009B016344DB6843469C01A318DB6800F03E
:100820005FF9424601239340A022D20590464146FB
:10083000294A8B50294B80219C46490464442368F3
:100840000B42FCD12C6A200000F04AF901234146FA
:10085000A340214A8B50214B80219C46A201624437
:10086000490413680B42FCD1013F3E40300080BC7C
:10087000B846F0BD002FC4D1002EF7D1C1E72E6AD3
:10088000300000F02DF9A023DB059C46B60166443C
:10089000336923429ED100F093F9FA22002392009B
:1008A00000F05EF91026040009E000F089F9FA2250
:1008B0000023920000F054F9001BB84207D22B68C5
:1008C000DA681642F1D1DF68FF06FF0F84E72B6874
:1008D000F9E7C04610000050440400000C0000502E
:1008E000F0B5C646050000B51C00FFF7C3FE28683A
:1008F00000F016F98046E00000F092F9060040464C
:100900000F0000F08DF902000B003000390000F0FC
:100910003FF900F0DDF80A4900F06AF9FF21890586
:1009200000F066F98121C90500F02AF900F088F984
:1009300001002800FFF710FF80BCB846F0BDC0469C
:1009400000007A44FF00000070B5FF25C30D2B4066
:100950001A007F3A82B01E2A2BDCC40F162A0BDD48
:100960004002410A802000040843963B9840002C36
:1009700000D0404202B070BD104BA200D658011CFE
:10098000301C00F0FDF801900198311C00F050F986
:10099000031C420010D0C20D154000207F3DE6D45C
:1009A00080205B025B0A0004184317235B1BD840BE
:1009B000DDE700F0A5F8DDE70020DBE77019002097
:1009C0007047C04630B5032A1AD90B0003439B0772
:1009D00011D0551E002303E05A1C9D4213D0130072
:1009E000C25CCC5CA242F7D0101B0DE0043A04308C
:1009F0000431032A04D904680B689C42F6D0E8E766
:100A0000551E002AE6D1002030BDC046F0B5884210
:100A10000AD98B18984207D2531E002A03D0CA5C09
:100A2000C254013BFBD2F0BD05000F2A0AD8561E66
:100A3000002AF8D00023CC5C1A00EC540133964213
:100A4000F9D1F0E703273E000D430C0003002E40D0
:100A50002F422DD11500103D2D09AC462F013F1816
:100A600025681D6065685D60A5689D60E568103457
:100A7000DD601D001033BD42F2D165460F230C240A
:100A800001352D01491913404519144213D0043B77
:100A90009B0801339B008C59AC5104369E42FAD11D
:100AA00003231A40AD198919561E002AC2D1BAE78C
:100AB0000500561EBEE71A00B9E7C0460000000058
:100AC00001B40248844601BC604700BF05F800102D
:100AD00001B40248844601BC604700BF353B0010AA
:100AE00001B40248844601BC604700BF19420110AE
:100AF00001B40248844601BC604700BF812B00104E
:100B000001B40248844601BC604700BF953D001017
:100B100001B40248844601BC604700BF5DFB001081
:100B200001B40248844601BC604700BF0183001045
:100B300001B40248844601BC604700BF491E001052
:100B400001B40248844601BC604700BF551E001036
:100B500001B40248844601BC604700BF59680010D8
:100B600001B40248844601BC604700BF95350010BF
:100B700001B40248844601BC604700BF85020010F2
:100B800001B40248844601BC604700BF6D3C0010C0
:100B900001B40248844601BC604700BFA33900107D
:100BA00001B40248844601BC604700BF61F90010EF
:100BB00001B40248844601BC604700BF81020010B6
:100BC00001B40248844601BC604700BFBD2C001040
:100BD00001B40248844601BC604700BFAD4000102C
:100BE00001B40248844601BC604700BF317E00105A
:100BF00001B40248844601BC604700BF9B3C001022
:100C000001B40248844601BC604700BF2D3C00107F
:100C100001B40248844601BC604700BF3D41011059
:100C200001B40248844601BC604700BFA53A0010E9
:100C300001B40248844601BC604700BF673C001015
:100C400001B40248844601BC604700BFF13D00107A
:100C50000000004B000000CB02000000501C0020F0
:100C60000000000009000000000000000101000079
:100C70000000000000000000000000000000000074
:100C80000000000000000000000000000000000064
:100C90000000000000000000000000000000000054
:100CA0000000000000000000000000000000000044
:100CB0000000000000000000000000000000000034
:100CC0000000000000000000000000000000000024
:100CD0000000000000000000000000000000000014
:100CE0000000000000000000000000000000000004
:100CF00000000000000000000000000000000000F4
:100D000000000000000000000000000000000000E3
:100D100000000000000000000000000000000000D3
:100D200000000000000000000000000000000000C3
:100D300000000000000000000000000000000000B3
:100D400000000000000000000000000000000000A3
:100D50000000000000000000000000000000000093
:100D60000000000000000000000000000000000083
:100D70000000000000000000000000000000000073
:100D80000000000000000000000000000000000063
:100D90000000000000000000000000000000000053
:100DA0000000000000000000000000000000000043
:100DB0000000000000000000000000000000000033
:100DC0000000000000000000000000000000000023
:100DD0000000000000000000000000000000000013
:100DE0000000000000000000000000000000000003
:100DF00000000000000000000000000000000000F3
:100E000000000000000000000000000000000000E2
:100E100000000000000000000000000000000000D2
:100E200000000000000000000000000000000000C2
:100E300000000000000000000000000000000000B2
:100E400000000000000000000000000000000000A2
:100E50000000000000000000000000000000000092
:100E60000000000000000000000000000000000082
:100E70000000000000000000000000000000000072
:100E80000000000000000000000000000000000062
:100E90000000000000000000000000000000000052
:100EA0000000000000000000000000000000000042
:100EB0000000000000000000000000000000000032
:100EC0000000000000000000000000000000000022
:100ED0000000000000000000000000000000000012
:100EE0000000000000000000000000000000000002
:100EF00000000000000000000000000000000000F2
:100F000000000000000000000000000000000000E1
:100F100000000000000000000000000000000000D1
:100F200000000000000000000000000000000000C1
:100F3000000000001200000013000000000000008C
:100F40000000000000000000000020500C00000025
:100F500000000000767A1001000301010101010088
:100F60000000000000000000000000000000000081
:100F70000000000000000000000000000000000071
:100F80000000000000000000000000000000000061
:100F90000000000000000000000000000000000051
:100FA0000000000000000000000000000000000041
:100FB0000000000000000000000000000000000031
:100FC0000000000000000000000000000000000021
:100FD0000000000000000000000000000000000011
:100FE0000000000000000000000000000000000001
:100FF00000000000000000000000000000000000F1
:1010000000000000000000000000000000000000E0
:1010100000000000000000000000000000000000D0
:1010200000000000000000000000000000000000C0
:1010300000000000000000000000000000000000B0
:1010400000000000000000000000000000000000A0
:101050000000000000000000000000000000000090
:101060000000000000000000000000000000000080
:101070000000000000000000000000000000000070
:101080000000000000000000000000000000000060
:101090000000000000000000000000000000000050
:1010A0000000000000000000000000000000000040
:1010B0000000000000000000000000000000000030
:1010C0000000000000000000000000000000000020
:1010D0000000000000000000000000000000000010
:1010E0000000000000000000000000000000000000
:1010F00000000000000000000000000000000000F0
:1011000000000000000000000000000000000000DF
:1011100000000000000000000000000000000000CF
:1011200000000000000000000000000000000000BF
:1011300000000000000000000000000000000000AF
:10114000000000000000000000000000000000009F
:10115000000000000000000000000000000000008F
:10116000000000000000000000000000000000007F
:10117000000000000000000000000000000000006F
:10118000000000000000000000000000000000005F
:10119000000000000000000000000000000000004F
:1011A000000000000000000000000000000000003F
:1011B000000000000000000000000000000000002F
:1011C000000000000000000000000000000000001F
:1011D000000000000000000000000000000000000F
:1011E00000000000000000000000000000000000FF
:1011F00000000000000000000000000000000000EF
:1012000000000000000000000000000000000000DE
:1012100000000000000000000000000000000000CE
:1012200000000000000000000000000000000000BE
:1012300000000000000000000000000000000000AE
:10124000000000000000000000000000000000009E
:10125000000000000000000000000000000000008E
:10126000000000000000000000000000000000007E
:10127000000000000000000000000000000000006E
:10128000000000000000000000000000000000005E
:10129000000000000000000000000000000000004E
:1012A000000000000000000000000000000000003E
:1012B000000000000000000000000000000000002E
:1012C000000000000000000000000000000000001E
:1012D000000000000000000000000000000000000E
:1012E00000000000000000000000000000000000FE
:1012F00000000000000000000000000000000000EE
:1013000000000000000000000000000000000000DD
:1013100000000000000000000000000000000000CD
:1013200000000000000000000000000000000000BD
:1013300000000000000000000000000000000000AD
:10134000000000000000000000000000000000009D
:10135000000000000000000000000000000000008D
:10136000000000000000000000000000000000007D
:10137000000000000000000000000000000000006D
:10138000000000000000000000000000000000005D
:10139000000000000000000000000000000000004D
:1013A000000000000000000000000000000000003D
:1013B000000000000000000000000000000000002D
:1013C000000000000000000000000000000000001D
:1013D000000000000000000000000000000000000D
:1013E00000000000000000000000000000000000FD
:1013F00000000000000000000000000000000000ED
:1014000000000000000000000000000000000000DC
:1014100000000000000000000000000000000000CC
:1014200000000000000000000000000000000000BC
:1014300000000000000000000000000000000000AC
:10144000000000000000000000000000000000009C
:10145000000000000000000000000000000000008C
:10146000000000000000000000000000000000007C
:10147000000000000000000000000000000000006C
:10148000000000000000000000000000000000005C
:10149000000000000000000000000000000000004C
:1014A000000000000000000000000000000000003C
:1014B000000000000000000000000000000000002C
:1014C000000000000000000000000000000000001C
:1014D000000000000000000000000000000000000C
:1014E00000000000000000000000000000000000FC
:1014F00000000000000000000000000000000000EC
:1015000000000000000000000000000000000000DB
:1015100000000000000000000000000000000000CB
:1015200000000000000000000000000000000000BB
:1015300000000000000000000000000000000000AB
:10154000000000000000000000000000000000009B
:10155000000000000000000000000000000000008B
:10156000000000000000000000000000000000007B
:10157000000000000000000000000000000000006B
:10158000000000000000000000000000000000005B
:10159000000000000000000000000000000000004B
:1015A000000000000000000000000000000000003B
:1015B000000000000000000000000000000000002B
:1015C000000000000000000000000000000000001B
:1015D000000000000000000000000000000000000B
:1015E00000000000000000000000000000000000FB
:1015F00000000000000000000000000000000000EB
:1016000000000000000000000000000000000000DA
:1016100000000000000000000000000000000000CA
:1016200000000000000000000000000000000000BA
:1016300000000000000000000000000000000000AA
:10164000000000000000000000000000000000009A
:10165000000000000000000000000000000000008A
:10166000000000000000000000000000000000007A
:10167000000000000000000000000000000000006A
:10168000000000000000000000000000000000005A
:10169000000000000000000000000000000000004A
:1016A000000000000000000000000000000000003A
:1016B000000000000000000000000000000000002A
:1016C000000000000000000000000000000000001A
:1016D000000000000000000000000000000000000A
:1016E00000000000000000000000000000000000FA
:1016F00000000000000000000000000000000000EA
:1017000000000000000000000000000000000000D9
:1017100000000000000000000000000000000000C9
:1017200000000000000000000000000000000000B9
:1017300000000000000000000000000000000000A9
:101740000000000000000000000000000000000099
:101750000000000000000000000000000000000089
:101760000000000000000000000000000000000079
:101770000000000000000000000000000000000069
:101780000000000000000000000000000000000059
:101790000000000000000000000000000000000049
:1017A0000000000000000000000000000000000039
:1017B0000000000000000000000000000000000029
:1017C0000000000000000000000000000000000019
:1017D0000000000000000000000000000000000009
:1017E00000000000000000000000000000000000F9
:1017F00000000000000000000000000000000000E9
:1018000000000000000000000000000000000000D8
:1018100000000000000000000000000000000000C8
:1018200000000000000000000000000000000000B8
:1018300000000000000000000000000000000000A8
:101840000000000000000000000000000000000098
:101850000000000000000000000000000000000088
:101860000000000000000000000000000000000078
:101870000000000000000000000000000000000068
:101880000000000000000000000000000000000058
:101890000000000000000000000000000000000048
:1018A0000000000000000000000000000000000038
:1018B0000000000000000000000000000000000028
:1018C0000000000000000000000000000000000018
:1018D0000000000000000000000000000000000008
:1018E00000000000000000000000000000000000F8
:1018F00000000000000000000000000000000000E8
:1019000000000000000000000000000000000000D7
:1019100000000000000000000000000000000000C7
:1019200000000000000000000000000000000000B7
:1019300000000000000000000000000000000000A7
:101940000000000000000000000000000000000097
:101950000000000000000000000000000000000087
:101960000000000000000000000000000000000077
:101970000000000000000000000000000000000067
:101980000000000000000000000000000000000057
:101990000000000000000000000000000000000047
:1019A0000000000000000000000000000000000037
:1019B0000000000000000000000000000000000027
:1019C0000000000000000000000000000000000017
:1019D0000000000000000000000000000000000007
:1019E00000000000000000000000000000000000F7
:1019F00000000000000000000000000000000000E7
:101A000000000000000000000000000000000000D6
:101A100000000000000000000000000000000000C6
:101A200000000000000000000000000000000000B6
:101A300000000000000000000000000000000000A6
:101A40000000000000000000000000000000000096
:101A50000000000000000000000000000000000086
:101A60000000000000000000000000000000000076
:101A70000000000000000000000000000000000066
:101A80000000000000000000000000000000000056
:101A90000000000000000000000000000000000046
:101AA0000000000000000000000000000000000036
:101AB0000000000000000000000000000000000026
:101AC0000000000000000000000000000000000016
:101AD0000000000000000000000000000000000006
:101AE00000000000000000000000000000000000F6
:101AF00000000000000000000000000000000000E6
:101B000000000000000000000000000000000000D5
:101B100000000000000000000000000000000000C5
:101B200000000000000000000000000000000000B5
:101B300000000000000000000000000000000000A5
:101B40000000000000000000000000000000000095
:101B50000000000000000000000000000000000085
:101B60000000000000000000000000000000000075
:101B70000000000000000000000000000000000065
:101B80000000000000000000000000000000000055
:101B90000000000000000000000000000000000045
:101BA0000000000000000000000000000000000035
:101BB0000000000000000000000000000000000025
:101BC0000000000000000000000000000000000015
:101BD0000000000000000000000000000000000005
:101BE00000000000000000000000000000000000F5
:101BF00000000000000000000000000000000000E5
:101C000000000000000000000000000000000000D4
:101C100000000000000000000000000000000000C4
:101C200000000000000000000000000000000000B4
:101C300000000000000000000000000000000000A4
:101C40000000000000000000000000000000000094
:101C50000000000000000000000000000000000084
:101C60000000000000000000000000000000000074
:101C70000000000000000000000000000000000064
:101C80000000000000000000000000000000000054
:101C90000000000000000000000000000000000044
:101CA0000000000000000000000000000000000034
:101CB0000000000000000000000000000000000024
:101CC0000000000000000000000000000000000014
:101CD0000000000000000000000000000000000004
:101CE00000000000000000000000000000000000F4
:101CF00000000000000000000000000000000000E4
:101D000000000000000000000000000000000000D3
:101D100000000000000000000000000000000000C3
:101D200000000000000000000000000000000000B3
:101D300000000000000000000000000000000000A3
:101D40000000000000000000000000000000000093
:101D50000000000000000000000000000000000083
:101D60000000000000000000000000000000000073
:101D70000000000000000000000000000000000063
:101D80000000000000000000000000000000000053
:101D90000000000000000000000000000000000043
:101DA0000000000000000000000000000000000033
:101DB0000000000000000000000000000000000023
:101DC0000000000000000000000000000000000013
:101DD0000000000000000000000000000000000003
:101DE00000000000000000000000000000000000F3
:101DF00000000000000000000000000000000000E3
:101E000000000000000000000000000000000000D2
:101E100000000000000000000000000000000000C2
:101E200000000000000000000000000000000000B2
:101E300000000000000000000000000000000000A2
:101E40000000000000000000000000000000000092
:101E50000000000000000000000000000000000082
:101E60000000000000000000000000000000000072
:101E70000000000000000000000000000000000062
:101E80000000000000000000000000000000000052
:101E90000000000000000000000000000000000042
:101EA0000000000000000000000000000000000032
:101EB0000000000000000000000000000000000022
:101EC0000000000000000000000000000000000012
:101ED0000000000000000000000000000000000002
:101EE00000000000000000000000000000000000F2
:101EF00000000000000000000000000000000000E2
:101F000000000000000000000000000000000000D1
:101F100000000000000000000000000000000000C1
:101F200000000000000000000000000000000000B1
:101F300000000000000000000000000000000000A1
:101F40000000000000000000000000000000000091
:101F50000000000000000000000000000000000081
:101F60000000000000000000000000000000000071
:101F70000000000000000000000000000000000061
:101F80000000000000000000000000000000000051
:101F90000000000000000000000000000000000041
:101FA0000000000000000000000000000000000031
:101FB0000000000000000000000000000000000021
:101FC0000000000000000000000000000000000011
:101FD0000000000000000000000000000000000001
:101FE00000000000000000000000000000000000F1
:101FF00000000000000000000000000000000000E1
:1020000000000000000000000000000000000000D0
:1020100000000000000000000000000000000000C0
:1020200000000000000000000000000000000000B0
:1020300000000000000000000000000000000000A0
:102040000000000000000000000000000000000090
:102050000000000000000000000000000000000080
:102060000000000000000000000000000000000070
:102070000000000000000000000000000000000060
:102080000000000000000000000000000000000050
:102090000000000000000000000000000000000040
:1020A0000000000000000000000000000000000030
:1020B0000000000000000000000000000000000020
:1020C0000000000000000000000000000000000010
:1020D0000000000000000000000000000000000000
:1020E00000000000000000000000000000000000F0
:1020F00000000000000000000000000000000000E0
:1021000000000000000000000000000000000000CF
:1021100000000000000000000000000000000000BF
:1021200000000000000000000000000000000000AF
:10213000000000000000000000000000000000009F
:10214000000000000000000000000000000000008F
:10215000000000000000000000000000000000007F
:10216000000000000000000000000000000000006F
:10217000000000000000000000000000000000005F
:10218000000000000000000000000000000000004F
:10219000000000000000000000000000000000003F
:1021A000000000000000000000000000000000002F
:1021B000000000000000000000000000000000001F
:1021C000000000000000000000000000000000000F
:1021D00000000000000000000000000000000000FF
:1021E00000000000000000000000000000000000EF
:1021F00000000000000000000000000000000000DF
:1022000000000000000000000000000000000000CE
:1022100000000000000000000000000000000000BE
:1022200000000000000000000000000000000000AE
:10223000000000000000000000000000000000009E
:10224000000000000000000000000000000000008E
:10225000000000000000000000000000000000007E
:10226000000000000000000000000000000000006E
:10227000000000000000000000000000000000005E
:10228000000000000000000000000000000000004E
:10229000000000000000000000000000000000003E
:1022A000000000000000000000000000000000002E
:1022B000000000000000000000000000000000001E
:1022C000000000000000000000000000000000000E
:1022D00000000000000000000000000000000000FE
:1022E00000000000000000000000000000000000EE
:1022F00000000000000000000000000000000000DE
:1023000000000000000000000000000000000000CD
:1023100000000000000000000000000000000000BD
:1023200000000000000000000000000000000000AD
:10233000000000000000000000000000000000009D
:10234000000000000000000000000000000000008D
:10235000000000000000000000000000000000007D
:10236000000000000000000000000000000000006D
:10237000000000000000000000000000000000005D
:10238000000000000000000000000000000000004D
:10239000000000000000000000000000000000003D
:1023A000000000000000000000000000000000002D
:1023B000000000000000000000000000000000001D
:1023C000000000000000000000000000000000000D
:1023D00000000000000000000000000000000000FD
:1023E00000000000000000000000000000000000ED
:1023F00000000000000000000000000000000000DD
:1024000000000000000000000000000000000000CC
:1024100000000000000000000000000000000000BC
:1024200000000000000000000000000000000000AC
:10243000000000000000000000000000000000009C
:10244000000000000000000000000000000000008C
:10245000000000000000000000000000000000007C
:10246000000000000000000000000000000000006C
:10247000000000000000000000000000000000005C
:10248000000000000000000000000000000000004C
:10249000000000000000000000000000000000003C
:1024A000000000000000000000000000000000002C
:1024B000000000000000000000000000000000001C
:1024C000000000000000000000000000000000000C
:1024D00000000000000000000000000000000000FC
:1024E00000000000000000000000000000000000EC
:1024F00000000000000000000000000000000000DC
:1025000000000000000000000000000000000000CB
:1025100000000000000000000000000000000000BB
:1025200000000000000000000000000000000000AB
:10253000000000000000000000000000000000009B
:10254000000000000000000000000000000000008B
:10255000000000000000000000000000000000007B
:10256000000000000000000000000000000000006B
:10257000000000000000000000000000000000005B
:10258000000000000000000000000000000000004B
:10259000000000000000000000000000000000003B
:1025A000000000000000000000000000000000002B
:1025B000000000000000000000000000000000001B
:1025C000000000000000000000000000000000000B
:1025D00000000000000000000000000000000000FB
:1025E00000000000000000000000000000000000EB
:1025F00000000000000000000000000000000000DB
:1026000000000000000000000000000000000000CA
:1026100000000000000000000000000000000000BA
:1026200000000000000000000000000000000000AA
:10263000000000000000000000000000000000009A
:10264000000000000000000000000000000000008A
:10265000000000000000000000000000000000007A
:10266000000000000000000000000000000000006A
:10267000000000000000000000000000000000005A
:10268000000000000000000000000000000000004A
:10269000000000000000000000000000000000003A
:1026A000000000000000000000000000000000002A
:1026B000000000000000000000000000000000001A
:1026C000000000000000000000000000000000000A
:1026D00000000000000000000000000000000000FA
:1026E00000000000000000000000000000000000EA
:1026F00000000000000000000000000000000000DA
:1027000000000000000000000000000000000000C9
:1027100000000000000000000000000000000000B9
:1027200000000000000000000000000000000000A9
:102730000000000000000000000000000000000099
:102740000000000000000000000000000000000089
:102750000000000000000000000000000000000079
:102760000000000000000000000000000000000069
:102770000000000000000000000000000000000059
:102780000000000000000000000000000000000049
:102790000000000000000000000000000000000039
:1027A0000000000000000000000000000000000029
:1027B0000000000000000000000000000000000019
:1027C0000000000000000000000000000000000009
:1027D00000000000000000000000000000000000F9
:1027E00000000000000000000000000000000000E9
:1027F00000000000000000000000000000000000D9
:1028000000000000000000000000000000000000C8
:1028100000000000000000000000000000000000B8
:1028200000000000000000000000000000000000A8
:102830000000000000000000000000000000000098
:102840000000000000000000000000000000000088
:102850000000000000000000000000000000000078
:102860000000000000000000000000000000000068
:102870000000000000000000000000000000000058
:102880000000000000000000000000000000000048
:102890000000000000000000000000000000000038
:1028A0000000000000000000000000000000000028
:1028B0000000000000000000000000000000000018
:1028C0000000000000000000000000000000000008
:1028D00000000000000000000000000000000000F8
:1028E00000000000000000000000000000000000E8
:1028F00000000000000000000000000000000000D8
:1029000000000000000000000000000000000000C7
:1029100000000000000000000000000000000000B7
:1029200000000000000000000000000000000000A7
:102930000000000000000000000000000000000097
:102940000000000000000000000000000000000087
:102950000000000000000000000000000000000077
:102960000000000000000000000000000000000067
:102970000000000000000000000000000000000057
:102980000000000000000000000000000000000047
:102990000000000000000000000000000000000037
:1029A0000000000000000000000000000000000027
:1029B0000000000000000000000000000000000017
:1029C0000000000000000000000000000000000007
:1029D00000000000000000000000000000000000F7
:1029E00000000000000000000000000000000000E7
:1029F00000000000000000001000000000000000C7
:102A000000000100000000000000000000000200C3
:102A100000000000000000000000030000000000B3
:102A200000000000000004000000000000000000A2
:102A3000000005000000000000000000000006008B
:102A4000000000000000000000000700000000007F
:102A5000000000000000FF000000000001B5486811
:102A600001318E460047704609380149884701BD4B
:102A7000A922001000000000FFFFFFFFFFFFFF7F03
:102A80000000000000000000000000000000000046
:102A900000000000104200200000000000000000C4
:102AA000503300004C330000543300005233000018
:102AB0004D5300004D4300005334000043340000E8
:102AC000215F0010D15E0010415E0010B95D001062
:102AD00000000000000100006849002010000C0008
:102AE00000000000000000000000000000000000E6
:102AF00000000000FF0000000B00000000000000CC
:102B00000C00000000000000A5000000D00700003D
:102B100003000000401F0000E8030000E80300007D
:102B2000E8030000A00F0000050000000200000004
:102B300002000000E803000088130000E803000022
:102B4000C8000000ACE301100B0010000000000002
:102B5000783800200000000000000000E44400205D
:102B60004C450020B445002000000000000000009B
:102B70000000000000000000000000000000000055
:102B80000000000000000000000000000000000045
:102B90000000000000000000000000000000000035
:102BA0000000000000000000000000000000000025
:102BB0000000000000000000000000000000000015
:102BC0000000000000000000000000000000000005
:102BD00000000000000000000000000000000000F5
:102BE00000000000000000000000000000000000E5
:102BF00001000000000000000E33CDAB34126DE682
:102C0000ECDE05000B0000000000000000000000EA
:102C100000000000000000000000000000000000B4
:102C200000000000000000000000000000000000A4
:102C30000000000000000000000000000000000094
:102C40000000000000000000000000000000000084
:102C50000000000000000000000000000000000074
:102C60000000000000000000000000000000000064
:102C70000000000000000000FFFFFFFF0000020056
:102C80000000000000000000A0390020A039002052
:102C9000A8390020A8390020B0390020B039002020
:102CA000B8390020B8390020C0390020C0390020D0
:102CB000C8390020C8390020D0390020D039002080
:102CC000D8390020D8390020E0390020E039002030
:102CD000E8390020E8390020F0390020F0390020E0
:102CE000F8390020F8390020003A0020003A00208E
:102CF000083A0020083A0020103A0020103A00203C
:102D0000183A0020183A0020203A0020203A0020EB
:102D1000283A0020283A0020303A0020303A00209B
:102D2000383A0020383A0020403A0020403A00204B
:102D3000483A0020483A0020503A0020503A0020FB
:102D4000583A0020583A0020603A0020603A0020AB
:102D5000683A0020683A0020703A0020703A00205B
:102D6000783A0020783A0020803A0020803A00200B
:102D7000883A0020883A0020903A0020903A0020BB
:102D8000983A0020983A0020A03A0020A03A00206B
:102D9000A83A0020A83A0020B03A0020B03A00201B
:102DA000B83A0020B83A0020C03A0020C03A0020CB
:102DB000C83A0020C83A0020D03A0020D03A00207B
:102DC000D83A0020D83A0020E03A0020E03A00202B
:102DD000E83A0020E83A0020F03A0020F03A0020DB
:102DE000F83A0020F83A0020003B0020003B002089
:102DF000083B0020083B0020103B0020103B002037
:102E0000183B0020183B0020203B0020203B0020E6
:102E1000283B0020283B0020303B0020303B002096
:102E2000383B0020383B0020403B0020403B002046
:102E3000483B0020483B0020503B0020503B0020F6
:102E4000583B0020583B0020603B0020603B0020A6
:102E5000683B0020683B0020703B0020703B002056
:102E6000783B0020783B0020803B0020803B002006
:102E7000883B0020883B0020903B0020903B0020B6
:102E8000983B0020983B0020A03B0020A03B002066
:102E9000A83B0020A83B0020B03B0020B03B002016
:102EA000B83B0020B83B0020C03B0020C03B0020C6
:102EB000C83B0020C83B0020D03B0020D03B002076
:102EC000D83B0020D83B0020E03B0020E03B002026
:102ED000E83B0020E83B0020F03B0020F03B0020D6
:102EE000F83B0020F83B0020003C0020003C002084
:102EF000083C0020083C0020103C0020103C002032
:102F0000183C0020183C0020203C0020203C0020E1
:102F1000283C0020283C0020303C0020303C002091
:102F2000383C0020383C0020403C0020403C002041
:102F3000483C0020483C0020503C0020503C0020F1
:102F4000583C0020583C0020603C0020603C0020A1
:102F5000683C0020683C0020703C0020703C002051
:102F6000783C0020783C0020803C0020803C002001
:102F7000883C0020883C0020903C0020903C0020B1
:102F8000983C0020983C0020A03C0020A03C002061
:102F9000A83C0020A83C0020B03C0020B03C002011
:102FA000B83C0020B83C0020C03C0020C03C0020C1
:102FB000C83C0020C83C0020D03C0020D03C002071
:102FC000D83C0020D83C0020E03C0020E03C002021
:102FD000E83C0020E83C0020F03C0020F03C0020D1
:102FE000F83C0020F83C0020003D0020003D00207F
:102FF000083D0020083D0020103D0020103D00202D
:10300000183D0020183D0020203D0020203D0020DC
:10301000283D0020283D0020303D0020303D00208C
:10302000383D0020383D0020403D0020403D00203C
:10303000483D0020483D0020503D0020503D0020EC
:10304000583D0020583D0020603D0020603D00209C
:10305000683D0020683D0020703D0020703D00204C
:10306000783D0020783D0020803D0020803D0020FC
:10307000883D0020883D0020903D0020903D0020AC
:10308000983D0020983D0020010000000000000055
:103090004A000000000000000000000000000000E6
:1030A0000000000000000000000000000000000020
:1030B00000000000000000004A00000000000000C6
:1030C0000000000000000000000000000000000000
:1030D00000000000000000000000000000000000F0
:1030E000C8C20110C8C201100000000003000000A7
:1030F000E4440020384600204300000000000000A7
:1031000000000000000000000000000000000000BF
:10311000000000000000000043000000000000006C
:10312000000000000000000000000000000000009F
:10313000000000000000000043000000000000004C
:10314000000000000000000000000000000000007F
:10315000000000000000000043000000000000002C
:10316000000000000000000000000000000000005F
:10317000000000000000000043000000000000000C
:10318000000000000000000000000000000000003F
:1031900000000000000000004300000000000000EC
:1031A000000000000000000000000000000000001F
:1031B00000000000000000004300000000000000CC
:1031C00000000000000000000000000000000000FF
:1031D0000000000000000000F1AF0110B9AD0110C7
:1031E00000000000ECEF011074B30110A0BB01104F
:1031F000A0BB0110A0BB0110A0BB0110A0BB01101F
:10320000A0BB0110A0BB0110A0BB0110A0BB01100E
:10321000FFFFFFFFFFFFFFFFFFFFFFFFFFFF0000BC
:103220000100415343494900000000000000000034
:10323000000000000000000000000000000000008E
:103240000000415343494900000000000000000015
:10325000000000000000000000000000000000006E
:10326000000000000000000000000000000000005E
:10327000000000000000000000000000000000004E
:04328000000000004A
:04000005100001E9FD
:00000001FF
