block,start_index,end_index,start_sensor_timestamp_us,end_sensor_timestamp_us,fs_hz,fft_us,peak_hz,peak_magnitude,bin,freq_hz,magnitude
0,60,123,7019908,8549606,41.1846008,2924,1.28701878,0.000118651000,0,0.00000000,1.34167829e-05
0,60,123,7019908,8549606,41.1846008,2924,1.28701878,0.000118651000,1,0.643509388,7.19222870e-05
0,60,123,7019908,8549606,41.1846008,2924,1.28701878,0.000118651000,2,1.28701878,0.000118651000
0,60,123,7019908,8549606,41.1846008,2924,1.28701878,0.000118651000,3,1.93052816,0.000112178000
0,60,123,7019908,8549606,41.1846008,2924,1.28701878,0.000118651000,4,2.57403755,2.78895673e-05
0,60,123,7019908,8549606,41.1846008,2924,1.28701878,0.000118651000,5,3.21754694,4.24342828e-05
0,60,123,7019908,8549606,41.1846008,2924,1.28701878,0.000118651000,6,3.86105633,1.52378104e-05
0,60,123,7019908,8549606,41.1846008,2924,1.28701878,0.000118651000,7,4.50456572,7.25309292e-06
0,60,123,7019908,8549606,41.1846008,2924,1.28701878,0.000118651000,8,5.14807510,4.37293738e-06
0,60,123,7019908,8549606,41.1846008,2924,1.28701878,0.000118651000,9,5.79158449,8.44345868e-06
0,60,123,7019908,8549606,41.1846008,2924,1.28701878,0.000118651000,10,6.43509388,1.04749004e-05
0,60,123,7019908,8549606,41.1846008,2924,1.28701878,0.000118651000,11,7.07860327,1.59542067e-05
0,60,123,7019908,8549606,41.1846008,2924,1.28701878,0.000118651000,12,7.72211266,2.46933465e-05
0,60,123,7019908,8549606,41.1846008,2924,1.28701878,0.000118651000,13,8.36562157,1.66158713e-05
0,60,123,7019908,8549606,41.1846008,2924,1.28701878,0.000118651000,14,9.00913143,1.54370134e-05
0,60,123,7019908,8549606,41.1846008,2924,1.28701878,0.000118651000,15,9.65264130,5.40207020e-06
0,60,123,7019908,8549606,41.1846008,2924,1.28701878,0.000118651000,16,10.2961502,1.43837053e-06
0,60,123,7019908,8549606,41.1846008,2924,1.28701878,0.000118651000,17,10.9396591,2.73205887e-06
0,60,123,7019908,8549606,41.1846008,2924,1.28701878,0.000118651000,18,11.5831690,9.00652230e-06
0,60,123,7019908,8549606,41.1846008,2924,1.28701878,0.000118651000,19,12.2266788,1.01280137e-05
0,60,123,7019908,8549606,41.1846008,2924,1.28701878,0.000118651000,20,12.8701878,4.81133929e-06
0,60,123,7019908,8549606,41.1846008,2924,1.28701878,0.000118651000,21,13.5136967,6.67501263e-06
0,60,123,7019908,8549606,41.1846008,2924,1.28701878,0.000118651000,22,14.1572065,2.27095052e-06
0,60,123,7019908,8549606,41.1846008,2924,1.28701878,0.000118651000,23,14.8007164,8.47780313e-07
0,60,123,7019908,8549606,41.1846008,2924,1.28701878,0.000118651000,24,15.4442253,3.01343675e-06
0,60,123,7019908,8549606,41.1846008,2924,1.28701878,0.000118651000,25,16.0877342,1.47604521e-06
0,60,123,7019908,8549606,41.1846008,2924,1.28701878,0.000118651000,26,16.7312431,6.02788532e-06
0,60,123,7019908,8549606,41.1846008,2924,1.28701878,0.000118651000,27,17.3747540,4.97425435e-06
0,60,123,7019908,8549606,41.1846008,2924,1.28701878,0.000118651000,28,18.0182629,1.33574065e-06
0,60,123,7019908,8549606,41.1846008,2924,1.28701878,0.000118651000,29,18.6617718,4.78715810e-06
0,60,123,7019908,8549606,41.1846008,2924,1.28701878,0.000118651000,30,19.3052826,4.79045639e-06
0,60,123,7019908,8549606,41.1846008,2924,1.28701878,0.000118651000,31,19.9487915,5.00438318e-06
0,60,123,7019908,8549606,41.1846008,2924,1.28701878,0.000118651000,32,20.5923004,3.05695175e-06
1,124,187,8573880,10102954,41.2014084,2933,0.643772006,0.000133299000,0,0.00000000,5.35816172e-05
1,124,187,8573880,10102954,41.2014084,2933,0.643772006,0.000133299000,1,0.643772006,0.000133299000
1,124,187,8573880,10102954,41.2014084,2933,0.643772006,0.000133299000,2,1.28754401,0.000125233000
1,124,187,8573880,10102954,41.2014084,2933,0.643772006,0.000133299000,3,1.93131602,8.72382430e-05
1,124,187,8573880,10102954,41.2014084,2933,0.643772006,0.000133299000,4,2.57508802,5.70547664e-05
1,124,187,8573880,10102954,41.2014084,2933,0.643772006,0.000133299000,5,3.21886015,5.22305265e-05
1,124,187,8573880,10102954,41.2014084,2933,0.643772006,0.000133299000,6,3.86263204,5.01187562e-05
1,124,187,8573880,10102954,41.2014084,2933,0.643772006,0.000133299000,7,4.50640392,2.14237986e-05
1,124,187,8573880,10102954,41.2014084,2933,0.643772006,0.000133299000,8,5.15017605,1.85339138e-06
1,124,187,8573880,10102954,41.2014084,2933,0.643772006,0.000133299000,9,5.79394817,1.08095563e-05
1,124,187,8573880,10102954,41.2014084,2933,0.643772006,0.000133299000,10,6.43772030,2.36962584e-05
1,124,187,8573880,10102954,41.2014084,2933,0.643772006,0.000133299000,11,7.08149195,2.55635419e-05
1,124,187,8573880,10102954,41.2014084,2933,0.643772006,0.000133299000,12,7.72526407,2.53485428e-05
1,124,187,8573880,10102954,41.2014084,2933,0.643772006,0.000133299000,13,8.36903572,1.88940991e-05
1,124,187,8573880,10102954,41.2014084,2933,0.643772006,0.000133299000,14,9.01280785,7.79056245e-06
1,124,187,8573880,10102954,41.2014084,2933,0.643772006,0.000133299000,15,9.65657997,5.06785955e-06
1,124,187,8573880,10102954,41.2014084,2933,0.643772006,0.000133299000,16,10.3003521,1.27563931e-06
1,124,187,8573880,10102954,41.2014084,2933,0.643772006,0.000133299000,17,10.9441242,6.45923410e-06
1,124,187,8573880,10102954,41.2014084,2933,0.643772006,0.000133299000,18,11.5878963,6.57534974e-06
1,124,187,8573880,10102954,41.2014084,2933,0.643772006,0.000133299000,19,12.2316685,1.07242330e-05
1,124,187,8573880,10102954,41.2014084,2933,0.643772006,0.000133299000,20,12.8754406,1.65207236e-05
1,124,187,8573880,10102954,41.2014084,2933,0.643772006,0.000133299000,21,13.5192118,6.41457427e-06
1,124,187,8573880,10102954,41.2014084,2933,0.643772006,0.000133299000,22,14.1629839,6.18384502e-06
1,124,187,8573880,10102954,41.2014084,2933,0.643772006,0.000133299000,23,14.8067560,3.20831418e-06
1,124,187,8573880,10102954,41.2014084,2933,0.643772006,0.000133299000,24,15.4505281,2.38975031e-06
1,124,187,8573880,10102954,41.2014084,2933,0.643772006,0.000133299000,25,16.0942993,2.03604623e-06
1,124,187,8573880,10102954,41.2014084,2933,0.643772006,0.000133299000,26,16.7380714,4.13569978e-06
1,124,187,8573880,10102954,41.2014084,2933,0.643772006,0.000133299000,27,17.3818436,1.12248152e-05
1,124,187,8573880,10102954,41.2014084,2933,0.643772006,0.000133299000,28,18.0256157,1.08498615e-05
1,124,187,8573880,10102954,41.2014084,2933,0.643772006,0.000133299000,29,18.6693878,5.79058133e-06
1,124,187,8573880,10102954,41.2014084,2933,0.643772006,0.000133299000,30,19.3131599,3.13461487e-06
1,124,187,8573880,10102954,41.2014084,2933,0.643772006,0.000133299000,31,19.9569321,2.26009615e-06
1,124,187,8573880,10102954,41.2014084,2933,0.643772006,0.000133299000,32,20.6007042,1.86223360e-06
2,188,251,10127246,11656914,41.1854057,2916,0.643521965,0.00159963400,0,0.00000000,0.000670490000
2,188,251,10127246,11656914,41.1854057,2916,0.643521965,0.00159963400,1,0.643521965,0.00159963400
2,188,251,10127246,11656914,41.1854057,2916,0.643521965,0.00159963400,2,1.28704393,0.00156406800
2,188,251,10127246,11656914,41.1854057,2916,0.643521965,0.00159963400,3,1.93056583,0.00121006100
2,188,251,10127246,11656914,41.1854057,2916,0.643521965,0.00159963400,4,2.57408786,0.00112987200
2,188,251,10127246,11656914,41.1854057,2916,0.643521965,0.00159963400,5,3.21760988,0.000868130000
2,188,251,10127246,11656914,41.1854057,2916,0.643521965,0.00159963400,6,3.86113167,0.000448069000
2,188,251,10127246,11656914,41.1854057,2916,0.643521965,0.00159963400,7,4.50465393,0.000276450000
2,188,251,10127246,11656914,41.1854057,2916,0.643521965,0.00159963400,8,5.14817572,0.000104701000
2,188,251,10127246,11656914,41.1854057,2916,0.643521965,0.00159963400,9,5.79169750,0.000113050000
2,188,251,10127246,11656914,41.1854057,2916,0.643521965,0.00159963400,10,6.43521976,0.000335682000
2,188,251,10127246,11656914,41.1854057,2916,0.643521965,0.00159963400,11,7.07874155,0.000415429000
2,188,251,10127246,11656914,41.1854057,2916,0.643521965,0.00159963400,12,7.72226334,0.000349398000
2,188,251,10127246,11656914,41.1854057,2916,0.643521965,0.00159963400,13,8.36578560,0.000362975000
2,188,251,10127246,11656914,41.1854057,2916,0.643521965,0.00159963400,14,9.00930786,0.000290274000
2,188,251,10127246,11656914,41.1854057,2916,0.643521965,0.00159963400,15,9.65282917,0.000117059000
2,188,251,10127246,11656914,41.1854057,2916,0.643521965,0.00159963400,16,10.2963514,4.38586242e-05
2,188,251,10127246,11656914,41.1854057,2916,0.643521965,0.00159963400,17,10.9398737,0.000144647000
2,188,251,10127246,11656914,41.1854057,2916,0.643521965,0.00159963400,18,11.5833950,0.000228418000
2,188,251,10127246,11656914,41.1854057,2916,0.643521965,0.00159963400,19,12.2269173,0.000318557000
2,188,251,10127246,11656914,41.1854057,2916,0.643521965,0.00159963400,20,12.8704395,0.000320778000
2,188,251,10127246,11656914,41.1854057,2916,0.643521965,0.00159963400,21,13.5139608,0.000244746000
2,188,251,10127246,11656914,41.1854057,2916,0.643521965,0.00159963400,22,14.1574831,0.000213595000
2,188,251,10127246,11656914,41.1854057,2916,0.643521965,0.00159963400,23,14.8010054,0.000139002000
2,188,251,10127246,11656914,41.1854057,2916,0.643521965,0.00159963400,24,15.4445267,1.86274844e-05
2,188,251,10127246,11656914,41.1854057,2916,0.643521965,0.00159963400,25,16.0880489,0.000121421000
2,188,251,10127246,11656914,41.1854057,2916,0.643521965,0.00159963400,26,16.7315712,0.000245881000
2,188,251,10127246,11656914,41.1854057,2916,0.643521965,0.00159963400,27,17.3750935,0.000306092000
2,188,251,10127246,11656914,41.1854057,2916,0.643521965,0.00159963400,28,18.0186157,0.000321472000
2,188,251,10127246,11656914,41.1854057,2916,0.643521965,0.00159963400,29,18.6621361,0.000280027000
2,188,251,10127246,11656914,41.1854057,2916,0.643521965,0.00159963400,30,19.3056583,0.000172079000
2,188,251,10127246,11656914,41.1854057,2916,0.643521965,0.00159963400,31,19.9491806,9.36300044e-05
2,188,251,10127246,11656914,41.1854057,2916,0.643521965,0.00159963400,32,20.5927029,2.87842281e-05
3,252,315,11681188,13210713,41.1892586,2914,2.57432866,0.000348567000,0,0.00000000,6.77591878e-05
3,252,315,11681188,13210713,41.1892586,2914,2.57432866,0.000348567000,1,0.643582165,8.98217537e-05
3,252,315,11681188,13210713,41.1892586,2914,2.57432866,0.000348567000,2,1.28716433,6.94185864e-05
3,252,315,11681188,13210713,41.1892586,2914,2.57432866,0.000348567000,3,1.93074656,0.000285844000
3,252,315,11681188,13210713,41.1892586,2914,2.57432866,0.000348567000,4,2.57432866,0.000348567000
3,252,315,11681188,13210713,41.1892586,2914,2.57432866,0.000348567000,5,3.21791077,0.000247571000
3,252,315,11681188,13210713,41.1892586,2914,2.57432866,0.000348567000,6,3.86149311,0.000202553000
3,252,315,11681188,13210713,41.1892586,2914,2.57432866,0.000348567000,7,4.50507498,8.26449020e-05
3,252,315,11681188,13210713,41.1892586,2914,2.57432866,0.000348567000,8,5.14865732,8.97815516e-06
3,252,315,11681188,13210713,41.1892586,2914,2.57432866,0.000348567000,9,5.79223967,1.71070276e-05
3,252,315,11681188,13210713,41.1892586,2914,2.57432866,0.000348567000,10,6.43582153,3.91854950e-05
3,252,315,11681188,13210713,41.1892586,2914,2.57432866,0.000348567000,11,7.07940388,3.62376626e-05
3,252,315,11681188,13210713,41.1892586,2914,2.57432866,0.000348567000,12,7.72298622,4.05546847e-05
3,252,315,11681188,13210713,41.1892586,2914,2.57432866,0.000348567000,13,8.36656857,4.36706862e-05
3,252,315,11681188,13210713,41.1892586,2914,2.57432866,0.000348567000,14,9.01014996,2.63389807e-05
3,252,315,11681188,13210713,41.1892586,2914,2.57432866,0.000348567000,15,9.65373230,6.98743160e-05
3,252,315,11681188,13210713,41.1892586,2914,2.57432866,0.000348567000,16,10.2973146,4.81099662e-05
3,252,315,11681188,13210713,41.1892586,2914,2.57432866,0.000348567000,17,10.9408970,4.40029135e-06
3,252,315,11681188,13210713,41.1892586,2914,2.57432866,0.000348567000,18,11.5844793,2.29700742e-05
3,252,315,11681188,13210713,41.1892586,2914,2.57432866,0.000348567000,19,12.2280607,1.11415209e-05
3,252,315,11681188,13210713,41.1892586,2914,2.57432866,0.000348567000,20,12.8716431,3.26154982e-05
3,252,315,11681188,13210713,41.1892586,2914,2.57432866,0.000348567000,21,13.5152254,2.44330964e-05
3,252,315,11681188,13210713,41.1892586,2914,2.57432866,0.000348567000,22,14.1588078,1.49647974e-05
3,252,315,11681188,13210713,41.1892586,2914,2.57432866,0.000348567000,23,14.8023901,1.59569770e-05
3,252,315,11681188,13210713,41.1892586,2914,2.57432866,0.000348567000,24,15.4459724,2.13439359e-05
3,252,315,11681188,13210713,41.1892586,2914,2.57432866,0.000348567000,25,16.0895538,3.42429298e-05
3,252,315,11681188,13210713,41.1892586,2914,2.57432866,0.000348567000,26,16.7331371,2.35170406e-05
3,252,315,11681188,13210713,41.1892586,2914,2.57432866,0.000348567000,27,17.3767185,7.64225479e-06
3,252,315,11681188,13210713,41.1892586,2914,2.57432866,0.000348567000,28,18.0202999,1.89672371e-05
3,252,315,11681188,13210713,41.1892586,2914,2.57432866,0.000348567000,29,18.6638832,2.86618902e-05
3,252,315,11681188,13210713,41.1892586,2914,2.57432866,0.000348567000,30,19.3074646,1.39123811e-05
3,252,315,11681188,13210713,41.1892586,2914,2.57432866,0.000348567000,31,19.9510479,1.45316524e-05
3,252,315,11681188,13210713,41.1892586,2914,2.57432866,0.000348567000,32,20.5946293,5.92952028e-06
4,316,379,13234991,14764018,41.2026749,2908,0.643791795,0.000423740000,0,0.00000000,0.000118955000
4,316,379,13234991,14764018,41.2026749,2908,0.643791795,0.000423740000,1,0.643791795,0.000423740000
4,316,379,13234991,14764018,41.2026749,2908,0.643791795,0.000423740000,2,1.28758359,0.000195987000
4,316,379,13234991,14764018,41.2026749,2908,0.643791795,0.000423740000,3,1.93137538,0.000207056000
4,316,379,13234991,14764018,41.2026749,2908,0.643791795,0.000423740000,4,2.57516718,7.48175069e-05
4,316,379,13234991,14764018,41.2026749,2908,0.643791795,0.000423740000,5,3.21895885,9.11368757e-05
4,316,379,13234991,14764018,41.2026749,2908,0.643791795,0.000423740000,6,3.86275077,6.11619025e-05
4,316,379,13234991,14764018,41.2026749,2908,0.643791795,0.000423740000,7,4.50654268,5.06230492e-05
4,316,379,13234991,14764018,41.2026749,2908,0.643791795,0.000423740000,8,5.15033436,1.12948426e-05
4,316,379,13234991,14764018,41.2026749,2908,0.643791795,0.000423740000,9,5.79412603,1.55581854e-05
4,316,379,13234991,14764018,41.2026749,2908,0.643791795,0.000423740000,10,6.43791771,4.08737463e-05
4,316,379,13234991,14764018,41.2026749,2908,0.643791795,0.000423740000,11,7.08170986,7.35232087e-05
4,316,379,13234991,14764018,41.2026749,2908,0.643791795,0.000423740000,12,7.72550154,5.13785446e-05
4,316,379,13234991,14764018,41.2026749,2908,0.643791795,0.000423740000,13,8.36929321,5.13942861e-05
4,316,379,13234991,14764018,41.2026749,2908,0.643791795,0.000423740000,14,9.01308537,3.31193837e-05
4,316,379,13234991,14764018,41.2026749,2908,0.643791795,0.000423740000,15,9.65687656,2.00429274e-05
4,316,379,13234991,14764018,41.2026749,2908,0.643791795,0.000423740000,16,10.3006687,1.83554127e-05
4,316,379,13234991,14764018,41.2026749,2908,0.643791795,0.000423740000,17,10.9444609,3.23321287e-05
4,316,379,13234991,14764018,41.2026749,2908,0.643791795,0.000423740000,18,11.5882521,3.24845891e-05
4,316,379,13234991,14764018,41.2026749,2908,0.643791795,0.000423740000,19,12.2320442,4.08314985e-05
4,316,379,13234991,14764018,41.2026749,2908,0.643791795,0.000423740000,20,12.8758354,2.10130617e-05
4,316,379,13234991,14764018,41.2026749,2908,0.643791795,0.000423740000,21,13.5196276,2.76301849e-05
4,316,379,13234991,14764018,41.2026749,2908,0.643791795,0.000423740000,22,14.1634197,2.63521593e-05
4,316,379,13234991,14764018,41.2026749,2908,0.643791795,0.000423740000,23,14.8072109,8.34126786e-06
4,316,379,13234991,14764018,41.2026749,2908,0.643791795,0.000423740000,24,15.4510031,1.35929702e-05
4,316,379,13234991,14764018,41.2026749,2908,0.643791795,0.000423740000,25,16.0947952,1.44721205e-05
4,316,379,13234991,14764018,41.2026749,2908,0.643791795,0.000423740000,26,16.7385864,2.12909451e-05
4,316,379,13234991,14764018,41.2026749,2908,0.643791795,0.000423740000,27,17.3823776,3.25225005e-05
4,316,379,13234991,14764018,41.2026749,2908,0.643791795,0.000423740000,28,18.0261707,2.25139207e-05
4,316,379,13234991,14764018,41.2026749,2908,0.643791795,0.000423740000,29,18.6699619,2.18774636e-05
4,316,379,13234991,14764018,41.2026749,2908,0.643791795,0.000423740000,30,19.3137531,8.60399541e-06
4,316,379,13234991,14764018,41.2026749,2908,0.643791795,0.000423740000,31,19.9575462,7.12099109e-06
4,316,379,13234991,14764018,41.2026749,2908,0.643791795,0.000423740000,32,20.6013374,8.13295173e-06
5,380,443,14788292,16317898,41.1870766,2916,1.93064427,0.000316067000,0,0.00000000,0.000165204000
5,380,443,14788292,16317898,41.1870766,2916,1.93064427,0.000316067000,1,0.643548071,0.000301059000
5,380,443,14788292,16317898,41.1870766,2916,1.93064427,0.000316067000,2,1.28709614,0.000202614000
5,380,443,14788292,16317898,41.1870766,2916,1.93064427,0.000316067000,3,1.93064427,0.000316067000
5,380,443,14788292,16317898,41.1870766,2916,1.93064427,0.000316067000,4,2.57419229,0.000315552000
5,380,443,14788292,16317898,41.1870766,2916,1.93064427,0.000316067000,5,3.21774030,0.000114222000
5,380,443,14788292,16317898,41.1870766,2916,1.93064427,0.000316067000,6,3.86128855,9.33050892e-05
5,380,443,14788292,16317898,41.1870766,2916,1.93064427,0.000316067000,7,4.50483656,5.63542445e-05
5,380,443,14788292,16317898,41.1870766,2916,1.93064427,0.000316067000,8,5.14838457,2.62641530e-05
5,380,443,14788292,16317898,41.1870766,2916,1.93064427,0.000316067000,9,5.79193258,5.35892533e-05
5,380,443,14788292,16317898,41.1870766,2916,1.93064427,0.000316067000,10,6.43548059,9.33905672e-05
5,380,443,14788292,16317898,41.1870766,2916,1.93064427,0.000316067000,11,7.07902861,0.000105940000
5,380,443,14788292,16317898,41.1870766,2916,1.93064427,0.000316067000,12,7.72257710,8.26114617e-05
5,380,443,14788292,16317898,41.1870766,2916,1.93064427,0.000316067000,13,8.36612511,5.51377626e-05
5,380,443,14788292,16317898,41.1870766,2916,1.93064427,0.000316067000,14,9.00967312,1.08798848e-05
5,380,443,14788292,16317898,41.1870766,2916,1.93064427,0.000316067000,15,9.65322113,1.56792646e-05
5,380,443,14788292,16317898,41.1870766,2916,1.93064427,0.000316067000,16,10.2967691,2.70602682e-05
5,380,443,14788292,16317898,41.1870766,2916,1.93064427,0.000316067000,17,10.9403172,4.40075594e-05
5,380,443,14788292,16317898,41.1870766,2916,1.93064427,0.000316067000,18,11.5838652,5.55305079e-05
5,380,443,14788292,16317898,41.1870766,2916,1.93064427,0.000316067000,19,12.2274132,5.26785290e-05
5,380,443,14788292,16317898,41.1870766,2916,1.93064427,0.000316067000,20,12.8709612,4.20411482e-05
5,380,443,14788292,16317898,41.1870766,2916,1.93064427,0.000316067000,21,13.5145092,3.65257505e-05
5,380,443,14788292,16317898,41.1870766,2916,1.93064427,0.000316067000,22,14.1580572,4.11832255e-05
5,380,443,14788292,16317898,41.1870766,2916,1.93064427,0.000316067000,23,14.8016052,2.42061793e-05
5,380,443,14788292,16317898,41.1870766,2916,1.93064427,0.000316067000,24,15.4451542,1.55593932e-05
5,380,443,14788292,16317898,41.1870766,2916,1.93064427,0.000316067000,25,16.0887012,1.34613836e-05
5,380,443,14788292,16317898,41.1870766,2916,1.93064427,0.000316067000,26,16.7322502,2.17592512e-05
5,380,443,14788292,16317898,41.1870766,2916,1.93064427,0.000316067000,27,17.3757973,3.66210328e-05
5,380,443,14788292,16317898,41.1870766,2916,1.93064427,0.000316067000,28,18.0193462,5.09793164e-05
5,380,443,14788292,16317898,41.1870766,2916,1.93064427,0.000316067000,29,18.6628933,4.24859384e-05
5,380,443,14788292,16317898,41.1870766,2916,1.93064427,0.000316067000,30,19.3064423,2.68805393e-05
5,380,443,14788292,16317898,41.1870766,2916,1.93064427,0.000316067000,31,19.9499893,1.64088922e-05
5,380,443,14788292,16317898,41.1870766,2916,1.93064427,0.000316067000,32,20.5935383,3.96139103e-06
6,444,507,16342173,17871757,41.1876678,2912,1.28711462,0.00146555400,0,0.00000000,0.000271460000
6,444,507,16342173,17871757,41.1876678,2912,1.28711462,0.00146555400,1,0.643557310,0.00127863900
6,444,507,16342173,17871757,41.1876678,2912,1.28711462,0.00146555400,2,1.28711462,0.00146555400
6,444,507,16342173,17871757,41.1876678,2912,1.28711462,0.00146555400,3,1.93067193,0.00097129800
6,444,507,16342173,17871757,41.1876678,2912,1.28711462,0.00146555400,4,2.57422924,0.000344483000
6,444,507,16342173,17871757,41.1876678,2912,1.28711462,0.00146555400,5,3.21778655,0.000212164000
6,444,507,16342173,17871757,41.1876678,2912,1.28711462,0.00146555400,6,3.86134386,0.000298500000
6,444,507,16342173,17871757,41.1876678,2912,1.28711462,0.00146555400,7,4.50490093,0.000182269000
6,444,507,16342173,17871757,41.1876678,2912,1.28711462,0.00146555400,8,5.14845848,8.43531367e-05
6,444,507,16342173,17871757,41.1876678,2912,1.28711462,0.00146555400,9,5.79201603,0.000162819000
6,444,507,16342173,17871757,41.1876678,2912,1.28711462,0.00146555400,10,6.43557310,0.000307811000
6,444,507,16342173,17871757,41.1876678,2912,1.28711462,0.00146555400,11,7.07913017,0.000389524000
6,444,507,16342173,17871757,41.1876678,2912,1.28711462,0.00146555400,12,7.72268772,0.000307396000
6,444,507,16342173,17871757,41.1876678,2912,1.28711462,0.00146555400,13,8.36624527,0.000179349000
6,444,507,16342173,17871757,41.1876678,2912,1.28711462,0.00146555400,14,9.00980186,0.000133205000
6,444,507,16342173,17871757,41.1876678,2912,1.28711462,0.00146555400,15,9.65335941,9.65636995e-05
6,444,507,16342173,17871757,41.1876678,2912,1.28711462,0.00146555400,16,10.2969170,3.17228510e-05
6,444,507,16342173,17871757,41.1876678,2912,1.28711462,0.00146555400,17,10.9404745,3.17226618e-05
6,444,507,16342173,17871757,41.1876678,2912,1.28711462,0.00146555400,18,11.5840321,5.13552179e-05
6,444,507,16342173,17871757,41.1876678,2912,1.28711462,0.00146555400,19,12.2275887,0.000136087000
6,444,507,16342173,17871757,41.1876678,2912,1.28711462,0.00146555400,20,12.8711462,0.000200268000
6,444,507,16342173,17871757,41.1876678,2912,1.28711462,0.00146555400,21,13.5147038,0.000201964000
6,444,507,16342173,17871757,41.1876678,2912,1.28711462,0.00146555400,22,14.1582603,0.000143036000
6,444,507,16342173,17871757,41.1876678,2912,1.28711462,0.00146555400,23,14.8018179,5.26173309e-05
6,444,507,16342173,17871757,41.1876678,2912,1.28711462,0.00146555400,24,15.4453754,1.67438136e-05
6,444,507,16342173,17871757,41.1876678,2912,1.28711462,0.00146555400,25,16.0889320,8.43502409e-05
6,444,507,16342173,17871757,41.1876678,2912,1.28711462,0.00146555400,26,16.7324905,0.000108265000
6,444,507,16342173,17871757,41.1876678,2912,1.28711462,0.00146555400,27,17.3760471,8.13296853e-05
6,444,507,16342173,17871757,41.1876678,2912,1.28711462,0.00146555400,28,18.0196037,8.95770923e-05
6,444,507,16342173,17871757,41.1876678,2912,1.28711462,0.00146555400,29,18.6631622,0.000129267000
6,444,507,16342173,17871757,41.1876678,2912,1.28711462,0.00146555400,30,19.3067188,0.000135078000
6,444,507,16342173,17871757,41.1876678,2912,1.28711462,0.00146555400,31,19.9502773,7.86580119e-05
6,444,507,16342173,17871757,41.1876678,2912,1.28711462,0.00146555400,32,20.5938339,1.17015487e-05
7,508,571,17896030,19425091,41.2017555,2905,0.643777430,0.000715588000,0,0.00000000,0.000349424000
7,508,571,17896030,19425091,41.2017555,2905,0.643777430,0.000715588000,1,0.643777430,0.000715588000
7,508,571,17896030,19425091,41.2017555,2905,0.643777430,0.000715588000,2,1.28755486,0.000274249000
7,508,571,17896030,19425091,41.2017555,2905,0.643777430,0.000715588000,3,1.93133235,0.000145232000
7,508,571,17896030,19425091,41.2017555,2905,0.643777430,0.000715588000,4,2.57510972,0.000191518000
7,508,571,17896030,19425091,41.2017555,2905,0.643777430,0.000715588000,5,3.21888709,0.000208271000
7,508,571,17896030,19425091,41.2017555,2905,0.643777430,0.000715588000,6,3.86266470,0.000123119000
7,508,571,17896030,19425091,41.2017555,2905,0.643777430,0.000715588000,7,4.50644207,5.32519836e-05
7,508,571,17896030,19425091,41.2017555,2905,0.643777430,0.000715588000,8,5.15021944,4.92622523e-05
7,508,571,17896030,19425091,41.2017555,2905,0.643777430,0.000715588000,9,5.79399681,0.000119446000
7,508,571,17896030,19425091,41.2017555,2905,0.643777430,0.000715588000,10,6.43777418,0.000113508000
7,508,571,17896030,19425091,41.2017555,2905,0.643777430,0.000715588000,11,7.08155155,5.65016408e-05
7,508,571,17896030,19425091,41.2017555,2905,0.643777430,0.000715588000,12,7.72532940,4.41245787e-05
7,508,571,17896030,19425091,41.2017555,2905,0.643777430,0.000715588000,13,8.36910629,3.34885221e-05
7,508,571,17896030,19425091,41.2017555,2905,0.643777430,0.000715588000,14,9.01288414,5.51363511e-05
7,508,571,17896030,19425091,41.2017555,2905,0.643777430,0.000715588000,15,9.65666103,1.68921413e-05
7,508,571,17896030,19425091,41.2017555,2905,0.643777430,0.000715588000,16,10.3004389,1.12553724e-05
7,508,571,17896030,19425091,41.2017555,2905,0.643777430,0.000715588000,17,10.9442167,2.48571792e-05
7,508,571,17896030,19425091,41.2017555,2905,0.643777430,0.000715588000,18,11.5879936,3.23742783e-05
7,508,571,17896030,19425091,41.2017555,2905,0.643777430,0.000715588000,19,12.2317715,5.65346955e-05
7,508,571,17896030,19425091,41.2017555,2905,0.643777430,0.000715588000,20,12.8755484,6.78943460e-05
7,508,571,17896030,19425091,41.2017555,2905,0.643777430,0.000715588000,21,13.5193262,5.78580139e-05
7,508,571,17896030,19425091,41.2017555,2905,0.643777430,0.000715588000,22,14.1631031,3.29550744e-05
7,508,571,17896030,19425091,41.2017555,2905,0.643777430,0.000715588000,23,14.8068810,8.57770192e-06
7,508,571,17896030,19425091,41.2017555,2905,0.643777430,0.000715588000,24,15.4506588,3.57057174e-05
7,508,571,17896030,19425091,41.2017555,2905,0.643777430,0.000715588000,25,16.0944366,3.30851067e-05
7,508,571,17896030,19425091,41.2017555,2905,0.643777430,0.000715588000,26,16.7382126,1.99850380e-05
7,508,571,17896030,19425091,41.2017555,2905,0.643777430,0.000715588000,27,17.3819904,4.18952144e-05
7,508,571,17896030,19425091,41.2017555,2905,0.643777430,0.000715588000,28,18.0257683,6.28550106e-05
7,508,571,17896030,19425091,41.2017555,2905,0.643777430,0.000715588000,29,18.6695461,4.98013389e-05
7,508,571,17896030,19425091,41.2017555,2905,0.643777430,0.000715588000,30,19.3133221,1.98227223e-05
7,508,571,17896030,19425091,41.2017555,2905,0.643777430,0.000715588000,31,19.9570999,1.11357284e-05
7,508,571,17896030,19425091,41.2017555,2905,0.643777430,0.000715588000,32,20.6008778,7.74182990e-06
8,572,635,19449367,20978945,41.1878319,2922,2.57423949,0.00181572300,0,0.00000000,0.000255204000
8,572,635,19449367,20978945,41.1878319,2922,2.57423949,0.00181572300,1,0.643559873,0.00114768800
8,572,635,19449367,20978945,41.1878319,2922,2.57423949,0.00181572300,2,1.28711975,0.00171243200
8,572,635,19449367,20978945,41.1878319,2922,2.57423949,0.00181572300,3,1.93067956,0.00162490100
8,572,635,19449367,20978945,41.1878319,2922,2.57423949,0.00181572300,4,2.57423949,0.00181572300
8,572,635,19449367,20978945,41.1878319,2922,2.57423949,0.00181572300,5,3.21779943,0.00140619000
8,572,635,19449367,20978945,41.1878319,2922,2.57423949,0.00181572300,6,3.86135912,0.000897399000
8,572,635,19449367,20978945,41.1878319,2922,2.57423949,0.00181572300,7,4.50491905,0.000377415000
8,572,635,19449367,20978945,41.1878319,2922,2.57423949,0.00181572300,8,5.14847898,0.000129786000
8,572,635,19449367,20978945,41.1878319,2922,2.57423949,0.00181572300,9,5.79203892,0.000193891000
8,572,635,19449367,20978945,41.1878319,2922,2.57423949,0.00181572300,10,6.43559885,0.000330326000
8,572,635,19449367,20978945,41.1878319,2922,2.57423949,0.00181572300,11,7.07915878,0.000285527000
8,572,635,19449367,20978945,41.1878319,2922,2.57423949,0.00181572300,12,7.72271824,0.000371279000
8,572,635,19449367,20978945,41.1878319,2922,2.57423949,0.00181572300,13,8.36627865,0.000288772000
8,572,635,19449367,20978945,41.1878319,2922,2.57423949,0.00181572300,14,9.00983810,0.000246651000
8,572,635,19449367,20978945,41.1878319,2922,2.57423949,0.00181572300,15,9.65339851,0.000170513000
8,572,635,19449367,20978945,41.1878319,2922,2.57423949,0.00181572300,16,10.2969580,4.80227238e-05
8,572,635,19449367,20978945,41.1878319,2922,2.57423949,0.00181572300,17,10.9405174,0.000154324000
8,572,635,19449367,20978945,41.1878319,2922,2.57423949,0.00181572300,18,11.5840778,0.000269923000
8,572,635,19449367,20978945,41.1878319,2922,2.57423949,0.00181572300,19,12.2276373,0.000321915000
8,572,635,19449367,20978945,41.1878319,2922,2.57423949,0.00181572300,20,12.8711977,0.000206111000
8,572,635,19449367,20978945,41.1878319,2922,2.57423949,0.00181572300,21,13.5147572,0.000151772000
8,572,635,19449367,20978945,41.1878319,2922,2.57423949,0.00181572300,22,14.1583176,8.45497331e-05
8,572,635,19449367,20978945,41.1878319,2922,2.57423949,0.00181572300,23,14.8018770,7.64281274e-05
8,572,635,19449367,20978945,41.1878319,2922,2.57423949,0.00181572300,24,15.4454365,3.54172402e-05
8,572,635,19449367,20978945,41.1878319,2922,2.57423949,0.00181572300,25,16.0889969,0.000115008000
8,572,635,19449367,20978945,41.1878319,2922,2.57423949,0.00181572300,26,16.7325573,0.000207409000
8,572,635,19449367,20978945,41.1878319,2922,2.57423949,0.00181572300,27,17.3761158,0.000259027000
8,572,635,19449367,20978945,41.1878319,2922,2.57423949,0.00181572300,28,18.0196762,0.000261092000
8,572,635,19449367,20978945,41.1878319,2922,2.57423949,0.00181572300,29,18.6632366,0.000244181000
8,572,635,19449367,20978945,41.1878319,2922,2.57423949,0.00181572300,30,19.3067970,0.000126601000
8,572,635,19449367,20978945,41.1878319,2922,2.57423949,0.00181572300,31,19.9503555,4.15253010e-05
8,572,635,19449367,20978945,41.1878319,2922,2.57423949,0.00181572300,32,20.5939159,4.78174024e-06
9,636,699,21003239,22532792,41.1885033,2916,2.57428145,0.000788812000,0,0.00000000,5.73768476e-05
9,636,699,21003239,22532792,41.1885033,2916,2.57428145,0.000788812000,1,0.643570364,0.000528571000
9,636,699,21003239,22532792,41.1885033,2916,2.57428145,0.000788812000,2,1.28714073,0.000376691000
9,636,699,21003239,22532792,41.1885033,2916,2.57428145,0.000788812000,3,1.93071103,0.000441555000
9,636,699,21003239,22532792,41.1885033,2916,2.57428145,0.000788812000,4,2.57428145,0.000788812000
9,636,699,21003239,22532792,41.1885033,2916,2.57428145,0.000788812000,5,3.21785188,0.000778451000
9,636,699,21003239,22532792,41.1885033,2916,2.57428145,0.000788812000,6,3.86142206,0.000488940000
9,636,699,21003239,22532792,41.1885033,2916,2.57428145,0.000788812000,7,4.50499249,0.000156250000
9,636,699,21003239,22532792,41.1885033,2916,2.57428145,0.000788812000,8,5.14856291,6.41151700e-05
9,636,699,21003239,22532792,41.1885033,2916,2.57428145,0.000788812000,9,5.79213333,0.000122579000
9,636,699,21003239,22532792,41.1885033,2916,2.57428145,0.000788812000,10,6.43570375,0.000208683000
9,636,699,21003239,22532792,41.1885033,2916,2.57428145,0.000788812000,11,7.07927418,0.000200287000
9,636,699,21003239,22532792,41.1885033,2916,2.57428145,0.000788812000,12,7.72284412,6.40909775e-05
9,636,699,21003239,22532792,41.1885033,2916,2.57428145,0.000788812000,13,8.36641502,0.000105914000
9,636,699,21003239,22532792,41.1885033,2916,2.57428145,0.000788812000,14,9.00998497,0.000141907000
9,636,699,21003239,22532792,41.1885033,2916,2.57428145,0.000788812000,15,9.65355587,0.000114430000
9,636,699,21003239,22532792,41.1885033,2916,2.57428145,0.000788812000,16,10.2971258,5.79016224e-05
9,636,699,21003239,22532792,41.1885033,2916,2.57428145,0.000788812000,17,10.9406958,4.36084295e-05
9,636,699,21003239,22532792,41.1885033,2916,2.57428145,0.000788812000,18,11.5842667,9.01742520e-05
9,636,699,21003239,22532792,41.1885033,2916,2.57428145,0.000788812000,19,12.2278366,0.000154823000
9,636,699,21003239,22532792,41.1885033,2916,2.57428145,0.000788812000,20,12.8714075,0.000167993000
9,636,699,21003239,22532792,41.1885033,2916,2.57428145,0.000788812000,21,13.5149775,0.000115972000
9,636,699,21003239,22532792,41.1885033,2916,2.57428145,0.000788812000,22,14.1585484,4.12396833e-05
9,636,699,21003239,22532792,41.1885033,2916,2.57428145,0.000788812000,23,14.8021183,2.94758388e-05
9,636,699,21003239,22532792,41.1885033,2916,2.57428145,0.000788812000,24,15.4456882,3.22002556e-05
9,636,699,21003239,22532792,41.1885033,2916,2.57428145,0.000788812000,25,16.0892582,4.94199041e-05
9,636,699,21003239,22532792,41.1885033,2916,2.57428145,0.000788812000,26,16.7328300,5.78811078e-05
9,636,699,21003239,22532792,41.1885033,2916,2.57428145,0.000788812000,27,17.3764000,3.68274772e-05
9,636,699,21003239,22532792,41.1885033,2916,2.57428145,0.000788812000,28,18.0199699,7.46789581e-05
9,636,699,21003239,22532792,41.1885033,2916,2.57428145,0.000788812000,29,18.6635399,0.000109641000
9,636,699,21003239,22532792,41.1885033,2916,2.57428145,0.000788812000,30,19.3071117,8.18195246e-05
9,636,699,21003239,22532792,41.1885033,2916,2.57428145,0.000788812000,31,19.9506817,4.17946097e-05
9,636,699,21003239,22532792,41.1885033,2916,2.57428145,0.000788812000,32,20.5942516,1.31590357e-05
10,700,763,22557146,24086280,41.1997910,2907,1.28749347,0.00152236900,0,0.00000000,7.78858582e-05
10,700,763,22557146,24086280,41.1997910,2907,1.28749347,0.00152236900,1,0.643746734,0.00117699000
10,700,763,22557146,24086280,41.1997910,2907,1.28749347,0.00152236900,2,1.28749347,0.00152236900
10,700,763,22557146,24086280,41.1997910,2907,1.28749347,0.00152236900,3,1.93124020,0.00141540200
10,700,763,22557146,24086280,41.1997910,2907,1.28749347,0.00152236900,4,2.57498693,0.000912006000
10,700,763,22557146,24086280,41.1997910,2907,1.28749347,0.00152236900,5,3.21873379,0.000263783000
10,700,763,22557146,24086280,41.1997910,2907,1.28749347,0.00152236900,6,3.86248040,0.000297349000
10,700,763,22557146,24086280,41.1997910,2907,1.28749347,0.00152236900,7,4.50622702,0.000241047000
10,700,763,22557146,24086280,41.1997910,2907,1.28749347,0.00152236900,8,5.14997387,7.13059188e-05
10,700,763,22557146,24086280,41.1997910,2907,1.28749347,0.00152236900,9,5.79372072,0.000102810000
10,700,763,22557146,24086280,41.1997910,2907,1.28749347,0.00152236900,10,6.43746758,6.42724399e-05
10,700,763,22557146,24086280,41.1997910,2907,1.28749347,0.00152236900,11,7.08121395,0.000210526000
10,700,763,22557146,24086280,41.1997910,2907,1.28749347,0.00152236900,12,7.72496080,0.000361863000
10,700,763,22557146,24086280,41.1997910,2907,1.28749347,0.00152236900,13,8.36870766,0.000343278000
10,700,763,22557146,24086280,41.1997910,2907,1.28749347,0.00152236900,14,9.01245403,0.000208058000
10,700,763,22557146,24086280,41.1997910,2907,1.28749347,0.00152236900,15,9.65620136,8.57362962e-05
10,700,763,22557146,24086280,41.1997910,2907,1.28749347,0.00152236900,16,10.2999477,5.09758749e-05
10,700,763,22557146,24086280,41.1997910,2907,1.28749347,0.00152236900,17,10.9436941,0.000122685000
10,700,763,22557146,24086280,41.1997910,2907,1.28749347,0.00152236900,18,11.5874414,0.000194561000
10,700,763,22557146,24086280,41.1997910,2907,1.28749347,0.00152236900,19,12.2311878,0.000170091000
10,700,763,22557146,24086280,41.1997910,2907,1.28749347,0.00152236900,20,12.8749352,0.000117291000
10,700,763,22557146,24086280,41.1997910,2907,1.28749347,0.00152236900,21,13.5186815,0.000115302000
10,700,763,22557146,24086280,41.1997910,2907,1.28749347,0.00152236900,22,14.1624279,0.000112131000
10,700,763,22557146,24086280,41.1997910,2907,1.28749347,0.00152236900,23,14.8061752,7.60343089e-05
10,700,763,22557146,24086280,41.1997910,2907,1.28749347,0.00152236900,24,15.4499216,3.77462269e-05
10,700,763,22557146,24086280,41.1997910,2907,1.28749347,0.00152236900,25,16.0936680,5.72039381e-05
10,700,763,22557146,24086280,41.1997910,2907,1.28749347,0.00152236900,26,16.7374153,0.000113262000
10,700,763,22557146,24086280,41.1997910,2907,1.28749347,0.00152236900,27,17.3811626,0.000150266000
10,700,763,22557146,24086280,41.1997910,2907,1.28749347,0.00152236900,28,18.0249081,0.000128584000
10,700,763,22557146,24086280,41.1997910,2907,1.28749347,0.00152236900,29,18.6686554,8.41452626e-05
10,700,763,22557146,24086280,41.1997910,2907,1.28749347,0.00152236900,30,19.3124027,5.69702198e-05
10,700,763,22557146,24086280,41.1997910,2907,1.28749347,0.00152236900,31,19.9561481,4.92505853e-05
10,700,763,22557146,24086280,41.1997910,2907,1.28749347,0.00152236900,32,20.5998955,1.47934332e-05
11,764,827,24110550,25640029,41.1904984,2944,0.643601537,0.00115519100,0,0.00000000,0.000437458000
11,764,827,24110550,25640029,41.1904984,2944,0.643601537,0.00115519100,1,0.643601537,0.00115519100
11,764,827,24110550,25640029,41.1904984,2944,0.643601537,0.00115519100,2,1.28720307,0.000851087000
11,764,827,24110550,25640029,41.1904984,2944,0.643601537,0.00115519100,3,1.93080461,0.000829886000
11,764,827,24110550,25640029,41.1904984,2944,0.643601537,0.00115519100,4,2.57440615,0.000958980000
11,764,827,24110550,25640029,41.1904984,2944,0.643601537,0.00115519100,5,3.21800756,0.000586152000
11,764,827,24110550,25640029,41.1904984,2944,0.643601537,0.00115519100,6,3.86160922,0.000199724000
11,764,827,24110550,25640029,41.1904984,2944,0.643601537,0.00115519100,7,4.50521088,0.000127733000
11,764,827,24110550,25640029,41.1904984,2944,0.643601537,0.00115519100,8,5.14881229,3.16311775e-05
11,764,827,24110550,25640029,41.1904984,2944,0.643601537,0.00115519100,9,5.79241371,0.000192794000
11,764,827,24110550,25640029,41.1904984,2944,0.643601537,0.00115519100,10,6.43601513,0.000252738000
11,764,827,24110550,25640029,41.1904984,2944,0.643601537,0.00115519100,11,7.07961702,0.000244082000
11,764,827,24110550,25640029,41.1904984,2944,0.643601537,0.00115519100,12,7.72321844,0.000251787000
11,764,827,24110550,25640029,41.1904984,2944,0.643601537,0.00115519100,13,8.36682034,0.000180693000
11,764,827,24110550,25640029,41.1904984,2944,0.643601537,0.00115519100,14,9.01042175,9.76777942e-05
11,764,827,24110550,25640029,41.1904984,2944,0.643601537,0.00115519100,15,9.65402317,5.55948856e-05
11,764,827,24110550,25640029,41.1904984,2944,0.643601537,0.00115519100,16,10.2976246,1.49492914e-05
11,764,827,24110550,25640029,41.1904984,2944,0.643601537,0.00115519100,17,10.9412260,7.29148004e-05
11,764,827,24110550,25640029,41.1904984,2944,0.643601537,0.00115519100,18,11.5848274,9.34980330e-05
11,764,827,24110550,25640029,41.1904984,2944,0.643601537,0.00115519100,19,12.2284288,7.91363552e-05
11,764,827,24110550,25640029,41.1904984,2944,0.643601537,0.00115519100,20,12.8720303,0.000101638000
11,764,827,24110550,25640029,41.1904984,2944,0.643601537,0.00115519100,21,13.5156326,9.83334234e-05
11,764,827,24110550,25640029,41.1904984,2944,0.643601537,0.00115519100,22,14.1592340,7.16815692e-05
11,764,827,24110550,25640029,41.1904984,2944,0.643601537,0.00115519100,23,14.8028355,4.24106104e-05
11,764,827,24110550,25640029,41.1904984,2944,0.643601537,0.00115519100,24,15.4464369,1.29484913e-05
11,764,827,24110550,25640029,41.1904984,2944,0.643601537,0.00115519100,25,16.0900383,3.00663574e-05
11,764,827,24110550,25640029,41.1904984,2944,0.643601537,0.00115519100,26,16.7336407,7.08950600e-05
11,764,827,24110550,25640029,41.1904984,2944,0.643601537,0.00115519100,27,17.3772411,0.000121582000
11,764,827,24110550,25640029,41.1904984,2944,0.643601537,0.00115519100,28,18.0208435,0.000150574000
11,764,827,24110550,25640029,41.1904984,2944,0.643601537,0.00115519100,29,18.6644440,0.000129936000
11,764,827,24110550,25640029,41.1904984,2944,0.643601537,0.00115519100,30,19.3080463,8.54748274e-05
11,764,827,24110550,25640029,41.1904984,2944,0.643601537,0.00115519100,31,19.9516468,4.12078255e-05
11,764,827,24110550,25640029,41.1904984,2944,0.643601537,0.00115519100,32,20.5952492,6.37759285e-06
12,828,891,25664313,27193336,41.2027817,2917,1.93138039,0.00134809800,0,0.00000000,0.000280377000
12,828,891,25664313,27193336,41.2027817,2917,1.93138039,0.00134809800,1,0.643793464,0.000593165000
12,828,891,25664313,27193336,41.2027817,2917,1.93138039,0.00134809800,2,1.28758693,0.000738925000
12,828,891,25664313,27193336,41.2027817,2917,1.93138039,0.00134809800,3,1.93138039,0.00134809800
12,828,891,25664313,27193336,41.2027817,2917,1.93138039,0.00134809800,4,2.57517385,0.000848814000
12,828,891,25664313,27193336,41.2027817,2917,1.93138039,0.00134809800,5,3.21896744,0.000257366000
12,828,891,25664313,27193336,41.2027817,2917,1.93138039,0.00134809800,6,3.86276078,0.000544845000
12,828,891,25664313,27193336,41.2027817,2917,1.93138039,0.00134809800,7,4.50655413,0.000323848000
12,828,891,25664313,27193336,41.2027817,2917,1.93138039,0.00134809800,8,5.15034771,8.43464574e-05
12,828,891,25664313,27193336,41.2027817,2917,1.93138039,0.00134809800,9,5.79414129,0.000201819000
12,828,891,25664313,27193336,41.2027817,2917,1.93138039,0.00134809800,10,6.43793488,0.000257988000
12,828,891,25664313,27193336,41.2027817,2917,1.93138039,0.00134809800,11,7.08172798,0.000124138000
12,828,891,25664313,27193336,41.2027817,2917,1.93138039,0.00134809800,12,7.72552156,0.000276440000
12,828,891,25664313,27193336,41.2027817,2917,1.93138039,0.00134809800,13,8.36931515,0.000304837000
12,828,891,25664313,27193336,41.2027817,2917,1.93138039,0.00134809800,14,9.01310825,0.000124444000
12,828,891,25664313,27193336,41.2027817,2917,1.93138039,0.00134809800,15,9.65690231,5.11930513e-05
12,828,891,25664313,27193336,41.2027817,2917,1.93138039,0.00134809800,16,10.3006954,9.08813035e-06
12,828,891,25664313,27193336,41.2027817,2917,1.93138039,0.00134809800,17,10.9444885,8.83710150e-05
12,828,891,25664313,27193336,41.2027817,2917,1.93138039,0.00134809800,18,11.5882826,0.000143250000
12,828,891,25664313,27193336,41.2027817,2917,1.93138039,0.00134809800,19,12.2320757,0.000251468000
12,828,891,25664313,27193336,41.2027817,2917,1.93138039,0.00134809800,20,12.8758698,0.000211233000
12,828,891,25664313,27193336,41.2027817,2917,1.93138039,0.00134809800,21,13.5196629,8.14147558e-05
12,828,891,25664313,27193336,41.2027817,2917,1.93138039,0.00134809800,22,14.1634560,0.000132229000
12,828,891,25664313,27193336,41.2027817,2917,1.93138039,0.00134809800,23,14.8072500,8.64433883e-05
12,828,891,25664313,27193336,41.2027817,2917,1.93138039,0.00134809800,24,15.4510431,3.96982645e-05
12,828,891,25664313,27193336,41.2027817,2917,1.93138039,0.00134809800,25,16.0948372,0.000114081000
12,828,891,25664313,27193336,41.2027817,2917,1.93138039,0.00134809800,26,16.7386303,0.000180930000
12,828,891,25664313,27193336,41.2027817,2917,1.93138039,0.00134809800,27,17.3824234,0.000163932000
12,828,891,25664313,27193336,41.2027817,2917,1.93138039,0.00134809800,28,18.0262165,0.000227584000
12,828,891,25664313,27193336,41.2027817,2917,1.93138039,0.00134809800,29,18.6700096,0.000239542000
12,828,891,25664313,27193336,41.2027817,2917,1.93138039,0.00134809800,30,19.3138046,0.000117785000
12,828,891,25664313,27193336,41.2027817,2917,1.93138039,0.00134809800,31,19.9575977,2.02121097e-05
12,828,891,25664313,27193336,41.2027817,2917,1.93138039,0.00134809800,32,20.6013908,5.52607446e-07
13,892,955,27217623,28747199,41.1878853,2913,1.93068218,0.00122959500,0,0.00000000,0.000233632000
13,892,955,27217623,28747199,41.1878853,2913,1.93068218,0.00122959500,1,0.643560708,0.000645035000
13,892,955,27217623,28747199,41.1878853,2913,1.93068218,0.00122959500,2,1.28712142,0.00108156600
13,892,955,27217623,28747199,41.1878853,2913,1.93068218,0.00122959500,3,1.93068218,0.00122959500
13,892,955,27217623,28747199,41.1878853,2913,1.93068218,0.00122959500,4,2.57424283,0.00111696200
13,892,955,27217623,28747199,41.1878853,2913,1.93068218,0.00122959500,5,3.21780348,0.000801343000
13,892,955,27217623,28747199,41.1878853,2913,1.93068218,0.00122959500,6,3.86136436,0.000473599000
13,892,955,27217623,28747199,41.1878853,2913,1.93068218,0.00122959500,7,4.50492477,0.000226125000
13,892,955,27217623,28747199,41.1878853,2913,1.93068218,0.00122959500,8,5.14848566,7.71381736e-05
13,892,955,27217623,28747199,41.1878853,2913,1.93068218,0.00122959500,9,5.79204655,0.000213998000
13,892,955,27217623,28747199,41.1878853,2913,1.93068218,0.00122959500,10,6.43560696,0.000321185000
13,892,955,27217623,28747199,41.1878853,2913,1.93068218,0.00122959500,11,7.07916784,0.000372002000
13,892,955,27217623,28747199,41.1878853,2913,1.93068218,0.00122959500,12,7.72272873,0.000414204000
13,892,955,27217623,28747199,41.1878853,2913,1.93068218,0.00122959500,13,8.36628914,0.000376254000
13,892,955,27217623,28747199,41.1878853,2913,1.93068218,0.00122959500,14,9.00984955,0.000249435000
13,892,955,27217623,28747199,41.1878853,2913,1.93068218,0.00122959500,15,9.65341091,0.000135425000
13,892,955,27217623,28747199,41.1878853,2913,1.93068218,0.00122959500,16,10.2969713,4.77365459e-05
13,892,955,27217623,28747199,41.1878853,2913,1.93068218,0.00122959500,17,10.9405317,0.000151375000
13,892,955,27217623,28747199,41.1878853,2913,1.93068218,0.00122959500,18,11.5840931,0.000287296000
13,892,955,27217623,28747199,41.1878853,2913,1.93068218,0.00122959500,19,12.2276535,0.000330095000
13,892,955,27217623,28747199,41.1878853,2913,1.93068218,0.00122959500,20,12.8712139,0.000275947000
13,892,955,27217623,28747199,41.1878853,2913,1.93068218,0.00122959500,21,13.5147753,0.000273203000
13,892,955,27217623,28747199,41.1878853,2913,1.93068218,0.00122959500,22,14.1583357,0.000225062000
13,892,955,27217623,28747199,41.1878853,2913,1.93068218,0.00122959500,23,14.8018961,0.000104355000
13,892,955,27217623,28747199,41.1878853,2913,1.93068218,0.00122959500,24,15.4454575,3.78022918e-05
13,892,955,27217623,28747199,41.1878853,2913,1.93068218,0.00122959500,25,16.0890179,0.000107631000
13,892,955,27217623,28747199,41.1878853,2913,1.93068218,0.00122959500,26,16.7325783,0.000207429000
13,892,955,27217623,28747199,41.1878853,2913,1.93068218,0.00122959500,27,17.3761387,0.000310881000
13,892,955,27217623,28747199,41.1878853,2913,1.93068218,0.00122959500,28,18.0196991,0.000307816000
13,892,955,27217623,28747199,41.1878853,2913,1.93068218,0.00122959500,29,18.6632614,0.000221910000
13,892,955,27217623,28747199,41.1878853,2913,1.93068218,0.00122959500,30,19.3068218,0.000182600000
13,892,955,27217623,28747199,41.1878853,2913,1.93068218,0.00122959500,31,19.9503822,0.000115079000
13,892,955,27217623,28747199,41.1878853,2913,1.93068218,0.00122959500,32,20.5939426,2.28992409e-05
14,956,1019,28771474,30301009,41.1889877,2915,1.28715587,0.00249764100,0,0.00000000,0.000305837000
14,956,1019,28771474,30301009,41.1889877,2915,1.28715587,0.00249764100,1,0.643577933,0.00177211800
14,956,1019,28771474,30301009,41.1889877,2915,1.28715587,0.00249764100,2,1.28715587,0.00249764100
14,956,1019,28771474,30301009,41.1889877,2915,1.28715587,0.00249764100,3,1.93073380,0.00180911100
14,956,1019,28771474,30301009,41.1889877,2915,1.28715587,0.00249764100,4,2.57431173,0.000748573000
14,956,1019,28771474,30301009,41.1889877,2915,1.28715587,0.00249764100,5,3.21788979,0.000559259000
14,956,1019,28771474,30301009,41.1889877,2915,1.28715587,0.00249764100,6,3.86146760,0.000648394000
14,956,1019,28771474,30301009,41.1889877,2915,1.28715587,0.00249764100,7,4.50504541,0.000337017000
14,956,1019,28771474,30301009,41.1889877,2915,1.28715587,0.00249764100,8,5.14862347,3.96459430e-05
14,956,1019,28771474,30301009,41.1889877,2915,1.28715587,0.00249764100,9,5.79220152,0.000161563000
14,956,1019,28771474,30301009,41.1889877,2915,1.28715587,0.00249764100,10,6.43577957,0.000407655000
14,956,1019,28771474,30301009,41.1889877,2915,1.28715587,0.00249764100,11,7.07935715,0.000542760000
14,956,1019,28771474,30301009,41.1889877,2915,1.28715587,0.00249764100,12,7.72293520,0.000455791000
14,956,1019,28771474,30301009,41.1889877,2915,1.28715587,0.00249764100,13,8.36651325,0.000230207000
14,956,1019,28771474,30301009,41.1889877,2915,1.28715587,0.00249764100,14,9.01009083,0.000116586000
14,956,1019,28771474,30301009,41.1889877,2915,1.28715587,0.00249764100,15,9.65366936,8.22533827e-05
14,956,1019,28771474,30301009,41.1889877,2915,1.28715587,0.00249764100,16,10.2972469,2.69408170e-05
14,956,1019,28771474,30301009,41.1889877,2915,1.28715587,0.00249764100,17,10.9408245,9.52301984e-05
14,956,1019,28771474,30301009,41.1889877,2915,1.28715587,0.00249764100,18,11.5844030,0.000130868000
14,956,1019,28771474,30301009,41.1889877,2915,1.28715587,0.00249764100,19,12.2279806,0.000195977000
14,956,1019,28771474,30301009,41.1889877,2915,1.28715587,0.00249764100,20,12.8715591,0.000272673000
14,956,1019,28771474,30301009,41.1889877,2915,1.28715587,0.00249764100,21,13.5151367,0.000215050000
14,956,1019,28771474,30301009,41.1889877,2915,1.28715587,0.00249764100,22,14.1587143,0.000119804000
14,956,1019,28771474,30301009,41.1889877,2915,1.28715587,0.00249764100,23,14.8022928,5.05199852e-05
14,956,1019,28771474,30301009,41.1889877,2915,1.28715587,0.00249764100,24,15.4458704,2.98231476e-05
14,956,1019,28771474,30301009,41.1889877,2915,1.28715587,0.00249764100,25,16.0894489,0.000106548000
14,956,1019,28771474,30301009,41.1889877,2915,1.28715587,0.00249764100,26,16.7330265,0.000167281000
14,956,1019,28771474,30301009,41.1889877,2915,1.28715587,0.00249764100,27,17.3766041,0.000142670000
14,956,1019,28771474,30301009,41.1889877,2915,1.28715587,0.00249764100,28,18.0201817,0.000143374000
14,956,1019,28771474,30301009,41.1889877,2915,1.28715587,0.00249764100,29,18.6637592,0.000146800000
14,956,1019,28771474,30301009,41.1889877,2915,1.28715587,0.00249764100,30,19.3073387,0.000128384000
14,956,1019,28771474,30301009,41.1889877,2915,1.28715587,0.00249764100,31,19.9509163,6.54337336e-05
14,956,1019,28771474,30301009,41.1889877,2915,1.28715587,0.00249764100,32,20.5944939,1.04981353e-05
15,1020,1083,30325295,31854268,41.2041283,2928,0.643814504,0.000800302000,0,0.00000000,0.000257328000
15,1020,1083,30325295,31854268,41.2041283,2928,0.643814504,0.000800302000,1,0.643814504,0.000800302000
15,1020,1083,30325295,31854268,41.2041283,2928,0.643814504,0.000800302000,2,1.28762901,0.000653296000
15,1020,1083,30325295,31854268,41.2041283,2928,0.643814504,0.000800302000,3,1.93144345,0.000440820000
15,1020,1083,30325295,31854268,41.2041283,2928,0.643814504,0.000800302000,4,2.57525802,0.000550286000
15,1020,1083,30325295,31854268,41.2041283,2928,0.643814504,0.000800302000,5,3.21907258,0.000446593000
15,1020,1083,30325295,31854268,41.2041283,2928,0.643814504,0.000800302000,6,3.86288691,0.000220124000
15,1020,1083,30325295,31854268,41.2041283,2928,0.643814504,0.000800302000,7,4.50670147,5.18742519e-05
15,1020,1083,30325295,31854268,41.2041283,2928,0.643814504,0.000800302000,8,5.15051603,2.96639660e-05
15,1020,1083,30325295,31854268,41.2041283,2928,0.643814504,0.000800302000,9,5.79433060,0.000133285000
15,1020,1083,30325295,31854268,41.2041283,2928,0.643814504,0.000800302000,10,6.43814516,0.000207382000
15,1020,1083,30325295,31854268,41.2041283,2928,0.643814504,0.000800302000,11,7.08195972,0.000200549000
15,1020,1083,30325295,31854268,41.2041283,2928,0.643814504,0.000800302000,12,7.72577381,0.000195361000
15,1020,1083,30325295,31854268,41.2041283,2928,0.643814504,0.000800302000,13,8.36958885,0.000192816000
15,1020,1083,30325295,31854268,41.2041283,2928,0.643814504,0.000800302000,14,9.01340294,0.000146139000
15,1020,1083,30325295,31854268,41.2041283,2928,0.643814504,0.000800302000,15,9.65721798,6.95030384e-05
15,1020,1083,30325295,31854268,41.2041283,2928,0.643814504,0.000800302000,16,10.3010321,2.17025514e-05
15,1020,1083,30325295,31854268,41.2041283,2928,0.643814504,0.000800302000,17,10.9448462,4.25430220e-05
15,1020,1083,30325295,31854268,41.2041283,2928,0.643814504,0.000800302000,18,11.5886612,9.25938498e-05
15,1020,1083,30325295,31854268,41.2041283,2928,0.643814504,0.000800302000,19,12.2324753,0.000127145000
15,1020,1083,30325295,31854268,41.2041283,2928,0.643814504,0.000800302000,20,12.8762903,0.000135703000
15,1020,1083,30325295,31854268,41.2041283,2928,0.643814504,0.000800302000,21,13.5201044,0.000152053000
15,1020,1083,30325295,31854268,41.2041283,2928,0.643814504,0.000800302000,22,14.1639194,0.000136245000
15,1020,1083,30325295,31854268,41.2041283,2928,0.643814504,0.000800302000,23,14.8077335,7.69485767e-05
15,1020,1083,30325295,31854268,41.2041283,2928,0.643814504,0.000800302000,24,15.4515476,1.05292900e-05
15,1020,1083,30325295,31854268,41.2041283,2928,0.643814504,0.000800302000,25,16.0953617,1.89507006e-05
15,1020,1083,30325295,31854268,41.2041283,2928,0.643814504,0.000800302000,26,16.7391777,3.37267806e-05
15,1020,1083,30325295,31854268,41.2041283,2928,0.643814504,0.000800302000,27,17.3829918,7.79190439e-05
15,1020,1083,30325295,31854268,41.2041283,2928,0.643814504,0.000800302000,28,18.0268059,8.81955772e-05
15,1020,1083,30325295,31854268,41.2041283,2928,0.643814504,0.000800302000,29,18.6706200,6.83838652e-05
15,1020,1083,30325295,31854268,41.2041283,2928,0.643814504,0.000800302000,30,19.3144360,7.72572082e-05
15,1020,1083,30325295,31854268,41.2041283,2928,0.643814504,0.000800302000,31,19.9582500,6.33627414e-05
15,1020,1083,30325295,31854268,41.2041283,2928,0.643814504,0.000800302000,32,20.6020641,1.47202218e-06
16,1084,1147,31878567,33408190,41.1866188,2946,1.28708184,0.00213907300,0,0.00000000,0.000640147000
16,1084,1147,31878567,33408190,41.1866188,2946,1.28708184,0.00213907300,1,0.643540919,0.00200182600
16,1084,1147,31878567,33408190,41.1866188,2946,1.28708184,0.00213907300,2,1.28708184,0.00213907300
16,1084,1147,31878567,33408190,41.1866188,2946,1.28708184,0.00213907300,3,1.93062282,0.00149276200
16,1084,1147,31878567,33408190,41.1866188,2946,1.28708184,0.00213907300,4,2.57416368,0.00104255700
16,1084,1147,31878567,33408190,41.1866188,2946,1.28708184,0.00213907300,5,3.21770453,0.000776551000
16,1084,1147,31878567,33408190,41.1866188,2946,1.28708184,0.00213907300,6,3.86124563,0.000534393000
16,1084,1147,31878567,33408190,41.1866188,2946,1.28708184,0.00213907300,7,4.50478649,0.000284004000
16,1084,1147,31878567,33408190,41.1866188,2946,1.28708184,0.00213907300,8,5.14832735,2.00314295e-05
16,1084,1147,31878567,33408190,41.1866188,2946,1.28708184,0.00213907300,9,5.79186821,0.000239753000
16,1084,1147,31878567,33408190,41.1866188,2946,1.28708184,0.00213907300,10,6.43540907,0.000437083000
16,1084,1147,31878567,33408190,41.1866188,2946,1.28708184,0.00213907300,11,7.07894993,0.000538756000
16,1084,1147,31878567,33408190,41.1866188,2946,1.28708184,0.00213907300,12,7.72249126,0.000495397000
16,1084,1147,31878567,33408190,41.1866188,2946,1.28708184,0.00213907300,13,8.36603165,0.000367798000
16,1084,1147,31878567,33408190,41.1866188,2946,1.28708184,0.00213907300,14,9.00957298,0.000216113000
16,1084,1147,31878567,33408190,41.1866188,2946,1.28708184,0.00213907300,15,9.65311337,9.50332310e-05
16,1084,1147,31878567,33408190,41.1866188,2946,1.28708184,0.00213907300,16,10.2966547,5.74750175e-06
16,1084,1147,31878567,33408190,41.1866188,2946,1.28708184,0.00213907300,17,10.9401960,9.01090885e-05
16,1084,1147,31878567,33408190,41.1866188,2946,1.28708184,0.00213907300,18,11.5837364,0.000146594000
16,1084,1147,31878567,33408190,41.1866188,2946,1.28708184,0.00213907300,19,12.2272778,0.000178380000
16,1084,1147,31878567,33408190,41.1866188,2946,1.28708184,0.00213907300,20,12.8708181,0.000225358000
16,1084,1147,31878567,33408190,41.1866188,2946,1.28708184,0.00213907300,21,13.5143595,0.000255221000
16,1084,1147,31878567,33408190,41.1866188,2946,1.28708184,0.00213907300,22,14.1578999,0.000209828000
16,1084,1147,31878567,33408190,41.1866188,2946,1.28708184,0.00213907300,23,14.8014412,0.000107000000
16,1084,1147,31878567,33408190,41.1866188,2946,1.28708184,0.00213907300,24,15.4449825,1.55579162e-05
16,1084,1147,31878567,33408190,41.1866188,2946,1.28708184,0.00213907300,25,16.0885239,6.53752713e-05
16,1084,1147,31878567,33408190,41.1866188,2946,1.28708184,0.00213907300,26,16.7320633,0.000115816000
16,1084,1147,31878567,33408190,41.1866188,2946,1.28708184,0.00213907300,27,17.3756046,0.000137566000
16,1084,1147,31878567,33408190,41.1866188,2946,1.28708184,0.00213907300,28,18.0191460,0.000126867000
16,1084,1147,31878567,33408190,41.1866188,2946,1.28708184,0.00213907300,29,18.6626873,0.000109218000
16,1084,1147,31878567,33408190,41.1866188,2946,1.28708184,0.00213907300,30,19.3062267,0.000104554000
16,1084,1147,31878567,33408190,41.1866188,2946,1.28708184,0.00213907300,31,19.9497681,7.47311995e-05
16,1084,1147,31878567,33408190,41.1866188,2946,1.28708184,0.00213907300,32,20.5933094,5.27385276e-08
17,1148,1211,33432494,34962074,41.1877785,2953,1.93067718,0.00146807500,0,0.00000000,0.000247453000
17,1148,1211,33432494,34962074,41.1877785,2953,1.93067718,0.00146807500,1,0.643559039,0.000774838000
17,1148,1211,33432494,34962074,41.1877785,2953,1.93067718,0.00146807500,2,1.28711808,0.00121575200
17,1148,1211,33432494,34962074,41.1877785,2953,1.93067718,0.00146807500,3,1.93067718,0.00146807500
17,1148,1211,33432494,34962074,41.1877785,2953,1.93067718,0.00146807500,4,2.57423615,0.00141123100
17,1148,1211,33432494,34962074,41.1877785,2953,1.93067718,0.00146807500,5,3.21779513,0.00106353200
17,1148,1211,33432494,34962074,41.1877785,2953,1.93067718,0.00146807500,6,3.86135435,0.000557594000
17,1148,1211,33432494,34962074,41.1877785,2953,1.93067718,0.00146807500,7,4.50491333,0.000180034000
17,1148,1211,33432494,34962074,41.1877785,2953,1.93067718,0.00146807500,8,5.14847231,2.43884930e-05
17,1148,1211,33432494,34962074,41.1877785,2953,1.93067718,0.00146807500,9,5.79203129,8.62407820e-05
17,1148,1211,33432494,34962074,41.1877785,2953,1.93067718,0.00146807500,10,6.43559027,0.000252905000
17,1148,1211,33432494,34962074,41.1877785,2953,1.93067718,0.00146807500,11,7.07914925,0.000383843000
17,1148,1211,33432494,34962074,41.1877785,2953,1.93067718,0.00146807500,12,7.72270870,0.000439177000
17,1148,1211,33432494,34962074,41.1877785,2953,1.93067718,0.00146807500,13,8.36626720,0.000397179000
17,1148,1211,33432494,34962074,41.1877785,2953,1.93067718,0.00146807500,14,9.00982666,0.000281177000
17,1148,1211,33432494,34962074,41.1877785,2953,1.93067718,0.00146807500,15,9.65338516,0.000127595000
17,1148,1211,33432494,34962074,41.1877785,2953,1.93067718,0.00146807500,16,10.2969446,2.95767309e-05
17,1148,1211,33432494,34962074,41.1877785,2953,1.93067718,0.00146807500,17,10.9405041,2.71448458e-05
17,1148,1211,33432494,34962074,41.1877785,2953,1.93067718,0.00146807500,18,11.5840626,5.31815669e-05
17,1148,1211,33432494,34962074,41.1877785,2953,1.93067718,0.00146807500,19,12.2276220,0.000118405000
17,1148,1211,33432494,34962074,41.1877785,2953,1.93067718,0.00146807500,20,12.8711805,0.000159837000
17,1148,1211,33432494,34962074,41.1877785,2953,1.93067718,0.00146807500,21,13.5147400,0.000166722000
17,1148,1211,33432494,34962074,41.1877785,2953,1.93067718,0.00146807500,22,14.1582985,0.000154903000
17,1148,1211,33432494,34962074,41.1877785,2953,1.93067718,0.00146807500,23,14.8018579,9.74392301e-05
17,1148,1211,33432494,34962074,41.1877785,2953,1.93067718,0.00146807500,24,15.4454174,2.77811992e-05
17,1148,1211,33432494,34962074,41.1877785,2953,1.93067718,0.00146807500,25,16.0889759,5.15127278e-05
17,1148,1211,33432494,34962074,41.1877785,2953,1.93067718,0.00146807500,26,16.7325344,5.35002938e-05
17,1148,1211,33432494,34962074,41.1877785,2953,1.93067718,0.00146807500,27,17.3760948,2.16230416e-05
17,1148,1211,33432494,34962074,41.1877785,2953,1.93067718,0.00146807500,28,18.0196533,4.69940126e-05
17,1148,1211,33432494,34962074,41.1877785,2953,1.93067718,0.00146807500,29,18.6632118,6.15485760e-05
17,1148,1211,33432494,34962074,41.1877785,2953,1.93067718,0.00146807500,30,19.3067703,8.79337955e-05
17,1148,1211,33432494,34962074,41.1877785,2953,1.93067718,0.00146807500,31,19.9503307,7.91267946e-05
17,1148,1211,33432494,34962074,41.1877785,2953,1.93067718,0.00146807500,32,20.5938892,1.55828545e-05
18,1212,1275,34986381,36515532,41.1993332,2917,1.28747916,0.00213691100,0,0.00000000,0.000344354000
18,1212,1275,34986381,36515532,41.1993332,2917,1.28747916,0.00213691100,1,0.643739581,0.00209447500
18,1212,1275,34986381,36515532,41.1993332,2917,1.28747916,0.00213691100,2,1.28747916,0.00213691100
18,1212,1275,34986381,36515532,41.1993332,2917,1.28747916,0.00213691100,3,1.93121874,0.000805195000
18,1212,1275,34986381,36515532,41.1993332,2917,1.28747916,0.00213691100,4,2.57495832,0.000933911000
18,1212,1275,34986381,36515532,41.1993332,2917,1.28747916,0.00213691100,5,3.21869802,0.00116701700
18,1212,1275,34986381,36515532,41.1993332,2917,1.28747916,0.00213691100,6,3.86243749,0.000551197000
18,1212,1275,34986381,36515532,41.1993332,2917,1.28747916,0.00213691100,7,4.50617695,4.56052069e-05
18,1212,1275,34986381,36515532,41.1993332,2917,1.28747916,0.00213691100,8,5.14991665,5.29152741e-05
18,1212,1275,34986381,36515532,41.1993332,2917,1.28747916,0.00213691100,9,5.79365635,0.000227939000
18,1212,1275,34986381,36515532,41.1993332,2917,1.28747916,0.00213691100,10,6.43739605,0.000165558000
18,1212,1275,34986381,36515532,41.1993332,2917,1.28747916,0.00213691100,11,7.08113527,0.000335029000
18,1212,1275,34986381,36515532,41.1993332,2917,1.28747916,0.00213691100,12,7.72487497,0.000469693000
18,1212,1275,34986381,36515532,41.1993332,2917,1.28747916,0.00213691100,13,8.36861420,0.000240765000
18,1212,1275,34986381,36515532,41.1993332,2917,1.28747916,0.00213691100,14,9.01235390,7.59683306e-05
18,1212,1275,34986381,36515532,41.1993332,2917,1.28747916,0.00213691100,15,9.65609360,0.000117730000
18,1212,1275,34986381,36515532,41.1993332,2917,1.28747916,0.00213691100,16,10.2998333,4.97864123e-05
18,1212,1275,34986381,36515532,41.1993332,2917,1.28747916,0.00213691100,17,10.9435730,0.000178746000
18,1212,1275,34986381,36515532,41.1993332,2917,1.28747916,0.00213691100,18,11.5873127,0.000401278000
18,1212,1275,34986381,36515532,41.1993332,2917,1.28747916,0.00213691100,19,12.2310524,0.000477654000
18,1212,1275,34986381,36515532,41.1993332,2917,1.28747916,0.00213691100,20,12.8747921,0.000336896000
18,1212,1275,34986381,36515532,41.1993332,2917,1.28747916,0.00213691100,21,13.5185308,0.000259402000
18,1212,1275,34986381,36515532,41.1993332,2917,1.28747916,0.00213691100,22,14.1622705,0.000224996000
18,1212,1275,34986381,36515532,41.1993332,2917,1.28747916,0.00213691100,23,14.8060102,9.51091629e-05
18,1212,1275,34986381,36515532,41.1993332,2917,1.28747916,0.00213691100,24,15.4497499,5.02943396e-05
18,1212,1275,34986381,36515532,41.1993332,2917,1.28747916,0.00213691100,25,16.0934887,0.000144787000
18,1212,1275,34986381,36515532,41.1993332,2917,1.28747916,0.00213691100,26,16.7372284,0.000214759000
18,1212,1275,34986381,36515532,41.1993332,2917,1.28747916,0.00213691100,27,17.3809681,0.000217191000
18,1212,1275,34986381,36515532,41.1993332,2917,1.28747916,0.00213691100,28,18.0247078,0.000327025000
18,1212,1275,34986381,36515532,41.1993332,2917,1.28747916,0.00213691100,29,18.6684475,0.000306743000
18,1212,1275,34986381,36515532,41.1993332,2917,1.28747916,0.00213691100,30,19.3121872,0.000138402000
18,1212,1275,34986381,36515532,41.1993332,2917,1.28747916,0.00213691100,31,19.9559269,6.93595201e-05
18,1212,1275,34986381,36515532,41.1993332,2917,1.28747916,0.00213691100,32,20.5996666,9.12278210e-06
19,1276,1339,36539827,38069438,41.1869431,2942,0.643545985,0.000630137000,0,0.00000000,0.000174222000
19,1276,1339,36539827,38069438,41.1869431,2942,0.643545985,0.000630137000,1,0.643545985,0.000630137000
19,1276,1339,36539827,38069438,41.1869431,2942,0.643545985,0.000630137000,2,1.28709197,0.000445906000
19,1276,1339,36539827,38069438,41.1869431,2942,0.643545985,0.000630137000,3,1.93063796,9.27478891e-05
19,1276,1339,36539827,38069438,41.1869431,2942,0.643545985,0.000630137000,4,2.57418394,0.000148002000
19,1276,1339,36539827,38069438,41.1869431,2942,0.643545985,0.000630137000,5,3.21773005,0.000104821000
19,1276,1339,36539827,38069438,41.1869431,2942,0.643545985,0.000630137000,6,3.86127591,5.30629106e-05
19,1276,1339,36539827,38069438,41.1869431,2942,0.643545985,0.000630137000,7,4.50482178,2.75358557e-05
19,1276,1339,36539827,38069438,41.1869431,2942,0.643545985,0.000630137000,8,5.14836788,1.65763956e-05
19,1276,1339,36539827,38069438,41.1869431,2942,0.643545985,0.000630137000,9,5.79191399,6.62254160e-05
19,1276,1339,36539827,38069438,41.1869431,2942,0.643545985,0.000630137000,10,6.43546009,8.78221605e-05
19,1276,1339,36539827,38069438,41.1869431,2942,0.643545985,0.000630137000,11,7.07900572,5.76735720e-05
19,1276,1339,36539827,38069438,41.1869431,2942,0.643545985,0.000630137000,12,7.72255182,1.41086919e-05
19,1276,1339,36539827,38069438,41.1869431,2942,0.643545985,0.000630137000,13,8.36609745,2.84912526e-05
19,1276,1339,36539827,38069438,41.1869431,2942,0.643545985,0.000630137000,14,9.00964355,1.67920768e-05
19,1276,1339,36539827,38069438,41.1869431,2942,0.643545985,0.000630137000,15,9.65318966,1.18565557e-05
19,1276,1339,36539827,38069438,41.1869431,2942,0.643545985,0.000630137000,16,10.2967358,1.21068229e-06
19,1276,1339,36539827,38069438,41.1869431,2942,0.643545985,0.000630137000,17,10.9402819,2.18772926e-05
19,1276,1339,36539827,38069438,41.1869431,2942,0.643545985,0.000630137000,18,11.5838280,5.55337420e-05
19,1276,1339,36539827,38069438,41.1869431,2942,0.643545985,0.000630137000,19,12.2273741,7.56173165e-05
19,1276,1339,36539827,38069438,41.1869431,2942,0.643545985,0.000630137000,20,12.8709202,7.43249537e-05
19,1276,1339,36539827,38069438,41.1869431,2942,0.643545985,0.000630137000,21,13.5144653,3.90378731e-05
19,1276,1339,36539827,38069438,41.1869431,2942,0.643545985,0.000630137000,22,14.1580114,6.46433546e-06
19,1276,1339,36539827,38069438,41.1869431,2942,0.643545985,0.000630137000,23,14.8015575,8.81527194e-06
19,1276,1339,36539827,38069438,41.1869431,2942,0.643545985,0.000630137000,24,15.4451036,2.94742631e-06
19,1276,1339,36539827,38069438,41.1869431,2942,0.643545985,0.000630137000,25,16.0886497,5.33230468e-06
19,1276,1339,36539827,38069438,41.1869431,2942,0.643545985,0.000630137000,26,16.7321949,1.42847473e-05
19,1276,1339,36539827,38069438,41.1869431,2942,0.643545985,0.000630137000,27,17.3757420,3.11312247e-05
19,1276,1339,36539827,38069438,41.1869431,2942,0.643545985,0.000630137000,28,18.0192871,3.91562202e-05
19,1276,1339,36539827,38069438,41.1869431,2942,0.643545985,0.000630137000,29,18.6628342,3.56407758e-05
19,1276,1339,36539827,38069438,41.1869431,2942,0.643545985,0.000630137000,30,19.3063793,2.69571897e-05
19,1276,1339,36539827,38069438,41.1869431,2942,0.643545985,0.000630137000,31,19.9499264,1.55263076e-05
19,1276,1339,36539827,38069438,41.1869431,2942,0.643545985,0.000630137000,32,20.5934715,1.95894540e-06
20,1340,1403,38093732,39623299,41.1881256,2939,3.21782231,0.00155388900,0,0.00000000,0.000221818000
20,1340,1403,38093732,39623299,41.1881256,2939,3.21782231,0.00155388900,1,0.643564463,0.00105409900
20,1340,1403,38093732,39623299,41.1881256,2939,3.21782231,0.00155388900,2,1.28712893,0.00097903200
20,1340,1403,38093732,39623299,41.1881256,2939,3.21782231,0.00155388900,3,1.93069339,0.000511473000
20,1340,1403,38093732,39623299,41.1881256,2939,3.21782231,0.00155388900,4,2.57425785,0.00154558500
20,1340,1403,38093732,39623299,41.1881256,2939,3.21782231,0.00155388900,5,3.21782231,0.00155388900
20,1340,1403,38093732,39623299,41.1881256,2939,3.21782231,0.00155388900,6,3.86138678,0.000894260000
20,1340,1403,38093732,39623299,41.1881256,2939,3.21782231,0.00155388900,7,4.50495148,0.000296444000
20,1340,1403,38093732,39623299,41.1881256,2939,3.21782231,0.00155388900,8,5.14851570,8.34445151e-05
20,1340,1403,38093732,39623299,41.1881256,2939,3.21782231,0.00155388900,9,5.79207993,0.000108643000
20,1340,1403,38093732,39623299,41.1881256,2939,3.21782231,0.00155388900,10,6.43564463,0.000193081000
20,1340,1403,38093732,39623299,41.1881256,2939,3.21782231,0.00155388900,11,7.07920933,0.000324029000
20,1340,1403,38093732,39623299,41.1881256,2939,3.21782231,0.00155388900,12,7.72277355,0.000255344000
20,1340,1403,38093732,39623299,41.1881256,2939,3.21782231,0.00155388900,13,8.36633778,0.000130898000
20,1340,1403,38093732,39623299,41.1881256,2939,3.21782231,0.00155388900,14,9.00990295,0.000300936000
20,1340,1403,38093732,39623299,41.1881256,2939,3.21782231,0.00155388900,15,9.65346718,0.000244952000
20,1340,1403,38093732,39623299,41.1881256,2939,3.21782231,0.00155388900,16,10.2970314,8.37082322e-05
20,1340,1403,38093732,39623299,41.1881256,2939,3.21782231,0.00155388900,17,10.9405956,9.21378947e-05
20,1340,1403,38093732,39623299,41.1881256,2939,3.21782231,0.00155388900,18,11.5841599,0.000231300000
20,1340,1403,38093732,39623299,41.1881256,2939,3.21782231,0.00155388900,19,12.2277250,0.000324102000
20,1340,1403,38093732,39623299,41.1881256,2939,3.21782231,0.00155388900,20,12.8712893,0.000283477000
20,1340,1403,38093732,39623299,41.1881256,2939,3.21782231,0.00155388900,21,13.5148535,0.000195686000
20,1340,1403,38093732,39623299,41.1881256,2939,3.21782231,0.00155388900,22,14.1584187,8.76575201e-05
20,1340,1403,38093732,39623299,41.1881256,2939,3.21782231,0.00155388900,23,14.8019829,2.94854867e-05
20,1340,1403,38093732,39623299,41.1881256,2939,3.21782231,0.00155388900,24,15.4455471,4.58148163e-05
20,1340,1403,38093732,39623299,41.1881256,2939,3.21782231,0.00155388900,25,16.0891113,0.000156247000
20,1340,1403,38093732,39623299,41.1881256,2939,3.21782231,0.00155388900,26,16.7326756,0.000181965000
20,1340,1403,38093732,39623299,41.1881256,2939,3.21782231,0.00155388900,27,17.3762398,0.000126573000
20,1340,1403,38093732,39623299,41.1881256,2939,3.21782231,0.00155388900,28,18.0198059,0.000261358000
20,1340,1403,38093732,39623299,41.1881256,2939,3.21782231,0.00155388900,29,18.6633701,0.000323937000
20,1340,1403,38093732,39623299,41.1881256,2939,3.21782231,0.00155388900,30,19.3069344,0.000226326000
20,1340,1403,38093732,39623299,41.1881256,2939,3.21782231,0.00155388900,31,19.9504986,8.79867426e-05
20,1340,1403,38093732,39623299,41.1881256,2939,3.21782231,0.00155388900,32,20.5940628,1.43340365e-05
21,1404,1467,39647591,41176635,41.2022171,2900,2.57513857,0.00100518400,0,0.00000000,0.000347517000
21,1404,1467,39647591,41176635,41.2022171,2900,2.57513857,0.00100518400,1,0.643784642,0.000904598000
21,1404,1467,39647591,41176635,41.2022171,2900,2.57513857,0.00100518400,2,1.28756928,0.000547946000
21,1404,1467,39647591,41176635,41.2022171,2900,2.57513857,0.00100518400,3,1.93135393,0.000872584000
21,1404,1467,39647591,41176635,41.2022171,2900,2.57513857,0.00100518400,4,2.57513857,0.00100518400
21,1404,1467,39647591,41176635,41.2022171,2900,2.57513857,0.00100518400,5,3.21892309,0.000803842000
21,1404,1467,39647591,41176635,41.2022171,2900,2.57513857,0.00100518400,6,3.86270785,0.000455718000
21,1404,1467,39647591,41176635,41.2022171,2900,2.57513857,0.00100518400,7,4.50649261,0.000119428000
21,1404,1467,39647591,41176635,41.2022171,2900,2.57513857,0.00100518400,8,5.15027714,4.93162617e-05
21,1404,1467,39647591,41176635,41.2022171,2900,2.57513857,0.00100518400,9,5.79406166,0.000148434000
21,1404,1467,39647591,41176635,41.2022171,2900,2.57513857,0.00100518400,10,6.43784618,0.000160264000
21,1404,1467,39647591,41176635,41.2022171,2900,2.57513857,0.00100518400,11,7.08163118,8.68462799e-05
21,1404,1467,39647591,41176635,41.2022171,2900,2.57513857,0.00100518400,12,7.72541571,0.000194994000
21,1404,1467,39647591,41176635,41.2022171,2900,2.57513857,0.00100518400,13,8.36920071,0.000245703000
21,1404,1467,39647591,41176635,41.2022171,2900,2.57513857,0.00100518400,14,9.01298523,0.000218885000
21,1404,1467,39647591,41176635,41.2022171,2900,2.57513857,0.00100518400,15,9.65676975,0.000116776000
21,1404,1467,39647591,41176635,41.2022171,2900,2.57513857,0.00100518400,16,10.3005543,3.71428390e-05
21,1404,1467,39647591,41176635,41.2022171,2900,2.57513857,0.00100518400,17,10.9443388,7.89968315e-05
21,1404,1467,39647591,41176635,41.2022171,2900,2.57513857,0.00100518400,18,11.5881233,0.000160453000
21,1404,1467,39647591,41176635,41.2022171,2900,2.57513857,0.00100518400,19,12.2319078,0.000160418000
21,1404,1467,39647591,41176635,41.2022171,2900,2.57513857,0.00100518400,20,12.8756924,6.72299420e-05
21,1404,1467,39647591,41176635,41.2022171,2900,2.57513857,0.00100518400,21,13.5194778,0.000103986000
21,1404,1467,39647591,41176635,41.2022171,2900,2.57513857,0.00100518400,22,14.1632624,0.000142476000
21,1404,1467,39647591,41176635,41.2022171,2900,2.57513857,0.00100518400,23,14.8070469,9.78540688e-05
21,1404,1467,39647591,41176635,41.2022171,2900,2.57513857,0.00100518400,24,15.4508314,2.04597579e-05
21,1404,1467,39647591,41176635,41.2022171,2900,2.57513857,0.00100518400,25,16.0946159,2.99112867e-05
21,1404,1467,39647591,41176635,41.2022171,2900,2.57513857,0.00100518400,26,16.7384014,8.38701077e-05
21,1404,1467,39647591,41176635,41.2022171,2900,2.57513857,0.00100518400,27,17.3821850,0.000170029000
21,1404,1467,39647591,41176635,41.2022171,2900,2.57513857,0.00100518400,28,18.0259705,0.000176892000
21,1404,1467,39647591,41176635,41.2022171,2900,2.57513857,0.00100518400,29,18.6697540,8.21040946e-05
21,1404,1467,39647591,41176635,41.2022171,2900,2.57513857,0.00100518400,30,19.3135395,5.50626565e-05
21,1404,1467,39647591,41176635,41.2022171,2900,2.57513857,0.00100518400,31,19.9573231,6.77100533e-05
21,1404,1467,39647591,41176635,41.2022171,2900,2.57513857,0.00100518400,32,20.6011086,4.53648272e-06
22,1468,1531,41200916,42730566,41.1858940,2927,1.93058872,0.00107800900,0,0.00000000,0.000164764000
22,1468,1531,41200916,42730566,41.1858940,2927,1.93058872,0.00107800900,1,0.643529594,0.000643605000
22,1468,1531,41200916,42730566,41.1858940,2927,1.93058872,0.00107800900,2,1.28705919,0.00105914700
22,1468,1531,41200916,42730566,41.1858940,2927,1.93058872,0.00107800900,3,1.93058872,0.00107800900
22,1468,1531,41200916,42730566,41.1858940,2927,1.93058872,0.00107800900,4,2.57411838,0.000857881000
22,1468,1531,41200916,42730566,41.1858940,2927,1.93058872,0.00107800900,5,3.21764803,0.000640000000
22,1468,1531,41200916,42730566,41.1858940,2927,1.93058872,0.00107800900,6,3.86117744,0.000432459000
22,1468,1531,41200916,42730566,41.1858940,2927,1.93058872,0.00107800900,7,4.50470734,0.000204032000
22,1468,1531,41200916,42730566,41.1858940,2927,1.93058872,0.00107800900,8,5.14823675,7.46741443e-06
22,1468,1531,41200916,42730566,41.1858940,2927,1.93058872,0.00107800900,9,5.79176617,0.000140352000
22,1468,1531,41200916,42730566,41.1858940,2927,1.93058872,0.00107800900,10,6.43529606,0.000186847000
22,1468,1531,41200916,42730566,41.1858940,2927,1.93058872,0.00107800900,11,7.07882547,0.000178805000
22,1468,1531,41200916,42730566,41.1858940,2927,1.93058872,0.00107800900,12,7.72235489,0.000146377000
22,1468,1531,41200916,42730566,41.1858940,2927,1.93058872,0.00107800900,13,8.36588478,0.000115756000
22,1468,1531,41200916,42730566,41.1858940,2927,1.93058872,0.00107800900,14,9.00941467,0.000105557000
22,1468,1531,41200916,42730566,41.1858940,2927,1.93058872,0.00107800900,15,9.65294361,6.80143702e-05
22,1468,1531,41200916,42730566,41.1858940,2927,1.93058872,0.00107800900,16,10.2964735,6.07587617e-06
22,1468,1531,41200916,42730566,41.1858940,2927,1.93058872,0.00107800900,17,10.9400034,8.69888159e-05
22,1468,1531,41200916,42730566,41.1858940,2927,1.93058872,0.00107800900,18,11.5835323,0.000140889000
22,1468,1531,41200916,42730566,41.1858940,2927,1.93058872,0.00107800900,19,12.2270622,0.000150912000
22,1468,1531,41200916,42730566,41.1858940,2927,1.93058872,0.00107800900,20,12.8705921,0.000132311000
22,1468,1531,41200916,42730566,41.1858940,2927,1.93058872,0.00107800900,21,13.5141211,0.000115028000
22,1468,1531,41200916,42730566,41.1858940,2927,1.93058872,0.00107800900,22,14.1576509,9.59475351e-05
22,1468,1531,41200916,42730566,41.1858940,2927,1.93058872,0.00107800900,23,14.8011808,5.64095636e-05
22,1468,1531,41200916,42730566,41.1858940,2927,1.93058872,0.00107800900,24,15.4447098,1.09232286e-05
22,1468,1531,41200916,42730566,41.1858940,2927,1.93058872,0.00107800900,25,16.0882397,5.68362621e-05
22,1468,1531,41200916,42730566,41.1858940,2927,1.93058872,0.00107800900,26,16.7317696,8.45583114e-05
22,1468,1531,41200916,42730566,41.1858940,2927,1.93058872,0.00107800900,27,17.3752995,8.74328458e-05
22,1468,1531,41200916,42730566,41.1858940,2927,1.93058872,0.00107800900,28,18.0188293,8.29683547e-05
22,1468,1531,41200916,42730566,41.1858940,2927,1.93058872,0.00107800900,29,18.6623573,8.41072166e-05
22,1468,1531,41200916,42730566,41.1858940,2927,1.93058872,0.00107800900,30,19.3058872,7.79714599e-05
22,1468,1531,41200916,42730566,41.1858940,2927,1.93058872,0.00107800900,31,19.9494171,4.75284244e-05
22,1468,1531,41200916,42730566,41.1858940,2927,1.93058872,0.00107800900,32,20.5929470,1.57617455e-06
23,1532,1595,42754851,44283891,41.2023239,2889,0.643786311,0.000868952000,0,0.00000000,0.000275363000
23,1532,1595,42754851,44283891,41.2023239,2889,0.643786311,0.000868952000,1,0.643786311,0.000868952000
23,1532,1595,42754851,44283891,41.2023239,2889,0.643786311,0.000868952000,2,1.28757262,0.000720869000
23,1532,1595,42754851,44283891,41.2023239,2889,0.643786311,0.000868952000,3,1.93135893,0.000424724000
23,1532,1595,42754851,44283891,41.2023239,2889,0.643786311,0.000868952000,4,2.57514524,0.000254293000
23,1532,1595,42754851,44283891,41.2023239,2889,0.643786311,0.000868952000,5,3.21893167,0.000137671000
23,1532,1595,42754851,44283891,41.2023239,2889,0.643786311,0.000868952000,6,3.86271787,0.000105360000
23,1532,1595,42754851,44283891,41.2023239,2889,0.643786311,0.000868952000,7,4.50650406,7.72788760e-05
23,1532,1595,42754851,44283891,41.2023239,2889,0.643786311,0.000868952000,8,5.15029049,2.31210921e-05
23,1532,1595,42754851,44283891,41.2023239,2889,0.643786311,0.000868952000,9,5.79407692,9.39610604e-05
23,1532,1595,42754851,44283891,41.2023239,2889,0.643786311,0.000868952000,10,6.43786335,0.000181183000
23,1532,1595,42754851,44283891,41.2023239,2889,0.643786311,0.000868952000,11,7.08164930,0.000238549000
23,1532,1595,42754851,44283891,41.2023239,2889,0.643786311,0.000868952000,12,7.72543573,0.000283446000
23,1532,1595,42754851,44283891,41.2023239,2889,0.643786311,0.000868952000,13,8.36922169,0.000248108000
23,1532,1595,42754851,44283891,41.2023239,2889,0.643786311,0.000868952000,14,9.01300812,0.000137796000
23,1532,1595,42754851,44283891,41.2023239,2889,0.643786311,0.000868952000,15,9.65679455,5.15686726e-05
23,1532,1595,42754851,44283891,41.2023239,2889,0.643786311,0.000868952000,16,10.3005810,3.55101110e-06
23,1532,1595,42754851,44283891,41.2023239,2889,0.643786311,0.000868952000,17,10.9443674,4.11760551e-05
23,1532,1595,42754851,44283891,41.2023239,2889,0.643786311,0.000868952000,18,11.5881538,7.49428717e-05
23,1532,1595,42754851,44283891,41.2023239,2889,0.643786311,0.000868952000,19,12.2319403,0.000104025000
23,1532,1595,42754851,44283891,41.2023239,2889,0.643786311,0.000868952000,20,12.8757267,0.000175799000
23,1532,1595,42754851,44283891,41.2023239,2889,0.643786311,0.000868952000,21,13.5195122,0.000232739000
23,1532,1595,42754851,44283891,41.2023239,2889,0.643786311,0.000868952000,22,14.1632986,0.000205677000
23,1532,1595,42754851,44283891,41.2023239,2889,0.643786311,0.000868952000,23,14.8070850,0.000110114000
23,1532,1595,42754851,44283891,41.2023239,2889,0.643786311,0.000868952000,24,15.4508715,2.26426615e-05
23,1532,1595,42754851,44283891,41.2023239,2889,0.643786311,0.000868952000,25,16.0946579,1.14233488e-05
23,1532,1595,42754851,44283891,41.2023239,2889,0.643786311,0.000868952000,26,16.7384434,2.66053590e-05
23,1532,1595,42754851,44283891,41.2023239,2889,0.643786311,0.000868952000,27,17.3822308,4.68624633e-05
23,1532,1595,42754851,44283891,41.2023239,2889,0.643786311,0.000868952000,28,18.0260162,2.17353806e-05
23,1532,1595,42754851,44283891,41.2023239,2889,0.643786311,0.000868952000,29,18.6698036,5.79075232e-05
23,1532,1595,42754851,44283891,41.2023239,2889,0.643786311,0.000868952000,30,19.3135891,0.000113289000
23,1532,1595,42754851,44283891,41.2023239,2889,0.643786311,0.000868952000,31,19.9573765,9.23660905e-05
23,1532,1595,42754851,44283891,41.2023239,2889,0.643786311,0.000868952000,32,20.6011620,1.33176116e-05
24,1596,1659,44308166,45837762,41.1873474,2911,1.28710461,0.000408225000,0,0.00000000,8.97188716e-05
24,1596,1659,44308166,45837762,41.1873474,2911,1.28710461,0.000408225000,1,0.643552303,0.000298855000
24,1596,1659,44308166,45837762,41.1873474,2911,1.28710461,0.000408225000,2,1.28710461,0.000408225000
24,1596,1659,44308166,45837762,41.1873474,2911,1.28710461,0.000408225000,3,1.93065691,0.000304157000
24,1596,1659,44308166,45837762,41.1873474,2911,1.28710461,0.000408225000,4,2.57420921,0.000130093000
24,1596,1659,44308166,45837762,41.1873474,2911,1.28710461,0.000408225000,5,3.21776152,1.65050167e-05
24,1596,1659,44308166,45837762,41.1873474,2911,1.28710461,0.000408225000,6,3.86131382,4.68697065e-05
24,1596,1659,44308166,45837762,41.1873474,2911,1.28710461,0.000408225000,7,4.50486612,3.05176177e-05
24,1596,1659,44308166,45837762,41.1873474,2911,1.28710461,0.000408225000,8,5.14841843,8.32610294e-06
24,1596,1659,44308166,45837762,41.1873474,2911,1.28710461,0.000408225000,9,5.79197073,2.16416207e-05
24,1596,1659,44308166,45837762,41.1873474,2911,1.28710461,0.000408225000,10,6.43552303,3.71046948e-05
24,1596,1659,44308166,45837762,41.1873474,2911,1.28710461,0.000408225000,11,7.07907534,6.17140822e-05
24,1596,1659,44308166,45837762,41.1873474,2911,1.28710461,0.000408225000,12,7.72262764,6.24773447e-05
24,1596,1659,44308166,45837762,41.1873474,2911,1.28710461,0.000408225000,13,8.36618042,3.60178014e-05
24,1596,1659,44308166,45837762,41.1873474,2911,1.28710461,0.000408225000,14,9.00973225,1.30050437e-05
24,1596,1659,44308166,45837762,41.1873474,2911,1.28710461,0.000408225000,15,9.65328407,4.53300618e-06
24,1596,1659,44308166,45837762,41.1873474,2911,1.28710461,0.000408225000,16,10.2968369,5.10094469e-06
24,1596,1659,44308166,45837762,41.1873474,2911,1.28710461,0.000408225000,17,10.9403896,3.18111520e-05
24,1596,1659,44308166,45837762,41.1873474,2911,1.28710461,0.000408225000,18,11.5839415,5.32931582e-05
24,1596,1659,44308166,45837762,41.1873474,2911,1.28710461,0.000408225000,19,12.2274933,4.88568541e-05
24,1596,1659,44308166,45837762,41.1873474,2911,1.28710461,0.000408225000,20,12.8710461,2.81193548e-05
24,1596,1659,44308166,45837762,41.1873474,2911,1.28710461,0.000408225000,21,13.5145988,1.22415229e-05
24,1596,1659,44308166,45837762,41.1873474,2911,1.28710461,0.000408225000,22,14.1581507,5.63558660e-06
24,1596,1659,44308166,45837762,41.1873474,2911,1.28710461,0.000408225000,23,14.8017025,2.24827295e-06
24,1596,1659,44308166,45837762,41.1873474,2911,1.28710461,0.000408225000,24,15.4452553,8.34795264e-06
24,1596,1659,44308166,45837762,41.1873474,2911,1.28710461,0.000408225000,25,16.0888081,2.40569185e-05
24,1596,1659,44308166,45837762,41.1873474,2911,1.28710461,0.000408225000,26,16.7323608,4.72665081e-05
24,1596,1659,44308166,45837762,41.1873474,2911,1.28710461,0.000408225000,27,17.3759117,6.02944520e-05
24,1596,1659,44308166,45837762,41.1873474,2911,1.28710461,0.000408225000,28,18.0194645,5.57125960e-05
24,1596,1659,44308166,45837762,41.1873474,2911,1.28710461,0.000408225000,29,18.6630173,4.84630539e-05
24,1596,1659,44308166,45837762,41.1873474,2911,1.28710461,0.000408225000,30,19.3065681,2.77975956e-05
24,1596,1659,44308166,45837762,41.1873474,2911,1.28710461,0.000408225000,31,19.9501209,9.58431610e-06
24,1596,1659,44308166,45837762,41.1873474,2911,1.28710461,0.000408225000,32,20.5936737,1.82604424e-06
25,1660,1723,45862031,47391602,41.1880188,2910,2.57425117,0.000566296000,0,0.00000000,3.72376047e-05
25,1660,1723,45862031,47391602,41.1880188,2910,2.57425117,0.000566296000,1,0.643562794,0.000318994000
25,1660,1723,45862031,47391602,41.1880188,2910,2.57425117,0.000566296000,2,1.28712559,0.000255173000
25,1660,1723,45862031,47391602,41.1880188,2910,2.57425117,0.000566296000,3,1.93068838,0.000483971000
25,1660,1723,45862031,47391602,41.1880188,2910,2.57425117,0.000566296000,4,2.57425117,0.000566296000
25,1660,1723,45862031,47391602,41.1880188,2910,2.57425117,0.000566296000,5,3.21781397,0.000485363000
25,1660,1723,45862031,47391602,41.1880188,2910,2.57425117,0.000566296000,6,3.86137676,0.000207380000
25,1660,1723,45862031,47391602,41.1880188,2910,2.57425117,0.000566296000,7,4.50493956,8.82124137e-05
25,1660,1723,45862031,47391602,41.1880188,2910,2.57425117,0.000566296000,8,5.14850235,1.17514790e-05
25,1660,1723,45862031,47391602,41.1880188,2910,2.57425117,0.000566296000,9,5.79206514,3.32896520e-05
25,1660,1723,45862031,47391602,41.1880188,2910,2.57425117,0.000566296000,10,6.43562794,8.03521095e-05
25,1660,1723,45862031,47391602,41.1880188,2910,2.57425117,0.000566296000,11,7.07919073,0.000166010000
25,1660,1723,45862031,47391602,41.1880188,2910,2.57425117,0.000566296000,12,7.72275352,0.000186234000
25,1660,1723,45862031,47391602,41.1880188,2910,2.57425117,0.000566296000,13,8.36631584,0.000188111000
25,1660,1723,45862031,47391602,41.1880188,2910,2.57425117,0.000566296000,14,9.00987911,0.000116973000
25,1660,1723,45862031,47391602,41.1880188,2910,2.57425117,0.000566296000,15,9.65344238,5.66961527e-05
25,1660,1723,45862031,47391602,41.1880188,2910,2.57425117,0.000566296000,16,10.2970047,2.93288336e-05
25,1660,1723,45862031,47391602,41.1880188,2910,2.57425117,0.000566296000,17,10.9405670,3.00710212e-05
25,1660,1723,45862031,47391602,41.1880188,2910,2.57425117,0.000566296000,18,11.5841303,6.21117715e-05
25,1660,1723,45862031,47391602,41.1880188,2910,2.57425117,0.000566296000,19,12.2276936,8.76869877e-05
25,1660,1723,45862031,47391602,41.1880188,2910,2.57425117,0.000566296000,20,12.8712559,8.70016289e-05
25,1660,1723,45862031,47391602,41.1880188,2910,2.57425117,0.000566296000,21,13.5148182,8.52628788e-05
25,1660,1723,45862031,47391602,41.1880188,2910,2.57425117,0.000566296000,22,14.1583815,7.35884231e-05
25,1660,1723,45862031,47391602,41.1880188,2910,2.57425117,0.000566296000,23,14.8019447,6.37589246e-05
25,1660,1723,45862031,47391602,41.1880188,2910,2.57425117,0.000566296000,24,15.4455070,3.86504866e-05
25,1660,1723,45862031,47391602,41.1880188,2910,2.57425117,0.000566296000,25,16.0890694,3.15948487e-05
25,1660,1723,45862031,47391602,41.1880188,2910,2.57425117,0.000566296000,26,16.7326317,3.32638587e-05
25,1660,1723,45862031,47391602,41.1880188,2910,2.57425117,0.000566296000,27,17.3761959,5.66214941e-05
25,1660,1723,45862031,47391602,41.1880188,2910,2.57425117,0.000566296000,28,18.0197582,7.17131687e-05
25,1660,1723,45862031,47391602,41.1880188,2910,2.57425117,0.000566296000,29,18.6633205,4.54805843e-05
25,1660,1723,45862031,47391602,41.1880188,2910,2.57425117,0.000566296000,30,19.3068848,3.46371484e-05
25,1660,1723,45862031,47391602,41.1880188,2910,2.57425117,0.000566296000,31,19.9504471,3.54032886e-05
25,1660,1723,45862031,47391602,41.1880188,2910,2.57425117,0.000566296000,32,20.5940094,1.57362754e-05
26,1724,1787,47415876,48944954,41.2012978,2935,0.643770278,0.000722046000,0,0.00000000,0.000353533000
26,1724,1787,47415876,48944954,41.2012978,2935,0.643770278,0.000722046000,1,0.643770278,0.000722046000
26,1724,1787,47415876,48944954,41.2012978,2935,0.643770278,0.000722046000,2,1.28754056,0.000409562000
26,1724,1787,47415876,48944954,41.2012978,2935,0.643770278,0.000722046000,3,1.93131089,0.000324777000
26,1724,1787,47415876,48944954,41.2012978,2935,0.643770278,0.000722046000,4,2.57508111,0.000188143000
26,1724,1787,47415876,48944954,41.2012978,2935,0.643770278,0.000722046000,5,3.21885133,0.000203503000
26,1724,1787,47415876,48944954,41.2012978,2935,0.643770278,0.000722046000,6,3.86262178,0.000146312000
26,1724,1787,47415876,48944954,41.2012978,2935,0.643770278,0.000722046000,7,4.50639200,0.000148196000
26,1724,1787,47415876,48944954,41.2012978,2935,0.643770278,0.000722046000,8,5.15016222,4.80050432e-05
26,1724,1787,47415876,48944954,41.2012978,2935,0.643770278,0.000722046000,9,5.79393244,6.20243363e-05
26,1724,1787,47415876,48944954,41.2012978,2935,0.643770278,0.000722046000,10,6.43770266,7.15021878e-05
26,1724,1787,47415876,48944954,41.2012978,2935,0.643770278,0.000722046000,11,7.08147287,0.000110424000
26,1724,1787,47415876,48944954,41.2012978,2935,0.643770278,0.000722046000,12,7.72524357,4.24586427e-05
26,1724,1787,47415876,48944954,41.2012978,2935,0.643770278,0.000722046000,13,8.36901379,0.000105723000
26,1724,1787,47415876,48944954,41.2012978,2935,0.643770278,0.000722046000,14,9.01278400,5.59028696e-05
26,1724,1787,47415876,48944954,41.2012978,2935,0.643770278,0.000722046000,15,9.65655422,4.70285370e-05
26,1724,1787,47415876,48944954,41.2012978,2935,0.643770278,0.000722046000,16,10.3003244,2.49807650e-05
26,1724,1787,47415876,48944954,41.2012978,2935,0.643770278,0.000722046000,17,10.9440947,4.91660205e-05
26,1724,1787,47415876,48944954,41.2012978,2935,0.643770278,0.000722046000,18,11.5878649,3.51621561e-05
26,1724,1787,47415876,48944954,41.2012978,2935,0.643770278,0.000722046000,19,12.2316351,5.59210558e-05
26,1724,1787,47415876,48944954,41.2012978,2935,0.643770278,0.000722046000,20,12.8754053,6.94978215e-05
26,1724,1787,47415876,48944954,41.2012978,2935,0.643770278,0.000722046000,21,13.5191755,2.82239721e-05
26,1724,1787,47415876,48944954,41.2012978,2935,0.643770278,0.000722046000,22,14.1629457,2.41597023e-05
26,1724,1787,47415876,48944954,41.2012978,2935,0.643770278,0.000722046000,23,14.8067160,2.07361733e-05
26,1724,1787,47415876,48944954,41.2012978,2935,0.643770278,0.000722046000,24,15.4504871,2.41627073e-05
26,1724,1787,47415876,48944954,41.2012978,2935,0.643770278,0.000722046000,25,16.0942574,3.27484190e-05
26,1724,1787,47415876,48944954,41.2012978,2935,0.643770278,0.000722046000,26,16.7380276,4.05099303e-05
26,1724,1787,47415876,48944954,41.2012978,2935,0.643770278,0.000722046000,27,17.3817978,3.87157955e-05
26,1724,1787,47415876,48944954,41.2012978,2935,0.643770278,0.000722046000,28,18.0255680,4.41161822e-05
26,1724,1787,47415876,48944954,41.2012978,2935,0.643770278,0.000722046000,29,18.6693382,3.28091369e-05
26,1724,1787,47415876,48944954,41.2012978,2935,0.643770278,0.000722046000,30,19.3131084,2.27555553e-05
26,1724,1787,47415876,48944954,41.2012978,2935,0.643770278,0.000722046000,31,19.9568787,2.11789935e-05
26,1724,1787,47415876,48944954,41.2012978,2935,0.643770278,0.000722046000,32,20.6006489,1.11553862e-05
27,1788,1851,48969250,50498984,41.1836319,2955,1.28698850,0.000540937000,0,0.00000000,0.000172899000
27,1788,1851,48969250,50498984,41.1836319,2955,1.28698850,0.000540937000,1,0.643494248,0.000131282000
27,1788,1851,48969250,50498984,41.1836319,2955,1.28698850,0.000540937000,2,1.28698850,0.000540937000
27,1788,1851,48969250,50498984,41.1836319,2955,1.28698850,0.000540937000,3,1.93048275,0.000126786000
27,1788,1851,48969250,50498984,41.1836319,2955,1.28698850,0.000540937000,4,2.57397699,0.000294330000
27,1788,1851,48969250,50498984,41.1836319,2955,1.28698850,0.000540937000,5,3.21747112,0.000210777000
27,1788,1851,48969250,50498984,41.1836319,2955,1.28698850,0.000540937000,6,3.86096549,8.17446696e-05
27,1788,1851,48969250,50498984,41.1836319,2955,1.28698850,0.000540937000,7,4.50445986,0.000105301000
27,1788,1851,48969250,50498984,41.1836319,2955,1.28698850,0.000540937000,8,5.14795399,5.83986721e-05
27,1788,1851,48969250,50498984,41.1836319,2955,1.28698850,0.000540937000,9,5.79144812,5.63161803e-05
27,1788,1851,48969250,50498984,41.1836319,2955,1.28698850,0.000540937000,10,6.43494225,1.49205241e-05
27,1788,1851,48969250,50498984,41.1836319,2955,1.28698850,0.000540937000,11,7.07843685,0.000106309000
27,1788,1851,48969250,50498984,41.1836319,2955,1.28698850,0.000540937000,12,7.72193098,1.07838831e-05
27,1788,1851,48969250,50498984,41.1836319,2955,1.28698850,0.000540937000,13,8.36542511,7.14346451e-05
27,1788,1851,48969250,50498984,41.1836319,2955,1.28698850,0.000540937000,14,9.00891972,4.33841663e-05
27,1788,1851,48969250,50498984,41.1836319,2955,1.28698850,0.000540937000,15,9.65241337,5.80569122e-06
27,1788,1851,48969250,50498984,41.1836319,2955,1.28698850,0.000540937000,16,10.2959080,2.44431718e-05
27,1788,1851,48969250,50498984,41.1836319,2955,1.28698850,0.000540937000,17,10.9394026,3.88835828e-05
27,1788,1851,48969250,50498984,41.1836319,2955,1.28698850,0.000540937000,18,11.5828962,3.93232725e-05
27,1788,1851,48969250,50498984,41.1836319,2955,1.28698850,0.000540937000,19,12.2263908,5.68381684e-05
27,1788,1851,48969250,50498984,41.1836319,2955,1.28698850,0.000540937000,20,12.8698845,5.79496983e-05
27,1788,1851,48969250,50498984,41.1836319,2955,1.28698850,0.000540937000,21,13.5133791,2.80763557e-05
27,1788,1851,48969250,50498984,41.1836319,2955,1.28698850,0.000540937000,22,14.1568737,4.16111428e-05
27,1788,1851,48969250,50498984,41.1836319,2955,1.28698850,0.000540937000,23,14.8003674,7.14580619e-06
27,1788,1851,48969250,50498984,41.1836319,2955,1.28698850,0.000540937000,24,15.4438620,1.88826013e-05
27,1788,1851,48969250,50498984,41.1836319,2955,1.28698850,0.000540937000,25,16.0873566,3.93955592e-05
27,1788,1851,48969250,50498984,41.1836319,2955,1.28698850,0.000540937000,26,16.7308502,3.75688573e-05
27,1788,1851,48969250,50498984,41.1836319,2955,1.28698850,0.000540937000,27,17.3743439,5.21929025e-05
27,1788,1851,48969250,50498984,41.1836319,2955,1.28698850,0.000540937000,28,18.0178394,5.45371287e-05
27,1788,1851,48969250,50498984,41.1836319,2955,1.28698850,0.000540937000,29,18.6613331,4.89602673e-05
27,1788,1851,48969250,50498984,41.1836319,2955,1.28698850,0.000540937000,30,19.3048267,3.62388050e-05
27,1788,1851,48969250,50498984,41.1836319,2955,1.28698850,0.000540937000,31,19.9483223,2.30496968e-05
27,1788,1851,48969250,50498984,41.1836319,2955,1.28698850,0.000540937000,32,20.5918159,4.48626406e-06
28,1852,1915,50523285,52052928,41.1860809,2918,0.643532515,0.000926654000,0,0.00000000,0.000545499000
28,1852,1915,50523285,52052928,41.1860809,2918,0.643532515,0.000926654000,1,0.643532515,0.000926654000
28,1852,1915,50523285,52052928,41.1860809,2918,0.643532515,0.000926654000,2,1.28706503,0.000219679000
28,1852,1915,50523285,52052928,41.1860809,2918,0.643532515,0.000926654000,3,1.93059754,0.000150151000
28,1852,1915,50523285,52052928,41.1860809,2918,0.643532515,0.000926654000,4,2.57413006,0.000307168000
28,1852,1915,50523285,52052928,41.1860809,2918,0.643532515,0.000926654000,5,3.21766257,0.000357937000
28,1852,1915,50523285,52052928,41.1860809,2918,0.643532515,0.000926654000,6,3.86119509,1.38390567e-05
28,1852,1915,50523285,52052928,41.1860809,2918,0.643532515,0.000926654000,7,4.50472736,0.000122164000
28,1852,1915,50523285,52052928,41.1860809,2918,0.643532515,0.000926654000,8,5.14826012,8.60130664e-05
28,1852,1915,50523285,52052928,41.1860809,2918,0.643532515,0.000926654000,9,5.79179287,1.84015659e-05
28,1852,1915,50523285,52052928,41.1860809,2918,0.643532515,0.000926654000,10,6.43532515,8.24453224e-05
28,1852,1915,50523285,52052928,41.1860809,2918,0.643532515,0.000926654000,11,7.07885742,8.96572588e-05
28,1852,1915,50523285,52052928,41.1860809,2918,0.643532515,0.000926654000,12,7.72239017,0.000189392000
28,1852,1915,50523285,52052928,41.1860809,2918,0.643532515,0.000926654000,13,8.36592293,4.63251374e-05
28,1852,1915,50523285,52052928,41.1860809,2918,0.643532515,0.000926654000,14,9.00945473,8.87865450e-05
28,1852,1915,50523285,52052928,41.1860809,2918,0.643532515,0.000926654000,15,9.65298748,3.65050723e-05
28,1852,1915,50523285,52052928,41.1860809,2918,0.643532515,0.000926654000,16,10.2965202,3.15875218e-05
28,1852,1915,50523285,52052928,41.1860809,2918,0.643532515,0.000926654000,17,10.9400530,7.99237448e-05
28,1852,1915,50523285,52052928,41.1860809,2918,0.643532515,0.000926654000,18,11.5835857,7.02281822e-05
28,1852,1915,50523285,52052928,41.1860809,2918,0.643532515,0.000926654000,19,12.2271175,3.90732779e-05
28,1852,1915,50523285,52052928,41.1860809,2918,0.643532515,0.000926654000,20,12.8706503,3.27883858e-05
28,1852,1915,50523285,52052928,41.1860809,2918,0.643532515,0.000926654000,21,13.5141830,6.77694833e-05
28,1852,1915,50523285,52052928,41.1860809,2918,0.643532515,0.000926654000,22,14.1577148,7.14605984e-05
28,1852,1915,50523285,52052928,41.1860809,2918,0.643532515,0.000926654000,23,14.8012476,2.27227025e-05
28,1852,1915,50523285,52052928,41.1860809,2918,0.643532515,0.000926654000,24,15.4447803,4.46632141e-05
28,1852,1915,50523285,52052928,41.1860809,2918,0.643532515,0.000926654000,25,16.0883121,2.86285918e-05
28,1852,1915,50523285,52052928,41.1860809,2918,0.643532515,0.000926654000,26,16.7318459,1.53486196e-05
28,1852,1915,50523285,52052928,41.1860809,2918,0.643532515,0.000926654000,27,17.3753777,9.39543011e-05
28,1852,1915,50523285,52052928,41.1860809,2918,0.643532515,0.000926654000,28,18.0189095,2.83329860e-05
28,1852,1915,50523285,52052928,41.1860809,2918,0.643532515,0.000926654000,29,18.6624432,6.29777051e-05
28,1852,1915,50523285,52052928,41.1860809,2918,0.643532515,0.000926654000,30,19.3059750,2.34773048e-05
28,1852,1915,50523285,52052928,41.1860809,2918,0.643532515,0.000926654000,31,19.9495087,3.75281046e-05
28,1852,1915,50523285,52052928,41.1860809,2918,0.643532515,0.000926654000,32,20.5930405,1.52906227e-06
29,1916,1979,52077206,53606308,41.2006531,2923,0.643760204,0.000884450000,0,0.00000000,0.000250661000
29,1916,1979,52077206,53606308,41.2006531,2923,0.643760204,0.000884450000,1,0.643760204,0.000884450000
29,1916,1979,52077206,53606308,41.2006531,2923,0.643760204,0.000884450000,2,1.28752041,0.000338301000
29,1916,1979,52077206,53606308,41.2006531,2923,0.643760204,0.000884450000,3,1.93128061,0.000588436000
29,1916,1979,52077206,53606308,41.2006531,2923,0.643760204,0.000884450000,4,2.57504082,0.000571682000
29,1916,1979,52077206,53606308,41.2006531,2923,0.643760204,0.000884450000,5,3.21880102,0.000464803000
29,1916,1979,52077206,53606308,41.2006531,2923,0.643760204,0.000884450000,6,3.86256123,0.000219622000
29,1916,1979,52077206,53606308,41.2006531,2923,0.643760204,0.000884450000,7,4.50632143,5.48909585e-05
29,1916,1979,52077206,53606308,41.2006531,2923,0.643760204,0.000884450000,8,5.15008163,3.46015799e-05
29,1916,1979,52077206,53606308,41.2006531,2923,0.643760204,0.000884450000,9,5.79384184,0.000176018000
29,1916,1979,52077206,53606308,41.2006531,2923,0.643760204,0.000884450000,10,6.43760204,0.000173315000
29,1916,1979,52077206,53606308,41.2006531,2923,0.643760204,0.000884450000,11,7.08136225,0.000104820000
29,1916,1979,52077206,53606308,41.2006531,2923,0.643760204,0.000884450000,12,7.72512245,0.000206662000
29,1916,1979,52077206,53606308,41.2006531,2923,0.643760204,0.000884450000,13,8.36888313,0.000261128000
29,1916,1979,52077206,53606308,41.2006531,2923,0.643760204,0.000884450000,14,9.01264286,0.000175514000
29,1916,1979,52077206,53606308,41.2006531,2923,0.643760204,0.000884450000,15,9.65640259,7.82271807e-05
29,1916,1979,52077206,53606308,41.2006531,2923,0.643760204,0.000884450000,16,10.3001633,5.02282412e-05
29,1916,1979,52077206,53606308,41.2006531,2923,0.643760204,0.000884450000,17,10.9439240,7.70571776e-05
29,1916,1979,52077206,53606308,41.2006531,2923,0.643760204,0.000884450000,18,11.5876837,0.000188010000
29,1916,1979,52077206,53606308,41.2006531,2923,0.643760204,0.000884450000,19,12.2314434,0.000182083000
29,1916,1979,52077206,53606308,41.2006531,2923,0.643760204,0.000884450000,20,12.8752041,0.000154271000
29,1916,1979,52077206,53606308,41.2006531,2923,0.643760204,0.000884450000,21,13.5189648,0.000122192000
29,1916,1979,52077206,53606308,41.2006531,2923,0.643760204,0.000884450000,22,14.1627245,0.000145212000
29,1916,1979,52077206,53606308,41.2006531,2923,0.643760204,0.000884450000,23,14.8064842,8.07187159e-05
29,1916,1979,52077206,53606308,41.2006531,2923,0.643760204,0.000884450000,24,15.4502449,2.47964468e-05
29,1916,1979,52077206,53606308,41.2006531,2923,0.643760204,0.000884450000,25,16.0940056,8.39492701e-05
29,1916,1979,52077206,53606308,41.2006531,2923,0.643760204,0.000884450000,26,16.7377663,0.000127398000
29,1916,1979,52077206,53606308,41.2006531,2923,0.643760204,0.000884450000,27,17.3815250,0.000182915000
29,1916,1979,52077206,53606308,41.2006531,2923,0.643760204,0.000884450000,28,18.0252857,0.000187318000
29,1916,1979,52077206,53606308,41.2006531,2923,0.643760204,0.000884450000,29,18.6690464,0.000157669000
29,1916,1979,52077206,53606308,41.2006531,2923,0.643760204,0.000884450000,30,19.3128052,9.42604079e-05
29,1916,1979,52077206,53606308,41.2006531,2923,0.643760204,0.000884450000,31,19.9565659,4.82590433e-05
29,1916,1979,52077206,53606308,41.2006531,2923,0.643760204,0.000884450000,32,20.6003265,1.67864871e-05
30,1980,2043,53630634,55160304,41.1853523,2935,1.93056345,0.00146017100,0,0.00000000,0.000183852000
30,1980,2043,53630634,55160304,41.1853523,2935,1.93056345,0.00146017100,1,0.643521130,0.000751388000
30,1980,2043,53630634,55160304,41.1853523,2935,1.93056345,0.00146017100,2,1.28704226,0.00126860600
30,1980,2043,53630634,55160304,41.1853523,2935,1.93056345,0.00146017100,3,1.93056345,0.00146017100
30,1980,2043,53630634,55160304,41.1853523,2935,1.93056345,0.00146017100,4,2.57408452,0.00130079700
30,1980,2043,53630634,55160304,41.1853523,2935,1.93056345,0.00146017100,5,3.21760559,0.000959429000
30,1980,2043,53630634,55160304,41.1853523,2935,1.93056345,0.00146017100,6,3.86112690,0.000618308000
30,1980,2043,53630634,55160304,41.1853523,2935,1.93056345,0.00146017100,7,4.50464773,0.000288906000
30,1980,2043,53630634,55160304,41.1853523,2935,1.93056345,0.00146017100,8,5.14816904,3.31521401e-05
30,1980,2043,53630634,55160304,41.1853523,2935,1.93056345,0.00146017100,9,5.79169035,0.000139275000
30,1980,2043,53630634,55160304,41.1853523,2935,1.93056345,0.00146017100,10,6.43521118,0.000191891000
30,1980,2043,53630634,55160304,41.1853523,2935,1.93056345,0.00146017100,11,7.07873249,0.000187940000
30,1980,2043,53630634,55160304,41.1853523,2935,1.93056345,0.00146017100,12,7.72225380,0.000228408000
30,1980,2043,53630634,55160304,41.1853523,2935,1.93056345,0.00146017100,13,8.36577511,0.000251079000
30,1980,2043,53630634,55160304,41.1853523,2935,1.93056345,0.00146017100,14,9.00929546,0.000204096000
30,1980,2043,53630634,55160304,41.1853523,2935,1.93056345,0.00146017100,15,9.65281677,0.000127190000
30,1980,2043,53630634,55160304,41.1853523,2935,1.93056345,0.00146017100,16,10.2963381,1.61002879e-05
30,1980,2043,53630634,55160304,41.1853523,2935,1.93056345,0.00146017100,17,10.9398594,9.81177131e-05
30,1980,2043,53630634,55160304,41.1853523,2935,1.93056345,0.00146017100,18,11.5833807,0.000159997000
30,1980,2043,53630634,55160304,41.1853523,2935,1.93056345,0.00146017100,19,12.2269011,0.000143374000
30,1980,2043,53630634,55160304,41.1853523,2935,1.93056345,0.00146017100,20,12.8704224,9.42587781e-05
30,1980,2043,53630634,55160304,41.1853523,2935,1.93056345,0.00146017100,21,13.5139437,5.00156013e-05
30,1980,2043,53630634,55160304,41.1853523,2935,1.93056345,0.00146017100,22,14.1574650,5.77232123e-05
30,1980,2043,53630634,55160304,41.1853523,2935,1.93056345,0.00146017100,23,14.8009863,5.18187727e-05
30,1980,2043,53630634,55160304,41.1853523,2935,1.93056345,0.00146017100,24,15.4445076,3.10947257e-06
30,1980,2043,53630634,55160304,41.1853523,2935,1.93056345,0.00146017100,25,16.0880280,6.08239016e-05
30,1980,2043,53630634,55160304,41.1853523,2935,1.93056345,0.00146017100,26,16.7315502,0.000114279000
30,1980,2043,53630634,55160304,41.1853523,2935,1.93056345,0.00146017100,27,17.3750706,0.000119659000
30,1980,2043,53630634,55160304,41.1853523,2935,1.93056345,0.00146017100,28,18.0185909,9.84087950e-05
30,1980,2043,53630634,55160304,41.1853523,2935,1.93056345,0.00146017100,29,18.6621132,0.000103536000
30,1980,2043,53630634,55160304,41.1853523,2935,1.93056345,0.00146017100,30,19.3056335,6.70988729e-05
30,1980,2043,53630634,55160304,41.1853523,2935,1.93056345,0.00146017100,31,19.9491558,2.61181409e-05
30,1980,2043,53630634,55160304,41.1853523,2935,1.93056345,0.00146017100,32,20.5926762,3.98444217e-06
31,2044,2107,55184615,56714220,41.1871033,2947,1.93064547,0.000492594000,0,0.00000000,1.83825375e-05
31,2044,2107,55184615,56714220,41.1871033,2947,1.93064547,0.000492594000,1,0.643548489,0.000205363000
31,2044,2107,55184615,56714220,41.1871033,2947,1.93064547,0.000492594000,2,1.28709698,0.000442948000
31,2044,2107,55184615,56714220,41.1871033,2947,1.93064547,0.000492594000,3,1.93064547,0.000492594000
31,2044,2107,55184615,56714220,41.1871033,2947,1.93064547,0.000492594000,4,2.57419395,0.000465602000
31,2044,2107,55184615,56714220,41.1871033,2947,1.93064547,0.000492594000,5,3.21774244,0.000364857000
31,2044,2107,55184615,56714220,41.1871033,2947,1.93064547,0.000492594000,6,3.86129093,0.000235753000
31,2044,2107,55184615,56714220,41.1871033,2947,1.93064547,0.000492594000,7,4.50483942,8.35965390e-05
31,2044,2107,55184615,56714220,41.1871033,2947,1.93064547,0.000492594000,8,5.14838791,1.18656879e-05
31,2044,2107,55184615,56714220,41.1871033,2947,1.93064547,0.000492594000,9,5.79193640,2.54755610e-05
31,2044,2107,55184615,56714220,41.1871033,2947,1.93064547,0.000492594000,10,6.43548489,1.48823217e-05
31,2044,2107,55184615,56714220,41.1871033,2947,1.93064547,0.000492594000,11,7.07903337,6.94332911e-05
31,2044,2107,55184615,56714220,41.1871033,2947,1.93064547,0.000492594000,12,7.72258186,9.46482819e-05
31,2044,2107,55184615,56714220,41.1871033,2947,1.93064547,0.000492594000,13,8.36613083,6.00845151e-05
31,2044,2107,55184615,56714220,41.1871033,2947,1.93064547,0.000492594000,14,9.00967884,4.69214822e-05
31,2044,2107,55184615,56714220,41.1871033,2947,1.93064547,0.000492594000,15,9.65322685,3.73671568e-05
31,2044,2107,55184615,56714220,41.1871033,2947,1.93064547,0.000492594000,16,10.2967758,1.31402137e-05
31,2044,2107,55184615,56714220,41.1871033,2947,1.93064547,0.000492594000,17,10.9403248,1.45844777e-05
31,2044,2107,55184615,56714220,41.1871033,2947,1.93064547,0.000492594000,18,11.5838728,3.65708324e-05
31,2044,2107,55184615,56714220,41.1871033,2947,1.93064547,0.000492594000,19,12.2274208,2.13070704e-05
31,2044,2107,55184615,56714220,41.1871033,2947,1.93064547,0.000492594000,20,12.8709698,3.58799293e-05
31,2044,2107,55184615,56714220,41.1871033,2947,1.93064547,0.000492594000,21,13.5145187,5.94108451e-05
31,2044,2107,55184615,56714220,41.1871033,2947,1.93064547,0.000492594000,22,14.1580667,3.78455365e-05
31,2044,2107,55184615,56714220,41.1871033,2947,1.93064547,0.000492594000,23,14.8016148,1.58706878e-05
31,2044,2107,55184615,56714220,41.1871033,2947,1.93064547,0.000492594000,24,15.4451637,5.82390976e-06
31,2044,2107,55184615,56714220,41.1871033,2947,1.93064547,0.000492594000,25,16.0887127,1.75992879e-05
31,2044,2107,55184615,56714220,41.1871033,2947,1.93064547,0.000492594000,26,16.7322617,1.00721053e-05
31,2044,2107,55184615,56714220,41.1871033,2947,1.93064547,0.000492594000,27,17.3758087,4.29992536e-05
31,2044,2107,55184615,56714220,41.1871033,2947,1.93064547,0.000492594000,28,18.0193577,3.45161674e-05
31,2044,2107,55184615,56714220,41.1871033,2947,1.93064547,0.000492594000,29,18.6629066,1.93061875e-05
31,2044,2107,55184615,56714220,41.1871033,2947,1.93064547,0.000492594000,30,19.3064537,4.78101858e-05
31,2044,2107,55184615,56714220,41.1871033,2947,1.93064547,0.000492594000,31,19.9500027,3.37592241e-05
31,2044,2107,55184615,56714220,41.1871033,2947,1.93064547,0.000492594000,32,20.5935516,4.90412640e-06
32,2108,2171,56738524,58267652,41.1999512,2916,1.28749847,0.000296348000,0,0.00000000,4.69916188e-05
32,2108,2171,56738524,58267652,41.1999512,2916,1.28749847,0.000296348000,1,0.643749237,0.000244963000
32,2108,2171,56738524,58267652,41.1999512,2916,1.28749847,0.000296348000,2,1.28749847,0.000296348000
32,2108,2171,56738524,58267652,41.1999512,2916,1.28749847,0.000296348000,3,1.93124771,0.000162981000
32,2108,2171,56738524,58267652,41.1999512,2916,1.28749847,0.000296348000,4,2.57499695,0.000229463000
32,2108,2171,56738524,58267652,41.1999512,2916,1.28749847,0.000296348000,5,3.21874619,0.000260277000
32,2108,2171,56738524,58267652,41.1999512,2916,1.28749847,0.000296348000,6,3.86249542,0.000179359000
32,2108,2171,56738524,58267652,41.1999512,2916,1.28749847,0.000296348000,7,4.50624466,7.61020044e-05
32,2108,2171,56738524,58267652,41.1999512,2916,1.28749847,0.000296348000,8,5.14999390,3.25917531e-05
32,2108,2171,56738524,58267652,41.1999512,2916,1.28749847,0.000296348000,9,5.79374313,0.000111065000
32,2108,2171,56738524,58267652,41.1999512,2916,1.28749847,0.000296348000,10,6.43749237,0.000202890000
32,2108,2171,56738524,58267652,41.1999512,2916,1.28749847,0.000296348000,11,7.08124161,0.000246019000
32,2108,2171,56738524,58267652,41.1999512,2916,1.28749847,0.000296348000,12,7.72499084,0.000190844000
32,2108,2171,56738524,58267652,41.1999512,2916,1.28749847,0.000296348000,13,8.36874008,0.000103238000
32,2108,2171,56738524,58267652,41.1999512,2916,1.28749847,0.000296348000,14,9.01248932,6.62575394e-05
32,2108,2171,56738524,58267652,41.1999512,2916,1.28749847,0.000296348000,15,9.65623856,2.58351134e-05
32,2108,2171,56738524,58267652,41.1999512,2916,1.28749847,0.000296348000,16,10.2999878,1.56046187e-05
32,2108,2171,56738524,58267652,41.1999512,2916,1.28749847,0.000296348000,17,10.9437370,4.76441121e-05
32,2108,2171,56738524,58267652,41.1999512,2916,1.28749847,0.000296348000,18,11.5874863,6.23063379e-05
32,2108,2171,56738524,58267652,41.1999512,2916,1.28749847,0.000296348000,19,12.2312355,0.000138479000
32,2108,2171,56738524,58267652,41.1999512,2916,1.28749847,0.000296348000,20,12.8749847,0.000232024000
32,2108,2171,56738524,58267652,41.1999512,2916,1.28749847,0.000296348000,21,13.5187340,0.000213083000
32,2108,2171,56738524,58267652,41.1999512,2916,1.28749847,0.000296348000,22,14.1624832,0.000123938000
32,2108,2171,56738524,58267652,41.1999512,2916,1.28749847,0.000296348000,23,14.8062325,5.96883429e-05
32,2108,2171,56738524,58267652,41.1999512,2916,1.28749847,0.000296348000,24,15.4499817,1.59674871e-05
32,2108,2171,56738524,58267652,41.1999512,2916,1.28749847,0.000296348000,25,16.0937309,1.49398864e-05
32,2108,2171,56738524,58267652,41.1999512,2916,1.28749847,0.000296348000,26,16.7374802,6.50913125e-05
32,2108,2171,56738524,58267652,41.1999512,2916,1.28749847,0.000296348000,27,17.3812294,0.000115781000
32,2108,2171,56738524,58267652,41.1999512,2916,1.28749847,0.000296348000,28,18.0249786,6.79630165e-05
32,2108,2171,56738524,58267652,41.1999512,2916,1.28749847,0.000296348000,29,18.6687279,5.74059805e-05
32,2108,2171,56738524,58267652,41.1999512,2916,1.28749847,0.000296348000,30,19.3124771,0.000115769000
32,2108,2171,56738524,58267652,41.1999512,2916,1.28749847,0.000296348000,31,19.9562263,7.80418839e-05
32,2108,2171,56738524,58267652,41.1999512,2916,1.28749847,0.000296348000,32,20.5999756,1.46082237e-05
33,2172,2235,58291935,59821559,41.1865921,2941,1.28708100,0.00129928600,0,0.00000000,0.000155634000
33,2172,2235,58291935,59821559,41.1865921,2941,1.28708100,0.00129928600,1,0.643540502,0.000946705000
33,2172,2235,58291935,59821559,41.1865921,2941,1.28708100,0.00129928600,2,1.28708100,0.00129928600
33,2172,2235,58291935,59821559,41.1865921,2941,1.28708100,0.00129928600,3,1.93062150,0.00120799500
33,2172,2235,58291935,59821559,41.1865921,2941,1.28708100,0.00129928600,4,2.57416201,0.000761429000
33,2172,2235,58291935,59821559,41.1865921,2941,1.28708100,0.00129928600,5,3.21770239,0.000302825000
33,2172,2235,58291935,59821559,41.1865921,2941,1.28708100,0.00129928600,6,3.86124301,0.000326511000
33,2172,2235,58291935,59821559,41.1865921,2941,1.28708100,0.00129928600,7,4.50478363,0.000260740000
33,2172,2235,58291935,59821559,41.1865921,2941,1.28708100,0.00129928600,8,5.14832401,6.35562892e-05
33,2172,2235,58291935,59821559,41.1865921,2941,1.28708100,0.00129928600,9,5.79186440,7.87998495e-05
33,2172,2235,58291935,59821559,41.1865921,2941,1.28708100,0.00129928600,10,6.43540478,0.000100888000
33,2172,2235,58291935,59821559,41.1865921,2941,1.28708100,0.00129928600,11,7.07894564,0.000257281000
33,2172,2235,58291935,59821559,41.1865921,2941,1.28708100,0.00129928600,12,7.72248602,0.000348287000
33,2172,2235,58291935,59821559,41.1865921,2941,1.28708100,0.00129928600,13,8.36602688,0.000263620000
33,2172,2235,58291935,59821559,41.1865921,2941,1.28708100,0.00129928600,14,9.00956726,0.000124112000
33,2172,2235,58291935,59821559,41.1865921,2941,1.28708100,0.00129928600,15,9.65310764,7.09232980e-05
33,2172,2235,58291935,59821559,41.1865921,2941,1.28708100,0.00129928600,16,10.2966480,1.07488821e-05
33,2172,2235,58291935,59821559,41.1865921,2941,1.28708100,0.00129928600,17,10.9401884,7.72183910e-05
33,2172,2235,58291935,59821559,41.1865921,2941,1.28708100,0.00129928600,18,11.5837288,7.57147198e-05
33,2172,2235,58291935,59821559,41.1865921,2941,1.28708100,0.00129928600,19,12.2272692,4.87594218e-05
33,2172,2235,58291935,59821559,41.1865921,2941,1.28708100,0.00129928600,20,12.8708096,0.000112902000
33,2172,2235,58291935,59821559,41.1865921,2941,1.28708100,0.00129928600,21,13.5143509,0.000164500000
33,2172,2235,58291935,59821559,41.1865921,2941,1.28708100,0.00129928600,22,14.1578913,0.000146348000
33,2172,2235,58291935,59821559,41.1865921,2941,1.28708100,0.00129928600,23,14.8014317,7.52911426e-05
33,2172,2235,58291935,59821559,41.1865921,2941,1.28708100,0.00129928600,24,15.4449720,1.57608717e-05
33,2172,2235,58291935,59821559,41.1865921,2941,1.28708100,0.00129928600,25,16.0885124,7.68830203e-05
33,2172,2235,58291935,59821559,41.1865921,2941,1.28708100,0.00129928600,26,16.7320538,0.000117716000
33,2172,2235,58291935,59821559,41.1865921,2941,1.28708100,0.00129928600,27,17.3755932,5.22945440e-05
33,2172,2235,58291935,59821559,41.1865921,2941,1.28708100,0.00129928600,28,18.0191345,8.85558898e-05
33,2172,2235,58291935,59821559,41.1865921,2941,1.28708100,0.00129928600,29,18.6626740,0.000156288000
33,2172,2235,58291935,59821559,41.1865921,2941,1.28708100,0.00129928600,30,19.3062153,0.000124225000
33,2172,2235,58291935,59821559,41.1865921,2941,1.28708100,0.00129928600,31,19.9497547,6.32945657e-05
33,2172,2235,58291935,59821559,41.1865921,2941,1.28708100,0.00129928600,32,20.5932961,1.48414847e-06
34,2236,2299,59845855,61375296,41.1915207,2933,1.28723502,0.00222812600,0,0.00000000,0.000544900000
34,2236,2299,59845855,61375296,41.1915207,2933,1.28723502,0.00222812600,1,0.643617511,0.00211621400
34,2236,2299,59845855,61375296,41.1915207,2933,1.28723502,0.00222812600,2,1.28723502,0.00222812600
34,2236,2299,59845855,61375296,41.1915207,2933,1.28723502,0.00222812600,3,1.93085253,0.00140869600
34,2236,2299,59845855,61375296,41.1915207,2933,1.28723502,0.00222812600,4,2.57447004,0.000416558000
34,2236,2299,59845855,61375296,41.1915207,2933,1.28723502,0.00222812600,5,3.21808767,0.000197976000
34,2236,2299,59845855,61375296,41.1915207,2933,1.28723502,0.00222812600,6,3.86170506,0.000371996000
34,2236,2299,59845855,61375296,41.1915207,2933,1.28723502,0.00222812600,7,4.50532246,0.000290154000
34,2236,2299,59845855,61375296,41.1915207,2933,1.28723502,0.00222812600,8,5.14894009,8.77510453e-05
34,2236,2299,59845855,61375296,41.1915207,2933,1.28723502,0.00222812600,9,5.79255772,0.000250607000
34,2236,2299,59845855,61375296,41.1915207,2933,1.28723502,0.00222812600,10,6.43617535,0.000371930000
34,2236,2299,59845855,61375296,41.1915207,2933,1.28723502,0.00222812600,11,7.07979250,0.000382396000
34,2236,2299,59845855,61375296,41.1915207,2933,1.28723502,0.00222812600,12,7.72341013,0.000337332000
34,2236,2299,59845855,61375296,41.1915207,2933,1.28723502,0.00222812600,13,8.36702728,0.000204548000
34,2236,2299,59845855,61375296,41.1915207,2933,1.28723502,0.00222812600,14,9.01064491,3.39388530e-05
34,2236,2299,59845855,61375296,41.1915207,2933,1.28723502,0.00222812600,15,9.65426254,5.51135228e-05
34,2236,2299,59845855,61375296,41.1915207,2933,1.28723502,0.00222812600,16,10.2978802,3.97197213e-05
34,2236,2299,59845855,61375296,41.1915207,2933,1.28723502,0.00222812600,17,10.9414978,0.000133973000
34,2236,2299,59845855,61375296,41.1915207,2933,1.28723502,0.00222812600,18,11.5851154,0.000194760000
34,2236,2299,59845855,61375296,41.1915207,2933,1.28723502,0.00222812600,19,12.2287331,0.000209862000
34,2236,2299,59845855,61375296,41.1915207,2933,1.28723502,0.00222812600,20,12.8723507,0.000197127000
34,2236,2299,59845855,61375296,41.1915207,2933,1.28723502,0.00222812600,21,13.5159674,0.000155461000
34,2236,2299,59845855,61375296,41.1915207,2933,1.28723502,0.00222812600,22,14.1595850,9.19995787e-05
34,2236,2299,59845855,61375296,41.1915207,2933,1.28723502,0.00222812600,23,14.8032026,2.72255107e-05
34,2236,2299,59845855,61375296,41.1915207,2933,1.28723502,0.00222812600,24,15.4468203,2.54746334e-05
34,2236,2299,59845855,61375296,41.1915207,2933,1.28723502,0.00222812600,25,16.0904369,0.000104023000
34,2236,2299,59845855,61375296,41.1915207,2933,1.28723502,0.00222812600,26,16.7340546,0.000181308000
34,2236,2299,59845855,61375296,41.1915207,2933,1.28723502,0.00222812600,27,17.3776722,0.000196010000
34,2236,2299,59845855,61375296,41.1915207,2933,1.28723502,0.00222812600,28,18.0212898,0.000179598000
34,2236,2299,59845855,61375296,41.1915207,2933,1.28723502,0.00222812600,29,18.6649075,0.000160458000
34,2236,2299,59845855,61375296,41.1915207,2933,1.28723502,0.00222812600,30,19.3085251,0.000102627000
34,2236,2299,59845855,61375296,41.1915207,2933,1.28723502,0.00222812600,31,19.9521427,3.36612024e-05
34,2236,2299,59845855,61375296,41.1915207,2933,1.28723502,0.00222812600,32,20.5957603,2.24877522e-06
35,2300,2363,61399665,62928761,41.2008133,2920,0.643762708,0.000277183000,0,0.00000000,5.22331785e-05
35,2300,2363,61399665,62928761,41.2008133,2920,0.643762708,0.000277183000,1,0.643762708,0.000277183000
35,2300,2363,61399665,62928761,41.2008133,2920,0.643762708,0.000277183000,2,1.28752542,0.000137636000
35,2300,2363,61399665,62928761,41.2008133,2920,0.643762708,0.000277183000,3,1.93128812,0.000120588000
35,2300,2363,61399665,62928761,41.2008133,2920,0.643762708,0.000277183000,4,2.57505083,4.33208873e-05
35,2300,2363,61399665,62928761,41.2008133,2920,0.643762708,0.000277183000,5,3.21881342,4.29281893e-05
35,2300,2363,61399665,62928761,41.2008133,2920,0.643762708,0.000277183000,6,3.86257625,1.19537670e-05
35,2300,2363,61399665,62928761,41.2008133,2920,0.643762708,0.000277183000,7,4.50633907,1.61423629e-05
35,2300,2363,61399665,62928761,41.2008133,2920,0.643762708,0.000277183000,8,5.15010166,3.16482033e-06
35,2300,2363,61399665,62928761,41.2008133,2920,0.643762708,0.000277183000,9,5.79386425,1.41113394e-05
35,2300,2363,61399665,62928761,41.2008133,2920,0.643762708,0.000277183000,10,6.43762684,6.85649638e-06
35,2300,2363,61399665,62928761,41.2008133,2920,0.643762708,0.000277183000,11,7.08138990,1.56554049e-05
35,2300,2363,61399665,62928761,41.2008133,2920,0.643762708,0.000277183000,12,7.72515249,8.37339758e-06
35,2300,2363,61399665,62928761,41.2008133,2920,0.643762708,0.000277183000,13,8.36891556,1.39619476e-05
35,2300,2363,61399665,62928761,41.2008133,2920,0.643762708,0.000277183000,14,9.01267815,7.88347006e-06
35,2300,2363,61399665,62928761,41.2008133,2920,0.643762708,0.000277183000,15,9.65644073,6.77559183e-06
35,2300,2363,61399665,62928761,41.2008133,2920,0.643762708,0.000277183000,16,10.3002033,5.31914111e-06
35,2300,2363,61399665,62928761,41.2008133,2920,0.643762708,0.000277183000,17,10.9439659,5.91249636e-06
35,2300,2363,61399665,62928761,41.2008133,2920,0.643762708,0.000277183000,18,11.5877285,7.94479729e-06
35,2300,2363,61399665,62928761,41.2008133,2920,0.643762708,0.000277183000,19,12.2314911,3.98237898e-06
35,2300,2363,61399665,62928761,41.2008133,2920,0.643762708,0.000277183000,20,12.8752537,3.90356308e-06
35,2300,2363,61399665,62928761,41.2008133,2920,0.643762708,0.000277183000,21,13.5190172,5.65677601e-06
35,2300,2363,61399665,62928761,41.2008133,2920,0.643762708,0.000277183000,22,14.1627798,1.72572618e-06
35,2300,2363,61399665,62928761,41.2008133,2920,0.643762708,0.000277183000,23,14.8065424,1.33826472e-06
35,2300,2363,61399665,62928761,41.2008133,2920,0.643762708,0.000277183000,24,15.4503050,1.13381975e-06
35,2300,2363,61399665,62928761,41.2008133,2920,0.643762708,0.000277183000,25,16.0940685,1.78550806e-06
35,2300,2363,61399665,62928761,41.2008133,2920,0.643762708,0.000277183000,26,16.7378311,7.57524867e-06
35,2300,2363,61399665,62928761,41.2008133,2920,0.643762708,0.000277183000,27,17.3815937,2.11985594e-06
35,2300,2363,61399665,62928761,41.2008133,2920,0.643762708,0.000277183000,28,18.0253563,1.17995776e-05
35,2300,2363,61399665,62928761,41.2008133,2920,0.643762708,0.000277183000,29,18.6691189,1.42450861e-05
35,2300,2363,61399665,62928761,41.2008133,2920,0.643762708,0.000277183000,30,19.3128815,5.77570790e-06
35,2300,2363,61399665,62928761,41.2008133,2920,0.643762708,0.000277183000,31,19.9566441,1.04932769e-06
35,2300,2363,61399665,62928761,41.2008133,2920,0.643762708,0.000277183000,32,20.6004066,2.47985099e-07
36,2364,2427,62953041,64482599,41.1883698,2921,0.643568277,8.04892904e-05,0,0.00000000,4.21774075e-06
36,2364,2427,62953041,64482599,41.1883698,2921,0.643568277,8.04892904e-05,1,0.643568277,8.04892904e-05
36,2364,2427,62953041,64482599,41.1883698,2921,0.643568277,8.04892904e-05,2,1.28713655,7.89397952e-05
36,2364,2427,62953041,64482599,41.1883698,2921,0.643568277,8.04892904e-05,3,1.93070483,2.75303005e-05
36,2364,2427,62953041,64482599,41.1883698,2921,0.643568277,8.04892904e-05,4,2.57427311,4.22195511e-05
36,2364,2427,62953041,64482599,41.1883698,2921,0.643568277,8.04892904e-05,5,3.21784139,4.90365812e-05
36,2364,2427,62953041,64482599,41.1883698,2921,0.643568277,8.04892904e-05,6,3.86140966,3.27009215e-05
36,2364,2427,62953041,64482599,41.1883698,2921,0.643568277,8.04892904e-05,7,4.50497818,7.06474839e-06
36,2364,2427,62953041,64482599,41.1883698,2921,0.643568277,8.04892904e-05,8,5.14854622,9.79824563e-06
36,2364,2427,62953041,64482599,41.1883698,2921,0.643568277,8.04892904e-05,9,5.79211426,1.28084637e-05
36,2364,2427,62953041,64482599,41.1883698,2921,0.643568277,8.04892904e-05,10,6.43568277,1.06737815e-05
36,2364,2427,62953041,64482599,41.1883698,2921,0.643568277,8.04892904e-05,11,7.07925129,3.45190824e-06
36,2364,2427,62953041,64482599,41.1883698,2921,0.643568277,8.04892904e-05,12,7.72281933,1.14806952e-05
36,2364,2427,62953041,64482599,41.1883698,2921,0.643568277,8.04892904e-05,13,8.36638737,6.95135395e-06
36,2364,2427,62953041,64482599,41.1883698,2921,0.643568277,8.04892904e-05,14,9.00995636,6.23248206e-06
36,2364,2427,62953041,64482599,41.1883698,2921,0.643568277,8.04892904e-05,15,9.65352440,2.84472640e-06
36,2364,2427,62953041,64482599,41.1883698,2921,0.643568277,8.04892904e-05,16,10.2970924,8.07658977e-07
36,2364,2427,62953041,64482599,41.1883698,2921,0.643568277,8.04892904e-05,17,10.9406605,5.86873693e-06
36,2364,2427,62953041,64482599,41.1883698,2921,0.643568277,8.04892904e-05,18,11.5842285,9.36308152e-06
36,2364,2427,62953041,64482599,41.1883698,2921,0.643568277,8.04892904e-05,19,12.2277975,1.23893804e-05
36,2364,2427,62953041,64482599,41.1883698,2921,0.643568277,8.04892904e-05,20,12.8713655,1.25227023e-05
36,2364,2427,62953041,64482599,41.1883698,2921,0.643568277,8.04892904e-05,21,13.5149336,6.83673898e-06
36,2364,2427,62953041,64482599,41.1883698,2921,0.643568277,8.04892904e-05,22,14.1585026,2.59522676e-06
36,2364,2427,62953041,64482599,41.1883698,2921,0.643568277,8.04892904e-05,23,14.8020706,2.09817972e-06
36,2364,2427,62953041,64482599,41.1883698,2921,0.643568277,8.04892904e-05,24,15.4456387,1.67097062e-06
36,2364,2427,62953041,64482599,41.1883698,2921,0.643568277,8.04892904e-05,25,16.0892067,3.00723195e-06
36,2364,2427,62953041,64482599,41.1883698,2921,0.643568277,8.04892904e-05,26,16.7327747,3.15045668e-07
36,2364,2427,62953041,64482599,41.1883698,2921,0.643568277,8.04892904e-05,27,17.3763428,5.31191063e-06
36,2364,2427,62953041,64482599,41.1883698,2921,0.643568277,8.04892904e-05,28,18.0199127,1.12684527e-05
36,2364,2427,62953041,64482599,41.1883698,2921,0.643568277,8.04892904e-05,29,18.6634808,5.16144337e-06
36,2364,2427,62953041,64482599,41.1883698,2921,0.643568277,8.04892904e-05,30,19.3070488,1.35341998e-06
36,2364,2427,62953041,64482599,41.1883698,2921,0.643568277,8.04892904e-05,31,19.9506168,2.03649506e-06
36,2364,2427,62953041,64482599,41.1883698,2921,0.643568277,8.04892904e-05,32,20.5941849,2.70488340e-06
37,2428,2491,64506872,66036003,41.1998711,2937,0.643747985,0.000216043000,0,0.00000000,5.97959579e-05
37,2428,2491,64506872,66036003,41.1998711,2937,0.643747985,0.000216043000,1,0.643747985,0.000216043000
37,2428,2491,64506872,66036003,41.1998711,2937,0.643747985,0.000216043000,2,1.28749597,5.74644974e-05
37,2428,2491,64506872,66036003,41.1998711,2937,0.643747985,0.000216043000,3,1.93124390,7.79177779e-05
37,2428,2491,64506872,66036003,41.1998711,2937,0.643747985,0.000216043000,4,2.57499194,6.40267235e-05
37,2428,2491,64506872,66036003,41.1998711,2937,0.643747985,0.000216043000,5,3.21873999,4.04099077e-05
37,2428,2491,64506872,66036003,41.1998711,2937,0.643747985,0.000216043000,6,3.86248779,5.40476532e-05
37,2428,2491,64506872,66036003,41.1998711,2937,0.643747985,0.000216043000,7,4.50623608,1.98073664e-05
37,2428,2491,64506872,66036003,41.1998711,2937,0.643747985,0.000216043000,8,5.14998388,4.30099908e-06
37,2428,2491,64506872,66036003,41.1998711,2937,0.643747985,0.000216043000,9,5.79373169,1.24376418e-05
37,2428,2491,64506872,66036003,41.1998711,2937,0.643747985,0.000216043000,10,6.43747997,1.29552161e-05
37,2428,2491,64506872,66036003,41.1998711,2937,0.643747985,0.000216043000,11,7.08122778,2.08802464e-05
37,2428,2491,64506872,66036003,41.1998711,2937,0.643747985,0.000216043000,12,7.72497559,1.23057615e-05
37,2428,2491,64506872,66036003,41.1998711,2937,0.643747985,0.000216043000,13,8.36872387,1.14474686e-05
37,2428,2491,64506872,66036003,41.1998711,2937,0.643747985,0.000216043000,14,9.01247215,4.50239395e-06
37,2428,2491,64506872,66036003,41.1998711,2937,0.643747985,0.000216043000,15,9.65621948,7.76871275e-06
37,2428,2491,64506872,66036003,41.1998711,2937,0.643747985,0.000216043000,16,10.2999678,2.32306843e-06
37,2428,2491,64506872,66036003,41.1998711,2937,0.643747985,0.000216043000,17,10.9437160,4.64796767e-06
37,2428,2491,64506872,66036003,41.1998711,2937,0.643747985,0.000216043000,18,11.5874634,7.63198932e-06
37,2428,2491,64506872,66036003,41.1998711,2937,0.643747985,0.000216043000,19,12.2312117,9.47874469e-06
37,2428,2491,64506872,66036003,41.1998711,2937,0.643747985,0.000216043000,20,12.8749599,1.40146811e-05
37,2428,2491,64506872,66036003,41.1998711,2937,0.643747985,0.000216043000,21,13.5187073,1.07488239e-05
37,2428,2491,64506872,66036003,41.1998711,2937,0.643747985,0.000216043000,22,14.1624556,4.02826481e-06
37,2428,2491,64506872,66036003,41.1998711,2937,0.643747985,0.000216043000,23,14.8062038,4.81640700e-06
37,2428,2491,64506872,66036003,41.1998711,2937,0.643747985,0.000216043000,24,15.4499512,3.28394572e-06
37,2428,2491,64506872,66036003,41.1998711,2937,0.643747985,0.000216043000,25,16.0937004,3.92425409e-06
37,2428,2491,64506872,66036003,41.1998711,2937,0.643747985,0.000216043000,26,16.7374477,4.63864808e-06
37,2428,2491,64506872,66036003,41.1998711,2937,0.643747985,0.000216043000,27,17.3811951,4.62212529e-06
37,2428,2491,64506872,66036003,41.1998711,2937,0.643747985,0.000216043000,28,18.0249443,6.55313897e-06
37,2428,2491,64506872,66036003,41.1998711,2937,0.643747985,0.000216043000,29,18.6686916,7.95460073e-06
37,2428,2491,64506872,66036003,41.1998711,2937,0.643747985,0.000216043000,30,19.3124390,3.36351331e-06
37,2428,2491,64506872,66036003,41.1998711,2937,0.643747985,0.000216043000,31,19.9561882,2.65370272e-06
37,2428,2491,64506872,66036003,41.1998711,2937,0.643747985,0.000216043000,32,20.5999355,2.14257784e-06
38,2492,2555,66060305,67589931,41.1865387,2954,0.643539667,0.000113062000,0,0.00000000,4.57674135e-05
38,2492,2555,66060305,67589931,41.1865387,2954,0.643539667,0.000113062000,1,0.643539667,0.000113062000
38,2492,2555,66060305,67589931,41.1865387,2954,0.643539667,0.000113062000,2,1.28707933,6.26199826e-05
38,2492,2555,66060305,67589931,41.1865387,2954,0.643539667,0.000113062000,3,1.93061900,7.82553750e-05
38,2492,2555,66060305,67589931,41.1865387,2954,0.643539667,0.000113062000,4,2.57415867,7.96724332e-05
38,2492,2555,66060305,67589931,41.1865387,2954,0.643539667,0.000113062000,5,3.21769834,6.05695487e-05
38,2492,2555,66060305,67589931,41.1865387,2954,0.643539667,0.000113062000,6,3.86123800,8.72196602e-05
38,2492,2555,66060305,67589931,41.1865387,2954,0.643539667,0.000113062000,7,4.50477791,3.36072112e-05
38,2492,2555,66060305,67589931,41.1865387,2954,0.643539667,0.000113062000,8,5.14831734,7.72858857e-06
38,2492,2555,66060305,67589931,41.1865387,2954,0.643539667,0.000113062000,9,5.79185677,3.12271777e-06
38,2492,2555,66060305,67589931,41.1865387,2954,0.643539667,0.000113062000,10,6.43539667,2.82951942e-06
38,2492,2555,66060305,67589931,41.1865387,2954,0.643539667,0.000113062000,11,7.07893658,1.11857997e-05
38,2492,2555,66060305,67589931,41.1865387,2954,0.643539667,0.000113062000,12,7.72247601,1.40352438e-05
38,2492,2555,66060305,67589931,41.1865387,2954,0.643539667,0.000113062000,13,8.36601543,1.40222444e-05
38,2492,2555,66060305,67589931,41.1865387,2954,0.643539667,0.000113062000,14,9.00955582,1.46897162e-05
38,2492,2555,66060305,67589931,41.1865387,2954,0.643539667,0.000113062000,15,9.65309525,6.47845081e-06
38,2492,2555,66060305,67589931,41.1865387,2954,0.643539667,0.000113062000,16,10.2966347,2.26785755e-06
38,2492,2555,66060305,67589931,41.1865387,2954,0.643539667,0.000113062000,17,10.9401741,2.99414160e-06
38,2492,2555,66060305,67589931,41.1865387,2954,0.643539667,0.000113062000,18,11.5837135,5.41189729e-06
38,2492,2555,66060305,67589931,41.1865387,2954,0.643539667,0.000113062000,19,12.2272539,9.49776677e-06
38,2492,2555,66060305,67589931,41.1865387,2954,0.643539667,0.000113062000,20,12.8707933,9.63044113e-06
38,2492,2555,66060305,67589931,41.1865387,2954,0.643539667,0.000113062000,21,13.5143328,8.45923387e-06
38,2492,2555,66060305,67589931,41.1865387,2954,0.643539667,0.000113062000,22,14.1578732,4.17745878e-06
38,2492,2555,66060305,67589931,41.1865387,2954,0.643539667,0.000113062000,23,14.8014126,5.31442083e-06
38,2492,2555,66060305,67589931,41.1865387,2954,0.643539667,0.000113062000,24,15.4449520,6.90016065e-07
38,2492,2555,66060305,67589931,41.1865387,2954,0.643539667,0.000113062000,25,16.0884914,4.25175631e-06
38,2492,2555,66060305,67589931,41.1865387,2954,0.643539667,0.000113062000,26,16.7320309,6.76715217e-06
38,2492,2555,66060305,67589931,41.1865387,2954,0.643539667,0.000113062000,27,17.3755703,8.23160826e-06
38,2492,2555,66060305,67589931,41.1865387,2954,0.643539667,0.000113062000,28,18.0191116,1.76987055e-06
38,2492,2555,66060305,67589931,41.1865387,2954,0.643539667,0.000113062000,29,18.6626511,6.11529413e-06
38,2492,2555,66060305,67589931,41.1865387,2954,0.643539667,0.000113062000,30,19.3061905,7.42412612e-06
38,2492,2555,66060305,67589931,41.1865387,2954,0.643539667,0.000113062000,31,19.9497299,1.91311892e-06
38,2492,2555,66060305,67589931,41.1865387,2954,0.643539667,0.000113062000,32,20.5932693,6.77658306e-07
39,2556,2619,67614233,69143795,41.1882629,2955,0.643566608,0.000146860000,0,0.00000000,4.02854379e-05
39,2556,2619,67614233,69143795,41.1882629,2955,0.643566608,0.000146860000,1,0.643566608,0.000146860000
39,2556,2619,67614233,69143795,41.1882629,2955,0.643566608,0.000146860000,2,1.28713322,0.000126599000
39,2556,2619,67614233,69143795,41.1882629,2955,0.643566608,0.000146860000,3,1.93069983,5.72163618e-05
39,2556,2619,67614233,69143795,41.1882629,2955,0.643566608,0.000146860000,4,2.57426643,7.52965123e-05
39,2556,2619,67614233,69143795,41.1882629,2955,0.643566608,0.000146860000,5,3.21783304,7.25755516e-05
39,2556,2619,67614233,69143795,41.1882629,2955,0.643566608,0.000146860000,6,3.86139965,3.17877998e-05
39,2556,2619,67614233,69143795,41.1882629,2955,0.643566608,0.000146860000,7,4.50496626,1.81166322e-05
39,2556,2619,67614233,69143795,41.1882629,2955,0.643566608,0.000146860000,8,5.14853287,3.00306874e-06
39,2556,2619,67614233,69143795,41.1882629,2955,0.643566608,0.000146860000,9,5.79209948,4.72794045e-06
39,2556,2619,67614233,69143795,41.1882629,2955,0.643566608,0.000146860000,10,6.43566608,5.13012310e-06
39,2556,2619,67614233,69143795,41.1882629,2955,0.643566608,0.000146860000,11,7.07923269,3.74965884e-06
39,2556,2619,67614233,69143795,41.1882629,2955,0.643566608,0.000146860000,12,7.72279930,1.41396993e-05
39,2556,2619,67614233,69143795,41.1882629,2955,0.643566608,0.000146860000,13,8.36636543,1.31728946e-05
39,2556,2619,67614233,69143795,41.1882629,2955,0.643566608,0.000146860000,14,9.00993252,7.55568226e-06
39,2556,2619,67614233,69143795,41.1882629,2955,0.643566608,0.000146860000,15,9.65349960,3.40324459e-06
39,2556,2619,67614233,69143795,41.1882629,2955,0.643566608,0.000146860000,16,10.2970657,1.16140052e-06
39,2556,2619,67614233,69143795,41.1882629,2955,0.643566608,0.000146860000,17,10.9406319,4.94163396e-06
39,2556,2619,67614233,69143795,41.1882629,2955,0.643566608,0.000146860000,18,11.5841990,4.03634021e-06
39,2556,2619,67614233,69143795,41.1882629,2955,0.643566608,0.000146860000,19,12.2277660,1.30791727e-06
39,2556,2619,67614233,69143795,41.1882629,2955,0.643566608,0.000146860000,20,12.8713322,5.19078412e-06
39,2556,2619,67614233,69143795,41.1882629,2955,0.643566608,0.000146860000,21,13.5148983,2.46646277e-06
39,2556,2619,67614233,69143795,41.1882629,2955,0.643566608,0.000146860000,22,14.1584654,5.94069616e-06
39,2556,2619,67614233,69143795,41.1882629,2955,0.643566608,0.000146860000,23,14.8020325,4.56955013e-06
39,2556,2619,67614233,69143795,41.1882629,2955,0.643566608,0.000146860000,24,15.4455986,1.11248403e-06
39,2556,2619,67614233,69143795,41.1882629,2955,0.643566608,0.000146860000,25,16.0891647,4.04128787e-06
39,2556,2619,67614233,69143795,41.1882629,2955,0.643566608,0.000146860000,26,16.7327309,2.84917746e-06
39,2556,2619,67614233,69143795,41.1882629,2955,0.643566608,0.000146860000,27,17.3762989,9.78394200e-06
39,2556,2619,67614233,69143795,41.1882629,2955,0.643566608,0.000146860000,28,18.0198650,9.18712976e-06
39,2556,2619,67614233,69143795,41.1882629,2955,0.643566608,0.000146860000,29,18.6634312,6.44457305e-06
39,2556,2619,67614233,69143795,41.1882629,2955,0.643566608,0.000146860000,30,19.3069992,4.74544004e-06
39,2556,2619,67614233,69143795,41.1882629,2955,0.643566608,0.000146860000,31,19.9505653,1.66884865e-06
39,2556,2619,67614233,69143795,41.1882629,2955,0.643566608,0.000146860000,32,20.5941315,2.01774028e-07
40,2620,2683,69168092,70697199,41.2005196,2912,3.21879053,0.00249707500,0,0.00000000,0.000276217000
40,2620,2683,69168092,70697199,41.2005196,2912,3.21879053,0.00249707500,1,0.643758118,0.00138890500
40,2620,2683,69168092,70697199,41.2005196,2912,3.21879053,0.00249707500,2,1.28751624,0.000902291000
40,2620,2683,69168092,70697199,41.2005196,2912,3.21879053,0.00249707500,3,1.93127441,0.00105803800
40,2620,2683,69168092,70697199,41.2005196,2912,3.21879053,0.00249707500,4,2.57503247,0.00235554100
40,2620,2683,69168092,70697199,41.2005196,2912,3.21879053,0.00249707500,5,3.21879053,0.00249707500
40,2620,2683,69168092,70697199,41.2005196,2912,3.21879053,0.00249707500,6,3.86254883,0.00158080000
40,2620,2683,69168092,70697199,41.2005196,2912,3.21879053,0.00249707500,7,4.50630665,0.000546796000
40,2620,2683,69168092,70697199,41.2005196,2912,3.21879053,0.00249707500,8,5.15006495,0.000165734000
40,2620,2683,69168092,70697199,41.2005196,2912,3.21879053,0.00249707500,9,5.79382324,0.000438277000
40,2620,2683,69168092,70697199,41.2005196,2912,3.21879053,0.00249707500,10,6.43758106,0.000662342000
40,2620,2683,69168092,70697199,41.2005196,2912,3.21879053,0.00249707500,11,7.08133936,0.000526551000
40,2620,2683,69168092,70697199,41.2005196,2912,3.21879053,0.00249707500,12,7.72509766,0.000323228000
40,2620,2683,69168092,70697199,41.2005196,2912,3.21879053,0.00249707500,13,8.36885548,0.000302366000
40,2620,2683,69168092,70697199,41.2005196,2912,3.21879053,0.00249707500,14,9.01261330,0.000272419000
40,2620,2683,69168092,70697199,41.2005196,2912,3.21879053,0.00249707500,15,9.65637207,0.000216774000
40,2620,2683,69168092,70697199,41.2005196,2912,3.21879053,0.00249707500,16,10.3001299,5.33645099e-05
40,2620,2683,69168092,70697199,41.2005196,2912,3.21879053,0.00249707500,17,10.9438877,6.92898383e-05
40,2620,2683,69168092,70697199,41.2005196,2912,3.21879053,0.00249707500,18,11.5876465,0.000129243000
40,2620,2683,69168092,70697199,41.2005196,2912,3.21879053,0.00249707500,19,12.2314043,0.000451069000
40,2620,2683,69168092,70697199,41.2005196,2912,3.21879053,0.00249707500,20,12.8751621,0.000614364000
40,2620,2683,69168092,70697199,41.2005196,2912,3.21879053,0.00249707500,21,13.5189209,0.000510905000
40,2620,2683,69168092,70697199,41.2005196,2912,3.21879053,0.00249707500,22,14.1626787,0.000307621000
40,2620,2683,69168092,70697199,41.2005196,2912,3.21879053,0.00249707500,23,14.8064365,0.000153349000
40,2620,2683,69168092,70697199,41.2005196,2912,3.21879053,0.00249707500,24,15.4501953,4.63302015e-05
40,2620,2683,69168092,70697199,41.2005196,2912,3.21879053,0.00249707500,25,16.0939522,0.000100119000
40,2620,2683,69168092,70697199,41.2005196,2912,3.21879053,0.00249707500,26,16.7377110,0.000215037000
40,2620,2683,69168092,70697199,41.2005196,2912,3.21879053,0.00249707500,27,17.3814697,0.000260505000
40,2620,2683,69168092,70697199,41.2005196,2912,3.21879053,0.00249707500,28,18.0252266,0.000141138000
40,2620,2683,69168092,70697199,41.2005196,2912,3.21879053,0.00249707500,29,18.6689854,0.000161099000
40,2620,2683,69168092,70697199,41.2005196,2912,3.21879053,0.00249707500,30,19.3127441,0.000247015000
40,2620,2683,69168092,70697199,41.2005196,2912,3.21879053,0.00249707500,31,19.9565010,0.000162531000
40,2620,2683,69168092,70697199,41.2005196,2912,3.21879053,0.00249707500,32,20.6002598,8.63860350e-06
41,2684,2747,70721487,72251045,41.1883698,2928,2.57427311,0.00135532900,0,0.00000000,0.000206557000
41,2684,2747,70721487,72251045,41.1883698,2928,2.57427311,0.00135532900,1,0.643568277,0.00129226100
41,2684,2747,70721487,72251045,41.1883698,2928,2.57427311,0.00135532900,2,1.28713655,0.00130892900
41,2684,2747,70721487,72251045,41.1883698,2928,2.57427311,0.00135532900,3,1.93070483,0.000892975000
41,2684,2747,70721487,72251045,41.1883698,2928,2.57427311,0.00135532900,4,2.57427311,0.00135532900
41,2684,2747,70721487,72251045,41.1883698,2928,2.57427311,0.00135532900,5,3.21784139,0.000448358000
41,2684,2747,70721487,72251045,41.1883698,2928,2.57427311,0.00135532900,6,3.86140966,0.000475317000
41,2684,2747,70721487,72251045,41.1883698,2928,2.57427311,0.00135532900,7,4.50497818,0.000254628000
41,2684,2747,70721487,72251045,41.1883698,2928,2.57427311,0.00135532900,8,5.14854622,0.000161578000
41,2684,2747,70721487,72251045,41.1883698,2928,2.57427311,0.00135532900,9,5.79211426,0.000191968000
41,2684,2747,70721487,72251045,41.1883698,2928,2.57427311,0.00135532900,10,6.43568277,0.000233350000
41,2684,2747,70721487,72251045,41.1883698,2928,2.57427311,0.00135532900,11,7.07925129,0.000404421000
41,2684,2747,70721487,72251045,41.1883698,2928,2.57427311,0.00135532900,12,7.72281933,0.000285446000
41,2684,2747,70721487,72251045,41.1883698,2928,2.57427311,0.00135532900,13,8.36638737,0.000228934000
41,2684,2747,70721487,72251045,41.1883698,2928,2.57427311,0.00135532900,14,9.00995636,0.000166565000
41,2684,2747,70721487,72251045,41.1883698,2928,2.57427311,0.00135532900,15,9.65352440,0.000150102000
41,2684,2747,70721487,72251045,41.1883698,2928,2.57427311,0.00135532900,16,10.2970924,6.59975985e-05
41,2684,2747,70721487,72251045,41.1883698,2928,2.57427311,0.00135532900,17,10.9406605,8.64217642e-05
41,2684,2747,70721487,72251045,41.1883698,2928,2.57427311,0.00135532900,18,11.5842285,0.000175883000
41,2684,2747,70721487,72251045,41.1883698,2928,2.57427311,0.00135532900,19,12.2277975,0.000188974000
41,2684,2747,70721487,72251045,41.1883698,2928,2.57427311,0.00135532900,20,12.8713655,0.000101335000
41,2684,2747,70721487,72251045,41.1883698,2928,2.57427311,0.00135532900,21,13.5149336,0.000141158000
41,2684,2747,70721487,72251045,41.1883698,2928,2.57427311,0.00135532900,22,14.1585026,0.000130322000
41,2684,2747,70721487,72251045,41.1883698,2928,2.57427311,0.00135532900,23,14.8020706,8.79168498e-05
41,2684,2747,70721487,72251045,41.1883698,2928,2.57427311,0.00135532900,24,15.4456387,4.23203267e-05
41,2684,2747,70721487,72251045,41.1883698,2928,2.57427311,0.00135532900,25,16.0892067,4.18887388e-05
41,2684,2747,70721487,72251045,41.1883698,2928,2.57427311,0.00135532900,26,16.7327747,0.000145547000
41,2684,2747,70721487,72251045,41.1883698,2928,2.57427311,0.00135532900,27,17.3763428,9.95842624e-05
41,2684,2747,70721487,72251045,41.1883698,2928,2.57427311,0.00135532900,28,18.0199127,0.000129762000
41,2684,2747,70721487,72251045,41.1883698,2928,2.57427311,0.00135532900,29,18.6634808,8.23795114e-05
41,2684,2747,70721487,72251045,41.1883698,2928,2.57427311,0.00135532900,30,19.3070488,0.000125942000
41,2684,2747,70721487,72251045,41.1883698,2928,2.57427311,0.00135532900,31,19.9506168,5.68365459e-05
41,2684,2747,70721487,72251045,41.1883698,2928,2.57427311,0.00135532900,32,20.5941849,1.64996270e-05
42,2748,2811,72275342,73804920,41.1878319,2929,1.93067956,0.00189397000,0,0.00000000,0.000287321000
42,2748,2811,72275342,73804920,41.1878319,2929,1.93067956,0.00189397000,1,0.643559873,0.00096460500
42,2748,2811,72275342,73804920,41.1878319,2929,1.93067956,0.00189397000,2,1.28711975,0.00125031800
42,2748,2811,72275342,73804920,41.1878319,2929,1.93067956,0.00189397000,3,1.93067956,0.00189397000
42,2748,2811,72275342,73804920,41.1878319,2929,1.93067956,0.00189397000,4,2.57423949,0.00161259400
42,2748,2811,72275342,73804920,41.1878319,2929,1.93067956,0.00189397000,5,3.21779943,0.000578500000
42,2748,2811,72275342,73804920,41.1878319,2929,1.93067956,0.00189397000,6,3.86135912,0.000301702000
42,2748,2811,72275342,73804920,41.1878319,2929,1.93067956,0.00189397000,7,4.50491905,0.000239218000
42,2748,2811,72275342,73804920,41.1878319,2929,1.93067956,0.00189397000,8,5.14847898,0.000151469000
42,2748,2811,72275342,73804920,41.1878319,2929,1.93067956,0.00189397000,9,5.79203892,4.16629549e-05
42,2748,2811,72275342,73804920,41.1878319,2929,1.93067956,0.00189397000,10,6.43559885,0.000180729000
42,2748,2811,72275342,73804920,41.1878319,2929,1.93067956,0.00189397000,11,7.07915878,0.000523257000
42,2748,2811,72275342,73804920,41.1878319,2929,1.93067956,0.00189397000,12,7.72271824,0.000454196000
42,2748,2811,72275342,73804920,41.1878319,2929,1.93067956,0.00189397000,13,8.36627865,0.000246766000
42,2748,2811,72275342,73804920,41.1878319,2929,1.93067956,0.00189397000,14,9.00983810,0.000166431000
42,2748,2811,72275342,73804920,41.1878319,2929,1.93067956,0.00189397000,15,9.65339851,0.000170890000
42,2748,2811,72275342,73804920,41.1878319,2929,1.93067956,0.00189397000,16,10.2969580,5.73794742e-05
42,2748,2811,72275342,73804920,41.1878319,2929,1.93067956,0.00189397000,17,10.9405174,8.02805286e-05
42,2748,2811,72275342,73804920,41.1878319,2929,1.93067956,0.00189397000,18,11.5840778,0.000237996000
42,2748,2811,72275342,73804920,41.1878319,2929,1.93067956,0.00189397000,19,12.2276373,0.000328612000
42,2748,2811,72275342,73804920,41.1878319,2929,1.93067956,0.00189397000,20,12.8711977,0.000163701000
42,2748,2811,72275342,73804920,41.1878319,2929,1.93067956,0.00189397000,21,13.5147572,0.000120968000
42,2748,2811,72275342,73804920,41.1878319,2929,1.93067956,0.00189397000,22,14.1583176,0.000141234000
42,2748,2811,72275342,73804920,41.1878319,2929,1.93067956,0.00189397000,23,14.8018770,9.69308880e-05
42,2748,2811,72275342,73804920,41.1878319,2929,1.93067956,0.00189397000,24,15.4454365,4.98416986e-05
42,2748,2811,72275342,73804920,41.1878319,2929,1.93067956,0.00189397000,25,16.0889969,3.17015724e-05
42,2748,2811,72275342,73804920,41.1878319,2929,1.93067956,0.00189397000,26,16.7325573,0.000169325000
42,2748,2811,72275342,73804920,41.1878319,2929,1.93067956,0.00189397000,27,17.3761158,0.000175398000
42,2748,2811,72275342,73804920,41.1878319,2929,1.93067956,0.00189397000,28,18.0196762,2.98146129e-05
42,2748,2811,72275342,73804920,41.1878319,2929,1.93067956,0.00189397000,29,18.6632366,8.05849620e-05
42,2748,2811,72275342,73804920,41.1878319,2929,1.93067956,0.00189397000,30,19.3067970,0.000195586000
42,2748,2811,72275342,73804920,41.1878319,2929,1.93067956,0.00189397000,31,19.9503555,0.000113648000
42,2748,2811,72275342,73804920,41.1878319,2929,1.93067956,0.00189397000,32,20.5939159,7.89231672e-06
43,2812,2875,73829211,75358255,41.2022171,2904,1.93135393,0.00129286100,0,0.00000000,0.000244980000
43,2812,2875,73829211,75358255,41.2022171,2904,1.93135393,0.00129286100,1,0.643784642,0.00100875200
43,2812,2875,73829211,75358255,41.2022171,2904,1.93135393,0.00129286100,2,1.28756928,0.00115813800
43,2812,2875,73829211,75358255,41.2022171,2904,1.93135393,0.00129286100,3,1.93135393,0.00129286100
43,2812,2875,73829211,75358255,41.2022171,2904,1.93135393,0.00129286100,4,2.57513857,0.00113305800
43,2812,2875,73829211,75358255,41.2022171,2904,1.93135393,0.00129286100,5,3.21892309,0.000526047000
43,2812,2875,73829211,75358255,41.2022171,2904,1.93135393,0.00129286100,6,3.86270785,0.000471648000
43,2812,2875,73829211,75358255,41.2022171,2904,1.93135393,0.00129286100,7,4.50649261,0.000220732000
43,2812,2875,73829211,75358255,41.2022171,2904,1.93135393,0.00129286100,8,5.15027714,7.38846782e-05
43,2812,2875,73829211,75358255,41.2022171,2904,1.93135393,0.00129286100,9,5.79406166,0.000168205000
43,2812,2875,73829211,75358255,41.2022171,2904,1.93135393,0.00129286100,10,6.43784618,0.000308510000
43,2812,2875,73829211,75358255,41.2022171,2904,1.93135393,0.00129286100,11,7.08163118,0.000406704000
43,2812,2875,73829211,75358255,41.2022171,2904,1.93135393,0.00129286100,12,7.72541571,0.000274734000
43,2812,2875,73829211,75358255,41.2022171,2904,1.93135393,0.00129286100,13,8.36920071,0.000304445000
43,2812,2875,73829211,75358255,41.2022171,2904,1.93135393,0.00129286100,14,9.01298523,0.000224652000
43,2812,2875,73829211,75358255,41.2022171,2904,1.93135393,0.00129286100,15,9.65676975,0.000178543000
43,2812,2875,73829211,75358255,41.2022171,2904,1.93135393,0.00129286100,16,10.3005543,6.86899138e-05
43,2812,2875,73829211,75358255,41.2022171,2904,1.93135393,0.00129286100,17,10.9443388,0.000117713000
43,2812,2875,73829211,75358255,41.2022171,2904,1.93135393,0.00129286100,18,11.5881233,0.000236808000
43,2812,2875,73829211,75358255,41.2022171,2904,1.93135393,0.00129286100,19,12.2319078,0.000178482000
43,2812,2875,73829211,75358255,41.2022171,2904,1.93135393,0.00129286100,20,12.8756924,0.000195401000
43,2812,2875,73829211,75358255,41.2022171,2904,1.93135393,0.00129286100,21,13.5194778,0.000199087000
43,2812,2875,73829211,75358255,41.2022171,2904,1.93135393,0.00129286100,22,14.1632624,0.000202478000
43,2812,2875,73829211,75358255,41.2022171,2904,1.93135393,0.00129286100,23,14.8070469,7.25003545e-05
43,2812,2875,73829211,75358255,41.2022171,2904,1.93135393,0.00129286100,24,15.4508314,1.31127697e-05
43,2812,2875,73829211,75358255,41.2022171,2904,1.93135393,0.00129286100,25,16.0946159,7.81492406e-05
43,2812,2875,73829211,75358255,41.2022171,2904,1.93135393,0.00129286100,26,16.7384014,0.000105966000
43,2812,2875,73829211,75358255,41.2022171,2904,1.93135393,0.00129286100,27,17.3821850,0.000141580000
43,2812,2875,73829211,75358255,41.2022171,2904,1.93135393,0.00129286100,28,18.0259705,0.000185535000
43,2812,2875,73829211,75358255,41.2022171,2904,1.93135393,0.00129286100,29,18.6697540,0.000174164000
43,2812,2875,73829211,75358255,41.2022171,2904,1.93135393,0.00129286100,30,19.3135395,8.52358268e-05
43,2812,2875,73829211,75358255,41.2022171,2904,1.93135393,0.00129286100,31,19.9573231,5.98413490e-05
43,2812,2875,73829211,75358255,41.2022171,2904,1.93135393,0.00129286100,32,20.6011086,1.65859872e-05
44,2876,2939,75382528,76912104,41.1878853,2920,1.28712142,0.000808953000,0,0.00000000,0.000231983000
44,2876,2939,75382528,76912104,41.1878853,2920,1.28712142,0.000808953000,1,0.643560708,0.000733035000
44,2876,2939,75382528,76912104,41.1878853,2920,1.28712142,0.000808953000,2,1.28712142,0.000808953000
44,2876,2939,75382528,76912104,41.1878853,2920,1.28712142,0.000808953000,3,1.93068218,0.000681534000
44,2876,2939,75382528,76912104,41.1878853,2920,1.28712142,0.000808953000,4,2.57424283,0.000650087000
44,2876,2939,75382528,76912104,41.1878853,2920,1.28712142,0.000808953000,5,3.21780348,0.000487179000
44,2876,2939,75382528,76912104,41.1878853,2920,1.28712142,0.000808953000,6,3.86136436,0.000307340000
44,2876,2939,75382528,76912104,41.1878853,2920,1.28712142,0.000808953000,7,4.50492477,0.000136160000
44,2876,2939,75382528,76912104,41.1878853,2920,1.28712142,0.000808953000,8,5.14848566,1.81593566e-05
44,2876,2939,75382528,76912104,41.1878853,2920,1.28712142,0.000808953000,9,5.79204655,9.20430307e-05
44,2876,2939,75382528,76912104,41.1878853,2920,1.28712142,0.000808953000,10,6.43560696,0.000164858000
44,2876,2939,75382528,76912104,41.1878853,2920,1.28712142,0.000808953000,11,7.07916784,0.000205413000
44,2876,2939,75382528,76912104,41.1878853,2920,1.28712142,0.000808953000,12,7.72272873,0.000193050000
44,2876,2939,75382528,76912104,41.1878853,2920,1.28712142,0.000808953000,13,8.36628914,0.000162307000
44,2876,2939,75382528,76912104,41.1878853,2920,1.28712142,0.000808953000,14,9.00984955,0.000112694000
44,2876,2939,75382528,76912104,41.1878853,2920,1.28712142,0.000808953000,15,9.65341091,4.92669271e-05
44,2876,2939,75382528,76912104,41.1878853,2920,1.28712142,0.000808953000,16,10.2969713,1.19076402e-05
44,2876,2939,75382528,76912104,41.1878853,2920,1.28712142,0.000808953000,17,10.9405317,5.75730038e-05
44,2876,2939,75382528,76912104,41.1878853,2920,1.28712142,0.000808953000,18,11.5840931,8.65360986e-05
44,2876,2939,75382528,76912104,41.1878853,2920,1.28712142,0.000808953000,19,12.2276535,0.000118897000
44,2876,2939,75382528,76912104,41.1878853,2920,1.28712142,0.000808953000,20,12.8712139,0.000127109000
44,2876,2939,75382528,76912104,41.1878853,2920,1.28712142,0.000808953000,21,13.5147753,0.000121772000
44,2876,2939,75382528,76912104,41.1878853,2920,1.28712142,0.000808953000,22,14.1583357,0.000100945000
44,2876,2939,75382528,76912104,41.1878853,2920,1.28712142,0.000808953000,23,14.8018961,4.60091462e-05
44,2876,2939,75382528,76912104,41.1878853,2920,1.28712142,0.000808953000,24,15.4454575,1.75250241e-05
44,2876,2939,75382528,76912104,41.1878853,2920,1.28712142,0.000808953000,25,16.0890179,6.32403744e-05
44,2876,2939,75382528,76912104,41.1878853,2920,1.28712142,0.000808953000,26,16.7325783,7.38803854e-05
44,2876,2939,75382528,76912104,41.1878853,2920,1.28712142,0.000808953000,27,17.3761387,8.81531947e-05
44,2876,2939,75382528,76912104,41.1878853,2920,1.28712142,0.000808953000,28,18.0196991,0.000123376000
44,2876,2939,75382528,76912104,41.1878853,2920,1.28712142,0.000808953000,29,18.6632614,0.000138084000
44,2876,2939,75382528,76912104,41.1878853,2920,1.28712142,0.000808953000,30,19.3068218,7.47867951e-05
44,2876,2939,75382528,76912104,41.1878853,2920,1.28712142,0.000808953000,31,19.9503822,3.93212534e-05
44,2876,2939,75382528,76912104,41.1878853,2920,1.28712142,0.000808953000,32,20.5939426,3.52012603e-06
