index,storage_timestamp_us,sensor_timestamp_us,ax,ay,az,gx,gy,gz,mx,my,mz
0,5576624,5563547,17,-157,8386,0,0,0,39,38,-353
1,5588618,5588088,18,-196,10489,0,0,0,48,47,-441
2,5612618,5612422,19,-236,12593,0,1,0,57,56,-529
3,5638617,5636693,22,-275,14699,0,1,0,67,64,-616
4,5662617,5660956,24,-314,16805,0,1,0,77,75,-705
5,5686617,5685213,23,-312,16822,0,1,-1,76,76,-704
6,5710617,5709475,21,-313,16837,0,1,-1,76,75,-702
7,5734617,5733737,18,-313,16845,1,2,-1,76,74,-702
8,5758617,5757999,17,-313,16850,1,1,-1,75,74,-702
9,5782617,5782260,18,-312,16857,1,1,-1,76,74,-701
10,5806617,5806519,19,-310,16864,1,1,-2,76,75,-701
11,5832617,5830786,19,-311,16867,1,1,-2,75,76,-702
12,5856617,5855081,17,-312,16871,1,1,-2,76,75,-700
13,5880617,5879360,16,-313,16874,2,1,-2,77,75,-701
14,5904617,5903621,16,-314,16875,2,1,-2,76,75,-702
15,5928617,5927883,17,-314,16876,1,1,-2,77,76,-702
16,5952617,5952144,18,-313,16877,2,1,-2,77,77,-702
17,5976617,5976404,19,-316,16878,2,0,-2,78,77,-701
18,6002617,6000672,19,-318,16878,2,0,-2,79,78,-702
19,6026617,6024934,21,-319,16880,2,0,-2,79,78,-702
20,6050617,6049192,23,-320,16879,2,0,-2,78,77,-702
21,6074617,6073451,22,-320,16879,2,0,-1,79,76,-701
22,6098617,6097709,21,-321,16879,2,0,-1,79,77,-700
23,6122617,6121969,21,-322,16880,2,0,-1,79,76,-700
24,6146617,6146233,21,-324,16883,2,0,-1,79,76,-701
25,6170617,6170495,21,-321,16887,1,0,-1,78,76,-702
26,6196617,6194759,22,-320,16888,2,0,0,78,73,-701
27,6220617,6219021,22,-318,16888,2,0,-1,78,73,-702
28,6244617,6243280,22,-317,16889,2,1,-1,78,73,-702
29,6268617,6267544,22,-318,16889,2,1,-2,76,75,-701
30,6292617,6291807,22,-318,16892,1,1,-2,76,74,-701
31,6316617,6316069,23,-317,16894,1,1,-2,76,74,-700
32,6341230,6340467,22,-315,16894,2,1,-2,77,74,-700
33,6365230,6364788,22,-315,16893,2,1,-2,77,74,-699
34,6389230,6389055,20,-314,16896,1,1,-2,76,75,-699
35,6415231,6413324,20,-313,16899,1,1,-2,78,75,-698
36,6439230,6437588,21,-314,16901,1,1,-1,78,75,-698
37,6463230,6461847,22,-314,16904,1,0,-1,79,74,-699
38,6487230,6486103,24,-316,16906,1,0,-1,79,75,-700
39,6511230,6510365,21,-319,16906,1,0,-1,80,74,-700
40,6535230,6534622,19,-321,16904,0,-1,-1,79,73,-701
41,6559230,6558882,16,-325,16900,1,-1,-2,79,72,-700
42,6583230,6583145,14,-327,16897,1,-1,-2,79,71,-700
43,6609230,6607410,12,-329,16895,1,-1,-2,78,72,-701
44,6633230,6631672,11,-329,16894,1,-1,-2,77,73,-702
45,6657230,6655932,10,-328,16892,1,-1,-2,77,74,-701
46,6681230,6680194,10,-328,16890,1,0,-2,77,73,-702
47,6705230,6704453,13,-327,16889,1,0,-2,76,74,-701
48,6729230,6728715,15,-324,16886,1,0,-1,75,76,-699
49,6753230,6752975,18,-321,16887,1,0,-1,76,76,-700
50,6779231,6777240,19,-320,16887,1,0,-1,76,75,-699
51,6803230,6801498,20,-320,16889,1,0,-1,76,73,-699
52,6827230,6825756,23,-320,16891,1,0,-1,76,73,-699
53,6851230,6850013,27,-320,16893,1,0,-1,75,73,-700
54,6875230,6874270,27,-317,16896,1,0,-1,75,73,-700
55,6899230,6898534,25,-315,16900,1,0,-2,75,73,-700
56,6923230,6922793,23,-315,16905,1,0,-2,77,73,-703
57,6947230,6947051,21,-315,16906,1,0,-2,77,73,-702
58,6973231,6971322,22,-317,16908,0,0,-1,76,74,-702
59,6997230,6995581,23,-318,16909,0,0,-1,76,76,-702
60,7021231,7019908,22,-316,16909,0,1,-1,78,76,-703
61,7045230,7044217,17,-314,16909,0,1,-1,78,77,-703
62,7069230,7068487,17,-314,16908,1,1,0,78,78,-703
63,7093230,7092753,19,-312,16907,1,1,0,77,76,-702
64,7118602,7117168,22,-311,16906,1,1,0,76,76,-702
65,7142601,7141484,22,-312,16906,1,1,0,77,77,-701
66,7166601,7165759,22,-311,16905,1,1,-1,78,77,-702
67,7190601,7190021,22,-309,16903,1,1,-1,77,77,-700
68,7214601,7214286,21,-312,16901,1,1,-1,76,75,-699
69,7238601,7238548,23,-311,16900,1,0,-1,75,74,-698
70,7264601,7262814,23,-312,16900,1,0,-1,75,73,-698
71,7288601,7287073,22,-313,16901,1,0,-1,77,75,-699
72,7312601,7311338,21,-315,16901,1,0,-1,75,74,-698
73,7336601,7335602,21,-314,16901,1,0,-2,75,74,-699
74,7360601,7359867,21,-314,16899,1,0,-1,74,75,-698
75,7384601,7384129,19,-313,16902,1,0,-1,74,75,-699
76,7408601,7408393,20,-310,16905,2,0,-1,75,77,-700
77,7434602,7432664,19,-312,16906,1,1,-1,75,77,-702
78,7458601,7456926,19,-312,16907,2,1,-1,76,77,-703
79,7482601,7481191,17,-313,16908,2,0,-1,76,77,-702
80,7506601,7505503,16,-312,16910,2,0,-1,76,77,-702
81,7530601,7529770,18,-313,16913,2,1,-1,77,75,-701
82,7554601,7554033,21,-311,16914,2,1,-1,77,76,-701
83,7578601,7578297,23,-311,16913,2,1,-1,78,75,-701
84,7602601,7602563,21,-313,16910,2,1,-1,77,74,-701
85,7628601,7626830,20,-313,16911,2,1,-2,75,74,-701
86,7652601,7651096,18,-313,16910,2,1,-2,74,75,-700
87,7676601,7675361,20,-313,16909,2,1,-2,75,75,-700
88,7700601,7699627,21,-312,16906,2,1,-2,75,75,-700
89,7724601,7723891,19,-311,16905,2,1,-2,74,76,-701
90,7748601,7748168,18,-312,16905,2,1,-2,75,75,-702
91,7772601,7772433,17,-312,16906,2,1,-2,75,75,-702
92,7798602,7796703,18,-312,16906,2,0,-2,77,73,-701
93,7822601,7820967,20,-312,16905,1,0,-1,78,75,-701
94,7846601,7845230,22,-311,16904,1,0,-1,78,73,-700
95,7870601,7869496,22,-312,16904,1,0,-1,77,73,-701
96,7895571,7893849,23,-314,16905,1,0,-1,77,73,-701
97,7919571,7918521,24,-314,16906,1,0,-1,77,74,-701
98,7943571,7942794,21,-315,16905,1,0,-1,77,75,-700
99,7967571,7967060,19,-317,16905,1,0,-1,76,75,-700
100,7991572,7991491,17,-321,16906,1,0,-1,75,76,-699
101,8017571,8015784,15,-323,16905,1,0,-1,76,75,-700
102,8041571,8040051,13,-325,16907,1,0,-1,75,75,-700
103,8065571,8064314,12,-326,16910,1,0,-2,75,75,-701
104,8089571,8088573,11,-327,16912,1,0,-1,75,77,-701
105,8113571,8112837,10,-329,16912,1,0,-1,76,75,-700
106,8137571,8137100,12,-330,16913,1,0,-1,77,73,-700
107,8161571,8161362,13,-328,16915,1,0,-2,77,72,-700
108,8187571,8185632,17,-325,16915,1,0,-2,77,72,-701
109,8211571,8209894,18,-320,16917,1,0,-2,75,73,-699
110,8235571,8234167,20,-318,16918,1,0,-2,76,72,-700
111,8259571,8258432,19,-317,16916,1,0,-1,75,72,-699
112,8283571,8282695,20,-315,16914,1,0,-2,75,71,-699
113,8307571,8306957,22,-315,16915,1,0,-2,73,72,-699
114,8331571,8331217,24,-316,16914,1,0,-2,72,71,-700
115,8355571,8355481,24,-319,16913,1,0,-2,73,71,-701
116,8381572,8379754,19,-321,16912,2,1,-2,74,72,-701
117,8405571,8404017,20,-325,16912,2,1,-2,74,71,-702
118,8429571,8428282,21,-326,16912,2,0,-2,75,73,-703
119,8453571,8452548,22,-326,16913,2,0,-2,77,74,-703
120,8477571,8476812,23,-329,16915,2,0,-2,77,76,-704
121,8501571,8501076,23,-329,16911,2,0,-2,78,74,-703
122,8525571,8525338,21,-327,16911,2,0,-1,78,75,-703
123,8551572,8549606,20,-327,16910,2,0,-1,77,74,-702
124,8574548,8573880,22,-327,16910,1,0,-1,76,75,-703
125,8598541,8598182,21,-326,16908,1,0,-1,76,76,-702
126,8622541,8622446,20,-326,16907,1,0,-1,75,73,-701
127,8648542,8646716,19,-324,16908,1,0,-1,75,73,-700
128,8671614,8671052,17,-323,16909,1,0,-1,75,72,-699
129,8695614,8695381,16,-323,16914,2,0,-1,75,72,-700
130,8721614,8719667,17,-322,16918,2,0,-1,76,73,-699
131,8745614,8743936,19,-320,16919,2,0,-1,75,73,-700
132,8769614,8768200,19,-321,16920,2,0,-1,74,72,-700
133,8793614,8792462,19,-321,16922,2,0,-1,74,72,-700
134,8817614,8816722,17,-321,16922,2,0,-1,74,73,-700
135,8841614,8840985,17,-322,16921,2,0,-1,74,72,-701
136,8865614,8865247,18,-323,16921,2,0,-1,74,72,-702
137,8889614,8889513,17,-322,16919,3,0,-1,74,72,-702
138,8915615,8913784,16,-320,16917,3,0,-1,73,72,-702
139,8939614,8938049,16,-320,16919,3,0,0,74,74,-703
140,8963614,8962313,15,-319,16919,3,0,0,74,74,-702
141,8987614,8986584,15,-319,16917,3,0,0,75,73,-703
142,9011614,9010844,15,-317,16918,3,0,0,75,73,-702
143,9035614,9035105,15,-316,16918,3,0,0,77,73,-702
144,9059614,9059369,14,-317,16916,3,0,0,77,73,-702
145,9085615,9083642,16,-317,16915,2,0,0,77,73,-702
146,9109614,9107906,17,-318,16914,2,0,-1,77,73,-703
147,9133614,9132167,15,-319,16914,2,0,-1,77,72,-702
148,9157614,9156432,14,-319,16913,2,0,-1,79,71,-702
149,9181614,9180696,15,-320,16916,2,0,-2,78,71,-702
150,9205614,9204960,17,-322,16919,2,0,-1,78,72,-701
151,9229614,9229231,19,-321,16920,2,0,-1,76,72,-701
152,9253614,9253497,23,-321,16922,1,1,-1,76,72,-700
153,9279614,9277769,22,-320,16924,1,0,-1,77,72,-700
154,9303614,9302032,24,-322,16926,1,0,-1,77,72,-700
155,9327614,9326297,25,-322,16926,1,0,-1,77,73,-701
156,9351614,9350562,24,-323,16926,1,0,-1,76,74,-702
157,9375614,9374827,22,-324,16923,0,0,0,76,74,-701
158,9399614,9399089,20,-324,16920,0,0,0,76,74,-699
159,9423614,9423352,20,-326,16922,0,0,0,75,75,-698
160,9449255,9447738,17,-326,16922,1,0,-1,77,76,-700
161,9473255,9472048,16,-325,16923,1,0,-1,76,77,-701
162,9497255,9496315,14,-324,16921,1,0,-1,77,77,-701
163,9521255,9520580,15,-323,16920,1,0,-1,77,76,-699
164,9545255,9544846,16,-320,16919,1,0,-1,76,75,-697
165,9569255,9569110,17,-317,16922,1,1,-1,74,76,-698
166,9595255,9593385,16,-316,16923,0,0,-1,74,75,-699
167,9619255,9617649,14,-315,16919,0,0,-1,74,73,-699
168,9643255,9641913,15,-316,16918,1,0,-1,74,73,-699
169,9667255,9666176,17,-318,16915,1,-1,-1,74,73,-698
170,9691255,9690455,19,-317,16914,1,-1,-1,74,73,-697
171,9715255,9714715,21,-317,16914,1,-1,-1,75,74,-698
172,9739255,9738978,23,-317,16915,1,-1,-1,74,73,-700
173,9763255,9763246,24,-317,16914,2,-1,-1,76,73,-700
174,9789255,9787517,25,-316,16912,2,-1,-1,76,72,-702
175,9813255,9811781,25,-316,16912,2,-1,-1,77,73,-701
176,9837255,9836046,25,-314,16910,2,-1,-1,76,72,-700
177,9861255,9860309,25,-313,16910,2,-1,-1,77,72,-699
178,9885255,9884572,23,-314,16912,2,0,-1,76,72,-700
179,9909255,9908833,20,-313,16914,1,0,-1,74,70,-699
180,9933255,9933101,17,-316,16915,1,0,-1,75,70,-698
181,9959256,9957375,14,-316,16915,1,0,-1,75,71,-697
182,9983255,9981640,12,-317,16914,1,0,-1,75,72,-696
183,10007255,10005903,12,-317,16913,1,0,-1,74,72,-697
184,10031255,10030165,12,-319,16915,1,0,-1,74,73,-697
185,10055255,10054427,15,-319,16917,1,0,-1,73,72,-697
186,10079255,10078692,14,-319,16916,1,0,-1,73,71,-697
187,10103255,10102954,16,-320,16916,1,-1,-1,73,72,-697
188,10128234,10127246,19,-318,16916,1,-1,-1,74,72,-698
189,10152234,10151528,21,-319,16917,1,-1,0,75,71,-698
190,10176234,10175794,24,-318,16918,1,-1,-1,75,71,-698
191,10200234,10200064,25,-317,16918,1,-1,-1,75,72,-698
192,10225389,10224447,24,-314,16919,1,-1,-1,75,72,-699
193,10249389,10248766,21,-311,16917,1,0,-2,75,74,-700
194,10273389,10273043,22,-307,16915,1,0,-2,75,75,-699
195,10297389,10297313,22,-307,16913,1,0,-2,75,75,-699
196,10323389,10321580,22,-306,16912,1,0,-2,75,75,-698
197,10347389,10346195,22,-306,16912,1,-1,-2,74,75,-698
198,10371389,10370479,22,-305,16912,1,-1,-3,75,75,-698
199,10395389,10394753,21,-305,16913,1,-1,-3,75,76,-698
200,10419389,10419128,21,-307,16912,1,-1,-2,76,75,-698
201,10445389,10443427,20,-310,16915,1,-2,-2,75,73,-698
202,10469389,10467696,18,-313,16917,1,-2,-2,76,72,-700
203,10493389,10491959,16,-312,16917,1,-2,-1,77,73,-700
204,10517389,10516221,12,-315,16915,1,-1,-1,76,72,-701
205,10541389,10540487,9,-317,16914,2,-1,-1,77,72,-701
206,10565389,10564752,6,-319,16916,2,-1,-1,77,72,-701
207,10589389,10589020,7,-321,16916,2,-1,-1,75,73,-701
208,10613389,10613285,8,-323,16915,2,0,-1,75,73,-700
209,10639390,10637561,9,-324,16915,2,0,-1,76,74,-699
210,10663389,10661834,11,-323,16915,2,0,-1,76,73,-698
211,10687389,10686097,11,-322,16917,2,0,-1,75,73,-698
212,10711389,10710365,11,-320,16918,2,0,-1,75,74,-700
213,10735389,10734628,12,-321,16919,2,0,-1,75,75,-701
214,10759389,10758895,11,-321,16919,2,-1,-1,76,73,-702
215,10783389,10783157,9,-322,16919,2,-1,-1,76,71,-702
216,10809389,10807431,5,-323,16920,2,0,-2,75,70,-703
217,10833389,10831691,4,-324,16921,2,0,-2,75,71,-704
218,10857389,10855954,2,-326,16921,2,0,-1,73,72,-704
219,10881389,10880216,5,-327,16920,1,0,-1,75,72,-704
220,10905389,10904481,6,-326,16923,1,0,-1,75,72,-704
221,10929389,10928745,8,-326,16923,1,0,-1,75,72,-703
222,10953389,10953011,-3,-341,16775,14,0,-2,75,72,-703
223,10977389,10977269,-3,-328,16808,16,0,-2,77,72,-703
224,11002536,11001675,0,-326,16803,15,-3,-2,78,73,-703
225,11026536,11025987,1,-324,16802,14,-4,-2,77,74,-703
226,11050536,11050261,1,-322,16802,14,-5,-3,78,75,-703
227,11074538,11074532,-1,-323,16804,13,-6,-3,77,76,-702
228,11100536,11098801,29,-338,16812,13,-6,-3,77,75,-702
229,11124536,11123062,28,-335,16810,16,-1,-4,76,75,-701
230,11148536,11147339,38,-310,16969,4,-1,-2,76,76,-701
231,11172536,11171604,37,-321,16938,0,-5,-2,74,76,-700
232,11196536,11195869,38,-321,16940,0,-4,-2,73,77,-699
233,11220536,11220131,37,-319,16941,0,-4,-2,74,76,-697
234,11244536,11244396,37,-318,16939,0,-4,-2,73,75,-697
235,11270537,11268669,83,-342,16963,-1,-4,-2,74,75,-698
236,11294536,11292937,44,-329,16944,3,3,-3,74,76,-697
237,11318536,11317200,39,-324,16964,1,-1,-2,74,75,-697
238,11342536,11341462,35,-329,16953,-1,-4,-2,75,75,-696
239,11366536,11365726,33,-329,16949,-1,-3,-2,76,77,-698
240,11390536,11389995,31,-328,16950,0,-3,-2,77,75,-699
241,11414536,11414256,32,-329,16948,0,-3,-1,76,76,-700
242,11438536,11438517,33,-330,16948,0,-3,-1,76,77,-700
243,11464536,11462779,-8,-302,17019,11,-3,-3,75,75,-702
244,11488536,11487046,2,-292,17052,10,-3,-3,74,75,-701
245,11512536,11511307,3,-292,17039,9,-4,-3,75,76,-702
246,11536536,11535569,4,-288,17041,9,-2,-3,74,74,-703
247,11560536,11559836,36,-289,17043,8,-5,-4,73,74,-702
248,11584536,11584099,38,-291,17044,7,-6,-4,72,75,-702
249,11608536,11608363,38,-293,17043,7,-7,-4,73,73,-703
250,11634536,11632639,38,-294,17043,7,-7,-5,73,73,-703
251,11658536,11656914,35,-298,16947,-4,-8,-3,74,73,-702
252,11681498,11681188,36,-306,16919,-6,-14,-3,74,73,-704
253,11705498,11705484,41,-310,16914,-7,-15,-2,74,72,-703
254,11731498,11729751,46,-315,16909,-6,-13,-2,74,75,-703
255,11755498,11754017,18,-315,16909,-3,-8,-2,73,75,-703
256,11778962,11778357,17,-314,16912,-2,-5,-2,74,74,-702
257,11802961,11802682,17,-311,16915,-1,-4,-2,73,75,-701
258,11826963,11826953,18,-307,16917,0,-3,-2,74,75,-700
259,11852961,11851225,18,-306,16917,0,-2,-2,73,76,-701
260,11876961,11875495,17,-306,16917,0,-2,-2,73,77,-698
261,11900961,11899760,16,-307,16920,0,-1,-2,73,78,-698
262,11924961,11924023,15,-306,16919,1,-1,-2,73,76,-697
263,11948961,11948290,13,-305,16918,1,0,-2,74,76,-698
264,11972961,11972554,13,-303,16918,1,0,-2,73,76,-699
265,11996961,11996815,12,-305,16916,1,0,-2,74,76,-699
266,12022961,12021091,10,-309,16913,1,1,-1,73,77,-700
267,12046961,12045357,8,-310,16913,1,1,-1,73,76,-699
268,12070961,12069619,6,-312,16913,1,1,-1,73,75,-700
269,12094961,12093877,6,-312,16911,1,0,-1,75,74,-699
270,12118961,12118141,7,-314,16911,1,0,-1,76,74,-701
271,12142961,12142411,8,-316,16910,1,0,-1,75,75,-701
272,12166961,12166674,7,-317,16910,1,0,-1,75,77,-700
273,12190961,12190936,6,-316,16910,1,0,-1,75,76,-701
274,12216961,12215200,8,-316,16910,1,0,-2,76,74,-700
275,12240961,12239462,9,-316,16908,1,-1,-2,76,75,-700
276,12264961,12263725,10,-315,16907,1,-1,-2,75,74,-702
277,12288961,12287994,10,-315,16907,1,-1,-2,74,75,-702
278,12312961,12312258,10,-312,16907,1,-1,-2,72,76,-701
279,12336961,12336520,11,-311,16906,1,-1,-2,73,74,-701
280,12360961,12360782,11,-311,16904,1,-1,-1,73,73,-702
281,12386962,12385056,16,-310,16905,2,0,-1,74,74,-701
282,12410961,12409316,17,-307,16906,2,0,-1,73,74,-701
283,12434961,12433578,17,-306,16910,2,0,-1,73,73,-702
284,12458961,12457837,16,-306,16911,2,0,-1,74,74,-701
285,12482961,12482102,15,-306,16911,2,0,-1,74,73,-700
286,12506961,12506362,13,-308,16912,2,0,-1,75,72,-700
287,12530961,12530626,12,-308,16916,1,0,-1,75,72,-701
288,12556068,12554991,13,-310,16918,1,0,-1,77,72,-701
289,12580068,12579300,10,-312,16915,1,0,-1,75,73,-700
290,12604068,12603575,37,-300,16914,5,2,-3,77,73,-700
291,12628068,12627846,30,-297,16920,5,4,-3,76,75,-699
292,12654069,12652116,32,-296,16919,3,1,-3,76,74,-699
293,12678068,12676379,32,-294,16918,2,0,-3,75,76,-700
294,12702068,12700646,32,-294,16915,2,-1,-3,76,75,-700
295,12726068,12724906,32,-295,16912,2,-2,-4,75,75,-700
296,12750068,12749171,32,-293,16911,2,-2,-3,75,74,-700
297,12774068,12773823,40,-285,16901,3,4,-3,75,73,-700
298,12800068,12798101,4,-298,16896,-2,1,-2,75,72,-700
299,12824068,12822368,9,-303,16889,-4,-4,-1,75,71,-700
300,12848068,12846702,6,-304,16888,-3,-3,-1,75,72,-701
301,12872068,12870994,6,-305,16888,-3,-2,-1,76,72,-701
302,12896068,12895262,6,-303,16892,-3,-2,-1,77,72,-701
303,12920068,12919529,-24,-297,16942,5,1,-1,76,73,-701
304,12944068,12943793,-25,-293,16964,8,4,-1,76,74,-700
305,12968068,12968055,-40,-297,16982,7,-2,-1,75,73,-700
306,12994068,12992326,-31,-298,16989,6,-4,-1,75,73,-699
307,13018068,13016588,-30,-297,16989,7,-3,-1,75,73,-699
308,13042068,13040850,-28,-298,16991,8,-2,-1,76,73,-699
309,13066068,13065114,-26,-298,16994,8,-2,-1,74,72,-698
310,13090068,13089384,-27,-311,16893,8,9,0,74,71,-699
311,13114068,13113650,-2,-317,16831,2,11,-1,75,70,-700
312,13138068,13137916,-8,-319,16813,-1,7,-1,76,70,-701
313,13164069,13162187,-1,-322,16803,-2,5,-1,76,71,-700
314,13188068,13186450,0,-323,16801,0,7,-1,77,71,-700
315,13212068,13210713,2,-322,16800,0,7,-1,75,71,-700
316,13235030,13234991,4,-323,16798,-1,8,-1,75,70,-700
317,13261030,13259282,31,-336,16802,-1,7,-1,76,71,-701
318,13285030,13283547,43,-316,16889,0,4,-2,76,73,-702
319,13309030,13307808,47,-311,16913,0,1,-2,76,74,-700
320,13332801,13332147,49,-310,16915,0,0,-2,75,75,-702
321,13356801,13356496,48,-310,16913,-1,-1,-2,76,75,-702
322,13380801,13380768,47,-309,16914,-1,-1,-1,76,76,-704
323,13406801,13405029,45,-308,16915,-1,-1,-1,77,76,-704
324,13430801,13429290,43,-305,16919,-1,-1,-1,76,75,-703
325,13454801,13453553,16,-292,16916,-1,-1,-1,76,74,-703
326,13478801,13477819,5,-299,16931,-2,-8,-1,75,74,-702
327,13502801,13502083,6,-302,16921,-3,-10,-1,75,73,-702
328,13526801,13526342,10,-304,16918,-2,-8,0,76,72,-701
329,13550801,13550605,10,-300,16923,-1,-5,0,75,73,-702
330,13576801,13574883,8,-301,16924,0,-3,0,76,73,-701
331,13600801,13599145,9,-301,16925,0,-2,-1,76,73,-702
332,13624801,13623410,9,-304,16924,0,-2,-1,76,75,-703
333,13648801,13647672,9,-304,16921,0,-1,-1,77,74,-703
334,13672801,13671937,10,-306,16919,0,-1,-1,78,73,-705
335,13696801,13696195,10,-308,16918,0,-1,-1,79,72,-705
336,13720801,13720458,11,-308,16917,0,-1,-1,78,72,-704
337,13744801,13744718,12,-310,16916,1,-1,-1,77,72,-703
338,13770801,13768990,14,-307,16916,0,0,-1,76,72,-703
339,13794801,13793251,13,-306,16912,1,0,0,76,72,-702
340,13818801,13817519,13,-304,16910,1,0,0,76,72,-702
341,13842801,13841791,12,-304,16911,1,-1,-1,74,72,-701
342,13866801,13866058,11,-305,16910,2,-1,-1,75,73,-699
343,13890801,13890322,11,-306,16910,2,-1,-1,76,74,-699
344,13914801,13914583,13,-306,16909,2,-1,-1,76,75,-700
345,13940803,13938863,14,-308,16910,2,-1,-1,77,76,-700
346,13964801,13963126,14,-310,16911,2,-1,-1,77,74,-701
347,13988801,13987390,13,-311,16913,2,-1,-1,78,74,-699
348,14012801,14011652,12,-313,16917,2,-1,-1,77,73,-700
349,14036801,14035913,12,-312,16917,1,0,-2,79,73,-700
350,14060801,14060180,14,-310,16919,1,0,-2,79,72,-702
351,14084801,14084441,15,-309,16920,1,0,-2,78,70,-701
352,14109951,14108808,14,-307,16923,1,0,-2,78,70,-700
353,14133950,14133123,14,-304,16925,1,0,-1,76,70,-700
354,14157950,14157392,14,-303,16926,1,0,-2,76,71,-699
355,14181950,14181656,17,-301,16928,1,0,-1,75,72,-701
356,14205950,14205922,18,-298,16928,1,0,-2,75,72,-700
357,14231950,14230188,19,-298,16929,1,0,-1,75,73,-699
358,14255950,14254450,20,-299,16932,1,0,-1,73,74,-698
359,14279950,14278715,19,-299,16932,2,0,-1,72,74,-699
360,14303950,14302983,20,-300,16932,2,0,-1,74,73,-698
361,14327950,14327250,19,-300,16930,2,0,-1,75,73,-699
362,14351950,14351516,21,-301,16932,2,0,-1,74,73,-699
363,14375950,14375780,20,-302,16931,2,0,-1,74,73,-699
364,14401950,14400055,19,-303,16932,2,0,-1,72,74,-700
365,14425950,14424323,21,-305,16933,1,0,-1,73,73,-701
366,14449950,14448587,22,-304,16931,1,0,-1,74,72,-702
367,14473950,14472851,23,-306,16932,1,0,-1,74,74,-703
368,14497950,14497113,22,-306,16932,1,-1,-1,73,75,-704
369,14521950,14521377,22,-306,16932,2,-1,-1,73,74,-702
370,14545950,14545643,23,-306,16929,2,-1,-1,73,75,-702
371,14569950,14569906,23,-307,16929,2,-1,-1,74,74,-701
372,14595950,14594170,35,-298,16995,3,7,0,75,75,-699
373,14619950,14618435,25,-296,16987,4,10,0,74,75,-699
374,14643950,14642700,22,-293,16992,3,9,0,74,75,-697
375,14667950,14666964,21,-292,16991,2,6,0,74,73,-697
376,14691950,14691230,20,-291,16990,1,4,0,72,74,-698
377,14715950,14715489,20,-291,16991,0,3,0,74,73,-698
378,14739950,14739751,18,-293,16994,-1,2,0,74,72,-698
379,14765950,14764018,31,-314,16981,-1,7,1,74,71,-699
380,14789177,14788292,14,-324,16908,-2,1,0,74,70,-700
381,14813177,14812590,17,-322,16920,-4,-4,-1,75,72,-700
382,14837177,14836855,18,-328,16910,-4,-5,0,75,72,-699
383,14861177,14861119,17,-328,16908,-3,-3,-1,76,73,-700
384,14886362,14885511,16,-327,16907,-3,-1,-1,78,72,-701
385,14910362,14909832,35,-337,16861,-3,3,0,77,73,-702
386,14934362,14934105,36,-329,16883,0,8,0,77,72,-703
387,14960363,14958378,16,-303,16904,0,3,-1,76,73,-702
388,14984362,14982642,22,-306,16898,-3,-1,-1,77,71,-702
389,15008362,15006903,27,-307,16888,-2,-1,-1,78,71,-701
390,15032362,15031174,29,-304,16892,-2,0,-1,77,72,-702
391,15056362,15055443,29,-305,16894,-2,0,-1,75,74,-701
392,15080362,15079706,30,-308,16895,-2,0,-1,74,76,-699
393,15104362,15103973,33,-280,16963,6,-1,-3,74,76,-698
394,15128362,15128237,30,-285,16953,3,-2,-3,73,78,-699
395,15154362,15152512,33,-286,16951,1,-6,-3,74,79,-699
396,15178362,15176773,30,-284,16954,1,-6,-3,74,78,-699
397,15202362,15201424,29,-284,16959,2,-5,-3,73,78,-698
398,15226362,15225702,29,-286,16961,2,-5,-3,73,78,-698
399,15250362,15249968,31,-285,16960,3,-5,-3,73,75,-698
400,15274362,15274313,33,-284,16959,3,-5,-3,74,75,-699
401,15300362,15298606,10,-302,16937,-4,-8,-2,74,74,-699
402,15324362,15322876,12,-302,16925,-4,-11,-1,74,72,-698
403,15348362,15347142,15,-304,16918,-2,-8,-1,73,72,-699
404,15372362,15371404,16,-301,16927,0,-5,-1,74,73,-698
405,15396362,15395666,16,-302,16926,0,-4,-1,75,72,-699
406,15420362,15419932,15,-300,16923,1,-3,-1,76,72,-700
407,15444362,15444193,15,-300,16924,1,-2,-1,76,74,-700
408,15470363,15468469,14,-297,16925,1,-2,-1,76,74,-698
409,15494362,15492732,13,-295,16925,1,-1,-1,76,76,-699
410,15518362,15517009,13,-296,16925,1,-1,-1,75,76,-699
411,15542362,15541276,14,-298,16928,1,-1,-1,75,77,-698
412,15566362,15565539,17,-300,16930,1,-1,-1,73,78,-699
413,15590362,15589803,19,-300,16932,1,-1,-2,72,79,-699
414,15614362,15614068,19,-302,16933,1,-1,-2,72,79,-699
415,15638362,15638329,17,-304,16933,1,-1,-2,73,78,-698
416,15663832,15662698,17,-306,16933,1,-1,-2,75,77,-701
417,15687832,15687009,20,-312,16932,1,-1,-2,75,79,-702
418,15711832,15711277,23,-315,16931,1,-1,-1,77,78,-701
419,15735832,15735540,22,-316,16929,1,0,-1,76,78,-700
420,15759832,15759818,20,-316,16927,1,0,-1,77,77,-701
421,15785832,15784084,19,-316,16925,2,0,0,77,76,-701
422,15809832,15808346,21,-315,16925,2,0,0,78,75,-700
423,15833832,15832612,24,-313,16924,2,0,0,77,75,-701
424,15857832,15856874,25,-313,16925,1,0,0,76,75,-700
425,15881832,15881138,24,-311,16926,1,-1,0,74,74,-700
426,15905832,15905401,24,-309,16925,1,-1,0,74,74,-701
427,15929832,15929665,26,-306,16927,1,-1,0,73,73,-702
428,15955832,15953936,28,-306,16928,1,-1,-1,73,73,-702
429,15979832,15978206,28,-307,16928,1,-1,-1,73,72,-703
430,16003832,16002472,25,-309,16927,0,-1,-1,73,74,-704
431,16027832,16026734,24,-309,16927,0,-1,-1,73,75,-703
432,16051832,16050997,22,-309,16925,1,-1,-1,73,75,-704
433,16075832,16075257,17,-308,16923,1,0,-1,74,75,-702
434,16099832,16099519,13,-309,16922,1,0,-1,74,75,-702
435,16123832,16123782,8,-307,16919,1,0,-1,76,76,-702
436,16149832,16148051,5,-304,16915,1,0,-1,76,76,-701
437,16173832,16172311,5,-301,16914,1,0,-1,77,76,-699
438,16197832,16196573,7,-302,16914,1,0,-1,78,75,-699
439,16221832,16220834,5,-302,16915,1,0,-2,77,75,-698
440,16245832,16245096,5,-301,16916,1,0,-2,77,76,-698
441,16269832,16269360,9,-302,16918,1,-1,-2,77,77,-699
442,16293832,16293623,13,-302,16918,1,-1,-2,77,76,-698
443,16319832,16317898,15,-308,16921,1,-1,-1,76,76,-699
444,16342794,16342173,18,-311,16923,1,-1,-1,76,76,-699
445,16366794,16366470,18,-314,16926,0,-1,-1,76,76,-700
446,16390794,16390733,15,-312,16927,0,-1,-2,74,76,-699
447,16416794,16415001,15,-310,16926,0,-1,-1,74,76,-700
448,16439866,16439344,13,-309,16926,0,0,-1,74,75,-700
449,16463866,16463660,13,-307,16926,0,-1,-1,75,74,-700
450,16489867,16487947,14,-305,16928,0,-1,-1,76,73,-701
451,16513866,16512217,15,-300,16927,1,0,-1,76,74,-700
452,16537866,16536479,13,-299,16927,1,0,-1,75,75,-700
453,16561866,16560744,12,-299,16926,2,0,-1,76,75,-700
454,16585866,16585007,13,-301,16926,2,0,-1,77,76,-700
455,16609866,16609265,15,-302,16925,2,0,-1,77,75,-699
456,16633866,16633529,15,-302,16924,2,0,-1,78,75,-699
457,16657866,16657790,13,-303,16924,2,0,-1,78,75,-699
458,16683868,16682063,11,-305,16920,2,0,-1,77,76,-700
459,16707866,16706333,8,-308,16919,2,0,-1,78,74,-701
460,16731866,16730599,7,-308,16918,2,0,-1,78,74,-702
461,16755866,16754861,8,-307,16918,1,0,-1,78,74,-703
462,16779866,16779123,7,-303,16917,1,1,-1,80,73,-703
463,16803866,16803385,5,-304,16917,1,0,-1,79,73,-703
464,16827866,16827647,6,-303,16917,1,0,-1,79,73,-702
465,16853866,16851916,6,-302,16917,1,0,-1,79,72,-701
466,16877866,16876178,9,-301,16920,1,0,-1,78,72,-700
467,16901866,16900443,12,-300,16920,0,1,-1,78,73,-700
468,16925866,16924707,50,-318,16881,-1,5,1,77,72,-701
469,16949866,16948971,42,-314,16903,1,9,0,76,73,-701
470,16973866,16973235,37,-311,16916,1,8,0,75,73,-700
471,16997866,16997497,37,-314,16913,-1,5,0,75,73,-700
472,17021866,17021760,38,-315,16912,-2,3,0,73,72,-701
473,17047867,17046033,40,-318,16911,-3,1,0,73,73,-701
474,17071866,17070293,39,-317,16910,-3,0,0,73,73,-702
475,17095866,17094556,12,-312,16974,0,6,0,73,73,-702
476,17119866,17118815,-30,-291,17016,2,4,-1,73,73,-700
477,17143866,17143079,-25,-291,17003,-2,-3,0,73,71,-700
478,17167866,17167343,-19,-295,16991,-2,-4,0,72,72,-701
479,17191866,17191605,-18,-292,16995,0,-3,0,72,72,-700
480,17217562,17215993,-19,-290,16996,0,-1,-1,73,73,-700
481,17241561,17240299,-21,-289,16997,0,-1,-1,74,73,-699
482,17265561,17264567,-4,-280,17051,8,2,-2,75,73,-699
483,17289561,17288833,18,-279,17003,6,-1,-3,76,72,-699
484,17313561,17313094,17,-278,17008,3,-8,-3,77,73,-698
485,17337561,17337359,18,-279,16996,3,-7,-3,77,74,-698
486,17363561,17361630,16,-279,16994,3,-6,-3,78,73,-698
487,17387561,17385897,18,-278,16994,3,-5,-3,79,73,-698
488,17411561,17410161,27,-279,16994,3,-4,-3,80,72,-699
489,17435561,17434424,20,-276,16980,5,1,-3,78,72,-699
490,17459561,17458697,1,-280,16936,-3,-1,-2,77,73,-699
491,17483561,17482966,7,-285,16917,-6,-8,-2,77,74,-699
492,17507561,17507230,14,-288,16910,-4,-6,-2,77,74,-700
493,17531561,17531494,18,-290,16913,-3,-5,-2,76,75,-700
494,17557561,17555760,20,-290,16915,-3,-5,-2,74,76,-700
495,17581561,17580022,17,-294,16914,-3,-4,-2,74,78,-701
496,17605561,17604284,11,-295,16914,-3,-4,-2,73,78,-702
497,17629561,17628931,40,-275,16921,7,2,-3,74,77,-703
498,17653561,17653217,31,-276,16922,8,5,-3,74,77,-702
499,17677561,17677484,22,-269,16939,8,3,-3,74,76,-702
500,17703561,17701886,20,-270,16940,8,1,-3,72,75,-702
501,17727561,17726167,17,-271,16937,7,-1,-3,74,74,-701
502,17751561,17750432,16,-271,16935,6,-2,-3,75,74,-702
503,17775561,17774697,18,-268,16934,6,-3,-3,75,73,-701
504,17799561,17798961,16,-266,16934,6,-3,-3,75,74,-701
505,17823561,17823228,-6,-288,16939,-5,-14,-2,76,75,-700
506,17847561,17847493,1,-291,16929,-7,-16,-2,76,74,-699
507,17873561,17871757,6,-298,16913,-4,-11,-2,76,74,-700
508,17896520,17896030,7,-298,16910,-3,-6,-2,77,75,-700
509,17920520,17920328,9,-295,16912,-1,-4,-2,76,76,-701
510,17946520,17944612,10,-296,16912,-1,-2,-2,75,76,-700
511,17970520,17968875,9,-296,16913,0,-1,-2,76,76,-700
512,17993627,17993206,11,-296,16913,1,0,-1,75,77,-701
513,18017627,18017531,13,-299,16914,1,0,-1,75,77,-701
514,18043628,18041804,14,-301,16916,1,0,-1,74,80,-701
515,18067627,18066068,16,-301,16915,1,1,-1,74,80,-698
516,18091627,18090334,14,-300,16917,1,1,-1,74,79,-699
517,18115627,18114598,12,-302,16917,1,1,-1,75,79,-700
518,18139627,18138865,10,-302,16918,1,1,-1,76,77,-702
519,18163627,18163128,8,-305,16919,1,0,-1,75,77,-702
520,18187627,18187398,8,-307,16917,1,0,-1,76,76,-702
521,18213628,18211667,5,-309,16917,1,0,-1,76,75,-703
522,18237627,18235930,4,-310,16917,2,0,-1,76,73,-704
523,18261627,18260194,0,-311,16918,2,0,-1,77,73,-705
524,18285627,18284453,1,-312,16918,2,0,-1,77,72,-705
525,18309627,18308716,3,-313,16917,2,0,-1,76,72,-705
526,18333627,18332979,3,-313,16916,2,0,-1,75,73,-703
527,18357627,18357247,3,-312,16917,2,0,-1,75,73,-704
528,18381627,18381512,2,-310,16919,2,0,-1,76,72,-702
529,18407628,18405781,5,-306,16919,2,0,-1,75,72,-702
530,18431627,18430051,7,-307,16916,2,-1,-1,76,72,-702
531,18455627,18454315,10,-307,16914,2,0,-1,74,71,-702
532,18479627,18478577,12,-307,16913,2,0,-1,74,72,-701
533,18503627,18502842,13,-305,16913,2,-1,0,75,71,-699
534,18527627,18527108,16,-304,16911,2,-1,0,75,70,-700
535,18551627,18551371,17,-302,16910,2,-1,0,75,70,-700
536,18577627,18575640,17,-303,16909,2,-1,0,74,71,-701
537,18601627,18599903,15,-305,16910,2,-1,0,75,72,-699
538,18625627,18624168,15,-304,16910,2,-1,0,73,72,-699
539,18649627,18648429,15,-305,16912,2,-1,0,73,73,-698
540,18673627,18672694,15,-305,16911,1,-1,0,73,74,-699
541,18697627,18696957,14,-307,16914,1,-1,0,72,75,-701
542,18721627,18721223,12,-309,16916,1,-1,0,72,77,-700
543,18745627,18745484,10,-311,16915,0,-1,-1,72,75,-699
544,18770734,18769862,10,-312,16914,0,-1,-1,72,76,-699
545,18794734,18794174,10,-311,16913,0,-1,-1,70,76,-699
546,18818734,18818446,11,-310,16912,0,-1,-1,72,75,-698
547,18842734,18842708,10,-309,16910,0,0,-1,73,74,-698
548,18868734,18866969,10,-308,16910,0,0,-1,73,75,-698
549,18892734,18891230,-11,-304,16909,0,7,-1,75,74,-697
550,18916734,18915504,-16,-302,16908,-1,5,-2,74,73,-697
551,18940734,18939770,-13,-303,16899,-1,3,-2,74,74,-697
552,18964734,18964036,-11,-303,16900,-2,2,-1,75,74,-697
553,18988734,18988302,-12,-301,16900,-2,1,-1,76,74,-696
554,19012734,19012566,-12,-301,16900,-2,0,-1,76,75,-697
555,19038735,19036836,3,-291,16952,4,1,-2,76,76,-698
556,19062734,19061101,-3,-288,16952,4,1,-2,77,75,-698
557,19086734,19085367,16,-286,16953,3,-9,-3,76,76,-699
558,19110734,19109633,24,-285,16952,3,-9,-2,79,76,-698
559,19134734,19133898,23,-280,16961,3,-7,-2,78,75,-698
560,19158734,19158168,23,-278,16960,3,-6,-2,80,75,-699
561,19182734,19182435,22,-277,16963,3,-6,-2,80,75,-701
562,19206734,19206697,45,-264,16995,7,-1,-2,80,75,-701
563,19232734,19230963,27,-273,16944,1,-3,-1,78,74,-700
564,19256734,19255229,33,-276,16946,1,-5,-1,77,73,-701
565,19280734,19279492,33,-280,16944,2,-3,-1,76,74,-701
566,19304734,19303760,29,-282,16946,2,-2,-1,76,73,-702
567,19328734,19328027,26,-286,16947,3,-2,-1,77,73,-701
568,19352734,19352288,18,-282,17049,14,0,-1,76,73,-701
569,19376734,19376550,18,-274,17074,14,3,-1,77,73,-702
570,19402734,19400824,-8,-282,17050,9,-4,-2,77,74,-701
571,19426734,19425091,-4,-282,17047,39,-6,-2,78,74,-701
572,19449681,19449367,-5,-281,17047,39,-6,-2,79,73,-700
573,19473681,19473667,-5,-280,17047,39,-6,-2,80,72,-700
574,19499681,19497936,-3,-279,17049,39,-6,-2,79,73,-699
575,19523681,19522200,-2,-275,17049,39,-6,-3,78,72,-700
576,19547140,19546538,3,-281,16946,28,-8,-2,78,72,-701
577,19571140,19570863,2,-291,16919,28,-10,-2,77,73,-701
578,19595144,19595139,4,-298,16908,30,-7,-2,76,72,-701
579,19621140,19619408,3,-298,16909,0,-5,-2,75,71,-702
580,19645140,19643679,4,-299,16908,0,-3,-2,74,71,-702
581,19669140,19667944,7,-301,16908,1,-2,-1,73,71,-702
582,19693140,19692206,8,-301,16908,1,-2,-1,74,72,-703
583,19717140,19716469,11,-301,16910,1,-2,-1,73,73,-702
584,19741140,19740734,12,-301,16913,1,-2,-1,74,72,-701
585,19765140,19764998,15,-301,16915,1,-2,-1,72,72,-700
586,19791140,19789272,15,-301,16919,1,-2,-1,72,72,-700
587,19815140,19813538,14,-302,16922,1,-1,-1,73,73,-701
588,19839140,19837803,14,-304,16925,1,-1,-1,74,74,-702
589,19863140,19862069,12,-303,16926,1,-1,-2,74,75,-701
590,19887140,19886333,14,-303,16927,1,-1,-2,74,75,-701
591,19911140,19910598,13,-305,16927,1,-1,-2,74,75,-701
592,19935140,19934859,14,-307,16926,1,0,-2,72,74,-700
593,19959140,19959122,16,-305,16927,1,0,-2,72,75,-700
594,19985140,19983387,21,-303,16926,0,-1,-2,73,75,-699
595,20009140,20007655,22,-303,16926,1,-1,-2,73,75,-698
596,20033150,20031918,21,-300,16922,1,-1,-2,72,75,-697
597,20057140,20056592,20,-299,16920,1,-1,-2,73,76,-699
598,20081140,20080877,16,-298,16916,1,-1,-2,71,77,-699
599,20107140,20105156,15,-299,16913,1,-1,-1,72,76,-700
600,20131140,20129481,12,-299,16912,1,-1,-1,73,76,-701
601,20155140,20153779,9,-300,16909,1,-1,-1,73,76,-701
602,20179140,20178046,6,-301,16909,2,-1,-1,71,76,-703
603,20203140,20202314,5,-301,16909,1,-1,-1,72,77,-704
604,20227140,20226577,6,-302,16910,1,0,-1,72,77,-703
605,20251140,20250843,-33,-295,17049,13,-2,-1,71,76,-702
606,20275140,20275105,-34,-290,17081,15,-1,-1,71,75,-702
607,20301140,20299368,-37,-288,17083,14,-3,-2,72,74,-701
608,20324210,20323701,-37,-290,17084,13,-5,-2,72,74,-701
609,20348210,20348024,-38,-292,17083,13,-6,-2,73,73,-701
610,20374211,20372316,-39,-292,17083,12,-6,-2,73,72,-701
611,20398210,20396581,-42,-302,17023,12,-1,-2,72,70,-699
612,20422210,20420847,-43,-296,17039,12,1,-2,72,71,-700
613,20446210,20445110,-8,-301,16903,0,3,-1,72,70,-700
614,20470210,20469372,-9,-308,16868,-3,-1,-1,74,69,-699
615,20494210,20493633,-7,-310,16865,-2,0,-1,74,71,-700
616,20518210,20517899,-7,-307,16865,-2,2,-1,74,72,-699
617,20542210,20542163,-3,-306,16868,-1,2,-1,74,72,-698
618,20568210,20566427,30,-315,16872,4,10,0,75,72,-699
619,20592210,20590690,33,-302,16946,6,7,-1,75,73,-701
620,20616210,20614959,32,-306,16936,5,4,-1,74,72,-701
621,20640210,20639223,38,-307,16940,6,3,-1,74,73,-701
622,20664210,20663486,41,-305,16944,6,4,-1,74,74,-700
623,20688210,20687752,44,-302,16947,6,5,-1,74,73,-699
624,20712210,20712018,27,-302,16899,10,13,0,73,73,-699
625,20738211,20736286,-6,-298,16903,11,18,0,74,72,-699
626,20762210,20760552,-44,-285,16904,7,12,-1,72,72,-698
627,20786210,20784817,-47,-283,16896,4,8,-1,73,72,-698
628,20810210,20809082,-44,-286,16885,3,5,-1,74,71,-698
629,20834210,20833347,-45,-291,16878,2,5,-1,74,71,-698
630,20858210,20857612,-46,-291,16877,2,4,-1,74,71,-699
631,20882210,20881879,-48,-295,16875,2,4,0,74,71,-700
632,20906210,20906146,-32,-296,16920,-1,-4,-1,74,71,-700
633,20932210,20930415,-2,-299,16913,-2,-9,-1,73,72,-701
634,20956210,20954680,3,-306,16907,-3,-11,-1,75,71,-702
635,20980210,20978945,8,-312,16901,-2,-8,0,75,71,-703
636,21005177,21003239,9,-312,16903,-1,-5,0,75,73,-703
637,21029177,21027531,10,-312,16904,0,-3,-1,75,72,-701
638,21053177,21051798,12,-313,16903,0,-2,-1,75,72,-700
639,21077177,21076063,15,-312,16903,1,-1,-1,77,71,-700
640,21100745,21100430,19,-311,16904,1,-1,0,78,72,-700
641,21126746,21124776,22,-310,16904,1,-1,-1,78,73,-699
642,21150745,21149050,21,-309,16902,1,-1,-1,77,73,-699
643,21174745,21173320,19,-309,16903,1,-1,-1,77,74,-698
644,21198745,21197588,18,-309,16903,1,-1,-1,77,74,-697
645,21222745,21221850,15,-309,16905,1,-1,-1,77,74,-698
646,21246745,21246115,12,-309,16903,1,-1,-1,77,76,-700
647,21270745,21270380,11,-310,16901,1,-1,-1,77,77,-701
648,21294745,21294641,9,-310,16899,1,-1,-1,76,76,-702
649,21320745,21318911,5,-311,16900,1,-1,-1,76,75,-702
650,21344745,21343191,6,-311,16901,1,-1,-1,77,75,-702
651,21368745,21367455,8,-310,16901,1,-1,0,78,74,-701
652,21392745,21391724,7,-310,16901,1,0,-1,76,74,-701
653,21416745,21415988,7,-309,16901,1,0,-1,76,74,-701
654,21440745,21440248,7,-309,16904,1,0,-1,75,72,-700
655,21464745,21464511,4,-308,16906,1,0,0,74,72,-700
656,21490746,21488782,5,-307,16906,1,0,-1,74,73,-700
657,21514745,21513043,7,-306,16903,0,0,0,75,73,-699
658,21538745,21537306,7,-304,16905,0,0,0,75,75,-699
659,21562745,21561567,7,-305,16904,0,0,0,75,76,-700
660,21586745,21585836,9,-305,16906,0,0,0,75,76,-699
661,21610745,21610101,12,-304,16905,1,0,0,75,76,-699
662,21634745,21634369,13,-303,16907,1,0,-1,75,78,-699
663,21658745,21658633,14,-303,16909,1,0,-1,76,78,-699
664,21684746,21682900,14,-303,16911,1,0,-1,76,76,-699
665,21708745,21707161,15,-302,16914,1,0,-1,75,77,-700
666,21732745,21731424,15,-302,16915,2,0,-2,74,75,-701
667,21756745,21755688,14,-300,16915,2,0,-2,73,74,-702
668,21780745,21779954,35,-284,16883,2,5,-2,73,73,-703
669,21804745,21804218,29,-284,16876,1,6,-2,73,73,-703
670,21828745,21828478,27,-283,16876,-1,4,-2,74,72,-702
671,21854746,21852749,27,-285,16878,-1,2,-3,73,72,-701
672,21878037,21877089,26,-287,16879,-2,1,-3,72,72,-701
673,21902037,21901408,26,-288,16880,-3,0,-2,73,72,-701
674,21926037,21925679,53,-297,16882,1,9,-2,74,73,-699
675,21950037,21949945,53,-297,16894,4,11,-1,75,73,-699
676,21976038,21974219,30,-309,16935,4,6,-1,75,72,-700
677,22000037,21998482,41,-311,16940,4,1,-1,75,72,-700
678,22024037,22022750,43,-311,16936,5,3,-1,76,74,-701
679,22048037,22047017,44,-312,16932,5,4,-1,75,74,-702
680,22072037,22071293,46,-313,16929,5,4,-1,76,75,-702
681,22096037,22095561,58,-328,16826,5,14,-1,76,74,-702
682,22120037,22119827,29,-318,16813,2,9,-2,75,74,-703
683,22146038,22144102,32,-317,16810,-1,6,-2,75,75,-702
684,22170037,22168364,32,-320,16798,-2,3,-2,75,76,-701
685,22194037,22192628,28,-321,16799,-1,5,-2,77,75,-701
686,22218037,22216895,29,-321,16803,-1,6,-2,76,75,-700
687,22242037,22241155,55,-323,16808,-1,7,-1,76,75,-700
688,22266037,22265416,53,-316,16818,3,13,-1,76,74,-699
689,22290037,22289686,34,-295,16929,4,7,-1,77,76,-699
690,22314037,22313950,31,-292,16947,1,0,-1,78,75,-699
691,22340038,22338225,29,-294,16934,1,-3,-1,78,75,-700
692,22364037,22362492,30,-292,16934,1,-3,-1,79,75,-700
693,22388037,22386757,31,-292,16933,1,-3,-1,77,75,-700
694,22412037,22411021,30,-295,16932,2,-2,-1,77,75,-700
695,22436037,22435284,4,-291,16932,2,-3,-1,77,75,-700
696,22460038,22459547,5,-297,16923,-2,-10,-1,78,74,-701
697,22486038,22484247,11,-304,16914,-4,-13,-1,75,74,-702
698,22510037,22508527,17,-310,16906,-2,-9,-1,75,74,-701
699,22534037,22532792,17,-309,16912,-1,-5,-2,75,74,-701
700,22557520,22557146,18,-310,16913,-1,-3,-2,74,74,-702
701,22581520,22581458,19,-309,16915,0,-2,-2,74,74,-702
702,22607520,22605724,20,-308,16916,0,-2,-2,75,74,-703
703,22631520,22629988,21,-305,16914,1,-1,-2,76,73,-702
704,22654978,22654321,21,-303,16913,1,-1,-2,75,73,-702
705,22678978,22678668,19,-298,16912,1,-1,-2,76,73,-702
706,22702978,22702938,19,-296,16912,1,-1,-2,77,74,-702
707,22728978,22727205,19,-294,16910,1,-1,-2,76,75,-702
708,22752978,22751467,17,-294,16907,1,-1,-2,77,75,-700
709,22776978,22775735,16,-292,16907,1,-1,-2,77,76,-701
710,22800978,22800018,16,-291,16906,1,-1,-2,77,75,-701
711,22824978,22824282,14,-292,16905,1,-1,-2,76,74,-702
712,22848978,22848549,13,-293,16907,1,-1,-2,77,74,-702
713,22872978,22872813,15,-295,16908,1,-1,-2,76,74,-702
714,22898978,22897084,14,-296,16909,1,-1,-2,75,74,-701
715,22922978,22921348,13,-301,16910,1,-1,-2,76,73,-702
716,22946978,22945612,13,-303,16913,1,0,-2,76,75,-702
717,22970978,22969875,13,-304,16910,1,0,-2,76,74,-701
718,22994978,22994138,11,-306,16908,1,0,-2,74,75,-702
719,23018978,23018400,12,-307,16908,1,0,-2,75,76,-703
720,23042978,23042666,15,-305,16905,1,0,-2,74,77,-703
721,23066978,23066933,15,-306,16903,1,0,-1,75,76,-702
722,23092978,23091196,14,-307,16902,1,0,-1,76,75,-701
723,23116978,23115459,13,-303,16900,1,0,-1,75,74,-700
724,23140978,23139724,12,-301,16900,1,0,-1,75,73,-701
725,23164978,23163997,12,-302,16901,1,0,-1,75,73,-701
726,23188978,23188261,38,-284,16934,8,2,-3,76,72,-698
727,23212978,23212526,34,-281,16951,8,6,-3,75,71,-697
728,23236978,23236791,29,-282,16955,7,3,-3,75,70,-697
729,23262978,23261064,28,-283,16950,5,-1,-3,74,69,-697
730,23286978,23285329,29,-285,16949,4,-3,-3,74,69,-699
731,23310978,23309596,31,-288,16948,3,-4,-3,74,69,-701
732,23334978,23333861,41,-289,16945,5,0,-3,73,69,-700
733,23358978,23358124,36,-288,16951,7,3,-3,73,69,-698
734,23382978,23382384,4,-303,16919,0,-1,-2,74,69,-700
735,23406978,23406650,6,-309,16894,-1,-7,-2,75,69,-700
736,23432124,23431050,9,-311,16889,1,-5,-2,77,70,-700
737,23456124,23455363,9,-310,16892,2,-2,-2,77,72,-701
738,23480124,23479634,8,-311,16892,3,-1,-2,77,72,-699
739,23504124,23503902,26,-321,16789,4,11,-1,75,73,-699
740,23530125,23528189,10,-321,16783,3,10,-1,75,74,-699
741,23554124,23552453,11,-320,16790,1,6,-1,75,74,-701
742,23578124,23576714,15,-322,16788,0,5,-1,75,75,-699
743,23602124,23600977,14,-320,16795,0,6,-1,74,76,-700
744,23626124,23625241,14,-318,16797,0,7,-1,72,75,-697
745,23650124,23649506,16,-318,16798,0,7,-1,71,73,-699
746,23674124,23673769,13,-312,16806,2,16,0,71,73,-700
747,23698124,23698032,-13,-300,16906,2,8,-1,71,73,-699
748,23724124,23722300,-11,-297,16919,-2,1,-1,72,72,-700
749,23748124,23746562,-6,-299,16903,-2,0,-1,73,72,-700
750,23772124,23770828,-2,-299,16902,-2,0,-1,73,72,-700
751,23796124,23795094,0,-299,16903,-2,1,-1,74,72,-700
752,23820124,23819358,1,-300,16903,-2,1,-1,75,73,-701
753,23844124,23843621,2,-300,16903,-2,1,-1,75,74,-699
754,23868124,23867885,7,-305,16895,-4,-8,-2,76,74,-699
755,23894124,23892155,15,-307,16899,-4,-11,-2,77,74,-699
756,23918124,23916421,21,-310,16896,-3,-8,-2,78,75,-698
757,23942124,23940687,22,-313,16901,-2,-5,-2,76,75,-697
758,23966124,23964953,22,-315,16904,-1,-3,-2,76,74,-698
759,23990124,23989214,20,-314,16906,-1,-2,-2,75,74,-698
760,24014124,24013478,17,-313,16908,-1,-1,-1,75,74,-699
761,24038124,24037745,14,-313,16909,-1,-1,-1,74,74,-698
762,24062124,24062011,11,-313,16910,0,-1,-1,73,74,-698
763,24088125,24086280,10,-313,16910,0,-1,-2,73,75,-699
764,24111076,24110550,8,-314,16907,0,-1,-2,72,75,-700
765,24135076,24134847,5,-313,16906,0,-1,-1,73,74,-702
766,24161076,24159119,1,-310,16904,0,-1,-1,74,75,-701
767,24185076,24183386,3,-312,16901,1,-1,-2,74,76,-701
768,24208150,24207719,5,-314,16898,1,0,-2,73,77,-701
769,24232150,24232036,8,-313,16900,1,0,-2,75,78,-703
770,24258150,24256318,9,-311,16900,1,0,-2,74,77,-704
771,24282150,24280582,7,-310,16902,2,0,-2,74,76,-702
772,24306150,24304845,8,-309,16905,2,0,-2,74,77,-703
773,24330150,24329108,8,-308,16907,2,0,-2,73,77,-700
774,24354150,24353369,10,-307,16907,2,0,-1,72,78,-700
775,24378150,24377634,7,-305,16909,2,0,-1,72,77,-699
776,24402150,24401895,4,-305,16911,2,0,-1,72,76,-699
777,24428151,24426163,1,-307,16911,2,0,-1,72,74,-698
778,24452150,24450428,0,-309,16912,2,0,-2,73,74,-697
779,24476150,24474690,0,-308,16911,2,0,-2,72,74,-697
780,24500150,24498954,-1,-306,16911,2,0,-2,72,74,-696
781,24524150,24523218,0,-307,16911,2,0,-2,72,74,-696
782,24548150,24547482,1,-305,16914,1,-1,-2,72,74,-696
783,24572150,24571745,4,-304,16915,1,-1,-3,72,74,-696
784,24596150,24596008,6,-302,16913,1,-1,-2,72,74,-695
785,24622150,24620279,5,-301,16914,1,-1,-2,72,74,-696
786,24646150,24644543,6,-299,16913,1,-1,-2,71,73,-697
787,24670150,24668808,15,-285,16985,9,1,-3,71,73,-697
788,24694150,24693074,17,-280,17003,9,4,-3,72,73,-698
789,24718150,24717338,12,-277,17011,9,1,-3,72,72,-699
790,24742150,24741607,11,-281,17003,7,-2,-3,72,72,-700
791,24766150,24765873,9,-285,17002,6,-4,-3,73,72,-699
792,24790151,24790141,9,-288,17003,6,-5,-3,73,71,-700
793,24816150,24814408,12,-287,17005,6,-5,-3,73,71,-700
794,24840150,24838674,34,-278,17020,10,-3,-4,73,71,-699
795,24864150,24862937,20,-290,16952,3,-3,-3,74,72,-700
796,24888150,24887204,14,-290,16938,2,-8,-3,73,74,-699
797,24912150,24911860,19,-294,16917,2,-8,-3,73,74,-699
798,24936150,24936138,16,-292,16923,3,-6,-3,72,74,-700
799,24962150,24960408,14,-292,16925,3,-5,-2,72,74,-701
800,24986095,24984781,13,-291,16926,4,-4,-2,72,75,-701
801,25010095,25009126,42,-299,16932,3,-4,-2,72,74,-702
802,25034095,25033395,17,-304,16931,2,-3,-1,73,74,-702
803,25058095,25057663,19,-302,16940,-1,-7,-1,73,74,-701
804,25082095,25081931,26,-306,16940,0,-6,-2,73,73,-702
805,25108096,25106204,26,-305,16953,0,-5,-1,74,72,-702
806,25132095,25130466,28,-305,16956,0,-4,-1,75,72,-702
807,25156095,25154730,30,-303,16955,0,-4,-1,75,72,-702
808,25180095,25178993,31,-302,16955,-1,-3,-1,75,70,-702
809,25204095,25203258,-14,-295,16950,0,4,-1,75,70,-702
810,25228095,25227530,-16,-298,16936,-2,1,-1,74,71,-702
811,25252095,25251797,-10,-304,16915,-3,0,-1,74,72,-701
812,25276095,25276062,-11,-304,16907,-4,0,0,74,72,-701
813,25302095,25300329,-12,-306,16905,-3,0,0,73,73,-700
814,25326095,25324591,-11,-305,16902,-3,1,-1,74,73,-699
815,25350095,25348857,-10,-304,16902,-3,1,0,74,73,-699
816,25374095,25373120,-10,-304,16902,-2,0,0,73,75,-699
817,25398095,25397382,5,-302,16900,-3,-7,-1,74,75,-699
818,25422095,25421649,10,-303,16901,-2,-7,-1,73,75,-699
819,25446095,25445913,9,-304,16909,0,-5,-1,72,73,-699
820,25472096,25470186,8,-307,16911,0,-3,-1,72,73,-699
821,25496095,25494449,7,-308,16910,1,-2,-1,72,73,-699
822,25520095,25518714,7,-308,16909,1,-2,-1,71,73,-698
823,25544095,25542976,6,-310,16908,1,-2,-1,70,73,-698
824,25568095,25567237,7,-310,16908,1,-1,-1,70,73,-698
825,25592095,25591502,8,-312,16906,1,-1,-1,70,73,-697
826,25616095,25615765,8,-314,16905,1,-1,-1,70,75,-699
827,25640095,25640029,8,-313,16906,1,-1,-1,72,76,-701
828,25665087,25664313,12,-311,16906,1,0,-1,73,77,-701
829,25689087,25688592,17,-311,16908,1,0,-1,73,76,-702
830,25713087,25712857,18,-313,16909,1,0,-1,74,77,-703
831,25739087,25737128,18,-313,16911,1,0,-1,73,76,-703
832,25762204,25761470,17,-314,16912,1,0,-1,73,76,-703
833,25786204,25785791,17,-317,16911,1,1,-1,73,76,-703
834,25810204,25810062,16,-317,16909,1,1,-1,75,75,-701
835,25836205,25834330,14,-315,16908,1,1,-1,74,75,-700
836,25860204,25858594,10,-316,16907,1,1,-1,73,75,-700
837,25884204,25882859,6,-314,16907,1,1,-1,72,77,-699
838,25908204,25907118,5,-314,16906,1,1,-1,72,75,-698
839,25932204,25931384,4,-314,16905,1,1,-1,73,74,-697
840,25956204,25955656,3,-312,16904,1,0,-1,73,76,-698
841,25980204,25979921,2,-309,16904,1,0,-1,73,76,-699
842,26004204,26004184,2,-309,16904,1,0,-1,72,76,-699
843,26030204,26028448,3,-312,16904,1,0,-1,74,75,-699
844,26054204,26052712,3,-313,16904,1,0,-1,73,74,-700
845,26078204,26076971,3,-313,16904,2,0,-2,74,73,-699
846,26102204,26101235,3,-313,16904,2,0,-2,74,75,-699
847,26126204,26125497,4,-312,16903,1,-1,-2,75,75,-701
848,26150204,26149764,4,-312,16902,2,-1,-2,74,73,-701
849,26174204,26174029,2,-312,16901,2,0,-2,75,73,-701
850,26200205,26198303,-24,-303,17002,11,0,-2,73,74,-700
851,26224204,26222569,-28,-298,16999,10,0,-2,73,73,-700
852,26248204,26246830,-28,-296,16999,9,-2,-2,74,74,-700
853,26272204,26271095,-28,-296,17000,9,-3,-2,74,74,-701
854,26296204,26295361,-29,-295,16998,8,-4,-2,74,74,-700
855,26320204,26319624,-27,-296,16998,8,-4,-2,73,75,-699
856,26344204,26343886,-46,-295,16982,12,1,-2,74,75,-698
857,26368204,26368152,-45,-291,17003,14,3,-2,74,74,-698
858,26394204,26392422,-22,-297,16907,5,2,-1,75,74,-698
859,26418204,26416686,-19,-296,16913,5,0,-1,74,73,-697
860,26442204,26440953,-18,-295,16913,6,1,-1,74,72,-697
861,26466204,26465218,-18,-297,16913,6,2,-1,73,72,-696
862,26490204,26489482,-16,-296,16916,6,2,-1,74,73,-697
863,26514204,26513744,-4,-295,16906,7,7,0,75,73,-697
864,26539667,26538118,13,-295,16921,5,6,0,75,74,-699
865,26563667,26562432,7,-297,16906,2,5,0,74,76,-700
866,26587667,26586707,8,-297,16907,1,2,-1,73,76,-699
867,26611667,26610971,10,-301,16901,1,1,-1,72,77,-701
868,26635667,26635236,9,-301,16899,1,1,-1,74,78,-701
869,26659667,26659498,10,-300,16899,0,0,-1,75,78,-701
870,26685667,26683779,-19,-298,16957,11,7,0,75,77,-703
871,26709667,26708045,-33,-288,16970,12,9,-1,74,76,-703
872,26733667,26732310,-36,-284,16979,12,8,-1,73,74,-704
873,26757667,26756576,-35,-281,16981,10,3,-1,73,73,-702
874,26781667,26780840,-33,-283,16976,8,0,-1,74,74,-703
875,26805667,26805103,-34,-281,16976,7,-1,-1,74,75,-703
876,26829667,26829366,-34,-281,16976,7,-1,-1,72,75,-703
877,26853667,26853631,-32,-280,16975,7,-1,-1,71,75,-703
878,26879667,26877895,-6,-282,16915,-4,-8,-1,71,76,-703
879,26903667,26902159,-6,-291,16913,-6,-15,-1,71,75,-702
880,26927667,26926422,3,-298,16908,-8,-18,-1,72,76,-701
881,26951667,26950686,9,-302,16901,-6,-14,-1,72,75,-702
882,26975667,26974951,11,-303,16902,-4,-9,-1,71,74,-701
883,26999667,26999218,13,-303,16905,-2,-6,-1,72,72,-701
884,27023667,27023484,13,-301,16907,-1,-4,-1,72,72,-700
885,27049667,27047757,13,-298,16908,-1,-3,-1,71,73,-701
886,27073667,27072022,15,-297,16907,0,-2,-1,70,73,-701
887,27097667,27096283,20,-295,16906,0,-2,-1,70,73,-701
888,27121667,27120543,22,-292,16907,0,-2,-1,68,73,-702
889,27145667,27144807,22,-293,16910,0,-1,-1,69,73,-700
890,27169667,27169070,21,-292,16911,0,-1,-1,70,74,-700
891,27193667,27193336,21,-294,16910,0,-1,-1,70,75,-699
892,27218630,27217623,23,-297,16909,0,0,-1,71,74,-699
893,27242630,27241896,21,-302,16910,0,0,-1,73,72,-698
894,27266630,27266161,20,-304,16912,0,0,-1,75,73,-698
895,27290630,27290425,18,-305,16913,0,0,-1,75,74,-697
896,27315867,27314807,15,-307,16911,0,0,-1,76,75,-696
897,27339867,27339505,16,-306,16908,1,0,-1,76,76,-696
898,27363867,27363779,16,-305,16906,1,0,-1,76,76,-699
899,27389869,27388055,17,-304,16906,1,0,-1,76,75,-699
900,27413867,27412387,15,-303,16908,2,0,-1,75,74,-697
901,27437867,27436683,15,-301,16907,2,-1,-1,73,77,-698
902,27461867,27460954,15,-301,16907,2,0,-1,71,76,-698
903,27485867,27485217,13,-301,16908,3,0,-1,72,75,-700
904,27509867,27509483,10,-302,16909,3,0,-1,72,74,-700
905,27533867,27533748,6,-304,16908,2,0,-1,71,74,-701
906,27559867,27558015,4,-306,16907,2,0,-1,71,73,-700
907,27583867,27582279,4,-307,16907,2,0,-1,72,73,-701
908,27607867,27606537,5,-308,16905,2,0,-1,71,73,-702
909,27631867,27630802,5,-309,16906,2,0,-1,73,70,-703
910,27655867,27655077,5,-309,16905,2,0,0,73,70,-704
911,27679867,27679343,7,-307,16907,2,0,-1,73,71,-703
912,27703867,27703603,10,-304,16907,2,0,-1,73,70,-703
913,27729869,27727873,7,-318,16761,3,17,0,73,71,-703
914,27753867,27752135,8,-309,16789,4,21,0,73,72,-702
915,27777867,27776397,0,-306,16796,2,19,0,74,71,-701
916,27801867,27800659,-1,-307,16794,1,16,0,74,73,-701
917,27825867,27824923,-1,-307,16792,0,14,0,73,75,-701
918,27849867,27849189,0,-306,16791,0,13,-1,73,74,-699
919,27873867,27873453,25,-315,16795,-1,12,-1,73,73,-699
920,27897867,27897716,17,-317,16786,2,16,-1,74,75,-699
921,27923868,27921992,20,-300,16944,2,0,-2,75,75,-698
922,27947867,27946256,19,-308,16920,0,-6,-1,76,74,-699
923,27971867,27970520,28,-309,16913,0,-6,-1,75,74,-701
924,27995867,27994786,29,-308,16914,1,-5,-1,75,74,-700
925,28019867,28019049,30,-307,16913,1,-4,-1,75,73,-699
926,28043867,28043309,28,-308,16912,2,-4,-1,74,74,-700
927,28067867,28067571,28,-296,16896,2,1,0,74,76,-702
928,28093051,28091965,29,-295,16897,-1,-2,0,74,74,-703
929,28117051,28116276,34,-297,16889,-3,-5,0,72,74,-704
930,28141051,28140559,37,-298,16882,-2,-4,0,72,74,-703
931,28165051,28164829,36,-300,16881,-2,-2,-1,73,74,-704
932,28191051,28189096,36,-299,16880,-2,-1,-1,74,74,-704
933,28215051,28213360,41,-298,16882,-2,-1,-1,75,74,-704
934,28239051,28237626,33,-297,16865,-1,5,-1,75,73,-704
935,28263051,28261887,3,-295,16882,0,1,-1,74,73,-704
936,28287051,28286153,8,-299,16883,-2,-3,-2,73,74,-702
937,28311051,28310420,6,-300,16878,-2,-3,-2,75,74,-702
938,28335051,28334682,5,-298,16880,-1,-3,-1,75,74,-702
939,28359051,28358947,4,-296,16878,-1,-2,-1,75,75,-701
940,28385051,28383222,1,-298,16877,-1,-2,-2,74,75,-701
941,28409051,28407493,-5,-300,16874,-1,-2,-2,75,76,-701
942,28433051,28431754,4,-302,16887,-2,-7,-1,76,76,-700
943,28457051,28456019,8,-307,16875,-2,-8,-1,76,75,-700
944,28481051,28480283,6,-303,16876,0,-4,0,76,74,-700
945,28505051,28504549,4,-300,16876,1,-2,0,73,74,-700
946,28529051,28528812,2,-299,16875,1,-2,0,73,74,-699
947,28555052,28553083,3,-297,16875,1,-1,0,72,73,-699
948,28579051,28577344,6,-295,16877,1,-1,1,73,71,-700
949,28603051,28601610,7,-294,16876,1,-1,1,72,69,-701
950,28627051,28625870,7,-291,16880,0,-1,1,72,69,-701
951,28651051,28650133,7,-291,16884,0,-1,0,72,69,-700
952,28675051,28674398,8,-292,16887,0,-1,0,73,70,-699
953,28699051,28698666,10,-295,16888,0,-1,0,75,70,-701
954,28723051,28722927,12,-298,16888,0,-1,0,76,69,-702
955,28749051,28747199,13,-301,16890,1,-1,0,77,69,-703
956,28772007,28771474,14,-303,16921,1,0,-1,77,71,-702
957,28796007,28795770,12,-303,16924,1,-1,0,76,71,-701
958,28822007,28820040,13,-303,16924,1,0,-1,75,72,-703
959,28846007,28844304,13,-300,16924,1,0,-1,75,74,-703
960,28869765,28868642,14,-298,16922,1,0,-1,75,74,-704
961,28893765,28892962,13,-296,16919,1,0,0,75,76,-703
962,28917765,28917234,12,-292,16918,2,0,0,75,75,-702
963,28941765,28941497,12,-289,16918,2,0,0,75,75,-702
964,28967767,28965766,11,-285,16888,2,0,-1,76,75,-702
965,28991765,28990030,12,-283,16888,2,0,-1,77,76,-702
966,29015765,29014298,13,-283,16887,2,0,-1,77,75,-700
967,29039765,29038561,15,-285,16887,2,0,-1,77,73,-701
968,29063765,29062826,17,-286,16887,2,0,-1,77,72,-702
969,29087765,29087088,18,-287,16890,1,0,-2,77,71,-702
970,29111765,29111362,20,-291,16892,1,0,-2,76,70,-702
971,29135765,29135623,18,-293,16892,1,0,-1,76,69,-699
972,29161766,29159893,17,-296,16891,1,0,-1,76,69,-699
973,29185765,29184159,20,-299,16889,1,-1,-1,75,69,-701
974,29209765,29208423,22,-314,16817,1,7,0,75,70,-701
975,29233765,29232688,14,-315,16798,2,11,-1,75,71,-700
976,29257765,29256948,10,-312,16803,2,11,0,74,70,-700
977,29281765,29281211,7,-312,16801,1,9,0,73,71,-700
978,29305765,29305473,6,-310,16803,1,8,0,71,73,-701
979,29329765,29329735,7,-310,16805,0,7,-1,72,74,-701
980,29355765,29353999,7,-311,16805,0,7,-1,72,74,-700
981,29379765,29378266,10,-301,16872,6,8,-1,72,74,-699
982,29403765,29402530,4,-283,16959,7,3,-2,72,74,-701
983,29427765,29426792,5,-281,16986,5,-3,-2,72,76,-700
984,29451765,29451058,7,-284,16979,5,-5,-2,74,76,-700
985,29475765,29475326,9,-285,16981,5,-4,-2,75,75,-699
986,29499765,29499593,10,-286,16979,6,-4,-2,76,73,-699
987,29525766,29523866,11,-284,16977,6,-4,-2,75,72,-700
988,29549765,29548132,19,-271,17057,13,-5,-3,74,71,-700
989,29573765,29572394,10,-274,17012,7,-3,-2,74,71,-700
990,29597765,29596660,10,-277,17001,6,-9,-2,75,71,-698
991,29621765,29620920,16,-280,16996,5,-8,-2,75,70,-700
992,29646843,29645286,17,-281,16999,5,-7,-2,74,72,-700
993,29670843,29669595,16,-281,17002,6,-7,-2,73,73,-700
994,29694843,29693865,15,-279,17004,4,-5,-2,73,74,-701
995,29718843,29718135,-2,-278,17016,5,4,-2,74,75,-700
996,29742843,29742398,-18,-291,16941,-2,3,-1,74,75,-701
997,29768844,29767037,-13,-301,16910,-5,-3,-1,73,75,-701
998,29792843,29791319,-10,-303,16904,-5,-2,-1,74,76,-701
999,29816843,29815581,-10,-302,16900,-4,-2,-1,73,75,-700
1000,29840843,29839913,-9,-302,16900,-4,-1,-1,72,75,-700
1001,29864843,29864216,-6,-301,16900,-4,-1,-1,73,73,-702
1002,29888843,29888484,-3,-300,16900,-2,-3,-1,74,73,-701
1003,29912843,29912748,15,-301,16891,-3,-11,-2,73,74,-703
1004,29938844,29937019,23,-301,16887,-4,-10,-2,73,77,-703
1005,29962843,29961282,24,-298,16898,-1,-7,-2,73,75,-703
1006,29986843,29985546,23,-299,16902,0,-5,-2,72,75,-704
1007,30010843,30009814,24,-302,16902,0,-4,-2,73,75,-704
1008,30034843,30034082,24,-303,16902,1,-3,-1,74,76,-704
1009,30058843,30058349,22,-306,16902,1,-2,-1,75,76,-704
1010,30082843,30082624,19,-307,16903,1,-2,-1,74,75,-704
1011,30108844,30106895,17,-308,16904,1,-2,-1,74,74,-703
1012,30132843,30131157,17,-307,16906,1,-2,-1,73,71,-702
1013,30156843,30155423,18,-308,16907,1,-1,-1,73,72,-702
1014,30180843,30179684,19,-306,16910,0,-1,-1,74,72,-702
1015,30204843,30203947,18,-306,16913,0,-1,-1,74,71,-701
1016,30228843,30228209,17,-304,16911,0,-1,-1,72,71,-700
1017,30252843,30252472,17,-303,16908,0,-1,-1,71,71,-700
1018,30276843,30276736,18,-303,16907,0,-1,-1,71,70,-700
1019,30302843,30301009,21,-302,16905,0,-1,-1,71,70,-700
1020,30326082,30325295,23,-301,16904,1,-1,-1,71,72,-701
1021,30350082,30349595,24,-301,16905,1,-1,-1,73,72,-701
1022,30374082,30373860,25,-300,16902,1,-1,-1,72,72,-700
1023,30400082,30398127,27,-298,16900,1,-1,-1,71,73,-702
1024,30423610,30422476,30,-297,16902,2,-1,-1,72,72,-703
1025,30447610,30446791,29,-297,16903,2,-1,-1,72,73,-704
1026,30471610,30471059,27,-298,16902,2,-1,-1,73,73,-704
1027,30495610,30495328,24,-300,16901,2,-1,-1,73,73,-704
1028,30519610,30519591,20,-302,16899,2,-1,-1,73,72,-705
1029,30545610,30543856,15,-302,16895,2,-1,-1,72,72,-704
1030,30569610,30568124,13,-304,16894,2,0,-1,72,73,-705
1031,30593610,30592386,10,-306,16894,2,0,-1,74,71,-705
1032,30617610,30616649,10,-308,16894,2,0,-1,74,72,-703
1033,30641610,30640911,10,-309,16892,2,-1,-1,74,72,-701
1034,30665610,30665173,13,-308,16893,2,-1,-1,73,74,-702
1035,30689610,30689437,13,-308,16894,2,-1,-1,74,74,-701
1036,30715611,30713712,15,-306,16897,2,-1,-1,74,75,-700
1037,30739610,30737976,18,-304,16898,2,0,-1,74,74,-702
1038,30763610,30762240,-11,-301,16923,9,5,0,75,75,-702
1039,30787610,30786499,-19,-297,16923,10,8,0,74,75,-701
1040,30811610,30810763,-26,-294,16931,9,6,0,74,76,-701
1041,30835610,30835031,-27,-293,16932,8,4,0,76,76,-702
1042,30859610,30859294,-29,-295,16930,8,3,0,75,75,-701
1043,30883610,30883555,-29,-297,16930,8,2,0,76,75,-702
1044,30909610,30907825,-29,-298,16930,7,1,0,74,75,-702
1045,30933610,30932084,-9,-306,16920,7,2,0,76,75,-702
1046,30957610,30956348,21,-304,16921,0,-3,-1,76,74,-702
1047,30981610,30980612,25,-305,16918,-1,-6,-1,76,75,-702
1048,31005610,31004875,29,-307,16914,-1,-4,-1,75,74,-703
1049,31029610,31029140,30,-304,16917,0,-3,-1,76,73,-703
1050,31053610,31053402,32,-301,16918,0,-1,-1,76,74,-703
1051,31079610,31077673,34,-300,16919,1,-1,-1,76,74,-704
1052,31103610,31101935,-3,-289,16979,2,2,-1,76,73,-705
1053,31127610,31126198,-31,-281,16988,2,2,-1,75,74,-705
1054,31151610,31150462,-36,-282,16965,-1,-1,-1,76,74,-704
1055,31175610,31174725,-33,-280,16967,-1,-2,-1,74,74,-703
1056,31200737,31199081,-31,-280,16966,-1,-2,0,74,74,-703
1057,31224737,31223384,-33,-281,16967,-1,-2,0,73,74,-703
1058,31248737,31247653,-34,-283,16970,-1,-3,0,75,74,-702
1059,31272737,31271919,-18,-280,16973,0,3,0,74,75,-700
1060,31296737,31296193,19,-289,16912,-3,-3,0,74,76,-700
1061,31320737,31320456,28,-290,16917,-3,-5,0,74,74,-699
1062,31344737,31344717,33,-292,16917,-3,-4,0,74,73,-700
1063,31370737,31368981,36,-293,16918,-2,-3,-1,75,73,-699
1064,31394737,31393244,36,-293,16918,-2,-3,-1,74,74,-698
1065,31418737,31417509,36,-294,16918,-2,-2,-1,74,73,-697
1066,31442737,31441772,38,-293,16916,-1,-2,-1,73,73,-696
1067,31466737,31466034,21,-295,16913,-2,-7,-2,74,71,-696
1068,31490737,31490299,21,-295,16915,0,-4,-2,75,72,-696
1069,31514737,31514564,18,-295,16911,1,-3,-2,73,72,-696
1070,31540737,31538837,16,-297,16910,1,-2,-1,72,72,-696
1071,31564737,31563100,13,-298,16912,1,-2,-1,71,73,-697
1072,31588737,31587362,11,-300,16914,1,-2,-1,70,72,-699
1073,31612737,31611623,11,-301,16914,1,-2,-1,71,73,-699
1074,31636737,31635886,10,-302,16917,1,-1,-1,71,72,-700
1075,31660737,31660152,8,-302,16919,1,-1,-1,69,71,-700
1076,31684737,31684414,7,-301,16921,1,-1,-1,69,70,-701
1077,31708737,31708678,6,-303,16922,1,-1,-1,70,71,-702
1078,31734737,31732947,4,-303,16922,1,-2,-1,70,71,-702
1079,31758737,31757213,2,-305,16921,1,-2,-1,69,71,-701
1080,31782737,31781478,1,-304,16917,1,-2,-1,69,71,-701
1081,31806737,31805741,0,-305,16915,1,-1,-1,70,71,-702
1082,31830737,31830008,-2,-307,16912,1,-1,-1,70,73,-702
1083,31854737,31854268,0,-307,16909,1,-1,0,71,75,-701
1084,31879715,31878567,0,-308,16905,1,-1,0,72,75,-700
1085,31903715,31902851,1,-308,16903,1,-1,0,72,74,-699
1086,31927715,31927115,3,-308,16902,1,0,0,72,75,-699
1087,31951715,31951377,7,-307,16900,1,0,-1,74,76,-699
1088,31977279,31975765,7,-308,16900,1,0,-1,78,78,-698
1089,32001279,32000085,9,-306,16901,2,0,-1,77,77,-699
1090,32025279,32024361,10,-305,16901,2,0,-1,76,78,-699
1091,32049279,32048627,8,-306,16900,2,-1,-1,75,77,-701
1092,32073279,32072893,6,-306,16900,2,-1,-1,74,78,-702
1093,32097279,32097157,6,-306,16898,2,-1,-1,74,77,-702
1094,32123279,32121427,6,-307,16896,2,-1,-1,75,76,-702
1095,32147279,32145692,4,-307,16896,2,-2,-1,74,75,-703
1096,32171280,32169953,6,-308,16896,2,-2,-1,71,73,-703
1097,32195279,32194618,6,-309,16895,2,-2,-1,71,73,-703
1098,32219279,32218897,6,-309,16896,3,-2,-1,71,72,-702
1099,32243279,32243166,7,-309,16897,2,2,-1,71,73,-702
1100,32269281,32267567,-2,-312,16885,2,8,-1,71,71,-703
1101,32293279,32291848,-6,-308,16897,2,9,-1,71,71,-702
1102,32317279,32316111,-9,-306,16902,0,5,-1,71,72,-702
1103,32341279,32340375,-10,-303,16906,-1,3,-1,71,71,-701
1104,32365279,32364638,-10,-299,16905,-2,2,-1,71,72,-701
1105,32389279,32388906,-10,-297,16906,-2,1,-1,71,72,-700
1106,32413279,32413167,-44,-293,16904,5,7,0,71,72,-700
1107,32439280,32437439,-46,-287,16925,8,8,-1,72,70,-699
1108,32463279,32461701,-40,-283,16945,6,-1,-1,72,70,-698
1109,32487279,32485962,-35,-287,16929,4,-4,-1,72,70,-697
1110,32511279,32510234,-32,-289,16923,6,-2,-1,71,70,-698
1111,32535279,32534500,-31,-292,16922,6,-1,-1,71,72,-699
1112,32559279,32558765,-31,-293,16923,7,0,-1,72,72,-698
1113,32583279,32583025,-48,-286,17044,18,0,-2,74,72,-698
1114,32609279,32607296,-14,-280,17074,11,-5,-3,74,71,-699
1115,32633279,32631557,-14,-285,17057,7,-11,-3,74,72,-699
1116,32657279,32655819,-8,-284,17052,7,-10,-3,74,73,-698
1117,32681279,32680083,-10,-284,17059,7,-9,-3,74,72,-699
1118,32705279,32704345,-13,-283,17062,8,-8,-3,74,73,-698
1119,32729279,32728609,23,-298,17072,7,7,-1,75,73,-698
1120,32754732,32752977,17,-299,17071,9,11,-1,75,72,-698
1121,32778732,32777293,29,-303,16961,-2,10,-1,75,74,-698
1122,32802732,32801567,27,-310,16934,-4,6,-1,75,75,-699
1123,32826732,32825833,29,-311,16930,-3,7,-1,76,75,-698
1124,32850732,32850098,29,-312,16928,-2,9,-1,75,76,-700
1125,32874732,32874359,32,-311,16928,-1,9,-1,74,76,-700
1126,32898732,32898622,34,-309,16928,-1,9,-1,74,75,-700
1127,32924733,32922896,-2,-294,16917,-1,-5,-2,74,75,-701
1128,32948732,32947158,2,-295,16918,-2,-9,-2,75,76,-701
1129,32972732,32971424,6,-299,16906,-1,-7,-2,74,74,-700
1130,32996732,32995697,7,-302,16903,-1,-5,-2,73,74,-699
1131,33020732,33019961,7,-302,16905,0,-3,-2,72,74,-700
1132,33044732,33044224,9,-303,16907,0,-3,-1,73,73,-699
1133,33068732,33068487,8,-304,16905,0,-2,-1,75,73,-697
1134,33094733,33092753,6,-305,16904,0,-2,-1,75,74,-696
1135,33118732,33117014,9,-304,16903,0,-1,-1,74,75,-694
1136,33142732,33141275,11,-303,16902,1,-1,-1,72,74,-694
1137,33166732,33165538,12,-302,16902,1,-1,-1,73,74,-696
1138,33190732,33189804,13,-303,16902,1,-1,-1,74,74,-696
1139,33214732,33214065,13,-305,16901,1,-1,-1,75,73,-697
1140,33238732,33238336,9,-306,16900,2,-1,-1,73,73,-696
1141,33262732,33262599,7,-303,16902,2,-1,-1,73,73,-697
1142,33288733,33286869,8,-304,16903,2,-1,-2,73,71,-698
1143,33312732,33311133,7,-305,16905,2,-1,-2,74,70,-700
1144,33336732,33335395,7,-306,16904,2,-1,-2,75,70,-701
1145,33360732,33359662,8,-306,16903,2,-1,-2,75,70,-702
1146,33384732,33383926,10,-306,16903,2,-1,-2,74,70,-701
1147,33408732,33408190,10,-304,16901,2,-1,-1,74,72,-702
1148,33433726,33432494,14,-303,16900,2,-1,-1,74,71,-703
1149,33457726,33456769,17,-304,16899,2,-1,-1,73,71,-703
1150,33481726,33481034,17,-302,16897,2,-1,-1,73,71,-702
1151,33505726,33505302,19,-301,16898,2,-1,-1,75,71,-701
1152,33531292,33529691,20,-299,16902,2,-1,-1,74,72,-701
1153,33555292,33554007,20,-297,16906,2,-1,-1,73,72,-701
1154,33579292,33578281,21,-295,16906,2,-1,-1,72,71,-701
1155,33603292,33602547,23,-292,16907,2,-1,-1,73,71,-700
1156,33627292,33626813,21,-289,16911,2,-1,-2,73,73,-700
1157,33651292,33651079,20,-289,16913,2,-1,-2,73,74,-701
1158,33677293,33675350,20,-289,16915,2,-1,-1,73,74,-700
1159,33701292,33699616,20,-289,16916,2,-1,-1,72,73,-699
1160,33725292,33723890,19,-289,16915,2,-1,-1,73,71,-698
1161,33749292,33748155,18,-291,16915,2,-1,-1,75,71,-697
1162,33773292,33772419,17,-292,16917,2,-1,-1,76,72,-697
1163,33797292,33796683,17,-295,16920,1,-1,-1,76,73,-697
1164,33821292,33820947,54,-305,16861,7,10,0,75,71,-697
1165,33845292,33845212,56,-303,16877,10,13,0,74,70,-696
1166,33871293,33869482,54,-299,16889,10,13,0,75,70,-696
1167,33895292,33893744,53,-298,16892,8,9,0,75,72,-697
1168,33919292,33918007,55,-298,16893,7,7,-1,75,73,-697
1169,33943292,33942273,56,-297,16893,7,5,-1,75,72,-698
1170,33967292,33966540,58,-296,16892,7,4,-1,76,71,-698
1171,33991292,33990803,54,-289,16975,14,4,-2,78,70,-698
1172,34015292,34015071,17,-273,17055,9,-3,-3,79,71,-699
1173,34041292,34039342,12,-274,17045,5,-9,-3,78,72,-699
1174,34065292,34063608,15,-279,17030,4,-11,-3,78,70,-700
1175,34089292,34087874,17,-282,17024,5,-8,-3,78,71,-700
1176,34113292,34112137,16,-284,17023,5,-7,-2,76,71,-701
1177,34137292,34136399,18,-286,17022,6,-6,-2,74,71,-699
1178,34161292,34160663,16,-284,17009,5,-1,-1,73,73,-701
1179,34185292,34184924,11,-289,16918,-2,0,0,71,75,-701
1180,34209292,34209189,5,-298,16883,-5,-4,0,70,74,-701
1181,34235293,34233464,10,-298,16879,-4,-3,0,70,73,-702
1182,34259292,34257726,11,-297,16885,-3,-1,1,70,74,-702
1183,34283292,34281989,11,-296,16890,-2,0,1,69,73,-702
1184,34306403,34306325,12,-295,16893,-2,1,1,70,75,-703
1185,34332403,34330641,-4,-293,16900,-1,8,1,71,75,-703
1186,34356403,34354910,-11,-295,16914,-1,3,0,72,75,-702
1187,34380403,34379175,-5,-298,16914,-2,0,0,72,75,-702
1188,34404403,34403437,0,-296,16928,-1,0,-1,71,76,-701
1189,34428403,34427701,-2,-297,16928,-2,0,-1,71,77,-701
1190,34452403,34451974,-3,-296,16929,-2,0,-1,71,76,-701
1191,34476403,34476239,-5,-297,16925,-2,0,-1,72,76,-700
1192,34502404,34500510,-9,-298,16924,-2,0,-1,73,74,-700
1193,34526403,34524775,4,-297,16919,-2,-7,-2,73,74,-701
1194,34550403,34549041,10,-299,16919,-2,-7,-2,73,74,-701
1195,34574403,34573302,10,-298,16926,-1,-5,-2,73,74,-701
1196,34598403,34597568,9,-298,16927,-1,-3,-2,75,73,-700
1197,34622403,34622232,9,-297,16928,0,-2,-2,75,73,-700
1198,34648403,34646514,11,-299,16929,0,-1,-2,74,74,-699
1199,34672403,34670774,13,-299,16930,0,-1,-2,73,73,-700
1200,34696403,34695105,17,-300,16929,0,-2,-2,73,75,-700
1201,34720403,34719405,20,-299,16927,0,-2,-2,73,74,-699
1202,34744403,34743677,22,-296,16925,1,-2,-2,73,74,-699
1203,34768403,34767943,24,-294,16924,1,-1,-2,73,73,-700
1204,34792403,34792210,26,-294,16923,1,-2,-1,72,73,-700
1205,34818404,34816481,28,-296,16921,1,-2,-1,72,74,-699
1206,34842403,34840741,26,-296,16918,1,-1,-1,73,74,-700
1207,34866403,34865004,24,-295,16919,1,-1,-1,73,75,-700
1208,34890403,34889265,25,-292,16919,1,-1,-2,72,74,-700
1209,34914403,34913525,26,-294,16920,1,-1,-1,72,73,-700
1210,34938403,34937810,24,-294,16922,1,-1,-2,71,73,-699
1211,34962403,34962074,23,-294,16922,1,-1,-2,72,74,-699
1212,34987403,34986381,22,-293,16920,1,-1,-2,71,74,-698
1213,35011403,35010666,21,-288,16919,1,-1,-2,71,73,-700
1214,35035403,35034929,22,-288,16920,1,-1,-2,73,73,-699
1215,35059403,35059194,20,-288,16920,1,-1,-2,72,73,-698
1216,35084707,35083606,18,-289,16921,1,0,-1,73,74,-699
1217,35108707,35107950,15,-288,16924,2,0,-1,73,75,-699
1218,35132707,35132228,14,-289,16924,2,0,-1,74,76,-701
1219,35156707,35156495,12,-289,16925,2,0,-1,73,76,-700
1220,35182707,35180783,11,-291,16927,2,0,-1,73,76,-701
1221,35206707,35205046,10,-294,16929,2,0,-1,74,77,-700
1222,35230707,35229308,8,-294,16928,1,0,-1,74,76,-702
1223,35254707,35253571,6,-296,16927,1,-1,-1,75,76,-702
1224,35278707,35277838,5,-296,16925,1,-1,-1,75,75,-701
1225,35302707,35302106,3,-298,16922,1,-1,-1,76,75,-701
1226,35326707,35326368,4,-298,16922,1,-1,-1,74,74,-700
1227,35350707,35350633,6,-297,16923,1,-1,-1,74,74,-701
1228,35376707,35374901,8,-298,16922,1,-2,-1,74,76,-702
1229,35400707,35399171,11,-299,16921,1,-2,-1,74,75,-703
1230,35424707,35423442,11,-297,16922,1,-2,-1,73,77,-701
1231,35448707,35447706,-11,-287,17015,2,3,0,72,77,-702
1232,35472707,35471974,-18,-284,17011,2,6,0,72,78,-703
1233,35496707,35496234,-19,-282,17017,2,4,0,71,79,-702
1234,35520707,35520497,-20,-283,17014,1,2,0,72,78,-703
1235,35546707,35544771,-21,-286,17011,0,1,0,73,79,-703
1236,35570707,35569031,-21,-287,17011,-1,0,0,73,77,-702
1237,35594707,35593293,-11,-302,16959,-2,5,0,72,76,-701
1238,35618707,35617556,-10,-300,16980,0,8,-1,73,75,-703
1239,35642707,35641817,10,-308,16891,-1,3,-1,74,74,-702
1240,35666707,35666087,18,-311,16864,-3,-3,-1,75,72,-701
1241,35690707,35690358,22,-316,16851,-4,-3,-1,75,72,-702
1242,35714707,35714626,23,-314,16854,-3,-1,-2,73,72,-702
1243,35740708,35738897,23,-312,16854,-3,0,-2,73,71,-700
1244,35764707,35763157,35,-324,16793,-4,5,-1,72,71,-701
1245,35788707,35787420,22,-301,16874,-1,3,-1,73,71,-701
1246,35812707,35811685,16,-303,16858,-4,-1,-1,71,72,-700
1247,35836707,35835949,21,-303,16856,-5,-3,-1,70,72,-701
1248,35862087,35860315,21,-302,16888,-4,-1,-1,70,72,-701
1249,35886086,35884632,20,-300,16894,-3,0,-1,71,73,-700
1250,35910086,35908906,15,-317,16786,-3,11,0,72,72,-700
1251,35934086,35933171,9,-318,16784,-3,12,0,73,72,-702
1252,35958086,35957433,-8,-308,16838,-3,6,-1,75,72,-702
1253,35982086,35981701,-9,-319,16808,-5,3,-1,74,73,-702
1254,36006086,36005966,-5,-322,16802,-4,3,-1,74,72,-701
1255,36032086,36030232,-5,-323,16801,-3,5,-1,76,71,-701
1256,36056086,36054497,-4,-325,16800,-2,6,-1,76,71,-700
1257,36080086,36078760,-2,-324,16798,-2,6,-1,75,71,-699
1258,36104086,36103026,3,-308,16907,-2,-5,-2,75,71,-699
1259,36128086,36127290,9,-310,16907,-2,-5,-2,76,70,-699
1260,36152086,36151558,12,-308,16913,-1,-4,-2,75,70,-699
1261,36176086,36175828,13,-306,16913,0,-3,-2,74,70,-700
1262,36202087,36200098,15,-304,16914,0,-2,-2,74,69,-700
1263,36226086,36224365,15,-305,16916,0,-1,-3,74,70,-701
1264,36250086,36248631,12,-306,16917,0,-2,-3,73,71,-702
1265,36274086,36272893,9,-308,16919,0,-2,-3,73,71,-703
1266,36298086,36297159,6,-308,16919,1,-2,-3,74,71,-703
1267,36322086,36321421,6,-307,16922,1,-2,-3,72,72,-701
1268,36346086,36345683,9,-307,16926,1,-2,-3,71,72,-701
1269,36370086,36369947,9,-305,16928,1,-2,-2,73,73,-700
1270,36396087,36394215,9,-306,16926,1,-2,-2,73,74,-700
1271,36420086,36418482,7,-305,16925,1,-2,-2,74,74,-699
1272,36444086,36442744,8,-304,16927,1,-2,-2,74,73,-699
1273,36468086,36467006,9,-302,16927,1,-2,-2,74,73,-699
1274,36492086,36491268,12,-301,16930,1,-2,-2,74,73,-698
1275,36516086,36515532,13,-302,16932,1,-1,-2,75,74,-699
1276,36541051,36539827,12,-303,16931,1,-1,-2,75,74,-698
1277,36565051,36564107,13,-302,16928,1,-1,-1,75,73,-699
1278,36589051,36588375,15,-304,16928,1,-1,-1,74,72,-698
1279,36613051,36612638,18,-305,16928,1,-1,-1,72,73,-699
1280,36638537,36637003,20,-304,16928,1,0,-1,72,74,-699
1281,36662537,36661319,18,-306,16929,1,0,-1,72,75,-700
1282,36686537,36685584,16,-307,16926,1,0,-1,71,75,-699
1283,36710537,36709847,15,-307,16924,1,0,-1,72,75,-700
1284,36734537,36734111,14,-306,16926,1,0,-1,73,75,-701
1285,36758537,36758375,13,-308,16929,1,0,-1,73,75,-701
1286,36784538,36782652,12,-308,16930,1,0,-1,73,75,-701
1287,36808537,36806912,10,-308,16931,1,0,-1,73,74,-701
1288,36832537,36831172,8,-309,16930,1,0,-1,73,73,-700
1289,36856537,36855434,9,-309,16930,1,0,-1,73,72,-700
1290,36880537,36879707,10,-309,16932,1,0,-1,74,71,-701
1291,36904537,36903970,11,-311,16934,2,0,-1,74,70,-699
1292,36928537,36928231,25,-316,16934,2,-1,-2,73,70,-699
1293,36952537,36952495,31,-310,16925,2,6,-1,74,69,-699
1294,36978537,36976763,30,-305,16934,2,5,-1,75,70,-698
1295,37002537,37001027,30,-303,16933,1,2,-1,76,70,-700
1296,37026538,37025291,31,-302,16934,0,0,-1,77,69,-700
1297,37050537,37049953,34,-299,16932,-1,-1,-1,76,69,-699
1298,37074537,37074236,36,-297,16929,-1,-1,-1,75,70,-698
1299,37098537,37098504,47,-289,16912,0,4,0,77,71,-699
1300,37124537,37122870,26,-283,16904,1,8,0,77,71,-698
1301,37148537,37147158,18,-285,16913,-1,0,-1,76,74,-698
1302,37172537,37171431,20,-288,16902,-3,-3,-1,77,73,-700
1303,37196537,37195698,22,-288,16900,-2,-2,-1,77,75,-699
1304,37220537,37219961,21,-289,16897,-1,-1,-1,77,75,-699
1305,37244537,37244225,22,-289,16898,-1,-1,-1,78,74,-699
1306,37268537,37268490,33,-282,16887,0,3,-1,78,75,-699
1307,37294537,37292759,15,-287,16895,-1,-2,-1,74,75,-699
1308,37318537,37317027,22,-285,16902,-3,-8,-1,73,74,-700
1309,37342537,37341291,23,-287,16897,-2,-8,-1,73,72,-701
1310,37366537,37365562,23,-286,16899,-2,-5,-1,71,73,-700
1311,37390537,37389826,20,-286,16899,-1,-4,-1,70,73,-700
1312,37416052,37414233,16,-283,16892,-1,3,0,69,74,-701
1313,37440051,37438554,6,-282,16886,0,5,0,68,76,-700
1314,37464050,37462822,-6,-290,16893,-3,-3,0,70,76,-700
1315,37488050,37487087,-3,-292,16896,-5,-5,0,71,74,-701
1316,37512050,37511349,-4,-294,16893,-4,-3,0,72,75,-703
1317,37536050,37535610,-4,-297,16895,-4,-2,0,73,74,-703
1318,37560050,37559872,-6,-300,16893,-3,-1,0,74,74,-703
1319,37586050,37584142,-5,-299,16893,-3,-1,1,74,74,-702
1320,37610050,37608416,-2,-301,16899,-3,-7,0,74,73,-702
1321,37634050,37632677,4,-300,16902,-3,-8,0,76,72,-703
1322,37658050,37656940,4,-298,16907,-1,-5,0,75,71,-704
1323,37682050,37681200,9,-296,16910,0,-4,0,76,70,-703
1324,37706050,37705463,10,-294,16912,0,-3,-1,76,71,-701
1325,37730050,37729725,11,-292,16913,0,-3,-1,77,72,-701
1326,37754050,37753991,13,-290,16915,0,-3,-1,77,73,-701
1327,37780050,37778257,12,-292,16916,0,-2,-1,77,71,-702
1328,37804050,37802521,16,-291,16916,1,-2,-1,78,72,-702
1329,37828050,37826789,18,-293,16917,1,-1,-1,78,71,-701
1330,37852050,37851056,20,-295,16918,1,0,-1,76,72,-701
1331,37876050,37875321,21,-295,16917,1,0,-1,77,73,-701
1332,37900050,37899584,19,-298,16916,1,0,-1,77,72,-702
1333,37924050,37923849,18,-299,16915,1,0,-1,76,72,-702
1334,37950050,37948119,17,-300,16915,1,1,-1,75,71,-702
1335,37974050,37972384,18,-301,16915,1,1,-1,74,71,-702
1336,37998050,37996648,16,-302,16916,1,1,-1,74,71,-701
1337,38022050,38020909,15,-302,16916,1,1,-1,74,70,-702
1338,38046050,38045171,14,-302,16915,1,0,-1,74,68,-702
1339,38070050,38069438,13,-304,16915,1,0,-1,73,69,-702
1340,38095318,38093732,14,-302,16915,1,0,-1,73,68,-702
1341,38119318,38118022,15,-301,16915,2,0,-2,74,69,-701
1342,38143318,38142285,14,-301,16913,2,0,-1,75,68,-702
1343,38167318,38166551,15,-300,16912,1,0,-1,76,68,-702
1344,38192498,38190929,17,-301,16911,2,0,-1,76,70,-703
1345,38216497,38215254,20,-303,16910,2,0,-1,75,71,-703
1346,38240497,38239525,21,-302,16910,1,0,-1,76,73,-702
1347,38264497,38263792,21,-301,16910,1,0,-1,76,71,-700
1348,38288497,38288057,21,-300,16911,1,0,-1,76,71,-700
1349,38312497,38312323,20,-300,16913,1,0,-1,75,71,-701
1350,38338498,38336599,22,-301,16914,0,1,-1,75,72,-699
1351,38362497,38360871,22,-302,16915,0,1,-1,75,71,-699
1352,38386497,38385135,23,-301,16917,0,1,-1,75,71,-701
1353,38410497,38409397,23,-302,16919,0,1,-1,75,72,-701
1354,38434497,38433658,19,-303,16921,0,1,0,75,72,-700
1355,38458497,38457925,17,-304,16920,0,1,0,73,74,-702
1356,38482497,38482185,15,-306,16920,0,1,0,72,75,-702
1357,38506497,38506447,16,-309,16917,1,1,-1,73,76,-701
1358,38532497,38530719,15,-309,16916,1,1,-1,72,76,-702
1359,38556497,38554981,14,-310,16912,1,0,-1,72,77,-702
1360,38580497,38579248,12,-308,16908,1,0,-1,73,77,-701
1361,38604497,38603512,10,-305,16907,1,0,-1,73,76,-699
1362,38628497,38627773,12,-302,16904,1,0,-2,73,74,-701
1363,38652497,38652035,-17,-308,16835,6,0,-3,73,74,-700
1364,38676497,38676296,-20,-307,16846,6,3,-3,74,74,-701
1365,38702498,38700569,-27,-304,16850,6,1,-3,74,74,-702
1366,38726497,38724834,-26,-302,16848,5,-1,-3,73,75,-701
1367,38750497,38749095,-26,-302,16850,5,-2,-3,73,74,-700
1368,38774497,38773360,-28,-304,16851,4,-3,-2,73,74,-699
1369,38798497,38797627,-1,-316,16862,4,-3,-2,72,74,-699
1370,38822497,38821893,-7,-317,16869,7,0,-2,72,74,-697
1371,38846497,38846157,20,-308,16952,2,0,-1,73,73,-697
1372,38870497,38870420,21,-307,16943,0,-6,-1,73,72,-697
1373,38896498,38894691,28,-308,16940,0,-6,-1,73,71,-697
1374,38920497,38918954,28,-307,16940,0,-5,-1,74,71,-696
1375,38944497,38943220,28,-307,16942,1,-4,-1,75,72,-697
1376,38967978,38967555,27,-319,16827,1,8,-1,76,73,-698
1377,38991978,38991866,1,-305,16841,1,10,-1,76,73,-699
1378,39017979,39016146,0,-306,16837,-3,6,-1,76,73,-701
1379,39041978,39040414,4,-308,16823,-4,3,-1,76,74,-700
1380,39065978,39064688,7,-307,16820,-3,5,-1,75,74,-701
1381,39089978,39088958,8,-305,16823,-2,6,-1,74,75,-701
1382,39113978,39113223,4,-300,16913,6,7,-1,76,76,-702
1383,39137978,39137485,2,-295,16935,5,8,-1,74,74,-702
1384,39161978,39161751,3,-284,17049,3,-6,-2,75,73,-702
1385,39187979,39186018,2,-287,17022,2,-10,-2,75,73,-702
1386,39211978,39210280,8,-286,17020,3,-10,-2,74,74,-703
1387,39235978,39234546,9,-287,17020,4,-8,-2,75,73,-703
1388,39259978,39258809,10,-287,17019,4,-7,-2,75,74,-702
1389,39283978,39283069,11,-288,17016,4,-7,-2,76,73,-702
1390,39307978,39307339,15,-294,16927,-3,-6,-1,74,72,-702
1391,39331978,39331608,17,-296,16905,-3,-7,-1,74,75,-702
1392,39355978,39355875,19,-293,16907,-1,-4,-1,74,75,-702
1393,39381978,39380151,21,-293,16910,0,-2,-1,75,75,-702
1394,39405978,39404413,21,-294,16909,1,-1,-1,75,75,-703
1395,39429978,39428676,20,-294,16909,1,-1,-1,76,76,-703
1396,39453978,39452940,18,-297,16910,1,-1,-1,76,76,-703
1397,39477978,39477586,15,-296,16909,1,-1,-1,77,76,-703
1398,39501978,39501871,16,-296,16907,1,-1,-1,77,75,-702
1399,39527979,39526145,17,-297,16906,1,-1,-1,77,75,-702
1400,39551978,39550470,16,-298,16905,1,-1,-1,77,74,-701
1401,39575978,39574768,16,-298,16906,1,-1,-1,76,74,-701
1402,39599978,39599036,18,-296,16907,1,-1,-1,76,74,-701
1403,39623978,39623299,17,-295,16909,1,-1,-1,76,73,-702
1404,39648964,39647591,19,-293,16908,2,-1,-1,76,73,-702
1405,39672964,39671882,20,-296,16908,1,-1,-1,76,74,-701
1406,39696964,39696149,20,-296,16908,1,-1,-1,75,76,-701
1407,39720964,39720415,20,-298,16908,1,-1,-1,75,74,-702
1408,39746196,39744808,21,-299,16907,1,-1,-1,75,74,-703
1409,39770196,39769121,22,-299,16904,2,-1,-1,75,75,-703
1410,39794196,39793405,21,-300,16903,1,-1,-1,76,74,-703
1411,39818196,39817672,21,-301,16901,2,-1,-1,74,73,-703
1412,39842196,39841933,20,-300,16901,2,-1,-1,74,73,-703
1413,39868196,39866202,19,-297,16899,2,-1,-1,75,72,-703
1414,39892196,39890469,18,-296,16899,1,-1,-1,76,72,-705
1415,39916196,39914732,18,-294,16900,1,-1,-1,76,74,-705
1416,39940196,39938996,17,-294,16900,1,-1,-1,76,75,-705
1417,39964196,39963259,16,-294,16900,1,-1,-1,76,75,-703
1418,39988196,39987524,15,-293,16899,1,0,-1,75,74,-703
1419,40012196,40011788,12,-294,16899,1,0,-1,76,75,-702
1420,40036196,40036055,10,-297,16902,1,0,-1,77,75,-702
1421,40062196,40060329,11,-299,16905,1,0,-1,76,76,-703
1422,40086196,40084593,9,-299,16909,1,0,-1,76,74,-703
1423,40110196,40108857,6,-301,16910,1,0,-1,75,74,-702
1424,40134196,40133124,5,-300,16911,1,0,-1,76,74,-702
1425,40158196,40157384,-31,-292,16995,11,2,-1,75,73,-704
1426,40182196,40181653,-38,-290,16993,10,3,-1,77,73,-702
1427,40206196,40205914,-39,-286,16998,9,1,-1,77,72,-703
1428,40230196,40230175,-39,-283,16997,8,0,-1,76,73,-703
1429,40256196,40254437,-39,-282,16998,8,-1,-1,75,72,-703
1430,40280196,40278703,-37,-283,16996,8,-2,-2,75,73,-702
1431,40304196,40302968,-11,-285,16994,7,-1,-2,75,72,-700
1432,40328196,40327233,-22,-291,16979,7,3,-2,75,72,-699
1433,40352196,40351498,11,-298,16902,-2,1,-2,75,72,-699
1434,40376196,40375764,19,-302,16903,-2,-3,-2,74,73,-700
1435,40400196,40400030,22,-306,16898,-2,-2,-2,74,73,-700
1436,40426196,40424301,23,-308,16897,-2,-1,-2,74,74,-699
1437,40450196,40448564,23,-307,16897,-2,-1,-2,74,74,-699
1438,40474196,40472824,23,-305,16896,-2,-1,-2,75,72,-698
1439,40498196,40497089,22,-293,16941,-2,4,-1,75,73,-699
1440,40521935,40521421,29,-289,16952,-3,-1,-1,74,73,-700
1441,40545935,40545733,29,-289,16950,-3,-3,-1,74,73,-700
1442,40571936,40570008,30,-290,16951,-3,-2,-1,75,73,-700
1443,40595935,40594273,30,-290,16951,-2,-1,-1,75,72,-700
1444,40619935,40618540,38,-291,16945,-2,4,-1,75,72,-700
1445,40643935,40642803,30,-291,16941,0,8,0,76,70,-701
1446,40667935,40667067,26,-287,16951,-1,4,0,76,72,-701
1447,40691935,40691333,3,-294,16912,-1,-3,-1,76,73,-701
1448,40715935,40715597,5,-293,16918,-2,-5,-1,76,73,-701
1449,40739935,40739861,6,-296,16912,-1,-4,-1,74,75,-700
1450,40765935,40764140,4,-295,16913,-1,-3,-1,75,74,-701
1451,40789935,40788411,4,-296,16912,-1,-2,-1,74,75,-700
1452,40813935,40812675,-2,-298,16916,-1,-7,-1,74,74,-701
1453,40837935,40836940,6,-300,16916,-2,-10,-1,73,74,-701
1454,40861935,40861203,10,-305,16904,-1,-7,-2,73,73,-702
1455,40885935,40885461,8,-308,16896,-1,-4,-2,74,72,-703
1456,40909935,40909722,7,-310,16892,0,-3,-2,74,73,-703
1457,40935936,40933993,4,-309,16893,0,-2,-1,76,72,-702
1458,40959935,40958256,3,-309,16895,0,-1,-1,75,74,-702
1459,40983935,40982520,3,-307,16896,0,-1,-1,75,73,-701
1460,41007935,41006786,1,-304,16895,0,-1,-1,75,75,-700
1461,41031935,41031050,2,-305,16898,0,-1,-1,76,76,-699
1462,41055935,41055313,4,-304,16900,0,-1,-1,76,77,-698
1463,41079935,41079579,6,-304,16899,0,-1,-1,76,76,-697
1464,41103935,41103840,9,-302,16903,1,-1,-1,76,77,-696
1465,41129936,41128112,14,-300,16903,1,-1,-1,76,77,-697
1466,41153935,41152374,17,-300,16901,0,-1,-1,75,76,-697
1467,41177935,41176635,17,-299,16902,0,-1,-1,76,77,-698
1468,41202882,41200916,18,-299,16903,0,0,-1,76,76,-699
1469,41226882,41225211,14,-299,16904,0,0,-1,74,76,-698
1470,41250882,41249473,12,-301,16905,0,0,-1,75,75,-700
1471,41274882,41273739,14,-301,16907,0,0,-1,74,77,-701
1472,41300036,41298121,13,-301,16906,0,0,-1,75,76,-702
1473,41324035,41322440,12,-301,16902,0,0,-1,75,77,-702
1474,41348035,41346710,13,-301,16901,1,0,-1,75,78,-703
1475,41372035,41370973,12,-302,16900,1,0,-1,76,78,-703
1476,41396035,41395239,13,-304,16900,1,-1,-1,77,79,-704
1477,41420035,41419502,14,-304,16900,1,-1,-1,78,79,-705
1478,41444035,41443765,15,-303,16901,2,-1,-1,77,78,-704
1479,41470036,41468037,14,-303,16900,2,-1,-1,78,78,-702
1480,41494035,41492309,12,-303,16900,1,-1,-1,77,77,-703
1481,41518035,41516576,11,-302,16902,1,-1,-1,77,75,-700
1482,41542035,41540842,9,-303,16904,1,-1,-1,77,74,-701
1483,41566035,41565106,8,-304,16906,1,-1,-1,76,74,-700
1484,41590035,41589371,7,-303,16909,1,-1,-1,74,73,-699
1485,41614035,41613634,8,-300,16910,1,-1,-1,74,74,-699
1486,41638035,41637898,8,-298,16910,1,-1,-1,75,75,-699
1487,41664035,41662171,8,-297,16911,1,-1,-1,76,74,-701
1488,41688035,41686435,10,-297,16914,1,-1,-1,75,75,-700
1489,41712035,41710697,13,-296,16917,1,-1,-1,76,76,-701
1490,41736035,41734961,47,-301,16924,1,-1,-1,76,76,-701
1491,41760035,41759230,45,-296,16939,2,-1,-1,76,76,-701
1492,41784035,41783495,46,-293,16943,2,-2,-1,77,76,-701
1493,41808035,41807761,46,-293,16944,1,-3,-1,77,75,-701
1494,41832035,41832025,45,-294,16942,1,-3,-1,77,74,-701
1495,41858035,41856292,44,-298,16944,0,-3,-1,76,75,-699
1496,41882035,41880555,41,-312,16869,-1,4,0,77,75,-700
1497,41906035,41905203,34,-315,16856,0,7,0,76,75,-699
1498,41930035,41929479,-3,-307,16851,-1,6,-1,77,76,-700
1499,41954035,41953747,2,-312,16831,-4,3,0,77,75,-700
1500,41980036,41978107,4,-313,16826,-3,3,0,78,75,-701
1501,42004035,42002395,6,-312,16823,-3,4,-1,77,76,-700
1502,42028035,42026665,9,-312,16824,-3,4,-1,76,77,-701
1503,42052035,42050931,10,-308,16823,-3,4,-1,77,76,-702
1504,42075591,42075296,32,-293,16879,-2,2,-2,76,76,-703
1505,42101592,42099614,33,-291,16898,-1,0,-2,76,75,-704
1506,42125591,42123887,31,-289,16901,-2,-2,-2,75,75,-703
1507,42149591,42148155,28,-286,16905,-2,-2,-3,74,75,-702
1508,42173591,42172419,26,-287,16906,-2,-2,-2,73,76,-703
1509,42197591,42196684,24,-290,16905,-2,-2,-2,74,74,-702
1510,42221591,42220962,22,-292,16906,-2,-2,-2,74,75,-702
1511,42245591,42245230,22,-293,16906,-2,-2,-2,74,76,-703
1512,42269591,42269499,4,-292,16924,-2,-8,-2,73,75,-700
1513,42295591,42293771,10,-295,16920,-3,-9,-2,74,76,-699
1514,42319591,42318036,18,-295,16915,-1,-5,-1,76,76,-699
1515,42343591,42342300,19,-297,16916,0,-3,-1,75,75,-699
1516,42367591,42366569,16,-297,16916,0,-2,-1,74,74,-699
1517,42391591,42390832,16,-296,16917,0,-2,-1,74,75,-699
1518,42415591,42415096,16,-294,16916,0,-1,-1,74,74,-698
1519,42439591,42439357,16,-296,16915,0,-1,-1,73,74,-697
1520,42465591,42463633,15,-296,16915,0,-1,-1,74,74,-698
1521,42489591,42487899,11,-297,16913,1,-1,-1,72,73,-700
1522,42513591,42512163,9,-299,16912,1,-1,-1,71,73,-701
1523,42537591,42536427,8,-299,16910,1,-1,-1,71,71,-699
1524,42561591,42560691,10,-299,16909,1,-1,-1,73,72,-700
1525,42585591,42584955,14,-299,16910,2,0,-1,73,72,-699
1526,42609591,42609221,14,-300,16911,2,0,-1,73,71,-699
1527,42633591,42633486,16,-299,16911,2,0,-1,72,70,-700
1528,42659591,42657759,19,-302,16908,2,0,-1,72,71,-700
1529,42683591,42682024,21,-303,16906,1,0,-1,73,72,-698
1530,42707591,42706290,21,-304,16905,1,0,-1,74,72,-697
1531,42731591,42730566,21,-303,16906,1,0,-1,75,74,-698
1532,42756567,42754851,21,-304,16908,1,0,-1,75,74,-698
1533,42780567,42779140,18,-306,16907,1,0,-1,74,73,-699
1534,42804567,42803407,20,-306,16905,1,0,-1,75,75,-698
1535,42828567,42827669,20,-304,16907,1,-1,0,76,73,-698
1536,42853752,42852029,19,-300,16910,1,0,0,76,73,-700
1537,42877751,42876344,18,-298,16911,1,0,0,75,75,-701
1538,42901751,42900613,17,-297,16911,1,0,0,75,75,-701
1539,42925751,42924884,17,-297,16909,1,0,0,75,74,-701
1540,42949751,42949159,17,-297,16909,1,-1,-1,75,74,-701
1541,42973751,42973427,19,-296,16909,1,-1,-1,75,75,-700
1542,42997751,42997690,20,-295,16910,1,-1,-1,75,76,-701
1543,43023751,43021958,18,-294,16908,1,-1,-1,75,77,-700
1544,43047751,43046221,17,-295,16906,1,-1,-1,76,77,-699
1545,43071751,43070485,17,-295,16906,1,0,-1,76,75,-700
1546,43095751,43094750,17,-295,16908,1,0,-1,75,75,-699
1547,43119751,43119014,16,-295,16910,1,0,-1,76,74,-700
1548,43143751,43143277,16,-295,16910,1,0,-1,76,74,-700
1549,43167751,43167537,-26,-298,16863,7,9,0,77,73,-701
1550,43193752,43191815,-33,-297,16879,9,12,0,77,72,-702
1551,43217751,43216080,-35,-296,16880,9,10,0,77,72,-702
1552,43241751,43240346,-36,-296,16878,8,8,0,76,72,-703
1553,43265751,43264607,-37,-297,16876,8,7,0,75,73,-702
1554,43289751,43288870,-36,-299,16874,7,6,0,75,74,-702
1555,43313751,43313133,-39,-311,16812,7,11,0,75,74,-702
1556,43337751,43337396,-41,-308,16825,8,13,1,75,73,-703
1557,43361751,43361656,-7,-305,16870,1,2,0,74,74,-701
1558,43387751,43385927,-1,-308,16853,-2,-2,0,74,74,-700
1559,43411751,43410192,1,-310,16851,-1,-1,0,74,74,-699
1560,43435751,43434462,1,-312,16851,-1,1,0,74,73,-698
1561,43459751,43458730,-37,-310,16839,6,9,1,77,73,-698
1562,43483751,43482992,-42,-303,16863,5,11,1,77,72,-698
1563,43507751,43507256,-39,-293,16906,4,3,0,77,73,-697
1564,43531751,43531519,-37,-295,16887,4,0,0,76,73,-696
1565,43557752,43555789,-33,-295,16886,4,0,0,75,74,-698
1566,43581751,43580051,-33,-294,16886,5,1,0,75,75,-698
1567,43605751,43604317,-33,-291,16889,5,2,0,75,75,-699
1568,43629243,43628654,-31,-290,16891,5,2,0,77,76,-700
1569,43653243,43652967,8,-293,16904,-2,-6,-1,74,78,-702
1570,43679243,43677249,14,-299,16881,-1,-6,-1,74,78,-703
1571,43703243,43701519,16,-299,16900,0,-4,-1,74,78,-703
1572,43727243,43725780,16,-299,16903,0,-3,-1,75,78,-703
1573,43751243,43750045,15,-300,16903,0,-2,-1,77,78,-702
1574,43775243,43774307,17,-301,16902,1,-1,-1,77,78,-702
1575,43799243,43798568,18,-304,16902,1,-1,-1,76,80,-702
1576,43823243,43822830,19,-305,16902,2,-1,-1,75,79,-702
1577,43847243,43847092,18,-304,16904,2,-1,-1,75,77,-700
1578,43873244,43871364,17,-304,16906,2,-1,-1,74,76,-699
1579,43897243,43895629,14,-302,16905,2,-1,-2,73,75,-700
1580,43921243,43919894,15,-303,16906,2,-1,-2,73,76,-701
1581,43945243,43944164,17,-304,16908,2,-1,-2,73,76,-701
1582,43969243,43968428,16,-303,16911,1,-1,-2,72,76,-702
1583,43993243,43992698,15,-301,16913,1,-1,-2,73,74,-702
1584,44017243,44016960,16,-300,16914,1,0,-2,73,74,-702
1585,44041243,44041226,17,-299,16912,1,0,-1,74,73,-702
1586,44067243,44065488,19,-297,16911,1,0,-1,75,74,-702
1587,44091243,44089752,23,-296,16910,1,0,-1,74,74,-701
1588,44115243,44114016,23,-295,16912,1,0,-1,74,73,-700
1589,44139243,44138281,22,-296,16912,1,0,-1,75,73,-701
1590,44163243,44162550,19,-297,16909,1,-1,-1,74,72,-700
1591,44187243,44186816,17,-299,16908,1,-1,-1,75,73,-700
1592,44211243,44211083,13,-301,16908,1,-1,-1,76,74,-700
1593,44237243,44235360,11,-302,16909,1,-1,-1,75,75,-701
1594,44261243,44259624,9,-305,16909,1,-1,-1,74,75,-702
1595,44285243,44283891,8,-306,16908,1,-1,-1,74,74,-702
1596,44308182,44308166,7,-308,16906,1,0,-1,75,73,-702
1597,44334177,44332884,8,-308,16907,1,0,-1,74,73,-701
1598,44358177,44357179,10,-307,16906,1,0,-1,75,73,-702
1599,44382177,44381448,11,-305,16907,1,0,0,74,73,-702
1600,44407862,44405901,14,-304,16905,2,0,0,74,71,-701
1601,44431862,44430241,16,-304,16905,2,0,0,75,71,-702
1602,44455862,44454511,17,-302,16907,2,0,0,76,71,-703
1603,44479862,44478776,18,-301,16910,2,0,0,75,71,-703
1604,44503862,44503037,19,-298,16912,2,0,0,74,71,-703
1605,44527862,44527301,18,-297,16911,2,0,0,73,72,-702
1606,44551862,44551569,18,-299,16911,2,0,0,73,72,-702
1607,44575862,44575833,20,-301,16909,2,0,0,72,72,-703
1608,44601862,44600097,19,-301,16907,2,0,0,72,72,-702
1609,44625862,44624362,-36,-295,16907,5,2,-1,73,72,-701
1610,44649862,44648636,-41,-292,16912,5,5,-1,73,72,-700
1611,44673862,44672901,-48,-289,16909,3,2,-1,74,72,-700
1612,44697862,44697168,-48,-287,16906,2,0,-1,75,72,-700
1613,44721862,44721434,-48,-285,16906,2,-2,-1,75,73,-701
1614,44745862,44745695,-50,-284,16905,1,-2,-2,76,74,-701
1615,44771863,44769972,-50,-283,16905,1,-3,-2,75,73,-701
1616,44795862,44794235,-63,-287,16890,2,2,-1,75,74,-702
1617,44819862,44818497,-14,-291,16893,-1,0,0,73,73,-701
1618,44843862,44842760,-11,-296,16881,-1,-5,-1,74,73,-702
1619,44867862,44867025,-7,-302,16881,0,-4,-1,73,73,-702
1620,44891862,44891288,-10,-306,16880,0,-2,-1,71,73,-702
1621,44915862,44915554,-10,-307,16880,1,-1,-1,72,72,-702
1622,44939862,44939819,-9,-308,16881,1,-1,-1,72,73,-702
1623,44965862,44964086,-27,-307,16867,1,7,-1,73,74,-703
1624,44989862,44988348,-20,-301,16885,1,3,-1,74,75,-703
1625,45013862,45012610,-14,-304,16885,-2,-1,-1,74,76,-704
1626,45037862,45036882,-13,-302,16890,-3,-1,-1,74,77,-703
1627,45061862,45061145,-10,-299,16890,-3,-1,-1,76,76,-703
1628,45085862,45085407,-7,-296,16892,-4,-2,-1,77,77,-701
1629,45109862,45109669,-8,-295,16894,-4,-2,-1,77,77,-701
1630,45135863,45133942,-9,-292,16895,-4,-2,0,77,76,-700
1631,45159862,45158208,7,-294,16909,-4,-10,0,76,75,-700
1632,45183342,45182545,14,-295,16910,-5,-11,0,76,74,-700
1633,45207342,45206860,15,-294,16907,-2,-7,0,76,75,-700
1634,45231342,45231133,16,-294,16908,-1,-5,0,75,76,-702
1635,45257342,45255406,14,-293,16910,0,-4,0,73,75,-703
1636,45281342,45279667,14,-294,16909,0,-3,0,73,75,-705
1637,45305342,45303931,16,-296,16908,0,-2,0,74,75,-705
1638,45329342,45328195,17,-299,16907,0,-1,0,72,76,-706
1639,45353342,45352456,17,-300,16905,0,-1,0,73,77,-705
1640,45377342,45376725,19,-300,16901,1,-1,-1,73,77,-704
1641,45401342,45400988,17,-298,16902,1,0,-1,73,76,-703
1642,45425342,45425252,16,-297,16902,0,0,-1,73,77,-702
1643,45451343,45449522,16,-297,16902,0,0,-1,74,76,-702
1644,45475342,45473781,16,-296,16902,0,0,-1,74,75,-701
1645,45499342,45498044,17,-296,16901,1,0,-1,74,75,-701
1646,45523342,45522310,16,-295,16901,0,0,-1,74,75,-701
1647,45547342,45546574,17,-295,16900,1,0,-1,74,73,-701
1648,45571342,45570836,16,-295,16902,1,0,-1,73,73,-701
1649,45595342,45595099,18,-296,16900,1,0,-1,74,73,-702
1650,45621342,45619373,22,-297,16900,1,0,-1,73,72,-701
1651,45645342,45643634,24,-299,16899,1,0,-1,73,73,-700
1652,45669342,45667901,23,-302,16898,2,0,-1,73,73,-699
1653,45693342,45692164,21,-303,16899,2,0,-1,72,75,-700
1654,45717342,45716431,24,-307,16900,2,0,-1,73,74,-700
1655,45741342,45740693,23,-308,16902,2,0,-2,73,75,-700
1656,45765342,45764961,23,-308,16904,2,0,-2,73,74,-700
1657,45789342,45789227,21,-310,16905,2,0,-1,74,73,-700
1658,45815343,45813498,18,-309,16906,2,0,-1,74,73,-700
1659,45839342,45837762,18,-309,16906,2,0,-1,75,73,-700
1660,45862576,45862031,18,-309,16906,2,0,-1,76,73,-700
1661,45886576,45886333,18,-305,16908,2,0,-1,76,72,-698
1662,45912576,45910610,17,-302,16909,2,0,-1,76,73,-698
1663,45936576,45934872,17,-300,16912,2,0,-1,77,73,-698
1664,45959721,45959214,18,-300,16912,2,0,-1,76,75,-698
1665,45983721,45983542,18,-301,16912,2,0,-1,76,75,-698
1666,46009721,46007821,19,-302,16912,2,0,-1,75,75,-698
1667,46033721,46032087,41,-326,16822,15,5,-1,75,75,-698
1668,46057721,46056351,40,-321,16848,16,8,-1,75,74,-699
1669,46081721,46080616,38,-320,16857,15,7,-1,75,74,-700
1670,46105721,46104893,39,-321,16849,14,4,-1,75,74,-700
1671,46129721,46129160,39,-320,16843,13,2,-1,74,73,-702
1672,46153721,46153426,38,-319,16841,13,1,-1,72,73,-702
1673,46177721,46177692,37,-318,16840,13,0,-1,72,73,-702
1674,46203721,46201958,-15,-317,16869,20,3,-2,73,73,-704
1675,46227721,46226221,-42,-290,16973,7,2,-2,72,73,-705
1676,46251721,46250486,-50,-293,16947,3,-5,-2,72,74,-705
1677,46275721,46274748,-47,-296,16933,3,-7,-2,71,74,-705
1678,46299721,46299014,-50,-296,16936,3,-6,-2,73,73,-704
1679,46323721,46323284,-52,-297,16936,3,-5,-2,72,73,-704
1680,46347721,46347550,-54,-299,16936,3,-5,-2,74,74,-703
1681,46373722,46371828,-58,-295,16923,4,2,-2,74,74,-703
1682,46397721,46396094,-13,-292,16891,-3,-1,-1,74,75,-702
1683,46421721,46420359,-6,-294,16869,-5,-7,-1,74,75,-701
1684,46445721,46444623,3,-296,16869,-4,-5,-1,74,74,-700
1685,46469721,46468891,3,-296,16875,-2,-3,-1,75,75,-699
1686,46493721,46493156,6,-295,16880,-1,-2,-1,73,77,-699
1687,46517721,46517417,9,-297,16881,-1,-1,-1,75,76,-698
1688,46541721,46541680,10,-298,16884,-1,-1,-1,75,75,-698
1689,46567721,46565947,14,-301,16897,-1,-7,-2,77,76,-699
1690,46591721,46590210,19,-303,16900,-1,-7,-2,78,75,-700
1691,46615721,46614476,17,-304,16908,0,-5,-2,78,76,-700
1692,46639721,46638739,18,-304,16909,0,-3,-2,77,76,-701
1693,46663721,46663002,19,-303,16910,0,-2,-1,77,76,-701
1694,46687721,46687264,18,-302,16910,1,-1,-1,78,76,-702
1695,46711721,46711523,17,-298,16910,0,-1,-1,75,76,-703
1696,46737310,46735893,17,-296,16910,0,0,-1,75,77,-704
1697,46761308,46760536,17,-296,16909,0,0,-1,74,76,-703
1698,46785308,46784817,16,-295,16910,0,0,-1,74,75,-703
1699,46809308,46809085,16,-292,16911,1,0,-1,73,75,-704
1700,46835311,46833483,12,-290,16913,1,0,-1,73,75,-703
1701,46859309,46857768,15,-290,16912,1,0,-2,72,75,-704
1702,46883308,46882038,16,-289,16914,1,0,-2,73,75,-703
1703,46907308,46906305,18,-288,16918,1,0,-1,73,75,-702
1704,46931308,46930572,22,-287,16920,1,-1,-1,73,74,-702
1705,46955308,46954836,26,-286,16922,1,-1,-1,71,73,-702
1706,46979308,46979102,29,-285,16921,1,-1,-1,70,74,-700
1707,47005309,47003369,28,-286,16918,1,-1,-1,70,72,-701
1708,47029308,47027632,30,-285,16916,0,-1,-1,70,73,-702
1709,47053308,47051893,28,-285,16915,0,0,0,72,71,-702
1710,47077308,47076163,26,-288,16913,1,0,0,70,71,-701
1711,47101308,47100429,24,-291,16911,1,0,0,70,72,-701
1712,47125308,47124688,21,-292,16909,1,0,0,70,71,-701
1713,47149308,47148947,19,-291,16909,1,0,0,72,70,-701
1714,47173308,47173210,19,-292,16909,1,0,0,73,69,-701
1715,47199309,47197482,19,-295,16910,2,0,0,73,70,-701
1716,47223308,47221744,19,-297,16911,2,0,0,72,71,-699
1717,47247308,47246006,19,-297,16911,1,0,0,71,72,-698
1718,47271308,47270271,21,-295,16911,1,0,0,72,72,-699
1719,47295308,47294533,21,-295,16911,1,0,0,74,72,-698
1720,47319308,47318800,21,-296,16913,1,-1,0,76,72,-699
1721,47343308,47343066,21,-310,16913,0,1,0,76,73,-700
1722,47369308,47367337,7,-307,16912,-1,9,0,76,74,-700
1723,47393308,47391602,0,-305,16907,-1,8,0,76,75,-699
1724,47416262,47415876,-2,-305,16905,-2,6,-1,76,74,-699
1725,47440262,47440179,-5,-307,16900,-3,4,-1,76,75,-700
1726,47466263,47464452,-9,-308,16899,-4,3,-1,77,76,-700
1727,47490262,47488716,-3,-308,16891,-5,6,-1,76,75,-701
1728,47513427,47513063,-5,-305,16895,-3,8,-1,75,76,-700
1729,47537427,47537391,-12,-291,16900,-2,6,-1,73,78,-698
1730,47563427,47561670,1,-296,16895,-3,-4,-1,73,78,-699
1731,47587427,47585935,9,-298,16900,-3,-6,-1,74,77,-700
1732,47611427,47610198,10,-297,16900,-2,-4,-1,74,76,-700
1733,47635427,47634465,11,-296,16905,-1,-3,-1,74,75,-699
1734,47659427,47658729,42,-306,16908,-1,8,0,73,75,-699
1735,47683427,47682991,32,-301,16929,2,7,0,71,73,-700
1736,47707427,47707251,30,-299,16930,0,5,0,72,73,-702
1737,47733427,47731525,33,-301,16925,0,3,0,72,72,-701
1738,47757427,47755787,33,-297,16927,0,4,0,71,72,-702
1739,47781427,47780050,34,-295,16927,1,6,0,72,73,-702
1740,47805427,47804314,35,-295,16926,2,9,0,71,74,-702
1741,47829427,47828580,35,-294,16929,3,11,0,71,75,-702
1742,47853427,47852843,4,-284,16931,2,-1,-1,72,74,-703
1743,47877427,47877108,7,-288,16921,-1,-5,-1,72,76,-700
1744,47901427,47901371,11,-293,16913,-1,-7,-1,72,77,-699
1745,47927427,47925642,14,-294,16912,0,-5,-1,74,77,-700
1746,47951427,47949904,15,-297,16914,1,-4,-1,74,77,-698
1747,47975427,47974165,16,-299,16916,0,-4,-1,74,75,-698
1748,47999427,47998431,14,-300,16914,-1,-6,-1,73,75,-698
1749,48023427,48022698,18,-301,16910,-2,-7,-1,74,75,-699
1750,48047427,48046960,19,-301,16905,0,-5,-1,73,75,-699
1751,48071427,48071228,21,-300,16903,0,-4,-1,74,74,-700
1752,48097428,48095495,22,-299,16903,0,-3,-1,73,73,-701
1753,48121427,48119757,21,-298,16902,1,-3,-1,73,75,-701
1754,48145427,48144017,19,-296,16902,1,-2,-1,73,74,-702
1755,48169427,48168280,18,-293,16902,1,-2,-1,72,73,-703
1756,48193427,48192545,17,-292,16904,1,-2,-2,72,73,-702
1757,48217427,48216808,17,-293,16905,1,-2,-2,73,71,-702
1758,48241427,48241073,17,-294,16906,1,-2,-2,74,72,-702
1759,48265427,48265337,16,-295,16905,1,-2,-2,74,71,-702
1760,48291239,48289719,15,-295,16907,1,-1,-2,75,72,-701
1761,48315239,48314030,16,-295,16910,1,-1,-2,74,72,-700
1762,48339239,48338302,16,-296,16912,1,-1,-2,74,71,-701
1763,48363239,48362569,16,-296,16916,1,0,-2,74,73,-700
1764,48387239,48386835,18,-296,16917,1,0,-2,75,73,-700
1765,48411239,48411099,18,-295,16918,1,0,-1,74,75,-698
1766,48437239,48435370,15,-294,16918,1,0,-1,75,74,-698
1767,48461239,48459635,14,-295,16917,1,0,-1,75,73,-698
1768,48485239,48483899,13,-295,16913,0,0,-1,74,73,-698
1769,48509239,48508162,12,-296,16908,1,-1,-1,75,72,-699
1770,48533239,48532436,12,-296,16905,1,-1,-1,76,72,-698
1771,48557239,48556704,12,-295,16902,1,-1,-1,74,72,-698
1772,48581239,48580968,11,-296,16901,1,-1,-1,73,73,-698
1773,48605242,48605238,12,-297,16899,1,-1,-2,74,72,-700
1774,48631239,48629502,14,-299,16898,1,-1,-2,74,73,-698
1775,48655239,48653766,15,-301,16898,1,-1,-1,73,73,-699
1776,48679239,48678032,17,-301,16899,1,-1,-1,73,73,-698
1777,48703239,48702293,17,-302,16901,1,0,-1,72,74,-698
1778,48727239,48726555,7,-316,16770,2,14,-1,72,74,-698
1779,48751239,48750820,0,-321,16750,3,17,-1,74,74,-699
1780,48775239,48775086,-6,-319,16754,3,18,-1,74,73,-700
1781,48801239,48799362,-9,-318,16758,2,15,0,72,72,-700
1782,48825239,48823629,-11,-318,16757,1,13,0,72,70,-701
1783,48849239,48847893,-11,-316,16758,1,12,0,72,70,-701
1784,48873239,48872157,-12,-307,16806,4,12,-1,73,70,-702
1785,48897239,48896422,-14,-306,16814,6,16,0,73,71,-701
1786,48921239,48920687,-8,-292,16954,6,2,-1,72,72,-701
1787,48945239,48944954,-6,-288,16978,3,-3,-1,71,72,-700
1788,48970221,48969250,1,-291,16968,3,-5,-1,70,73,-699
1789,48994221,48993526,6,-291,16966,3,-4,-1,72,74,-698
1790,49018221,49017794,7,-288,16969,4,-3,-2,73,75,-698
1791,49042221,49042060,6,-286,16971,5,-2,-2,72,75,-700
1792,49067515,49066443,-30,-288,16992,10,1,-1,73,76,-701
1793,49091514,49090756,-34,-285,16981,8,-1,-1,72,75,-702
1794,49115514,49115028,-33,-285,16972,6,-4,-2,75,74,-701
1795,49139514,49139291,-31,-289,16965,6,-4,-1,75,74,-703
1796,49165514,49163560,-32,-288,16968,6,-3,-1,76,73,-702
1797,49189514,49188193,-33,-289,16961,6,-1,-1,76,72,-704
1798,49213514,49212475,-44,-293,16945,7,5,-1,76,72,-704
1799,49237514,49236742,-48,-291,16953,7,5,-1,75,73,-704
1800,49261516,49261139,-17,-301,16869,-3,0,-1,73,73,-703
1801,49285515,49285440,-13,-305,16870,-2,-4,-1,75,72,-702
1802,49311514,49309714,-8,-306,16872,-2,-3,-1,73,72,-702
1803,49335514,49333981,-7,-305,16876,-1,-1,-1,74,72,-702
1804,49359514,49358242,-7,-303,16878,-1,0,-2,75,73,-702
1805,49383514,49382510,-7,-300,16883,0,-1,-2,75,73,-702
1806,49407514,49406773,4,-296,16897,-2,-7,-2,76,75,-701
1807,49431514,49431036,11,-300,16889,-1,-6,-2,77,74,-701
1808,49455514,49455300,18,-295,16905,-1,-4,-2,79,75,-701
1809,49481515,49479569,20,-293,16907,0,-3,-2,78,76,-701
1810,49505514,49503849,20,-294,16906,0,-2,-2,78,74,-702
1811,49529514,49528117,19,-294,16906,1,-1,-2,78,74,-702
1812,49553514,49552380,19,-295,16904,1,-1,-1,76,75,-702
1813,49577514,49576649,18,-296,16903,1,-1,-1,76,76,-703
1814,49601514,49600912,18,-298,16904,2,0,-1,74,75,-702
1815,49625514,49625174,18,-300,16903,2,0,-1,72,75,-702
1816,49649514,49649436,15,-301,16903,2,0,-1,72,76,-702
1817,49675515,49673710,14,-304,16903,2,0,-1,74,76,-703
1818,49699514,49697978,15,-303,16904,2,0,-1,76,76,-704
1819,49723514,49722244,17,-302,16904,1,0,-1,75,76,-703
1820,49747514,49746511,17,-302,16908,1,-1,-1,76,76,-702
1821,49771514,49770778,15,-304,16911,1,-1,-1,75,75,-701
1822,49795514,49795041,16,-304,16914,2,-1,-1,76,75,-703
1823,49819514,49819305,13,-301,16916,2,-1,-1,78,74,-704
1824,49845016,49843721,14,-299,16915,2,0,-1,78,73,-704
1825,49869016,49868060,12,-295,16916,2,0,-1,74,73,-704
1826,49893015,49892328,11,-295,16916,2,0,-1,73,74,-703
1827,49917015,49916591,8,-294,16917,3,0,-1,73,74,-704
1828,49941015,49940853,9,-293,16915,3,0,-1,75,74,-705
1829,49967015,49965130,11,-291,16915,3,0,-1,74,75,-704
1830,49991015,49989418,12,-289,16913,2,0,-1,75,74,-702
1831,50015015,50013685,13,-289,16911,2,0,-1,74,75,-702
1832,50039015,50037949,13,-292,16913,2,0,-1,73,75,-700
1833,50063015,50062214,14,-295,16913,1,0,-1,74,75,-699
1834,50087015,50086473,14,-294,16911,1,0,-1,74,74,-700
1835,50111015,50110738,26,-286,16887,-1,7,-1,73,74,-699
1836,50135015,50135002,19,-288,16879,-2,7,-1,71,74,-699
1837,50161015,50159272,20,-288,16874,-3,5,-1,73,73,-701
1838,50185015,50183534,21,-289,16872,-3,4,-1,73,72,-702
1839,50209015,50207801,22,-290,16870,-4,3,-1,73,72,-701
1840,50233015,50232068,46,-299,16870,-4,3,-1,74,71,-702
1841,50257015,50256334,39,-301,16852,-5,9,0,75,70,-701
1842,50281015,50280604,36,-299,16863,-4,10,0,74,71,-700
1843,50305015,50304869,20,-305,16890,-3,1,0,75,71,-700
1844,50331016,50329138,25,-304,16901,-2,-2,0,77,71,-701
1845,50355015,50353399,23,-304,16904,-2,-1,0,78,71,-701
1846,50379015,50377663,20,-304,16906,-2,-1,0,77,73,-699
1847,50403015,50401924,19,-305,16907,-2,0,0,77,72,-699
1848,50427015,50426184,14,-302,16907,-2,-1,0,78,73,-699
1849,50451015,50450452,19,-300,16914,1,-3,-1,78,73,-700
1850,50475015,50474719,19,-300,16912,0,-6,-1,78,74,-701
1851,50499015,50498984,21,-303,16904,0,-5,-2,78,74,-701
1852,50524018,50523285,22,-304,16900,0,-4,-2,77,75,-700
1853,50548018,50547570,23,-304,16901,1,-3,-2,75,77,-699
1854,50572018,50571836,22,-305,16901,1,-3,-1,75,76,-700
1855,50598018,50596109,9,-295,17016,1,2,-1,75,77,-699
1856,50621401,50620452,-19,-287,17012,0,2,-1,75,77,-699
1857,50645400,50644781,-17,-289,17013,-3,-2,0,74,77,-699
1858,50669400,50669052,-13,-289,17005,-3,-2,0,74,77,-699
1859,50693400,50693320,-11,-288,17008,-2,-1,0,74,75,-700
1860,50719401,50717602,-14,-288,17009,-2,-1,0,74,76,-701
1861,50743400,50741869,-14,-288,17007,-2,0,0,74,75,-702
1862,50767400,50766133,-12,-289,17005,-2,0,0,75,75,-702
1863,50791400,50790398,1,-298,16887,-2,-5,-1,75,76,-703
1864,50815400,50814666,12,-302,16890,-1,-5,-1,75,76,-703
1865,50839400,50838932,13,-300,16899,0,-3,-1,74,75,-703
1866,50863400,50863192,13,-303,16899,0,-2,-1,75,74,-703
1867,50889401,50887464,13,-303,16900,0,-1,-1,75,75,-703
1868,50913400,50911726,15,-302,16899,0,0,-1,75,73,-702
1869,50937400,50935991,13,-301,16900,0,0,-2,75,72,-702
1870,50961400,50960258,13,-300,16903,0,0,-2,74,71,-703
1871,50985400,50984517,12,-300,16906,0,0,-2,73,70,-702
1872,51009400,51008781,12,-302,16906,0,0,-2,73,69,-701
1873,51033400,51033043,15,-302,16906,0,0,-2,75,70,-701
1874,51057400,51057307,16,-302,16907,0,0,-2,75,69,-700
1875,51083401,51081578,17,-303,16908,1,0,-2,75,69,-699
1876,51107400,51105842,15,-304,16909,1,0,-2,73,71,-698
1877,51131400,51130105,18,-305,16911,1,0,-2,73,71,-697
1878,51155400,51154373,16,-305,16911,1,-1,-1,74,73,-696
1879,51179400,51178638,16,-305,16911,1,-1,-2,74,75,-696
1880,51203400,51202905,13,-303,16911,1,0,-1,74,76,-697
1881,51227400,51227167,12,-301,16912,1,0,-2,73,75,-695
1882,51253400,51251437,9,-300,16913,1,0,-2,72,75,-698
1883,51277400,51275705,7,-299,16913,1,0,-1,72,74,-698
1884,51301400,51299970,9,-300,16911,1,0,-1,72,74,-697
1885,51325400,51324231,8,-301,16910,1,-1,-2,72,72,-698
1886,51349400,51348496,7,-305,16909,1,-1,-2,72,72,-699
1887,51373400,51372756,9,-306,16906,1,-1,-2,72,70,-698
1888,51398921,51397133,10,-306,16907,1,-1,-2,72,72,-698
1889,51422921,51421445,11,-309,16904,1,-1,-2,73,72,-700
1890,51446921,51445724,12,-309,16900,2,-1,-2,72,73,-699
1891,51470921,51469998,14,-308,16899,2,-1,-2,73,74,-699
1892,51494921,51494260,15,-307,16900,2,-1,-2,74,75,-701
1893,51518921,51518522,49,-294,16922,-1,5,-1,74,76,-700
1894,51542921,51542790,49,-292,16913,-2,4,-1,73,77,-702
1895,51568922,51567058,52,-289,16918,-3,3,-1,73,77,-704
1896,51592921,51591323,51,-288,16919,-3,2,-1,73,74,-703
1897,51616921,51615997,50,-287,16921,-3,2,-1,74,74,-703
1898,51640921,51640275,49,-286,16923,-3,1,-1,75,74,-703
1899,51664921,51664551,50,-287,16924,-3,1,-1,75,73,-703
1900,51688922,51688905,32,-293,16909,-5,5,-1,74,72,-704
1901,51714921,51713200,-7,-306,16880,-2,-1,-1,74,71,-705
1902,51738921,51737467,-6,-306,16893,-3,-1,-1,73,70,-704
1903,51762921,51761731,-9,-308,16890,-2,0,-2,73,69,-702
1904,51786921,51785995,-11,-309,16889,-3,0,-2,73,69,-704
1905,51810921,51810260,-13,-310,16888,-2,0,-2,71,71,-704
1906,51834921,51834524,-11,-310,16890,-2,0,-2,71,70,-703
1907,51858921,51858788,-60,-303,16962,8,1,-1,71,68,-703
1908,51884922,51883061,-45,-292,17001,11,-3,-2,70,69,-702
1909,51908921,51907326,-41,-294,17001,11,-3,-2,71,70,-702
1910,51932921,51931602,-39,-295,16998,11,-3,-2,72,72,-703
1911,51956921,51955865,-40,-296,16998,11,-3,-2,71,72,-704
1912,51980921,51980131,-42,-297,16998,11,-3,-2,72,73,-702
1913,52004921,52004395,-42,-298,16998,11,-3,-2,73,73,-701
1914,52028921,52028657,-33,-287,17087,16,-7,-3,73,73,-702
1915,52054921,52052928,12,-290,17038,6,-7,-3,74,73,-702
1916,52077882,52077206,13,-294,17019,5,-9,-3,74,73,-702
1917,52101882,52101514,13,-291,17024,5,-9,-3,73,72,-700
1918,52125882,52125778,11,-290,17023,5,-8,-3,73,71,-701
1919,52151883,52150048,10,-289,17021,5,-8,-3,73,72,-700
1920,52175350,52174392,11,-286,17021,5,-8,-3,72,73,-700
1921,52199349,52198716,13,-285,17019,5,-8,-3,72,72,-701
1922,52223349,52222991,3,-297,16927,-1,-5,-2,72,73,-700
1923,52247349,52247259,5,-300,16903,0,-5,-1,73,75,-700
1924,52273350,52271529,4,-300,16897,0,-4,-1,73,74,-701
1925,52297349,52295789,7,-299,16898,0,-3,-1,75,74,-702
1926,52321349,52320050,9,-297,16899,1,-2,-1,77,74,-701
1927,52345349,52344313,9,-298,16901,1,-2,-1,76,74,-700
1928,52369349,52368578,10,-298,16902,1,-2,-1,76,73,-700
1929,52393349,52392843,10,-298,16904,1,-2,-1,76,74,-700
1930,52417349,52417111,11,-297,16906,1,-1,-1,77,74,-699
1931,52443350,52441384,11,-298,16908,1,-1,-1,76,72,-698
1932,52467349,52465650,10,-297,16908,1,-1,-1,76,72,-698
1933,52491349,52489918,10,-297,16907,1,-2,-2,75,73,-698
1934,52515349,52514180,9,-298,16909,1,-2,-1,74,73,-697
1935,52539349,52538445,11,-297,16910,1,-1,-1,75,72,-696
1936,52563349,52562709,12,-298,16908,1,-1,-1,75,73,-697
1937,52587349,52586976,10,-296,16907,2,0,-1,75,72,-698
1938,52611349,52611241,9,-296,16906,2,-1,-1,73,72,-699
1939,52637350,52635518,11,-296,16906,2,-1,-1,73,71,-700
1940,52661349,52659785,13,-298,16908,2,0,0,73,71,-701
1941,52685349,52684049,13,-299,16909,2,0,0,74,71,-702
1942,52709349,52708318,14,-300,16908,2,0,0,74,72,-702
1943,52733349,52732583,14,-301,16906,2,-1,0,73,73,-702
1944,52757349,52756845,14,-302,16907,2,-1,0,72,72,-702
1945,52781349,52781109,16,-305,16908,2,-1,0,73,73,-701
1946,52807350,52805375,17,-305,16907,1,-1,-1,73,75,-702
1947,52831349,52829641,17,-305,16906,1,-1,-1,74,76,-703
1948,52855349,52853906,19,-305,16904,1,-1,-1,73,76,-702
1949,52879349,52878173,20,-308,16904,1,-1,-1,72,75,-702
1950,52903349,52902435,19,-307,16903,1,-1,-1,74,74,-703
1951,52927349,52926701,16,-317,16825,31,-2,-1,75,74,-704
1952,52952887,52951082,16,-305,16853,33,-1,-1,76,75,-704
1953,52976886,52975393,13,-302,16855,32,-2,-1,75,75,-704
1954,53000886,52999661,14,-301,16854,32,-3,-1,76,73,-705
1955,53024886,53023930,13,-299,16852,31,-4,-1,77,74,-703
1956,53048886,53048196,9,-299,16851,31,-4,-1,78,72,-703
1957,53072886,53072461,17,-302,16850,31,-5,-1,79,74,-702
1958,53096886,53096726,19,-301,16842,33,-2,-2,78,74,-702
1959,53122887,53120998,20,-288,16929,3,0,-2,78,73,-701
1960,53146886,53145271,19,-296,16901,1,-3,-2,77,73,-702
1961,53170886,53169538,22,-297,16898,2,-4,-2,77,73,-702
1962,53194886,53193802,22,-298,16898,2,-3,-2,75,73,-699
1963,53218886,53218067,24,-299,16899,2,-3,-1,74,73,-699
1964,53242886,53242330,27,-300,16900,2,-2,-1,73,74,-699
1965,53266886,53266592,20,-310,16838,1,4,-1,73,72,-701
1966,53290886,53290858,7,-314,16827,-1,5,-1,73,72,-701
1967,53316886,53315122,8,-315,16823,-2,4,0,73,73,-699
1968,53340886,53339387,9,-315,16826,-1,5,0,73,72,-698
1969,53364886,53363649,10,-315,16826,-1,5,0,74,72,-699
1970,53388886,53387916,8,-317,16827,-1,6,-1,75,73,-699
1971,53412886,53412183,16,-334,16780,-2,11,-1,76,72,-700
1972,53436886,53436448,14,-327,16803,0,14,-1,76,74,-699
1973,53460886,53460710,5,-309,16874,0,6,-1,77,74,-700
1974,53486887,53484985,14,-305,16899,-1,1,-1,76,74,-700
1975,53510886,53509250,11,-308,16895,-1,0,-2,76,75,-702
1976,53534886,53533514,12,-310,16894,-1,1,-2,76,76,-703
1977,53558886,53557782,13,-309,16895,-1,1,-2,76,75,-702
1978,53582886,53582047,15,-308,16898,-1,1,-2,76,74,-703
1979,53606886,53606308,4,-291,16945,0,-4,-2,74,75,-702
1980,53632138,53630634,6,-297,16921,-2,-7,-2,74,74,-702
1981,53656138,53654917,13,-300,16912,-1,-6,-2,72,74,-701
1982,53680138,53679180,16,-299,16908,0,-4,-1,74,74,-701
1983,53704138,53703447,19,-299,16907,0,-3,-2,74,74,-702
1984,53729351,53727815,19,-298,16908,0,-2,-1,75,73,-702
1985,53753350,53752128,17,-299,16907,0,-2,-1,76,75,-703
1986,53777350,53776396,15,-298,16906,0,-2,-1,76,76,-705
1987,53801350,53800662,15,-298,16907,0,-2,-1,77,76,-704
1988,53825350,53824926,13,-298,16906,0,-1,-2,77,75,-703
1989,53849350,53849192,13,-296,16905,0,-1,-2,79,76,-704
1990,53875351,53873475,14,-297,16905,1,-1,-2,79,75,-702
1991,53899350,53897742,15,-295,16906,1,-1,-1,77,75,-703
1992,53923350,53922007,15,-297,16906,1,-1,-1,77,75,-703
1993,53947350,53946273,18,-300,16907,1,-1,-1,75,73,-701
1994,53971350,53970538,19,-301,16908,1,-1,-1,75,74,-699
1995,53995350,53994803,19,-302,16908,1,-1,-1,75,73,-698
1996,54019351,54019066,19,-303,16908,1,-1,-1,75,72,-698
1997,54045350,54043779,17,-306,16907,1,-1,-1,74,72,-699
1998,54069350,54068058,14,-307,16905,1,-1,-1,74,73,-700
1999,54093350,54092328,14,-310,16903,1,-1,-1,76,71,-699
2000,54117350,54116652,11,-309,16901,2,-1,-1,75,71,-698
2001,54141350,54140944,6,-307,16899,2,-1,-1,76,72,-699
2002,54165350,54165211,5,-307,16897,2,0,-1,75,71,-702
2003,54191351,54189480,5,-307,16897,2,0,-1,75,71,-702
2004,54215350,54213745,5,-307,16901,2,0,-1,74,73,-702
2005,54239350,54238008,7,-307,16904,2,0,-1,73,72,-701
2006,54263350,54262273,8,-306,16905,2,0,-1,72,73,-700
2007,54287350,54286538,5,-306,16907,2,0,-1,71,74,-700
2008,54311350,54310806,-35,-297,16991,12,2,0,71,75,-702
2009,54335350,54335072,-32,-289,17018,14,4,-1,72,74,-701
2010,54361351,54359351,-34,-284,17020,14,3,-1,72,74,-700
2011,54385350,54383620,-32,-285,17014,12,1,-1,72,74,-700
2012,54409350,54407883,-31,-283,17010,12,0,-1,74,73,-700
2013,54433350,54432146,-33,-283,17009,12,-1,-1,75,74,-699
2014,54457350,54456410,-19,-292,16977,11,2,-1,76,73,-699
2015,54481350,54480671,-24,-292,16961,13,6,-1,76,73,-699
2016,54506927,54505078,19,-297,16887,2,3,-1,76,74,-700
2017,54530926,54529386,19,-306,16856,-1,-1,-1,75,75,-700
2018,54554926,54553653,23,-310,16852,-1,0,-1,76,77,-699
2019,54578926,54577918,21,-310,16858,-1,1,-1,76,76,-699
2020,54602926,54602198,20,-312,16859,0,1,-1,74,75,-700
2021,54626926,54626466,21,-314,16858,0,2,-1,73,75,-701
2022,54650926,54650726,36,-292,16892,3,-1,-2,71,76,-701
2023,54676927,54674999,38,-291,16906,2,-6,-3,72,73,-701
2024,54700926,54699260,38,-295,16894,1,-8,-3,72,72,-700
2025,54724926,54723523,35,-294,16899,1,-7,-3,73,72,-700
2026,54748926,54747785,34,-292,16900,1,-7,-3,73,71,-701
2027,54772926,54772046,35,-290,16899,1,-6,-3,72,71,-702
2028,54796926,54796313,72,-304,16911,1,-6,-3,72,71,-702
2029,54820926,54820577,59,-302,16911,1,1,-2,72,73,-702
2030,54844926,54844844,25,-312,16921,-2,0,-2,73,72,-701
2031,54870927,54869118,28,-314,16914,-3,-2,-2,73,74,-701
2032,54894926,54893380,25,-312,16916,-2,0,-2,72,74,-702
2033,54918926,54917645,24,-309,16917,-2,0,-1,72,73,-701
2034,54942926,54941911,24,-308,16919,-2,0,-1,72,73,-700
2035,54966926,54966175,24,-308,16919,-2,1,-1,74,72,-699
2036,54990926,54990439,-13,-293,16908,-2,1,-1,74,74,-699
2037,55014926,55014703,2,-292,16910,-2,-6,-2,74,71,-698
2038,55040926,55038979,8,-294,16899,-2,-5,-1,74,70,-699
2039,55064926,55063242,11,-291,16910,-1,-3,-1,73,71,-699
2040,55088926,55087507,15,-290,16908,0,-2,-1,74,71,-699
2041,55112926,55111771,17,-292,16905,0,-1,-1,74,72,-700
2042,55136926,55136040,17,-295,16904,0,0,-1,75,73,-700
2043,55160926,55160304,15,-296,16905,1,0,-1,74,72,-700
2044,55185907,55184615,13,-298,16904,1,0,-1,74,70,-700
2045,55209907,55208908,9,-299,16904,1,0,-1,74,72,-700
2046,55233907,55233172,7,-301,16903,1,0,-1,75,73,-700
2047,55257907,55257435,8,-303,16904,1,0,-2,76,73,-701
2048,55283174,55281807,8,-307,16907,2,0,-1,75,73,-700
2049,55307174,55306125,10,-307,16912,2,-1,-1,74,75,-701
2050,55331174,55330402,11,-305,16913,2,-1,-1,74,74,-702
2051,55355174,55354666,12,-305,16915,2,-1,-1,73,77,-702
2052,55379174,55378928,16,-305,16916,2,-1,-1,72,77,-701
2053,55405175,55403195,18,-305,16917,2,-1,-2,73,79,-701
2054,55429174,55427458,17,-305,16918,2,-1,-1,72,79,-701
2055,55453174,55451720,17,-305,16916,2,-1,-1,72,79,-700
2056,55477174,55475983,15,-305,16916,1,-1,-1,73,80,-699
2057,55501174,55500246,15,-306,16914,1,-1,-1,73,78,-696
2058,55525174,55524511,14,-308,16914,1,-1,-1,73,78,-696
2059,55549174,55548775,13,-308,16913,1,-1,-1,73,76,-696
2060,55573174,55573044,12,-308,16912,1,-1,-1,74,76,-697
2061,55599174,55597318,11,-309,16913,0,-1,-1,73,75,-698
2062,55623174,55621582,11,-308,16915,1,0,-1,73,75,-698
2063,55647174,55645850,10,-309,16916,1,0,-1,73,74,-699
2064,55671174,55670111,10,-311,16918,1,0,-1,72,73,-701
2065,55695174,55694373,10,-310,16920,1,0,-1,72,72,-703
2066,55719174,55718637,11,-308,16920,1,0,-1,73,73,-703
2067,55743174,55742902,28,-313,16910,1,1,-1,74,73,-704
2068,55767175,55767165,31,-306,16929,4,4,-1,74,71,-704
2069,55793174,55791433,29,-301,16931,4,6,-1,75,72,-703
2070,55817174,55815696,30,-299,16934,3,3,-1,77,72,-703
2071,55841174,55839962,32,-296,16935,3,1,-1,76,72,-703
2072,55865174,55864227,32,-294,16933,2,0,-1,76,73,-703
2073,55889174,55888492,31,-293,16931,2,0,-1,77,74,-702
2074,55913174,55912757,30,-292,16930,2,-1,-1,75,73,-701
2075,55937174,55937021,34,-280,16923,1,0,0,75,74,-700
2076,55963175,55961295,24,-285,16897,-3,-3,0,75,76,-700
2077,55987174,55985562,24,-290,16887,-4,-6,0,75,75,-701
2078,56011174,56009824,24,-291,16879,-3,-4,0,73,76,-700
2079,56035174,56034087,24,-292,16878,-3,-3,-1,73,77,-701
2080,56058588,56058418,24,-292,16877,-3,-2,0,74,76,-701
2081,56084588,56082748,25,-293,16879,-3,-2,-1,74,76,-702
2082,56108588,56107022,49,-288,16884,-2,-1,-1,75,78,-701
2083,56132588,56131291,26,-293,16902,-1,-4,-2,75,78,-702
2084,56156588,56155563,35,-294,16913,-1,-6,-2,74,78,-703
2085,56180588,56179828,37,-293,16923,0,-5,-2,74,77,-703
2086,56204588,56204095,36,-293,16927,0,-4,-2,73,78,-702
2087,56228588,56228363,35,-292,16928,0,-4,-2,74,78,-701
2088,56254589,56252637,26,-291,16913,2,0,-2,74,77,-700
2089,56278588,56276898,24,-286,16919,1,-1,-2,74,76,-702
2090,56302588,56301172,-1,-291,16917,0,-3,-2,72,74,-702
2091,56326588,56325435,1,-292,16917,0,-3,-2,74,73,-702
2092,56350588,56349699,-1,-292,16916,0,-2,-1,74,73,-701
2093,56374588,56373962,0,-291,16915,0,-2,-1,74,73,-701
2094,56398588,56398228,1,-292,16916,0,-2,-1,73,75,-702
2095,56422588,56422490,1,-294,16916,0,-2,-1,73,75,-703
2096,56448589,56446763,7,-294,16933,-1,-6,-1,72,75,-703
2097,56472588,56471422,9,-299,16927,-1,-4,-1,73,75,-703
2098,56496588,56495698,12,-300,16925,0,-3,-1,73,76,-704
2099,56520588,56519966,12,-300,16923,0,-2,0,73,76,-703
2100,56544588,56544326,13,-301,16920,0,-1,0,73,77,-703
2101,56570589,56568625,13,-301,16918,1,-1,0,74,75,-703
2102,56594588,56592895,13,-301,16916,1,-1,0,77,72,-703
2103,56618588,56617160,13,-299,16913,1,-1,0,78,71,-702
2104,56642588,56641425,13,-298,16911,1,-1,0,78,73,-701
2105,56666588,56665689,13,-296,16909,1,-1,-1,78,73,-700
2106,56690588,56689955,13,-296,16908,2,-1,-1,77,74,-701
2107,56714588,56714220,14,-295,16911,2,-1,-1,77,74,-702
2108,56739582,56738524,18,-293,16912,1,-1,-1,76,74,-702
2109,56763582,56762811,19,-293,16916,1,-1,-1,75,75,-702
2110,56787582,56787079,20,-295,16916,1,-1,-1,74,75,-702
2111,56811582,56811344,21,-298,16917,1,-1,-1,72,76,-701
2112,56837187,56835747,21,-301,16916,1,-1,-1,72,76,-702
2113,56861187,56860065,22,-300,16916,1,-1,-1,72,76,-702
2114,56885187,56884333,21,-301,16917,1,0,-2,73,76,-701
2115,56909187,56908600,20,-304,16915,1,0,-2,73,76,-701
2116,56933187,56932863,17,-306,16914,1,0,-2,74,78,-701
2117,56957187,56957129,15,-305,16911,1,0,-2,74,77,-701
2118,56983187,56981397,13,-304,16913,1,-1,-2,75,77,-702
2119,57007187,57005660,13,-302,16914,1,-1,-2,75,76,-702
2120,57031187,57029934,13,-302,16914,1,-1,-2,76,76,-702
2121,57055187,57054204,14,-303,16914,1,-1,-2,77,76,-702
2122,57079187,57078469,15,-303,16912,1,-2,-2,76,76,-702
2123,57103187,57102735,15,-302,16914,1,-2,-1,76,75,-703
2124,57127187,57126999,15,-302,16914,1,-1,-1,75,74,-703
2125,57153188,57151269,53,-319,16926,1,-1,-1,74,74,-702
2126,57177187,57175533,46,-323,16912,1,2,-2,74,73,-702
2127,57201187,57199794,46,-318,16922,1,1,-2,74,74,-703
2128,57225187,57224059,46,-317,16924,1,0,-2,73,74,-702
2129,57249187,57248324,45,-317,16924,0,-1,-2,72,74,-701
2130,57273187,57272593,43,-318,16925,0,-2,-2,72,74,-700
2131,57297187,57296862,43,-318,16923,0,-2,-2,73,74,-699
2132,57321187,57321123,61,-322,16923,0,9,-1,72,73,-698
2133,57347187,57345394,16,-306,16901,1,12,-2,72,73,-699
2134,57371187,57369663,23,-298,16921,0,6,-1,73,74,-699
2135,57395187,57393928,24,-301,16912,0,6,-1,73,74,-699
2136,57419187,57418194,23,-301,16911,-1,7,-1,73,74,-699
2137,57443187,57442461,24,-301,16910,0,8,-1,74,74,-700
2138,57467187,57466727,26,-302,16910,0,8,-1,73,74,-701
2139,57491187,57490991,52,-312,16894,8,14,0,73,74,-701
2140,57517188,57515266,32,-305,16915,10,4,-1,74,75,-701
2141,57541187,57539531,37,-303,16933,-24,-1,0,74,76,-701
2142,57565187,57563796,36,-307,16924,-25,0,0,72,76,-702
2143,57589187,57588060,35,-309,16920,-25,0,0,73,75,-702
2144,57614323,57612445,37,-309,16920,-25,1,0,73,76,-703
2145,57638322,57636753,57,-322,16865,-26,6,0,72,78,-702
2146,57662322,57661022,51,-311,16889,-24,10,-1,73,78,-701
2147,57686322,57685287,20,-295,16913,-33,3,-2,73,79,-703
2148,57710322,57709551,21,-300,16891,-36,-2,-2,72,77,-703
2149,57734322,57733811,22,-303,16883,-3,-1,-2,73,77,-702
2150,57758322,57758083,23,-303,16884,-3,0,-2,73,77,-701
2151,57784322,57782355,24,-303,16885,-3,0,-2,73,75,-700
2152,57808322,57806620,22,-304,16886,-2,0,-2,73,75,-700
2153,57832322,57830883,0,-289,16944,-1,-5,-2,73,73,-700
2154,57856322,57855146,5,-296,16921,-3,-8,-1,73,72,-700
2155,57880322,57879413,11,-301,16913,-1,-7,-1,72,71,-700
2156,57904322,57903674,10,-298,16915,0,-4,-1,73,72,-701
2157,57928322,57927942,11,-296,16918,0,-2,-1,73,72,-702
2158,57952322,57952205,12,-295,16919,1,-2,0,72,73,-701
2159,57978322,57976478,14,-294,16920,1,-1,0,72,74,-701
2160,58002322,58000742,16,-292,16920,1,-1,0,74,74,-700
2161,58026322,58025006,17,-293,16920,1,-1,0,74,74,-701
2162,58050322,58049269,18,-294,16919,1,-1,0,76,75,-701
2163,58074322,58073533,16,-291,16921,0,0,0,75,76,-701
2164,58098322,58097797,14,-292,16919,0,0,0,75,77,-700
2165,58122322,58122060,13,-294,16917,1,0,-1,75,77,-699
2166,58148323,58146328,11,-296,16915,1,0,-1,75,76,-699
2167,58172322,58170598,8,-298,16915,1,0,-1,76,76,-699
2168,58196322,58194861,7,-302,16913,1,0,-1,76,77,-699
2169,58220322,58219123,6,-302,16912,0,0,-1,75,79,-698
2170,58244322,58243387,6,-305,16911,1,0,-1,73,78,-698
2171,58268322,58267652,9,-307,16909,1,0,-1,73,77,-698
2172,58293287,58291935,14,-308,16907,1,0,-2,73,77,-699
2173,58317287,58316218,17,-309,16906,1,0,-2,73,77,-700
2174,58341287,58340485,20,-307,16907,1,0,-2,71,77,-700
2175,58365287,58364745,20,-308,16908,1,0,-2,71,77,-701
2176,58390856,58389140,21,-305,16909,1,0,-2,69,75,-701
2177,58414855,58413457,20,-306,16910,1,0,-2,71,75,-702
2178,58438855,58437725,20,-305,16909,1,-1,-2,72,75,-703
2179,58462855,58461992,18,-305,16911,1,-1,-1,71,75,-702
2180,58486855,58486274,17,-304,16914,1,-1,-1,72,75,-703
2181,58510855,58510538,15,-303,16915,1,-1,-1,72,76,-703
2182,58534855,58534801,39,-315,16919,1,-2,-1,73,76,-703
2183,58560855,58559073,41,-310,16902,0,4,0,72,78,-703
2184,58584855,58583336,40,-309,16911,0,3,0,73,79,-703
2185,58608855,58607599,39,-311,16903,-1,1,0,70,78,-703
2186,58632855,58631863,40,-312,16899,-2,0,0,70,77,-702
2187,58656855,58656126,37,-311,16898,-2,-1,0,72,75,-702
2188,58680855,58680389,35,-309,16896,-3,-1,0,72,75,-701
2189,58704855,58704654,0,-299,16940,6,3,1,72,73,-700
2190,58730856,58728933,-25,-277,16962,8,5,1,72,73,-699
2191,58754855,58753195,-31,-277,16983,8,-2,0,73,71,-700
2192,58778855,58777457,-30,-280,16972,7,-3,-1,74,71,-699
2193,58802855,58801720,-28,-276,16981,8,-2,-1,74,70,-699
2194,58826855,58825986,-27,-271,16985,8,-2,-1,74,71,-700
2195,58850855,58850253,-25,-272,16986,9,-2,-1,73,73,-699
2196,58874856,58874517,1,-262,17025,14,0,-2,72,73,-699
2197,58900855,58899170,34,-270,16994,7,-2,-2,73,74,-700
2198,58924855,58923446,32,-275,16975,4,-7,-2,72,74,-700
2199,58948855,58947713,36,-279,16964,3,-7,-2,71,74,-700
2200,58972855,58972042,36,-278,16965,4,-6,-2,71,75,-699
2201,58996855,58996343,32,-277,16963,4,-6,-2,71,76,-699
2202,59020855,59020610,30,-278,16962,4,-5,-2,71,74,-699
2203,59046856,59044881,-19,-280,16896,12,8,0,71,74,-700
2204,59070855,59069144,-47,-285,16875,8,11,1,73,74,-701
2205,59094855,59093407,-52,-283,16866,7,10,1,72,73,-701
2206,59118855,59117670,-52,-283,16866,6,8,1,72,72,-701
2207,59142855,59141931,-51,-281,16870,6,8,1,73,72,-702
2208,59168037,59166305,-51,-283,16872,5,7,0,73,72,-703
2209,59192037,59190626,-48,-285,16872,5,6,0,73,72,-704
2210,59216037,59214913,-46,-284,16873,5,6,0,74,74,-704
2211,59240037,59239181,1,-282,16939,-3,-7,-1,74,75,-704
2212,59264037,59263446,2,-288,16921,-5,-12,-1,73,75,-704
2213,59288037,59287712,9,-293,16917,-4,-12,-1,74,75,-703
2214,59312037,59311979,12,-296,16910,-2,-8,-1,75,76,-703
2215,59338037,59336250,13,-296,16911,-1,-5,-1,75,74,-701
2216,59362037,59360515,15,-294,16911,0,-3,-1,75,72,-701
2217,59386037,59384778,17,-293,16912,0,-2,-1,76,72,-700
2218,59410037,59409043,19,-295,16913,1,-1,-1,77,71,-701
2219,59434037,59433308,24,-295,16913,1,-1,-1,76,69,-700
2220,59458037,59457576,26,-294,16913,1,-1,-1,77,69,-699
2221,59482037,59481845,26,-291,16915,1,-1,-1,77,70,-700
2222,59508038,59506118,26,-289,16915,1,-1,-1,76,69,-701
2223,59532037,59530383,26,-291,16915,1,-1,-1,76,71,-702
2224,59556037,59554648,23,-292,16915,1,-1,-1,74,72,-701
2225,59580037,59578911,21,-291,16912,0,-1,-1,73,71,-702
2226,59604037,59603179,18,-290,16911,0,-1,0,71,71,-701
2227,59628037,59627442,18,-291,16911,0,-1,0,72,73,-701
2228,59652037,59651706,18,-292,16911,1,-1,0,72,75,-701
2229,59676037,59675970,20,-293,16910,1,-1,0,71,75,-700
2230,59702037,59700238,20,-295,16909,1,-1,0,72,74,-701
2231,59726037,59724506,19,-296,16909,1,-1,0,72,73,-700
2232,59750037,59748769,21,-296,16910,1,-1,0,74,74,-700
2233,59774037,59773035,20,-299,16911,2,-1,0,75,74,-698
2234,59798037,59797298,21,-300,16911,2,-1,0,78,74,-697
2235,59822037,59821559,20,-300,16911,2,-1,0,78,74,-697
2236,59847027,59845855,19,-299,16910,2,-1,0,77,71,-697
2237,59871027,59870140,18,-298,16911,2,-1,0,78,71,-698
2238,59895027,59894404,18,-298,16912,2,-1,0,76,71,-697
2239,59919027,59918670,20,-298,16914,2,-1,0,76,71,-697
2240,59944887,59943048,20,-298,16913,2,-1,0,75,71,-697
2241,59968887,59967368,18,-297,16912,1,-1,0,73,74,-700
2242,59992887,59991639,17,-297,16912,1,-1,0,72,74,-700
2243,60016887,60015899,16,-299,16910,1,-1,-1,72,74,-700
2244,60040887,60040164,16,-299,16910,1,-1,-1,73,75,-700
2245,60064887,60064428,17,-299,16911,1,-1,-1,74,75,-700
2246,60088887,60088695,16,-300,16912,1,-1,-1,75,75,-701
2247,60114888,60112964,25,-303,16909,1,-1,-1,75,75,-701
2248,60138887,60137226,40,-296,16891,2,5,-1,75,74,-701
2249,60162887,60161488,38,-292,16901,3,6,-1,77,71,-701
2250,60186887,60185759,35,-288,16907,1,4,-1,77,72,-701
2251,60210887,60210025,35,-286,16911,0,1,-1,75,72,-700
2252,60234887,60234287,32,-288,16913,0,0,-1,74,73,-699
2253,60258887,60258551,31,-291,16913,0,0,-1,74,73,-698
2254,60282887,60282816,26,-282,17014,8,-1,-2,74,73,-699
2255,60308887,60307087,17,-274,17035,10,4,-2,73,73,-701
2256,60332887,60331350,-4,-279,17062,9,-3,-2,72,75,-701
2257,60356887,60355616,-4,-283,17056,7,-8,-2,72,75,-701
2258,60380887,60379883,0,-287,17050,7,-7,-2,73,74,-703
2259,60404887,60404149,1,-288,17046,7,-6,-2,73,73,-704
2260,60428887,60428413,6,-286,17045,7,-6,-2,74,74,-705
2261,60452887,60452681,-32,-277,17120,17,-3,-2,74,72,-705
2262,60478887,60476951,-28,-280,17044,8,0,-2,73,71,-704
2263,60502887,60501218,-34,-285,17024,6,-5,-2,75,73,-703
2264,60526887,60525478,-31,-286,17019,5,-7,-2,75,72,-703
2265,60550887,60549741,-28,-287,17013,6,-5,-2,75,71,-702
2266,60574887,60574009,-28,-287,17016,6,-4,-2,76,72,-702
2267,60598887,60598273,-25,-285,17016,6,-3,-1,77,72,-701
2268,60622887,60622535,-10,-276,17000,8,2,-1,77,72,-701
2269,60646887,60646799,26,-278,16933,-1,0,-1,76,74,-701
2270,60672888,60671074,21,-282,16910,-2,-5,-1,76,76,-701
2271,60696887,60695342,27,-284,16906,-2,-7,-1,77,74,-701
2272,60720018,60719682,28,-283,16900,-1,-5,-1,77,74,-702
2273,60744017,60743987,28,-280,16898,-1,-4,-1,76,76,-703
2274,60770017,60768256,29,-278,16898,0,-4,-1,75,77,-703
2275,60794017,60792522,27,-277,16897,0,-3,-1,72,78,-703
2276,60818017,60816786,9,-286,16912,-2,-8,-1,73,77,-702
2277,60842017,60841050,11,-290,16902,-3,-9,-1,74,77,-702
2278,60866017,60865318,14,-291,16902,-1,-7,-1,75,77,-702
2279,60890017,60889581,14,-291,16905,-1,-5,-1,74,79,-701
2280,60914017,60913845,14,-292,16910,0,-3,-1,75,79,-701
2281,60940018,60938124,15,-291,16916,1,-2,-1,75,79,-699
2282,60964017,60962382,16,-293,16916,1,-2,-1,75,77,-698
2283,60988017,60986645,16,-294,16917,1,-2,-1,76,77,-697
2284,61012017,61010912,18,-294,16918,1,-2,-2,76,77,-698
2285,61036017,61035176,17,-293,16918,1,-1,-2,76,76,-699
2286,61060017,61059438,17,-291,16917,1,-1,-2,76,77,-700
2287,61084017,61083702,16,-290,16916,1,-1,-2,74,76,-701
2288,61108017,61107967,15,-290,16914,0,-1,-2,74,75,-700
2289,61134017,61132236,15,-291,16912,0,-1,-2,74,74,-702
2290,61158017,61156503,12,-290,16910,0,0,-2,75,74,-701
2291,61182017,61180766,10,-290,16909,0,-1,-2,76,73,-701
2292,61206017,61205032,7,-290,16910,0,-1,-2,74,73,-699
2293,61230017,61229295,9,-290,16911,0,-1,-2,75,73,-699
2294,61254017,61253555,13,-292,16911,0,-1,-2,75,72,-698
2295,61278017,61277821,16,-291,16912,0,-1,-2,78,74,-696
2296,61304017,61302091,19,-288,16914,0,-1,-2,77,75,-697
2297,61328017,61326744,21,-288,16914,0,-1,-2,75,75,-696
2298,61352017,61351027,23,-289,16915,0,-1,-2,74,76,-696
2299,61376017,61375296,25,-289,16918,0,-1,-2,72,75,-696
2300,61401522,61399665,26,-290,16919,0,-1,-1,74,75,-696
2301,61425522,61423984,25,-292,16918,0,-1,-1,73,74,-695
2302,61449522,61448257,25,-292,16916,0,-1,-1,73,73,-695
2303,61473522,61472528,23,-292,16914,0,0,-1,71,71,-696
2304,61497157,61496895,19,-296,16911,0,0,-1,72,72,-697
2305,61523158,61521225,16,-296,16910,1,0,-1,74,72,-698
2306,61547157,61545490,15,-296,16909,1,0,0,73,72,-699
2307,61571157,61569750,15,-296,16908,1,0,0,75,73,-700
2308,61595157,61594015,15,-294,16906,1,0,0,75,75,-703
2309,61619157,61618279,14,-293,16910,0,0,-1,75,75,-704
2310,61643157,61642557,14,-294,16911,0,0,-1,75,75,-705
2311,61667157,61666822,13,-294,16916,1,0,-1,75,76,-703
2312,61691157,61691084,12,-297,16918,1,0,-1,76,76,-702
2313,61717157,61715354,10,-299,16923,0,0,-1,75,75,-700
2314,61741157,61739618,10,-299,16928,0,0,-1,77,75,-700
2315,61765157,61763885,10,-298,16931,0,-1,-1,76,73,-701
2316,61789157,61788147,9,-301,16933,0,-1,-1,75,72,-699
2317,61813157,61812411,10,-303,16931,1,0,-1,74,74,-699
2318,61837157,61836676,11,-303,16933,1,-1,-1,74,73,-698
2319,61861157,61860941,14,-301,16931,1,-1,-1,74,73,-699
2320,61887157,61885219,19,-297,16932,1,-1,-1,74,72,-700
2321,61911157,61909488,21,-297,16930,1,-1,-1,76,73,-701
2322,61935157,61933749,20,-297,16928,1,-1,-1,75,73,-701
2323,61959157,61958014,19,-298,16926,1,-1,-2,75,76,-700
2324,61983157,61982278,21,-297,16925,1,-1,-2,77,76,-701
2325,62007157,62006542,23,-295,16924,1,-1,-2,78,75,-700
2326,62031157,62030809,20,-294,16921,1,-1,-2,77,76,-700
2327,62055157,62055072,19,-298,16921,1,0,-2,78,76,-700
2328,62081158,62079345,16,-301,16921,1,-1,-2,78,76,-699
2329,62105157,62103609,17,-301,16921,1,0,-2,76,76,-698
2330,62129157,62127879,18,-301,16919,1,-1,-2,76,75,-699
2331,62153157,62152145,17,-298,16920,1,-1,-2,75,72,-699
2332,62177157,62176407,15,-298,16919,1,0,-2,74,73,-699
2333,62201157,62200670,14,-299,16919,1,0,-2,74,73,-699
2334,62225157,62224935,14,-302,16918,1,-1,-1,76,74,-701
2335,62251157,62249207,15,-300,16917,1,-1,-1,75,72,-700
2336,62274273,62273537,19,-298,16917,1,0,-1,75,73,-701
2337,62298273,62297852,22,-295,16916,1,-1,-1,75,73,-701
2338,62322273,62322119,25,-294,16917,1,-1,-1,74,75,-700
2339,62348274,62346394,28,-296,16916,1,-1,-1,73,76,-701
2340,62372273,62370672,31,-296,16916,1,-1,-1,74,77,-700
2341,62396273,62394937,29,-295,16914,1,-1,-1,75,76,-700
2342,62420273,62419202,27,-293,16914,1,-1,-2,73,75,-699
2343,62444273,62443466,25,-292,16915,1,-1,-2,73,76,-699
2344,62468273,62467731,23,-294,16913,1,-1,-2,73,75,-699
2345,62492273,62491992,20,-297,16911,1,0,-2,74,75,-700
2346,62516273,62516255,15,-300,16907,1,0,-1,74,75,-701
2347,62542273,62540520,12,-301,16905,1,0,-1,76,75,-700
2348,62566273,62564785,9,-300,16905,1,0,-1,75,73,-702
2349,62590273,62589046,12,-300,16907,1,0,-1,75,73,-701
2350,62614273,62613311,15,-301,16908,1,0,-1,76,73,-701
2351,62638273,62637577,14,-302,16907,1,0,-1,76,72,-700
2352,62662273,62661840,13,-301,16908,1,0,-1,75,72,-698
2353,62686273,62686103,13,-299,16909,1,0,-1,76,73,-699
2354,62712274,62710380,15,-296,16910,1,0,-1,78,72,-697
2355,62736273,62734645,16,-296,16912,1,0,-1,76,71,-698
2356,62760273,62758906,17,-295,16913,1,0,-1,75,71,-697
2357,62784273,62783170,16,-296,16914,1,0,-1,74,72,-699
2358,62808273,62807433,14,-295,16915,1,0,-1,74,72,-698
2359,62832273,62831698,15,-295,16915,1,0,-1,74,72,-700
2360,62856273,62855961,16,-296,16917,1,0,-1,75,72,-702
2361,62880273,62880226,14,-295,16918,1,0,-1,74,70,-701
2362,62906273,62904494,15,-294,16919,1,0,-1,71,72,-702
2363,62930273,62928761,16,-294,16919,1,0,-1,72,72,-703
2364,62953240,62953041,19,-294,16920,1,0,-1,71,71,-702
2365,62979240,62977352,19,-293,16919,0,0,-1,72,71,-702
2366,63003240,63001616,21,-292,16919,0,-1,-1,71,71,-702
2367,63027240,63025883,23,-290,16920,1,-1,-1,71,71,-702
2368,63050811,63050218,26,-288,16918,1,-1,-1,71,72,-703
2369,63074811,63074550,28,-287,16917,1,-1,-1,72,73,-703
2370,63100811,63098841,28,-290,16917,2,-1,-1,72,72,-704
2371,63124811,63123111,29,-290,16917,2,-1,-1,74,72,-703
2372,63148811,63147372,28,-290,16915,2,-1,-1,74,73,-703
2373,63172811,63171636,28,-290,16913,2,-1,-1,74,73,-703
2374,63196811,63195904,29,-290,16912,2,-1,-1,73,73,-703
2375,63220811,63220166,29,-289,16910,2,-1,-1,75,73,-703
2376,63244811,63244430,28,-290,16911,2,-1,-1,74,74,-702
2377,63268811,63268693,28,-293,16910,1,-1,-1,74,75,-701
2378,63294812,63292964,28,-291,16911,1,-1,-1,76,73,-701
2379,63318811,63317227,27,-290,16910,1,-1,-1,75,74,-701
2380,63342811,63341496,27,-291,16912,1,-1,-1,75,75,-700
2381,63366811,63365762,24,-293,16911,1,-1,-1,75,75,-699
2382,63390811,63390026,21,-295,16912,1,-1,-1,76,75,-699
2383,63414811,63414287,20,-295,16912,1,0,-1,73,75,-699
2384,63438811,63438552,21,-297,16910,1,0,-1,73,75,-699
2385,63464811,63462822,20,-294,16909,1,0,-1,72,75,-699
2386,63488811,63487088,19,-295,16909,1,0,-1,71,76,-699
2387,63512811,63511351,18,-298,16911,1,0,-1,71,76,-698
2388,63536811,63535617,20,-297,16910,1,0,-1,72,75,-699
2389,63560811,63559877,25,-296,16910,2,1,-2,73,74,-700
2390,63584811,63584140,28,-294,16911,2,1,-2,73,72,-699
2391,63608811,63608405,29,-294,16911,2,1,-2,74,73,-700
2392,63632811,63632662,29,-292,16911,2,1,-2,74,73,-700
2393,63658811,63656934,31,-291,16911,2,0,-2,75,72,-701
2394,63682811,63681193,31,-291,16912,2,0,-2,75,72,-700
2395,63706811,63705459,30,-289,16910,2,0,-2,75,71,-701
2396,63730811,63729725,30,-291,16911,2,-1,-2,74,72,-701
2397,63754811,63754380,29,-293,16912,2,-1,-2,73,71,-701
2398,63778811,63778663,26,-296,16911,2,-1,-2,73,74,-700
2399,63804812,63802937,26,-298,16911,2,-2,-2,73,74,-700
2400,63828221,63827349,26,-302,16913,1,-2,-2,74,73,-700
2401,63852221,63851691,25,-304,16915,1,-2,-1,72,74,-699
2402,63876221,63875957,26,-304,16916,1,-1,-1,73,73,-700
2403,63902222,63900230,29,-302,16919,1,-1,-1,73,74,-700
2404,63926221,63924494,27,-299,16919,0,-1,-1,72,75,-700
2405,63950221,63948758,25,-297,16918,0,-1,-1,73,75,-701
2406,63974221,63973023,27,-293,16917,0,-1,-1,75,75,-703
2407,63998221,63997287,26,-291,16916,0,-1,-1,74,75,-702
2408,64022221,64021548,25,-290,16915,0,0,-1,74,74,-701
2409,64046221,64045813,27,-290,16914,1,-1,-1,75,74,-702
2410,64070221,64070098,25,-289,16914,1,-1,-1,75,75,-702
2411,64096222,64094369,23,-291,16912,1,-1,-2,75,74,-702
2412,64120221,64118632,23,-292,16913,1,-1,-1,75,74,-702
2413,64144221,64142897,21,-293,16914,1,0,-1,75,73,-701
2414,64168221,64167162,19,-295,16915,1,0,-1,74,73,-700
2415,64192221,64191422,19,-296,16916,1,-1,-1,74,74,-700
2416,64216221,64215687,19,-297,16917,1,-1,-1,74,74,-701
2417,64240221,64239955,16,-296,16917,1,-1,-1,75,75,-701
2418,64264226,64264221,16,-298,16917,1,0,-1,75,77,-701
2419,64290221,64288487,15,-300,16915,1,-1,-1,76,77,-700
2420,64314221,64312755,15,-302,16912,1,-1,-1,76,76,-699
2421,64338221,64337016,17,-302,16909,1,-1,-1,77,76,-698
2422,64362221,64361278,18,-302,16910,1,-1,-1,77,77,-698
2423,64386221,64385538,20,-301,16909,1,-1,-1,78,76,-698
2424,64410221,64409802,18,-301,16906,1,-1,-1,77,76,-697
2425,64434221,64434066,18,-303,16904,1,-1,-1,77,74,-698
2426,64460222,64458339,19,-304,16901,1,-1,-1,75,73,-698
2427,64484221,64482599,19,-302,16903,1,-1,-1,75,73,-699
2428,64507190,64506872,20,-302,16908,1,-1,-2,74,72,-702
2429,64531190,64531174,19,-304,16911,1,-1,-2,73,73,-702
2430,64557190,64555442,19,-304,16912,1,-1,-2,73,72,-702
2431,64581190,64579712,17,-304,16915,1,-1,-3,73,72,-702
2432,64605032,64604058,18,-304,16917,1,-1,-3,74,73,-702
2433,64629032,64628399,19,-302,16921,1,-1,-3,72,73,-703
2434,64653032,64652680,20,-300,16923,1,-1,-3,73,73,-703
2435,64677032,64676948,21,-302,16924,1,-1,-3,73,73,-702
2436,64703033,64701218,21,-301,16920,1,-1,-3,73,73,-700
2437,64727032,64725483,19,-298,16918,1,-1,-3,74,74,-701
2438,64751032,64749749,19,-297,16918,1,-1,-2,73,73,-701
2439,64775032,64774015,18,-295,16918,1,-1,-2,73,72,-702
2440,64799032,64798294,18,-294,16919,1,-1,-2,71,72,-700
2441,64823032,64822559,18,-294,16921,2,0,-2,73,72,-700
2442,64847032,64846821,17,-294,16922,2,0,-2,74,71,-700
2443,64873034,64871096,18,-293,16921,2,0,-2,73,72,-699
2444,64897032,64895360,17,-293,16920,2,0,-2,73,73,-698
2445,64921032,64919623,19,-294,16919,2,0,-1,74,72,-698
2446,64945032,64943888,18,-295,16917,2,0,-1,74,72,-700
2447,64969032,64968154,18,-297,16915,3,0,-1,76,74,-700
2448,64993032,64992420,18,-298,16912,2,0,-1,76,74,-702
2449,65017032,65016685,16,-299,16908,2,0,-1,74,75,-701
2450,65041032,65040957,14,-300,16907,2,-1,-1,74,74,-703
2451,65067033,65065225,13,-300,16908,2,0,-1,76,73,-704
2452,65091032,65089489,13,-303,16909,2,-1,-1,75,73,-705
2453,65115032,65113752,13,-305,16911,1,-1,-1,74,75,-706
2454,65139032,65138020,16,-307,16911,1,-1,-1,74,75,-704
2455,65163032,65162286,17,-306,16911,1,-1,-1,73,75,-704
2456,65187032,65186553,18,-308,16913,1,-1,-1,73,75,-705
2457,65211032,65210812,22,-308,16914,1,-1,0,73,75,-705
2458,65237033,65235088,24,-309,16912,1,0,-1,73,76,-704
2459,65261032,65259350,26,-308,16910,1,-1,-1,73,77,-703
2460,65285032,65283614,27,-306,16909,1,0,-1,75,78,-703
2461,65309032,65307881,28,-305,16908,1,0,-1,74,77,-702
2462,65333032,65332142,27,-304,16907,1,0,-1,74,76,-702
2463,65357032,65356409,27,-304,16908,1,0,-1,74,75,-700
2464,65382261,65380791,26,-305,16908,1,0,-1,74,75,-700
2465,65406261,65405097,24,-305,16905,1,0,-1,74,75,-701
2466,65430261,65429365,21,-305,16905,1,0,-1,74,74,-702
2467,65454261,65453631,19,-307,16904,1,0,-1,74,73,-703
2468,65478261,65477894,18,-307,16903,1,0,-1,72,72,-703
2469,65502261,65502156,17,-306,16903,1,0,-1,74,72,-704
2470,65528262,65526435,14,-306,16904,2,-1,0,73,72,-705
2471,65552261,65550703,11,-306,16903,2,-1,0,74,73,-706
2472,65576261,65574967,10,-304,16902,2,-1,0,74,74,-706
2473,65600261,65599233,13,-304,16905,2,-1,0,76,74,-704
2474,65624261,65623499,13,-304,16903,2,0,-1,75,72,-703
2475,65648261,65647759,15,-304,16906,2,0,-1,74,71,-703
2476,65672261,65672025,16,-304,16907,1,0,-1,76,72,-703
2477,65698263,65696296,16,-304,16908,1,0,-1,74,72,-703
2478,65722261,65720557,18,-304,16907,1,0,-1,75,72,-702
2479,65746261,65744821,18,-303,16906,1,0,-1,73,73,-702
2480,65770261,65769090,17,-301,16905,1,0,-1,74,71,-703
2481,65794261,65793354,12,-300,16907,1,0,-2,73,70,-704
2482,65818261,65817617,12,-299,16910,1,0,-2,73,72,-703
2483,65842261,65841883,9,-298,16911,1,0,-2,74,73,-702
2484,65866261,65866145,6,-298,16913,1,0,-2,73,73,-701
2485,65892262,65890417,6,-297,16915,1,-1,-2,75,73,-700
2486,65916261,65914678,8,-296,16918,1,-1,-2,74,71,-700
2487,65940261,65938941,10,-295,16919,1,-1,-2,76,69,-700
2488,65964261,65963206,11,-298,16920,1,-1,-2,76,69,-699
2489,65988261,65987472,15,-298,16918,1,-1,-2,76,70,-699
2490,66012261,66011734,15,-297,16916,1,-1,-2,75,70,-700
2491,66036261,66036003,17,-299,16916,1,-1,-2,74,70,-701
2492,66061246,66060305,18,-300,16914,1,-1,-2,74,70,-702
2493,66085246,66084584,16,-302,16911,1,-1,-2,75,69,-702
2494,66109246,66108849,13,-302,16908,1,-1,-2,75,72,-702
2495,66133246,66133110,12,-302,16909,2,-1,-2,74,74,-701
2496,66158856,66157506,13,-303,16908,2,-1,-2,73,75,-702
2497,66182856,66182200,9,-303,16906,2,-1,-2,75,77,-702
2498,66206854,66206480,8,-304,16906,2,-1,-2,76,77,-703
2499,66230854,66230749,5,-303,16906,2,-1,-2,77,77,-702
2500,66256854,66255126,3,-304,16907,1,-1,-2,79,77,-702
2501,66280854,66279413,5,-306,16907,1,-1,-2,79,78,-701
2502,66304854,66303681,6,-308,16906,1,-1,-2,78,77,-701
2503,66328854,66327948,4,-310,16906,1,-1,-1,78,78,-702
2504,66352854,66352215,4,-308,16907,1,0,-1,79,77,-701
2505,66376854,66376485,8,-307,16906,1,0,-1,77,76,-701
2506,66400854,66400753,11,-308,16906,1,0,-1,77,76,-700
2507,66426855,66425023,14,-308,16906,1,0,0,76,76,-701
2508,66450854,66449289,15,-309,16907,2,0,0,75,76,-702
2509,66474854,66473551,18,-307,16912,2,0,0,74,76,-703
2510,66498854,66497824,18,-306,16915,1,0,-1,75,75,-701
2511,66522854,66522089,21,-306,16918,1,-1,-1,75,73,-701
2512,66546854,66546351,21,-305,16919,1,-1,-1,74,73,-701
2513,66570854,66570614,22,-306,16922,1,-1,-1,74,73,-701
2514,66596854,66594885,23,-307,16922,1,-2,-1,73,74,-701
2515,66620854,66619147,23,-306,16920,1,-2,-1,74,73,-701
2516,66644854,66643414,24,-306,16918,1,-2,-1,75,73,-700
2517,66668854,66667677,25,-307,16915,0,-2,-1,75,71,-699
2518,66692854,66691942,25,-308,16913,0,-1,-1,75,72,-700
2519,66716854,66716209,23,-310,16911,0,-1,-1,76,74,-701
2520,66740854,66740476,20,-309,16912,0,-1,-1,77,74,-700
2521,66764854,66764741,18,-307,16912,0,-1,-1,78,73,-700
2522,66790854,66789012,16,-303,16914,0,-1,-1,79,72,-699
2523,66814854,66813277,15,-302,16917,1,-1,-1,79,74,-699
2524,66838854,66837540,15,-302,16916,1,-1,-1,78,74,-700
2525,66862854,66861803,14,-300,16915,1,-1,-1,78,74,-701
2526,66886854,66886065,13,-298,16916,1,0,-1,78,75,-701
2527,66910854,66910331,13,-294,16915,1,0,-1,77,75,-701
2528,66936138,66934706,15,-295,16914,1,0,-1,78,75,-703
2529,66960138,66959021,15,-296,16913,1,0,-1,77,75,-703
2530,66984137,66983311,14,-299,16913,1,0,-1,76,75,-704
2531,67008137,67007577,14,-301,16914,1,0,-1,75,74,-705
2532,67032137,67031838,13,-302,16916,1,0,-1,74,74,-704
2533,67056137,67056103,14,-301,16918,1,0,-1,73,74,-703
2534,67082137,67080366,13,-302,16916,1,0,-1,73,74,-703
2535,67106137,67104630,13,-304,16916,0,0,-1,74,73,-702
2536,67130137,67128896,13,-305,16914,1,0,-1,72,73,-701
2537,67154137,67153161,15,-305,16914,1,-1,-1,71,73,-701
2538,67178137,67177423,16,-304,16912,1,-1,-1,72,74,-701
2539,67202137,67201686,14,-303,16909,1,0,-1,74,74,-700
2540,67226137,67225946,12,-302,16906,1,0,-1,74,74,-700
2541,67252137,67250218,13,-302,16906,1,-1,-1,75,75,-701
2542,67276137,67274482,13,-300,16908,1,-1,-1,75,74,-700
2543,67300137,67298748,12,-300,16910,1,-1,-1,76,74,-700
2544,67324137,67323017,12,-299,16911,0,-1,-1,77,75,-700
2545,67348137,67347277,12,-299,16912,0,-1,-1,78,75,-700
2546,67372137,67371540,13,-299,16915,0,-1,-1,77,74,-700
2547,67396137,67395802,15,-298,16917,0,-1,-2,76,74,-700
2548,67420137,67420066,17,-297,16920,0,-1,-2,76,75,-700
2549,67446137,67444336,16,-298,16918,1,-1,-2,76,75,-700
2550,67470137,67468600,16,-298,16916,1,-1,-2,76,76,-701
2551,67494137,67492867,17,-296,16913,1,-1,-2,74,75,-701
2552,67518137,67517134,18,-296,16910,1,-1,-2,73,75,-700
2553,67542137,67541401,16,-298,16908,1,-1,-1,73,75,-700
2554,67566137,67565665,13,-298,16905,1,-1,-1,73,76,-700
2555,67590137,67589931,12,-299,16903,1,-2,-1,74,76,-701
2556,67615137,67614233,12,-299,16903,0,-2,-1,74,76,-701
2557,67639137,67638518,14,-298,16903,0,-2,-1,74,74,-701
2558,67663137,67662781,16,-302,16904,0,-2,-1,73,73,-701
2559,67687137,67687043,18,-305,16905,0,-1,-1,73,73,-701
2560,67713037,67711421,20,-306,16907,0,-1,-1,75,72,-703
2561,67737037,67735743,20,-306,16908,1,-1,-1,75,74,-703
2562,67761037,67760019,22,-305,16908,1,-1,-1,75,73,-703
2563,67785037,67784284,22,-306,16909,1,0,-1,74,74,-702
2564,67809037,67808549,22,-306,16909,2,-1,-1,74,74,-702
2565,67833037,67832813,20,-307,16909,2,-1,-1,74,75,-702
2566,67859038,67857088,19,-303,16908,2,-1,-1,74,76,-700
2567,67883037,67881352,18,-301,16908,2,-1,-2,74,77,-700
2568,67907037,67905615,17,-301,16907,1,-1,-2,74,77,-698
2569,67931037,67929876,16,-299,16907,1,-1,-2,74,75,-698
2570,67955037,67954153,15,-298,16907,1,-1,-2,75,75,-697
2571,67979037,67978419,15,-297,16904,1,-1,-2,75,73,-698
2572,68003037,68002683,16,-295,16902,1,-1,-2,74,73,-699
2573,68027037,68026949,17,-293,16901,1,-1,-2,74,74,-699
2574,68053039,68051221,15,-294,16900,1,-1,-1,74,74,-699
2575,68077037,68075482,12,-294,16899,1,-1,-1,74,72,-700
2576,68101037,68099745,9,-294,16899,1,-1,-1,73,72,-700
2577,68125037,68124010,9,-296,16899,0,-1,-1,72,72,-700
2578,68149037,68148277,8,-298,16899,0,-1,-1,71,72,-701
2579,68173037,68172541,7,-298,16901,0,-1,-1,72,73,-700
2580,68197037,68196807,6,-300,16903,0,-1,-1,72,72,-698
2581,68223038,68221078,5,-303,16903,0,-1,-1,73,72,-698
2582,68247037,68245342,5,-305,16903,0,0,-1,74,71,-699
2583,68271037,68269606,7,-306,16901,0,0,-1,74,72,-699
2584,68295037,68293864,9,-304,16901,0,0,-2,76,73,-699
2585,68319037,68318128,10,-302,16900,0,-1,-2,75,72,-699
2586,68343037,68342392,11,-300,16899,0,-1,-2,77,72,-698
2587,68367037,68366661,13,-299,16898,-1,-1,-2,77,73,-698
2588,68391037,68390924,16,-296,16899,-1,-1,-2,78,74,-700
2589,68417037,68415199,17,-294,16901,-1,-1,-2,78,75,-700
2590,68441037,68439465,19,-292,16903,-1,-1,-2,77,75,-701
2591,68465037,68463727,20,-292,16906,-1,-1,-2,78,74,-701
2592,68488144,68488066,22,-293,16906,0,-1,-2,77,75,-702
2593,68514145,68512383,24,-295,16909,0,0,-1,77,75,-704
2594,68538145,68536658,26,-297,16910,0,-1,-1,75,75,-705
2595,68562144,68560924,27,-298,16912,0,-1,-1,75,74,-705
2596,68586148,68585187,28,-298,16912,0,-1,-1,74,73,-705
2597,68610144,68609831,30,-296,16910,1,-1,-1,74,73,-706
2598,68634144,68634101,30,-294,16910,1,-1,-1,73,74,-705
2599,68660144,68658370,29,-292,16909,1,-2,-1,72,72,-704
2600,68684144,68682706,28,-291,16909,1,-2,-1,72,71,-703
2601,68708144,68706999,28,-289,16907,1,-1,-1,73,71,-703
2602,68732144,68731270,28,-287,16907,1,-1,-1,74,72,-702
2603,68756144,68755541,27,-287,16906,1,-1,0,74,74,-702
2604,68780144,68779804,26,-287,16905,1,-1,0,75,74,-702
2605,68804144,68804065,24,-289,16907,1,-1,0,74,73,-702
2606,68830144,68828339,23,-291,16907,1,-1,0,74,75,-701
2607,68854144,68852605,24,-292,16908,1,-1,-1,75,76,-702
2608,68878144,68876871,24,-292,16909,1,-1,-1,75,77,-702
2609,68902144,68901135,23,-292,16908,1,-1,-1,75,77,-701
2610,68926144,68925410,21,-293,16908,1,-1,-1,75,75,-702
2611,68950144,68949673,20,-293,16908,1,-1,-1,74,73,-703
2612,68974144,68973934,17,-292,16908,1,-1,-2,73,72,-703
2613,69000145,68998205,17,-290,16908,1,-1,-2,74,73,-701
2614,69024144,69022471,14,-289,16908,1,-1,-2,74,73,-702
2615,69048144,69046734,13,-289,16910,2,0,-2,74,73,-701
2616,69072144,69070997,12,-292,16911,2,0,-2,75,73,-702
2617,69096144,69095264,12,-293,16913,2,0,-1,76,72,-701
2618,69120144,69119530,12,-293,16915,2,0,-1,75,73,-702
2619,69144144,69143795,10,-295,16915,2,0,-1,76,75,-702
2620,69169424,69168092,11,-298,16915,2,-1,-1,75,75,-701
2621,69193424,69192381,10,-302,16913,2,-1,-1,75,76,-701
2622,69217424,69216646,11,-305,16912,2,0,-1,75,73,-701
2623,69241424,69240912,9,-308,16907,1,0,-1,75,73,-702
2624,69267036,69265316,8,-309,16908,1,0,-1,74,73,-701
2625,69291036,69289624,8,-307,16907,1,0,-2,73,73,-701
2626,69315036,69313891,9,-308,16904,1,0,-2,73,73,-701
2627,69339036,69338158,11,-308,16903,1,0,-2,73,73,-700
2628,69363036,69362420,11,-304,16906,1,0,-2,75,71,-701
2629,69387036,69386687,14,-302,16906,1,1,-2,74,72,-702
2630,69411036,69410965,17,-298,16906,1,0,-2,75,73,-701
2631,69437036,69435235,19,-296,16908,1,0,-2,74,73,-702
2632,69461036,69459501,19,-293,16908,1,0,-2,75,73,-702
2633,69485036,69483766,19,-294,16907,0,0,-2,74,74,-702
2634,69509036,69508030,15,-293,16909,0,0,-2,74,75,-702
2635,69533036,69532296,12,-291,16910,0,-1,-2,73,74,-702
2636,69557036,69556561,-36,-282,17019,13,3,-2,74,75,-702
2637,69581036,69580826,-44,-274,17051,15,7,-2,75,73,-703
2638,69607038,69605099,-49,-274,17055,13,3,-2,76,73,-703
2639,69631036,69629364,-51,-275,17054,12,-1,-2,75,73,-703
2640,69655036,69653630,-51,-275,17051,12,-2,-2,76,73,-702
2641,69679036,69677899,-52,-274,17049,12,-3,-2,77,73,-702
2642,69703036,69702167,-42,-299,16951,10,-1,-2,77,73,-702
2643,69727036,69726433,-42,-289,16980,12,1,-2,77,73,-703
2644,69751036,69750700,0,-297,16876,-3,-6,-2,76,73,-703
2645,69775036,69774964,7,-307,16843,-7,-12,-2,77,74,-703
2646,69801036,69799232,13,-307,16839,-5,-9,-2,76,75,-702
2647,69825036,69823499,15,-305,16838,-5,-6,-1,75,74,-703
2648,69849036,69847766,18,-306,16841,-4,-5,-2,74,75,-703
2649,69873036,69872031,30,-328,16968,8,-5,-2,74,77,-703
2650,69897036,69896296,21,-294,17100,10,-8,-1,76,76,-702
2651,69921036,69920563,23,-306,17068,8,-12,-1,75,76,-701
2652,69945036,69944828,28,-310,17061,9,-10,-1,74,76,-701
2653,69971037,69969101,27,-308,17060,10,-9,-1,73,78,-701
2654,69995036,69993363,56,-337,16966,9,0,-1,73,76,-701
2655,70019036,70017627,33,-331,16975,12,9,-2,73,77,-701
2656,70042197,70041966,28,-331,16981,9,5,-2,73,75,-703
2657,70068197,70066294,17,-309,16855,-5,3,-2,72,75,-702
2658,70092196,70090560,17,-318,16820,-5,3,-2,72,75,-704
2659,70116196,70114827,17,-318,16820,-5,3,-2,73,76,-704
2660,70140196,70139102,19,-318,16819,-5,4,-2,72,74,-704
2661,70164196,70163366,17,-319,16822,-5,5,-2,73,72,-703
2662,70188196,70187630,-15,-289,16915,-3,-3,-2,73,71,-703
2663,70212196,70211894,7,-296,16905,-6,-12,-1,74,72,-701
2664,70236197,70236159,9,-298,16898,-3,-7,-1,73,74,-700
2665,70262196,70260423,10,-300,16897,-1,-4,-1,74,73,-701
2666,70286196,70284688,10,-302,16900,0,-3,-1,72,73,-700
2667,70310196,70308950,11,-304,16901,0,-2,-1,73,74,-699
2668,70334196,70333215,10,-307,16901,0,-1,-1,73,75,-699
2669,70358196,70357478,12,-307,16899,1,-1,-1,73,77,-699
2670,70382196,70381748,13,-306,16901,1,-1,-1,74,76,-700
2671,70406196,70406015,13,-305,16903,1,-1,-1,74,77,-700
2672,70432197,70430288,15,-305,16903,1,0,-2,75,77,-700
2673,70456196,70454551,13,-302,16903,1,-1,-2,75,78,-699
2674,70480196,70478818,12,-298,16904,1,-1,-2,75,77,-700
2675,70504196,70503085,12,-294,16905,1,-1,-2,73,76,-702
2676,70528196,70527349,13,-292,16907,1,-1,-2,74,74,-702
2677,70552196,70551612,13,-292,16909,1,-1,-2,74,74,-702
2678,70576196,70575875,15,-295,16908,2,0,-2,73,75,-703
2679,70600196,70600138,15,-294,16908,2,0,-2,72,73,-703
2680,70626196,70624406,15,-294,16908,1,0,-2,72,73,-704
2681,70650196,70648671,17,-295,16909,1,0,-1,72,72,-704
2682,70674196,70672935,20,-296,16909,1,0,-2,72,71,-704
2683,70698196,70697199,20,-301,16908,1,0,-1,72,72,-702
2684,70723153,70721487,20,-303,16907,1,0,-1,72,73,-704
2685,70747153,70745774,19,-304,16907,1,-1,-1,72,72,-704
2686,70771153,70770040,17,-304,16908,1,-1,-1,73,72,-705
2687,70795153,70794303,18,-306,16908,1,-1,-1,75,72,-704
2688,70818747,70818663,17,-304,16909,1,-2,-1,76,72,-703
2689,70844747,70842988,18,-305,16910,1,-2,-1,76,72,-704
2690,70868747,70867267,15,-306,16909,1,-2,-1,76,71,-706
2691,70892747,70891532,-22,-301,16970,14,7,0,76,72,-707
2692,70916747,70915796,-34,-295,16975,16,15,-1,77,71,-706
2693,70940747,70940064,-44,-287,16985,16,14,-1,77,71,-705
2694,70964747,70964327,-44,-287,16982,12,7,-1,77,72,-704
2695,70988747,70988589,-46,-285,16982,10,3,-1,75,73,-704
2696,71014748,71012862,-48,-283,16982,10,1,-1,74,73,-704
2697,71038747,71037508,-49,-284,16980,9,0,-1,74,74,-703
2698,71062747,71061779,-46,-283,16980,9,0,-1,74,76,-702
2699,71086747,71086048,-8,-285,16919,-4,-10,-1,75,75,-702
2700,71110747,71110423,3,-288,16913,-7,-18,-1,76,76,-702
2701,71134747,71134707,13,-293,16901,-7,-18,-1,76,76,-703
2702,71160747,71158971,13,-292,16903,-3,-11,-1,77,75,-702
2703,71184747,71183234,18,-292,16905,-1,-7,-1,77,74,-701
2704,71208747,71207497,21,-295,16906,-1,-5,-1,77,72,-700
2705,71232747,71231760,21,-294,16907,0,-3,-1,76,72,-701
2706,71256747,71256026,20,-293,16907,0,-3,-1,76,72,-700
2707,71280747,71280288,18,-293,16907,-1,-2,-1,75,73,-699
2708,71304747,71304551,9,-286,16927,3,11,0,74,74,-699
2709,71330747,71328819,-2,-283,16928,4,10,0,74,74,-700
2710,71354747,71353093,-3,-281,16925,1,5,0,73,74,-701
2711,71378747,71377360,-5,-279,16926,-1,2,-1,73,74,-702
2712,71402747,71401622,-6,-276,16923,-1,0,-1,74,74,-702
2713,71426747,71425885,-4,-273,16923,-2,0,-1,75,73,-702
2714,71450747,71450150,-4,-274,16924,-2,-1,0,75,73,-703
2715,71474747,71474414,-3,-275,16925,-2,-2,-1,76,72,-702
2716,71498747,71498680,8,-284,16908,-6,-14,-1,76,72,-700
2717,71524747,71522947,22,-288,16911,-6,-13,-1,75,72,-700
2718,71548747,71547212,24,-290,16915,-3,-8,-1,74,72,-699
2719,71572747,71571476,25,-292,16912,-2,-5,0,75,73,-698
2720,71596183,71595818,23,-294,16914,-1,-3,0,73,75,-698
2721,71620183,71620139,21,-297,16914,-1,-2,-1,72,76,-699
2722,71646183,71644410,19,-296,16914,-1,-2,-1,71,76,-699
2723,71670183,71668673,19,-296,16914,0,-1,-1,72,77,-701
2724,71694183,71692935,15,-292,16912,0,-1,-1,72,77,-703
2725,71718183,71717199,24,-318,17036,14,1,-2,73,76,-702
2726,71742183,71741465,22,-306,17068,14,2,-2,73,76,-703
2727,71766183,71765729,20,-306,17070,12,-2,-3,73,76,-704
2728,71790183,71789990,20,-309,17065,11,-4,-2,74,75,-705
2729,71816183,71814259,21,-309,17063,10,-6,-2,75,74,-705
2730,71840183,71838532,20,-308,17062,10,-7,-3,76,72,-705
2731,71864183,71862797,21,-307,17063,10,-7,-3,76,72,-704
2732,71888183,71887063,24,-306,17064,10,-8,-3,75,72,-703
2733,71912183,71911326,14,-279,16938,-4,-10,-2,75,73,-704
2734,71936183,71935593,15,-290,16908,-4,-11,-2,75,72,-705
2735,71960183,71959858,16,-290,16909,-2,-8,-2,75,73,-706
2736,71984183,71984124,15,-287,16915,-1,-5,-2,75,74,-705
2737,72010183,72008392,15,-287,16918,-1,-4,-2,76,74,-704
2738,72034183,72032655,16,-290,16920,-1,-3,-2,75,76,-702
2739,72058183,72056916,20,-292,16921,-1,-2,-2,75,74,-702
2740,72082183,72081182,18,-295,16923,-1,-2,-1,76,73,-701
2741,72106183,72105452,20,-298,16923,0,-2,-1,76,73,-699
2742,72130183,72129716,22,-300,16921,0,-2,-1,77,74,-698
2743,72154183,72153979,26,-286,17029,9,-2,-2,75,74,-697
2744,72180183,72178252,28,-281,17055,10,1,-2,75,73,-697
2745,72204183,72202516,25,-279,17057,10,-1,-2,75,73,-697
2746,72228183,72226780,25,-279,17048,9,-3,-2,74,73,-698
2747,72252183,72251045,23,-280,17042,9,-5,-2,75,74,-697
2748,72277156,72275342,21,-281,17038,8,-6,-2,74,75,-698
2749,72301156,72299635,19,-281,17036,8,-6,-2,73,75,-699
2750,72325156,72323907,16,-281,17034,8,-6,-2,72,75,-699
2751,72349156,72348174,11,-296,16924,-1,-6,-2,72,76,-700
2752,72372763,72372542,12,-302,16898,-2,-9,-2,72,77,-700
2753,72398763,72396870,15,-301,16893,-2,-7,-2,71,78,-700
2754,72422763,72421141,15,-297,16900,-1,-5,-2,72,77,-699
2755,72446763,72445404,15,-294,16903,0,-3,-1,71,76,-700
2756,72470763,72469667,17,-293,16906,0,-2,-1,72,75,-701
2757,72494763,72493931,18,-294,16906,0,-1,-1,73,75,-701
2758,72518763,72518195,17,-292,16906,0,-1,-1,73,76,-701
2759,72542763,72542458,16,-291,16906,0,-1,-1,74,75,-700
2760,72566763,72566726,-38,-282,17004,16,6,0,75,75,-700
2761,72592763,72590993,-47,-282,17013,17,10,0,76,74,-700
2762,72616763,72615257,-56,-279,17017,15,8,-1,77,73,-700
2763,72640763,72639519,-55,-280,17011,13,3,-1,76,75,-700
2764,72664763,72663783,-55,-280,17007,12,0,-1,77,75,-700
2765,72688763,72688048,-55,-281,17006,11,-1,-1,76,75,-701
2766,72712763,72712312,-54,-282,17007,11,-2,-1,76,74,-700
2767,72736763,72736574,-53,-283,17008,11,-3,-1,74,74,-700
2768,72762763,72760848,-2,-292,16907,-5,-10,-2,73,73,-700
2769,72786763,72785116,5,-296,16898,-5,-15,-2,74,73,-700
2770,72810763,72809383,11,-302,16895,-4,-12,-1,73,73,-701
2771,72834763,72833651,11,-302,16902,-2,-7,-1,74,72,-701
2772,72858763,72857915,13,-301,16906,0,-5,-1,73,72,-700
2773,72882763,72882181,15,-299,16909,0,-3,-1,73,73,-701
2774,72906763,72906446,17,-303,16909,1,-2,-2,74,73,-702
2775,72930763,72930711,19,-304,16906,1,-2,-1,75,74,-702
2776,72956763,72954981,20,-305,16905,1,-1,-1,74,74,-703
2777,72980763,72979244,-15,-298,17002,14,3,-1,74,74,-703
2778,73004763,73003507,-14,-288,17027,16,7,-2,74,74,-702
2779,73028763,73027772,-20,-288,17027,15,6,-2,74,75,-702
2780,73052763,73052039,-23,-289,17027,13,1,-2,75,75,-703
2781,73076763,73076308,-25,-288,17056,12,-1,-2,77,73,-703
2782,73100763,73100569,-26,-287,17058,12,-3,-2,76,73,-702
2783,73126763,73124843,-28,-288,17061,12,-4,-2,78,73,-702
2784,73149912,73149178,-27,-285,17063,11,-4,-2,78,73,-699
2785,73173912,73173494,7,-290,16968,-2,-8,-2,77,75,-698
2786,73197912,73197769,9,-299,16942,-4,-13,-2,77,74,-700
2787,73223912,73222047,14,-298,16942,-3,-12,-1,78,74,-699
2788,73247912,73246309,16,-296,16941,-1,-7,-1,77,74,-699
2789,73271912,73270575,14,-297,16911,0,-5,-1,76,75,-699
2790,73295912,73294848,12,-296,16909,0,-4,-1,76,75,-699
2791,73319912,73319110,12,-295,16907,0,-3,-1,74,76,-699
2792,73343912,73343372,13,-296,16904,0,-3,-2,74,76,-700
2793,73367912,73367634,13,-297,16901,1,-2,-2,75,76,-700
2794,73391912,73391898,50,-315,16916,1,-2,-2,74,77,-699
2795,73417912,73416166,41,-316,16892,3,9,-3,74,77,-699
2796,73441912,73440431,35,-311,16903,5,12,-3,74,77,-699
2797,73465912,73465083,31,-308,16909,4,8,-3,73,76,-698
2798,73489912,73489354,31,-309,16905,1,2,-3,74,76,-699
2799,73513912,73513617,32,-309,16903,0,0,-3,76,76,-699
2800,73539912,73537969,31,-311,16903,-1,-2,-3,76,75,-700
2801,73563912,73562256,28,-314,16936,-1,-3,-3,75,74,-700
2802,73587912,73586526,-10,-297,16919,-1,-3,-2,77,73,-701
2803,73611912,73610785,-2,-297,16940,-3,-14,-2,78,73,-702
2804,73635912,73635050,3,-301,16927,-6,-17,-2,78,72,-701
2805,73659912,73659315,7,-302,16920,-4,-12,-2,79,71,-702
2806,73683912,73683581,8,-301,16924,-2,-7,-2,79,71,-702
2807,73707912,73707847,8,-301,16926,-1,-5,-2,77,69,-701
2808,73733912,73732113,6,-298,16928,-1,-4,-1,77,69,-701
2809,73757912,73756376,7,-294,16897,-1,-3,-1,78,69,-700
2810,73781912,73780657,8,-293,16898,-1,-3,-1,76,70,-698
2811,73805912,73804920,9,-293,16900,0,-2,-1,76,70,-698
2812,73830890,73829211,8,-295,16902,0,-2,-1,75,71,-698
2813,73854890,73853502,49,-307,16915,0,-1,-1,76,72,-698
2814,73878890,73877768,39,-299,16923,2,10,0,75,73,-698
2815,73902890,73902031,36,-293,16941,2,9,-1,78,74,-699
2816,73926518,73926394,36,-292,16946,0,5,-1,77,75,-700
2817,73952519,73950722,38,-294,16942,-2,2,-1,77,76,-701
2818,73976518,73974993,38,-296,16942,-2,1,-1,77,75,-702
2819,74000518,73999259,35,-297,16942,-3,0,-1,77,75,-701
2820,74024518,74023531,34,-298,16943,-3,-1,-1,77,74,-702
2821,74048518,74047798,-8,-285,16933,-3,-2,-1,74,74,-701
2822,74072518,74072066,3,-292,16930,-5,-13,-1,74,73,-700
2823,74096518,74096329,7,-296,16915,-5,-12,-1,73,74,-700
2824,74122519,74120600,7,-298,16911,-3,-7,-1,73,74,-699
2825,74146518,74144864,5,-297,16915,-1,-4,-2,72,73,-698
2826,74170518,74169130,4,-297,16916,-1,-3,-2,73,73,-699
2827,74194518,74193391,7,-297,16915,0,-2,-2,72,74,-699
2828,74218518,74217658,10,-296,16916,0,-2,-2,73,75,-698
2829,74242518,74241924,11,-298,16916,1,-1,-2,76,74,-699
2830,74266518,74266189,8,-299,16912,1,-1,-2,76,73,-698
2831,74290518,74290452,33,-331,16789,0,10,-2,76,72,-699
2832,74316518,74314718,17,-330,16781,0,19,-2,76,73,-700
2833,74340518,74338982,16,-326,16792,-1,17,-2,76,71,-700
2834,74364518,74363245,18,-326,16791,-4,13,-2,74,72,-699
2835,74388518,74387504,17,-328,16790,-5,11,-2,76,73,-699
2836,74412518,74411768,16,-329,16788,-6,9,-2,76,72,-699
2837,74436518,74436031,16,-330,16788,-6,9,-2,75,72,-700
2838,74460518,74460294,19,-331,16788,-6,8,-2,75,73,-701
2839,74486519,74484564,-7,-301,16911,-5,-3,-2,75,73,-701
2840,74510518,74508826,9,-303,16917,-5,-12,-2,74,73,-701
2841,74534518,74533094,12,-306,16907,-4,-11,-2,75,76,-702
2842,74558518,74557357,10,-305,16909,-2,-7,-2,77,75,-701
2843,74582518,74581621,9,-302,16912,-1,-5,-2,76,74,-703
2844,74606518,74605886,10,-302,16915,0,-3,-2,75,75,-703
2845,74630518,74630151,9,-302,16913,0,-3,-2,76,77,-703
2846,74654518,74654418,8,-299,16914,0,-2,-2,75,77,-702
2847,74680519,74678690,8,-299,16913,1,-2,-2,74,77,-703
2848,74703666,74703018,7,-298,16915,1,-2,-2,75,78,-702
2849,74727666,74727345,32,-277,16887,5,6,-2,74,77,-703
2850,74751666,74751625,24,-274,16889,5,6,-2,74,77,-704
2851,74777666,74775894,20,-272,16893,3,3,-2,75,77,-703
2852,74801666,74800159,19,-274,16885,1,0,-2,73,77,-703
2853,74825666,74824423,18,-274,16885,1,-2,-2,73,75,-704
2854,74849666,74848686,18,-276,16885,0,-3,-2,73,75,-705
2855,74873666,74872950,18,-276,16885,0,-4,-2,74,76,-705
2856,74897666,74897208,19,-279,16884,0,-4,-2,74,73,-704
2857,74921666,74921474,-5,-302,16911,-5,-11,-2,74,72,-703
2858,74947666,74945746,4,-304,16910,-5,-12,-2,74,72,-702
2859,74971666,74970008,13,-301,16922,-3,-8,-2,73,72,-702
2860,74995666,74994273,13,-299,16929,-1,-5,-1,73,72,-702
2861,75019666,75018541,14,-298,16931,0,-3,-1,73,71,-701
2862,75043666,75042809,15,-297,16933,0,-2,-1,74,70,-699
2863,75067666,75067072,15,-297,16934,0,-2,-1,74,71,-699
2864,75091666,75091336,17,-297,16940,1,-2,-1,74,73,-699
2865,75115666,75115601,15,-298,16943,1,-2,-1,74,74,-699
2866,75141666,75139869,14,-299,16880,-1,5,-1,73,75,-699
2867,75165666,75164131,-10,-304,16869,-2,14,-1,73,74,-698
2868,75189666,75188391,-16,-306,16868,-2,13,-1,74,74,-698
2869,75213666,75212657,-16,-307,16859,-4,9,-1,75,75,-697
2870,75237666,75236922,-15,-306,16855,-5,7,-1,73,76,-698
2871,75261666,75261187,-16,-304,16854,-6,7,-2,72,75,-698
2872,75285666,75285456,-16,-303,16850,-6,6,-2,73,73,-699
2873,75311667,75309728,-15,-303,16846,-6,6,-2,73,73,-699
2874,75335666,75333992,-16,-302,16907,-4,-1,-2,74,74,-698
2875,75359666,75358255,4,-301,16901,-4,-10,-2,74,76,-698
2876,75382617,75382528,12,-299,16901,-3,-9,-2,74,76,-697
2877,75408617,75406826,12,-296,16909,-1,-5,-2,75,76,-698
2878,75432617,75431092,13,-297,16914,0,-4,-2,76,75,-698
2879,75456617,75455356,14,-297,16917,0,-3,-2,78,76,-699
2880,75480504,75479695,16,-299,16919,1,-2,-2,77,77,-700
2881,75504504,75504018,18,-297,16922,1,-2,-2,76,77,-699
2882,75528504,75528288,20,-294,16926,1,-1,-1,77,76,-700
2883,75554504,75552567,29,-294,16930,2,-1,-1,78,74,-701
2884,75578504,75576831,22,-292,16924,2,6,-1,77,74,-701
2885,75602504,75601095,19,-287,16930,2,5,-1,76,74,-701
2886,75626504,75625359,18,-286,16930,0,2,-1,75,75,-702
2887,75650504,75649622,17,-284,16924,-2,0,-1,75,73,-702
2888,75674504,75673884,17,-283,16924,-2,-1,-1,75,73,-701
2889,75698504,75698149,18,-284,16924,-2,-2,-1,76,73,-701
2890,75722504,75722427,17,-286,16925,-3,-2,-2,75,73,-701
2891,75748505,75746696,8,-288,16924,-3,-2,-1,76,74,-701
2892,75772504,75770960,13,-293,16933,-4,-9,-1,76,74,-700
2893,75796504,75795224,46,-298,16929,-3,-9,-1,76,73,-701
2894,75820504,75819490,45,-298,16926,-2,-6,-1,77,73,-700
2895,75844504,75843751,45,-297,16931,-1,-4,-1,77,73,-700
2896,75868505,75868015,44,-296,16930,0,-3,-1,76,73,-701
2897,75894505,75892672,43,-296,16931,0,-2,-1,76,73,-700
2898,75918504,75916953,42,-297,16932,0,-2,-1,76,74,-701
2899,75942504,75941218,42,-295,16935,1,-1,-1,75,74,-700
2900,75966504,75965540,45,-294,16935,1,-1,-1,75,73,-701
2901,75990504,75989834,38,-284,17000,11,1,-3,75,75,-702
2902,76014504,76014104,29,-284,17000,11,2,-3,74,75,-701
2903,76038504,76038371,28,-286,17002,8,-2,-3,75,75,-700
2904,76064504,76062645,29,-288,16998,7,-5,-3,74,75,-700
2905,76088504,76086910,28,-288,16994,6,-7,-3,73,76,-699
2906,76112504,76111179,27,-288,16989,6,-8,-3,75,76,-699
2907,76136504,76135443,26,-287,16987,6,-8,-3,74,74,-700
2908,76160504,76159709,24,-286,16987,6,-9,-3,74,74,-700
2909,76184504,76183972,1,-294,16921,-5,-10,-1,74,73,-700
2910,76208504,76208246,10,-295,16922,-5,-11,-1,73,72,-700
2911,76234504,76232520,12,-295,16920,-3,-7,-1,73,72,-701
2912,76257674,76256851,11,-295,16924,-1,-4,-1,74,73,-703
2913,76281674,76281169,12,-294,16928,-1,-3,-1,76,73,-702
2914,76305674,76305440,13,-294,16930,0,-2,-2,74,73,-702
2915,76331674,76329711,14,-295,16931,0,-1,-2,72,76,-701
2916,76355674,76353973,13,-296,16932,0,-1,-2,71,76,-700
2917,76379674,76378238,15,-295,16932,0,0,-2,71,77,-699
2918,76403674,76402501,17,-297,16934,1,0,-2,72,78,-699
2919,76427674,76426765,41,-310,16939,1,0,-2,72,77,-698
2920,76451674,76451040,26,-309,16931,1,8,-3,71,76,-698
2921,76475674,76475306,22,-308,16935,0,6,-4,70,75,-699
2922,76499674,76499566,21,-309,16927,-1,3,-3,71,73,-699
2923,76525675,76523840,19,-310,16924,-2,1,-3,72,72,-699
2924,76549674,76548103,19,-308,16922,-2,0,-3,73,73,-700
2925,76573674,76572368,17,-308,16923,-2,-1,-3,73,72,-701
2926,76597674,76596630,17,-309,16924,-3,-2,-2,73,73,-700
2927,76621674,76620899,-9,-299,16919,-3,-2,-2,72,73,-700
2928,76645674,76645165,6,-299,16927,-2,-10,-1,72,73,-699
2929,76669674,76669429,10,-301,16921,-1,-9,0,72,73,-699
2930,76695675,76693708,10,-301,16928,0,-6,-1,72,74,-700
2931,76719674,76717977,12,-300,16930,1,-3,-1,73,74,-700
2932,76743674,76742242,12,-301,16931,2,-2,-1,72,73,-700
2933,76767674,76766506,12,-301,16930,1,-2,-1,71,73,-700
2934,76791674,76790772,9,-298,16929,1,-1,-2,71,73,-700
2935,76815674,76815038,10,-297,16929,1,-1,-1,72,74,-701
2936,76839674,76839307,9,-297,16928,1,-1,-1,72,74,-701
2937,76863674,76863570,50,-314,16944,1,-1,-1,73,75,-701
2938,76889674,76887841,44,-313,16933,2,6,-2,73,76,-700
2939,76913674,76912104,40,-306,16947,2,5,-2,72,75,-700
2940,76936917,76936378,42,-308,16936,0,1,-2,74,74,-699
2941,76960917,76960681,45,-309,16931,-1,-1,-2,73,73,-698
2942,76986917,76984953,48,-310,16930,-1,-2,-1,73,73,-699
2943,77010917,77009216,47,-308,16930,-1,-3,-2,73,74,-700
2944,77034499,77033556,46,-307,16931,-2,-3,-2,73,74,-701
2945,77058498,77057873,3,-288,16915,-2,-4,-2,73,73,-701
2946,77082498,77082141,11,-288,16925,-3,-11,-1,72,71,-700
2947,77106498,77106410,13,-295,16911,-3,-11,-1,73,72,-700
2948,77132499,77130684,13,-294,16921,-1,-7,-1,72,73,-701
2949,77156498,77154944,12,-293,16927,0,-4,-1,72,75,-701
2950,77180498,77179219,11,-293,16927,1,-3,-1,73,73,-701
2951,77204498,77203490,12,-296,16928,1,-3,-1,73,72,-699
2952,77228498,77227753,15,-297,16928,1,-2,-1,74,73,-698
2953,77252498,77252016,16,-298,16926,1,-2,-1,74,74,-698
2954,77276498,77276282,17,-299,16929,1,-2,-1,75,75,-698
2955,77302498,77300553,46,-283,16926,7,3,-2,75,74,-698
2956,77326498,77324816,38,-281,16928,7,5,-2,77,73,-697
2957,77350498,77349081,34,-279,16933,6,4,-2,77,73,-698
2958,77374498,77373347,36,-282,16924,4,0,-2,76,74,-698
2959,77398498,77397612,36,-282,16921,3,-2,-2,76,74,-699
2960,77422498,77421882,37,-283,16920,3,-3,-2,77,73,-699
2961,77446498,77446152,39,-282,16919,3,-4,-2,76,73,-699
2962,77470498,77470419,37,-282,16918,3,-5,-2,76,73,-701
2963,77496499,77494691,7,-299,16923,-3,-10,-1,76,74,-700
2964,77520498,77518953,12,-300,16921,-5,-12,-1,76,74,-701
2965,77544498,77543217,13,-304,16915,-4,-10,-1,76,75,-701
2966,77568498,77567482,8,-301,16923,-2,-6,-1,77,75,-700
2967,77592498,77591745,6,-300,16925,-1,-4,-1,76,75,-700
2968,77616498,77616009,4,-301,16924,0,-3,-1,76,74,-700
2969,77640498,77640273,2,-304,16924,0,-2,-1,76,74,-700
2970,77666499,77664546,3,-303,16925,0,-2,-1,77,73,-698
2971,77690498,77688809,4,-302,16924,1,-1,-1,77,73,-700
2972,77714498,77713077,4,-303,16923,1,-1,-1,75,73,-699
2973,77738498,77737340,21,-293,17013,10,-2,-1,74,73,-698
2974,77762498,77761606,16,-293,17006,9,-2,-1,75,73,-698
2975,77786498,77785869,16,-294,17011,7,-5,-1,74,74,-697
2976,77811476,77810235,17,-292,17008,6,-7,0,74,74,-697
2977,77835475,77834567,18,-290,17008,6,-8,0,76,77,-697
2978,77859475,77858839,19,-290,17007,5,-9,0,74,77,-697
2979,77883475,77883105,19,-290,17007,5,-9,0,74,78,-697
2980,77907475,77907381,19,-289,17008,5,-9,0,75,77,-698
2981,77933475,77931654,6,-297,16919,-4,-8,-1,76,76,-698
2982,77957475,77955917,15,-295,16927,-4,-9,-1,75,77,-700
2983,77981475,77980180,17,-294,16925,-2,-5,-1,75,77,-700
2984,78005475,78004447,17,-295,16930,-1,-3,-1,75,77,-700
2985,78029475,78028712,17,-296,16932,0,-2,-1,75,75,-701
2986,78053475,78052980,16,-295,16934,0,-2,-1,77,76,-701
2987,78077475,78077244,18,-295,16935,1,-1,-1,77,74,-700
2988,78103475,78101514,21,-294,16935,1,-1,-1,77,75,-699
2989,78127475,78125775,20,-292,16934,1,-1,-1,76,74,-699
2990,78151475,78150052,51,-308,16910,1,2,-1,77,72,-699
2991,78175475,78174317,33,-305,16909,1,6,-1,75,71,-700
2992,78199475,78198581,29,-302,16921,0,6,-1,75,71,-699
2993,78223475,78222847,26,-301,16924,-2,2,-1,74,71,-699
2994,78247475,78247115,29,-301,16922,-3,0,-1,73,70,-699
2995,78271475,78271377,30,-298,16921,-3,-2,-1,72,70,-698
2996,78297476,78295654,30,-299,16922,-3,-2,-1,73,72,-699
2997,78321475,78320319,31,-301,16923,-4,-2,-2,73,72,-699
2998,78345475,78344596,-1,-288,16946,-3,-6,-2,72,73,-698
2999,78369475,78368862,14,-291,16946,-4,-10,-2,73,74,-698
