#include "mnist_model_data.h"

alignas(8) const unsigned char mnist_model_data[] = {
  0x20, 0x00, 0x00, 0x00, 0x54, 0x46, 0x4c, 0x33, 0x00, 0x00, 0x00, 0x00,
  0x14, 0x00, 0x20, 0x00, 0x1c, 0x00, 0x18, 0x00, 0x14, 0x00, 0x10, 0x00,
  0x0c, 0x00, 0x00, 0x00, 0x08, 0x00, 0x04, 0x00, 0x14, 0x00, 0x00, 0x00,
  0x1c, 0x00, 0x00, 0x00, 0x8c, 0x00, 0x00, 0x00, 0xe4, 0x00, 0x00, 0x00,
  0x6c, 0x3b, 0x00, 0x00, 0x7c, 0x3b, 0x00, 0x00, 0x04, 0x4e, 0x00, 0x00,
  0x03, 0x00, 0x00, 0x00, 0x01, 0x00, 0x00, 0x00, 0x04, 0x00, 0x00, 0x00,
  0x8a, 0xc3, 0xff, 0xff, 0x0c, 0x00, 0x00, 0x00, 0x1c, 0x00, 0x00, 0x00,
  0x3c, 0x00, 0x00, 0x00, 0x0f, 0x00, 0x00, 0x00, 0x73, 0x65, 0x72, 0x76,
  0x69, 0x6e, 0x67, 0x5f, 0x64, 0x65, 0x66, 0x61, 0x75, 0x6c, 0x74, 0x00,
  0x01, 0x00, 0x00, 0x00, 0x04, 0x00, 0x00, 0x00, 0x90, 0xff, 0xff, 0xff,
  0x11, 0x00, 0x00, 0x00, 0x04, 0x00, 0x00, 0x00, 0x08, 0x00, 0x00, 0x00,
  0x6f, 0x75, 0x74, 0x70, 0x75, 0x74, 0x5f, 0x30, 0x00, 0x00, 0x00, 0x00,
  0x01, 0x00, 0x00, 0x00, 0x04, 0x00, 0x00, 0x00, 0x6e, 0xc4, 0xff, 0xff,
  0x04, 0x00, 0x00, 0x00, 0x0c, 0x00, 0x00, 0x00, 0x6b, 0x65, 0x72, 0x61,
  0x73, 0x5f, 0x74, 0x65, 0x6e, 0x73, 0x6f, 0x72, 0x00, 0x00, 0x00, 0x00,
  0x02, 0x00, 0x00, 0x00, 0x34, 0x00, 0x00, 0x00, 0x04, 0x00, 0x00, 0x00,
  0xdc, 0xff, 0xff, 0xff, 0x14, 0x00, 0x00, 0x00, 0x04, 0x00, 0x00, 0x00,
  0x13, 0x00, 0x00, 0x00, 0x43, 0x4f, 0x4e, 0x56, 0x45, 0x52, 0x53, 0x49,
  0x4f, 0x4e, 0x5f, 0x4d, 0x45, 0x54, 0x41, 0x44, 0x41, 0x54, 0x41, 0x00,
  0x08, 0x00, 0x0c, 0x00, 0x08, 0x00, 0x04, 0x00, 0x08, 0x00, 0x00, 0x00,
  0x13, 0x00, 0x00, 0x00, 0x04, 0x00, 0x00, 0x00, 0x13, 0x00, 0x00, 0x00,
  0x6d, 0x69, 0x6e, 0x5f, 0x72, 0x75, 0x6e, 0x74, 0x69, 0x6d, 0x65, 0x5f,
  0x76, 0x65, 0x72, 0x73, 0x69, 0x6f, 0x6e, 0x00, 0x15, 0x00, 0x00, 0x00,
  0x84, 0x3a, 0x00, 0x00, 0x7c, 0x3a, 0x00, 0x00, 0x64, 0x3a, 0x00, 0x00,
  0x2c, 0x3a, 0x00, 0x00, 0xdc, 0x38, 0x00, 0x00, 0x4c, 0x38, 0x00, 0x00,
  0x3c, 0x06, 0x00, 0x00, 0xec, 0x05, 0x00, 0x00, 0x5c, 0x01, 0x00, 0x00,
  0x2c, 0x01, 0x00, 0x00, 0xd4, 0x00, 0x00, 0x00, 0xcc, 0x00, 0x00, 0x00,
  0xc4, 0x00, 0x00, 0x00, 0xbc, 0x00, 0x00, 0x00, 0xb4, 0x00, 0x00, 0x00,
  0xac, 0x00, 0x00, 0x00, 0xa4, 0x00, 0x00, 0x00, 0x9c, 0x00, 0x00, 0x00,
  0x94, 0x00, 0x00, 0x00, 0x74, 0x00, 0x00, 0x00, 0x04, 0x00, 0x00, 0x00,
  0x3e, 0xc5, 0xff, 0xff, 0x04, 0x00, 0x00, 0x00, 0x60, 0x00, 0x00, 0x00,
  0x0c, 0x00, 0x00, 0x00, 0x08, 0x00, 0x0e, 0x00, 0x08, 0x00, 0x04, 0x00,
  0x08, 0x00, 0x00, 0x00, 0x10, 0x00, 0x00, 0x00, 0x28, 0x00, 0x00, 0x00,
  0x00, 0x00, 0x06, 0x00, 0x08, 0x00, 0x04, 0x00, 0x06, 0x00, 0x00, 0x00,
  0x04, 0x00, 0x00, 0x00, 0x01, 0x00, 0x00, 0x00, 0xeb, 0x03, 0x00, 0x00,
  0x0c, 0x00, 0x18, 0x00, 0x14, 0x00, 0x10, 0x00, 0x0c, 0x00, 0x04, 0x00,
  0x0c, 0x00, 0x00, 0x00, 0x1c, 0x61, 0x43, 0xd1, 0xe0, 0xaf, 0x7c, 0xd0,
  0x02, 0x00, 0x00, 0x00, 0x02, 0x00, 0x00, 0x00, 0x04, 0x00, 0x00, 0x00,
  0x06, 0x00, 0x00, 0x00, 0x32, 0x2e, 0x32, 0x31, 0x2e, 0x30, 0x00, 0x00,
  0xaa, 0xc5, 0xff, 0xff, 0x04, 0x00, 0x00, 0x00, 0x10, 0x00, 0x00, 0x00,
  0x31, 0x2e, 0x31, 0x34, 0x2e, 0x30, 0x00, 0x00, 0x00, 0x00, 0x00, 0x00,
  0x00, 0x00, 0x00, 0x00, 0x74, 0xb4, 0xff, 0xff, 0x78, 0xb4, 0xff, 0xff,
  0x7c, 0xb4, 0xff, 0xff, 0x80, 0xb4, 0xff, 0xff, 0x84, 0xb4, 0xff, 0xff,
  0x88, 0xb4, 0xff, 0xff, 0x8c, 0xb4, 0xff, 0xff, 0x90, 0xb4, 0xff, 0xff,
  0xe6, 0xc5, 0xff, 0xff, 0x04, 0x00, 0x00, 0x00, 0x48, 0x00, 0x00, 0x00,
  0x96, 0x17, 0xd2, 0xb7, 0xdc, 0x48, 0xe0, 0x56, 0x7f, 0x06, 0x58, 0x7f,
  0x50, 0x78, 0x2a, 0xf1, 0xe4, 0x73, 0x7f, 0x7b, 0x18, 0x2c, 0x10, 0x20,
  0x44, 0x07, 0xff, 0x68, 0x7f, 0xdb, 0xb0, 0xe7, 0x15, 0x01, 0x9d, 0x9e,
  0xd3, 0xee, 0x68, 0x4e, 0x7e, 0x7f, 0x58, 0x1e, 0xfb, 0x8c, 0x0d, 0x52,
  0xf1, 0x59, 0x1b, 0xf9, 0x7f, 0x46, 0xf0, 0x0a, 0xd7, 0x6b, 0xdf, 0x7c,
  0x1f, 0xf2, 0x7f, 0xaa, 0x0d, 0xec, 0xb2, 0xe2, 0x7a, 0xac, 0x7f, 0x3e,
  0x3a, 0xc6, 0xff, 0xff, 0x04, 0x00, 0x00, 0x00, 0x20, 0x00, 0x00, 0x00,
  0x49, 0x27, 0x00, 0x00, 0xa5, 0xee, 0xff, 0xff, 0x94, 0x0f, 0x00, 0x00,
  0xb5, 0x53, 0x00, 0x00, 0x28, 0xf6, 0xff, 0xff, 0x4d, 0x04, 0x00, 0x00,
  0x63, 0x07, 0x00, 0x00, 0xeb, 0x26, 0x00, 0x00, 0x66, 0xc6, 0xff, 0xff,
  0x04, 0x00, 0x00, 0x00, 0x80, 0x04, 0x00, 0x00, 0xd0, 0x49, 0x41, 0x81,
  0x43, 0x0b, 0x10, 0x27, 0xac, 0x08, 0xfe, 0x8e, 0x2b, 0xeb, 0x3b, 0x10,
  0xdb, 0xe9, 0x6e, 0xbb, 0x20, 0xe2, 0x1e, 0xd2, 0x09, 0xfa, 0x19, 0x1b,
  0x2a, 0x03, 0xa7, 0xb9, 0xbe, 0x36, 0x58, 0x11, 0x19, 0xf5, 0x13, 0x0d,
  0xf4, 0x14, 0x3f, 0x4a, 0xfd, 0x1c, 0x2e, 0x1e, 0xca, 0x00, 0x0b, 0x5e,
  0xa1, 0xd2, 0x9a, 0xe8, 0x11, 0x22, 0xe9, 0x4d, 0xbb, 0xda, 0xc4, 0xea,
  0x42, 0xd6, 0xe0, 0x65, 0x21, 0x05, 0xe9, 0x04, 0x00, 0xf2, 0xdf, 0x13,
  0xcc, 0x8c, 0xdb, 0xaf, 0x05, 0x4b, 0x02, 0xc6, 0x3e, 0x3d, 0x50, 0x5f,
  0xf5, 0x3e, 0xe0, 0xac, 0x57, 0xf2, 0x5b, 0x0e, 0x23, 0xa1, 0x8e, 0x55,
  0x09, 0xaa, 0x04, 0x5a, 0x32, 0x09, 0xdd, 0x03, 0xe1, 0xd8, 0xdc, 0x4f,
  0x10, 0x4a, 0xd4, 0xe9, 0x41, 0x01, 0x49, 0x25, 0x59, 0xa7, 0xa5, 0xce,
  0x26, 0x2c, 0xc3, 0x46, 0x24, 0xed, 0xa7, 0xaa, 0x5a, 0x64, 0x0a, 0x7f,
  0x51, 0x3d, 0x28, 0xd0, 0x60, 0x34, 0x22, 0x29, 0x40, 0x49, 0x63, 0xbb,
  0x14, 0xe4, 0x3c, 0x0e, 0xdd, 0x16, 0x76, 0xf2, 0x61, 0x18, 0xe0, 0x04,
  0xc8, 0x10, 0x5e, 0x8d, 0x1e, 0x19, 0xfd, 0xe7, 0x3b, 0x74, 0xfa, 0xe4,
  0xfb, 0xf7, 0xfd, 0xf5, 0x95, 0x3d, 0x5f, 0x82, 0x56, 0xbb, 0x47, 0x99,
  0x9c, 0xf7, 0x6c, 0xf6, 0x56, 0xec, 0xf2, 0xc8, 0x1f, 0x6f, 0x73, 0xb2,
  0x69, 0x15, 0xe6, 0x32, 0xae, 0xfc, 0x6b, 0xc0, 0x43, 0x97, 0xc5, 0xbb,
  0x06, 0xf8, 0x5a, 0xec, 0xcc, 0x92, 0xae, 0x81, 0x53, 0xff, 0x1b, 0xfe,
  0x1f, 0x4b, 0x31, 0x25, 0x0e, 0xdf, 0xcc, 0xdc, 0x3c, 0x3d, 0x53, 0xd9,
  0xfa, 0xed, 0xea, 0x81, 0x4b, 0x22, 0x4f, 0xd6, 0x2c, 0x58, 0x55, 0xd8,
  0x33, 0x11, 0x46, 0x14, 0xeb, 0x05, 0xf7, 0xcb, 0x2a, 0x1c, 0xfb, 0x03,
  0xfb, 0x3a, 0x4b, 0x84, 0x32, 0x58, 0x3d, 0xbe, 0xd0, 0x49, 0x14, 0xdd,
  0xf2, 0x25, 0x4c, 0xe0, 0xf9, 0x58, 0x3a, 0x99, 0x02, 0x51, 0x52, 0xec,
  0xc7, 0x54, 0x2b, 0xb8, 0x31, 0x0b, 0x42, 0xd3, 0x05, 0xef, 0x68, 0xe0,
  0x2b, 0xff, 0x58, 0x2d, 0xad, 0x37, 0x55, 0xc2, 0x03, 0x26, 0x35, 0xa3,
  0x0d, 0xe2, 0x51, 0xf5, 0xd5, 0xf4, 0x03, 0xcb, 0xa6, 0x4a, 0x37, 0xca,
  0x25, 0x28, 0xe8, 0x25, 0x27, 0xd3, 0x4c, 0xe2, 0x1a, 0x49, 0xf4, 0xda,
  0x3c, 0x1b, 0xc8, 0x03, 0x46, 0x1d, 0x54, 0x17, 0x01, 0xd9, 0xda, 0x00,
  0x81, 0xdb, 0xd4, 0x09, 0xd9, 0x05, 0x9f, 0x04, 0x11, 0x03, 0xeb, 0x72,
  0xfd, 0x2d, 0xd6, 0x03, 0xff, 0x61, 0x15, 0x32, 0x1d, 0xf3, 0x30, 0xc9,
  0xbb, 0x1e, 0xf4, 0xf6, 0x1f, 0x24, 0xc1, 0xab, 0x0d, 0xda, 0x50, 0x62,
  0xf7, 0x39, 0xf5, 0xda, 0x35, 0xf3, 0x40, 0x6d, 0x8f, 0xea, 0x40, 0x2e,
  0x20, 0x04, 0xc5, 0x05, 0x0d, 0xfc, 0x19, 0xcf, 0x1e, 0xd2, 0x58, 0x5b,
  0x66, 0x5e, 0x38, 0xb2, 0x34, 0x3c, 0x0f, 0x48, 0xae, 0xd7, 0xc4, 0x5b,
  0xf4, 0xaf, 0xdd, 0x81, 0x0b, 0xec, 0xaf, 0x62, 0x0c, 0x4d, 0x3f, 0xde,
  0x48, 0x27, 0xeb, 0xe8, 0xdb, 0xe9, 0xe1, 0x6c, 0x39, 0xd5, 0x16, 0xc1,
  0xc7, 0x55, 0x1a, 0x0e, 0x24, 0x55, 0x3f, 0xba, 0x40, 0x50, 0xe5, 0x26,
  0xe9, 0xf5, 0x4f, 0x93, 0x6b, 0x35, 0xe7, 0x09, 0x54, 0x54, 0xbe, 0xa0,
  0x12, 0x54, 0x34, 0x31, 0x47, 0x30, 0x0e, 0xd2, 0x05, 0x50, 0x53, 0x7f,
  0xc4, 0x19, 0x52, 0xeb, 0x12, 0xfe, 0x0d, 0x9a, 0x45, 0x30, 0x0e, 0x12,
  0xcb, 0x3e, 0xf5, 0x0e, 0xd9, 0x01, 0xe0, 0xba, 0x08, 0x17, 0xd9, 0xf5,
  0x12, 0x3b, 0x04, 0xf1, 0x42, 0x28, 0xe8, 0xd5, 0xe3, 0x1a, 0x86, 0x40,
  0x1c, 0xca, 0x35, 0x2a, 0xb5, 0xe0, 0xd6, 0x3e, 0x46, 0xaa, 0x0f, 0xde,
  0xf1, 0xf1, 0xa8, 0x2e, 0x0e, 0x07, 0xc0, 0x1c, 0x04, 0x97, 0xe8, 0xfe,
  0xe3, 0xf6, 0x16, 0x1b, 0x8c, 0x63, 0xf8, 0xd3, 0x96, 0xc7, 0x9b, 0x02,
  0x1e, 0xa4, 0x93, 0x13, 0xcc, 0x3c, 0xf0, 0x31, 0xb0, 0x9e, 0x33, 0x1b,
  0x9c, 0xea, 0x93, 0x9c, 0x5a, 0x1f, 0xcc, 0x81, 0xbe, 0xdd, 0xd1, 0x5e,
  0x08, 0x4b, 0x15, 0xf8, 0xde, 0xb5, 0x96, 0xda, 0x40, 0x4a, 0x11, 0x3e,
  0x0c, 0x15, 0x08, 0xfc, 0x21, 0xfc, 0x54, 0x2e, 0x53, 0x09, 0x24, 0x17,
  0xb9, 0x41, 0x42, 0xfe, 0x58, 0xf7, 0x03, 0x12, 0xe5, 0x2e, 0x34, 0x58,
  0xea, 0x08, 0xeb, 0x0e, 0xf9, 0x1e, 0x07, 0x7f, 0x29, 0xbf, 0xf7, 0xfe,
  0xc0, 0x08, 0x33, 0x48, 0xc9, 0xaa, 0xbc, 0xa1, 0x09, 0xbd, 0x11, 0x49,
  0xcc, 0xe1, 0xbd, 0xbd, 0xd5, 0xc8, 0x17, 0x51, 0xb7, 0xb4, 0xdd, 0xe6,
  0xed, 0xa4, 0xfe, 0x34, 0x98, 0xaf, 0xad, 0x17, 0x1e, 0xd7, 0xc4, 0x3c,
  0xb0, 0xd3, 0x27, 0x17, 0x56, 0xdb, 0xc2, 0x00, 0x10, 0x1a, 0x25, 0x29,
  0x1f, 0x39, 0xca, 0xba, 0x16, 0xeb, 0x1d, 0x13, 0xe0, 0xce, 0x01, 0xf9,
  0xed, 0xec, 0xf8, 0x35, 0x2e, 0xda, 0x25, 0xc5, 0xdd, 0x12, 0xdb, 0x0d,
  0x50, 0x19, 0xd9, 0xe6, 0x1f, 0x38, 0xd3, 0x33, 0xfc, 0x24, 0x02, 0xf3,
  0x02, 0xea, 0x3f, 0x35, 0x38, 0x16, 0x3c, 0x81, 0x40, 0x2f, 0xfc, 0xeb,
  0x31, 0xff, 0x34, 0xce, 0x43, 0x33, 0x3c, 0x0d, 0x7f, 0x65, 0xd5, 0xc7,
  0xde, 0x03, 0x2d, 0x04, 0x18, 0x3a, 0x27, 0x42, 0x42, 0xa6, 0x35, 0xe4,
  0x28, 0x2d, 0xea, 0xfd, 0xa6, 0x40, 0x53, 0xbc, 0x6f, 0x33, 0xfa, 0x3a,
  0x66, 0x59, 0x5a, 0x72, 0xf0, 0xde, 0x29, 0xfb, 0x53, 0x3a, 0xa2, 0x96,
  0x10, 0xb8, 0xc4, 0x7c, 0xcd, 0x9d, 0x10, 0x96, 0x75, 0x39, 0x3c, 0x48,
  0x38, 0x42, 0x39, 0x25, 0xe8, 0xe7, 0x65, 0x20, 0xfa, 0xfd, 0x1c, 0xf4,
  0x40, 0x81, 0xb6, 0x3e, 0x81, 0x12, 0xd6, 0xf4, 0xb6, 0xc5, 0x1f, 0x7f,
  0x01, 0xa0, 0xed, 0xe3, 0x12, 0xc2, 0x02, 0x34, 0xe1, 0xe2, 0xda, 0x39,
  0x47, 0xbe, 0xf7, 0x4c, 0xe1, 0xe6, 0xc3, 0x4c, 0x00, 0xdf, 0x14, 0x0b,
  0xc7, 0xce, 0x0a, 0x19, 0x11, 0x0f, 0xdb, 0x3d, 0xcc, 0x19, 0x48, 0x36,
  0x6a, 0xdd, 0xea, 0x0c, 0xe8, 0x2c, 0x18, 0x19, 0x5d, 0xe1, 0xe6, 0x09,
  0x4e, 0x1d, 0x58, 0x3b, 0x2f, 0xf8, 0xf1, 0x82, 0x64, 0x59, 0x47, 0x33,
  0x33, 0x5b, 0x2c, 0xd5, 0xfb, 0x41, 0x40, 0x21, 0x3b, 0x0d, 0xad, 0x1c,
  0x14, 0x40, 0x3f, 0x53, 0x59, 0xe2, 0xf6, 0xc4, 0x2c, 0x15, 0x56, 0x44,
  0x05, 0x11, 0x2a, 0xd9, 0x4c, 0x51, 0xe3, 0x0f, 0xe0, 0x14, 0x05, 0xfc,
  0xf0, 0x4c, 0xe6, 0xf4, 0x5e, 0x37, 0x43, 0xc1, 0x4c, 0x28, 0x52, 0x18,
  0xd2, 0x38, 0xe7, 0x81, 0x3e, 0x46, 0xd2, 0x0e, 0xe5, 0xd0, 0x0b, 0x1f,
  0x2f, 0x32, 0x2e, 0x4c, 0x2a, 0x1c, 0xf5, 0xe0, 0x29, 0x34, 0xe9, 0x3b,
  0xe0, 0x1b, 0xe4, 0x9e, 0x1a, 0xfb, 0xfe, 0xb7, 0x26, 0x81, 0x97, 0x4a,
  0xa6, 0xfb, 0x18, 0x00, 0x13, 0xcf, 0x94, 0x18, 0xc8, 0x18, 0xe6, 0x4d,
  0x71, 0xb7, 0x1a, 0x57, 0x00, 0x2e, 0x5d, 0x40, 0x0a, 0xc2, 0xaa, 0x4a,
  0xc3, 0xf8, 0x0a, 0x11, 0x7b, 0x44, 0xb4, 0x2a, 0x08, 0x18, 0x01, 0x51,
  0x7f, 0x55, 0xc5, 0xa0, 0x34, 0x6f, 0x04, 0x22, 0x35, 0xc6, 0xe4, 0x0e,
  0xdd, 0xee, 0x45, 0x6d, 0x4c, 0x03, 0xf7, 0xf7, 0x37, 0x42, 0x0a, 0x30,
  0x5e, 0x56, 0x43, 0x00, 0x33, 0xfc, 0x3a, 0x06, 0x65, 0x75, 0x30, 0xac,
  0x7b, 0x34, 0x4c, 0x69, 0x17, 0x6b, 0x01, 0xe7, 0xf1, 0x5a, 0x64, 0xdc,
  0xf0, 0x6a, 0x5f, 0x8a, 0x41, 0xd5, 0x6b, 0xbb, 0x43, 0x5c, 0x58, 0x0e,
  0x66, 0xe2, 0xbf, 0x17, 0x8c, 0x08, 0x76, 0xdc, 0xf7, 0x1b, 0xe6, 0xc8,
  0xa3, 0x3c, 0x1b, 0x81, 0x18, 0xc5, 0x3b, 0x01, 0x40, 0xed, 0xcc, 0xeb,
  0x0f, 0x50, 0x8d, 0xcb, 0xc9, 0x25, 0xd4, 0xc9, 0x26, 0x0f, 0xd4, 0xe6,
  0xc1, 0x4d, 0x64, 0x1e, 0xeb, 0x14, 0xe2, 0x14, 0x4f, 0xe7, 0x37, 0xfd,
  0xee, 0x0f, 0x25, 0xfe, 0x02, 0x10, 0x30, 0xd6, 0x25, 0x38, 0x22, 0x37,
  0xee, 0xde, 0x34, 0x1b, 0x05, 0x28, 0x34, 0x17, 0x65, 0x5d, 0x39, 0x1c,
  0x28, 0xed, 0xfe, 0x71, 0x02, 0x46, 0x6b, 0x4f, 0x2c, 0x0e, 0xf8, 0xbc,
  0xa8, 0xd6, 0x12, 0x59, 0x1f, 0x04, 0x0b, 0xda, 0x13, 0xe4, 0x38, 0x6a,
  0xf5, 0x17, 0x1c, 0x30, 0xa8, 0xb5, 0x5b, 0x34, 0xde, 0x87, 0x29, 0x8d,
  0xe5, 0xad, 0xd1, 0x75, 0x81, 0xa7, 0x99, 0x96, 0xf2, 0xca, 0xff, 0xff,
  0x04, 0x00, 0x00, 0x00, 0x40, 0x00, 0x00, 0x00, 0xb7, 0x01, 0x00, 0x00,
  0x79, 0x01, 0x00, 0x00, 0x8e, 0x06, 0x00, 0x00, 0xbe, 0xfe, 0xff, 0xff,
  0x54, 0xfe, 0xff, 0xff, 0x8b, 0x07, 0x00, 0x00, 0xc1, 0xfa, 0xff, 0xff,
  0x04, 0xf7, 0xff, 0xff, 0x6e, 0x12, 0x00, 0x00, 0x05, 0x01, 0x00, 0x00,
  0x1b, 0x1a, 0x00, 0x00, 0x33, 0x15, 0x00, 0x00, 0x48, 0xfa, 0xff, 0xff,
  0x0b, 0x14, 0x00, 0x00, 0xa7, 0xfc, 0xff, 0xff, 0x2e, 0x15, 0x00, 0x00,
  0x3e, 0xcb, 0xff, 0xff, 0x04, 0x00, 0x00, 0x00, 0x00, 0x32, 0x00, 0x00,
  0x2c, 0xfb, 0xd1, 0x25, 0xee, 0x12, 0xd8, 0x2b, 0xe4, 0xef, 0x26, 0x42,
  0x04, 0x2a, 0xfc, 0xf3, 0xea, 0x3d, 0xfd, 0x0a, 0x25, 0xe8, 0xde, 0xe7,
  0x11, 0x2b, 0x41, 0x21, 0x16, 0x3d, 0x26, 0x05, 0x01, 0xda, 0xe1, 0x28,
  0xbe, 0x25, 0xea, 0xe0, 0x0c, 0xe8, 0x07, 0x09, 0xe4, 0x18, 0x1e, 0xe6,
  0xe5, 0xf8, 0xde, 0x00, 0x3c, 0x05, 0x2e, 0x20, 0x26, 0x22, 0xf9, 0x29,
  0x14, 0x3b, 0x27, 0xbe, 0x1d, 0x2b, 0x49, 0x15, 0xf8, 0x2e, 0xf4, 0xe2,
  0x4e, 0xea, 0x2b, 0x5a, 0x01, 0x21, 0x30, 0x36, 0xeb, 0xe8, 0xef, 0x17,
  0xfc, 0x07, 0x30, 0x17, 0xde, 0xe4, 0xd7, 0xdf, 0xf6, 0xef, 0x0e, 0xd6,
  0x0f, 0x01, 0x02, 0xdc, 0x30, 0xde, 0x04, 0xde, 0xd8, 0xef, 0x21, 0xf4,
  0x0d, 0x0d, 0x00, 0x25, 0x06, 0x2e, 0x2e, 0xcc, 0x16, 0xe1, 0x2f, 0xe2,
  0xda, 0xda, 0x09, 0x32, 0xd9, 0x18, 0x1d, 0x0d, 0xee, 0xee, 0x10, 0x2a,
  0xea, 0xea, 0x0f, 0xd0, 0x15, 0x18, 0x33, 0x39, 0x0c, 0x15, 0xf8, 0xc4,
  0x31, 0x18, 0x02, 0x1a, 0xe9, 0x06, 0x04, 0x05, 0xfd, 0x4c, 0x20, 0x7f,
  0xf0, 0x4d, 0x2d, 0xd3, 0x2b, 0x04, 0xf4, 0x22, 0xec, 0xf8, 0x3a, 0xe0,
  0x29, 0x2b, 0xdc, 0x20, 0x09, 0x3d, 0xed, 0x26, 0x0b, 0x19, 0x04, 0x18,
  0x36, 0x2f, 0xea, 0x1f, 0xfa, 0x3a, 0xef, 0x17, 0xf3, 0xca, 0x23, 0xf0,
  0x17, 0x4d, 0xed, 0x13, 0x4a, 0x1b, 0x19, 0x33, 0x17, 0x0f, 0x24, 0x26,
  0x04, 0x1c, 0x49, 0xe2, 0xf3, 0xf6, 0x23, 0x28, 0xff, 0x22, 0x06, 0xd8,
  0x22, 0x0e, 0x21, 0x13, 0x2f, 0xec, 0xe1, 0x0a, 0xdb, 0x28, 0x2a, 0x29,
  0x19, 0x25, 0xf1, 0x37, 0x26, 0x5c, 0xef, 0x47, 0x06, 0x21, 0x18, 0x19,
  0xd2, 0x06, 0x07, 0x18, 0x10, 0x0c, 0xea, 0x0d, 0x27, 0xe7, 0x44, 0xfc,
  0x1f, 0x0a, 0x1a, 0x23, 0x02, 0xf9, 0xfc, 0x3c, 0x0d, 0x30, 0xda, 0x05,
  0x1b, 0x1e, 0xfc, 0xdf, 0x3d, 0x2a, 0xfd, 0xd5, 0x13, 0x37, 0x30, 0x39,
  0xfe, 0xe1, 0x2a, 0xf0, 0xf9, 0x1c, 0x07, 0x10, 0x37, 0xe8, 0x41, 0xc7,
  0x10, 0x27, 0x4e, 0x42, 0xe1, 0xfb, 0x1a, 0x2b, 0xe8, 0x03, 0xf3, 0x07,
  0x35, 0xca, 0x2d, 0xd6, 0x1a, 0xb5, 0x29, 0x5b, 0x2e, 0x2a, 0x07, 0x3c,
  0xf8, 0x07, 0xf4, 0xc6, 0x16, 0xbe, 0xfe, 0x17, 0x28, 0xe9, 0x34, 0x21,
  0xf3, 0x27, 0x38, 0xfb, 0x51, 0x2b, 0x29, 0xe7, 0x0a, 0xea, 0x3c, 0x1b,
  0x14, 0x30, 0x29, 0xe5, 0x24, 0xe4, 0x1a, 0x2d, 0x4a, 0x2a, 0xf6, 0x02,
  0xf6, 0xe8, 0xd7, 0x1c, 0x0f, 0x29, 0xe4, 0xc1, 0x1e, 0x30, 0x31, 0x21,
  0x58, 0xe9, 0xdd, 0x0b, 0x18, 0xd9, 0x38, 0x53, 0x4b, 0x10, 0x1c, 0xc0,
  0xcb, 0x1e, 0xf0, 0xeb, 0x15, 0xe6, 0x3f, 0xef, 0xe1, 0xb6, 0x27, 0x3c,
  0x11, 0xcd, 0xd5, 0xe0, 0x18, 0xe1, 0x07, 0xea, 0x33, 0x93, 0x16, 0xb5,
  0xcb, 0x06, 0xf6, 0xfe, 0xd3, 0xcd, 0x0d, 0x2a, 0x03, 0xd4, 0x19, 0xcc,
  0x3a, 0x1c, 0x18, 0xff, 0xd0, 0xba, 0x25, 0x66, 0x1e, 0xd7, 0xd6, 0xf4,
  0x05, 0xd5, 0x0d, 0xf5, 0x49, 0xda, 0xe0, 0xe8, 0x2c, 0xe6, 0xdc, 0xf8,
  0x03, 0x1d, 0x16, 0xd7, 0x2e, 0x0a, 0x30, 0xfc, 0xaf, 0xfd, 0xf3, 0x18,
  0x0d, 0x09, 0xda, 0xad, 0xfa, 0x53, 0xce, 0xe0, 0xf8, 0xe2, 0x30, 0xfa,
  0x8f, 0x19, 0x50, 0xee, 0x35, 0x18, 0xc5, 0x22, 0xd1, 0x15, 0x28, 0x21,
  0xc2, 0xd5, 0xfa, 0x18, 0xbb, 0x04, 0xeb, 0x06, 0xd6, 0x43, 0xcd, 0xfb,
  0x16, 0xf8, 0x51, 0xb7, 0x00, 0x2e, 0x30, 0xc9, 0x39, 0xb2, 0x5f, 0xfe,
  0xc2, 0xef, 0x29, 0x3c, 0x06, 0x21, 0xd7, 0xb5, 0x24, 0x20, 0x26, 0xca,
  0x30, 0x05, 0x0d, 0x48, 0x14, 0x06, 0xd5, 0xcb, 0x29, 0x55, 0x24, 0x12,
  0x29, 0x27, 0x0d, 0x1c, 0xc2, 0x02, 0xab, 0x1f, 0xea, 0x7f, 0xef, 0x0c,
  0x07, 0x39, 0x0b, 0x21, 0x19, 0x10, 0x5b, 0x12, 0xdc, 0x44, 0x56, 0xe9,
  0x32, 0x45, 0x40, 0x61, 0xef, 0xd5, 0x3d, 0x54, 0xef, 0x0c, 0xd3, 0xe2,
  0xee, 0x43, 0xe1, 0xbd, 0x2a, 0x33, 0x37, 0x54, 0xe5, 0xfb, 0xb7, 0xc1,
  0x16, 0xe3, 0x06, 0x1f, 0x3e, 0xb4, 0x49, 0xc8, 0x06, 0xcf, 0xf4, 0xe5,
  0xb5, 0x1e, 0xb0, 0x0a, 0x07, 0x35, 0xbd, 0x25, 0x0c, 0x07, 0xdc, 0x2d,
  0x11, 0x47, 0xf4, 0xe8, 0x1b, 0xe4, 0xda, 0x48, 0xc0, 0x0a, 0x14, 0xd1,
  0xee, 0x64, 0xf1, 0x63, 0x3e, 0x2f, 0x2f, 0xe5, 0xf6, 0xb5, 0x31, 0x1a,
  0xcf, 0x0a, 0xf7, 0x0d, 0x55, 0xb5, 0x5e, 0xf3, 0x1c, 0xba, 0x0b, 0x01,
  0x4d, 0xaf, 0x23, 0xff, 0xf5, 0xfb, 0xf4, 0xd8, 0x07, 0xb1, 0xe8, 0x46,
  0x0b, 0xfc, 0x35, 0x0c, 0xf7, 0x24, 0xd8, 0xe9, 0xd1, 0xb3, 0x01, 0xd3,
  0x1a, 0x24, 0x38, 0x4d, 0x09, 0xb3, 0x16, 0xdc, 0xd6, 0x20, 0x0e, 0x0b,
  0xd3, 0x03, 0xcd, 0xd7, 0xd3, 0x0c, 0x02, 0xf0, 0xc9, 0x29, 0x06, 0x08,
  0x31, 0x0c, 0xee, 0x28, 0xd1, 0x29, 0x25, 0x39, 0xee, 0xd1, 0x22, 0xc1,
  0x49, 0xbe, 0x4c, 0x13, 0xfb, 0x30, 0x08, 0x07, 0x33, 0xda, 0x22, 0x29,
  0x1d, 0xba, 0x47, 0x14, 0x03, 0x81, 0x29, 0x20, 0x2c, 0xf9, 0xda, 0x36,
  0xf0, 0xe5, 0xdd, 0xdf, 0xfa, 0xe1, 0xc3, 0x49, 0x20, 0x15, 0x2c, 0xbb,
  0x3c, 0x0c, 0x34, 0xed, 0x1b, 0x13, 0xcb, 0x0b, 0x37, 0xc4, 0x14, 0xef,
  0x2e, 0x05, 0xe5, 0x61, 0x29, 0xfe, 0x01, 0xfe, 0xfe, 0xf0, 0x0f, 0x2f,
  0x08, 0xd0, 0x01, 0xfa, 0x1d, 0x11, 0xc2, 0x0a, 0xdd, 0x08, 0xda, 0x26,
  0x0f, 0x25, 0x38, 0xdc, 0xa1, 0x3d, 0xc1, 0x42, 0x1d, 0xec, 0x27, 0xa6,
  0xd6, 0x01, 0x09, 0x04, 0xf5, 0x1f, 0x0d, 0x37, 0xe8, 0x2c, 0xd5, 0x29,
  0x10, 0x28, 0x37, 0xac, 0xdc, 0x0d, 0xe1, 0x34, 0xd4, 0x05, 0x26, 0xde,
  0xa1, 0x18, 0xeb, 0x38, 0x10, 0x02, 0xf5, 0x02, 0x06, 0x0a, 0xe0, 0xe8,
  0xcb, 0x22, 0xe3, 0xbd, 0x11, 0xf0, 0xcd, 0xf1, 0xfb, 0xff, 0xc2, 0x28,
  0xeb, 0xfa, 0x10, 0xf8, 0x1a, 0x38, 0x25, 0xef, 0x17, 0x23, 0xbc, 0x02,
  0xcd, 0x50, 0x07, 0xff, 0x0b, 0xd9, 0x17, 0x2b, 0xda, 0x28, 0x2d, 0x26,
  0x1c, 0x3c, 0xe7, 0xf4, 0x25, 0x05, 0x30, 0x3d, 0xf6, 0xd0, 0xe7, 0xf9,
  0xc5, 0xf1, 0xfc, 0x0c, 0x1e, 0xd3, 0xfb, 0x0f, 0xfa, 0x2d, 0xd3, 0x44,
  0xc9, 0xca, 0x18, 0xab, 0xf3, 0x41, 0xe2, 0xe6, 0x51, 0xe1, 0xb6, 0xed,
  0xfb, 0xe1, 0xc1, 0x11, 0x02, 0x23, 0xcf, 0xfe, 0xfa, 0x11, 0xc2, 0x13,
  0xd9, 0x2c, 0xb1, 0xef, 0xbf, 0xf6, 0xe4, 0xa4, 0xe0, 0x0c, 0xe8, 0xf0,
  0x1b, 0x2c, 0xff, 0x28, 0xa3, 0x3f, 0xb8, 0x03, 0xd8, 0x42, 0xec, 0xfc,
  0xe6, 0x05, 0x21, 0xea, 0x07, 0xf5, 0x44, 0xd4, 0x0d, 0x40, 0x3a, 0x1b,
  0x02, 0x56, 0x2e, 0xf7, 0xda, 0xd9, 0x1a, 0x26, 0x09, 0xdd, 0xd1, 0xe3,
  0x0f, 0xc2, 0xfc, 0x27, 0xd2, 0x91, 0xe3, 0x08, 0x0f, 0xb4, 0xb6, 0xc7,
  0x14, 0xd1, 0x0e, 0xe1, 0x13, 0xe3, 0xf9, 0x1b, 0xad, 0x2b, 0xfa, 0xe4,
  0xd4, 0xdd, 0xe1, 0x19, 0xf2, 0xdb, 0xcc, 0x0c, 0x9d, 0x32, 0xc2, 0xf7,
  0xe8, 0x52, 0xf4, 0xb5, 0xc7, 0x2a, 0x2e, 0xf8, 0x35, 0x13, 0xf8, 0x03,
  0xb6, 0x37, 0xbc, 0xf0, 0x13, 0xfc, 0x2a, 0x0f, 0x20, 0x32, 0xf9, 0xe7,
  0xf5, 0xec, 0x51, 0xe4, 0xcd, 0x12, 0xca, 0xf8, 0x04, 0x18, 0x1c, 0xbd,
  0x06, 0xb3, 0x24, 0x19, 0xf9, 0xdf, 0xb5, 0xd0, 0xc6, 0xf4, 0xea, 0xf4,
  0xb8, 0x81, 0xec, 0x0d, 0xb4, 0xf7, 0x07, 0x19, 0xc2, 0xf6, 0xf5, 0xe1,
  0xd0, 0x05, 0xea, 0x04, 0x18, 0xcd, 0xb3, 0x09, 0x31, 0x11, 0xb9, 0xf4,
  0xe2, 0x2c, 0xe2, 0xf3, 0xe2, 0xf7, 0xfd, 0x07, 0x1f, 0x1a, 0x31, 0xa0,
  0x22, 0x0a, 0x33, 0x3b, 0x20, 0x2a, 0x00, 0xce, 0xb3, 0x0c, 0x2c, 0xd3,
  0x1e, 0xe9, 0x3a, 0x03, 0xf7, 0xf0, 0x30, 0x44, 0x1e, 0x2d, 0xda, 0xd0,
  0xda, 0x02, 0xfe, 0x90, 0xff, 0xbe, 0x20, 0x0d, 0xf9, 0x1b, 0x16, 0x0a,
  0x42, 0x18, 0x23, 0x33, 0x28, 0xb5, 0xd5, 0x93, 0x17, 0xfe, 0x1b, 0xd3,
  0xed, 0xe1, 0x15, 0x2c, 0x50, 0x05, 0x25, 0xf6, 0xf1, 0x17, 0x07, 0xdd,
  0x35, 0xfe, 0x22, 0xf0, 0xd2, 0x32, 0xca, 0xe2, 0x0a, 0x3e, 0x0c, 0xe0,
  0xd4, 0xdf, 0xe9, 0x1a, 0x1a, 0xd7, 0x2c, 0xa9, 0x38, 0x08, 0x0d, 0x1e,
  0x07, 0x3c, 0x0b, 0x1c, 0xba, 0xd3, 0x20, 0xcb, 0xef, 0x1c, 0xe5, 0xc2,
  0xee, 0xe3, 0x23, 0xd4, 0x1e, 0xfe, 0x1b, 0x35, 0xe5, 0x0a, 0xf2, 0xf0,
  0x08, 0x03, 0xf1, 0x03, 0x16, 0xdc, 0x15, 0x2d, 0x39, 0xfb, 0xf2, 0xfb,
  0x04, 0xb7, 0xd1, 0xf1, 0xf2, 0xd5, 0x2e, 0xb6, 0xe1, 0x52, 0xfd, 0x1c,
  0xf9, 0x21, 0xdf, 0xf2, 0x18, 0xec, 0xce, 0xe8, 0xf2, 0xe6, 0x0d, 0x0f,
  0xa2, 0xcd, 0xfb, 0x56, 0xb7, 0x03, 0x5d, 0xbb, 0x58, 0xfd, 0xaa, 0xcc,
  0xcd, 0xe7, 0x47, 0x37, 0x34, 0xed, 0xfc, 0xde, 0x88, 0x1d, 0x51, 0xa5,
  0xd0, 0xb6, 0xec, 0x73, 0xf8, 0xda, 0xfb, 0xbc, 0xa2, 0xcd, 0xed, 0xf0,
  0x0a, 0xef, 0x3d, 0x07, 0x41, 0x0b, 0xfa, 0xab, 0xdf, 0xa5, 0x64, 0x33,
  0x51, 0x0a, 0xcd, 0x58, 0x06, 0x07, 0xf7, 0x17, 0xbf, 0xc7, 0x8e, 0x97,
  0x65, 0x2a, 0xb5, 0x16, 0x65, 0x1e, 0x39, 0x2e, 0xab, 0x41, 0x96, 0x2e,
  0xdd, 0x32, 0x4e, 0xf5, 0x92, 0xd6, 0x1d, 0x67, 0x0a, 0x92, 0x40, 0x1c,
  0x27, 0x24, 0x8c, 0xcd, 0x9e, 0xac, 0xe4, 0x1b, 0x8a, 0x83, 0xd8, 0x1b,
  0x19, 0xf5, 0x00, 0x67, 0x01, 0xb7, 0xbb, 0xa3, 0x0b, 0x33, 0x63, 0x18,
  0x96, 0xc8, 0xf7, 0x3e, 0xca, 0xf9, 0x5d, 0x85, 0x13, 0xc3, 0x1c, 0xe7,
  0x68, 0x54, 0xec, 0xbc, 0xe7, 0x43, 0xa5, 0x0c, 0xb3, 0xa7, 0xfd, 0xa9,
  0x81, 0x8b, 0x2b, 0x03, 0xcb, 0x0a, 0x87, 0xe2, 0x05, 0xb7, 0x30, 0x9d,
  0x1f, 0x64, 0xeb, 0x2a, 0x35, 0x4d, 0x1e, 0xf3, 0xf5, 0x97, 0x0a, 0xb7,
  0xc2, 0x71, 0x17, 0x70, 0xf2, 0x9a, 0xd8, 0x29, 0xe0, 0x6c, 0x87, 0x8b,
  0xb6, 0xcf, 0x8c, 0x21, 0x19, 0xac, 0xa9, 0xc8, 0x9c, 0xe8, 0xbf, 0xf6,
  0x1f, 0x89, 0xa5, 0x04, 0x6b, 0xa9, 0xd3, 0x62, 0x4c, 0xfe, 0xf9, 0xa4,
  0x5e, 0x43, 0x1d, 0xa7, 0x4a, 0x02, 0x36, 0xb3, 0x5c, 0x59, 0x2a, 0x8f,
  0x70, 0x04, 0xbb, 0x60, 0xbb, 0x0f, 0x69, 0x1b, 0x0e, 0x61, 0xd8, 0x23,
  0xa9, 0xdd, 0xdc, 0xd5, 0x3c, 0xaa, 0xc4, 0x30, 0x8d, 0x95, 0x83, 0x31,
  0xb2, 0x20, 0xc4, 0x5b, 0x28, 0x66, 0xe3, 0x1f, 0x11, 0xd7, 0xde, 0x2b,
  0x51, 0xd6, 0x4a, 0xc7, 0x68, 0xde, 0x25, 0xb0, 0x28, 0xb4, 0x8c, 0x06,
  0x6a, 0x6c, 0x11, 0xf0, 0x20, 0x0d, 0xdd, 0x1b, 0x55, 0xfc, 0x3e, 0x94,
  0xf9, 0x0f, 0xfa, 0x8f, 0x8d, 0x51, 0x85, 0x42, 0xae, 0x4b, 0x83, 0x45,
  0xc5, 0x72, 0xae, 0x0c, 0x44, 0x3c, 0x1f, 0xa7, 0xaa, 0x09, 0x1f, 0x5d,
  0xb7, 0xdd, 0x3b, 0x64, 0xda, 0xa9, 0x91, 0x2b, 0x2a, 0xf7, 0xb3, 0x77,
  0x95, 0x13, 0xde, 0x97, 0x13, 0xe5, 0xf8, 0xd5, 0x4c, 0x28, 0xca, 0xdc,
  0xc4, 0xc9, 0x2b, 0xc9, 0x98, 0x34, 0x88, 0xf6, 0x68, 0x8e, 0x73, 0x4e,
  0xca, 0x71, 0x50, 0xa7, 0x69, 0xca, 0x9a, 0xc4, 0x2a, 0x74, 0xb2, 0xe5,
  0xb9, 0x92, 0x26, 0xac, 0x45, 0xd6, 0x62, 0x2b, 0xa1, 0x65, 0xdd, 0x05,
  0x5e, 0xba, 0xc5, 0x54, 0x21, 0x00, 0x3e, 0x72, 0x46, 0x77, 0xc0, 0x23,
  0xc7, 0x4a, 0x32, 0xf8, 0x38, 0xa8, 0xc0, 0xa3, 0x03, 0xd7, 0xe6, 0x1b,
  0xe0, 0x2b, 0x3b, 0x1b, 0x01, 0x79, 0xf2, 0x53, 0xa0, 0x9e, 0xa0, 0x06,
  0x86, 0x63, 0x60, 0xcd, 0xc1, 0x28, 0x2a, 0xdc, 0xcf, 0xc8, 0x8f, 0x1b,
  0xe9, 0x21, 0x3f, 0xa6, 0xc0, 0x01, 0xd9, 0x59, 0x17, 0xd8, 0x2e, 0x19,
  0xfd, 0x05, 0xdf, 0x2d, 0x22, 0xd1, 0x34, 0xa2, 0x2a, 0x26, 0x55, 0xe9,
  0xe9, 0xdc, 0x0a, 0xfb, 0x4c, 0x3a, 0x5e, 0xc5, 0xd6, 0xe4, 0x0c, 0x3c,
  0x37, 0x25, 0xd4, 0xbd, 0x2b, 0x2d, 0xc2, 0x06, 0xf4, 0xb6, 0x29, 0xf9,
  0xc3, 0x8e, 0xc0, 0x17, 0xcf, 0xc2, 0x1b, 0x0a, 0x39, 0x44, 0x17, 0xed,
  0x69, 0x1b, 0x10, 0x2c, 0x39, 0xd2, 0x05, 0xcf, 0x5b, 0x21, 0x13, 0xcb,
  0x23, 0x10, 0xfe, 0x05, 0x1c, 0xdd, 0x28, 0x2c, 0x2d, 0xf5, 0x1f, 0xf3,
  0xcd, 0x27, 0xfb, 0xfa, 0x37, 0x50, 0x41, 0xce, 0xdd, 0xf2, 0x1e, 0x3a,
  0xec, 0xf5, 0x3c, 0x94, 0xd7, 0x2c, 0xef, 0x23, 0x0c, 0xf7, 0xda, 0xcd,
  0xfd, 0x06, 0x2b, 0xc4, 0xe9, 0xbb, 0x13, 0x2c, 0xb8, 0x01, 0xd2, 0xcc,
  0x40, 0xaa, 0x05, 0xdc, 0xfc, 0xf9, 0x44, 0x75, 0xde, 0x11, 0xe3, 0xab,
  0xe6, 0xb8, 0x0e, 0x15, 0x07, 0xf2, 0x18, 0xd0, 0x0c, 0x01, 0x47, 0x37,
  0xd0, 0xb9, 0x19, 0xe7, 0x06, 0xfc, 0x29, 0x08, 0x1c, 0x12, 0xe0, 0xb7,
  0x6f, 0x5a, 0x10, 0x61, 0xc8, 0xee, 0x0e, 0x07, 0xfe, 0xf5, 0x27, 0xd1,
  0xfd, 0x41, 0x0b, 0xf4, 0x2d, 0x33, 0xa5, 0xbf, 0x0e, 0xfd, 0x36, 0xee,
  0xf3, 0xfb, 0x4b, 0xf9, 0x47, 0x16, 0x37, 0xc1, 0xca, 0xcf, 0xd2, 0xdb,
  0x4b, 0x1e, 0xe4, 0xf0, 0x47, 0xcc, 0xf3, 0x35, 0x14, 0x45, 0x10, 0x3c,
  0x10, 0x17, 0x1a, 0xd5, 0x06, 0x2a, 0xfd, 0xcd, 0x3d, 0xbe, 0xde, 0x28,
  0xf9, 0xce, 0xbc, 0xca, 0x42, 0xcf, 0x3b, 0xeb, 0x1e, 0x81, 0xc7, 0x37,
  0xe2, 0xad, 0xdb, 0xbe, 0xb9, 0xb4, 0x28, 0xe5, 0x42, 0xbf, 0xe6, 0xfb,
  0x1b, 0x93, 0xc2, 0xf5, 0xd7, 0xf2, 0xb5, 0xef, 0xa0, 0xef, 0xfa, 0xe3,
  0x67, 0xf8, 0xe5, 0xb0, 0x2c, 0xb5, 0x26, 0x1b, 0xdc, 0xcd, 0xe0, 0xe7,
  0x33, 0x38, 0x36, 0x2b, 0x1f, 0x18, 0x03, 0xb1, 0xec, 0x97, 0xd1, 0xfd,
  0x61, 0x13, 0x15, 0x13, 0x44, 0x53, 0xdc, 0x0d, 0x70, 0xc5, 0xf6, 0xfc,
  0x15, 0xf4, 0x17, 0xe9, 0xe3, 0x23, 0x38, 0xf7, 0x5b, 0x11, 0xff, 0xd8,
  0x18, 0xd4, 0xaf, 0xd4, 0xf9, 0xbe, 0x30, 0x02, 0xe7, 0x20, 0x0d, 0xe3,
  0x02, 0xbd, 0x1a, 0xe3, 0xaa, 0x26, 0x31, 0x9a, 0x28, 0xe3, 0xce, 0xba,
  0x2b, 0xd8, 0xc5, 0xef, 0xeb, 0xf3, 0xfe, 0x34, 0xf2, 0xea, 0x33, 0x25,
  0xfc, 0x28, 0xf9, 0xe3, 0x25, 0xd0, 0xc8, 0xf6, 0x00, 0xaa, 0xcc, 0x24,
  0x44, 0xec, 0xdc, 0x2a, 0x18, 0x12, 0xe3, 0xd4, 0xf4, 0x44, 0xd5, 0x1a,
  0x0f, 0x32, 0x1e, 0x1b, 0x0f, 0x0e, 0x11, 0x1f, 0x20, 0xf1, 0xb7, 0x11,
  0x29, 0x09, 0xfe, 0x01, 0xc7, 0xde, 0xd6, 0xc5, 0x2e, 0x08, 0xd3, 0x15,
  0x15, 0x38, 0x2d, 0x3c, 0xf1, 0x15, 0x04, 0x13, 0x18, 0xe2, 0x3f, 0x09,
  0x02, 0xef, 0x09, 0x94, 0x21, 0xfb, 0x0a, 0x3c, 0x01, 0xc9, 0xda, 0xcd,
  0xc5, 0xc3, 0xff, 0x02, 0x18, 0xe8, 0xed, 0xf1, 0xdc, 0xce, 0xb4, 0xed,
  0x55, 0xc4, 0xb5, 0xf5, 0x24, 0xe4, 0xf8, 0x0d, 0x36, 0xc3, 0x07, 0x2e,
  0xf8, 0x07, 0xfb, 0xe5, 0x00, 0x10, 0xff, 0x3c, 0x19, 0xfd, 0xeb, 0xf0,
  0x23, 0x60, 0xc2, 0x4d, 0x32, 0xf0, 0xfd, 0xe4, 0x42, 0xea, 0x16, 0x44,
  0xcc, 0x46, 0xcb, 0xf6, 0x1c, 0x4a, 0xc2, 0x1e, 0x22, 0x11, 0x05, 0x31,
  0x53, 0xd8, 0x38, 0xd3, 0x0f, 0x0d, 0xdd, 0xe8, 0xfe, 0xa0, 0x2a, 0x85,
  0x0f, 0xc2, 0xe6, 0x13, 0x41, 0xf3, 0x3c, 0x24, 0xf0, 0x25, 0xfa, 0xc8,
  0x6d, 0x15, 0x66, 0xd9, 0xb9, 0xd0, 0x30, 0x52, 0xfe, 0x31, 0x20, 0xb5,
  0xdc, 0x2b, 0xc4, 0x17, 0xc7, 0xf9, 0xec, 0x38, 0xf5, 0xfe, 0xf1, 0xf6,
  0x31, 0x34, 0xf4, 0x2f, 0x29, 0xc5, 0xd5, 0x0a, 0xc7, 0x33, 0x22, 0x48,
  0x1e, 0x2d, 0xe3, 0x10, 0xe1, 0xe6, 0xf9, 0xc4, 0xb4, 0x28, 0x02, 0xec,
  0x1b, 0xc0, 0x03, 0x31, 0xeb, 0xdf, 0x46, 0x17, 0x57, 0xd1, 0xf9, 0x2b,
  0x4f, 0x38, 0x3b, 0xe0, 0x4e, 0xf3, 0x1e, 0xfa, 0xfb, 0x1a, 0x2f, 0xfc,
  0xd7, 0xbc, 0xe7, 0x22, 0x37, 0xfa, 0xd9, 0xf3, 0xde, 0x1c, 0x05, 0xe6,
  0xdd, 0x23, 0xd1, 0x3a, 0x92, 0x35, 0xb8, 0x1f, 0x16, 0x4f, 0x33, 0xd0,
  0xb6, 0x08, 0x16, 0x4f, 0xe5, 0x7e, 0xdc, 0x09, 0x25, 0x3f, 0x21, 0xe2,
  0x26, 0x47, 0x07, 0xf6, 0x17, 0xf0, 0xcf, 0xf9, 0x14, 0x72, 0xdf, 0xa2,
  0x3b, 0xbf, 0x22, 0xc7, 0x31, 0x03, 0x18, 0x34, 0xd9, 0xec, 0x53, 0x20,
  0xd0, 0x1b, 0xfb, 0x0d, 0x12, 0xa2, 0xe5, 0xcc, 0x1a, 0x91, 0xc4, 0xbe,
  0xf2, 0xf7, 0x2f, 0x0d, 0xd5, 0x81, 0xe7, 0x2a, 0x03, 0xcf, 0x03, 0xd9,
  0xb7, 0xfd, 0x1d, 0xe1, 0x1d, 0x07, 0xf4, 0xb6, 0xcf, 0x0c, 0xb8, 0x2f,
  0xfb, 0xfe, 0xf4, 0xad, 0xd1, 0x34, 0x33, 0xc3, 0xce, 0xe4, 0xe9, 0xe3,
  0xf5, 0xbf, 0xdd, 0x21, 0x35, 0x34, 0xc8, 0xd0, 0x1a, 0xfb, 0x05, 0x3a,
  0xfb, 0xcc, 0xef, 0x93, 0x4b, 0x47, 0x30, 0xe2, 0x39, 0x3a, 0x30, 0x63,
  0x5f, 0x1c, 0x0b, 0x43, 0xb3, 0x1d, 0x28, 0xdd, 0x09, 0xfd, 0x58, 0xc6,
  0xdd, 0xe0, 0x20, 0x1d, 0x41, 0xe9, 0x18, 0x3f, 0xed, 0xe6, 0xd5, 0x26,
  0x0a, 0x92, 0x18, 0xc4, 0x1d, 0xe6, 0xd4, 0xd6, 0x44, 0x14, 0xba, 0x2b,
  0x94, 0x25, 0xcc, 0xfd, 0x27, 0xc8, 0xc2, 0xe7, 0xd6, 0xfe, 0xfc, 0x0b,
  0xea, 0x11, 0xd6, 0xed, 0xfb, 0x22, 0x57, 0xd0, 0xb8, 0xf9, 0x0c, 0x05,
  0xd1, 0x45, 0xc0, 0x21, 0xd1, 0x2c, 0xf4, 0x20, 0xc3, 0x15, 0x04, 0xd3,
  0x1e, 0xf8, 0x26, 0xed, 0x0a, 0x2a, 0xf6, 0x3a, 0x0f, 0xf7, 0x39, 0x0d,
  0xb5, 0xf6, 0xb2, 0xeb, 0x1f, 0xf6, 0xe1, 0xcb, 0x4d, 0xfb, 0x35, 0xe1,
  0x4d, 0xee, 0xea, 0xc7, 0xc5, 0xe9, 0xe7, 0x05, 0x07, 0xd9, 0x3f, 0x0c,
  0x0c, 0xf0, 0x57, 0x05, 0xcf, 0x20, 0xf2, 0xfb, 0x74, 0xe2, 0x10, 0xfa,
  0x1c, 0x20, 0xeb, 0x42, 0x0a, 0xe5, 0xce, 0x0c, 0x0f, 0xd4, 0xed, 0x19,
  0x26, 0x08, 0xc2, 0xdc, 0x11, 0x0d, 0xf7, 0xf8, 0xdc, 0xd8, 0x03, 0x3b,
  0xfc, 0x14, 0x3f, 0x10, 0xe0, 0x2d, 0xdd, 0x65, 0x2e, 0x68, 0xf1, 0xf2,
  0xfd, 0x08, 0x4b, 0x06, 0xfc, 0x03, 0xeb, 0x34, 0x34, 0x19, 0x50, 0xca,
  0xef, 0x75, 0x31, 0x10, 0xdc, 0x0f, 0x13, 0xc2, 0x30, 0x41, 0x18, 0xea,
  0x1f, 0xe9, 0xe0, 0xc9, 0xd5, 0x25, 0x17, 0x05, 0xd7, 0x1d, 0x0f, 0xd8,
  0x11, 0xe3, 0x33, 0x34, 0x69, 0xd1, 0x03, 0x35, 0x23, 0xc7, 0x27, 0x7b,
  0xfd, 0x1b, 0xd0, 0xfa, 0x07, 0xe8, 0x19, 0x23, 0x50, 0x1e, 0x2c, 0x0d,
  0xba, 0x35, 0xd6, 0x21, 0x1a, 0x18, 0x11, 0x2f, 0x1a, 0x35, 0xea, 0x24,
  0x2f, 0x2b, 0xf4, 0xd6, 0x2e, 0x2d, 0xde, 0xe2, 0x23, 0xf9, 0x33, 0x18,
  0x19, 0xd4, 0xd6, 0x0e, 0x18, 0xb3, 0x30, 0x0f, 0xd3, 0x25, 0x10, 0x24,
  0xdc, 0x08, 0xcc, 0x13, 0xf7, 0x2e, 0xc7, 0xe3, 0xf3, 0x07, 0x0d, 0x5d,
  0xcd, 0x71, 0xf1, 0xcc, 0xf0, 0xe2, 0xe0, 0xe5, 0xd3, 0x00, 0x0d, 0xf4,
  0xf8, 0x21, 0x71, 0x37, 0x03, 0x15, 0x17, 0x41, 0x1f, 0xcb, 0xf1, 0xd2,
  0xf0, 0xc8, 0xcf, 0xd3, 0x2b, 0x28, 0xf9, 0x23, 0xb2, 0x4c, 0x09, 0x40,
  0xb3, 0xf7, 0xbc, 0xc5, 0xf4, 0x40, 0xf8, 0x35, 0xf7, 0x2d, 0xd7, 0x4f,
  0x0f, 0x27, 0x13, 0x1c, 0xf8, 0x36, 0xfa, 0x05, 0xdb, 0xcf, 0xf4, 0x34,
  0xea, 0xea, 0x2a, 0x46, 0x08, 0x66, 0xf9, 0x01, 0xc6, 0x26, 0x17, 0x17,
  0xe1, 0xfe, 0x29, 0x05, 0xe6, 0x7f, 0xd8, 0x0b, 0xe7, 0x65, 0xff, 0x0e,
  0x45, 0x15, 0x2b, 0x42, 0xf0, 0x1e, 0x00, 0xed, 0xfe, 0xd6, 0x2e, 0x24,
  0x29, 0xdf, 0xe1, 0x09, 0x0b, 0xfc, 0xbb, 0xfd, 0x0f, 0x1f, 0x09, 0xe9,
  0xf0, 0x28, 0xba, 0xfb, 0x13, 0x0c, 0xc3, 0xeb, 0xe2, 0x0d, 0xda, 0x02,
  0xdf, 0x0e, 0xff, 0x16, 0xdf, 0x3a, 0x11, 0x61, 0x06, 0x29, 0xd2, 0xf7,
  0x1d, 0x2d, 0x13, 0x0a, 0xff, 0xba, 0x20, 0x09, 0x0a, 0xe9, 0x2d, 0x3b,
  0xe8, 0x45, 0x30, 0x4f, 0x04, 0x0e, 0xc3, 0x0c, 0xf3, 0x58, 0x13, 0xde,
  0x3a, 0x33, 0xf6, 0x1e, 0xc9, 0x11, 0xe0, 0xf9, 0x2f, 0xe5, 0x34, 0x34,
  0x28, 0xda, 0x26, 0x11, 0x76, 0x34, 0x42, 0xd8, 0x1a, 0x0e, 0x18, 0x38,
  0x07, 0x36, 0x39, 0xf9, 0x0b, 0x1e, 0xd6, 0xf4, 0x0e, 0x36, 0xd3, 0x2c,
  0x0b, 0x09, 0x18, 0x01, 0x3a, 0xe3, 0x49, 0x3f, 0x01, 0x32, 0x42, 0xf2,
  0xd8, 0xd2, 0x12, 0xbf, 0x06, 0xfa, 0x43, 0x00, 0x1f, 0x01, 0xfd, 0x30,
  0xe8, 0x01, 0xf9, 0xf8, 0x31, 0xb5, 0x2a, 0x24, 0x1b, 0x0d, 0x21, 0x19,
  0xdf, 0x26, 0x18, 0x07, 0x1e, 0x04, 0xcc, 0xd8, 0xd1, 0x49, 0xe4, 0x4a,
  0x20, 0x44, 0xf3, 0xc7, 0xdb, 0xfb, 0x28, 0xfa, 0x0b, 0x15, 0x1a, 0xc8,
  0x0f, 0x38, 0xa2, 0xeb, 0x32, 0x13, 0xe6, 0x16, 0x4a, 0xe2, 0x10, 0x1c,
  0x0a, 0x38, 0x07, 0x0c, 0x37, 0xd6, 0x09, 0xee, 0xf2, 0xf2, 0x32, 0xef,
  0xf9, 0xf6, 0xfd, 0x3a, 0xfa, 0x01, 0x19, 0x18, 0x07, 0xdc, 0xdc, 0xc2,
  0x13, 0x81, 0x21, 0x3c, 0xe9, 0xec, 0x23, 0xf4, 0x24, 0x1a, 0x30, 0x2b,
  0x54, 0xf7, 0xfa, 0xd4, 0x20, 0xcb, 0xf6, 0x37, 0x46, 0xfd, 0x47, 0xfe,
  0x44, 0x44, 0x07, 0xf5, 0x4e, 0xca, 0x16, 0xee, 0x03, 0xb5, 0x57, 0x20,
  0x02, 0x1a, 0x04, 0x07, 0x0c, 0xf7, 0x0f, 0xd1, 0xd7, 0x3e, 0x17, 0x33,
  0xec, 0xf5, 0x0c, 0xca, 0x29, 0x1a, 0x07, 0xd2, 0x28, 0x1d, 0x0d, 0x27,
  0xf3, 0x13, 0x08, 0x04, 0xe6, 0x24, 0xec, 0x09, 0x17, 0x18, 0xe9, 0xfe,
  0xd9, 0x1f, 0xf5, 0x1f, 0xf1, 0x02, 0xec, 0x0a, 0x32, 0x2b, 0x0a, 0xef,
  0xfd, 0xcb, 0xd8, 0x17, 0x17, 0xfb, 0xfa, 0x10, 0x29, 0x19, 0x2a, 0xdf,
  0xf9, 0xb4, 0x1c, 0xf7, 0x1d, 0x31, 0xde, 0xc5, 0xe7, 0xff, 0xde, 0x19,
  0x44, 0xdc, 0xeb, 0x12, 0xd7, 0xdb, 0x2a, 0xdd, 0x15, 0x04, 0x1c, 0x10,
  0x32, 0x3a, 0xe6, 0x22, 0xb5, 0xfd, 0xbe, 0x42, 0xf8, 0x25, 0xee, 0xf1,
  0xef, 0xe9, 0x0e, 0x4e, 0x1e, 0xeb, 0xf4, 0x02, 0x2c, 0x12, 0x01, 0x0a,
  0x22, 0xf5, 0xef, 0x11, 0x17, 0xc8, 0x05, 0x3c, 0x34, 0x15, 0x17, 0x2c,
  0x1f, 0xd0, 0xe6, 0xc2, 0xfb, 0x1e, 0xfd, 0x42, 0x0a, 0xff, 0x27, 0x3c,
  0x29, 0x29, 0xe3, 0xe5, 0xf1, 0xce, 0xfc, 0xe9, 0xd8, 0xf1, 0x04, 0xc7,
  0xcd, 0xfa, 0x25, 0xff, 0xde, 0x25, 0xe6, 0x2a, 0xef, 0xfb, 0xf1, 0x12,
  0x0d, 0xaa, 0x22, 0xeb, 0x03, 0x29, 0x37, 0xfc, 0x1c, 0xfe, 0x0b, 0xd2,
  0x1c, 0xfb, 0x02, 0xe0, 0xf0, 0xf3, 0x34, 0xf2, 0x18, 0x0d, 0xe8, 0x2c,
  0x1a, 0x1a, 0x2d, 0xf8, 0x51, 0x01, 0x3c, 0xb2, 0x12, 0x02, 0x31, 0xfc,
  0x24, 0xfa, 0x06, 0xf1, 0xeb, 0xf9, 0xf7, 0x16, 0x10, 0xd7, 0xc2, 0xe2,
  0x19, 0x05, 0x26, 0x03, 0x2a, 0x0b, 0xf6, 0xf0, 0x17, 0x16, 0xdb, 0xf2,
  0x0f, 0x13, 0xb4, 0xbd, 0x2a, 0x3f, 0x17, 0xdb, 0xf6, 0x44, 0x43, 0x49,
  0x20, 0x4e, 0x1c, 0x26, 0x1a, 0x04, 0x11, 0xbb, 0x1b, 0xbe, 0x33, 0x0f,
  0x1b, 0xd8, 0xc7, 0x00, 0xdc, 0x10, 0x09, 0xd5, 0xdd, 0x16, 0x07, 0x17,
  0xc8, 0x27, 0xbc, 0x9f, 0x10, 0xd5, 0xd1, 0xf2, 0x0c, 0xf3, 0x03, 0xfb,
  0xde, 0x08, 0xfa, 0x04, 0x06, 0x2a, 0xc9, 0x05, 0xe1, 0xd4, 0xfa, 0xdb,
  0xbb, 0x1e, 0xc7, 0xfa, 0x18, 0x0b, 0x14, 0xe4, 0x0c, 0x42, 0xca, 0x4c,
  0x1b, 0x04, 0x28, 0xef, 0x0b, 0xd4, 0x09, 0x1a, 0x4e, 0xe1, 0x47, 0xf3,
  0xcd, 0x2e, 0x0a, 0x2a, 0x05, 0x29, 0xf3, 0xc4, 0xdc, 0x1f, 0x1b, 0x26,
  0x39, 0xa6, 0xe4, 0xb0, 0xee, 0x2f, 0x1e, 0x02, 0xf3, 0x20, 0x0a, 0xd1,
  0x29, 0xe2, 0xda, 0xd4, 0xc0, 0xda, 0x06, 0x05, 0xea, 0x31, 0x28, 0xf5,
  0x05, 0x01, 0xfe, 0x26, 0xed, 0x02, 0x06, 0xe6, 0xe9, 0x12, 0x33, 0xc8,
  0xd3, 0x2b, 0xf6, 0x1c, 0xd5, 0xf5, 0x31, 0xff, 0xdc, 0x0b, 0xe2, 0xcd,
  0x4a, 0x0c, 0x0e, 0xd2, 0xe2, 0xcc, 0x04, 0x14, 0x24, 0xa9, 0x11, 0xe2,
  0xc0, 0xf5, 0x20, 0x02, 0x77, 0xf3, 0xf1, 0x21, 0x11, 0x21, 0xd6, 0x22,
  0x2f, 0xbd, 0x04, 0xb2, 0x22, 0x11, 0x01, 0xf0, 0x62, 0xc7, 0x0b, 0x26,
  0x0f, 0xf6, 0x1e, 0x20, 0xc2, 0x26, 0x17, 0xd3, 0x37, 0x35, 0x16, 0xe8,
  0x04, 0x23, 0xcb, 0x10, 0x0a, 0xe2, 0x09, 0xb3, 0xdb, 0x04, 0x30, 0xf7,
  0x02, 0xfa, 0x27, 0x19, 0x02, 0x1e, 0x04, 0x2f, 0x3a, 0x31, 0xdc, 0xff,
  0xed, 0xe7, 0xea, 0xef, 0x01, 0xbe, 0xdd, 0xe8, 0x18, 0xf2, 0x12, 0xf2,
  0xc8, 0xc5, 0x20, 0xf6, 0xda, 0xe5, 0xbd, 0xf0, 0xdb, 0xa8, 0x05, 0x0c,
  0xf2, 0x0d, 0x0c, 0x2a, 0xd5, 0xe5, 0xd5, 0x05, 0xf8, 0xc6, 0xef, 0xfc,
  0xae, 0xf0, 0xc2, 0x22, 0xcd, 0x54, 0x17, 0x7f, 0xaf, 0x05, 0xaa, 0xc1,
  0xcf, 0x1d, 0x21, 0x46, 0xf1, 0x38, 0x2b, 0xe1, 0xe4, 0x0f, 0xde, 0x1b,
  0x16, 0x24, 0x13, 0xd5, 0xf4, 0xf7, 0x37, 0x24, 0xe0, 0x22, 0x04, 0x00,
  0x0c, 0xf8, 0x3d, 0xa6, 0x3f, 0x06, 0x09, 0x20, 0xeb, 0x16, 0x0f, 0x02,
  0x24, 0x09, 0xcd, 0xe6, 0xf5, 0xef, 0x13, 0xf1, 0x0c, 0xbb, 0xdb, 0x09,
  0x23, 0xd9, 0xcf, 0xef, 0x37, 0x2b, 0xc2, 0xe1, 0x0f, 0x02, 0x15, 0x14,
  0x12, 0xbc, 0xbc, 0xfa, 0xcd, 0x42, 0xd9, 0x46, 0xe4, 0x22, 0xfb, 0x06,
  0xab, 0x24, 0xdc, 0xf6, 0x08, 0xd3, 0xce, 0xfc, 0x15, 0x12, 0x43, 0x1d,
  0xe0, 0xff, 0x39, 0xe3, 0x0d, 0x26, 0x2f, 0xad, 0xeb, 0xee, 0x12, 0x20,
  0x01, 0xfb, 0x07, 0x02, 0xcc, 0x21, 0xf1, 0xd0, 0x28, 0xed, 0xfa, 0x12,
  0xd1, 0xd9, 0x3e, 0x07, 0x2d, 0xed, 0x0a, 0xd3, 0x37, 0xd9, 0xfd, 0x29,
  0x0c, 0xb9, 0xb3, 0xf6, 0xed, 0xee, 0x2b, 0x12, 0xec, 0x43, 0xf2, 0x2b,
  0xfd, 0xe8, 0xdb, 0x27, 0xde, 0x0a, 0xf0, 0x0c, 0x2c, 0xe1, 0xf0, 0xe7,
  0xfb, 0x2b, 0xfe, 0x3a, 0x2d, 0x4f, 0x2e, 0xf8, 0xc9, 0xca, 0xd9, 0x98,
  0xf9, 0xc2, 0xf4, 0x1b, 0xee, 0xe2, 0x1e, 0x08, 0xfb, 0xdb, 0x09, 0x14,
  0x55, 0x12, 0xb3, 0x22, 0xd9, 0x30, 0xf1, 0xdc, 0xd3, 0xe0, 0xfc, 0x30,
  0x21, 0xfa, 0x11, 0x0d, 0x30, 0x2d, 0x02, 0x23, 0xfd, 0x2a, 0xd0, 0xd2,
  0x17, 0x0a, 0x1e, 0x1a, 0xfb, 0xc9, 0xc0, 0x14, 0x0c, 0xe7, 0xfc, 0x01,
  0xf6, 0x0b, 0xe2, 0x1c, 0xee, 0x25, 0x0f, 0x06, 0xcf, 0xd8, 0xe8, 0x0c,
  0x25, 0x2a, 0xf7, 0xfd, 0x04, 0xe4, 0xdc, 0x30, 0x3f, 0x28, 0x1b, 0xd5,
  0x17, 0x0b, 0xe5, 0x35, 0xfe, 0xdf, 0xc5, 0x98, 0xfd, 0xcd, 0xfe, 0x10,
  0x00, 0xfb, 0x17, 0xf8, 0xd8, 0xde, 0xbc, 0x1b, 0x2a, 0x05, 0x03, 0x07,
  0xf9, 0xe2, 0x15, 0x46, 0x11, 0xe8, 0xf5, 0xe4, 0xe7, 0x1c, 0xe1, 0x1e,
  0xf6, 0xf5, 0xb6, 0x2d, 0x29, 0x27, 0xff, 0x04, 0x19, 0x3f, 0xe0, 0x4b,
  0x43, 0x20, 0xee, 0x35, 0xc0, 0xfc, 0xc1, 0xe7, 0x28, 0xf3, 0xf9, 0x09,
  0x35, 0x24, 0xfe, 0x2f, 0x31, 0x20, 0xd2, 0xff, 0xf3, 0xfe, 0x28, 0xa6,
  0xeb, 0x3a, 0x21, 0x0f, 0x27, 0xd4, 0x29, 0xd4, 0x32, 0x04, 0xf6, 0x1f,
  0x18, 0xd5, 0x14, 0xc5, 0x1b, 0x24, 0xef, 0xed, 0xe3, 0xc3, 0x01, 0x28,
  0xfd, 0xcf, 0xdf, 0x24, 0x64, 0x03, 0x62, 0x31, 0xc9, 0xfb, 0xed, 0x2d,
  0xc2, 0x0b, 0xd5, 0xfa, 0x31, 0x16, 0x20, 0xdd, 0x13, 0x49, 0xae, 0x23,
  0x30, 0x33, 0xfd, 0xc7, 0x26, 0xec, 0xe5, 0x44, 0x22, 0x05, 0xfa, 0x14,
  0x0c, 0x35, 0x23, 0xd2, 0x24, 0x05, 0x2e, 0x27, 0x19, 0x09, 0x35, 0x34,
  0x05, 0xe5, 0xdc, 0xeb, 0x01, 0xcf, 0x1a, 0xdc, 0x2e, 0x30, 0x34, 0x38,
  0x1a, 0x00, 0xf2, 0xed, 0x03, 0xf6, 0xf1, 0x1e, 0xd1, 0xb1, 0xdb, 0xbc,
  0xd8, 0xea, 0xd7, 0x3b, 0xdc, 0xf4, 0xf8, 0x05, 0x22, 0xc9, 0xdc, 0xeb,
  0x2e, 0x01, 0x3c, 0x30, 0xe9, 0xed, 0x00, 0x26, 0xc7, 0x39, 0xbd, 0xcb,
  0x02, 0xec, 0xd8, 0x28, 0x06, 0x26, 0xd5, 0x24, 0xec, 0x13, 0xcf, 0xcd,
  0x05, 0x1a, 0xec, 0xd6, 0x12, 0x08, 0xfc, 0x16, 0xfe, 0x48, 0xfe, 0x06,
  0xef, 0x40, 0x05, 0xcf, 0xf0, 0x0e, 0x33, 0xc9, 0x23, 0xbe, 0x31, 0x0e,
  0xf0, 0xd2, 0x40, 0x03, 0xc7, 0x18, 0x18, 0xfd, 0x0b, 0xe8, 0xf3, 0xb8,
  0x2e, 0xd6, 0xdb, 0x2d, 0x0d, 0xb1, 0xde, 0xb7, 0xb8, 0xff, 0x1f, 0x40,
  0x0a, 0x30, 0x0a, 0xe6, 0xf7, 0xd4, 0xcf, 0x33, 0xcf, 0xdf, 0xfe, 0xf2,
  0x11, 0x2c, 0x15, 0x09, 0x1e, 0x0c, 0xeb, 0xf0, 0xe9, 0x3d, 0xfe, 0xf6,
  0xf3, 0x51, 0xf3, 0x0e, 0x16, 0x0f, 0xcb, 0xda, 0xc7, 0x0b, 0xfb, 0x2d,
  0xd3, 0x24, 0x32, 0x1a, 0x0f, 0x0a, 0x0a, 0xe5, 0x0a, 0x16, 0xde, 0x04,
  0x27, 0xc8, 0xeb, 0x04, 0x0d, 0xbf, 0x17, 0xe9, 0xeb, 0xe4, 0x3c, 0xdf,
  0x0c, 0xd8, 0x31, 0xe8, 0x19, 0x3a, 0xc9, 0x17, 0xef, 0xf2, 0x00, 0x17,
  0xcd, 0xdd, 0xfa, 0x0a, 0xab, 0xfb, 0x17, 0x06, 0x2b, 0xec, 0xc7, 0x1b,
  0x25, 0xec, 0x19, 0x1a, 0xe8, 0x02, 0xfc, 0x1b, 0xee, 0x36, 0xe6, 0xda,
  0xd7, 0xff, 0x2c, 0xed, 0x00, 0xf6, 0xeb, 0xf6, 0x09, 0x37, 0xea, 0xfa,
  0x1b, 0x25, 0x25, 0x03, 0x0b, 0xfc, 0xdd, 0x06, 0x0a, 0xe8, 0x1f, 0xe7,
  0x81, 0x39, 0x05, 0xc2, 0x2f, 0x03, 0x04, 0xbe, 0x0c, 0x0e, 0x39, 0x36,
  0x36, 0x2e, 0x1f, 0xdb, 0xb5, 0xe9, 0xf3, 0x39, 0xe7, 0xed, 0xfe, 0xee,
  0xb4, 0x4e, 0x30, 0x69, 0xe8, 0x05, 0x37, 0x01, 0xa0, 0x40, 0x26, 0x5c,
  0x4c, 0x23, 0xd8, 0xe0, 0xba, 0x2d, 0xce, 0xe7, 0xe8, 0xf6, 0xd9, 0xbe,
  0xb4, 0xf0, 0xf1, 0xeb, 0xcf, 0x09, 0xd0, 0xe2, 0x24, 0x47, 0xea, 0xc5,
  0x21, 0xce, 0xd7, 0xf4, 0xe7, 0xf5, 0x0c, 0x4a, 0xe6, 0xf5, 0x38, 0xab,
  0xb3, 0x29, 0x19, 0x2d, 0xf4, 0xd0, 0xec, 0xdf, 0x34, 0xee, 0x4c, 0x69,
  0x07, 0x07, 0xf8, 0xd0, 0xbb, 0xec, 0x2d, 0xc8, 0xca, 0x07, 0x15, 0xed,
  0x35, 0x25, 0xea, 0x7f, 0xc8, 0x71, 0xcb, 0x2a, 0x47, 0xbe, 0xc2, 0xbc,
  0x42, 0xe5, 0xd1, 0x41, 0x77, 0xe9, 0xff, 0x2a, 0x2e, 0x63, 0x24, 0x56,
  0x2f, 0xd3, 0x48, 0x19, 0x16, 0xe0, 0xf2, 0x03, 0xce, 0x24, 0xdf, 0x0b,
  0xf8, 0xf6, 0x3c, 0xd2, 0x21, 0x0b, 0x17, 0x1d, 0x1b, 0x1f, 0x1a, 0x36,
  0xc0, 0x53, 0xd5, 0xff, 0x30, 0x3e, 0x34, 0xd8, 0x00, 0x00, 0xf3, 0x5b,
  0x00, 0xf9, 0x47, 0xeb, 0xbb, 0xf5, 0xe7, 0xe8, 0x54, 0x2f, 0x10, 0xd3,
  0x16, 0xf8, 0x36, 0x13, 0xae, 0x97, 0xe6, 0x2c, 0xf8, 0xbf, 0x3f, 0x19,
  0xe9, 0x06, 0x26, 0x39, 0xc1, 0xf4, 0xa2, 0xe7, 0xe1, 0xc5, 0xe7, 0xea,
  0xef, 0xf9, 0xd5, 0x03, 0x05, 0x58, 0xca, 0xfa, 0x2a, 0xf4, 0xf6, 0xe5,
  0xd2, 0x36, 0xee, 0xca, 0x5a, 0xd2, 0x1c, 0xad, 0x09, 0x15, 0x45, 0x33,
  0x13, 0xe6, 0x13, 0x14, 0x11, 0x1d, 0x06, 0xfe, 0x09, 0xde, 0x00, 0xe3,
  0x35, 0x2b, 0x48, 0xd1, 0x51, 0x3c, 0x56, 0x4f, 0x1e, 0xeb, 0x4d, 0xef,
  0xf1, 0xde, 0x14, 0xa8, 0xf3, 0xd4, 0x50, 0xa5, 0x5a, 0x22, 0x5a, 0xfe,
  0x3f, 0xb9, 0xbe, 0x0d, 0x06, 0xc0, 0x49, 0xaf, 0xe3, 0xc4, 0x16, 0x40,
  0xc2, 0xc5, 0xd2, 0x2a, 0xeb, 0x05, 0xc1, 0xd4, 0xe2, 0x2e, 0xe5, 0xdf,
  0x1a, 0x3d, 0xb6, 0xe9, 0x29, 0xfe, 0x3b, 0xed, 0xbd, 0xf2, 0xd2, 0xed,
  0x34, 0x24, 0xfd, 0x17, 0xc4, 0xf3, 0xe9, 0x22, 0x01, 0xe9, 0x18, 0x26,
  0xeb, 0x39, 0xc9, 0xe1, 0x17, 0xdb, 0xeb, 0x28, 0x31, 0x0d, 0x32, 0xc3,
  0x1e, 0x3e, 0xe1, 0xe5, 0xe6, 0x03, 0x46, 0xda, 0x05, 0xdb, 0xb6, 0xd9,
  0xd8, 0x24, 0x40, 0xe2, 0x30, 0x19, 0xef, 0x30, 0x0a, 0xc1, 0x40, 0x18,
  0xb9, 0xb7, 0x42, 0xed, 0x05, 0xd7, 0xe2, 0x19, 0xd0, 0xf5, 0xeb, 0x13,
  0xe3, 0xb1, 0xb9, 0x0c, 0xdc, 0xd1, 0x11, 0xbb, 0x0c, 0xd0, 0xba, 0x0b,
  0x25, 0xe5, 0xfc, 0x11, 0xf3, 0x36, 0x3c, 0xd2, 0x4d, 0xd3, 0x23, 0x2a,
  0xd3, 0xfb, 0xdf, 0xf5, 0xc9, 0x24, 0xdd, 0x28, 0x27, 0x21, 0xf6, 0xe4,
  0x2a, 0xf7, 0xc9, 0xde, 0x1a, 0x1d, 0x17, 0xfa, 0x07, 0x45, 0xf4, 0x10,
  0xc9, 0x2b, 0x10, 0x19, 0x81, 0x22, 0x89, 0x34, 0x01, 0x44, 0x10, 0xc9,
  0xfb, 0x53, 0x17, 0x28, 0x1b, 0x1f, 0x19, 0xe4, 0xd2, 0xd0, 0x16, 0xb8,
  0xfb, 0xf2, 0x4c, 0xcc, 0x31, 0xb9, 0x12, 0xfd, 0x00, 0xad, 0xca, 0xf9,
  0xd4, 0xbf, 0x17, 0xea, 0x19, 0xa9, 0xe2, 0x55, 0x1b, 0x30, 0x34, 0x04,
  0xe3, 0x19, 0x41, 0xe1, 0x4d, 0xdc, 0x1d, 0x0b, 0x01, 0x16, 0x17, 0x59,
  0x4b, 0xdf, 0x30, 0x00, 0xd7, 0xf1, 0x1b, 0x1c, 0x20, 0x34, 0x10, 0xe4,
  0x40, 0x2a, 0x21, 0x5f, 0x37, 0xf4, 0xe3, 0x22, 0x52, 0x3c, 0x12, 0xd0,
  0x1f, 0xd5, 0xc6, 0xea, 0xfd, 0xa2, 0x30, 0xfd, 0x21, 0xfd, 0x29, 0x0a,
  0x38, 0xf2, 0xe9, 0xc8, 0x25, 0xbb, 0xdc, 0xc4, 0xe7, 0xba, 0xe0, 0x13,
  0xf5, 0x3c, 0x1e, 0x41, 0x1b, 0x2b, 0x40, 0x08, 0xcf, 0x20, 0x2e, 0xfc,
  0xf6, 0xc6, 0x13, 0x16, 0x3f, 0x01, 0x34, 0xd7, 0x03, 0x30, 0xe9, 0xf4,
  0x24, 0xf2, 0x2b, 0xd7, 0xe7, 0xb9, 0x44, 0x34, 0xf7, 0x08, 0x19, 0xbd,
  0x48, 0xf1, 0xc5, 0x12, 0xff, 0xf5, 0x16, 0xf1, 0xc2, 0xa9, 0xda, 0x09,
  0x1d, 0xdf, 0xec, 0xdb, 0x07, 0x37, 0x11, 0x22, 0xf2, 0xdb, 0xb5, 0x02,
  0xcb, 0xe0, 0xe3, 0xbd, 0x13, 0xfe, 0x16, 0xfa, 0x23, 0xf2, 0x25, 0x02,
  0xf9, 0x2d, 0x00, 0xfb, 0xfb, 0x44, 0x02, 0x21, 0x0d, 0x27, 0x04, 0xee,
  0xe8, 0x3f, 0x4d, 0xd1, 0x22, 0x0f, 0x20, 0xd6, 0xe6, 0x1c, 0xff, 0x3b,
  0xe1, 0xe5, 0xd0, 0x18, 0x10, 0x22, 0xc2, 0x25, 0x01, 0xf2, 0x15, 0x2b,
  0x06, 0x19, 0x0f, 0xc4, 0xc8, 0x04, 0xfb, 0xff, 0xdc, 0x2d, 0x22, 0x10,
  0xc5, 0xec, 0xf5, 0x27, 0xc2, 0x2a, 0xbc, 0xe1, 0x08, 0x48, 0xe3, 0x23,
  0x03, 0x1c, 0x1d, 0x35, 0xc3, 0x0e, 0xf2, 0x50, 0x3c, 0x0e, 0xc7, 0x3e,
  0x1c, 0xe1, 0x2f, 0x2d, 0x11, 0x1d, 0x11, 0x18, 0x22, 0x3f, 0x0e, 0x3d,
  0x39, 0x1c, 0x20, 0x18, 0xfa, 0xbc, 0x2e, 0x06, 0x18, 0x36, 0x2c, 0xfc,
  0x67, 0x0f, 0xe4, 0x33, 0xdc, 0xd7, 0xfa, 0xf0, 0xb8, 0xe6, 0xee, 0xfb,
  0xed, 0x2d, 0xc9, 0xeb, 0xfa, 0x16, 0x00, 0x51, 0xf7, 0x19, 0x1d, 0xb6,
  0xe9, 0x27, 0xcb, 0xf4, 0xfe, 0x13, 0xfa, 0xf2, 0x38, 0x47, 0x17, 0x49,
  0x04, 0x2e, 0x27, 0x23, 0xff, 0xd1, 0x0f, 0x3a, 0xdb, 0xf9, 0x11, 0x0f,
  0x3f, 0x18, 0x38, 0x17, 0x2b, 0x2f, 0x1e, 0x42, 0xe8, 0xd7, 0x1e, 0xe8,
  0x2b, 0x2c, 0xc6, 0x05, 0x07, 0xe0, 0x2b, 0x72, 0x1b, 0xba, 0xd8, 0xff,
  0x01, 0x27, 0x1d, 0x03, 0xff, 0xed, 0x18, 0x3f, 0x18, 0x1b, 0xe2, 0x49,
  0x10, 0xfc, 0x27, 0xc3, 0xe8, 0x21, 0xee, 0x2f, 0xe0, 0x2f, 0xe6, 0x20,
  0xb5, 0x22, 0x26, 0x0a, 0xef, 0x00, 0xd8, 0x0d, 0xf1, 0x0b, 0xe5, 0x3c,
  0x07, 0x2c, 0xfe, 0xc2, 0x17, 0xfb, 0x13, 0x1d, 0x23, 0xf8, 0xe4, 0x17,
  0x34, 0xb8, 0xec, 0x1a, 0x0c, 0xc7, 0xd7, 0xed, 0x2a, 0xe6, 0x3d, 0x2b,
  0x05, 0xe7, 0xf4, 0x42, 0x09, 0xfa, 0xd1, 0xc0, 0xd8, 0x49, 0x27, 0xfc,
  0xc4, 0xfc, 0xae, 0x7f, 0xd5, 0xf4, 0xb5, 0xcc, 0xfc, 0x3d, 0xde, 0x41,
  0xe8, 0x00, 0x2d, 0xe5, 0xf9, 0x70, 0x24, 0x02, 0x1b, 0x27, 0xee, 0xfc,
  0xd1, 0x3d, 0xc0, 0xd6, 0x4d, 0x3f, 0x34, 0x0a, 0xe3, 0xd9, 0xc8, 0x3f,
  0xd1, 0x02, 0xf1, 0x81, 0x22, 0xd8, 0x2b, 0x1a, 0xf3, 0xd7, 0xda, 0xfd,
  0xea, 0x37, 0x3c, 0xfb, 0x04, 0xce, 0x16, 0xf5, 0xd2, 0xf9, 0xda, 0x45,
  0x0a, 0xbb, 0xf1, 0xf5, 0xec, 0xb3, 0x0b, 0xa0, 0x4a, 0xba, 0x28, 0x2f,
  0xc6, 0xe0, 0x10, 0xe7, 0xdb, 0x22, 0xcf, 0x2b, 0x14, 0xbd, 0x23, 0x27,
  0x32, 0xd3, 0x23, 0x38, 0xf1, 0xde, 0x34, 0x12, 0xdc, 0x15, 0xe0, 0x43,
  0xd6, 0xc8, 0x51, 0xf7, 0x0a, 0x89, 0x22, 0xfd, 0x14, 0x2b, 0x0c, 0x4e,
  0x03, 0x00, 0x0d, 0xcf, 0xc5, 0x1e, 0x13, 0xec, 0xfb, 0x05, 0x2b, 0xce,
  0xfb, 0x51, 0xea, 0x12, 0x40, 0x20, 0x18, 0xce, 0x27, 0xea, 0x2f, 0xf9,
  0x13, 0xd4, 0x40, 0x27, 0xd9, 0xfa, 0xfc, 0xd3, 0x23, 0xd3, 0x36, 0x40,
  0x2a, 0x1b, 0x5c, 0x94, 0xc8, 0xa1, 0x23, 0xe9, 0x17, 0xc7, 0x3e, 0x25,
  0xef, 0x39, 0x14, 0x16, 0xc2, 0xf4, 0x05, 0xd4, 0xd6, 0x0f, 0x32, 0xd3,
  0xfb, 0xf2, 0xe3, 0xcc, 0xdd, 0xc7, 0xd8, 0xe8, 0xd7, 0x1e, 0xee, 0x18,
  0xf9, 0xdf, 0xd9, 0x30, 0x10, 0xf9, 0x33, 0x55, 0x19, 0x48, 0xff, 0xe1,
  0x10, 0x18, 0x48, 0xab, 0x40, 0x2a, 0x60, 0xb5, 0x08, 0x2c, 0x33, 0x42,
  0xe4, 0x16, 0xff, 0x30, 0x4c, 0xf0, 0x04, 0x8e, 0xdc, 0xc2, 0x3e, 0x0a,
  0xf3, 0xf0, 0x08, 0xc0, 0x25, 0x01, 0x05, 0x36, 0x24, 0xfe, 0x3e, 0x8b,
  0xdc, 0xe6, 0xd1, 0x40, 0x2b, 0xe2, 0xe5, 0xcc, 0x1e, 0x32, 0xdf, 0x24,
  0xc2, 0xd2, 0xea, 0xb0, 0x0d, 0xf5, 0x2e, 0xc3, 0x32, 0x2e, 0x3b, 0xe6,
  0x17, 0xec, 0xfc, 0xf9, 0x8c, 0xba, 0xe2, 0xda, 0x39, 0xca, 0x2c, 0xdd,
  0x43, 0x49, 0x25, 0xd4, 0xe3, 0xef, 0x38, 0x07, 0x08, 0xf0, 0xe0, 0x22,
  0x25, 0x17, 0x28, 0xa7, 0x2d, 0xc1, 0xe2, 0x09, 0x2f, 0xd8, 0x2b, 0x38,
  0x51, 0xe3, 0x1c, 0xbd, 0xc9, 0xb5, 0x46, 0x19, 0x13, 0x99, 0xc4, 0xe7,
  0x1c, 0x24, 0xd7, 0xd2, 0x26, 0xb3, 0x3e, 0xd7, 0xa5, 0x8b, 0xb3, 0xe4,
  0x0c, 0xe2, 0x10, 0x00, 0x20, 0x48, 0x0c, 0xca, 0xa0, 0x37, 0xe9, 0x0e,
  0xf5, 0x08, 0xe6, 0xb3, 0x46, 0x28, 0xcf, 0xeb, 0xf6, 0x3b, 0x29, 0x34,
  0x35, 0x18, 0xd5, 0xd7, 0x40, 0xcc, 0x18, 0xe3, 0x53, 0x51, 0x2c, 0x20,
  0x6f, 0xdb, 0x1a, 0x46, 0xaa, 0x47, 0xd7, 0x06, 0x2d, 0xf2, 0xe3, 0xc9,
  0x24, 0x17, 0x1f, 0x4b, 0xfc, 0x15, 0x45, 0x26, 0x9d, 0xc5, 0x33, 0x09,
  0xfe, 0x2f, 0x06, 0x04, 0xe3, 0xf1, 0xcf, 0x47, 0xfa, 0xe8, 0xf6, 0x28,
  0x9c, 0x11, 0xad, 0x02, 0x2c, 0xe7, 0xa5, 0x02, 0xb8, 0x14, 0xf5, 0xfb,
  0xa8, 0x50, 0x01, 0xdb, 0xd2, 0x63, 0x27, 0xfa, 0x2e, 0x07, 0xc9, 0xf7,
  0xda, 0x3e, 0xd3, 0xe7, 0xe6, 0x1d, 0x05, 0xfd, 0xc5, 0x24, 0xed, 0x12,
  0x17, 0x23, 0x2a, 0x03, 0x01, 0x2b, 0x09, 0xb8, 0x14, 0xbe, 0xdb, 0xf9,
  0xc7, 0x01, 0x2a, 0xe3, 0x24, 0x32, 0x1c, 0x05, 0xbb, 0xe9, 0x16, 0xd0,
  0xdf, 0x35, 0x08, 0x2a, 0xe5, 0xe2, 0xca, 0x47, 0x2e, 0xfb, 0xbb, 0xc4,
  0x16, 0x10, 0xd9, 0xe7, 0xc6, 0x08, 0xe7, 0x33, 0xad, 0x41, 0x34, 0x24,
  0xfa, 0x3b, 0xca, 0xc8, 0xed, 0x23, 0xf5, 0x13, 0xdf, 0xaf, 0xf6, 0xdf,
  0x23, 0x06, 0xfb, 0xff, 0x02, 0x25, 0xf4, 0x45, 0xba, 0xfd, 0xeb, 0xd8,
  0xce, 0xa8, 0xee, 0xd1, 0x13, 0xbf, 0xdd, 0x1c, 0xf7, 0x45, 0xff, 0x11,
  0xdc, 0x21, 0xd9, 0x05, 0x44, 0x27, 0x1c, 0x22, 0x2a, 0xf5, 0x20, 0xff,
  0xd2, 0xfc, 0xf3, 0xf6, 0x19, 0xfc, 0xe6, 0x13, 0x25, 0x48, 0xe7, 0x1a,
  0x1b, 0x22, 0xe1, 0xee, 0xf0, 0x26, 0x22, 0x3f, 0x0c, 0x26, 0x14, 0x3b,
  0x2a, 0xf6, 0xf1, 0xca, 0x18, 0x26, 0x1a, 0xcd, 0x33, 0xf4, 0xf9, 0x33,
  0xf5, 0xe4, 0xe1, 0xf5, 0x51, 0xd9, 0x16, 0xd1, 0x22, 0xc0, 0xd0, 0x0f,
  0xfd, 0x2e, 0x2e, 0x35, 0xf3, 0x25, 0xf4, 0xd1, 0x01, 0x1c, 0xd7, 0xd9,
  0xc7, 0x28, 0x00, 0x35, 0x27, 0x5f, 0xf4, 0x22, 0x06, 0x1b, 0x3a, 0x15,
  0x28, 0xe1, 0x23, 0xe9, 0xfb, 0xe6, 0x05, 0x20, 0x4d, 0x38, 0x17, 0x15,
  0xe2, 0xd6, 0xd9, 0xf8, 0x34, 0x1a, 0x49, 0x10, 0x00, 0x26, 0x1b, 0x14,
  0x0c, 0xc3, 0x04, 0x3b, 0xfe, 0xe8, 0x17, 0xdb, 0x2a, 0xfe, 0xc8, 0xd3,
  0xcc, 0xe9, 0xf7, 0x34, 0x09, 0x34, 0xf1, 0xd7, 0xe7, 0x34, 0x20, 0xfb,
  0xc1, 0x08, 0xc3, 0xc8, 0x05, 0x1d, 0x07, 0x18, 0xc8, 0x55, 0xf6, 0x37,
  0xe3, 0x14, 0x17, 0x30, 0xea, 0x34, 0x0d, 0x1a, 0x38, 0x58, 0xec, 0x0c,
  0x28, 0x44, 0xda, 0x1e, 0x16, 0x27, 0x10, 0x56, 0x5b, 0x24, 0xe3, 0x13,
  0xa9, 0xe4, 0xfc, 0xd5, 0x2d, 0x04, 0xf2, 0xe6, 0xc2, 0x23, 0x25, 0x12,
  0xe7, 0xfa, 0x4a, 0xe5, 0xb6, 0x1e, 0x04, 0x4d, 0x3d, 0x29, 0x26, 0xd0,
  0x16, 0x59, 0x3f, 0xea, 0xb2, 0xfc, 0xce, 0x30, 0xd9, 0x2d, 0xf6, 0x38,
  0x28, 0x7a, 0xff, 0x39, 0xe7, 0x16, 0x19, 0x36, 0xf4, 0xee, 0x26, 0xd1,
  0xfd, 0x62, 0x4d, 0x1f, 0x2a, 0x4c, 0xdf, 0xf7, 0xc8, 0xe9, 0xce, 0x31,
  0xe7, 0x00, 0x04, 0x29, 0x0a, 0xcf, 0x16, 0x0a, 0x14, 0x44, 0x1f, 0xde,
  0xbd, 0x08, 0x52, 0x20, 0x20, 0x13, 0x04, 0x10, 0xed, 0x04, 0xde, 0xf0,
  0x1e, 0xe3, 0x37, 0x0e, 0x23, 0x21, 0x37, 0x31, 0x42, 0xf6, 0x01, 0xf5,
  0xc1, 0xf4, 0xd6, 0x81, 0x47, 0xf5, 0x42, 0xe7, 0x2c, 0xf8, 0x6a, 0x08,
  0xf6, 0x38, 0x42, 0xe7, 0x37, 0xe5, 0x24, 0x99, 0x0d, 0xb4, 0x01, 0x69,
  0x09, 0xe0, 0x1e, 0xf6, 0x06, 0xd2, 0x35, 0x16, 0x14, 0xf2, 0xfb, 0xc1,
  0xea, 0x02, 0xef, 0x34, 0x0b, 0xae, 0xfe, 0x40, 0xfd, 0x00, 0x13, 0x35,
  0xf4, 0x0f, 0xfc, 0x2f, 0xf2, 0xe2, 0x02, 0x2b, 0xad, 0x61, 0x07, 0x4a,
  0x1a, 0xc7, 0x6f, 0x01, 0xb0, 0xe5, 0x33, 0x74, 0xe0, 0xc8, 0x41, 0xd9,
  0x67, 0x83, 0xd7, 0xb7, 0x9b, 0x09, 0xf5, 0xe3, 0xc6, 0xd9, 0x0f, 0x06,
  0xde, 0x91, 0x3c, 0x36, 0x8a, 0xea, 0x5b, 0xea, 0xc6, 0xd5, 0x96, 0xd9,
  0xcc, 0x71, 0xc7, 0x03, 0x86, 0xad, 0x5a, 0xab, 0xe7, 0xa0, 0xf9, 0xb6,
  0xcf, 0xac, 0x4b, 0x75, 0xfb, 0xff, 0x8f, 0xcf, 0x3f, 0xed, 0xc7, 0x16,
  0x6a, 0xa9, 0xe1, 0xed, 0x2e, 0x4d, 0x6d, 0x6e, 0xd1, 0xc9, 0xa5, 0x3a,
  0xf9, 0xd8, 0xa9, 0x35, 0xe4, 0x09, 0x53, 0xe1, 0x09, 0xe4, 0x12, 0xe6,
  0x26, 0x10, 0x0a, 0x62, 0x06, 0x81, 0x86, 0x2e, 0x9b, 0xa5, 0xfe, 0xe9,
  0xc1, 0x01, 0xa3, 0x2d, 0x48, 0x11, 0x6d, 0xc3, 0xa2, 0x89, 0xa1, 0x57,
  0x92, 0x4d, 0x1d, 0xff, 0xd2, 0x03, 0x9d, 0x12, 0x04, 0x86, 0x50, 0x60,
  0x24, 0xb0, 0x8a, 0x1c, 0xae, 0x56, 0x38, 0x16, 0x18, 0xa7, 0x3e, 0xb7,
  0xf6, 0xbe, 0x30, 0xd2, 0x5e, 0x5a, 0x62, 0xf7, 0x2b, 0x55, 0x3c, 0xef,
  0xc3, 0x5b, 0xa4, 0xbe, 0x38, 0x44, 0x3e, 0x5c, 0x05, 0x23, 0x90, 0xef,
  0x91, 0x9f, 0xbc, 0xeb, 0xe4, 0x18, 0xb6, 0x65, 0x21, 0x17, 0x2c, 0x4f,
  0xa1, 0xaa, 0x4c, 0x1a, 0xad, 0xca, 0x10, 0xe6, 0xb8, 0x90, 0x18, 0xad,
  0x6d, 0x62, 0x67, 0x6b, 0xb4, 0x91, 0xcd, 0xae, 0x9f, 0xdc, 0xab, 0xdb,
  0x6b, 0x99, 0xba, 0xcf, 0xe1, 0x12, 0x4d, 0xb4, 0x28, 0x3c, 0x25, 0x10,
  0x16, 0x5c, 0x98, 0x96, 0xce, 0xc1, 0xd6, 0x91, 0x45, 0x93, 0x08, 0x95,
  0x97, 0x52, 0xf7, 0xf7, 0x23, 0x87, 0x1c, 0x67, 0x84, 0xba, 0x23, 0x6c,
  0xa9, 0x5a, 0x58, 0xbd, 0xc4, 0xf5, 0x67, 0x1e, 0xf3, 0xfc, 0xee, 0x86,
  0xaf, 0x5e, 0x12, 0xd9, 0xf6, 0x65, 0x63, 0xc0, 0xec, 0xf9, 0x66, 0x71,
  0xff, 0xd5, 0x3c, 0x4d, 0xa8, 0x6d, 0xe9, 0x20, 0xba, 0x36, 0xc5, 0x6d,
  0x57, 0x45, 0x43, 0x9e, 0x13, 0x9f, 0xd6, 0x54, 0xe2, 0x32, 0x5d, 0x37,
  0xaf, 0x48, 0xf2, 0x98, 0x64, 0x36, 0x27, 0x30, 0x3c, 0x8d, 0x09, 0xb0,
  0x06, 0x2e, 0xbc, 0xeb, 0x50, 0xda, 0x9c, 0xa1, 0x90, 0x73, 0xc1, 0xa0,
  0xea, 0x9b, 0x5b, 0xbc, 0xa5, 0xfe, 0x92, 0x0a, 0xe1, 0x2f, 0x64, 0xdf,
  0x2d, 0xf0, 0xce, 0xd7, 0xd1, 0xba, 0xf1, 0xa2, 0xb8, 0xe2, 0xef, 0xfe,
  0x2d, 0x5c, 0x52, 0xd8, 0x38, 0x2a, 0x99, 0xbd, 0x32, 0x81, 0x4e, 0xba,
  0x2d, 0xb7, 0x09, 0xf5, 0xd7, 0x87, 0x5e, 0xce, 0xb8, 0xe1, 0x3d, 0xc1,
  0xc2, 0x25, 0xad, 0xb9, 0x00, 0x4d, 0x49, 0x48, 0x31, 0xb0, 0x92, 0x04,
  0xa9, 0x22, 0x48, 0xf8, 0x1d, 0x44, 0xf1, 0xa2, 0xdd, 0x41, 0x75, 0x13,
  0x26, 0x12, 0x0a, 0x56, 0x3f, 0xf6, 0x09, 0x8d, 0x2c, 0x5c, 0xf8, 0x67,
  0xa1, 0x63, 0xca, 0xab, 0x8f, 0xf5, 0xbd, 0x3a, 0x27, 0xfe, 0xa7, 0xba,
  0x84, 0x9b, 0xb0, 0xd7, 0x48, 0x86, 0xf0, 0xf3, 0x1b, 0x85, 0xc9, 0xc4,
  0xbb, 0x9d, 0xdc, 0xb6, 0x1e, 0x23, 0xaa, 0xf7, 0xdc, 0xa2, 0x89, 0xfa,
  0x17, 0xa2, 0xc4, 0xd7, 0xb9, 0xdd, 0x59, 0x6d, 0x95, 0xa0, 0x2a, 0x9b,
  0x89, 0x26, 0xd8, 0x63, 0x78, 0xc6, 0x03, 0x31, 0xcd, 0x8d, 0xdf, 0x6e,
  0x46, 0x25, 0x20, 0x52, 0xf3, 0xc0, 0xeb, 0x4d, 0xd8, 0xba, 0x33, 0x89,
  0xe2, 0xc4, 0x81, 0xd6, 0x95, 0x95, 0xce, 0xf4, 0x83, 0xca, 0x75, 0x9f,
  0xb8, 0x28, 0x19, 0x0d, 0x46, 0xf5, 0x4f, 0xe8, 0x62, 0x98, 0xdd, 0xc7,
  0x3c, 0x09, 0x56, 0x9f, 0x12, 0xca, 0xe7, 0xeb, 0x4f, 0x1d, 0x63, 0x4e,
  0xeb, 0xe1, 0x9d, 0xe3, 0xc6, 0x4c, 0x5d, 0x58, 0xce, 0x6d, 0x62, 0x1e,
  0x48, 0xf0, 0x27, 0xba, 0x1f, 0xeb, 0x71, 0x6a, 0xe1, 0x5a, 0x53, 0xb1,
  0x8d, 0x6b, 0xca, 0xb7, 0x1b, 0x46, 0x67, 0xa4, 0x5c, 0xad, 0x22, 0xce,
  0xeb, 0x64, 0x29, 0x56, 0x10, 0xc2, 0xce, 0x49, 0xce, 0x4e, 0xef, 0x9c,
  0x1a, 0xf6, 0x8c, 0x56, 0x25, 0x3a, 0x99, 0x93, 0x01, 0xe9, 0xd2, 0x6c,
  0xa8, 0x58, 0x96, 0xdf, 0x4d, 0x36, 0x20, 0xe2, 0x25, 0x18, 0x9f, 0x6e,
  0xd7, 0x3c, 0x53, 0xef, 0x4b, 0xc2, 0xfa, 0x56, 0xbe, 0x90, 0x8c, 0x94,
  0x14, 0x2c, 0x2c, 0x67, 0x4c, 0x39, 0xb5, 0x64, 0x19, 0x8a, 0x34, 0x79,
  0x0e, 0xe4, 0xaf, 0xb1, 0xef, 0xdb, 0x29, 0xd3, 0xab, 0x74, 0xa6, 0x03,
  0x0f, 0xaa, 0x37, 0x01, 0x96, 0xe2, 0x04, 0xe6, 0x72, 0x2c, 0xd0, 0xf2,
  0x91, 0x76, 0xa5, 0xa9, 0x3e, 0x87, 0x66, 0xae, 0x6e, 0xa0, 0xa2, 0x5d,
  0x4f, 0xa3, 0x06, 0x21, 0xe8, 0x0b, 0x2e, 0x74, 0x3d, 0x46, 0x89, 0xf0,
  0x51, 0x88, 0x3f, 0x9b, 0x0d, 0xe8, 0xec, 0xf7, 0x42, 0x98, 0xa8, 0xa9,
  0x65, 0x96, 0xdb, 0xdf, 0x24, 0x8d, 0xff, 0xd2, 0x5e, 0x0a, 0xde, 0x04,
  0x18, 0x6d, 0x5c, 0x47, 0xbe, 0x0d, 0x52, 0x54, 0x66, 0xf2, 0xf2, 0x82,
  0xbb, 0xed, 0x61, 0x16, 0xe5, 0xa0, 0x0a, 0x61, 0x61, 0x59, 0xca, 0x52,
  0x3f, 0xa6, 0x68, 0x94, 0xff, 0x45, 0xe3, 0xa1, 0xd8, 0xe0, 0xfb, 0x70,
  0x90, 0xa8, 0xfe, 0xe2, 0x50, 0x27, 0x02, 0x0e, 0xf5, 0x96, 0x03, 0x37,
  0x42, 0x98, 0xd6, 0x61, 0x17, 0xa5, 0x31, 0xf1, 0x1b, 0xba, 0xa4, 0x39,
  0x82, 0xb9, 0xa7, 0xb7, 0x40, 0x8a, 0x01, 0xd3, 0xcd, 0xd5, 0x3e, 0x50,
  0x62, 0xaa, 0x9b, 0x84, 0x27, 0xa2, 0xaf, 0x1a, 0x49, 0x5d, 0xa7, 0x92,
  0x0d, 0x4c, 0xd5, 0x07, 0xe3, 0xd0, 0xef, 0x16, 0x53, 0xc7, 0x98, 0x68,
  0xe4, 0xb9, 0x96, 0xb2, 0xdc, 0x61, 0x1c, 0x6a, 0xdd, 0xa3, 0x33, 0x90,
  0x44, 0xde, 0x13, 0xdd, 0xe5, 0xe3, 0x9d, 0xe1, 0xbd, 0x90, 0xee, 0x05,
  0xde, 0x11, 0x45, 0x8e, 0x24, 0x27, 0xb1, 0x46, 0x4a, 0xf9, 0x55, 0x48,
  0xef, 0x49, 0xe9, 0x07, 0x2b, 0xcd, 0x15, 0xe9, 0xd5, 0xd7, 0xef, 0x74,
  0xfe, 0xb7, 0x83, 0x02, 0x2f, 0xde, 0x95, 0x5b, 0xd5, 0x2f, 0xf8, 0x94,
  0xe1, 0x81, 0xf5, 0x85, 0x59, 0x4d, 0xe5, 0x6e, 0x5d, 0x37, 0xad, 0x4d,
  0x96, 0x40, 0x0e, 0xbc, 0xa5, 0xac, 0xce, 0x03, 0x25, 0x38, 0x11, 0xfa,
  0x4e, 0x53, 0x2b, 0xb9, 0x3b, 0xf2, 0x0f, 0xe1, 0xec, 0x76, 0x74, 0xd8,
  0xa1, 0xcb, 0x61, 0xc5, 0x53, 0x15, 0x31, 0xa6, 0x58, 0x86, 0xf5, 0xa2,
  0xf1, 0xd2, 0x43, 0xd0, 0x6b, 0x1e, 0x36, 0x66, 0x52, 0xd8, 0x01, 0x59,
  0x77, 0xd0, 0xcc, 0x09, 0xae, 0xc4, 0x75, 0x0a, 0x51, 0xf5, 0x81, 0x01,
  0x8e, 0xa6, 0xaf, 0x07, 0x9c, 0xa3, 0xa5, 0xb6, 0xd2, 0xb4, 0xd0, 0xae,
  0xc2, 0x22, 0x93, 0x34, 0xce, 0x82, 0x6b, 0x0f, 0x40, 0x81, 0x73, 0x4f,
  0x6e, 0xa1, 0xf3, 0xe8, 0x88, 0xb4, 0x5e, 0xad, 0x8a, 0x83, 0xa3, 0xde,
  0x60, 0xa8, 0x12, 0xa9, 0xdb, 0x48, 0x91, 0x9d, 0x72, 0x83, 0x2c, 0x9e,
  0xda, 0xf2, 0xec, 0x61, 0xd5, 0x69, 0xe7, 0x94, 0x77, 0x90, 0xaf, 0xa5,
  0xdc, 0x4b, 0x39, 0xf4, 0x3f, 0x71, 0x5a, 0x89, 0xc9, 0x68, 0xd9, 0x0f,
  0x41, 0xf0, 0x3d, 0xe3, 0xa7, 0xea, 0x57, 0x38, 0xd0, 0xc3, 0xbe, 0x9f,
  0x7b, 0x5d, 0x3b, 0xc9, 0xce, 0x22, 0x7c, 0x39, 0xd9, 0x52, 0x8d, 0x2c,
  0x37, 0x58, 0x83, 0x7e, 0xb7, 0xa7, 0xcf, 0x42, 0x79, 0xcc, 0x5e, 0x7b,
  0xb8, 0x22, 0x38, 0x73, 0x8e, 0x53, 0x65, 0x16, 0x5a, 0xa1, 0xfb, 0x1d,
  0x6d, 0xc2, 0x1e, 0xfe, 0x93, 0xb5, 0x75, 0x39, 0x41, 0x45, 0x2e, 0x77,
  0x46, 0x04, 0xb8, 0xa7, 0xbe, 0x5a, 0xd0, 0xc5, 0x6b, 0xf7, 0x30, 0x33,
  0x07, 0x0a, 0xf9, 0xc1, 0x60, 0x41, 0xef, 0x0d, 0x6e, 0xfd, 0x44, 0xda,
  0x79, 0xd3, 0x24, 0x3a, 0x68, 0x30, 0x55, 0x7c, 0xd0, 0x5a, 0x0f, 0x07,
  0xd4, 0x3f, 0x85, 0xc6, 0x46, 0xda, 0x44, 0x8b, 0xc1, 0x3e, 0xcf, 0xfb,
  0x33, 0xa4, 0x5f, 0x99, 0x71, 0x73, 0xd1, 0x0c, 0x9f, 0xd1, 0xf3, 0x9c,
  0xe7, 0x9d, 0xab, 0x76, 0xb4, 0x6d, 0xb2, 0x78, 0xe8, 0x6c, 0xb8, 0x92,
  0x83, 0x60, 0x4d, 0xcf, 0xad, 0xff, 0xc5, 0x6c, 0x86, 0xaf, 0x02, 0x6c,
  0xa7, 0xf7, 0xef, 0x21, 0x3a, 0x55, 0xe0, 0x19, 0xa4, 0x48, 0xfe, 0x6a,
  0x4b, 0x0a, 0x04, 0xc9, 0x33, 0x00, 0x89, 0xe3, 0x28, 0xed, 0x3d, 0xab,
  0xc6, 0x96, 0x78, 0x8b, 0x04, 0x5c, 0xd4, 0xc6, 0xc5, 0x87, 0x0b, 0xbd,
  0x8b, 0xd3, 0x12, 0xee, 0xac, 0x5f, 0xb3, 0xab, 0xbc, 0xd1, 0x51, 0x37,
  0xa6, 0xe3, 0xba, 0xad, 0xa0, 0xdf, 0x0a, 0x8b, 0xb8, 0x54, 0xf6, 0x12,
  0xc3, 0x97, 0xf4, 0x92, 0xb5, 0x5b, 0x95, 0xb1, 0x94, 0x6a, 0x54, 0x55,
  0xa4, 0x5c, 0xb8, 0xd2, 0xae, 0x4b, 0x21, 0x8b, 0xd6, 0xe5, 0xe2, 0xc8,
  0xa5, 0x06, 0x3d, 0x81, 0x01, 0xd5, 0x88, 0x91, 0xe8, 0xe9, 0xf5, 0x27,
  0x06, 0x40, 0x0c, 0x23, 0xc6, 0x21, 0x04, 0xe4, 0xf6, 0x04, 0xc5, 0x93,
  0x23, 0x13, 0x28, 0x35, 0x0e, 0x3a, 0x35, 0xff, 0x15, 0x01, 0xeb, 0xe1,
  0x0c, 0x2d, 0x35, 0x32, 0x00, 0xfa, 0x04, 0x3c, 0x26, 0x0b, 0xd1, 0xee,
  0x10, 0x25, 0xba, 0xaa, 0x06, 0xe5, 0xea, 0xe6, 0x14, 0x49, 0x24, 0xfb,
  0x46, 0x25, 0xdc, 0xd9, 0xc4, 0x21, 0x04, 0xc7, 0x24, 0x8e, 0x39, 0xf9,
  0x0e, 0x1b, 0xf8, 0x13, 0xfc, 0x07, 0x1a, 0x29, 0x3a, 0xcb, 0x44, 0x90,
  0x16, 0xa5, 0x56, 0x09, 0xed, 0xf7, 0xfd, 0xc9, 0xfd, 0x0b, 0x1a, 0x33,
  0xad, 0x19, 0x08, 0xd8, 0xc4, 0x13, 0x1e, 0xd3, 0x3e, 0xdf, 0xf0, 0xf7,
  0x0a, 0xf2, 0x02, 0xd8, 0xe3, 0xfc, 0x17, 0x30, 0xeb, 0x2c, 0x25, 0x01,
  0x0b, 0x14, 0x06, 0x19, 0x24, 0xe4, 0x2e, 0x25, 0xd7, 0x24, 0xda, 0xcf,
  0x13, 0xee, 0x25, 0xd7, 0xd1, 0xe0, 0xe1, 0x2a, 0xc3, 0x3a, 0x1e, 0x15,
  0xf6, 0xf4, 0x09, 0x04, 0xe8, 0xf0, 0x3b, 0xee, 0x13, 0xe6, 0x2d, 0xe4,
  0x0a, 0x0b, 0x02, 0x27, 0x59, 0xd3, 0x07, 0xdf, 0xe9, 0xaa, 0x3b, 0x02,
  0x0f, 0x2c, 0xcb, 0x19, 0x1d, 0xff, 0x0c, 0x24, 0xc4, 0xdd, 0xc9, 0x07,
  0xd9, 0x2b, 0xc6, 0xd8, 0xca, 0x10, 0x34, 0x08, 0xe5, 0x06, 0x3c, 0xf3,
  0xe2, 0xec, 0xb6, 0xfa, 0xe9, 0x07, 0x1e, 0xe2, 0xef, 0xdf, 0x4c, 0x24,
  0x05, 0x00, 0x25, 0x02, 0x3b, 0x12, 0x32, 0xc7, 0x38, 0xcd, 0x0c, 0x4a,
  0xfe, 0x16, 0xff, 0xe7, 0x0a, 0xfd, 0xfe, 0xf9, 0x1e, 0x0d, 0x06, 0x09,
  0xdc, 0x31, 0x2c, 0xdb, 0x2f, 0xb7, 0x04, 0x0a, 0x36, 0xc8, 0xd6, 0x06,
  0x13, 0xfd, 0xe3, 0xc6, 0xcb, 0xc8, 0x30, 0x02, 0x1d, 0x1f, 0xc5, 0xfc,
  0xfe, 0x18, 0xff, 0xf0, 0x99, 0x11, 0xd6, 0x39, 0xc1, 0x3e, 0x12, 0xd3,
  0xc0, 0xf4, 0x09, 0x0d, 0xff, 0x20, 0x06, 0xce, 0x0f, 0x1a, 0x24, 0xf2,
  0x1c, 0x02, 0xf8, 0x13, 0x2f, 0x10, 0x15, 0x0c, 0x04, 0xf4, 0x12, 0x2f,
  0xfb, 0xd6, 0x22, 0xb7, 0xdb, 0xdc, 0x09, 0x36, 0x07, 0x1d, 0xda, 0x13,
  0x2f, 0x26, 0x15, 0xd6, 0xd3, 0x12, 0xbf, 0xd8, 0xe0, 0xcc, 0x14, 0xc0,
  0x10, 0xf5, 0xd8, 0x2b, 0xfc, 0xbd, 0x1e, 0xe4, 0xa4, 0xf2, 0x31, 0x10,
  0xef, 0x81, 0xe7, 0xd3, 0xc2, 0xfd, 0xba, 0xc5, 0xe9, 0x3b, 0xfe, 0x25,
  0x8b, 0x04, 0xbe, 0xe1, 0xea, 0x49, 0xc4, 0xe1, 0x10, 0x0b, 0x0f, 0xed,
  0x1f, 0xca, 0x2e, 0xd4, 0x03, 0xd8, 0x56, 0xef, 0xf9, 0x12, 0xe9, 0x65,
  0xc2, 0xe8, 0xdc, 0xd5, 0x2b, 0x06, 0xb2, 0xfb, 0xd6, 0x03, 0xfe, 0x34,
  0x0b, 0xf8, 0xf3, 0xfc, 0xf7, 0x38, 0x0f, 0xd1, 0xd9, 0x74, 0x34, 0xed,
  0xa6, 0x59, 0xbf, 0x36, 0xec, 0x59, 0x03, 0xab, 0x07, 0x58, 0xfe, 0xfb,
  0x08, 0xd8, 0x38, 0xea, 0xe3, 0xf0, 0x3f, 0xd5, 0x3f, 0x91, 0x47, 0x3d,
  0x23, 0xe5, 0xc8, 0xe5, 0x8d, 0xa4, 0x73, 0x2c, 0xb4, 0x0d, 0x0d, 0xd6,
  0xc6, 0x4b, 0x24, 0x07, 0x99, 0xde, 0x0b, 0x81, 0xd4, 0x02, 0x33, 0x19,
  0xa3, 0x5c, 0xdb, 0x95, 0x1c, 0xa8, 0xd1, 0x03, 0x4f, 0xd3, 0x43, 0xd0,
  0x88, 0xcf, 0x44, 0xa8, 0x8e, 0x16, 0xd0, 0x09, 0xc1, 0x43, 0xe3, 0x57,
  0x9d, 0xb6, 0x44, 0x1b, 0x51, 0x66, 0x92, 0x19, 0x9c, 0x25, 0x53, 0x0e,
  0x3d, 0x58, 0x1c, 0x53, 0x5a, 0xdd, 0x44, 0xb4, 0x65, 0xbe, 0x72, 0xbd,
  0x5f, 0xd5, 0x5d, 0x3c, 0x27, 0xc8, 0x28, 0x46, 0x89, 0xa7, 0x21, 0xbd,
  0xab, 0x3f, 0x3f, 0x13, 0x01, 0x42, 0x8e, 0xea, 0x86, 0x20, 0xf2, 0xda,
  0x5b, 0xae, 0xa2, 0x8a, 0xbe, 0xb8, 0x8b, 0x4d, 0x9f, 0xa7, 0x9e, 0xd3,
  0xb6, 0xb5, 0x61, 0x2c, 0xe7, 0x8b, 0xb9, 0x33, 0xc4, 0xc3, 0xc8, 0xeb,
  0x5c, 0x8f, 0x0b, 0xa2, 0x10, 0x15, 0xe4, 0x1f, 0xb5, 0xe7, 0x33, 0x06,
  0x18, 0xe4, 0x98, 0xdd, 0x2f, 0x37, 0x61, 0xd9, 0xe8, 0x72, 0xfa, 0x94,
  0x20, 0xf5, 0x18, 0xff, 0xe8, 0x51, 0xaa, 0x68, 0x1a, 0xb7, 0xac, 0x68,
  0x17, 0xdd, 0x49, 0xee, 0x62, 0x9a, 0xe3, 0x1a, 0xe6, 0x32, 0x2a, 0xd5,
  0x40, 0x15, 0x32, 0xe8, 0x47, 0xcf, 0xeb, 0x4f, 0x5d, 0x0e, 0xfe, 0x98,
  0x4d, 0x3d, 0xd4, 0xe1, 0x97, 0x09, 0xf4, 0x0b, 0xd2, 0x33, 0x2e, 0x01,
  0xfc, 0xc6, 0x07, 0xc3, 0x29, 0x10, 0xaf, 0x1e, 0xa7, 0x31, 0x26, 0x70,
  0x3f, 0xce, 0x4d, 0xd3, 0x04, 0x63, 0xe2, 0x34, 0xb1, 0x55, 0x98, 0xb3,
  0x2d, 0x0f, 0x6c, 0xee, 0x12, 0x31, 0xba, 0x01, 0x2e, 0x1e, 0x49, 0x95,
  0x3a, 0x11, 0x16, 0xbe, 0xd5, 0x6c, 0x38, 0x62, 0xde, 0xc8, 0x21, 0x9f,
  0xdb, 0x3e, 0xd0, 0x1f, 0xd9, 0x28, 0x5c, 0xc6, 0x8d, 0x9b, 0xd3, 0x04,
  0x93, 0x47, 0x1b, 0x98, 0x94, 0xc2, 0x3c, 0x97, 0x1c, 0x18, 0x21, 0x92,
  0xb3, 0xde, 0x05, 0x34, 0xef, 0xba, 0x9a, 0x97, 0x9a, 0x84, 0x44, 0xab,
  0x3d, 0xa3, 0x1b, 0xcb, 0x60, 0xb8, 0x55, 0x47, 0xcf, 0x44, 0xcc, 0x95,
  0xfc, 0xad, 0x3c, 0x19, 0xd0, 0x3a, 0x07, 0xd2, 0xc4, 0xed, 0x3a, 0x40,
  0xdc, 0x0c, 0x1c, 0x5d, 0x0e, 0x15, 0xb8, 0x1e, 0xe7, 0xda, 0x92, 0x93,
  0x36, 0x39, 0x75, 0xd8, 0xc7, 0xe0, 0x0f, 0x4f, 0xc6, 0xa7, 0xbf, 0xc5,
  0x9e, 0xb4, 0x2d, 0x57, 0xa9, 0xfd, 0x5f, 0x5a, 0xd2, 0xf3, 0xf3, 0xed,
  0xc4, 0xc3, 0x33, 0x9e, 0xff, 0x85, 0xd8, 0xbb, 0xce, 0x0d, 0xca, 0x18,
  0x35, 0x60, 0xdc, 0xe8, 0x61, 0xfb, 0xf9, 0x1d, 0xae, 0xa5, 0x63, 0xd9,
  0x4a, 0x13, 0xd7, 0x8f, 0x88, 0xc3, 0x5f, 0xc6, 0xae, 0x90, 0x9b, 0x38,
  0xc5, 0x63, 0xa2, 0xfb, 0x25, 0x20, 0xac, 0x90, 0x3b, 0x4d, 0x4e, 0x98,
  0x0a, 0xfa, 0xad, 0x89, 0x28, 0x5a, 0xae, 0xff, 0xc0, 0x96, 0x32, 0x9d,
  0x6a, 0xe8, 0x0a, 0x91, 0x3d, 0xb0, 0x40, 0x0f, 0x48, 0xaf, 0xd8, 0x9a,
  0x2a, 0x04, 0x3f, 0xf1, 0xb7, 0x4a, 0x07, 0x42, 0x22, 0x40, 0x09, 0xd4,
  0xb2, 0x07, 0x51, 0x19, 0xc3, 0x31, 0xf7, 0x9f, 0x22, 0x82, 0xc4, 0x18,
  0xf4, 0x85, 0x93, 0xe7, 0xc4, 0x06, 0x9f, 0xc1, 0xf2, 0x08, 0xf8, 0x6b,
  0x59, 0xc5, 0xb7, 0xf5, 0x40, 0x42, 0x64, 0x5e, 0x3a, 0x67, 0xab, 0x04,
  0x30, 0xa0, 0xbd, 0x62, 0x6b, 0x3f, 0x22, 0xfb, 0x6d, 0x64, 0xcb, 0x6e,
  0xe1, 0x40, 0xb7, 0x3d, 0x8c, 0x69, 0x3e, 0x0f, 0x9d, 0x1c, 0xbf, 0xa2,
  0xfb, 0x84, 0xd5, 0x03, 0xf5, 0x9a, 0xfd, 0xa8, 0x20, 0x24, 0x67, 0xff,
  0x19, 0xb2, 0x5a, 0xf9, 0xec, 0x1c, 0xf8, 0xae, 0x56, 0xcf, 0xe2, 0x90,
  0xb6, 0x5f, 0xf0, 0x3f, 0x13, 0x28, 0x32, 0x69, 0xeb, 0x1e, 0xc0, 0x5a,
  0x0f, 0x5b, 0x2c, 0xd1, 0xe3, 0x44, 0x4e, 0x68, 0x66, 0xa3, 0x2a, 0x9e,
  0xd5, 0x17, 0x25, 0x4f, 0xef, 0x1f, 0x0e, 0x17, 0xc3, 0x2f, 0xfd, 0xef,
  0x3f, 0x9c, 0x91, 0xd8, 0x57, 0xf2, 0xd0, 0x1b, 0x87, 0x26, 0x5c, 0x35,
  0xaf, 0x0f, 0x3f, 0x12, 0x37, 0xdf, 0xc7, 0x84, 0x10, 0x33, 0xc0, 0xdc,
  0x14, 0x3d, 0x24, 0xfe, 0x89, 0xc9, 0x96, 0xa0, 0x49, 0x1f, 0x1d, 0x8f,
  0xa1, 0x42, 0xc5, 0x39, 0x82, 0x9d, 0x9e, 0x30, 0x31, 0x9a, 0x27, 0x1a,
  0x2e, 0x24, 0xc9, 0x38, 0xa4, 0x94, 0x87, 0x40, 0x61, 0x97, 0x0a, 0x01,
  0x61, 0xe5, 0xa3, 0x4b, 0xce, 0x42, 0x4d, 0xfb, 0x95, 0x56, 0x49, 0x73,
  0x17, 0xb5, 0x4b, 0x9f, 0x5f, 0xf1, 0xcd, 0x17, 0xa1, 0xf4, 0x4d, 0xf1,
  0xb6, 0xc8, 0x99, 0xdc, 0x91, 0x11, 0xdf, 0x4e, 0x1d, 0xda, 0x33, 0x43,
  0x34, 0xe6, 0xc5, 0x5a, 0xda, 0xda, 0xb4, 0xa9, 0x40, 0x21, 0xa3, 0xd1,
  0xef, 0x22, 0x39, 0x3a, 0x62, 0xb7, 0x34, 0x94, 0x01, 0x12, 0x9f, 0xd4,
  0x1c, 0xa6, 0x42, 0xda, 0xeb, 0xe5, 0x6f, 0xa0, 0x28, 0x4a, 0x8b, 0xa6,
  0xc9, 0x51, 0xfa, 0xc9, 0x5a, 0x60, 0xe4, 0x29, 0x46, 0x4e, 0xc4, 0x17,
  0xd4, 0xa6, 0xe7, 0xef, 0x81, 0xf4, 0x1a, 0x51, 0xde, 0xe1, 0x09, 0x98,
  0x94, 0x37, 0x69, 0x85, 0x35, 0x51, 0x8b, 0x9b, 0xb1, 0xdf, 0x26, 0x08,
  0x95, 0xd1, 0x12, 0xdd, 0xba, 0xa4, 0xec, 0x11, 0x22, 0x59, 0x18, 0xf0,
  0xfd, 0x62, 0xa9, 0x35, 0x1f, 0x29, 0x3c, 0xef, 0xd8, 0xa1, 0xdd, 0x51,
  0x5c, 0xf3, 0xb1, 0x9c, 0x75, 0xf7, 0x97, 0x19, 0xfc, 0x39, 0xbf, 0x50,
  0x07, 0xc4, 0xc9, 0x35, 0x18, 0x36, 0x50, 0x4c, 0xdf, 0x95, 0xb3, 0xb6,
  0xed, 0xbe, 0x46, 0xe9, 0x6d, 0x3a, 0x5f, 0xbb, 0x42, 0x02, 0xf8, 0xe5,
  0x9c, 0x0a, 0xac, 0x90, 0xf5, 0x78, 0x8a, 0xf3, 0x94, 0xa3, 0xf6, 0x9e,
  0x91, 0xff, 0xbc, 0xcd, 0x44, 0x59, 0xc1, 0x9d, 0x14, 0xfb, 0x69, 0xdb,
  0xfa, 0xac, 0x8f, 0x35, 0x42, 0xde, 0x08, 0xbe, 0x0d, 0x0b, 0x1d, 0x4a,
  0x19, 0x4c, 0x44, 0x1e, 0x35, 0x35, 0xd5, 0xe5, 0x30, 0x1e, 0x2d, 0x39,
  0x7f, 0xf3, 0x4b, 0x3a, 0x3b, 0x31, 0x17, 0x23, 0x26, 0x0b, 0x1f, 0xaf,
  0xe5, 0xe1, 0x21, 0x06, 0x16, 0x05, 0x2a, 0xf4, 0x4b, 0x0e, 0xed, 0xf7,
  0xf4, 0xbc, 0xac, 0x92, 0xf0, 0x91, 0x2c, 0x04, 0x07, 0xff, 0x10, 0xfc,
  0x18, 0x14, 0xec, 0xd8, 0x02, 0xe7, 0x1a, 0xcd, 0x52, 0xae, 0x23, 0x1d,
  0x54, 0x08, 0x33, 0x20, 0x59, 0x50, 0x14, 0x15, 0x70, 0x08, 0x10, 0xa9,
  0x06, 0xe2, 0x2e, 0x05, 0x14, 0xd9, 0xfe, 0xd8, 0xfd, 0x02, 0x38, 0xdd,
  0x75, 0xe5, 0x23, 0xcf, 0x1c, 0xd2, 0x23, 0x54, 0x52, 0xda, 0x1a, 0x07,
  0x25, 0xfd, 0xc3, 0x1a, 0x6e, 0xb3, 0xd1, 0x27, 0xde, 0xc5, 0xf9, 0xd5,
  0xdb, 0x52, 0x11, 0x34, 0x1d, 0x04, 0x2a, 0xe7, 0xf0, 0x12, 0x02, 0x3f,
  0x07, 0x34, 0x2f, 0xea, 0x1e, 0x38, 0x3e, 0x0a, 0x34, 0xe3, 0x1b, 0xec,
  0xf4, 0x09, 0x59, 0xf5, 0x3c, 0xd5, 0x2c, 0x2b, 0x43, 0x0b, 0xf9, 0x3c,
  0x18, 0x22, 0xea, 0xce, 0x42, 0xed, 0x2c, 0xf1, 0x08, 0xe0, 0x06, 0xf5,
  0x0b, 0xe4, 0xd1, 0xc4, 0xec, 0xdc, 0xe9, 0x35, 0x22, 0xde, 0x2f, 0x0f,
  0xc4, 0xd9, 0xd4, 0x37, 0x0f, 0x1e, 0xb9, 0xe7, 0xfe, 0x3d, 0xd2, 0x0b,
  0x06, 0x06, 0xfb, 0x47, 0xd8, 0x51, 0xcb, 0xc8, 0xc9, 0x2e, 0x29, 0x07,
  0xd3, 0x01, 0x47, 0xef, 0xe3, 0x1f, 0xf7, 0xf3, 0x3f, 0x27, 0xfb, 0xf3,
  0xf1, 0x10, 0x4c, 0x0e, 0xe4, 0xec, 0x18, 0x30, 0x12, 0x15, 0x1d, 0x09,
  0xec, 0x09, 0x2e, 0x35, 0x13, 0xe8, 0x09, 0xea, 0x38, 0xea, 0xdf, 0x0e,
  0x21, 0xe7, 0x08, 0xd3, 0xdf, 0x34, 0xe1, 0xf0, 0xf4, 0xf4, 0xdd, 0xd1,
  0xe9, 0xc1, 0xc2, 0xe1, 0x16, 0xc8, 0x31, 0x29, 0xc0, 0x14, 0xf1, 0x47,
  0xc6, 0xec, 0xd0, 0xd2, 0x08, 0x12, 0xd4, 0x13, 0x20, 0x40, 0xbb, 0x49,
  0xe8, 0x48, 0xbf, 0xda, 0x24, 0x01, 0xf0, 0x05, 0x17, 0x38, 0x39, 0x00,
  0x4d, 0xf4, 0xfe, 0x13, 0x42, 0x35, 0x20, 0xe6, 0x16, 0x03, 0x46, 0xc5,
  0x21, 0xe7, 0xfa, 0x2d, 0x21, 0xb8, 0x59, 0xc5, 0xf5, 0xf6, 0xf7, 0x09,
  0xe4, 0xcc, 0x08, 0x05, 0x14, 0xf1, 0xc5, 0xe1, 0x3c, 0x0e, 0xf0, 0x32,
  0x01, 0x2c, 0x03, 0x04, 0xff, 0x07, 0x0e, 0x1a, 0x2b, 0xe8, 0xda, 0xf5,
  0x3e, 0x24, 0x6d, 0x46, 0x0f, 0x0b, 0xda, 0x7b, 0xd0, 0xea, 0xb7, 0xf8,
  0xd3, 0x1d, 0xe1, 0xf0, 0xdd, 0x48, 0xe0, 0x3c, 0xde, 0x39, 0xca, 0xde,
  0xc5, 0x59, 0x18, 0x2a, 0xd4, 0xf8, 0x09, 0xd7, 0x06, 0x0b, 0x42, 0x20,
  0x00, 0x6c, 0xf5, 0x36, 0x11, 0xce, 0x36, 0x15, 0x1b, 0xb7, 0x16, 0xf4,
  0x4d, 0xef, 0x5e, 0xef, 0xe4, 0xc1, 0x35, 0x16, 0x1e, 0xe2, 0xfd, 0x0a,
  0xde, 0x2e, 0xb2, 0xec, 0xff, 0x1e, 0xf2, 0x5b, 0xde, 0x00, 0xf2, 0xcd,
  0xe1, 0x07, 0x41, 0x36, 0xe5, 0xe9, 0x11, 0x3b, 0xf9, 0xfc, 0xb5, 0x20,
  0xe2, 0xe0, 0x47, 0xd5, 0xed, 0xfb, 0x4f, 0x24, 0x13, 0x26, 0x10, 0xf3,
  0x51, 0xc6, 0x0f, 0x03, 0x2c, 0x10, 0x21, 0x39, 0xf8, 0xd0, 0x32, 0xcb,
  0xd7, 0x28, 0xfa, 0xd2, 0x73, 0xef, 0xe4, 0xea, 0x2f, 0x03, 0xe2, 0x03,
  0x2d, 0x07, 0xf2, 0x0b, 0x42, 0x26, 0x0d, 0x31, 0x64, 0xdb, 0x32, 0xd6,
  0x32, 0xdc, 0x0f, 0xe9, 0x18, 0xd9, 0xee, 0x30, 0xf0, 0x2c, 0xef, 0xd9,
  0x28, 0xbe, 0xee, 0x32, 0x06, 0xb1, 0x26, 0x4c, 0xe3, 0x3d, 0x48, 0x2a,
  0x1c, 0xe8, 0xf4, 0x35, 0x65, 0x2d, 0x2c, 0xc4, 0x3e, 0xe7, 0xee, 0x1a,
  0xff, 0x14, 0xe5, 0x24, 0xd7, 0xee, 0xfe, 0xd4, 0x2d, 0xfc, 0x2e, 0xe6,
  0x19, 0xf9, 0xfc, 0x00, 0xed, 0xd4, 0x0d, 0xc0, 0xec, 0x0f, 0xe3, 0xd1,
  0x5b, 0xb8, 0x0b, 0x60, 0xd1, 0xdd, 0xd8, 0x12, 0xe2, 0x09, 0xde, 0xe6,
  0x26, 0x05, 0xd2, 0xd1, 0x49, 0x27, 0x36, 0x26, 0xfe, 0xd5, 0x1c, 0x1e,
  0xc5, 0x0e, 0x0b, 0x13, 0xf0, 0xef, 0x26, 0xf0, 0x42, 0x25, 0x39, 0x4e,
  0xbc, 0x91, 0xfa, 0xd6, 0x0d, 0x26, 0x11, 0xf1, 0xed, 0xe4, 0xc9, 0x26,
  0x2e, 0xc8, 0x17, 0xdd, 0x16, 0xe9, 0xc9, 0x1a, 0xcd, 0x13, 0x04, 0xaf,
  0x1e, 0x00, 0xcc, 0xd9, 0x01, 0xe7, 0x12, 0x6b, 0xef, 0x1d, 0xf0, 0x14,
  0x01, 0x38, 0xe5, 0x02, 0x25, 0xea, 0xcd, 0xf1, 0xc7, 0x1b, 0x45, 0x1f,
  0x0a, 0x47, 0xe1, 0x0d, 0xeb, 0xe8, 0xc0, 0xfb, 0xe9, 0xf9, 0xd6, 0xf3,
  0x3e, 0xeb, 0x42, 0x67, 0x1d, 0x14, 0xc4, 0x07, 0xdf, 0xef, 0xcb, 0xbf,
  0xe6, 0xf7, 0xd5, 0xdc, 0x0d, 0x38, 0xef, 0x7a, 0xda, 0xda, 0xec, 0x3f,
  0xfe, 0x03, 0xe6, 0x1f, 0x4e, 0x19, 0xd7, 0x16, 0xc4, 0x42, 0x03, 0x10,
  0xfc, 0xfe, 0xfb, 0x08, 0x09, 0x17, 0x2e, 0xd8, 0xde, 0x17, 0xf4, 0x27,
  0xd6, 0x0f, 0x1e, 0x2f, 0x1d, 0x3f, 0xe9, 0x21, 0xf8, 0xfb, 0x04, 0xc4,
  0xd1, 0x19, 0xf9, 0xd4, 0x08, 0x0d, 0x27, 0x27, 0x08, 0x1f, 0x10, 0x1a,
  0xd7, 0x27, 0x0b, 0x2b, 0x3a, 0x1b, 0xfd, 0x19, 0xd2, 0xee, 0x27, 0x4f,
  0xeb, 0x03, 0x0d, 0x07, 0x14, 0xfc, 0x2f, 0x44, 0x0d, 0x3b, 0x10, 0xe9,
  0xb3, 0x25, 0x2a, 0x7f, 0xdb, 0x2f, 0xfc, 0xf5, 0x43, 0x35, 0x27, 0x2d,
  0x35, 0x42, 0x17, 0x2d, 0xca, 0x18, 0xf1, 0x2a, 0x16, 0x29, 0x3a, 0xb0,
  0x59, 0x2f, 0x5e, 0x29, 0x36, 0xfc, 0xff, 0x0a, 0x54, 0xe7, 0x12, 0x22,
  0x09, 0xe8, 0x27, 0x5a, 0x3d, 0x32, 0xf3, 0xfd, 0x07, 0x35, 0x01, 0x20,
  0xa1, 0x19, 0xbf, 0x14, 0xe2, 0xe5, 0x00, 0xe3, 0x14, 0x37, 0xc9, 0x11,
  0x26, 0x57, 0x38, 0xec, 0xad, 0x36, 0xa3, 0x4b, 0x26, 0xdf, 0xfe, 0xa4,
  0x32, 0x0f, 0x30, 0x0d, 0x1b, 0xf9, 0x5c, 0xed, 0x10, 0x0b, 0x54, 0xfa,
  0x0e, 0xef, 0x27, 0xfb, 0x23, 0x2c, 0xfd, 0x2b, 0xe3, 0xed, 0x48, 0xd6,
  0x3e, 0x16, 0xd4, 0xbd, 0x0a, 0x00, 0x4c, 0x20, 0x57, 0xef, 0x03, 0xff,
  0xf4, 0xff, 0x31, 0xef, 0x1c, 0xfb, 0xeb, 0x9f, 0x07, 0xb5, 0x00, 0xe7,
  0x05, 0x0e, 0x39, 0x14, 0xf5, 0x11, 0xe7, 0xe3, 0x30, 0xb9, 0xd2, 0xe3,
  0xf1, 0x81, 0x17, 0xfb, 0x0b, 0xdb, 0x43, 0x14, 0x2f, 0x34, 0x0d, 0x23,
  0x63, 0xd3, 0x19, 0xd4, 0xff, 0xb8, 0xe8, 0xeb, 0x3e, 0xf7, 0x3b, 0x1b,
  0x53, 0xfc, 0x2a, 0xee, 0x54, 0xd3, 0xfc, 0xfd, 0xf8, 0xd3, 0x14, 0xfe,
  0x18, 0xf8, 0x14, 0xfc, 0xeb, 0xe0, 0xfa, 0xf8, 0x56, 0xed, 0x0a, 0xf6,
  0x05, 0xc1, 0x24, 0x4a, 0xf5, 0xd6, 0x24, 0xc7, 0x15, 0xd3, 0x11, 0xd2,
  0x0c, 0xcf, 0xe7, 0x0e, 0xf1, 0xc7, 0xe1, 0xe8, 0xe7, 0xfa, 0xed, 0xdc,
  0x02, 0x09, 0xfd, 0xf9, 0x11, 0xdf, 0x06, 0x01, 0x03, 0x25, 0x0d, 0x14,
  0xde, 0x09, 0xe3, 0xdb, 0x10, 0xc7, 0xf4, 0x2f, 0xe8, 0xda, 0xed, 0x33,
  0x18, 0x0e, 0x28, 0xfb, 0xde, 0xfa, 0x20, 0xd0, 0x0b, 0x04, 0xc8, 0xe8,
  0x1e, 0xea, 0xef, 0x38, 0xc3, 0xcc, 0xdf, 0x1c, 0xee, 0x14, 0x24, 0xcd,
  0x14, 0x0b, 0xf8, 0xd8, 0x04, 0xf9, 0x08, 0xf9, 0xfa, 0x0d, 0x05, 0x30,
  0x02, 0xe9, 0x17, 0xde, 0xda, 0xf7, 0xea, 0xe9, 0x2a, 0x2a, 0xce, 0x31,
  0xe9, 0x23, 0x0d, 0x24, 0x1b, 0xe2, 0x15, 0xf2, 0xe9, 0xfc, 0x0d, 0x0c,
  0x2c, 0x05, 0x0b, 0x2d, 0xe2, 0x14, 0xee, 0x01, 0x2b, 0xf3, 0x29, 0x0e,
  0x19, 0xc7, 0xf9, 0xd0, 0x0b, 0x08, 0xf3, 0xe7, 0x26, 0xd3, 0xf6, 0x41,
  0xc4, 0xfe, 0x20, 0x1a, 0xd6, 0x08, 0xf9, 0x2e, 0xfc, 0xf0, 0xe2, 0x0f,
  0xdc, 0x0f, 0xcc, 0xe1, 0x3a, 0xe0, 0xe8, 0x14, 0xd3, 0x06, 0x0a, 0x09,
  0x2c, 0xd1, 0x3b, 0x16, 0xde, 0x13, 0x16, 0x0e, 0x08, 0xc5, 0xeb, 0xcb,
  0x05, 0x1c, 0xe3, 0xea, 0x08, 0x25, 0x17, 0x00, 0xea, 0x0f, 0x10, 0x2b,
  0xf7, 0x18, 0xcc, 0xf0, 0x25, 0xed, 0x1c, 0xf5, 0xfd, 0x0c, 0xff, 0x13,
  0xe1, 0x30, 0x03, 0x17, 0xf7, 0xec, 0xd5, 0x14, 0x3b, 0x10, 0xe0, 0x12,
  0xea, 0xdc, 0xe4, 0x1c, 0x33, 0x51, 0xe3, 0xfb, 0xfc, 0x45, 0xe6, 0xdc,
  0xdb, 0x26, 0xd0, 0x04, 0xd8, 0x19, 0x1d, 0xee, 0x03, 0x3f, 0x1b, 0xdb,
  0x40, 0x36, 0x0e, 0x1a, 0xf5, 0x33, 0xfb, 0x26, 0x12, 0xf9, 0xf4, 0x71,
  0xf7, 0x46, 0x12, 0xd0, 0x25, 0xd7, 0x25, 0xf8, 0xea, 0xeb, 0x31, 0xdb,
  0xe9, 0xf0, 0x08, 0x14, 0xf3, 0x18, 0xfb, 0xf6, 0xd9, 0x42, 0xc4, 0xe4,
  0x22, 0x1f, 0xda, 0xdc, 0xcd, 0x0a, 0xfa, 0x10, 0xe2, 0xff, 0x01, 0xb2,
  0xbd, 0x0f, 0xd2, 0x42, 0x16, 0xe3, 0x1e, 0xd8, 0xce, 0x08, 0xf0, 0x38,
  0x45, 0x45, 0x1a, 0x20, 0x30, 0x20, 0x2c, 0x0b, 0x01, 0xf0, 0x05, 0x1d,
  0xe1, 0x43, 0x3a, 0x06, 0x0d, 0x31, 0x18, 0xec, 0xa3, 0x50, 0x2c, 0x9b,
  0x87, 0x97, 0x61, 0xd0, 0xcd, 0x94, 0xc2, 0x33, 0xc5, 0xff, 0x5c, 0xfc,
  0x54, 0xa4, 0xcd, 0xa6, 0x42, 0x43, 0xa7, 0x13, 0xc3, 0xaa, 0x12, 0xdd,
  0xf7, 0xd0, 0x04, 0x8d, 0x63, 0xbd, 0x4d, 0xbe, 0x4f, 0x5a, 0xe8, 0xdd,
  0x6b, 0xc1, 0x77, 0x03, 0x63, 0x27, 0x93, 0xc6, 0x07, 0xf9, 0x23, 0x65,
  0xc6, 0x4d, 0x79, 0x78, 0x3d, 0x59, 0x5f, 0xf4, 0xd7, 0x62, 0x94, 0x67,
  0x62, 0x1a, 0x18, 0x2c, 0x1e, 0x50, 0xc1, 0x47, 0x8d, 0xd6, 0xa7, 0x89,
  0x31, 0x2e, 0x01, 0x2d, 0x9b, 0x97, 0x9d, 0xff, 0xfb, 0x55, 0x6e, 0x3b,
  0xa6, 0x98, 0xbb, 0x1d, 0xb9, 0x77, 0xdb, 0x5e, 0xe3, 0x46, 0xc9, 0x21,
  0xcd, 0xae, 0xf8, 0xb7, 0xeb, 0xde, 0x8e, 0x9c, 0xe0, 0x4c, 0xbc, 0xda,
  0xf9, 0x9b, 0xdb, 0xec, 0x44, 0x71, 0x74, 0x08, 0xd1, 0xd5, 0x98, 0x40,
  0x8a, 0x05, 0x3a, 0x74, 0x86, 0xb6, 0x09, 0xc6, 0x43, 0x14, 0xa0, 0x72,
  0xee, 0x19, 0xcd, 0x33, 0x12, 0x8c, 0x07, 0x47, 0x9e, 0x4c, 0xb1, 0x77,
  0xed, 0x09, 0x98, 0xbc, 0x96, 0x55, 0x92, 0x16, 0x2f, 0xb3, 0x59, 0x2c,
  0xe1, 0x35, 0x74, 0x19, 0x1b, 0x62, 0xcf, 0x85, 0xeb, 0xa4, 0x18, 0x7a,
  0x17, 0x21, 0x70, 0x1a, 0xc8, 0xae, 0xac, 0x30, 0x4c, 0x62, 0x56, 0xbb,
  0x8f, 0xd9, 0xf9, 0xd3, 0xd8, 0x11, 0x95, 0x22, 0x69, 0x5b, 0x26, 0xef,
  0x87, 0xf7, 0x93, 0x06, 0xf7, 0xd0, 0x96, 0xa7, 0xcb, 0x1e, 0xde, 0xa3,
  0x9e, 0xcb, 0xd7, 0xb9, 0xb4, 0x87, 0xd0, 0xc7, 0x12, 0x2f, 0x35, 0xd7,
  0xf2, 0x96, 0x86, 0xf6, 0xa7, 0x81, 0x04, 0xb7, 0x5b, 0xf1, 0xa4, 0x11,
  0x06, 0x50, 0x73, 0x39, 0xe2, 0x43, 0xdd, 0xcf, 0x70, 0xcf, 0xda, 0x43,
  0x71, 0x03, 0xd6, 0xe0, 0x6e, 0x1c, 0x81, 0xe4, 0x95, 0x24, 0x4a, 0xdc,
  0xe2, 0x76, 0x42, 0xda, 0x13, 0xd5, 0xc7, 0x38, 0x6c, 0x76, 0x7d, 0x03,
  0x12, 0xee, 0x34, 0x87, 0xc7, 0xd4, 0x83, 0xa7, 0xaa, 0xb5, 0x50, 0x95,
  0xd5, 0xd4, 0x4f, 0xc1, 0x9a, 0x7c, 0xe2, 0xfe, 0x9a, 0x49, 0xbd, 0x8b,
  0x9f, 0x98, 0xc1, 0x25, 0xfa, 0x76, 0x5f, 0xf2, 0xc7, 0x23, 0xad, 0x11,
  0xf5, 0x51, 0x52, 0xff, 0x63, 0x23, 0x5f, 0xe3, 0xab, 0xc7, 0x94, 0xac,
  0x25, 0xd1, 0xec, 0xbb, 0xef, 0x2c, 0xae, 0x57, 0xfd, 0xef, 0x59, 0x7c,
  0x3d, 0xc9, 0xad, 0x42, 0x66, 0x00, 0xb7, 0xc7, 0xd0, 0x99, 0xf4, 0x36,
  0x3a, 0x97, 0x0a, 0xed, 0xc5, 0x9a, 0xb6, 0x03, 0x46, 0x8e, 0x03, 0x09,
  0x23, 0x13, 0xcf, 0x3d, 0xd5, 0xbc, 0x57, 0x09, 0xfb, 0x7a, 0x2a, 0x6d,
  0x3f, 0x1b, 0xca, 0x58, 0x1c, 0x7c, 0xca, 0x3d, 0xf0, 0x7d, 0x90, 0x6d,
  0x32, 0x21, 0x02, 0x01, 0x44, 0x0e, 0x0d, 0x2e, 0x51, 0xaf, 0xf8, 0x03,
  0x79, 0x42, 0x19, 0xe0, 0xd3, 0xbe, 0x6c, 0x2f, 0x73, 0xeb, 0x8f, 0x18,
  0xff, 0xef, 0x92, 0xa6, 0x29, 0x5b, 0xc8, 0xce, 0xb7, 0xf7, 0xec, 0x23,
  0xbf, 0x7a, 0x5e, 0xc9, 0x41, 0x0f, 0xdf, 0x4f, 0xc3, 0x08, 0x42, 0x9e,
  0xb9, 0x9e, 0xb7, 0xa4, 0xcc, 0x60, 0x7f, 0xa8, 0x5a, 0x09, 0x58, 0x0b,
  0x1a, 0x52, 0xe6, 0x60, 0x50, 0x7d, 0xf1, 0x4d, 0x94, 0x71, 0xd5, 0xda,
  0x09, 0x08, 0x87, 0xff, 0xdb, 0x17, 0x19, 0x1b, 0xaa, 0x6e, 0x43, 0x5b,
  0x42, 0x55, 0xa6, 0xc3, 0x6e, 0x7b, 0xde, 0x48, 0xa9, 0x24, 0xb9, 0x36,
  0x84, 0xee, 0x0f, 0x81, 0x25, 0x67, 0x77, 0xed, 0xe4, 0x28, 0x4a, 0x9c,
  0x17, 0x85, 0x8f, 0x7d, 0x28, 0x70, 0x45, 0xc6, 0x86, 0x13, 0x8d, 0x72,
  0x6f, 0x1d, 0x84, 0x8b, 0x83, 0x9a, 0x1e, 0xdc, 0x04, 0xd5, 0xb2, 0x07,
  0xaa, 0xfb, 0x04, 0x55, 0xce, 0x52, 0x41, 0x4c, 0x0e, 0x65, 0xea, 0x97,
  0x5b, 0xf9, 0xbc, 0xd5, 0x2d, 0x9e, 0x82, 0x96, 0x96, 0x05, 0x0a, 0xac,
  0xf0, 0x5a, 0x6a, 0x45, 0x30, 0x04, 0x81, 0x2b, 0x2b, 0x34, 0x0e, 0x1e,
  0x75, 0xa2, 0x37, 0x06, 0xa4, 0x26, 0xe4, 0x65, 0x39, 0xff, 0xcc, 0x62,
  0x7c, 0x1d, 0x17, 0xdf, 0xb7, 0xb4, 0xaa, 0x93, 0xdc, 0xa8, 0x6b, 0x79,
  0x74, 0x93, 0xaa, 0xce, 0x0e, 0x86, 0x9d, 0x4c, 0xb0, 0xab, 0xb0, 0x5d,
  0xee, 0x16, 0x1d, 0x6a, 0x38, 0xea, 0x7a, 0x40, 0x87, 0x41, 0x5d, 0xfb,
  0x23, 0x02, 0x5e, 0x8a, 0x17, 0x93, 0x32, 0x72, 0xe0, 0x1b, 0x7d, 0x3d,
  0x07, 0xb3, 0xcc, 0x12, 0x85, 0x9d, 0x9c, 0xba, 0x96, 0xee, 0x83, 0xba,
  0xba, 0x27, 0xbd, 0x79, 0xca, 0x2d, 0xc9, 0x85, 0xf3, 0x7d, 0x17, 0xe2,
  0xd6, 0x91, 0x8e, 0xf4, 0xc6, 0x5d, 0xa4, 0xf4, 0x35, 0x17, 0xb6, 0x58,
  0xfa, 0x1c, 0x44, 0x2c, 0x27, 0x6f, 0x54, 0xde, 0x83, 0xb9, 0xc8, 0x82,
  0x65, 0xfe, 0x5a, 0x23, 0xe2, 0xf2, 0xf5, 0xa7, 0xf9, 0x5c, 0x03, 0x9b,
  0x84, 0x3a, 0xb0, 0x1f, 0x37, 0x02, 0x75, 0x53, 0x3e, 0x95, 0xf5, 0x53,
  0x27, 0x68, 0x4a, 0x30, 0xb1, 0x70, 0xf5, 0x20, 0xbd, 0x8a, 0xcc, 0xf0,
  0xf0, 0x86, 0xa7, 0x60, 0x95, 0x74, 0x01, 0xcb, 0x4c, 0x5f, 0xe0, 0xba,
  0xed, 0xfb, 0xb6, 0x8b, 0x0a, 0x88, 0x38, 0x6e, 0xba, 0x3b, 0x73, 0xa4,
  0x64, 0xfd, 0x99, 0x6d, 0x85, 0x31, 0x55, 0xb2, 0xdb, 0xe6, 0x7a, 0xab,
  0x86, 0x48, 0xc4, 0xe6, 0x9a, 0x29, 0x44, 0x84, 0x53, 0x1e, 0x1e, 0x9a,
  0xd8, 0x3b, 0x48, 0x25, 0xdc, 0x44, 0xe9, 0x3e, 0x2b, 0x25, 0x32, 0x51,
  0xbd, 0xd7, 0x29, 0x75, 0x04, 0xd5, 0xa0, 0xb7, 0xd9, 0xeb, 0x89, 0xcf,
  0xc9, 0xce, 0x3d, 0xee, 0x77, 0xa5, 0xba, 0x68, 0x3a, 0xe4, 0xd0, 0xe2,
  0xd6, 0x6a, 0xcc, 0x6f, 0x3e, 0x94, 0x2f, 0x1b, 0xc3, 0xf5, 0x1f, 0x0d,
  0xe6, 0xf1, 0xda, 0x5e, 0x15, 0x53, 0xf6, 0xdd, 0xe2, 0x0c, 0xd9, 0x72,
  0x0b, 0x65, 0xae, 0xe9, 0x36, 0x0c, 0xb8, 0x17, 0x2a, 0xad, 0x1c, 0x36,
  0x63, 0x16, 0x2d, 0x44, 0xec, 0xb9, 0x1c, 0x43, 0xa1, 0x1b, 0xd5, 0x26,
  0xf2, 0x0b, 0x01, 0xe8, 0x15, 0xdf, 0xcf, 0x35, 0x3f, 0x2c, 0xe7, 0xfe,
  0xbf, 0x04, 0x3d, 0x31, 0xf1, 0xd0, 0x18, 0x29, 0xc2, 0x27, 0x2c, 0x56,
  0x41, 0x3b, 0x2b, 0xdc, 0x12, 0xcc, 0xd8, 0xa9, 0x2b, 0xdc, 0x08, 0xbd,
  0xc8, 0xfd, 0x4a, 0x2b, 0xe1, 0x7f, 0xc2, 0x34, 0xf1, 0xdb, 0xb6, 0xb7,
  0xe1, 0x2a, 0x81, 0xe1, 0x99, 0x4c, 0xa2, 0x2d, 0xe1, 0x3b, 0xb5, 0xae,
  0x16, 0x0c, 0xdf, 0x12, 0x46, 0x3b, 0x1d, 0xf6, 0x3b, 0x0e, 0x00, 0xef,
  0x2b, 0x5c, 0xce, 0xd3, 0x96, 0x23, 0xf0, 0x2d, 0x13, 0x06, 0xbd, 0x29,
  0x00, 0x48, 0x32, 0x27, 0xd2, 0x5e, 0x12, 0x5b, 0x35, 0xe6, 0xd7, 0x04,
  0xe4, 0xc5, 0xe9, 0x14, 0xfd, 0x33, 0x14, 0xe4, 0x43, 0x50, 0x1e, 0x40,
  0x42, 0x20, 0x22, 0xac, 0xf4, 0xc1, 0xd8, 0x2d, 0x17, 0xdf, 0x00, 0xd2,
  0x9f, 0x48, 0xf3, 0x49, 0xd2, 0x05, 0x09, 0xba, 0x16, 0x42, 0xa1, 0xd1,
  0x0e, 0xfe, 0xb0, 0x35, 0xd4, 0x37, 0x10, 0xed, 0x21, 0x13, 0x09, 0xe1,
  0x26, 0xbc, 0xe7, 0xf3, 0xf9, 0x3e, 0xda, 0xf1, 0xea, 0x28, 0xd6, 0xef,
  0xe6, 0x03, 0xd6, 0xbf, 0x1c, 0xf9, 0x34, 0xc5, 0xd4, 0x18, 0x28, 0xbb,
  0xd3, 0x98, 0xfb, 0xd4, 0x3d, 0x08, 0x0a, 0xd5, 0x36, 0xde, 0x9d, 0xef,
  0x38, 0x2c, 0xed, 0xee, 0xc4, 0xcc, 0xa3, 0xe8, 0x02, 0xfb, 0xcc, 0xf4,
  0xce, 0xe5, 0xf1, 0x18, 0x06, 0xfe, 0x1e, 0x5e, 0x38, 0x08, 0xd9, 0xd6,
  0x11, 0x3c, 0x36, 0x5d, 0xb3, 0x4b, 0x20, 0x1e, 0x11, 0x09, 0x1d, 0x02,
  0xd8, 0xd7, 0x0f, 0x2c, 0x4f, 0xf3, 0xed, 0x57, 0x6d, 0x52, 0x13, 0xc0,
  0x8c, 0xef, 0xba, 0xb5, 0x39, 0xf9, 0xea, 0xb7, 0x16, 0xf5, 0x0a, 0x40,
  0xec, 0xf6, 0x5c, 0x0b, 0xf8, 0x35, 0xc5, 0x1c, 0x50, 0x54, 0xfd, 0xf5,
  0x1a, 0xee, 0x4c, 0x58, 0x15, 0x94, 0x39, 0x30, 0x21, 0x46, 0x28, 0xd3,
  0xf7, 0x52, 0x28, 0x3c, 0x01, 0xdb, 0x0f, 0x55, 0x0c, 0xcd, 0xbb, 0x1e,
  0x33, 0x43, 0x45, 0xe3, 0xf9, 0xd1, 0x1b, 0xf1, 0x5e, 0x2d, 0x3b, 0x27,
  0x53, 0x2d, 0x26, 0x33, 0x54, 0x0a, 0xcd, 0x76, 0x4a, 0x2c, 0x07, 0x0b,
  0x2c, 0x46, 0x66, 0xf3, 0x2b, 0x12, 0x0f, 0x36, 0x0f, 0x33, 0x14, 0xed,
  0x48, 0xf9, 0x5e, 0x18, 0xe9, 0x27, 0x4f, 0x59, 0x29, 0x5e, 0x53, 0xc4,
  0x20, 0x2a, 0x8a, 0xd6, 0xea, 0xd3, 0x52, 0x16, 0xf0, 0x08, 0x27, 0x5e,
  0x46, 0x0d, 0x65, 0xe9, 0x7e, 0xb9, 0x4d, 0xb5, 0xfb, 0x91, 0xee, 0x38,
  0x37, 0xaa, 0x3b, 0x08, 0xcf, 0x16, 0xf2, 0x20, 0xff, 0x99, 0x1c, 0x39,
  0x9a, 0xda, 0x27, 0x03, 0x18, 0x69, 0xe3, 0xed, 0xd9, 0x65, 0xe8, 0xd5,
  0xef, 0x35, 0xb6, 0x1d, 0x45, 0x3a, 0x31, 0xb3, 0x03, 0x26, 0x0c, 0xed,
  0x06, 0x10, 0x37, 0xe2, 0xf9, 0xfb, 0xea, 0xde, 0x3e, 0x1c, 0x54, 0x06,
  0x14, 0x2e, 0xe2, 0xfd, 0x0b, 0x2b, 0xdf, 0x14, 0xfa, 0xc6, 0xd6, 0xff,
  0xd3, 0x1d, 0xfc, 0xff, 0x0d, 0xdc, 0x3c, 0x1f, 0xe2, 0x25, 0xdb, 0x33,
  0xfc, 0x25, 0xfd, 0xd5, 0x3b, 0x27, 0x29, 0xba, 0x00, 0x4a, 0x3c, 0x3e,
  0x12, 0x12, 0xff, 0x26, 0x9e, 0xe7, 0xdb, 0x0f, 0x25, 0x2f, 0x1b, 0x05,
  0xd8, 0x18, 0x1a, 0xf9, 0xee, 0xc5, 0xeb, 0xd8, 0xce, 0xc4, 0x52, 0xeb,
  0xec, 0xc1, 0xfb, 0xe2, 0x20, 0x06, 0x31, 0x4d, 0xeb, 0x33, 0xef, 0x2b,
  0xc2, 0x35, 0xd3, 0xe0, 0x1a, 0x14, 0x2a, 0x04, 0x15, 0x40, 0xec, 0x41,
  0x12, 0x39, 0x2f, 0xd8, 0xd7, 0x1d, 0x10, 0xa9, 0x3b, 0x15, 0xe4, 0xd8,
  0x12, 0x2b, 0x23, 0x2d, 0xf8, 0x06, 0x27, 0x07, 0xbe, 0x15, 0x1f, 0xe1,
  0x2e, 0xa6, 0x1d, 0xfa, 0xfc, 0x05, 0x06, 0x03, 0xd3, 0xff, 0x53, 0x00,
  0xac, 0x03, 0xab, 0x8a, 0x56, 0x57, 0x1e, 0xc9, 0x0f, 0xd0, 0x0f, 0x25,
  0x25, 0xff, 0x16, 0x0e, 0xb4, 0xde, 0x24, 0x8b, 0x0f, 0x02, 0x41, 0x06,
  0xcd, 0x23, 0x21, 0xda, 0x26, 0x15, 0xef, 0x33, 0x2f, 0xd8, 0x23, 0xf0,
  0xe8, 0xe7, 0x33, 0xde, 0x3d, 0xd6, 0x43, 0xd0, 0x26, 0x25, 0xd2, 0xca,
  0xe7, 0xfa, 0xdc, 0xf1, 0xcf, 0x12, 0xfc, 0x2d, 0xed, 0xbe, 0xeb, 0xd3,
  0xc3, 0xef, 0xe2, 0xd9, 0x1c, 0x04, 0x29, 0x86, 0xdd, 0x9d, 0x1e, 0x36,
  0xdf, 0x28, 0x19, 0xda, 0x00, 0x29, 0x36, 0x16, 0xdb, 0xe1, 0x28, 0xf2,
  0xfc, 0x31, 0x3f, 0xfd, 0x3a, 0x1f, 0xfc, 0x01, 0x0c, 0x26, 0xdd, 0xe1,
  0xfe, 0xc9, 0x1a, 0x81, 0x17, 0x7c, 0x15, 0x50, 0xff, 0x21, 0x12, 0xd5,
  0xc9, 0x16, 0xe3, 0x22, 0x54, 0x0f, 0x44, 0x1d, 0xb6, 0xb7, 0x0c, 0xd8,
  0xe0, 0xf4, 0x2b, 0xba, 0xef, 0xeb, 0xe8, 0x13, 0x50, 0xf2, 0x00, 0x26,
  0x11, 0xf9, 0x29, 0xde, 0xe1, 0x05, 0xbd, 0xf0, 0xfb, 0x0d, 0x0f, 0x15,
  0x0b, 0x04, 0xe6, 0x08, 0xef, 0x18, 0xe1, 0x0d, 0x11, 0xfd, 0xca, 0xf9,
  0x01, 0xd5, 0x38, 0xe9, 0xeb, 0xd9, 0xee, 0x19, 0xf7, 0x6f, 0xe1, 0x3a,
  0xd8, 0xe5, 0x13, 0x91, 0xdc, 0xfe, 0xad, 0xf9, 0xee, 0x1e, 0x25, 0x1d,
  0x9f, 0x21, 0x05, 0x30, 0xf8, 0xd9, 0x04, 0xfe, 0x3c, 0xf5, 0x0d, 0xf9,
  0xd2, 0xd3, 0xe6, 0xde, 0xea, 0x0e, 0x1f, 0x50, 0xed, 0xdc, 0xd1, 0xf4,
  0xe3, 0xda, 0x05, 0x08, 0xbd, 0x09, 0x18, 0xf6, 0xdb, 0x17, 0xbb, 0xf5,
  0x05, 0x13, 0xcc, 0x2e, 0x3d, 0x4e, 0x33, 0x2a, 0xcb, 0x4c, 0xe0, 0x47,
  0x46, 0x2d, 0xf1, 0xed, 0xf1, 0x0e, 0x08, 0x3a, 0x2e, 0x03, 0x04, 0x37,
  0xeb, 0x02, 0xf1, 0x02, 0x0e, 0x40, 0xfb, 0x2b, 0xb9, 0xc3, 0xca, 0x3e,
  0xc9, 0x07, 0xe1, 0xf0, 0xd2, 0x13, 0xdf, 0x32, 0x2e, 0xec, 0xb6, 0x03,
  0xf8, 0x25, 0x4c, 0xfa, 0x25, 0xd8, 0x3f, 0x01, 0x71, 0xea, 0x4c, 0x1b,
  0x1f, 0x2f, 0xec, 0x14, 0x3e, 0xf1, 0x32, 0x22, 0xfd, 0x07, 0xd5, 0x14,
  0x2b, 0x36, 0x27, 0xca, 0xd8, 0xd5, 0x2a, 0xff, 0x11, 0xf7, 0xdb, 0xe4,
  0xe2, 0x17, 0x3d, 0xe1, 0xff, 0x1f, 0xfa, 0xd7, 0x0e, 0xb4, 0xeb, 0x1a,
  0x21, 0x00, 0x3c, 0x14, 0x2d, 0xf5, 0x26, 0x12, 0x23, 0xf6, 0x30, 0x08,
  0x24, 0xf5, 0xcd, 0xf2, 0xe3, 0x62, 0x01, 0xe2, 0x02, 0x4f, 0x2d, 0xcd,
  0x07, 0x79, 0xd9, 0x4a, 0x2b, 0x20, 0x18, 0x33, 0x40, 0x24, 0xd8, 0xd2,
  0x18, 0x1f, 0xe1, 0xfa, 0x48, 0x39, 0x58, 0x10, 0xea, 0xf4, 0xf2, 0x2b,
  0xe3, 0x1a, 0xf7, 0x12, 0xd6, 0xe6, 0x01, 0x20, 0x2c, 0xc8, 0xfb, 0x28,
  0x0d, 0xff, 0x2c, 0x27, 0x37, 0xfb, 0x06, 0xff, 0x35, 0x05, 0x18, 0xe8,
  0xfa, 0x4a, 0xcc, 0x30, 0x2b, 0x19, 0xe3, 0xf3, 0x3b, 0x4b, 0x0b, 0x27,
  0x0c, 0x2f, 0xf7, 0x06, 0x0b, 0x0d, 0x22, 0x04, 0x27, 0x4c, 0x3e, 0x25,
  0x00, 0x11, 0xe8, 0x1d, 0x4c, 0x4c, 0xfe, 0xfd, 0x06, 0x51, 0x33, 0x3e,
  0xf2, 0x48, 0xe3, 0x1c, 0x16, 0x2e, 0xfb, 0x19, 0x0d, 0xf1, 0xee, 0xda,
  0xbe, 0x02, 0x00, 0x0b, 0x1c, 0x2b, 0xe6, 0xe7, 0x3d, 0x03, 0x0a, 0x12,
  0x37, 0xd9, 0xe9, 0xfc, 0x37, 0xda, 0x54, 0x08, 0xf5, 0xdd, 0x05, 0x4e,
  0xf7, 0x07, 0x10, 0xe5, 0xdb, 0xf3, 0x18, 0xe7, 0xeb, 0x18, 0x1d, 0x46,
  0xf0, 0x06, 0x0d, 0xf6, 0x08, 0xef, 0x24, 0x30, 0x4b, 0x22, 0x3c, 0xfd,
  0xca, 0xdd, 0xdc, 0xe8, 0x20, 0xea, 0x37, 0xb3, 0x19, 0x0d, 0x20, 0x54,
  0xe7, 0x32, 0xf4, 0x03, 0xeb, 0x39, 0xd8, 0xf2, 0xed, 0x0d, 0x26, 0xc1,
  0x19, 0x09, 0x3b, 0x35, 0x1a, 0xd9, 0xf1, 0xde, 0x4c, 0xc3, 0x16, 0xd2,
  0xe8, 0x00, 0x36, 0x27, 0x42, 0xd9, 0x0f, 0x00, 0xfb, 0xca, 0xd4, 0x1b,
  0x4e, 0xf7, 0x09, 0xd9, 0xc0, 0xd0, 0xf5, 0xcd, 0xc1, 0x0d, 0xd6, 0xf3,
  0xea, 0x46, 0x03, 0x08, 0x1b, 0x13, 0x0e, 0x1e, 0x0a, 0xe7, 0xc9, 0xe4,
  0xb8, 0x28, 0x0f, 0xde, 0xb9, 0x12, 0xe8, 0xca, 0x37, 0x34, 0xc5, 0x00,
  0x0e, 0xe3, 0xfc, 0xe8, 0x4f, 0x2d, 0x33, 0xe8, 0x00, 0x40, 0xe4, 0x13,
  0x3d, 0x13, 0xbe, 0xa7, 0x10, 0x36, 0xf4, 0x06, 0x11, 0xbf, 0x12, 0xcd,
  0x00, 0xc2, 0xdd, 0xd5, 0x7f, 0xc8, 0x41, 0x1b, 0xcf, 0x10, 0xfd, 0x6c,
  0xfb, 0xdd, 0x0e, 0xd7, 0x1d, 0x13, 0x0a, 0xe4, 0x42, 0x12, 0x01, 0x36,
  0x1a, 0x2e, 0xd1, 0x14, 0xe0, 0x33, 0xfa, 0xd7, 0xcb, 0x19, 0x26, 0x28,
  0x52, 0x00, 0x50, 0xef, 0xf7, 0x22, 0xec, 0x48, 0xe9, 0xdd, 0x0d, 0xfc,
  0x0b, 0xd0, 0xe4, 0x2e, 0x7c, 0x03, 0x0d, 0xbb, 0x1f, 0x2d, 0xf1, 0x0c,
  0x0e, 0x29, 0xc9, 0xa0, 0x03, 0x11, 0x14, 0x15, 0x73, 0x18, 0xef, 0x02,
  0x29, 0x01, 0x25, 0xc3, 0x17, 0x1a, 0xbb, 0x25, 0x1d, 0xd4, 0xc4, 0x01,
  0xa7, 0xd9, 0x29, 0x2e, 0x18, 0x19, 0xf9, 0xea, 0xab, 0x16, 0x0a, 0xd3,
  0xfd, 0x0e, 0xda, 0x14, 0xfb, 0x15, 0x2d, 0x50, 0x27, 0xf9, 0xf6, 0xda,
  0xd9, 0x18, 0xe2, 0x30, 0x08, 0x1f, 0xf8, 0x29, 0xc9, 0x0f, 0x18, 0x0b,
  0xdf, 0x1e, 0x1c, 0xeb, 0xff, 0x0d, 0x02, 0x1e, 0xfb, 0x23, 0x31, 0x21,
  0xd8, 0xf9, 0xfc, 0x11, 0xe5, 0x3c, 0x29, 0xaf, 0xec, 0xf4, 0x0b, 0x12,
  0xef, 0x81, 0xd5, 0x2c, 0xc6, 0x1b, 0x25, 0x2c, 0xfa, 0x20, 0xd7, 0xbf,
  0xfb, 0x1e, 0xf8, 0xf8, 0xf4, 0x2d, 0xe6, 0xea, 0xc3, 0xe8, 0xd0, 0x4b,
  0x0a, 0x03, 0x38, 0xf1, 0xc3, 0xfc, 0x07, 0x39, 0xfc, 0x0b, 0x10, 0x22,
  0x07, 0x46, 0xfc, 0xec, 0xfb, 0x0d, 0x0d, 0x28, 0xf7, 0xfb, 0xfe, 0x37,
  0x02, 0x24, 0x08, 0x10, 0x30, 0x33, 0x17, 0xb5, 0x3a, 0xba, 0x32, 0x04,
  0x03, 0x12, 0xf2, 0x40, 0x14, 0x4e, 0x3c, 0xfc, 0xc4, 0x27, 0xe7, 0xd5,
  0x45, 0x33, 0x1b, 0x0d, 0x05, 0x0e, 0x22, 0x0a, 0x0e, 0x01, 0x35, 0x18,
  0xdb, 0x1a, 0x07, 0xbd, 0x3e, 0x40, 0x3b, 0xff, 0xdd, 0xfa, 0x45, 0x1b,
  0xf6, 0xf6, 0x39, 0xd3, 0xe0, 0x41, 0x1f, 0xe7, 0x2d, 0xe0, 0x22, 0x13,
  0x45, 0xf9, 0x12, 0x00, 0xfd, 0x0e, 0xf5, 0xd6, 0xeb, 0xdb, 0x4d, 0xa7,
  0x01, 0xff, 0x1d, 0x43, 0x25, 0xf3, 0x0e, 0xdc, 0xdf, 0xe6, 0x05, 0xdc,
  0xec, 0xe9, 0x22, 0xf0, 0xc8, 0xc7, 0x29, 0x10, 0xeb, 0x14, 0xf5, 0xe1,
  0x15, 0x2c, 0x11, 0xef, 0xef, 0x00, 0xce, 0xf1, 0x0d, 0x24, 0x08, 0xbf,
  0x1a, 0x0c, 0x23, 0xff, 0x00, 0xed, 0x17, 0xe1, 0x34, 0x16, 0xfa, 0xf2,
  0x3e, 0x44, 0x05, 0x30, 0x20, 0x0c, 0x14, 0xf9, 0x0f, 0xfc, 0x21, 0xd7,
  0xf2, 0xf9, 0xcb, 0x13, 0x20, 0x01, 0x3c, 0xf0, 0x32, 0x02, 0x30, 0x01,
  0xf0, 0x17, 0x24, 0xff, 0xe5, 0xe2, 0x20, 0xab, 0xd5, 0xe2, 0xf8, 0x38,
  0xf2, 0xf6, 0xf6, 0x1c, 0xf2, 0x15, 0xe1, 0xef, 0xb1, 0x3f, 0xf6, 0x2e,
  0xdd, 0xdd, 0xc9, 0xfb, 0xc5, 0x1b, 0x1d, 0xf1, 0xed, 0xfc, 0xe8, 0x1f,
  0xde, 0xf3, 0x2f, 0xf2, 0x22, 0x1f, 0xd6, 0xf0, 0x2c, 0x27, 0x0f, 0x18,
  0x01, 0x06, 0xeb, 0xf2, 0x3b, 0xeb, 0xe9, 0x02, 0xfb, 0x12, 0xf8, 0x20,
  0x11, 0x16, 0x3b, 0x22, 0xfe, 0x2c, 0x16, 0xe9, 0x30, 0xcc, 0x46, 0x08,
  0x17, 0xf2, 0x1d, 0x4e, 0x44, 0xf2, 0x2c, 0x12, 0x0a, 0x11, 0x2c, 0xfa,
  0xfc, 0x0d, 0xd4, 0xf0, 0x09, 0xfe, 0xf8, 0x2b, 0x27, 0x0b, 0xfb, 0x1c,
  0x48, 0x45, 0xf8, 0x15, 0xf0, 0x44, 0xf2, 0x0e, 0x2b, 0xfd, 0x29, 0x0d,
  0xe8, 0x00, 0x44, 0x21, 0x08, 0xf4, 0xff, 0xf1, 0x23, 0x32, 0xf0, 0xe8,
  0x20, 0xee, 0x16, 0xf9, 0xda, 0xfe, 0x2d, 0x01, 0xe9, 0xd3, 0xef, 0xf0,
  0x26, 0xf9, 0x31, 0x3a, 0x23, 0xe5, 0x01, 0x03, 0x02, 0x26, 0x29, 0xe5,
  0xe2, 0xe1, 0xea, 0xf7, 0xc9, 0x19, 0x11, 0x1f, 0x0c, 0x09, 0x3f, 0x10,
  0xcf, 0x24, 0xcf, 0xd6, 0x40, 0xf5, 0x1a, 0xe6, 0xfa, 0xe2, 0xf3, 0x35,
  0x15, 0x0d, 0x19, 0xef, 0x2c, 0x0b, 0x27, 0x1e, 0xc6, 0xdd, 0xce, 0x1d,
  0xfe, 0x03, 0x11, 0x28, 0x21, 0x12, 0xcc, 0x07, 0xf5, 0x2c, 0x1f, 0xff,
  0xea, 0x24, 0x0e, 0x09, 0xd0, 0x08, 0x02, 0x4f, 0x05, 0x0f, 0x17, 0x08,
  0xbb, 0xd4, 0x1e, 0x1b, 0x12, 0xbc, 0xbf, 0xd4, 0xab, 0x29, 0xd9, 0x46,
  0xe5, 0x5f, 0xda, 0xf6, 0x18, 0xff, 0xf2, 0xfa, 0x65, 0x4d, 0x2d, 0xf5,
  0xbd, 0x16, 0xfd, 0x0f, 0x53, 0xf1, 0x3d, 0x03, 0xe7, 0xeb, 0x56, 0x0d,
  0x0b, 0xfe, 0x2f, 0xe4, 0xa3, 0x14, 0xe7, 0xa9, 0x1c, 0x0b, 0xf9, 0xec,
  0xe5, 0x10, 0xf4, 0x42, 0x1f, 0x15, 0xcd, 0x11, 0xa5, 0x2d, 0xf1, 0xba,
  0x09, 0xe5, 0x03, 0xd7, 0xe2, 0xca, 0xfb, 0x32, 0xdf, 0x30, 0x1b, 0x07,
  0xc1, 0xf7, 0x20, 0xe0, 0x15, 0x42, 0x39, 0xee, 0x0b, 0x29, 0xec, 0x18,
  0x27, 0xbc, 0xfd, 0x2a, 0xb2, 0x1a, 0x29, 0xf6, 0x02, 0x02, 0x29, 0x23,
  0xf7, 0x0e, 0x34, 0x24, 0x1c, 0x1c, 0x0e, 0x2d, 0x52, 0x09, 0x08, 0xab,
  0x03, 0xe7, 0xf3, 0xf8, 0x40, 0x06, 0x38, 0x2d, 0x2b, 0x1c, 0x15, 0xe7,
  0x11, 0x20, 0xb0, 0xc3, 0x33, 0x9f, 0x28, 0xdc, 0x28, 0x3c, 0x2f, 0x36,
  0x15, 0x11, 0xe1, 0x21, 0x02, 0xaf, 0xe0, 0x00, 0x2a, 0x9e, 0x38, 0x23,
  0x29, 0x0e, 0x2a, 0xd6, 0xed, 0x14, 0xeb, 0x28, 0x11, 0xce, 0x26, 0xe8,
  0xf5, 0x23, 0xed, 0x23, 0x25, 0x19, 0x3f, 0x17, 0x1f, 0x28, 0xd7, 0x2c,
  0x5f, 0xad, 0x3e, 0xc4, 0x20, 0x7f, 0x16, 0x47, 0x29, 0xf4, 0x15, 0xe4,
  0x11, 0x07, 0xc4, 0xea, 0x4d, 0xe5, 0x24, 0x50, 0x03, 0x19, 0x0b, 0xef,
  0x09, 0xf0, 0x2e, 0x2e, 0x30, 0xd8, 0xe3, 0x06, 0x22, 0x54, 0xc9, 0xfd,
  0x3e, 0x0c, 0x40, 0x24, 0x0f, 0x0f, 0x51, 0xf0, 0x45, 0xbf, 0x36, 0x1c,
  0x30, 0xff, 0x14, 0xf9, 0xf3, 0x19, 0xea, 0xd5, 0x44, 0xcf, 0x12, 0xcc,
  0xfc, 0xbc, 0x13, 0x14, 0x3e, 0xde, 0x0e, 0xfa, 0x17, 0xcc, 0xde, 0x37,
  0xf1, 0x9d, 0x21, 0xb9, 0xe4, 0x0b, 0xd0, 0xf0, 0xfd, 0xc3, 0x32, 0x12,
  0xdf, 0x29, 0xcc, 0x4e, 0xec, 0xda, 0x2f, 0x11, 0xd5, 0x2c, 0x33, 0xe4,
  0xcd, 0xf5, 0x26, 0x23, 0x09, 0xf4, 0xd2, 0x3f, 0x1b, 0xee, 0x2b, 0x3a,
  0xe0, 0x3c, 0x21, 0x34, 0x2d, 0x19, 0x2e, 0xf9, 0xe3, 0x39, 0x02, 0x3a,
  0x25, 0x05, 0xdd, 0x33, 0xe8, 0xf3, 0xfd, 0xe6, 0xf8, 0xfd, 0xf8, 0x43,
  0x46, 0xe1, 0x3b, 0xff, 0x12, 0xe5, 0x13, 0xed, 0x35, 0xfe, 0x1e, 0x34,
  0xb3, 0xe8, 0x0c, 0x2f, 0xdc, 0xe7, 0xe0, 0xba, 0xcc, 0x07, 0x07, 0x0f,
  0xf9, 0x02, 0x16, 0x3a, 0xa3, 0x20, 0x28, 0x6c, 0x17, 0xda, 0xef, 0xe4,
  0x45, 0xc5, 0xc6, 0xd9, 0x37, 0x0c, 0xb1, 0xc9, 0x91, 0x30, 0x3a, 0xff,
  0x0e, 0x1e, 0x4f, 0x41, 0xd7, 0x91, 0x43, 0x31, 0xed, 0xf9, 0x44, 0xe5,
  0xc7, 0x09, 0x8b, 0xc4, 0x1c, 0x1f, 0xac, 0x1b, 0x0b, 0xda, 0xc5, 0x87,
  0x42, 0xdf, 0x51, 0x12, 0x53, 0x17, 0xec, 0x92, 0x49, 0x6b, 0xd8, 0x5b,
  0x1d, 0x90, 0xbf, 0xc9, 0xb7, 0xe0, 0x04, 0x16, 0x6a, 0xcd, 0xcb, 0xa3,
  0x18, 0x3d, 0x1e, 0x09, 0x0f, 0xce, 0x04, 0x30, 0x00, 0x10, 0xb4, 0x6f,
  0x53, 0x35, 0xaf, 0xd7, 0x4a, 0x99, 0xe1, 0xef, 0xf9, 0xf2, 0xb7, 0x34,
  0xc8, 0x95, 0x40, 0x6b, 0xf4, 0x50, 0xa6, 0x98, 0xb7, 0xa1, 0x95, 0x43,
  0x3a, 0x81, 0x40, 0xd3, 0x24, 0x99, 0x29, 0x42, 0x0e, 0x6b, 0x39, 0x6e,
  0xa1, 0x58, 0xbc, 0xd2, 0x14, 0x00, 0xd5, 0x08, 0xca, 0x34, 0x38, 0xa9,
  0x46, 0x19, 0x11, 0xcd, 0xff, 0x3a, 0x43, 0x68, 0x4c, 0xb5, 0xa6, 0x8c,
  0x64, 0x3d, 0xe1, 0x94, 0xc7, 0x5b, 0xba, 0xab, 0xa9, 0x0d, 0xd0, 0xc3,
  0xf3, 0xce, 0x9f, 0xcd, 0x5c, 0x05, 0x09, 0xc4, 0xd2, 0x99, 0x62, 0xa8,
  0x39, 0x98, 0x16, 0x8a, 0x42, 0xe5, 0x0f, 0x1c, 0x90, 0x56, 0x35, 0x71,
  0x30, 0x55, 0xef, 0xdf, 0x21, 0x4d, 0xc4, 0x44, 0xc8, 0xb6, 0x36, 0xef,
  0xaf, 0x35, 0xe3, 0x8b, 0x44, 0x45, 0x42, 0xfa, 0x84, 0xb3, 0x09, 0x4f,
  0x5d, 0x32, 0x3a, 0x62, 0x5b, 0x41, 0x3e, 0x5a, 0x40, 0x39, 0xce, 0x53,
  0x23, 0xe1, 0xf8, 0xd4, 0xf0, 0x3f, 0x01, 0x41, 0xf9, 0x98, 0xbe, 0x6a,
  0x3c, 0x08, 0x8c, 0xbe, 0xc5, 0xe1, 0x12, 0xe7, 0x29, 0xcb, 0x37, 0xec,
  0x65, 0x2d, 0xfc, 0xcb, 0x0b, 0xf8, 0x8b, 0x36, 0x3a, 0xfc, 0xa2, 0x0d,
  0xff, 0xde, 0xf5, 0x24, 0x8c, 0xa2, 0xd5, 0xec, 0xd7, 0x0e, 0xbb, 0x50,
  0xcb, 0xa8, 0x8f, 0x50, 0x00, 0xe3, 0xd9, 0x91, 0x93, 0xf0, 0xca, 0x19,
  0xf2, 0x12, 0x51, 0xec, 0x69, 0x1c, 0xf2, 0xf0, 0x9d, 0xf7, 0x22, 0x04,
  0xcb, 0xfe, 0x03, 0xba, 0xf4, 0xfd, 0xaa, 0x52, 0x4b, 0x4f, 0x0c, 0xc5,
  0x89, 0xfc, 0x84, 0x52, 0xf2, 0x52, 0xa6, 0xe5, 0x37, 0x4d, 0x13, 0x10,
  0x50, 0x93, 0xa0, 0x2b, 0xf7, 0xfb, 0x48, 0x27, 0xda, 0x6b, 0xd6, 0x75,
  0x42, 0xa2, 0xe2, 0xab, 0x8f, 0xb7, 0xb9, 0xbd, 0x26, 0x26, 0x45, 0xb0,
  0xf3, 0xc1, 0x62, 0x51, 0x06, 0x25, 0x45, 0x2d, 0xf0, 0x01, 0xeb, 0x42,
  0x85, 0x45, 0x43, 0xe4, 0x04, 0x92, 0x06, 0x72, 0x9e, 0xad, 0x03, 0xbd,
  0x01, 0x36, 0x33, 0x20, 0xea, 0xb9, 0x21, 0x39, 0x97, 0xd3, 0xf5, 0x05,
  0x56, 0x98, 0xab, 0x39, 0x88, 0x01, 0x3a, 0xcd, 0xac, 0xb0, 0xa2, 0x9d,
  0xce, 0x0c, 0xe8, 0x67, 0x91, 0xc6, 0x05, 0x6c, 0x88, 0xd9, 0xe5, 0xf7,
  0x9b, 0x18, 0x64, 0x88, 0x9b, 0xec, 0xa7, 0x62, 0x51, 0x9c, 0x16, 0x1a,
  0x26, 0x58, 0x60, 0x51, 0xbc, 0x12, 0x4b, 0x23, 0x38, 0xee, 0x3d, 0xdc,
  0xe5, 0xe4, 0x08, 0xd9, 0x3d, 0xe5, 0xec, 0xd2, 0xd2, 0x44, 0x38, 0xfb,
  0xe8, 0x44, 0x20, 0x03, 0x3f, 0xe7, 0x4d, 0x16, 0x41, 0xd9, 0x32, 0x04,
  0x4f, 0xb8, 0xd4, 0xe8, 0x33, 0xba, 0xc1, 0x0e, 0x0d, 0xfb, 0x54, 0xaf,
  0x06, 0xf6, 0xe9, 0xfd, 0xfa, 0x0d, 0xca, 0xbe, 0x38, 0xcd, 0x17, 0x25,
  0x67, 0xa3, 0x40, 0x20, 0xc0, 0xc9, 0xf6, 0x42, 0x3e, 0xdf, 0xf8, 0x02,
  0x2e, 0xe2, 0x28, 0x23, 0x1c, 0x00, 0x23, 0x05, 0xda, 0xfe, 0xea, 0xeb,
  0xc3, 0xe5, 0x2e, 0x36, 0x30, 0xfe, 0x34, 0x16, 0xd8, 0xfc, 0xd9, 0x17,
  0x0d, 0x16, 0x53, 0x08, 0x1f, 0x32, 0xf7, 0x23, 0x19, 0x05, 0xf6, 0xd8,
  0xdf, 0xdb, 0xf3, 0xf7, 0x02, 0xd9, 0x38, 0x24, 0x2f, 0xe2, 0x27, 0x10,
  0x1b, 0xb3, 0xb2, 0xd1, 0xc6, 0xed, 0x4f, 0x57, 0xc7, 0xf7, 0xeb, 0x42,
  0xb1, 0x26, 0xe2, 0xda, 0x09, 0xf5, 0x16, 0xde, 0x2a, 0xe0, 0x41, 0x4f,
  0xd7, 0x29, 0xdd, 0x11, 0xd3, 0x0f, 0x1e, 0x2b, 0x16, 0x16, 0x2c, 0x0f,
  0xe2, 0xf9, 0x33, 0xf6, 0x17, 0xd7, 0x03, 0x26, 0xee, 0xf6, 0x19, 0xfa,
  0xde, 0x2e, 0x01, 0x28, 0xe4, 0x37, 0x01, 0xf2, 0x3b, 0x33, 0xdf, 0xf8,
  0x2a, 0xee, 0xf6, 0x46, 0x0e, 0x43, 0xe0, 0xfa, 0x29, 0x34, 0x08, 0xb7,
  0xfa, 0xe9, 0xf2, 0x0c, 0x1d, 0x0e, 0xd3, 0x0d, 0xe0, 0x34, 0x0d, 0x06,
  0xd7, 0xe7, 0x02, 0x04, 0x0b, 0xc4, 0xe9, 0x27, 0xe0, 0xa9, 0xf6, 0xe7,
  0xe7, 0xfb, 0xbf, 0xe5, 0xdd, 0xcb, 0xe5, 0xd9, 0xfc, 0xb1, 0xd8, 0x32,
  0xe9, 0x39, 0x1f, 0x30, 0x19, 0x14, 0xee, 0x18, 0xd7, 0x4c, 0x02, 0x2c,
  0xc8, 0x0c, 0x17, 0xf0, 0x2f, 0xe7, 0xe9, 0xcf, 0x07, 0x40, 0x29, 0x2d,
  0x09, 0x00, 0xf7, 0x41, 0x1b, 0xc2, 0xed, 0xe8, 0x2e, 0x2e, 0x1d, 0xd0,
  0xce, 0xf6, 0x22, 0x2c, 0x54, 0xe7, 0x62, 0xb9, 0x30, 0xa3, 0x19, 0x64,
  0x28, 0xe9, 0x0e, 0x03, 0x01, 0xea, 0x10, 0xda, 0x7f, 0xa6, 0x1f, 0xcf,
  0x1b, 0xf5, 0x1d, 0x54, 0x14, 0x34, 0xf7, 0x1c, 0x02, 0xf9, 0x33, 0x28,
  0xea, 0xd6, 0xa5, 0xf4, 0x02, 0xde, 0x26, 0xe9, 0xd9, 0x3b, 0xd8, 0x16,
  0x14, 0x00, 0xf3, 0xfa, 0x9b, 0x1d, 0x00, 0x3b, 0xea, 0x1c, 0xfd, 0xf7,
  0x10, 0x3b, 0x29, 0x15, 0xec, 0x45, 0xe6, 0x28, 0xe4, 0xed, 0xe3, 0x4c,
  0x02, 0xef, 0x0e, 0xc5, 0x47, 0xcd, 0x2b, 0x47, 0xf3, 0xe4, 0x42, 0x04,
  0x2e, 0x34, 0x34, 0x20, 0x00, 0x21, 0xd8, 0x3e, 0xe0, 0x1a, 0xe8, 0x2a,
  0x19, 0xdc, 0xaf, 0x37, 0x00, 0x48, 0xd1, 0x4d, 0xc4, 0xdc, 0xa4, 0xfc,
  0xf6, 0x57, 0xe9, 0xe2, 0xf0, 0x07, 0x25, 0xe5, 0xa1, 0x37, 0xc8, 0x3f,
  0x3d, 0x07, 0xf0, 0xba, 0x0d, 0x1c, 0x51, 0x3b, 0xd4, 0x1f, 0x11, 0x11,
  0x21, 0xfe, 0x20, 0xda, 0x33, 0x36, 0x58, 0xd8, 0x4a, 0xfd, 0xff, 0xff,
  0x04, 0x00, 0x00, 0x00, 0x80, 0x00, 0x00, 0x00, 0x62, 0x01, 0x00, 0x00,
  0x8b, 0x00, 0x00, 0x00, 0x90, 0xff, 0xff, 0xff, 0x35, 0xff, 0xff, 0xff,
  0x87, 0x00, 0x00, 0x00, 0x13, 0x01, 0x00, 0x00, 0x3e, 0x00, 0x00, 0x00,
  0x86, 0x00, 0x00, 0x00, 0x36, 0x00, 0x00, 0x00, 0x9b, 0x01, 0x00, 0x00,
  0x2e, 0x01, 0x00, 0x00, 0x60, 0x01, 0x00, 0x00, 0xba, 0x00, 0x00, 0x00,
  0x0b, 0x01, 0x00, 0x00, 0x4c, 0xfe, 0xff, 0xff, 0xe2, 0xfe, 0xff, 0xff,
  0x00, 0x00, 0x00, 0x00, 0x96, 0x00, 0x00, 0x00, 0x22, 0xfe, 0xff, 0xff,
  0x75, 0xfe, 0xff, 0xff, 0x91, 0x01, 0x00, 0x00, 0x35, 0x02, 0x00, 0x00,
  0xdd, 0x01, 0x00, 0x00, 0x00, 0x00, 0x00, 0x00, 0x00, 0x00, 0x00, 0x00,
  0x2b, 0xff, 0xff, 0xff, 0x3c, 0x01, 0x00, 0x00, 0x7d, 0x00, 0x00, 0x00,
  0x15, 0x00, 0x00, 0x00, 0xd7, 0x00, 0x00, 0x00, 0x7c, 0xfe, 0xff, 0xff,
  0xd7, 0x01, 0x00, 0x00, 0xd6, 0xfd, 0xff, 0xff, 0x04, 0x00, 0x00, 0x00,
  0x40, 0x01, 0x00, 0x00, 0xcc, 0x94, 0xb7, 0x03, 0x82, 0x1f, 0xee, 0x09,
  0xc6, 0x90, 0x81, 0xc0, 0x47, 0x3a, 0x00, 0xd8, 0xad, 0x32, 0xdc, 0x52,
  0xbb, 0x58, 0x29, 0xf6, 0x21, 0xe4, 0x55, 0x0a, 0x6a, 0xed, 0xa5, 0x1f,
  0xcd, 0x0b, 0x42, 0xd8, 0xa5, 0x2a, 0x20, 0xf6, 0xc7, 0x30, 0x77, 0x8a,
  0x19, 0x56, 0x07, 0xf7, 0xcd, 0x2c, 0x5e, 0xcf, 0x1d, 0x86, 0xf0, 0x14,
  0x42, 0xcc, 0x7f, 0xd4, 0x1c, 0x4c, 0x55, 0x9f, 0x95, 0x50, 0xb5, 0xbf,
  0xcf, 0xa2, 0x7f, 0x8f, 0xa0, 0x29, 0xfb, 0x45, 0xd3, 0x40, 0x63, 0xf9,
  0xd2, 0xac, 0x58, 0xf2, 0x41, 0x4b, 0x21, 0x1e, 0x4e, 0x14, 0x47, 0xff,
  0xe1, 0x41, 0xc6, 0xfc, 0xea, 0x7f, 0x2f, 0x46, 0x51, 0x62, 0x2c, 0x26,
  0x2f, 0x11, 0x46, 0xe1, 0x1f, 0xaf, 0xcd, 0xe3, 0x20, 0x1e, 0x14, 0x1e,
  0x41, 0x50, 0x71, 0x3a, 0x33, 0x93, 0xc7, 0x3c, 0xbd, 0x84, 0xba, 0x51,
  0x46, 0x11, 0xfa, 0x32, 0x1f, 0x9d, 0x30, 0xe8, 0x11, 0x82, 0x2e, 0xa7,
  0xb9, 0x5e, 0x17, 0x54, 0x0c, 0x81, 0x0d, 0xcc, 0xee, 0xcc, 0xbb, 0x0c,
  0x30, 0x35, 0xe3, 0x54, 0x18, 0x22, 0x2f, 0xde, 0x3a, 0x81, 0xf0, 0x16,
  0x44, 0xfa, 0x13, 0x3c, 0x65, 0x99, 0x6a, 0xcc, 0x14, 0xec, 0xd2, 0x3a,
  0x5d, 0x04, 0xe8, 0xe4, 0x1c, 0x63, 0x70, 0x42, 0x39, 0x8c, 0x00, 0xfc,
  0xa8, 0x07, 0x49, 0x33, 0xd1, 0xfa, 0x70, 0x5f, 0x06, 0xc0, 0x08, 0x2f,
  0x51, 0x2e, 0xff, 0x15, 0x19, 0x3e, 0x61, 0xab, 0x0a, 0x0c, 0xff, 0x43,
  0x96, 0x23, 0xce, 0x44, 0x5c, 0x6e, 0x81, 0x1f, 0xc4, 0xe6, 0xa3, 0x64,
  0x46, 0xbd, 0x06, 0xa8, 0xaf, 0xa8, 0x27, 0x51, 0xd6, 0x92, 0xa1, 0x49,
  0x87, 0x4a, 0x38, 0xd4, 0x35, 0x16, 0xae, 0x0a, 0x50, 0xb4, 0xa6, 0xc8,
  0x0e, 0x1d, 0xba, 0x5c, 0xd4, 0xe2, 0x4a, 0x81, 0x68, 0xc7, 0xd7, 0x47,
  0x28, 0xf8, 0x9d, 0xc6, 0xb2, 0xaf, 0x3a, 0x38, 0x89, 0x56, 0xc0, 0x6a,
  0xe9, 0x65, 0xc7, 0x42, 0xf6, 0x73, 0xe5, 0x02, 0x9b, 0x9d, 0x07, 0x81,
  0xcc, 0x7e, 0xfe, 0xe0, 0xae, 0x65, 0xc3, 0x53, 0x1a, 0x85, 0x81, 0x17,
  0x9b, 0xda, 0xe2, 0x2b, 0x37, 0x8f, 0xdc, 0xa5, 0x33, 0x10, 0xca, 0x59,
  0x31, 0x86, 0x01, 0x54, 0xa1, 0xc7, 0x68, 0x6a, 0x20, 0x3b, 0xcb, 0x6b,
  0x22, 0xff, 0xff, 0xff, 0x04, 0x00, 0x00, 0x00, 0x28, 0x00, 0x00, 0x00,
  0xfa, 0xff, 0xff, 0xff, 0xe5, 0xff, 0xff, 0xff, 0xbf, 0xff, 0xff, 0xff,
  0xc9, 0xff, 0xff, 0xff, 0x0e, 0x00, 0x00, 0x00, 0xf8, 0xff, 0xff, 0xff,
  0xd7, 0xff, 0xff, 0xff, 0x44, 0x00, 0x00, 0x00, 0x44, 0x00, 0x00, 0x00,
  0x36, 0x00, 0x00, 0x00, 0x56, 0xff, 0xff, 0xff, 0x04, 0x00, 0x00, 0x00,
  0x08, 0x00, 0x00, 0x00, 0x01, 0x00, 0x00, 0x00, 0x90, 0x01, 0x00, 0x00,
  0x18, 0xee, 0xff, 0xff, 0x1c, 0xee, 0xff, 0xff, 0x0f, 0x00, 0x00, 0x00,
  0x4d, 0x4c, 0x49, 0x52, 0x20, 0x43, 0x6f, 0x6e, 0x76, 0x65, 0x72, 0x74,
  0x65, 0x64, 0x2e, 0x00, 0x01, 0x00, 0x00, 0x00, 0x14, 0x00, 0x00, 0x00,
  0x00, 0x00, 0x0e, 0x00, 0x18, 0x00, 0x14, 0x00, 0x10, 0x00, 0x0c, 0x00,
  0x08, 0x00, 0x04, 0x00, 0x0e, 0x00, 0x00, 0x00, 0x14, 0x00, 0x00, 0x00,
  0x1c, 0x00, 0x00, 0x00, 0x64, 0x02, 0x00, 0x00, 0x68, 0x02, 0x00, 0x00,
  0x6c, 0x02, 0x00, 0x00, 0x04, 0x00, 0x00, 0x00, 0x6d, 0x61, 0x69, 0x6e,
  0x00, 0x00, 0x00, 0x00, 0x08, 0x00, 0x00, 0x00, 0xfc, 0x01, 0x00, 0x00,
  0x98, 0x01, 0x00, 0x00, 0x44, 0x01, 0x00, 0x00, 0x00, 0x01, 0x00, 0x00,
  0xc8, 0x00, 0x00, 0x00, 0x78, 0x00, 0x00, 0x00, 0x40, 0x00, 0x00, 0x00,
  0x04, 0x00, 0x00, 0x00, 0x92, 0xfe, 0xff, 0xff, 0x1c, 0x00, 0x00, 0x00,
  0x00, 0x00, 0x00, 0x09, 0x1c, 0x00, 0x00, 0x00, 0x20, 0x00, 0x00, 0x00,
  0x04, 0x00, 0x00, 0x00, 0x00, 0x00, 0x06, 0x00, 0x08, 0x00, 0x04, 0x00,
  0x06, 0x00, 0x00, 0x00, 0x00, 0x00, 0x80, 0x3f, 0x01, 0x00, 0x00, 0x00,
  0x11, 0x00, 0x00, 0x00, 0x01, 0x00, 0x00, 0x00, 0x10, 0x00, 0x00, 0x00,
  0x5a, 0xff, 0xff, 0xff, 0x14, 0x00, 0x00, 0x00, 0x00, 0x00, 0x00, 0x08,
  0x10, 0x00, 0x00, 0x00, 0x14, 0x00, 0x00, 0x00, 0x03, 0x00, 0x00, 0x00,
  0xe4, 0xee, 0xff, 0xff, 0x01, 0x00, 0x00, 0x00, 0x10, 0x00, 0x00, 0x00,
  0x03, 0x00, 0x00, 0x00, 0x0f, 0x00, 0x00, 0x00, 0x03, 0x00, 0x00, 0x00,
  0x02, 0x00, 0x00, 0x00, 0xfe, 0xfe, 0xff, 0xff, 0x1c, 0x00, 0x00, 0x00,
  0x00, 0x00, 0x00, 0x08, 0x1c, 0x00, 0x00, 0x00, 0x20, 0x00, 0x00, 0x00,
  0x03, 0x00, 0x00, 0x00, 0x00, 0x00, 0x06, 0x00, 0x08, 0x00, 0x07, 0x00,
  0x06, 0x00, 0x00, 0x00, 0x00, 0x00, 0x00, 0x01, 0x01, 0x00, 0x00, 0x00,
  0x0f, 0x00, 0x00, 0x00, 0x03, 0x00, 0x00, 0x00, 0x0e, 0x00, 0x00, 0x00,
  0x05, 0x00, 0x00, 0x00, 0x04, 0x00, 0x00, 0x00, 0x00, 0x00, 0x0a, 0x00,
  0x10, 0x00, 0x0c, 0x00, 0x08, 0x00, 0x04, 0x00, 0x0a, 0x00, 0x00, 0x00,
  0x0c, 0x00, 0x00, 0x00, 0x10, 0x00, 0x00, 0x00, 0x02, 0x00, 0x00, 0x00,
  0x01, 0x00, 0x00, 0x00, 0x0e, 0x00, 0x00, 0x00, 0x02, 0x00, 0x00, 0x00,
  0x0d, 0x00, 0x00, 0x00, 0x01, 0x00, 0x00, 0x00, 0x00, 0x00, 0x0e, 0x00,
  0x18, 0x00, 0x14, 0x00, 0x10, 0x00, 0x0c, 0x00, 0x0b, 0x00, 0x04, 0x00,
  0x0e, 0x00, 0x00, 0x00, 0x14, 0x00, 0x00, 0x00, 0x00, 0x00, 0x00, 0x05,
  0x24, 0x00, 0x00, 0x00, 0x28, 0x00, 0x00, 0x00, 0x01, 0x00, 0x00, 0x00,
  0x6e, 0xff, 0xff, 0xff, 0x02, 0x00, 0x00, 0x00, 0x02, 0x00, 0x00, 0x00,
  0x02, 0x00, 0x00, 0x00, 0x02, 0x00, 0x00, 0x00, 0x00, 0x00, 0x00, 0x01,
  0x01, 0x00, 0x00, 0x00, 0x0d, 0x00, 0x00, 0x00, 0x01, 0x00, 0x00, 0x00,
  0x0c, 0x00, 0x00, 0x00, 0x5e, 0xff, 0xff, 0xff, 0x10, 0x00, 0x00, 0x00,
  0x00, 0x00, 0x00, 0x01, 0x1c, 0x00, 0x00, 0x00, 0x20, 0x00, 0x00, 0x00,
  0x50, 0xff, 0xff, 0xff, 0x00, 0x00, 0x00, 0x01, 0x01, 0x00, 0x00, 0x00,
  0x01, 0x00, 0x00, 0x00, 0x00, 0x00, 0x00, 0x01, 0x01, 0x00, 0x00, 0x00,
  0x0c, 0x00, 0x00, 0x00, 0x03, 0x00, 0x00, 0x00, 0x0b, 0x00, 0x00, 0x00,
  0x07, 0x00, 0x00, 0x00, 0x06, 0x00, 0x00, 0x00, 0x00, 0x00, 0x0e, 0x00,
  0x1a, 0x00, 0x14, 0x00, 0x10, 0x00, 0x0c, 0x00, 0x0b, 0x00, 0x04, 0x00,
  0x0e, 0x00, 0x00, 0x00, 0x24, 0x00, 0x00, 0x00, 0x00, 0x00, 0x00, 0x05,
  0x34, 0x00, 0x00, 0x00, 0x38, 0x00, 0x00, 0x00, 0x01, 0x00, 0x00, 0x00,
  0x00, 0x00, 0x0e, 0x00, 0x18, 0x00, 0x17, 0x00, 0x10, 0x00, 0x0c, 0x00,
  0x08, 0x00, 0x04, 0x00, 0x0e, 0x00, 0x00, 0x00, 0x02, 0x00, 0x00, 0x00,
  0x02, 0x00, 0x00, 0x00, 0x02, 0x00, 0x00, 0x00, 0x02, 0x00, 0x00, 0x00,
  0x00, 0x00, 0x00, 0x01, 0x01, 0x00, 0x00, 0x00, 0x0b, 0x00, 0x00, 0x00,
  0x01, 0x00, 0x00, 0x00, 0x0a, 0x00, 0x00, 0x00, 0x00, 0x00, 0x0e, 0x00,
  0x14, 0x00, 0x00, 0x00, 0x10, 0x00, 0x0c, 0x00, 0x0b, 0x00, 0x04, 0x00,
  0x0e, 0x00, 0x00, 0x00, 0x1c, 0x00, 0x00, 0x00, 0x00, 0x00, 0x00, 0x01,
  0x28, 0x00, 0x00, 0x00, 0x2c, 0x00, 0x00, 0x00, 0x0c, 0x00, 0x14, 0x00,
  0x13, 0x00, 0x0c, 0x00, 0x08, 0x00, 0x07, 0x00, 0x0c, 0x00, 0x00, 0x00,
  0x00, 0x00, 0x00, 0x01, 0x01, 0x00, 0x00, 0x00, 0x01, 0x00, 0x00, 0x00,
  0x00, 0x00, 0x00, 0x01, 0x01, 0x00, 0x00, 0x00, 0x0a, 0x00, 0x00, 0x00,
  0x03, 0x00, 0x00, 0x00, 0x00, 0x00, 0x00, 0x00, 0x09, 0x00, 0x00, 0x00,
  0x08, 0x00, 0x00, 0x00, 0x01, 0x00, 0x00, 0x00, 0x11, 0x00, 0x00, 0x00,
  0x01, 0x00, 0x00, 0x00, 0x00, 0x00, 0x00, 0x00, 0x12, 0x00, 0x00, 0x00,
  0x6c, 0x0f, 0x00, 0x00, 0x10, 0x0f, 0x00, 0x00, 0x38, 0x0e, 0x00, 0x00,
  0x5c, 0x0d, 0x00, 0x00, 0x60, 0x0b, 0x00, 0x00, 0x7c, 0x09, 0x00, 0x00,
  0xf8, 0x07, 0x00, 0x00, 0xc4, 0x06, 0x00, 0x00, 0xa8, 0x05, 0x00, 0x00,
  0xd4, 0x04, 0x00, 0x00, 0x00, 0x04, 0x00, 0x00, 0x7c, 0x03, 0x00, 0x00,
  0xa0, 0x02, 0x00, 0x00, 0x1c, 0x02, 0x00, 0x00, 0xa8, 0x01, 0x00, 0x00,
  0x04, 0x01, 0x00, 0x00, 0x70, 0x00, 0x00, 0x00, 0x04, 0x00, 0x00, 0x00,
  0xf2, 0xf0, 0xff, 0xff, 0x00, 0x00, 0x00, 0x01, 0x14, 0x00, 0x00, 0x00,
  0x30, 0x00, 0x00, 0x00, 0x12, 0x00, 0x00, 0x00, 0x00, 0x00, 0x00, 0x09,
  0x44, 0x00, 0x00, 0x00, 0xdc, 0xf0, 0xff, 0xff, 0x08, 0x00, 0x00, 0x00,
  0x10, 0x00, 0x00, 0x00, 0x01, 0x00, 0x00, 0x00, 0x80, 0xff, 0xff, 0xff,
  0xff, 0xff, 0xff, 0xff, 0x01, 0x00, 0x00, 0x00, 0x00, 0x00, 0x80, 0x3b,
  0x1b, 0x00, 0x00, 0x00, 0x53, 0x74, 0x61, 0x74, 0x65, 0x66, 0x75, 0x6c,
  0x50, 0x61, 0x72, 0x74, 0x69, 0x74, 0x69, 0x6f, 0x6e, 0x65, 0x64, 0x43,
  0x61, 0x6c, 0x6c, 0x5f, 0x31, 0x3a, 0x30, 0x00, 0x02, 0x00, 0x00, 0x00,
  0x01, 0x00, 0x00, 0x00, 0x0a, 0x00, 0x00, 0x00, 0x5a, 0xf1, 0xff, 0xff,
  0x00, 0x00, 0x00, 0x01, 0x14, 0x00, 0x00, 0x00, 0x34, 0x00, 0x00, 0x00,
  0x11, 0x00, 0x00, 0x00, 0x00, 0x00, 0x00, 0x09, 0x6c, 0x00, 0x00, 0x00,
  0x44, 0xf1, 0xff, 0xff, 0x08, 0x00, 0x00, 0x00, 0x14, 0x00, 0x00, 0x00,
  0x01, 0x00, 0x00, 0x00, 0x06, 0x00, 0x00, 0x00, 0x00, 0x00, 0x00, 0x00,
  0x00, 0x00, 0x00, 0x00, 0x01, 0x00, 0x00, 0x00, 0x02, 0x0e, 0x27, 0x3e,
  0x3c, 0x00, 0x00, 0x00, 0x73, 0x65, 0x71, 0x75, 0x65, 0x6e, 0x74, 0x69,
  0x61, 0x6c, 0x5f, 0x31, 0x2f, 0x64, 0x65, 0x6e, 0x73, 0x65, 0x5f, 0x31,
  0x5f, 0x32, 0x2f, 0x4d, 0x61, 0x74, 0x4d, 0x75, 0x6c, 0x3b, 0x73, 0x65,
  0x71, 0x75, 0x65, 0x6e, 0x74, 0x69, 0x61, 0x6c, 0x5f, 0x31, 0x2f, 0x64,
  0x65, 0x6e, 0x73, 0x65, 0x5f, 0x31, 0x5f, 0x32, 0x2f, 0x42, 0x69, 0x61,
  0x73, 0x41, 0x64, 0x64, 0x00, 0x00, 0x00, 0x00, 0x02, 0x00, 0x00, 0x00,
  0x01, 0x00, 0x00, 0x00, 0x0a, 0x00, 0x00, 0x00, 0xea, 0xf1, 0xff, 0xff,
  0x00, 0x00, 0x00, 0x01, 0x14, 0x00, 0x00, 0x00, 0x30, 0x00, 0x00, 0x00,
  0x10, 0x00, 0x00, 0x00, 0x00, 0x00, 0x00, 0x09, 0x7c, 0x00, 0x00, 0x00,
  0xd4, 0xf1, 0xff, 0xff, 0x08, 0x00, 0x00, 0x00, 0x10, 0x00, 0x00, 0x00,
  0x01, 0x00, 0x00, 0x00, 0x80, 0xff, 0xff, 0xff, 0xff, 0xff, 0xff, 0xff,
  0x01, 0x00, 0x00, 0x00, 0x38, 0x21, 0xc5, 0x3d, 0x52, 0x00, 0x00, 0x00,
  0x73, 0x65, 0x71, 0x75, 0x65, 0x6e, 0x74, 0x69, 0x61, 0x6c, 0x5f, 0x31,
  0x2f, 0x64, 0x65, 0x6e, 0x73, 0x65, 0x5f, 0x31, 0x2f, 0x4d, 0x61, 0x74,
  0x4d, 0x75, 0x6c, 0x3b, 0x73, 0x65, 0x71, 0x75, 0x65, 0x6e, 0x74, 0x69,
  0x61, 0x6c, 0x5f, 0x31, 0x2f, 0x64, 0x65, 0x6e, 0x73, 0x65, 0x5f, 0x31,
  0x2f, 0x52, 0x65, 0x6c, 0x75, 0x3b, 0x73, 0x65, 0x71, 0x75, 0x65, 0x6e,
  0x74, 0x69, 0x61, 0x6c, 0x5f, 0x31, 0x2f, 0x64, 0x65, 0x6e, 0x73, 0x65,
  0x5f, 0x31, 0x2f, 0x42, 0x69, 0x61, 0x73, 0x41, 0x64, 0x64, 0x00, 0x00,
  0x02, 0x00, 0x00, 0x00, 0x01, 0x00, 0x00, 0x00, 0x20, 0x00, 0x00, 0x00,
  0x8a, 0xf2, 0xff, 0xff, 0x00, 0x00, 0x00, 0x01, 0x14, 0x00, 0x00, 0x00,
  0x34, 0x00, 0x00, 0x00, 0x0f, 0x00, 0x00, 0x00, 0x00, 0x00, 0x00, 0x09,
  0x4c, 0x00, 0x00, 0x00, 0x74, 0xf2, 0xff, 0xff, 0x08, 0x00, 0x00, 0x00,
  0x14, 0x00, 0x00, 0x00, 0x01, 0x00, 0x00, 0x00, 0x80, 0xff, 0xff, 0xff,
  0xff, 0xff, 0xff, 0xff, 0x00, 0x00, 0x00, 0x00, 0x01, 0x00, 0x00, 0x00,
  0xfa, 0xc9, 0xd5, 0x3c, 0x1e, 0x00, 0x00, 0x00, 0x73, 0x65, 0x71, 0x75,
  0x65, 0x6e, 0x74, 0x69, 0x61, 0x6c, 0x5f, 0x31, 0x2f, 0x72, 0x65, 0x73,
  0x68, 0x61, 0x70, 0x65, 0x5f, 0x31, 0x2f, 0x52, 0x65, 0x73, 0x68, 0x61,
  0x70, 0x65, 0x00, 0x00, 0x02, 0x00, 0x00, 0x00, 0x01, 0x00, 0x00, 0x00,
  0x90, 0x01, 0x00, 0x00, 0xfa, 0xf2, 0xff, 0xff, 0x00, 0x00, 0x00, 0x01,
  0x14, 0x00, 0x00, 0x00, 0x30, 0x00, 0x00, 0x00, 0x0e, 0x00, 0x00, 0x00,
  0x00, 0x00, 0x00, 0x09, 0x54, 0x00, 0x00, 0x00, 0xe4, 0xf2, 0xff, 0xff,
  0x08, 0x00, 0x00, 0x00, 0x10, 0x00, 0x00, 0x00, 0x01, 0x00, 0x00, 0x00,
  0x80, 0xff, 0xff, 0xff, 0xff, 0xff, 0xff, 0xff, 0x01, 0x00, 0x00, 0x00,
  0xfa, 0xc9, 0xd5, 0x3c, 0x28, 0x00, 0x00, 0x00, 0x73, 0x65, 0x71, 0x75,
  0x65, 0x6e, 0x74, 0x69, 0x61, 0x6c, 0x5f, 0x31, 0x2f, 0x6d, 0x61, 0x78,
  0x5f, 0x70, 0x6f, 0x6f, 0x6c, 0x69, 0x6e, 0x67, 0x32, 0x64, 0x5f, 0x31,
  0x5f, 0x32, 0x2f, 0x4d, 0x61, 0x78, 0x50, 0x6f, 0x6f, 0x6c, 0x32, 0x64,
  0x00, 0x00, 0x00, 0x00, 0x04, 0x00, 0x00, 0x00, 0x01, 0x00, 0x00, 0x00,
  0x05, 0x00, 0x00, 0x00, 0x05, 0x00, 0x00, 0x00, 0x10, 0x00, 0x00, 0x00,
  0x7a, 0xf3, 0xff, 0xff, 0x00, 0x00, 0x00, 0x01, 0x14, 0x00, 0x00, 0x00,
  0x30, 0x00, 0x00, 0x00, 0x0d, 0x00, 0x00, 0x00, 0x00, 0x00, 0x00, 0x09,
  0xac, 0x00, 0x00, 0x00, 0x64, 0xf3, 0xff, 0xff, 0x08, 0x00, 0x00, 0x00,
  0x10, 0x00, 0x00, 0x00, 0x01, 0x00, 0x00, 0x00, 0x80, 0xff, 0xff, 0xff,
  0xff, 0xff, 0xff, 0xff, 0x01, 0x00, 0x00, 0x00, 0xfa, 0xc9, 0xd5, 0x3c,
  0x81, 0x00, 0x00, 0x00, 0x73, 0x65, 0x71, 0x75, 0x65, 0x6e, 0x74, 0x69,
  0x61, 0x6c, 0x5f, 0x31, 0x2f, 0x63, 0x6f, 0x6e, 0x76, 0x32, 0x64, 0x5f,
  0x31, 0x5f, 0x32, 0x2f, 0x52, 0x65, 0x6c, 0x75, 0x3b, 0x73, 0x65, 0x71,
  0x75, 0x65, 0x6e, 0x74, 0x69, 0x61, 0x6c, 0x5f, 0x31, 0x2f, 0x63, 0x6f,
  0x6e, 0x76, 0x32, 0x64, 0x5f, 0x31, 0x5f, 0x32, 0x2f, 0x42, 0x69, 0x61,
  0x73, 0x41, 0x64, 0x64, 0x3b, 0x73, 0x65, 0x71, 0x75, 0x65, 0x6e, 0x74,
  0x69, 0x61, 0x6c, 0x5f, 0x31, 0x2f, 0x63, 0x6f, 0x6e, 0x76, 0x32, 0x64,
  0x5f, 0x31, 0x5f, 0x32, 0x2f, 0x63, 0x6f, 0x6e, 0x76, 0x6f, 0x6c, 0x75,
  0x74, 0x69, 0x6f, 0x6e, 0x3b, 0x73, 0x65, 0x71, 0x75, 0x65, 0x6e, 0x74,
  0x69, 0x61, 0x6c, 0x5f, 0x31, 0x2f, 0x63, 0x6f, 0x6e, 0x76, 0x32, 0x64,
  0x5f, 0x31, 0x5f, 0x32, 0x2f, 0x53, 0x71, 0x75, 0x65, 0x65, 0x7a, 0x65,
  0x31, 0x00, 0x00, 0x00, 0x04, 0x00, 0x00, 0x00, 0x01, 0x00, 0x00, 0x00,
  0x0b, 0x00, 0x00, 0x00, 0x0b, 0x00, 0x00, 0x00, 0x10, 0x00, 0x00, 0x00,
  0x52, 0xf4, 0xff, 0xff, 0x00, 0x00, 0x00, 0x01, 0x14, 0x00, 0x00, 0x00,
  0x34, 0x00, 0x00, 0x00, 0x0c, 0x00, 0x00, 0x00, 0x00, 0x00, 0x00, 0x09,
  0x54, 0x00, 0x00, 0x00, 0x3c, 0xf4, 0xff, 0xff, 0x08, 0x00, 0x00, 0x00,
  0x14, 0x00, 0x00, 0x00, 0x01, 0x00, 0x00, 0x00, 0x80, 0xff, 0xff, 0xff,
  0xff, 0xff, 0xff, 0xff, 0x00, 0x00, 0x00, 0x00, 0x01, 0x00, 0x00, 0x00,
  0x4d, 0xe3, 0xce, 0x3b, 0x26, 0x00, 0x00, 0x00, 0x73, 0x65, 0x71, 0x75,
  0x65, 0x6e, 0x74, 0x69, 0x61, 0x6c, 0x5f, 0x31, 0x2f, 0x6d, 0x61, 0x78,
  0x5f, 0x70, 0x6f, 0x6f, 0x6c, 0x69, 0x6e, 0x67, 0x32, 0x64, 0x5f, 0x31,
  0x2f, 0x4d, 0x61, 0x78, 0x50, 0x6f, 0x6f, 0x6c, 0x32, 0x64, 0x00, 0x00,
  0x04, 0x00, 0x00, 0x00, 0x01, 0x00, 0x00, 0x00, 0x0d, 0x00, 0x00, 0x00,
  0x0d, 0x00, 0x00, 0x00, 0x08, 0x00, 0x00, 0x00, 0xd2, 0xf4, 0xff, 0xff,
  0x00, 0x00, 0x00, 0x01, 0x14, 0x00, 0x00, 0x00, 0x30, 0x00, 0x00, 0x00,
  0x0b, 0x00, 0x00, 0x00, 0x00, 0x00, 0x00, 0x09, 0xa4, 0x00, 0x00, 0x00,
  0xbc, 0xf4, 0xff, 0xff, 0x08, 0x00, 0x00, 0x00, 0x10, 0x00, 0x00, 0x00,
  0x01, 0x00, 0x00, 0x00, 0x80, 0xff, 0xff, 0xff, 0xff, 0xff, 0xff, 0xff,
  0x01, 0x00, 0x00, 0x00, 0x4d, 0xe3, 0xce, 0x3b, 0x79, 0x00, 0x00, 0x00,
  0x73, 0x65, 0x71, 0x75, 0x65, 0x6e, 0x74, 0x69, 0x61, 0x6c, 0x5f, 0x31,
  0x2f, 0x63, 0x6f, 0x6e, 0x76, 0x32, 0x64, 0x5f, 0x31, 0x2f, 0x52, 0x65,
  0x6c, 0x75, 0x3b, 0x73, 0x65, 0x71, 0x75, 0x65, 0x6e, 0x74, 0x69, 0x61,
  0x6c, 0x5f, 0x31, 0x2f, 0x63, 0x6f, 0x6e, 0x76, 0x32, 0x64, 0x5f, 0x31,
  0x2f, 0x42, 0x69, 0x61, 0x73, 0x41, 0x64, 0x64, 0x3b, 0x73, 0x65, 0x71,
  0x75, 0x65, 0x6e, 0x74, 0x69, 0x61, 0x6c, 0x5f, 0x31, 0x2f, 0x63, 0x6f,
  0x6e, 0x76, 0x32, 0x64, 0x5f, 0x31, 0x2f, 0x63, 0x6f, 0x6e, 0x76, 0x6f,
  0x6c, 0x75, 0x74, 0x69, 0x6f, 0x6e, 0x3b, 0x73, 0x65, 0x71, 0x75, 0x65,
  0x6e, 0x74, 0x69, 0x61, 0x6c, 0x5f, 0x31, 0x2f, 0x63, 0x6f, 0x6e, 0x76,
  0x32, 0x64, 0x5f, 0x31, 0x2f, 0x53, 0x71, 0x75, 0x65, 0x65, 0x7a, 0x65,
  0x31, 0x00, 0x00, 0x00, 0x04, 0x00, 0x00, 0x00, 0x01, 0x00, 0x00, 0x00,
  0x1a, 0x00, 0x00, 0x00, 0x1a, 0x00, 0x00, 0x00, 0x08, 0x00, 0x00, 0x00,
  0xa2, 0xf5, 0xff, 0xff, 0x00, 0x00, 0x00, 0x01, 0x14, 0x00, 0x00, 0x00,
  0x88, 0x00, 0x00, 0x00, 0x0a, 0x00, 0x00, 0x00, 0x00, 0x00, 0x00, 0x09,
  0xa4, 0x00, 0x00, 0x00, 0x8c, 0xf5, 0xff, 0xff, 0x08, 0x00, 0x00, 0x00,
  0x4c, 0x00, 0x00, 0x00, 0x08, 0x00, 0x00, 0x00, 0x00, 0x00, 0x00, 0x00,
  0x00, 0x00, 0x00, 0x00, 0x00, 0x00, 0x00, 0x00, 0x00, 0x00, 0x00, 0x00,
  0x00, 0x00, 0x00, 0x00, 0x00, 0x00, 0x00, 0x00, 0x00, 0x00, 0x00, 0x00,
  0x00, 0x00, 0x00, 0x00, 0x00, 0x00, 0x00, 0x00, 0x00, 0x00, 0x00, 0x00,
  0x00, 0x00, 0x00, 0x00, 0x00, 0x00, 0x00, 0x00, 0x00, 0x00, 0x00, 0x00,
  0x00, 0x00, 0x00, 0x00, 0x00, 0x00, 0x00, 0x00, 0x00, 0x00, 0x00, 0x00,
  0x00, 0x00, 0x00, 0x00, 0x08, 0x00, 0x00, 0x00, 0x33, 0x0f, 0x30, 0x3b,
  0x29, 0xbd, 0x4b, 0x3b, 0x2f, 0x02, 0x47, 0x3b, 0xcc, 0x8e, 0x11, 0x3b,
  0xde, 0x0d, 0x4c, 0x3b, 0xb3, 0xd5, 0x1f, 0x3b, 0x82, 0x53, 0x5c, 0x3b,
  0xaf, 0xb9, 0x32, 0x3b, 0x21, 0x00, 0x00, 0x00, 0x73, 0x65, 0x71, 0x75,
  0x65, 0x6e, 0x74, 0x69, 0x61, 0x6c, 0x5f, 0x31, 0x2f, 0x63, 0x6f, 0x6e,
  0x76, 0x32, 0x64, 0x5f, 0x31, 0x2f, 0x63, 0x6f, 0x6e, 0x76, 0x6f, 0x6c,
  0x75, 0x74, 0x69, 0x6f, 0x6e, 0x00, 0x00, 0x00, 0x04, 0x00, 0x00, 0x00,
  0x08, 0x00, 0x00, 0x00, 0x03, 0x00, 0x00, 0x00, 0x03, 0x00, 0x00, 0x00,
  0x01, 0x00, 0x00, 0x00, 0x72, 0xf6, 0xff, 0xff, 0x00, 0x00, 0x00, 0x01,
  0x14, 0x00, 0x00, 0x00, 0x84, 0x00, 0x00, 0x00, 0x09, 0x00, 0x00, 0x00,
  0x00, 0x00, 0x00, 0x02, 0xf8, 0x00, 0x00, 0x00, 0x5c, 0xf6, 0xff, 0xff,
  0x08, 0x00, 0x00, 0x00, 0x48, 0x00, 0x00, 0x00, 0x08, 0x00, 0x00, 0x00,
  0x00, 0x00, 0x00, 0x00, 0x00, 0x00, 0x00, 0x00, 0x00, 0x00, 0x00, 0x00,
  0x00, 0x00, 0x00, 0x00, 0x00, 0x00, 0x00, 0x00, 0x00, 0x00, 0x00, 0x00,
  0x00, 0x00, 0x00, 0x00, 0x00, 0x00, 0x00, 0x00, 0x00, 0x00, 0x00, 0x00,
  0x00, 0x00, 0x00, 0x00, 0x00, 0x00, 0x00, 0x00, 0x00, 0x00, 0x00, 0x00,
  0x00, 0x00, 0x00, 0x00, 0x00, 0x00, 0x00, 0x00, 0x00, 0x00, 0x00, 0x00,
  0x00, 0x00, 0x00, 0x00, 0x08, 0x00, 0x00, 0x00, 0xf4, 0xbf, 0x30, 0x37,
  0xb3, 0x89, 0x4c, 0x37, 0xfa, 0xc9, 0x47, 0x37, 0xed, 0x20, 0x12, 0x37,
  0xba, 0xda, 0x4c, 0x37, 0x2a, 0x76, 0x20, 0x37, 0xb4, 0x30, 0x5d, 0x37,
  0x1d, 0x6d, 0x33, 0x37, 0x78, 0x00, 0x00, 0x00, 0x73, 0x65, 0x71, 0x75,
  0x65, 0x6e, 0x74, 0x69, 0x61, 0x6c, 0x5f, 0x31, 0x2f, 0x63, 0x6f, 0x6e,
  0x76, 0x32, 0x64, 0x5f, 0x31, 0x2f, 0x52, 0x65, 0x6c, 0x75, 0x3b, 0x73,
  0x65, 0x71, 0x75, 0x65, 0x6e, 0x74, 0x69, 0x61, 0x6c, 0x5f, 0x31, 0x2f,
  0x63, 0x6f, 0x6e, 0x76, 0x32, 0x64, 0x5f, 0x31, 0x2f, 0x42, 0x69, 0x61,
  0x73, 0x41, 0x64, 0x64, 0x3b, 0x73, 0x65, 0x71, 0x75, 0x65, 0x6e, 0x74,
  0x69, 0x61, 0x6c, 0x5f, 0x31, 0x2f, 0x63, 0x6f, 0x6e, 0x76, 0x32, 0x64,
  0x5f, 0x31, 0x2f, 0x63, 0x6f, 0x6e, 0x76, 0x6f, 0x6c, 0x75, 0x74, 0x69,
  0x6f, 0x6e, 0x3b, 0x73, 0x65, 0x71, 0x75, 0x65, 0x6e, 0x74, 0x69, 0x61,
  0x6c, 0x5f, 0x31, 0x2f, 0x63, 0x6f, 0x6e, 0x76, 0x32, 0x64, 0x5f, 0x31,
  0x2f, 0x53, 0x71, 0x75, 0x65, 0x65, 0x7a, 0x65, 0x00, 0x00, 0x00, 0x00,
  0x01, 0x00, 0x00, 0x00, 0x08, 0x00, 0x00, 0x00, 0x8a, 0xf7, 0xff, 0xff,
  0x00, 0x00, 0x00, 0x01, 0x14, 0x00, 0x00, 0x00, 0xe8, 0x00, 0x00, 0x00,
  0x08, 0x00, 0x00, 0x00, 0x00, 0x00, 0x00, 0x09, 0x04, 0x01, 0x00, 0x00,
  0x74, 0xf7, 0xff, 0xff, 0x08, 0x00, 0x00, 0x00, 0x8c, 0x00, 0x00, 0x00,
  0x10, 0x00, 0x00, 0x00, 0x00, 0x00, 0x00, 0x00, 0x00, 0x00, 0x00, 0x00,
  0x00, 0x00, 0x00, 0x00, 0x00, 0x00, 0x00, 0x00, 0x00, 0x00, 0x00, 0x00,
  0x00, 0x00, 0x00, 0x00, 0x00, 0x00, 0x00, 0x00, 0x00, 0x00, 0x00, 0x00,
  0x00, 0x00, 0x00, 0x00, 0x00, 0x00, 0x00, 0x00, 0x00, 0x00, 0x00, 0x00,
  0x00, 0x00, 0x00, 0x00, 0x00, 0x00, 0x00, 0x00, 0x00, 0x00, 0x00, 0x00,
  0x00, 0x00, 0x00, 0x00, 0x00, 0x00, 0x00, 0x00, 0x00, 0x00, 0x00, 0x00,
  0x00, 0x00, 0x00, 0x00, 0x00, 0x00, 0x00, 0x00, 0x00, 0x00, 0x00, 0x00,
  0x00, 0x00, 0x00, 0x00, 0x00, 0x00, 0x00, 0x00, 0x00, 0x00, 0x00, 0x00,
  0x00, 0x00, 0x00, 0x00, 0x00, 0x00, 0x00, 0x00, 0x00, 0x00, 0x00, 0x00,
  0x00, 0x00, 0x00, 0x00, 0x00, 0x00, 0x00, 0x00, 0x00, 0x00, 0x00, 0x00,
  0x00, 0x00, 0x00, 0x00, 0x00, 0x00, 0x00, 0x00, 0x00, 0x00, 0x00, 0x00,
  0x00, 0x00, 0x00, 0x00, 0x10, 0x00, 0x00, 0x00, 0x54, 0x5b, 0x28, 0x3b,
  0x0b, 0x13, 0x11, 0x3b, 0x08, 0x2b, 0x17, 0x3b, 0xe1, 0xae, 0x44, 0x3b,
  0xbc, 0xc3, 0x10, 0x3b, 0x7c, 0x20, 0x17, 0x3b, 0xef, 0x3b, 0x1b, 0x3b,
  0xac, 0x6d, 0xc8, 0x3a, 0x5e, 0x19, 0x5e, 0x3b, 0x35, 0xe9, 0x3f, 0x3b,
  0x2b, 0x9e, 0xee, 0x3a, 0xb5, 0x45, 0x43, 0x3b, 0xeb, 0x94, 0x28, 0x3b,
  0x62, 0x21, 0x1c, 0x3b, 0x8c, 0x34, 0x0a, 0x3b, 0xd5, 0xf6, 0x15, 0x3b,
  0x23, 0x00, 0x00, 0x00, 0x73, 0x65, 0x71, 0x75, 0x65, 0x6e, 0x74, 0x69,
  0x61, 0x6c, 0x5f, 0x31, 0x2f, 0x63, 0x6f, 0x6e, 0x76, 0x32, 0x64, 0x5f,
  0x31, 0x5f, 0x32, 0x2f, 0x63, 0x6f, 0x6e, 0x76, 0x6f, 0x6c, 0x75, 0x74,
  0x69, 0x6f, 0x6e, 0x00, 0x04, 0x00, 0x00, 0x00, 0x10, 0x00, 0x00, 0x00,
  0x03, 0x00, 0x00, 0x00, 0x03, 0x00, 0x00, 0x00, 0x08, 0x00, 0x00, 0x00,
  0xba, 0xf8, 0xff, 0xff, 0x00, 0x00, 0x00, 0x01, 0x14, 0x00, 0x00, 0x00,
  0xe4, 0x00, 0x00, 0x00, 0x07, 0x00, 0x00, 0x00, 0x00, 0x00, 0x00, 0x02,
  0x60, 0x01, 0x00, 0x00, 0xa4, 0xf8, 0xff, 0xff, 0x08, 0x00, 0x00, 0x00,
  0x88, 0x00, 0x00, 0x00, 0x10, 0x00, 0x00, 0x00, 0x00, 0x00, 0x00, 0x00,
  0x00, 0x00, 0x00, 0x00, 0x00, 0x00, 0x00, 0x00, 0x00, 0x00, 0x00, 0x00,
  0x00, 0x00, 0x00, 0x00, 0x00, 0x00, 0x00, 0x00, 0x00, 0x00, 0x00, 0x00,
  0x00, 0x00, 0x00, 0x00, 0x00, 0x00, 0x00, 0x00, 0x00, 0x00, 0x00, 0x00,
  0x00, 0x00, 0x00, 0x00, 0x00, 0x00, 0x00, 0x00, 0x00, 0x00, 0x00, 0x00,
  0x00, 0x00, 0x00, 0x00, 0x00, 0x00, 0x00, 0x00, 0x00, 0x00, 0x00, 0x00,
  0x00, 0x00, 0x00, 0x00, 0x00, 0x00, 0x00, 0x00, 0x00, 0x00, 0x00, 0x00,
  0x00, 0x00, 0x00, 0x00, 0x00, 0x00, 0x00, 0x00, 0x00, 0x00, 0x00, 0x00,
  0x00, 0x00, 0x00, 0x00, 0x00, 0x00, 0x00, 0x00, 0x00, 0x00, 0x00, 0x00,
  0x00, 0x00, 0x00, 0x00, 0x00, 0x00, 0x00, 0x00, 0x00, 0x00, 0x00, 0x00,
  0x00, 0x00, 0x00, 0x00, 0x00, 0x00, 0x00, 0x00, 0x00, 0x00, 0x00, 0x00,
  0x00, 0x00, 0x00, 0x00, 0x10, 0x00, 0x00, 0x00, 0xf9, 0x0e, 0x88, 0x37,
  0x45, 0x7c, 0x6a, 0x37, 0xb2, 0x55, 0x74, 0x37, 0x5b, 0xf3, 0x9e, 0x37,
  0x15, 0xfc, 0x69, 0x37, 0xa6, 0x44, 0x74, 0x37, 0x1e, 0xe8, 0x7a, 0x37,
  0x36, 0xfa, 0x21, 0x37, 0x9d, 0x7d, 0xb3, 0x37, 0x0e, 0x18, 0x9b, 0x37,
  0x25, 0xd7, 0x40, 0x37, 0x79, 0xcf, 0x9d, 0x37, 0x84, 0x3d, 0x88, 0x37,
  0xfb, 0x5a, 0x7c, 0x37, 0xfe, 0x61, 0x5f, 0x37, 0x8d, 0x63, 0x72, 0x37,
  0x80, 0x00, 0x00, 0x00, 0x73, 0x65, 0x71, 0x75, 0x65, 0x6e, 0x74, 0x69,
  0x61, 0x6c, 0x5f, 0x31, 0x2f, 0x63, 0x6f, 0x6e, 0x76, 0x32, 0x64, 0x5f,
  0x31, 0x5f, 0x32, 0x2f, 0x52, 0x65, 0x6c, 0x75, 0x3b, 0x73, 0x65, 0x71,
  0x75, 0x65, 0x6e, 0x74, 0x69, 0x61, 0x6c, 0x5f, 0x31, 0x2f, 0x63, 0x6f,
  0x6e, 0x76, 0x32, 0x64, 0x5f, 0x31, 0x5f, 0x32, 0x2f, 0x42, 0x69, 0x61,
  0x73, 0x41, 0x64, 0x64, 0x3b, 0x73, 0x65, 0x71, 0x75, 0x65, 0x6e, 0x74,
  0x69, 0x61, 0x6c, 0x5f, 0x31, 0x2f, 0x63, 0x6f, 0x6e, 0x76, 0x32, 0x64,
  0x5f, 0x31, 0x5f, 0x32, 0x2f, 0x63, 0x6f, 0x6e, 0x76, 0x6f, 0x6c, 0x75,
  0x74, 0x69, 0x6f, 0x6e, 0x3b, 0x73, 0x65, 0x71, 0x75, 0x65, 0x6e, 0x74,
  0x69, 0x61, 0x6c, 0x5f, 0x31, 0x2f, 0x63, 0x6f, 0x6e, 0x76, 0x32, 0x64,
  0x5f, 0x31, 0x5f, 0x32, 0x2f, 0x53, 0x71, 0x75, 0x65, 0x65, 0x7a, 0x65,
  0x00, 0x00, 0x00, 0x00, 0x01, 0x00, 0x00, 0x00, 0x10, 0x00, 0x00, 0x00,
  0x3a, 0xfa, 0xff, 0xff, 0x00, 0x00, 0x00, 0x01, 0x14, 0x00, 0x00, 0x00,
  0xa8, 0x01, 0x00, 0x00, 0x06, 0x00, 0x00, 0x00, 0x00, 0x00, 0x00, 0x09,
  0xbc, 0x01, 0x00, 0x00, 0x24, 0xfa, 0xff, 0xff, 0x08, 0x00, 0x00, 0x00,
  0x0c, 0x01, 0x00, 0x00, 0x20, 0x00, 0x00, 0x00, 0x00, 0x00, 0x00, 0x00,
  0x00, 0x00, 0x00, 0x00, 0x00, 0x00, 0x00, 0x00, 0x00, 0x00, 0x00, 0x00,
  0x00, 0x00, 0x00, 0x00, 0x00, 0x00, 0x00, 0x00, 0x00, 0x00, 0x00, 0x00,
  0x00, 0x00, 0x00, 0x00, 0x00, 0x00, 0x00, 0x00, 0x00, 0x00, 0x00, 0x00,
  0x00, 0x00, 0x00, 0x00, 0x00, 0x00, 0x00, 0x00, 0x00, 0x00, 0x00, 0x00,
  0x00, 0x00, 0x00, 0x00, 0x00, 0x00, 0x00, 0x00, 0x00, 0x00, 0x00, 0x00,
  0x00, 0x00, 0x00, 0x00, 0x00, 0x00, 0x00, 0x00, 0x00, 0x00, 0x00, 0x00,
  0x00, 0x00, 0x00, 0x00, 0x00, 0x00, 0x00, 0x00, 0x00, 0x00, 0x00, 0x00,
  0x00, 0x00, 0x00, 0x00, 0x00, 0x00, 0x00, 0x00, 0x00, 0x00, 0x00, 0x00,
  0x00, 0x00, 0x00, 0x00, 0x00, 0x00, 0x00, 0x00, 0x00, 0x00, 0x00, 0x00,
  0x00, 0x00, 0x00, 0x00, 0x00, 0x00, 0x00, 0x00, 0x00, 0x00, 0x00, 0x00,
  0x00, 0x00, 0x00, 0x00, 0x00, 0x00, 0x00, 0x00, 0x00, 0x00, 0x00, 0x00,
  0x00, 0x00, 0x00, 0x00, 0x00, 0x00, 0x00, 0x00, 0x00, 0x00, 0x00, 0x00,
  0x00, 0x00, 0x00, 0x00, 0x00, 0x00, 0x00, 0x00, 0x00, 0x00, 0x00, 0x00,
  0x00, 0x00, 0x00, 0x00, 0x00, 0x00, 0x00, 0x00, 0x00, 0x00, 0x00, 0x00,
  0x00, 0x00, 0x00, 0x00, 0x00, 0x00, 0x00, 0x00, 0x00, 0x00, 0x00, 0x00,
  0x00, 0x00, 0x00, 0x00, 0x00, 0x00, 0x00, 0x00, 0x00, 0x00, 0x00, 0x00,
  0x00, 0x00, 0x00, 0x00, 0x00, 0x00, 0x00, 0x00, 0x00, 0x00, 0x00, 0x00,
  0x00, 0x00, 0x00, 0x00, 0x00, 0x00, 0x00, 0x00, 0x00, 0x00, 0x00, 0x00,
  0x00, 0x00, 0x00, 0x00, 0x00, 0x00, 0x00, 0x00, 0x00, 0x00, 0x00, 0x00,
  0x00, 0x00, 0x00, 0x00, 0x00, 0x00, 0x00, 0x00, 0x00, 0x00, 0x00, 0x00,
  0x00, 0x00, 0x00, 0x00, 0x00, 0x00, 0x00, 0x00, 0x00, 0x00, 0x00, 0x00,
  0x00, 0x00, 0x00, 0x00, 0x20, 0x00, 0x00, 0x00, 0x08, 0xe9, 0x12, 0x3b,
  0x76, 0x0d, 0x02, 0x3b, 0x16, 0xae, 0x0c, 0x3b, 0x4c, 0xa0, 0x7c, 0x3a,
  0x09, 0xf5, 0xea, 0x3a, 0x94, 0x62, 0xe0, 0x3a, 0xbf, 0xd8, 0x11, 0x3b,
  0xad, 0xde, 0x22, 0x3b, 0x8e, 0x2f, 0x15, 0x3b, 0x39, 0x8d, 0x12, 0x3b,
  0x29, 0x63, 0xf7, 0x3a, 0x32, 0x75, 0x09, 0x3b, 0x7c, 0x95, 0xec, 0x3a,
  0x78, 0x6e, 0x05, 0x3b, 0x1c, 0x2e, 0x82, 0x3a, 0x18, 0x5b, 0x7e, 0x3a,
  0x76, 0x13, 0x73, 0x3a, 0x76, 0xa3, 0x18, 0x3b, 0xca, 0xdc, 0x85, 0x3a,
  0x69, 0xfa, 0x86, 0x3a, 0x3e, 0xaa, 0x1d, 0x3b, 0xae, 0xe4, 0x0c, 0x3b,
  0x25, 0xe0, 0x1e, 0x3b, 0x65, 0xe4, 0x72, 0x3a, 0xc9, 0xe1, 0x70, 0x3a,
  0xad, 0x4c, 0xe3, 0x3a, 0x29, 0x9d, 0x07, 0x3b, 0xfb, 0xf8, 0x0c, 0x3b,
  0x9d, 0xf4, 0x1d, 0x3b, 0xfe, 0x0f, 0x06, 0x3b, 0xe9, 0x8e, 0x82, 0x3a,
  0xb4, 0x48, 0x02, 0x3b, 0x1b, 0x00, 0x00, 0x00, 0x73, 0x65, 0x71, 0x75,
  0x65, 0x6e, 0x74, 0x69, 0x61, 0x6c, 0x5f, 0x31, 0x2f, 0x64, 0x65, 0x6e,
  0x73, 0x65, 0x5f, 0x31, 0x2f, 0x4d, 0x61, 0x74, 0x4d, 0x75, 0x6c, 0x00,
  0x02, 0x00, 0x00, 0x00, 0x20, 0x00, 0x00, 0x00, 0x90, 0x01, 0x00, 0x00,
  0x1a, 0xfc, 0xff, 0xff, 0x00, 0x00, 0x00, 0x01, 0x14, 0x00, 0x00, 0x00,
  0xa8, 0x01, 0x00, 0x00, 0x05, 0x00, 0x00, 0x00, 0x00, 0x00, 0x00, 0x02,
  0xd8, 0x01, 0x00, 0x00, 0x04, 0xfc, 0xff, 0xff, 0x08, 0x00, 0x00, 0x00,
  0x0c, 0x01, 0x00, 0x00, 0x20, 0x00, 0x00, 0x00, 0x00, 0x00, 0x00, 0x00,
  0x00, 0x00, 0x00, 0x00, 0x00, 0x00, 0x00, 0x00, 0x00, 0x00, 0x00, 0x00,
  0x00, 0x00, 0x00, 0x00, 0x00, 0x00, 0x00, 0x00, 0x00, 0x00, 0x00, 0x00,
  0x00, 0x00, 0x00, 0x00, 0x00, 0x00, 0x00, 0x00, 0x00, 0x00, 0x00, 0x00,
  0x00, 0x00, 0x00, 0x00, 0x00, 0x00, 0x00, 0x00, 0x00, 0x00, 0x00, 0x00,
  0x00, 0x00, 0x00, 0x00, 0x00, 0x00, 0x00, 0x00, 0x00, 0x00, 0x00, 0x00,
  0x00, 0x00, 0x00, 0x00, 0x00, 0x00, 0x00, 0x00, 0x00, 0x00, 0x00, 0x00,
  0x00, 0x00, 0x00, 0x00, 0x00, 0x00, 0x00, 0x00, 0x00, 0x00, 0x00, 0x00,
  0x00, 0x00, 0x00, 0x00, 0x00, 0x00, 0x00, 0x00, 0x00, 0x00, 0x00, 0x00,
  0x00, 0x00, 0x00, 0x00, 0x00, 0x00, 0x00, 0x00, 0x00, 0x00, 0x00, 0x00,
  0x00, 0x00, 0x00, 0x00, 0x00, 0x00, 0x00, 0x00, 0x00, 0x00, 0x00, 0x00,
  0x00, 0x00, 0x00, 0x00, 0x00, 0x00, 0x00, 0x00, 0x00, 0x00, 0x00, 0x00,
  0x00, 0x00, 0x00, 0x00, 0x00, 0x00, 0x00, 0x00, 0x00, 0x00, 0x00, 0x00,
  0x00, 0x00, 0x00, 0x00, 0x00, 0x00, 0x00, 0x00, 0x00, 0x00, 0x00, 0x00,
  0x00, 0x00, 0x00, 0x00, 0x00, 0x00, 0x00, 0x00, 0x00, 0x00, 0x00, 0x00,
  0x00, 0x00, 0x00, 0x00, 0x00, 0x00, 0x00, 0x00, 0x00, 0x00, 0x00, 0x00,
  0x00, 0x00, 0x00, 0x00, 0x00, 0x00, 0x00, 0x00, 0x00, 0x00, 0x00, 0x00,
  0x00, 0x00, 0x00, 0x00, 0x00, 0x00, 0x00, 0x00, 0x00, 0x00, 0x00, 0x00,
  0x00, 0x00, 0x00, 0x00, 0x00, 0x00, 0x00, 0x00, 0x00, 0x00, 0x00, 0x00,
  0x00, 0x00, 0x00, 0x00, 0x00, 0x00, 0x00, 0x00, 0x00, 0x00, 0x00, 0x00,
  0x00, 0x00, 0x00, 0x00, 0x00, 0x00, 0x00, 0x00, 0x00, 0x00, 0x00, 0x00,
  0x00, 0x00, 0x00, 0x00, 0x00, 0x00, 0x00, 0x00, 0x00, 0x00, 0x00, 0x00,
  0x00, 0x00, 0x00, 0x00, 0x20, 0x00, 0x00, 0x00, 0x98, 0x5f, 0x75, 0x38,
  0x9e, 0x37, 0x59, 0x38, 0xad, 0xf7, 0x6a, 0x38, 0xb0, 0xf8, 0xd2, 0x37,
  0x40, 0x37, 0x44, 0x38, 0x0e, 0x63, 0x3b, 0x38, 0xd1, 0x98, 0x73, 0x38,
  0xc6, 0x03, 0x88, 0x38, 0x8a, 0x2c, 0x79, 0x38, 0x41, 0xc6, 0x74, 0x38,
  0xb0, 0x98, 0x4e, 0x38, 0xec, 0x95, 0x65, 0x38, 0x09, 0x93, 0x45, 0x38,
  0x60, 0xdc, 0x5e, 0x38, 0x25, 0x6e, 0xd9, 0x37, 0x79, 0x6a, 0xd4, 0x37,
  0xf9, 0xfe, 0xca, 0x37, 0xdd, 0xf0, 0x7e, 0x38, 0xa2, 0x94, 0xdf, 0x37,
  0xb0, 0x71, 0xe1, 0x37, 0x0a, 0xab, 0x83, 0x38, 0xdc, 0x52, 0x6b, 0x38,
  0xd8, 0xad, 0x84, 0x38, 0xab, 0xd7, 0xca, 0x37, 0xe9, 0x29, 0xc9, 0x37,
  0x21, 0xd2, 0x3d, 0x38, 0x84, 0x81, 0x62, 0x38, 0xc4, 0x74, 0x6b, 0x38,
  0x26, 0xe9, 0x83, 0x38, 0x28, 0xea, 0x5f, 0x38, 0xd3, 0x0f, 0xda, 0x37,
  0x90, 0x9a, 0x59, 0x38, 0x36, 0x00, 0x00, 0x00, 0x73, 0x65, 0x71, 0x75,
  0x65, 0x6e, 0x74, 0x69, 0x61, 0x6c, 0x5f, 0x31, 0x2f, 0x64, 0x65, 0x6e,
  0x73, 0x65, 0x5f, 0x31, 0x2f, 0x52, 0x65, 0x6c, 0x75, 0x3b, 0x73, 0x65,
  0x71, 0x75, 0x65, 0x6e, 0x74, 0x69, 0x61, 0x6c, 0x5f, 0x31, 0x2f, 0x64,
  0x65, 0x6e, 0x73, 0x65, 0x5f, 0x31, 0x2f, 0x42, 0x69, 0x61, 0x73, 0x41,
  0x64, 0x64, 0x00, 0x00, 0x01, 0x00, 0x00, 0x00, 0x20, 0x00, 0x00, 0x00,
  0x12, 0xfe, 0xff, 0xff, 0x00, 0x00, 0x00, 0x01, 0x14, 0x00, 0x00, 0x00,
  0x9c, 0x00, 0x00, 0x00, 0x04, 0x00, 0x00, 0x00, 0x00, 0x00, 0x00, 0x09,
  0xb4, 0x00, 0x00, 0x00, 0xfc, 0xfd, 0xff, 0xff, 0x08, 0x00, 0x00, 0x00,
  0x58, 0x00, 0x00, 0x00, 0x0a, 0x00, 0x00, 0x00, 0x00, 0x00, 0x00, 0x00,
  0x00, 0x00, 0x00, 0x00, 0x00, 0x00, 0x00, 0x00, 0x00, 0x00, 0x00, 0x00,
  0x00, 0x00, 0x00, 0x00, 0x00, 0x00, 0x00, 0x00, 0x00, 0x00, 0x00, 0x00,
  0x00, 0x00, 0x00, 0x00, 0x00, 0x00, 0x00, 0x00, 0x00, 0x00, 0x00, 0x00,
  0x00, 0x00, 0x00, 0x00, 0x00, 0x00, 0x00, 0x00, 0x00, 0x00, 0x00, 0x00,
  0x00, 0x00, 0x00, 0x00, 0x00, 0x00, 0x00, 0x00, 0x00, 0x00, 0x00, 0x00,
  0x00, 0x00, 0x00, 0x00, 0x00, 0x00, 0x00, 0x00, 0x00, 0x00, 0x00, 0x00,
  0x00, 0x00, 0x00, 0x00, 0x0a, 0x00, 0x00, 0x00, 0xb5, 0x99, 0x84, 0x3b,
  0x0b, 0x39, 0x5c, 0x3b, 0xd7, 0x43, 0x72, 0x3b, 0xf3, 0x26, 0x65, 0x3b,
  0xc3, 0x5b, 0x7c, 0x3b, 0x2e, 0xdf, 0x80, 0x3b, 0x31, 0xf4, 0x64, 0x3b,
  0xb6, 0x6f, 0x6b, 0x3b, 0xf1, 0x64, 0x52, 0x3b, 0x78, 0x7a, 0x7a, 0x3b,
  0x1d, 0x00, 0x00, 0x00, 0x73, 0x65, 0x71, 0x75, 0x65, 0x6e, 0x74, 0x69,
  0x61, 0x6c, 0x5f, 0x31, 0x2f, 0x64, 0x65, 0x6e, 0x73, 0x65, 0x5f, 0x31,
  0x5f, 0x32, 0x2f, 0x4d, 0x61, 0x74, 0x4d, 0x75, 0x6c, 0x00, 0x00, 0x00,
  0x02, 0x00, 0x00, 0x00, 0x0a, 0x00, 0x00, 0x00, 0x20, 0x00, 0x00, 0x00,
  0xea, 0xfe, 0xff, 0xff, 0x00, 0x00, 0x00, 0x01, 0x14, 0x00, 0x00, 0x00,
  0x9c, 0x00, 0x00, 0x00, 0x03, 0x00, 0x00, 0x00, 0x00, 0x00, 0x00, 0x02,
  0xb4, 0x00, 0x00, 0x00, 0xd4, 0xfe, 0xff, 0xff, 0x08, 0x00, 0x00, 0x00,
  0x58, 0x00, 0x00, 0x00, 0x0a, 0x00, 0x00, 0x00, 0x00, 0x00, 0x00, 0x00,
  0x00, 0x00, 0x00, 0x00, 0x00, 0x00, 0x00, 0x00, 0x00, 0x00, 0x00, 0x00,
  0x00, 0x00, 0x00, 0x00, 0x00, 0x00, 0x00, 0x00, 0x00, 0x00, 0x00, 0x00,
  0x00, 0x00, 0x00, 0x00, 0x00, 0x00, 0x00, 0x00, 0x00, 0x00, 0x00, 0x00,
  0x00, 0x00, 0x00, 0x00, 0x00, 0x00, 0x00, 0x00, 0x00, 0x00, 0x00, 0x00,
  0x00, 0x00, 0x00, 0x00, 0x00, 0x00, 0x00, 0x00, 0x00, 0x00, 0x00, 0x00,
  0x00, 0x00, 0x00, 0x00, 0x00, 0x00, 0x00, 0x00, 0x00, 0x00, 0x00, 0x00,
  0x00, 0x00, 0x00, 0x00, 0x0a, 0x00, 0x00, 0x00, 0xfa, 0x36, 0xcc, 0x39,
  0x79, 0x94, 0xa9, 0x39, 0xa4, 0x8d, 0xba, 0x39, 0xb5, 0x74, 0xb0, 0x39,
  0x5c, 0x53, 0xc2, 0x39, 0xef, 0x78, 0xc6, 0x39, 0x9f, 0x4d, 0xb0, 0x39,
  0x84, 0x4b, 0xb5, 0x39, 0xfa, 0x02, 0xa2, 0x39, 0xbf, 0xe0, 0xc0, 0x39,
  0x1e, 0x00, 0x00, 0x00, 0x73, 0x65, 0x71, 0x75, 0x65, 0x6e, 0x74, 0x69,
  0x61, 0x6c, 0x5f, 0x31, 0x2f, 0x64, 0x65, 0x6e, 0x73, 0x65, 0x5f, 0x31,
  0x5f, 0x32, 0x2f, 0x42, 0x69, 0x61, 0x73, 0x41, 0x64, 0x64, 0x00, 0x00,
  0x01, 0x00, 0x00, 0x00, 0x0a, 0x00, 0x00, 0x00, 0xbe, 0xff, 0xff, 0xff,
  0x00, 0x00, 0x00, 0x01, 0x18, 0x00, 0x00, 0x00, 0x18, 0x00, 0x00, 0x00,
  0x02, 0x00, 0x00, 0x00, 0x00, 0x00, 0x00, 0x02, 0x20, 0x00, 0x00, 0x00,
  0x04, 0x00, 0x04, 0x00, 0x04, 0x00, 0x00, 0x00, 0x0e, 0x00, 0x00, 0x00,
  0x61, 0x72, 0x69, 0x74, 0x68, 0x2e, 0x63, 0x6f, 0x6e, 0x73, 0x74, 0x61,
  0x6e, 0x74, 0x00, 0x00, 0x01, 0x00, 0x00, 0x00, 0x02, 0x00, 0x00, 0x00,
  0x00, 0x00, 0x16, 0x00, 0x1c, 0x00, 0x18, 0x00, 0x17, 0x00, 0x10, 0x00,
  0x0c, 0x00, 0x08, 0x00, 0x00, 0x00, 0x00, 0x00, 0x00, 0x00, 0x07, 0x00,
  0x16, 0x00, 0x00, 0x00, 0x00, 0x00, 0x00, 0x01, 0x20, 0x00, 0x00, 0x00,
  0x40, 0x00, 0x00, 0x00, 0x01, 0x00, 0x00, 0x00, 0x00, 0x00, 0x00, 0x09,
  0x58, 0x00, 0x00, 0x00, 0x0c, 0x00, 0x0c, 0x00, 0x00, 0x00, 0x00, 0x00,
  0x08, 0x00, 0x04, 0x00, 0x0c, 0x00, 0x00, 0x00, 0x08, 0x00, 0x00, 0x00,
  0x14, 0x00, 0x00, 0x00, 0x01, 0x00, 0x00, 0x00, 0x80, 0xff, 0xff, 0xff,
  0xff, 0xff, 0xff, 0xff, 0x00, 0x00, 0x00, 0x00, 0x01, 0x00, 0x00, 0x00,
  0x81, 0x80, 0x80, 0x3b, 0x1e, 0x00, 0x00, 0x00, 0x73, 0x65, 0x72, 0x76,
  0x69, 0x6e, 0x67, 0x5f, 0x64, 0x65, 0x66, 0x61, 0x75, 0x6c, 0x74, 0x5f,
  0x6b, 0x65, 0x72, 0x61, 0x73, 0x5f, 0x74, 0x65, 0x6e, 0x73, 0x6f, 0x72,
  0x3a, 0x30, 0x00, 0x00, 0x04, 0x00, 0x00, 0x00, 0x01, 0x00, 0x00, 0x00,
  0x1c, 0x00, 0x00, 0x00, 0x1c, 0x00, 0x00, 0x00, 0x01, 0x00, 0x00, 0x00,
  0x05, 0x00, 0x00, 0x00, 0x68, 0x00, 0x00, 0x00, 0x48, 0x00, 0x00, 0x00,
  0x38, 0x00, 0x00, 0x00, 0x18, 0x00, 0x00, 0x00, 0x04, 0x00, 0x00, 0x00,
  0xb8, 0xff, 0xff, 0xff, 0x19, 0x00, 0x00, 0x00, 0x02, 0x00, 0x00, 0x00,
  0x00, 0x00, 0x00, 0x19, 0xc8, 0xff, 0xff, 0xff, 0x09, 0x00, 0x00, 0x00,
  0x04, 0x00, 0x00, 0x00, 0x00, 0x00, 0x00, 0x09, 0x0c, 0x00, 0x0c, 0x00,
  0x0b, 0x00, 0x00, 0x00, 0x00, 0x00, 0x04, 0x00, 0x0c, 0x00, 0x00, 0x00,
  0x16, 0x00, 0x00, 0x00, 0x00, 0x00, 0x00, 0x16, 0xf0, 0xff, 0xff, 0xff,
  0x11, 0x00, 0x00, 0x00, 0x02, 0x00, 0x00, 0x00, 0x00, 0x00, 0x00, 0x11,
  0x0c, 0x00, 0x10, 0x00, 0x0f, 0x00, 0x00, 0x00, 0x08, 0x00, 0x04, 0x00,
  0x0c, 0x00, 0x00, 0x00, 0x03, 0x00, 0x00, 0x00, 0x03, 0x00, 0x00, 0x00,
  0x00, 0x00, 0x00, 0x03,
};
const int mnist_model_data_len = 20152;
